Gym has been unmaintained since 2022 and does not support NumPy 2.0 amongst other critical functionality.
Please upgrade to Gymnasium, the maintained drop-in replacement of Gym, or contact the authors of your software and request that they upgrade.
Users of this version of Gym should be able to simply replace 'import gym' with 'import gymnasium as gym' in the vast majority of cases.
See the migration guide at https://gymnasium.farama.org/introduction/migration_guide/ for additional information.
/home/sohams/BPref/train_PEBBLE.py:576: UserWarning: 
The version_base parameter is not specified.
Please specify a compatability version level, or None.
Will assume defaults for version 1.1
  @hydra.main(config_path='config', config_name='train_PEBBLE')
/home/sohams/anaconda3/envs/bpref-wofost/lib/python3.12/site-packages/hydra/_internal/defaults_list.py:251: UserWarning: In 'train_PEBBLE': Defaults list is missing `_self_`. See https://hydra.cc/docs/1.2/upgrades/1.0_to_1.1/default_composition_order for more information
  warnings.warn(msg, UserWarning)
/home/sohams/anaconda3/envs/bpref-wofost/lib/python3.12/site-packages/hydra/_internal/hydra.py:119: UserWarning: Future Hydra versions will no longer change working directory at job runtime by default.
See https://hydra.cc/docs/1.2/upgrades/1.1_to_1.2/changes_to_job_working_dir/ for more information.
  ret = run_job(
/home/sohams/anaconda3/envs/bpref-wofost/lib/python3.12/site-packages/pygame/pkgdata.py:25: UserWarning: pkg_resources is deprecated as an API. See https://setuptools.pypa.io/en/latest/pkg_resources.html. The pkg_resources package is slated for removal as early as 2025-11-30. Refrain from using this package or pin to Setuptools<81.
  from pkg_resources import resource_stream, resource_exists
workspace: /home/sohams/BPref/exp/wofost-lnpkw-v0/PEBBLE_maxfeed128_seg365_seed21
[WOFOSTEnv] Using config: /home/sohams/wofost/wofostgymhub/WOFOSTGym-master/logs/ppo/PPO/lnpkw-v0__rl_utils__1__1763133702/config.yaml
[WOFOSTEnv] Dropping unknown Agro_Args keys: ['site_end_date', 'site_name', 'site_start_date', 'site_variation']
[WOFOSTEnv] Dropping unsupported env kwargs: ['site_fpath']
[2026-03-24 12:23:43,447][pcse.nasapower.NASAPowerWeatherDataProvider][INFO] - Retrieving weather data from NASA Power for lat/lon: (50.000000, 5.000000).
[2026-03-24 12:23:43,521][pcse.agromanager.SoilCalendar][INFO] - Starting soil (oregon) with variation (oregon_1) on day 1985-02-01
[2026-03-24 12:23:43,523][pcse.agromanager.CropCalendar][INFO] - Starting crop (wheat) with variety (wheat_1) on day 1985-02-01
[2026-03-24 12:23:43,534][pcse.agromanager.SoilCalendar][INFO] - Starting soil (oregon) with variation (oregon_1) on day 1984-02-01
[2026-03-24 12:23:43,536][pcse.agromanager.CropCalendar][INFO] - Starting crop (wheat) with variety (wheat_1) on day 1984-02-01
/home/sohams/anaconda3/envs/bpref-wofost/lib/python3.12/site-packages/gymnasium/utils/passive_env_checker.py:135: UserWarning: [33mWARN: The obs returned by the `reset()` method was expecting numpy array dtype to be float32, actual type: float64[0m
  logger.warn(
/home/sohams/anaconda3/envs/bpref-wofost/lib/python3.12/site-packages/gymnasium/utils/passive_env_checker.py:159: UserWarning: [33mWARN: The obs returned by the `reset()` method is not within the observation space.[0m
  logger.warn(f"{pre} is not within the observation space.")
cfg.agent:
 agent:
  name: sac
  class: agent.sac.SACAgent
  params:
    obs_dim: 15
    action_dim: 1
    action_range:
    - -1.0
    - 1.0
    device: ${device}
    critic_cfg:
      class: agent.critic.DoubleQCritic
      params:
        obs_dim: ${agent.params.obs_dim}
        action_dim: ${agent.params.action_dim}
        hidden_dim: 1024
        hidden_depth: 2
    actor_cfg:
      class: agent.actor.DiagGaussianActor
      params:
        obs_dim: ${agent.params.obs_dim}
        action_dim: ${agent.params.action_dim}
        hidden_depth: 2
        hidden_dim: 1024
        log_std_bounds:
        - -5
        - 2
    discount: 0.99
    init_temperature: 0.1
    alpha_lr: 0.0001
    alpha_betas:
    - 0.9
    - 0.999
    actor_lr: 0.0001
    actor_betas:
    - 0.9
    - 0.999
    actor_update_frequency: 1
    critic_lr: 0.0001
    critic_betas:
    - 0.9
    - 0.999
    critic_tau: 0.005
    critic_target_update_frequency: 2
    batch_size: 1024
    learnable_temperature: true
    normalize_state_entropy: true
params:
  obs_dim: 15
  action_dim: 1
  action_range:
  - -1.0
  - 1.0

[INIT DBG] obs_dim=15 action_dim=1 max_episode_steps=365 segment=365 activation=linear
[EPISODE DBG] episode=0 step=0 pred_return=0.000000 true_return=0.000000 total_feedback=0 labeled_feedback=0
[2026-03-24 12:23:44,555][pcse.agromanager.SoilCalendar][INFO] - Starting soil (oregon) with variation (oregon_1) on day 1984-02-01
[2026-03-24 12:23:44,557][pcse.agromanager.CropCalendar][INFO] - Starting crop (wheat) with variety (wheat_1) on day 1984-02-01
/home/sohams/anaconda3/envs/bpref-wofost/lib/python3.12/site-packages/gymnasium/utils/passive_env_checker.py:135: UserWarning: [33mWARN: The obs returned by the `step()` method was expecting numpy array dtype to be float32, actual type: float64[0m
  logger.warn(
/home/sohams/anaconda3/envs/bpref-wofost/lib/python3.12/site-packages/gymnasium/utils/passive_env_checker.py:159: UserWarning: [33mWARN: The obs returned by the `step()` method is not within the observation space.[0m
  logger.warn(f"{pre} is not within the observation space.")
[STEP DBG] step=0 env_reward=0.000000 r_hat=-1847.748535 done=False
[NORM DBG] count=0 mean_abs_mean=0.000000 mean_std=1.000000 min_std=1.000000 max_std=1.000000
[2026-03-24 12:23:45,018][pcse.crop.phenology.Annual_Phenology][INFO] - Changed phenological stage 'emerging' to 'vegetative' on 1984-04-10
[2026-03-24 12:23:45,258][pcse.crop.phenology.Vernalisation][INFO] - Critical DVS for vernalization (VERNDVS) reached at day 1984-06-02, but vernalization requirements not yet fulfilled. Forcing vernalization now (VERN=47.688571).
[2026-03-24 12:23:45,264][pcse.crop.phenology.Vernalisation][INFO] - Critical DVS for vernalization (VERNDVS) reached at day 1984-06-03, but vernalization requirements not yet fulfilled. Forcing vernalization now (VERN=47.688571).
[2026-03-24 12:23:45,268][pcse.crop.phenology.Vernalisation][INFO] - Critical DVS for vernalization (VERNDVS) reached at day 1984-06-04, but vernalization requirements not yet fulfilled. Forcing vernalization now (VERN=47.688571).
[2026-03-24 12:23:45,275][pcse.crop.phenology.Vernalisation][INFO] - Critical DVS for vernalization (VERNDVS) reached at day 1984-06-05, but vernalization requirements not yet fulfilled. Forcing vernalization now (VERN=47.688571).
[2026-03-24 12:23:45,281][pcse.crop.phenology.Vernalisation][INFO] - Critical DVS for vernalization (VERNDVS) reached at day 1984-06-06, but vernalization requirements not yet fulfilled. Forcing vernalization now (VERN=47.688571).
[2026-03-24 12:23:45,286][pcse.crop.phenology.Vernalisation][INFO] - Critical DVS for vernalization (VERNDVS) reached at day 1984-06-07, but vernalization requirements not yet fulfilled. Forcing vernalization now (VERN=47.688571).
[2026-03-24 12:23:45,290][pcse.crop.phenology.Vernalisation][INFO] - Critical DVS for vernalization (VERNDVS) reached at day 1984-06-08, but vernalization requirements not yet fulfilled. Forcing vernalization now (VERN=47.688571).
[2026-03-24 12:23:45,297][pcse.crop.phenology.Vernalisation][INFO] - Critical DVS for vernalization (VERNDVS) reached at day 1984-06-09, but vernalization requirements not yet fulfilled. Forcing vernalization now (VERN=47.688571).
[2026-03-24 12:23:45,302][pcse.crop.phenology.Vernalisation][INFO] - Critical DVS for vernalization (VERNDVS) reached at day 1984-06-10, but vernalization requirements not yet fulfilled. Forcing vernalization now (VERN=47.688571).
[2026-03-24 12:23:45,305][pcse.crop.phenology.Vernalisation][INFO] - Critical DVS for vernalization (VERNDVS) reached at day 1984-06-11, but vernalization requirements not yet fulfilled. Forcing vernalization now (VERN=47.688571).
[2026-03-24 12:23:45,310][pcse.crop.phenology.Vernalisation][INFO] - Critical DVS for vernalization (VERNDVS) reached at day 1984-06-12, but vernalization requirements not yet fulfilled. Forcing vernalization now (VERN=47.688571).
[2026-03-24 12:23:45,314][pcse.crop.phenology.Vernalisation][INFO] - Critical DVS for vernalization (VERNDVS) reached at day 1984-06-13, but vernalization requirements not yet fulfilled. Forcing vernalization now (VERN=47.688571).
[2026-03-24 12:23:45,322][pcse.crop.phenology.Vernalisation][INFO] - Critical DVS for vernalization (VERNDVS) reached at day 1984-06-14, but vernalization requirements not yet fulfilled. Forcing vernalization now (VERN=47.688571).
[2026-03-24 12:23:45,326][pcse.crop.phenology.Vernalisation][INFO] - Critical DVS for vernalization (VERNDVS) reached at day 1984-06-15, but vernalization requirements not yet fulfilled. Forcing vernalization now (VERN=47.688571).
[2026-03-24 12:23:45,329][pcse.crop.phenology.Vernalisation][INFO] - Critical DVS for vernalization (VERNDVS) reached at day 1984-06-16, but vernalization requirements not yet fulfilled. Forcing vernalization now (VERN=47.688571).
[2026-03-24 12:23:45,334][pcse.crop.phenology.Vernalisation][INFO] - Critical DVS for vernalization (VERNDVS) reached at day 1984-06-17, but vernalization requirements not yet fulfilled. Forcing vernalization now (VERN=47.688571).
[2026-03-24 12:23:45,338][pcse.crop.phenology.Vernalisation][INFO] - Critical DVS for vernalization (VERNDVS) reached at day 1984-06-18, but vernalization requirements not yet fulfilled. Forcing vernalization now (VERN=47.688571).
[2026-03-24 12:23:45,345][pcse.crop.phenology.Vernalisation][INFO] - Critical DVS for vernalization (VERNDVS) reached at day 1984-06-19, but vernalization requirements not yet fulfilled. Forcing vernalization now (VERN=47.688571).
[2026-03-24 12:23:45,348][pcse.crop.phenology.Vernalisation][INFO] - Critical DVS for vernalization (VERNDVS) reached at day 1984-06-20, but vernalization requirements not yet fulfilled. Forcing vernalization now (VERN=47.688571).
[2026-03-24 12:23:45,352][pcse.crop.phenology.Vernalisation][INFO] - Critical DVS for vernalization (VERNDVS) reached at day 1984-06-21, but vernalization requirements not yet fulfilled. Forcing vernalization now (VERN=47.688571).
[2026-03-24 12:23:45,357][pcse.crop.phenology.Vernalisation][INFO] - Critical DVS for vernalization (VERNDVS) reached at day 1984-06-22, but vernalization requirements not yet fulfilled. Forcing vernalization now (VERN=47.688571).
[2026-03-24 12:23:45,362][pcse.crop.phenology.Vernalisation][INFO] - Critical DVS for vernalization (VERNDVS) reached at day 1984-06-23, but vernalization requirements not yet fulfilled. Forcing vernalization now (VERN=47.688571).
[2026-03-24 12:23:45,369][pcse.crop.phenology.Vernalisation][INFO] - Critical DVS for vernalization (VERNDVS) reached at day 1984-06-24, but vernalization requirements not yet fulfilled. Forcing vernalization now (VERN=47.688571).
[2026-03-24 12:23:45,373][pcse.crop.phenology.Vernalisation][INFO] - Critical DVS for vernalization (VERNDVS) reached at day 1984-06-25, but vernalization requirements not yet fulfilled. Forcing vernalization now (VERN=47.688571).
[2026-03-24 12:23:45,377][pcse.crop.phenology.Vernalisation][INFO] - Critical DVS for vernalization (VERNDVS) reached at day 1984-06-26, but vernalization requirements not yet fulfilled. Forcing vernalization now (VERN=47.688571).
[2026-03-24 12:23:45,382][pcse.crop.phenology.Vernalisation][INFO] - Critical DVS for vernalization (VERNDVS) reached at day 1984-06-27, but vernalization requirements not yet fulfilled. Forcing vernalization now (VERN=47.688571).
[2026-03-24 12:23:45,385][pcse.crop.phenology.Vernalisation][INFO] - Critical DVS for vernalization (VERNDVS) reached at day 1984-06-28, but vernalization requirements not yet fulfilled. Forcing vernalization now (VERN=47.688571).
[2026-03-24 12:23:45,392][pcse.crop.phenology.Vernalisation][INFO] - Critical DVS for vernalization (VERNDVS) reached at day 1984-06-29, but vernalization requirements not yet fulfilled. Forcing vernalization now (VERN=47.688571).
[2026-03-24 12:23:45,392][pcse.crop.phenology.Annual_Phenology][INFO] - Changed phenological stage 'vegetative' to 'reproductive' on 1984-06-29
[2026-03-24 12:23:45,748][pcse.crop.phenology.Annual_Phenology][INFO] - Changed phenological stage 'reproductive' to 'mature' on 1984-09-13
[2026-03-24 12:23:45,832][pcse.base.timer.Timer][INFO] - Reached end of simulation period as specified by END_DATE.
[EPISODE DBG] episode=1 step=241 pred_return=-3700.790920 true_return=607915.564948 total_feedback=0 labeled_feedback=0
[2026-03-24 12:23:45,839][pcse.agromanager.SoilCalendar][INFO] - Starting soil (oregon) with variation (oregon_1) on day 1984-02-01
[2026-03-24 12:23:45,841][pcse.agromanager.CropCalendar][INFO] - Starting crop (wheat) with variety (wheat_1) on day 1984-02-01
[2026-03-24 12:23:46,249][pcse.crop.phenology.Annual_Phenology][INFO] - Changed phenological stage 'emerging' to 'vegetative' on 1984-04-10
[2026-03-24 12:23:46,492][pcse.crop.phenology.Vernalisation][INFO] - Critical DVS for vernalization (VERNDVS) reached at day 1984-06-02, but vernalization requirements not yet fulfilled. Forcing vernalization now (VERN=47.688571).
[2026-03-24 12:23:46,496][pcse.crop.phenology.Vernalisation][INFO] - Critical DVS for vernalization (VERNDVS) reached at day 1984-06-03, but vernalization requirements not yet fulfilled. Forcing vernalization now (VERN=47.688571).
[2026-03-24 12:23:46,504][pcse.crop.phenology.Vernalisation][INFO] - Critical DVS for vernalization (VERNDVS) reached at day 1984-06-04, but vernalization requirements not yet fulfilled. Forcing vernalization now (VERN=47.688571).
[2026-03-24 12:23:46,510][pcse.crop.phenology.Vernalisation][INFO] - Critical DVS for vernalization (VERNDVS) reached at day 1984-06-05, but vernalization requirements not yet fulfilled. Forcing vernalization now (VERN=47.688571).
[2026-03-24 12:23:46,515][pcse.crop.phenology.Vernalisation][INFO] - Critical DVS for vernalization (VERNDVS) reached at day 1984-06-06, but vernalization requirements not yet fulfilled. Forcing vernalization now (VERN=47.688571).
[2026-03-24 12:23:46,518][pcse.crop.phenology.Vernalisation][INFO] - Critical DVS for vernalization (VERNDVS) reached at day 1984-06-07, but vernalization requirements not yet fulfilled. Forcing vernalization now (VERN=47.688571).
[2026-03-24 12:23:46,525][pcse.crop.phenology.Vernalisation][INFO] - Critical DVS for vernalization (VERNDVS) reached at day 1984-06-08, but vernalization requirements not yet fulfilled. Forcing vernalization now (VERN=47.688571).
[2026-03-24 12:23:46,529][pcse.crop.phenology.Vernalisation][INFO] - Critical DVS for vernalization (VERNDVS) reached at day 1984-06-09, but vernalization requirements not yet fulfilled. Forcing vernalization now (VERN=47.688571).
[2026-03-24 12:23:46,535][pcse.crop.phenology.Vernalisation][INFO] - Critical DVS for vernalization (VERNDVS) reached at day 1984-06-10, but vernalization requirements not yet fulfilled. Forcing vernalization now (VERN=47.688571).
[2026-03-24 12:23:46,540][pcse.crop.phenology.Vernalisation][INFO] - Critical DVS for vernalization (VERNDVS) reached at day 1984-06-11, but vernalization requirements not yet fulfilled. Forcing vernalization now (VERN=47.688571).
[2026-03-24 12:23:46,543][pcse.crop.phenology.Vernalisation][INFO] - Critical DVS for vernalization (VERNDVS) reached at day 1984-06-12, but vernalization requirements not yet fulfilled. Forcing vernalization now (VERN=47.688571).
[2026-03-24 12:23:46,551][pcse.crop.phenology.Vernalisation][INFO] - Critical DVS for vernalization (VERNDVS) reached at day 1984-06-13, but vernalization requirements not yet fulfilled. Forcing vernalization now (VERN=47.688571).
[2026-03-24 12:23:46,556][pcse.crop.phenology.Vernalisation][INFO] - Critical DVS for vernalization (VERNDVS) reached at day 1984-06-14, but vernalization requirements not yet fulfilled. Forcing vernalization now (VERN=47.688571).
[2026-03-24 12:23:46,561][pcse.crop.phenology.Vernalisation][INFO] - Critical DVS for vernalization (VERNDVS) reached at day 1984-06-15, but vernalization requirements not yet fulfilled. Forcing vernalization now (VERN=47.688571).
[2026-03-24 12:23:46,565][pcse.crop.phenology.Vernalisation][INFO] - Critical DVS for vernalization (VERNDVS) reached at day 1984-06-16, but vernalization requirements not yet fulfilled. Forcing vernalization now (VERN=47.688571).
[2026-03-24 12:23:46,571][pcse.crop.phenology.Vernalisation][INFO] - Critical DVS for vernalization (VERNDVS) reached at day 1984-06-17, but vernalization requirements not yet fulfilled. Forcing vernalization now (VERN=47.688571).
[2026-03-24 12:23:46,575][pcse.crop.phenology.Vernalisation][INFO] - Critical DVS for vernalization (VERNDVS) reached at day 1984-06-18, but vernalization requirements not yet fulfilled. Forcing vernalization now (VERN=47.688571).
[2026-03-24 12:23:46,581][pcse.crop.phenology.Vernalisation][INFO] - Critical DVS for vernalization (VERNDVS) reached at day 1984-06-19, but vernalization requirements not yet fulfilled. Forcing vernalization now (VERN=47.688571).
[2026-03-24 12:23:46,586][pcse.crop.phenology.Vernalisation][INFO] - Critical DVS for vernalization (VERNDVS) reached at day 1984-06-20, but vernalization requirements not yet fulfilled. Forcing vernalization now (VERN=47.688571).
[2026-03-24 12:23:46,589][pcse.crop.phenology.Vernalisation][INFO] - Critical DVS for vernalization (VERNDVS) reached at day 1984-06-21, but vernalization requirements not yet fulfilled. Forcing vernalization now (VERN=47.688571).
[2026-03-24 12:23:46,593][pcse.crop.phenology.Vernalisation][INFO] - Critical DVS for vernalization (VERNDVS) reached at day 1984-06-22, but vernalization requirements not yet fulfilled. Forcing vernalization now (VERN=47.688571).
[2026-03-24 12:23:46,601][pcse.crop.phenology.Vernalisation][INFO] - Critical DVS for vernalization (VERNDVS) reached at day 1984-06-23, but vernalization requirements not yet fulfilled. Forcing vernalization now (VERN=47.688571).
[2026-03-24 12:23:46,607][pcse.crop.phenology.Vernalisation][INFO] - Critical DVS for vernalization (VERNDVS) reached at day 1984-06-24, but vernalization requirements not yet fulfilled. Forcing vernalization now (VERN=47.688571).
[2026-03-24 12:23:46,612][pcse.crop.phenology.Vernalisation][INFO] - Critical DVS for vernalization (VERNDVS) reached at day 1984-06-25, but vernalization requirements not yet fulfilled. Forcing vernalization now (VERN=47.688571).
[2026-03-24 12:23:46,616][pcse.crop.phenology.Vernalisation][INFO] - Critical DVS for vernalization (VERNDVS) reached at day 1984-06-26, but vernalization requirements not yet fulfilled. Forcing vernalization now (VERN=47.688571).
[2026-03-24 12:23:46,624][pcse.crop.phenology.Vernalisation][INFO] - Critical DVS for vernalization (VERNDVS) reached at day 1984-06-27, but vernalization requirements not yet fulfilled. Forcing vernalization now (VERN=47.688571).
[2026-03-24 12:23:46,630][pcse.crop.phenology.Vernalisation][INFO] - Critical DVS for vernalization (VERNDVS) reached at day 1984-06-28, but vernalization requirements not yet fulfilled. Forcing vernalization now (VERN=47.688571).
[2026-03-24 12:23:46,636][pcse.crop.phenology.Vernalisation][INFO] - Critical DVS for vernalization (VERNDVS) reached at day 1984-06-29, but vernalization requirements not yet fulfilled. Forcing vernalization now (VERN=47.688571).
[2026-03-24 12:23:46,636][pcse.crop.phenology.Annual_Phenology][INFO] - Changed phenological stage 'vegetative' to 'reproductive' on 1984-06-29
[2026-03-24 12:23:46,996][pcse.crop.phenology.Annual_Phenology][INFO] - Changed phenological stage 'reproductive' to 'mature' on 1984-09-13
[2026-03-24 12:23:47,074][pcse.base.timer.Timer][INFO] - Reached end of simulation period as specified by END_DATE.
[EPISODE DBG] episode=2 step=482 pred_return=-0.221300 true_return=485575.309022 total_feedback=0 labeled_feedback=0
[2026-03-24 12:23:47,082][pcse.agromanager.SoilCalendar][INFO] - Starting soil (oregon) with variation (oregon_1) on day 1984-02-01
[2026-03-24 12:23:47,084][pcse.agromanager.CropCalendar][INFO] - Starting crop (wheat) with variety (wheat_1) on day 1984-02-01
[STEP DBG] step=500 env_reward=0.000000 r_hat=-0.016183 done=False
[NORM DBG] count=500 mean_abs_mean=62678.496094 mean_std=224.794601 min_std=0.001000 max_std=3161.642334
[2026-03-24 12:23:47,493][pcse.crop.phenology.Annual_Phenology][INFO] - Changed phenological stage 'emerging' to 'vegetative' on 1984-04-10
[2026-03-24 12:23:47,739][pcse.crop.phenology.Vernalisation][INFO] - Critical DVS for vernalization (VERNDVS) reached at day 1984-06-02, but vernalization requirements not yet fulfilled. Forcing vernalization now (VERN=47.688571).
[2026-03-24 12:23:47,744][pcse.crop.phenology.Vernalisation][INFO] - Critical DVS for vernalization (VERNDVS) reached at day 1984-06-03, but vernalization requirements not yet fulfilled. Forcing vernalization now (VERN=47.688571).
[2026-03-24 12:23:47,747][pcse.crop.phenology.Vernalisation][INFO] - Critical DVS for vernalization (VERNDVS) reached at day 1984-06-04, but vernalization requirements not yet fulfilled. Forcing vernalization now (VERN=47.688571).
[2026-03-24 12:23:47,751][pcse.crop.phenology.Vernalisation][INFO] - Critical DVS for vernalization (VERNDVS) reached at day 1984-06-05, but vernalization requirements not yet fulfilled. Forcing vernalization now (VERN=47.688571).
[2026-03-24 12:23:47,756][pcse.crop.phenology.Vernalisation][INFO] - Critical DVS for vernalization (VERNDVS) reached at day 1984-06-06, but vernalization requirements not yet fulfilled. Forcing vernalization now (VERN=47.688571).
[2026-03-24 12:23:47,761][pcse.crop.phenology.Vernalisation][INFO] - Critical DVS for vernalization (VERNDVS) reached at day 1984-06-07, but vernalization requirements not yet fulfilled. Forcing vernalization now (VERN=47.688571).
[2026-03-24 12:23:47,766][pcse.crop.phenology.Vernalisation][INFO] - Critical DVS for vernalization (VERNDVS) reached at day 1984-06-08, but vernalization requirements not yet fulfilled. Forcing vernalization now (VERN=47.688571).
[2026-03-24 12:23:47,769][pcse.crop.phenology.Vernalisation][INFO] - Critical DVS for vernalization (VERNDVS) reached at day 1984-06-09, but vernalization requirements not yet fulfilled. Forcing vernalization now (VERN=47.688571).
[2026-03-24 12:23:47,773][pcse.crop.phenology.Vernalisation][INFO] - Critical DVS for vernalization (VERNDVS) reached at day 1984-06-10, but vernalization requirements not yet fulfilled. Forcing vernalization now (VERN=47.688571).
[2026-03-24 12:23:47,778][pcse.crop.phenology.Vernalisation][INFO] - Critical DVS for vernalization (VERNDVS) reached at day 1984-06-11, but vernalization requirements not yet fulfilled. Forcing vernalization now (VERN=47.688571).
[2026-03-24 12:23:47,784][pcse.crop.phenology.Vernalisation][INFO] - Critical DVS for vernalization (VERNDVS) reached at day 1984-06-12, but vernalization requirements not yet fulfilled. Forcing vernalization now (VERN=47.688571).
[2026-03-24 12:23:47,789][pcse.crop.phenology.Vernalisation][INFO] - Critical DVS for vernalization (VERNDVS) reached at day 1984-06-13, but vernalization requirements not yet fulfilled. Forcing vernalization now (VERN=47.688571).
[2026-03-24 12:23:47,792][pcse.crop.phenology.Vernalisation][INFO] - Critical DVS for vernalization (VERNDVS) reached at day 1984-06-14, but vernalization requirements not yet fulfilled. Forcing vernalization now (VERN=47.688571).
[2026-03-24 12:23:47,799][pcse.crop.phenology.Vernalisation][INFO] - Critical DVS for vernalization (VERNDVS) reached at day 1984-06-15, but vernalization requirements not yet fulfilled. Forcing vernalization now (VERN=47.688571).
[2026-03-24 12:23:47,802][pcse.crop.phenology.Vernalisation][INFO] - Critical DVS for vernalization (VERNDVS) reached at day 1984-06-16, but vernalization requirements not yet fulfilled. Forcing vernalization now (VERN=47.688571).
[2026-03-24 12:23:47,807][pcse.crop.phenology.Vernalisation][INFO] - Critical DVS for vernalization (VERNDVS) reached at day 1984-06-17, but vernalization requirements not yet fulfilled. Forcing vernalization now (VERN=47.688571).
[2026-03-24 12:23:47,813][pcse.crop.phenology.Vernalisation][INFO] - Critical DVS for vernalization (VERNDVS) reached at day 1984-06-18, but vernalization requirements not yet fulfilled. Forcing vernalization now (VERN=47.688571).
[2026-03-24 12:23:47,817][pcse.crop.phenology.Vernalisation][INFO] - Critical DVS for vernalization (VERNDVS) reached at day 1984-06-19, but vernalization requirements not yet fulfilled. Forcing vernalization now (VERN=47.688571).
[2026-03-24 12:23:47,824][pcse.crop.phenology.Vernalisation][INFO] - Critical DVS for vernalization (VERNDVS) reached at day 1984-06-20, but vernalization requirements not yet fulfilled. Forcing vernalization now (VERN=47.688571).
[2026-03-24 12:23:47,830][pcse.crop.phenology.Vernalisation][INFO] - Critical DVS for vernalization (VERNDVS) reached at day 1984-06-21, but vernalization requirements not yet fulfilled. Forcing vernalization now (VERN=47.688571).
[2026-03-24 12:23:47,835][pcse.crop.phenology.Vernalisation][INFO] - Critical DVS for vernalization (VERNDVS) reached at day 1984-06-22, but vernalization requirements not yet fulfilled. Forcing vernalization now (VERN=47.688571).
[2026-03-24 12:23:47,838][pcse.crop.phenology.Vernalisation][INFO] - Critical DVS for vernalization (VERNDVS) reached at day 1984-06-23, but vernalization requirements not yet fulfilled. Forcing vernalization now (VERN=47.688571).
[2026-03-24 12:23:47,842][pcse.crop.phenology.Vernalisation][INFO] - Critical DVS for vernalization (VERNDVS) reached at day 1984-06-24, but vernalization requirements not yet fulfilled. Forcing vernalization now (VERN=47.688571).
[2026-03-24 12:23:47,847][pcse.crop.phenology.Vernalisation][INFO] - Critical DVS for vernalization (VERNDVS) reached at day 1984-06-25, but vernalization requirements not yet fulfilled. Forcing vernalization now (VERN=47.688571).
[2026-03-24 12:23:47,853][pcse.crop.phenology.Vernalisation][INFO] - Critical DVS for vernalization (VERNDVS) reached at day 1984-06-26, but vernalization requirements not yet fulfilled. Forcing vernalization now (VERN=47.688571).
[2026-03-24 12:23:47,858][pcse.crop.phenology.Vernalisation][INFO] - Critical DVS for vernalization (VERNDVS) reached at day 1984-06-27, but vernalization requirements not yet fulfilled. Forcing vernalization now (VERN=47.688571).
[2026-03-24 12:23:47,862][pcse.crop.phenology.Vernalisation][INFO] - Critical DVS for vernalization (VERNDVS) reached at day 1984-06-28, but vernalization requirements not yet fulfilled. Forcing vernalization now (VERN=47.688571).
[2026-03-24 12:23:47,870][pcse.crop.phenology.Vernalisation][INFO] - Critical DVS for vernalization (VERNDVS) reached at day 1984-06-29, but vernalization requirements not yet fulfilled. Forcing vernalization now (VERN=47.688571).
[2026-03-24 12:23:47,870][pcse.crop.phenology.Annual_Phenology][INFO] - Changed phenological stage 'vegetative' to 'reproductive' on 1984-06-29
[2026-03-24 12:23:48,243][pcse.crop.phenology.Annual_Phenology][INFO] - Changed phenological stage 'reproductive' to 'mature' on 1984-09-13
[2026-03-24 12:23:48,328][pcse.base.timer.Timer][INFO] - Reached end of simulation period as specified by END_DATE.
[EPISODE DBG] episode=3 step=723 pred_return=-0.306288 true_return=639325.625676 total_feedback=0 labeled_feedback=0
[2026-03-24 12:23:48,336][pcse.agromanager.SoilCalendar][INFO] - Starting soil (oregon) with variation (oregon_1) on day 1984-02-01
[2026-03-24 12:23:48,338][pcse.agromanager.CropCalendar][INFO] - Starting crop (wheat) with variety (wheat_1) on day 1984-02-01
[2026-03-24 12:23:48,744][pcse.crop.phenology.Annual_Phenology][INFO] - Changed phenological stage 'emerging' to 'vegetative' on 1984-04-10
[2026-03-24 12:23:48,996][pcse.crop.phenology.Vernalisation][INFO] - Critical DVS for vernalization (VERNDVS) reached at day 1984-06-02, but vernalization requirements not yet fulfilled. Forcing vernalization now (VERN=47.688571).
[2026-03-24 12:23:49,000][pcse.crop.phenology.Vernalisation][INFO] - Critical DVS for vernalization (VERNDVS) reached at day 1984-06-03, but vernalization requirements not yet fulfilled. Forcing vernalization now (VERN=47.688571).
[2026-03-24 12:23:49,003][pcse.crop.phenology.Vernalisation][INFO] - Critical DVS for vernalization (VERNDVS) reached at day 1984-06-04, but vernalization requirements not yet fulfilled. Forcing vernalization now (VERN=47.688571).
[2026-03-24 12:23:49,007][pcse.crop.phenology.Vernalisation][INFO] - Critical DVS for vernalization (VERNDVS) reached at day 1984-06-05, but vernalization requirements not yet fulfilled. Forcing vernalization now (VERN=47.688571).
[2026-03-24 12:23:49,014][pcse.crop.phenology.Vernalisation][INFO] - Critical DVS for vernalization (VERNDVS) reached at day 1984-06-06, but vernalization requirements not yet fulfilled. Forcing vernalization now (VERN=47.688571).
[2026-03-24 12:23:49,020][pcse.crop.phenology.Vernalisation][INFO] - Critical DVS for vernalization (VERNDVS) reached at day 1984-06-07, but vernalization requirements not yet fulfilled. Forcing vernalization now (VERN=47.688571).
[2026-03-24 12:23:49,025][pcse.crop.phenology.Vernalisation][INFO] - Critical DVS for vernalization (VERNDVS) reached at day 1984-06-08, but vernalization requirements not yet fulfilled. Forcing vernalization now (VERN=47.688571).
[2026-03-24 12:23:49,029][pcse.crop.phenology.Vernalisation][INFO] - Critical DVS for vernalization (VERNDVS) reached at day 1984-06-09, but vernalization requirements not yet fulfilled. Forcing vernalization now (VERN=47.688571).
[2026-03-24 12:23:49,037][pcse.crop.phenology.Vernalisation][INFO] - Critical DVS for vernalization (VERNDVS) reached at day 1984-06-10, but vernalization requirements not yet fulfilled. Forcing vernalization now (VERN=47.688571).
[2026-03-24 12:23:49,043][pcse.crop.phenology.Vernalisation][INFO] - Critical DVS for vernalization (VERNDVS) reached at day 1984-06-11, but vernalization requirements not yet fulfilled. Forcing vernalization now (VERN=47.688571).
[2026-03-24 12:23:49,048][pcse.crop.phenology.Vernalisation][INFO] - Critical DVS for vernalization (VERNDVS) reached at day 1984-06-12, but vernalization requirements not yet fulfilled. Forcing vernalization now (VERN=47.688571).
[2026-03-24 12:23:49,052][pcse.crop.phenology.Vernalisation][INFO] - Critical DVS for vernalization (VERNDVS) reached at day 1984-06-13, but vernalization requirements not yet fulfilled. Forcing vernalization now (VERN=47.688571).
[2026-03-24 12:23:49,059][pcse.crop.phenology.Vernalisation][INFO] - Critical DVS for vernalization (VERNDVS) reached at day 1984-06-14, but vernalization requirements not yet fulfilled. Forcing vernalization now (VERN=47.688571).
[2026-03-24 12:23:49,062][pcse.crop.phenology.Vernalisation][INFO] - Critical DVS for vernalization (VERNDVS) reached at day 1984-06-15, but vernalization requirements not yet fulfilled. Forcing vernalization now (VERN=47.688571).
[2026-03-24 12:23:49,068][pcse.crop.phenology.Vernalisation][INFO] - Critical DVS for vernalization (VERNDVS) reached at day 1984-06-16, but vernalization requirements not yet fulfilled. Forcing vernalization now (VERN=47.688571).
[2026-03-24 12:23:49,074][pcse.crop.phenology.Vernalisation][INFO] - Critical DVS for vernalization (VERNDVS) reached at day 1984-06-17, but vernalization requirements not yet fulfilled. Forcing vernalization now (VERN=47.688571).
[2026-03-24 12:23:49,078][pcse.crop.phenology.Vernalisation][INFO] - Critical DVS for vernalization (VERNDVS) reached at day 1984-06-18, but vernalization requirements not yet fulfilled. Forcing vernalization now (VERN=47.688571).
[2026-03-24 12:23:49,084][pcse.crop.phenology.Vernalisation][INFO] - Critical DVS for vernalization (VERNDVS) reached at day 1984-06-19, but vernalization requirements not yet fulfilled. Forcing vernalization now (VERN=47.688571).
[2026-03-24 12:23:49,091][pcse.crop.phenology.Vernalisation][INFO] - Critical DVS for vernalization (VERNDVS) reached at day 1984-06-20, but vernalization requirements not yet fulfilled. Forcing vernalization now (VERN=47.688571).
[2026-03-24 12:23:49,097][pcse.crop.phenology.Vernalisation][INFO] - Critical DVS for vernalization (VERNDVS) reached at day 1984-06-21, but vernalization requirements not yet fulfilled. Forcing vernalization now (VERN=47.688571).
[2026-03-24 12:23:49,101][pcse.crop.phenology.Vernalisation][INFO] - Critical DVS for vernalization (VERNDVS) reached at day 1984-06-22, but vernalization requirements not yet fulfilled. Forcing vernalization now (VERN=47.688571).
[2026-03-24 12:23:49,108][pcse.crop.phenology.Vernalisation][INFO] - Critical DVS for vernalization (VERNDVS) reached at day 1984-06-23, but vernalization requirements not yet fulfilled. Forcing vernalization now (VERN=47.688571).
[2026-03-24 12:23:49,113][pcse.crop.phenology.Vernalisation][INFO] - Critical DVS for vernalization (VERNDVS) reached at day 1984-06-24, but vernalization requirements not yet fulfilled. Forcing vernalization now (VERN=47.688571).
[2026-03-24 12:23:49,116][pcse.crop.phenology.Vernalisation][INFO] - Critical DVS for vernalization (VERNDVS) reached at day 1984-06-25, but vernalization requirements not yet fulfilled. Forcing vernalization now (VERN=47.688571).
[2026-03-24 12:23:49,120][pcse.crop.phenology.Vernalisation][INFO] - Critical DVS for vernalization (VERNDVS) reached at day 1984-06-26, but vernalization requirements not yet fulfilled. Forcing vernalization now (VERN=47.688571).
[2026-03-24 12:23:49,124][pcse.crop.phenology.Vernalisation][INFO] - Critical DVS for vernalization (VERNDVS) reached at day 1984-06-27, but vernalization requirements not yet fulfilled. Forcing vernalization now (VERN=47.688571).
[2026-03-24 12:23:49,131][pcse.crop.phenology.Vernalisation][INFO] - Critical DVS for vernalization (VERNDVS) reached at day 1984-06-28, but vernalization requirements not yet fulfilled. Forcing vernalization now (VERN=47.688571).
[2026-03-24 12:23:49,136][pcse.crop.phenology.Vernalisation][INFO] - Critical DVS for vernalization (VERNDVS) reached at day 1984-06-29, but vernalization requirements not yet fulfilled. Forcing vernalization now (VERN=47.688571).
[2026-03-24 12:23:49,136][pcse.crop.phenology.Annual_Phenology][INFO] - Changed phenological stage 'vegetative' to 'reproductive' on 1984-06-29
[2026-03-24 12:23:49,491][pcse.crop.phenology.Annual_Phenology][INFO] - Changed phenological stage 'reproductive' to 'mature' on 1984-09-13
[2026-03-24 12:23:49,569][pcse.base.timer.Timer][INFO] - Reached end of simulation period as specified by END_DATE.
[EPISODE DBG] episode=4 step=964 pred_return=-0.156244 true_return=604040.850872 total_feedback=0 labeled_feedback=0
[2026-03-24 12:23:49,576][pcse.agromanager.SoilCalendar][INFO] - Starting soil (oregon) with variation (oregon_1) on day 1984-02-01
[2026-03-24 12:23:49,578][pcse.agromanager.CropCalendar][INFO] - Starting crop (wheat) with variety (wheat_1) on day 1984-02-01
[STEP DBG] step=1000 env_reward=0.000000 r_hat=-0.003625 done=False
[NORM DBG] count=1000 mean_abs_mean=62687.441406 mean_std=237.039963 min_std=0.001000 max_std=3362.885986
[2026-03-24 12:23:49,982][pcse.crop.phenology.Annual_Phenology][INFO] - Changed phenological stage 'emerging' to 'vegetative' on 1984-04-10
[2026-03-24 12:23:50,221][pcse.crop.phenology.Vernalisation][INFO] - Critical DVS for vernalization (VERNDVS) reached at day 1984-06-02, but vernalization requirements not yet fulfilled. Forcing vernalization now (VERN=47.688571).
[2026-03-24 12:23:50,225][pcse.crop.phenology.Vernalisation][INFO] - Critical DVS for vernalization (VERNDVS) reached at day 1984-06-03, but vernalization requirements not yet fulfilled. Forcing vernalization now (VERN=47.688571).
[2026-03-24 12:23:50,232][pcse.crop.phenology.Vernalisation][INFO] - Critical DVS for vernalization (VERNDVS) reached at day 1984-06-04, but vernalization requirements not yet fulfilled. Forcing vernalization now (VERN=47.688571).
[2026-03-24 12:23:50,238][pcse.crop.phenology.Vernalisation][INFO] - Critical DVS for vernalization (VERNDVS) reached at day 1984-06-05, but vernalization requirements not yet fulfilled. Forcing vernalization now (VERN=47.688571).
[2026-03-24 12:23:50,243][pcse.crop.phenology.Vernalisation][INFO] - Critical DVS for vernalization (VERNDVS) reached at day 1984-06-06, but vernalization requirements not yet fulfilled. Forcing vernalization now (VERN=47.688571).
[2026-03-24 12:23:50,246][pcse.crop.phenology.Vernalisation][INFO] - Critical DVS for vernalization (VERNDVS) reached at day 1984-06-07, but vernalization requirements not yet fulfilled. Forcing vernalization now (VERN=47.688571).
[2026-03-24 12:23:50,250][pcse.crop.phenology.Vernalisation][INFO] - Critical DVS for vernalization (VERNDVS) reached at day 1984-06-08, but vernalization requirements not yet fulfilled. Forcing vernalization now (VERN=47.688571).
[2026-03-24 12:23:50,255][pcse.crop.phenology.Vernalisation][INFO] - Critical DVS for vernalization (VERNDVS) reached at day 1984-06-09, but vernalization requirements not yet fulfilled. Forcing vernalization now (VERN=47.688571).
[2026-03-24 12:23:50,261][pcse.crop.phenology.Vernalisation][INFO] - Critical DVS for vernalization (VERNDVS) reached at day 1984-06-10, but vernalization requirements not yet fulfilled. Forcing vernalization now (VERN=47.688571).
[2026-03-24 12:23:50,266][pcse.crop.phenology.Vernalisation][INFO] - Critical DVS for vernalization (VERNDVS) reached at day 1984-06-11, but vernalization requirements not yet fulfilled. Forcing vernalization now (VERN=47.688571).
[2026-03-24 12:23:50,269][pcse.crop.phenology.Vernalisation][INFO] - Critical DVS for vernalization (VERNDVS) reached at day 1984-06-12, but vernalization requirements not yet fulfilled. Forcing vernalization now (VERN=47.688571).
[2026-03-24 12:23:50,276][pcse.crop.phenology.Vernalisation][INFO] - Critical DVS for vernalization (VERNDVS) reached at day 1984-06-13, but vernalization requirements not yet fulfilled. Forcing vernalization now (VERN=47.688571).
[2026-03-24 12:23:50,279][pcse.crop.phenology.Vernalisation][INFO] - Critical DVS for vernalization (VERNDVS) reached at day 1984-06-14, but vernalization requirements not yet fulfilled. Forcing vernalization now (VERN=47.688571).
[2026-03-24 12:23:50,285][pcse.crop.phenology.Vernalisation][INFO] - Critical DVS for vernalization (VERNDVS) reached at day 1984-06-15, but vernalization requirements not yet fulfilled. Forcing vernalization now (VERN=47.688571).
[2026-03-24 12:23:50,291][pcse.crop.phenology.Vernalisation][INFO] - Critical DVS for vernalization (VERNDVS) reached at day 1984-06-16, but vernalization requirements not yet fulfilled. Forcing vernalization now (VERN=47.688571).
[2026-03-24 12:23:50,294][pcse.crop.phenology.Vernalisation][INFO] - Critical DVS for vernalization (VERNDVS) reached at day 1984-06-17, but vernalization requirements not yet fulfilled. Forcing vernalization now (VERN=47.688571).
[2026-03-24 12:23:50,302][pcse.crop.phenology.Vernalisation][INFO] - Critical DVS for vernalization (VERNDVS) reached at day 1984-06-18, but vernalization requirements not yet fulfilled. Forcing vernalization now (VERN=47.688571).
[2026-03-24 12:23:50,305][pcse.crop.phenology.Vernalisation][INFO] - Critical DVS for vernalization (VERNDVS) reached at day 1984-06-19, but vernalization requirements not yet fulfilled. Forcing vernalization now (VERN=47.688571).
[2026-03-24 12:23:50,310][pcse.crop.phenology.Vernalisation][INFO] - Critical DVS for vernalization (VERNDVS) reached at day 1984-06-20, but vernalization requirements not yet fulfilled. Forcing vernalization now (VERN=47.688571).
[2026-03-24 12:23:50,315][pcse.crop.phenology.Vernalisation][INFO] - Critical DVS for vernalization (VERNDVS) reached at day 1984-06-21, but vernalization requirements not yet fulfilled. Forcing vernalization now (VERN=47.688571).
[2026-03-24 12:23:50,318][pcse.crop.phenology.Vernalisation][INFO] - Critical DVS for vernalization (VERNDVS) reached at day 1984-06-22, but vernalization requirements not yet fulfilled. Forcing vernalization now (VERN=47.688571).
[2026-03-24 12:23:50,325][pcse.crop.phenology.Vernalisation][INFO] - Critical DVS for vernalization (VERNDVS) reached at day 1984-06-23, but vernalization requirements not yet fulfilled. Forcing vernalization now (VERN=47.688571).
[2026-03-24 12:23:50,330][pcse.crop.phenology.Vernalisation][INFO] - Critical DVS for vernalization (VERNDVS) reached at day 1984-06-24, but vernalization requirements not yet fulfilled. Forcing vernalization now (VERN=47.688571).
[2026-03-24 12:23:50,336][pcse.crop.phenology.Vernalisation][INFO] - Critical DVS for vernalization (VERNDVS) reached at day 1984-06-25, but vernalization requirements not yet fulfilled. Forcing vernalization now (VERN=47.688571).
[2026-03-24 12:23:50,340][pcse.crop.phenology.Vernalisation][INFO] - Critical DVS for vernalization (VERNDVS) reached at day 1984-06-26, but vernalization requirements not yet fulfilled. Forcing vernalization now (VERN=47.688571).
[2026-03-24 12:23:50,348][pcse.crop.phenology.Vernalisation][INFO] - Critical DVS for vernalization (VERNDVS) reached at day 1984-06-27, but vernalization requirements not yet fulfilled. Forcing vernalization now (VERN=47.688571).
[2026-03-24 12:23:50,353][pcse.crop.phenology.Vernalisation][INFO] - Critical DVS for vernalization (VERNDVS) reached at day 1984-06-28, but vernalization requirements not yet fulfilled. Forcing vernalization now (VERN=47.688571).
[2026-03-24 12:23:50,359][pcse.crop.phenology.Vernalisation][INFO] - Critical DVS for vernalization (VERNDVS) reached at day 1984-06-29, but vernalization requirements not yet fulfilled. Forcing vernalization now (VERN=47.688571).
[2026-03-24 12:23:50,359][pcse.crop.phenology.Annual_Phenology][INFO] - Changed phenological stage 'vegetative' to 'reproductive' on 1984-06-29
[2026-03-24 12:23:50,703][pcse.crop.phenology.Annual_Phenology][INFO] - Changed phenological stage 'reproductive' to 'mature' on 1984-09-13
[2026-03-24 12:23:50,782][pcse.base.timer.Timer][INFO] - Reached end of simulation period as specified by END_DATE.
[EPISODE DBG] episode=5 step=1205 pred_return=0.009706 true_return=503729.387338 total_feedback=0 labeled_feedback=0
[2026-03-24 12:23:50,786][pcse.agromanager.SoilCalendar][INFO] - Starting soil (oregon) with variation (oregon_1) on day 1984-02-01
[2026-03-24 12:23:50,788][pcse.agromanager.CropCalendar][INFO] - Starting crop (wheat) with variety (wheat_1) on day 1984-02-01
[2026-03-24 12:23:51,193][pcse.crop.phenology.Annual_Phenology][INFO] - Changed phenological stage 'emerging' to 'vegetative' on 1984-04-10
[2026-03-24 12:23:51,433][pcse.crop.phenology.Vernalisation][INFO] - Critical DVS for vernalization (VERNDVS) reached at day 1984-06-02, but vernalization requirements not yet fulfilled. Forcing vernalization now (VERN=47.688571).
[2026-03-24 12:23:51,438][pcse.crop.phenology.Vernalisation][INFO] - Critical DVS for vernalization (VERNDVS) reached at day 1984-06-03, but vernalization requirements not yet fulfilled. Forcing vernalization now (VERN=47.688571).
[2026-03-24 12:23:51,442][pcse.crop.phenology.Vernalisation][INFO] - Critical DVS for vernalization (VERNDVS) reached at day 1984-06-04, but vernalization requirements not yet fulfilled. Forcing vernalization now (VERN=47.688571).
[2026-03-24 12:23:51,450][pcse.crop.phenology.Vernalisation][INFO] - Critical DVS for vernalization (VERNDVS) reached at day 1984-06-05, but vernalization requirements not yet fulfilled. Forcing vernalization now (VERN=47.688571).
[2026-03-24 12:23:51,456][pcse.crop.phenology.Vernalisation][INFO] - Critical DVS for vernalization (VERNDVS) reached at day 1984-06-06, but vernalization requirements not yet fulfilled. Forcing vernalization now (VERN=47.688571).
[2026-03-24 12:23:51,461][pcse.crop.phenology.Vernalisation][INFO] - Critical DVS for vernalization (VERNDVS) reached at day 1984-06-07, but vernalization requirements not yet fulfilled. Forcing vernalization now (VERN=47.688571).
[2026-03-24 12:23:51,465][pcse.crop.phenology.Vernalisation][INFO] - Critical DVS for vernalization (VERNDVS) reached at day 1984-06-08, but vernalization requirements not yet fulfilled. Forcing vernalization now (VERN=47.688571).
[2026-03-24 12:23:51,471][pcse.crop.phenology.Vernalisation][INFO] - Critical DVS for vernalization (VERNDVS) reached at day 1984-06-09, but vernalization requirements not yet fulfilled. Forcing vernalization now (VERN=47.688571).
[2026-03-24 12:23:51,475][pcse.crop.phenology.Vernalisation][INFO] - Critical DVS for vernalization (VERNDVS) reached at day 1984-06-10, but vernalization requirements not yet fulfilled. Forcing vernalization now (VERN=47.688571).
[2026-03-24 12:23:51,481][pcse.crop.phenology.Vernalisation][INFO] - Critical DVS for vernalization (VERNDVS) reached at day 1984-06-11, but vernalization requirements not yet fulfilled. Forcing vernalization now (VERN=47.688571).
[2026-03-24 12:23:51,486][pcse.crop.phenology.Vernalisation][INFO] - Critical DVS for vernalization (VERNDVS) reached at day 1984-06-12, but vernalization requirements not yet fulfilled. Forcing vernalization now (VERN=47.688571).
[2026-03-24 12:23:51,490][pcse.crop.phenology.Vernalisation][INFO] - Critical DVS for vernalization (VERNDVS) reached at day 1984-06-13, but vernalization requirements not yet fulfilled. Forcing vernalization now (VERN=47.688571).
[2026-03-24 12:23:51,497][pcse.crop.phenology.Vernalisation][INFO] - Critical DVS for vernalization (VERNDVS) reached at day 1984-06-14, but vernalization requirements not yet fulfilled. Forcing vernalization now (VERN=47.688571).
[2026-03-24 12:23:51,502][pcse.crop.phenology.Vernalisation][INFO] - Critical DVS for vernalization (VERNDVS) reached at day 1984-06-15, but vernalization requirements not yet fulfilled. Forcing vernalization now (VERN=47.688571).
[2026-03-24 12:23:51,507][pcse.crop.phenology.Vernalisation][INFO] - Critical DVS for vernalization (VERNDVS) reached at day 1984-06-16, but vernalization requirements not yet fulfilled. Forcing vernalization now (VERN=47.688571).
[2026-03-24 12:23:51,510][pcse.crop.phenology.Vernalisation][INFO] - Critical DVS for vernalization (VERNDVS) reached at day 1984-06-17, but vernalization requirements not yet fulfilled. Forcing vernalization now (VERN=47.688571).
[2026-03-24 12:23:51,514][pcse.crop.phenology.Vernalisation][INFO] - Critical DVS for vernalization (VERNDVS) reached at day 1984-06-18, but vernalization requirements not yet fulfilled. Forcing vernalization now (VERN=47.688571).
[2026-03-24 12:23:51,520][pcse.crop.phenology.Vernalisation][INFO] - Critical DVS for vernalization (VERNDVS) reached at day 1984-06-19, but vernalization requirements not yet fulfilled. Forcing vernalization now (VERN=47.688571).
[2026-03-24 12:23:51,525][pcse.crop.phenology.Vernalisation][INFO] - Critical DVS for vernalization (VERNDVS) reached at day 1984-06-20, but vernalization requirements not yet fulfilled. Forcing vernalization now (VERN=47.688571).
[2026-03-24 12:23:51,531][pcse.crop.phenology.Vernalisation][INFO] - Critical DVS for vernalization (VERNDVS) reached at day 1984-06-21, but vernalization requirements not yet fulfilled. Forcing vernalization now (VERN=47.688571).
[2026-03-24 12:23:51,535][pcse.crop.phenology.Vernalisation][INFO] - Critical DVS for vernalization (VERNDVS) reached at day 1984-06-22, but vernalization requirements not yet fulfilled. Forcing vernalization now (VERN=47.688571).
[2026-03-24 12:23:51,542][pcse.crop.phenology.Vernalisation][INFO] - Critical DVS for vernalization (VERNDVS) reached at day 1984-06-23, but vernalization requirements not yet fulfilled. Forcing vernalization now (VERN=47.688571).
[2026-03-24 12:23:51,548][pcse.crop.phenology.Vernalisation][INFO] - Critical DVS for vernalization (VERNDVS) reached at day 1984-06-24, but vernalization requirements not yet fulfilled. Forcing vernalization now (VERN=47.688571).
[2026-03-24 12:23:51,553][pcse.crop.phenology.Vernalisation][INFO] - Critical DVS for vernalization (VERNDVS) reached at day 1984-06-25, but vernalization requirements not yet fulfilled. Forcing vernalization now (VERN=47.688571).
[2026-03-24 12:23:51,557][pcse.crop.phenology.Vernalisation][INFO] - Critical DVS for vernalization (VERNDVS) reached at day 1984-06-26, but vernalization requirements not yet fulfilled. Forcing vernalization now (VERN=47.688571).
[2026-03-24 12:23:51,560][pcse.crop.phenology.Vernalisation][INFO] - Critical DVS for vernalization (VERNDVS) reached at day 1984-06-27, but vernalization requirements not yet fulfilled. Forcing vernalization now (VERN=47.688571).
[2026-03-24 12:23:51,566][pcse.crop.phenology.Vernalisation][INFO] - Critical DVS for vernalization (VERNDVS) reached at day 1984-06-28, but vernalization requirements not yet fulfilled. Forcing vernalization now (VERN=47.688571).
[2026-03-24 12:23:51,571][pcse.crop.phenology.Vernalisation][INFO] - Critical DVS for vernalization (VERNDVS) reached at day 1984-06-29, but vernalization requirements not yet fulfilled. Forcing vernalization now (VERN=47.688571).
[2026-03-24 12:23:51,571][pcse.crop.phenology.Annual_Phenology][INFO] - Changed phenological stage 'vegetative' to 'reproductive' on 1984-06-29
[2026-03-24 12:23:51,927][pcse.crop.phenology.Annual_Phenology][INFO] - Changed phenological stage 'reproductive' to 'mature' on 1984-09-13
[2026-03-24 12:23:52,004][pcse.base.timer.Timer][INFO] - Reached end of simulation period as specified by END_DATE.
[EPISODE DBG] episode=6 step=1446 pred_return=0.014807 true_return=588433.193839 total_feedback=0 labeled_feedback=0
[2026-03-24 12:23:52,011][pcse.agromanager.SoilCalendar][INFO] - Starting soil (oregon) with variation (oregon_1) on day 1984-02-01
[2026-03-24 12:23:52,013][pcse.agromanager.CropCalendar][INFO] - Starting crop (wheat) with variety (wheat_1) on day 1984-02-01
[STEP DBG] step=1500 env_reward=0.000000 r_hat=0.023720 done=False
[NORM DBG] count=1500 mean_abs_mean=62684.566406 mean_std=231.740219 min_std=0.001000 max_std=3282.676270
[2026-03-24 12:23:52,422][pcse.crop.phenology.Annual_Phenology][INFO] - Changed phenological stage 'emerging' to 'vegetative' on 1984-04-10
[2026-03-24 12:23:52,658][pcse.crop.phenology.Vernalisation][INFO] - Critical DVS for vernalization (VERNDVS) reached at day 1984-06-02, but vernalization requirements not yet fulfilled. Forcing vernalization now (VERN=47.688571).
[2026-03-24 12:23:52,663][pcse.crop.phenology.Vernalisation][INFO] - Critical DVS for vernalization (VERNDVS) reached at day 1984-06-03, but vernalization requirements not yet fulfilled. Forcing vernalization now (VERN=47.688571).
[2026-03-24 12:23:52,667][pcse.crop.phenology.Vernalisation][INFO] - Critical DVS for vernalization (VERNDVS) reached at day 1984-06-04, but vernalization requirements not yet fulfilled. Forcing vernalization now (VERN=47.688571).
[2026-03-24 12:23:52,673][pcse.crop.phenology.Vernalisation][INFO] - Critical DVS for vernalization (VERNDVS) reached at day 1984-06-05, but vernalization requirements not yet fulfilled. Forcing vernalization now (VERN=47.688571).
[2026-03-24 12:23:52,676][pcse.crop.phenology.Vernalisation][INFO] - Critical DVS for vernalization (VERNDVS) reached at day 1984-06-06, but vernalization requirements not yet fulfilled. Forcing vernalization now (VERN=47.688571).
[2026-03-24 12:23:52,682][pcse.crop.phenology.Vernalisation][INFO] - Critical DVS for vernalization (VERNDVS) reached at day 1984-06-07, but vernalization requirements not yet fulfilled. Forcing vernalization now (VERN=47.688571).
[2026-03-24 12:23:52,687][pcse.crop.phenology.Vernalisation][INFO] - Critical DVS for vernalization (VERNDVS) reached at day 1984-06-08, but vernalization requirements not yet fulfilled. Forcing vernalization now (VERN=47.688571).
[2026-03-24 12:23:52,691][pcse.crop.phenology.Vernalisation][INFO] - Critical DVS for vernalization (VERNDVS) reached at day 1984-06-09, but vernalization requirements not yet fulfilled. Forcing vernalization now (VERN=47.688571).
[2026-03-24 12:23:52,697][pcse.crop.phenology.Vernalisation][INFO] - Critical DVS for vernalization (VERNDVS) reached at day 1984-06-10, but vernalization requirements not yet fulfilled. Forcing vernalization now (VERN=47.688571).
[2026-03-24 12:23:52,700][pcse.crop.phenology.Vernalisation][INFO] - Critical DVS for vernalization (VERNDVS) reached at day 1984-06-11, but vernalization requirements not yet fulfilled. Forcing vernalization now (VERN=47.688571).
[2026-03-24 12:23:52,706][pcse.crop.phenology.Vernalisation][INFO] - Critical DVS for vernalization (VERNDVS) reached at day 1984-06-12, but vernalization requirements not yet fulfilled. Forcing vernalization now (VERN=47.688571).
[2026-03-24 12:23:52,712][pcse.crop.phenology.Vernalisation][INFO] - Critical DVS for vernalization (VERNDVS) reached at day 1984-06-13, but vernalization requirements not yet fulfilled. Forcing vernalization now (VERN=47.688571).
[2026-03-24 12:23:52,716][pcse.crop.phenology.Vernalisation][INFO] - Critical DVS for vernalization (VERNDVS) reached at day 1984-06-14, but vernalization requirements not yet fulfilled. Forcing vernalization now (VERN=47.688571).
[2026-03-24 12:23:52,723][pcse.crop.phenology.Vernalisation][INFO] - Critical DVS for vernalization (VERNDVS) reached at day 1984-06-15, but vernalization requirements not yet fulfilled. Forcing vernalization now (VERN=47.688571).
[2026-03-24 12:23:52,727][pcse.crop.phenology.Vernalisation][INFO] - Critical DVS for vernalization (VERNDVS) reached at day 1984-06-16, but vernalization requirements not yet fulfilled. Forcing vernalization now (VERN=47.688571).
[2026-03-24 12:23:52,732][pcse.crop.phenology.Vernalisation][INFO] - Critical DVS for vernalization (VERNDVS) reached at day 1984-06-17, but vernalization requirements not yet fulfilled. Forcing vernalization now (VERN=47.688571).
[2026-03-24 12:23:52,737][pcse.crop.phenology.Vernalisation][INFO] - Critical DVS for vernalization (VERNDVS) reached at day 1984-06-18, but vernalization requirements not yet fulfilled. Forcing vernalization now (VERN=47.688571).
[2026-03-24 12:23:52,741][pcse.crop.phenology.Vernalisation][INFO] - Critical DVS for vernalization (VERNDVS) reached at day 1984-06-19, but vernalization requirements not yet fulfilled. Forcing vernalization now (VERN=47.688571).
[2026-03-24 12:23:52,748][pcse.crop.phenology.Vernalisation][INFO] - Critical DVS for vernalization (VERNDVS) reached at day 1984-06-20, but vernalization requirements not yet fulfilled. Forcing vernalization now (VERN=47.688571).
[2026-03-24 12:23:52,754][pcse.crop.phenology.Vernalisation][INFO] - Critical DVS for vernalization (VERNDVS) reached at day 1984-06-21, but vernalization requirements not yet fulfilled. Forcing vernalization now (VERN=47.688571).
[2026-03-24 12:23:52,760][pcse.crop.phenology.Vernalisation][INFO] - Critical DVS for vernalization (VERNDVS) reached at day 1984-06-22, but vernalization requirements not yet fulfilled. Forcing vernalization now (VERN=47.688571).
[2026-03-24 12:23:52,764][pcse.crop.phenology.Vernalisation][INFO] - Critical DVS for vernalization (VERNDVS) reached at day 1984-06-23, but vernalization requirements not yet fulfilled. Forcing vernalization now (VERN=47.688571).
[2026-03-24 12:23:52,771][pcse.crop.phenology.Vernalisation][INFO] - Critical DVS for vernalization (VERNDVS) reached at day 1984-06-24, but vernalization requirements not yet fulfilled. Forcing vernalization now (VERN=47.688571).
[2026-03-24 12:23:52,776][pcse.crop.phenology.Vernalisation][INFO] - Critical DVS for vernalization (VERNDVS) reached at day 1984-06-25, but vernalization requirements not yet fulfilled. Forcing vernalization now (VERN=47.688571).
[2026-03-24 12:23:52,781][pcse.crop.phenology.Vernalisation][INFO] - Critical DVS for vernalization (VERNDVS) reached at day 1984-06-26, but vernalization requirements not yet fulfilled. Forcing vernalization now (VERN=47.688571).
[2026-03-24 12:23:52,785][pcse.crop.phenology.Vernalisation][INFO] - Critical DVS for vernalization (VERNDVS) reached at day 1984-06-27, but vernalization requirements not yet fulfilled. Forcing vernalization now (VERN=47.688571).
[2026-03-24 12:23:52,789][pcse.crop.phenology.Vernalisation][INFO] - Critical DVS for vernalization (VERNDVS) reached at day 1984-06-28, but vernalization requirements not yet fulfilled. Forcing vernalization now (VERN=47.688571).
[2026-03-24 12:23:52,794][pcse.crop.phenology.Vernalisation][INFO] - Critical DVS for vernalization (VERNDVS) reached at day 1984-06-29, but vernalization requirements not yet fulfilled. Forcing vernalization now (VERN=47.688571).
[2026-03-24 12:23:52,794][pcse.crop.phenology.Annual_Phenology][INFO] - Changed phenological stage 'vegetative' to 'reproductive' on 1984-06-29
[2026-03-24 12:23:53,137][pcse.crop.phenology.Annual_Phenology][INFO] - Changed phenological stage 'reproductive' to 'mature' on 1984-09-13
[2026-03-24 12:23:53,211][pcse.base.timer.Timer][INFO] - Reached end of simulation period as specified by END_DATE.
[EPISODE DBG] episode=7 step=1687 pred_return=-0.013095 true_return=621789.417324 total_feedback=0 labeled_feedback=0
[2026-03-24 12:23:53,216][pcse.agromanager.SoilCalendar][INFO] - Starting soil (oregon) with variation (oregon_1) on day 1984-02-01
[2026-03-24 12:23:53,218][pcse.agromanager.CropCalendar][INFO] - Starting crop (wheat) with variety (wheat_1) on day 1984-02-01
[2026-03-24 12:23:53,622][pcse.crop.phenology.Annual_Phenology][INFO] - Changed phenological stage 'emerging' to 'vegetative' on 1984-04-10
[2026-03-24 12:23:53,857][pcse.crop.phenology.Vernalisation][INFO] - Critical DVS for vernalization (VERNDVS) reached at day 1984-06-02, but vernalization requirements not yet fulfilled. Forcing vernalization now (VERN=47.688571).
[2026-03-24 12:23:53,863][pcse.crop.phenology.Vernalisation][INFO] - Critical DVS for vernalization (VERNDVS) reached at day 1984-06-03, but vernalization requirements not yet fulfilled. Forcing vernalization now (VERN=47.688571).
[2026-03-24 12:23:53,866][pcse.crop.phenology.Vernalisation][INFO] - Critical DVS for vernalization (VERNDVS) reached at day 1984-06-04, but vernalization requirements not yet fulfilled. Forcing vernalization now (VERN=47.688571).
[2026-03-24 12:23:53,873][pcse.crop.phenology.Vernalisation][INFO] - Critical DVS for vernalization (VERNDVS) reached at day 1984-06-05, but vernalization requirements not yet fulfilled. Forcing vernalization now (VERN=47.688571).
[2026-03-24 12:23:53,878][pcse.crop.phenology.Vernalisation][INFO] - Critical DVS for vernalization (VERNDVS) reached at day 1984-06-06, but vernalization requirements not yet fulfilled. Forcing vernalization now (VERN=47.688571).
[2026-03-24 12:23:53,884][pcse.crop.phenology.Vernalisation][INFO] - Critical DVS for vernalization (VERNDVS) reached at day 1984-06-07, but vernalization requirements not yet fulfilled. Forcing vernalization now (VERN=47.688571).
[2026-03-24 12:23:53,887][pcse.crop.phenology.Vernalisation][INFO] - Critical DVS for vernalization (VERNDVS) reached at day 1984-06-08, but vernalization requirements not yet fulfilled. Forcing vernalization now (VERN=47.688571).
[2026-03-24 12:23:53,891][pcse.crop.phenology.Vernalisation][INFO] - Critical DVS for vernalization (VERNDVS) reached at day 1984-06-09, but vernalization requirements not yet fulfilled. Forcing vernalization now (VERN=47.688571).
[2026-03-24 12:23:53,896][pcse.crop.phenology.Vernalisation][INFO] - Critical DVS for vernalization (VERNDVS) reached at day 1984-06-10, but vernalization requirements not yet fulfilled. Forcing vernalization now (VERN=47.688571).
[2026-03-24 12:23:53,901][pcse.crop.phenology.Vernalisation][INFO] - Critical DVS for vernalization (VERNDVS) reached at day 1984-06-11, but vernalization requirements not yet fulfilled. Forcing vernalization now (VERN=47.688571).
[2026-03-24 12:23:53,907][pcse.crop.phenology.Vernalisation][INFO] - Critical DVS for vernalization (VERNDVS) reached at day 1984-06-12, but vernalization requirements not yet fulfilled. Forcing vernalization now (VERN=47.688571).
[2026-03-24 12:23:53,910][pcse.crop.phenology.Vernalisation][INFO] - Critical DVS for vernalization (VERNDVS) reached at day 1984-06-13, but vernalization requirements not yet fulfilled. Forcing vernalization now (VERN=47.688571).
[2026-03-24 12:23:53,917][pcse.crop.phenology.Vernalisation][INFO] - Critical DVS for vernalization (VERNDVS) reached at day 1984-06-14, but vernalization requirements not yet fulfilled. Forcing vernalization now (VERN=47.688571).
[2026-03-24 12:23:53,920][pcse.crop.phenology.Vernalisation][INFO] - Critical DVS for vernalization (VERNDVS) reached at day 1984-06-15, but vernalization requirements not yet fulfilled. Forcing vernalization now (VERN=47.688571).
[2026-03-24 12:23:53,926][pcse.crop.phenology.Vernalisation][INFO] - Critical DVS for vernalization (VERNDVS) reached at day 1984-06-16, but vernalization requirements not yet fulfilled. Forcing vernalization now (VERN=47.688571).
[2026-03-24 12:23:53,932][pcse.crop.phenology.Vernalisation][INFO] - Critical DVS for vernalization (VERNDVS) reached at day 1984-06-17, but vernalization requirements not yet fulfilled. Forcing vernalization now (VERN=47.688571).
[2026-03-24 12:23:53,935][pcse.crop.phenology.Vernalisation][INFO] - Critical DVS for vernalization (VERNDVS) reached at day 1984-06-18, but vernalization requirements not yet fulfilled. Forcing vernalization now (VERN=47.688571).
[2026-03-24 12:23:53,942][pcse.crop.phenology.Vernalisation][INFO] - Critical DVS for vernalization (VERNDVS) reached at day 1984-06-19, but vernalization requirements not yet fulfilled. Forcing vernalization now (VERN=47.688571).
[2026-03-24 12:23:53,948][pcse.crop.phenology.Vernalisation][INFO] - Critical DVS for vernalization (VERNDVS) reached at day 1984-06-20, but vernalization requirements not yet fulfilled. Forcing vernalization now (VERN=47.688571).
[2026-03-24 12:23:53,953][pcse.crop.phenology.Vernalisation][INFO] - Critical DVS for vernalization (VERNDVS) reached at day 1984-06-21, but vernalization requirements not yet fulfilled. Forcing vernalization now (VERN=47.688571).
[2026-03-24 12:23:53,956][pcse.crop.phenology.Vernalisation][INFO] - Critical DVS for vernalization (VERNDVS) reached at day 1984-06-22, but vernalization requirements not yet fulfilled. Forcing vernalization now (VERN=47.688571).
[2026-03-24 12:23:53,960][pcse.crop.phenology.Vernalisation][INFO] - Critical DVS for vernalization (VERNDVS) reached at day 1984-06-23, but vernalization requirements not yet fulfilled. Forcing vernalization now (VERN=47.688571).
[2026-03-24 12:23:53,965][pcse.crop.phenology.Vernalisation][INFO] - Critical DVS for vernalization (VERNDVS) reached at day 1984-06-24, but vernalization requirements not yet fulfilled. Forcing vernalization now (VERN=47.688571).
[2026-03-24 12:23:53,971][pcse.crop.phenology.Vernalisation][INFO] - Critical DVS for vernalization (VERNDVS) reached at day 1984-06-25, but vernalization requirements not yet fulfilled. Forcing vernalization now (VERN=47.688571).
[2026-03-24 12:23:53,977][pcse.crop.phenology.Vernalisation][INFO] - Critical DVS for vernalization (VERNDVS) reached at day 1984-06-26, but vernalization requirements not yet fulfilled. Forcing vernalization now (VERN=47.688571).
[2026-03-24 12:23:53,981][pcse.crop.phenology.Vernalisation][INFO] - Critical DVS for vernalization (VERNDVS) reached at day 1984-06-27, but vernalization requirements not yet fulfilled. Forcing vernalization now (VERN=47.688571).
[2026-03-24 12:23:53,988][pcse.crop.phenology.Vernalisation][INFO] - Critical DVS for vernalization (VERNDVS) reached at day 1984-06-28, but vernalization requirements not yet fulfilled. Forcing vernalization now (VERN=47.688571).
[2026-03-24 12:23:53,994][pcse.crop.phenology.Vernalisation][INFO] - Critical DVS for vernalization (VERNDVS) reached at day 1984-06-29, but vernalization requirements not yet fulfilled. Forcing vernalization now (VERN=47.688571).
[2026-03-24 12:23:53,994][pcse.crop.phenology.Annual_Phenology][INFO] - Changed phenological stage 'vegetative' to 'reproductive' on 1984-06-29
[2026-03-24 12:23:54,346][pcse.crop.phenology.Annual_Phenology][INFO] - Changed phenological stage 'reproductive' to 'mature' on 1984-09-13
[2026-03-24 12:23:54,425][pcse.base.timer.Timer][INFO] - Reached end of simulation period as specified by END_DATE.
[EPISODE DBG] episode=8 step=1928 pred_return=-0.176002 true_return=608264.913672 total_feedback=0 labeled_feedback=0
[2026-03-24 12:23:54,434][pcse.agromanager.SoilCalendar][INFO] - Starting soil (oregon) with variation (oregon_1) on day 1984-02-01
[2026-03-24 12:23:54,436][pcse.agromanager.CropCalendar][INFO] - Starting crop (wheat) with variety (wheat_1) on day 1984-02-01
[2026-03-24 12:23:54,843][pcse.crop.phenology.Annual_Phenology][INFO] - Changed phenological stage 'emerging' to 'vegetative' on 1984-04-10
[STEP DBG] step=2000 env_reward=0.000000 r_hat=0.005211 done=False
[NORM DBG] count=2000 mean_abs_mean=62687.648438 mean_std=235.801178 min_std=0.001000 max_std=3350.662354
[2026-03-24 12:23:55,090][pcse.crop.phenology.Vernalisation][INFO] - Critical DVS for vernalization (VERNDVS) reached at day 1984-06-02, but vernalization requirements not yet fulfilled. Forcing vernalization now (VERN=47.688571).
[2026-03-24 12:23:55,094][pcse.crop.phenology.Vernalisation][INFO] - Critical DVS for vernalization (VERNDVS) reached at day 1984-06-03, but vernalization requirements not yet fulfilled. Forcing vernalization now (VERN=47.688571).
[2026-03-24 12:23:55,099][pcse.crop.phenology.Vernalisation][INFO] - Critical DVS for vernalization (VERNDVS) reached at day 1984-06-04, but vernalization requirements not yet fulfilled. Forcing vernalization now (VERN=47.688571).
[2026-03-24 12:23:55,103][pcse.crop.phenology.Vernalisation][INFO] - Critical DVS for vernalization (VERNDVS) reached at day 1984-06-05, but vernalization requirements not yet fulfilled. Forcing vernalization now (VERN=47.688571).
[2026-03-24 12:23:55,110][pcse.crop.phenology.Vernalisation][INFO] - Critical DVS for vernalization (VERNDVS) reached at day 1984-06-06, but vernalization requirements not yet fulfilled. Forcing vernalization now (VERN=47.688571).
[2026-03-24 12:23:55,116][pcse.crop.phenology.Vernalisation][INFO] - Critical DVS for vernalization (VERNDVS) reached at day 1984-06-07, but vernalization requirements not yet fulfilled. Forcing vernalization now (VERN=47.688571).
[2026-03-24 12:23:55,121][pcse.crop.phenology.Vernalisation][INFO] - Critical DVS for vernalization (VERNDVS) reached at day 1984-06-08, but vernalization requirements not yet fulfilled. Forcing vernalization now (VERN=47.688571).
[2026-03-24 12:23:55,125][pcse.crop.phenology.Vernalisation][INFO] - Critical DVS for vernalization (VERNDVS) reached at day 1984-06-09, but vernalization requirements not yet fulfilled. Forcing vernalization now (VERN=47.688571).
[2026-03-24 12:23:55,132][pcse.crop.phenology.Vernalisation][INFO] - Critical DVS for vernalization (VERNDVS) reached at day 1984-06-10, but vernalization requirements not yet fulfilled. Forcing vernalization now (VERN=47.688571).
[2026-03-24 12:23:55,135][pcse.crop.phenology.Vernalisation][INFO] - Critical DVS for vernalization (VERNDVS) reached at day 1984-06-11, but vernalization requirements not yet fulfilled. Forcing vernalization now (VERN=47.688571).
[2026-03-24 12:23:55,141][pcse.crop.phenology.Vernalisation][INFO] - Critical DVS for vernalization (VERNDVS) reached at day 1984-06-12, but vernalization requirements not yet fulfilled. Forcing vernalization now (VERN=47.688571).
[2026-03-24 12:23:55,146][pcse.crop.phenology.Vernalisation][INFO] - Critical DVS for vernalization (VERNDVS) reached at day 1984-06-13, but vernalization requirements not yet fulfilled. Forcing vernalization now (VERN=47.688571).
[2026-03-24 12:23:55,150][pcse.crop.phenology.Vernalisation][INFO] - Critical DVS for vernalization (VERNDVS) reached at day 1984-06-14, but vernalization requirements not yet fulfilled. Forcing vernalization now (VERN=47.688571).
[2026-03-24 12:23:55,157][pcse.crop.phenology.Vernalisation][INFO] - Critical DVS for vernalization (VERNDVS) reached at day 1984-06-15, but vernalization requirements not yet fulfilled. Forcing vernalization now (VERN=47.688571).
[2026-03-24 12:23:55,163][pcse.crop.phenology.Vernalisation][INFO] - Critical DVS for vernalization (VERNDVS) reached at day 1984-06-16, but vernalization requirements not yet fulfilled. Forcing vernalization now (VERN=47.688571).
[2026-03-24 12:23:55,169][pcse.crop.phenology.Vernalisation][INFO] - Critical DVS for vernalization (VERNDVS) reached at day 1984-06-17, but vernalization requirements not yet fulfilled. Forcing vernalization now (VERN=47.688571).
[2026-03-24 12:23:55,173][pcse.crop.phenology.Vernalisation][INFO] - Critical DVS for vernalization (VERNDVS) reached at day 1984-06-18, but vernalization requirements not yet fulfilled. Forcing vernalization now (VERN=47.688571).
[2026-03-24 12:23:55,181][pcse.crop.phenology.Vernalisation][INFO] - Critical DVS for vernalization (VERNDVS) reached at day 1984-06-19, but vernalization requirements not yet fulfilled. Forcing vernalization now (VERN=47.688571).
[2026-03-24 12:23:55,187][pcse.crop.phenology.Vernalisation][INFO] - Critical DVS for vernalization (VERNDVS) reached at day 1984-06-20, but vernalization requirements not yet fulfilled. Forcing vernalization now (VERN=47.688571).
[2026-03-24 12:23:55,192][pcse.crop.phenology.Vernalisation][INFO] - Critical DVS for vernalization (VERNDVS) reached at day 1984-06-21, but vernalization requirements not yet fulfilled. Forcing vernalization now (VERN=47.688571).
[2026-03-24 12:23:55,195][pcse.crop.phenology.Vernalisation][INFO] - Critical DVS for vernalization (VERNDVS) reached at day 1984-06-22, but vernalization requirements not yet fulfilled. Forcing vernalization now (VERN=47.688571).
[2026-03-24 12:23:55,199][pcse.crop.phenology.Vernalisation][INFO] - Critical DVS for vernalization (VERNDVS) reached at day 1984-06-23, but vernalization requirements not yet fulfilled. Forcing vernalization now (VERN=47.688571).
[2026-03-24 12:23:55,205][pcse.crop.phenology.Vernalisation][INFO] - Critical DVS for vernalization (VERNDVS) reached at day 1984-06-24, but vernalization requirements not yet fulfilled. Forcing vernalization now (VERN=47.688571).
[2026-03-24 12:23:55,210][pcse.crop.phenology.Vernalisation][INFO] - Critical DVS for vernalization (VERNDVS) reached at day 1984-06-25, but vernalization requirements not yet fulfilled. Forcing vernalization now (VERN=47.688571).
[2026-03-24 12:23:55,217][pcse.crop.phenology.Vernalisation][INFO] - Critical DVS for vernalization (VERNDVS) reached at day 1984-06-26, but vernalization requirements not yet fulfilled. Forcing vernalization now (VERN=47.688571).
[2026-03-24 12:23:55,221][pcse.crop.phenology.Vernalisation][INFO] - Critical DVS for vernalization (VERNDVS) reached at day 1984-06-27, but vernalization requirements not yet fulfilled. Forcing vernalization now (VERN=47.688571).
[2026-03-24 12:23:55,228][pcse.crop.phenology.Vernalisation][INFO] - Critical DVS for vernalization (VERNDVS) reached at day 1984-06-28, but vernalization requirements not yet fulfilled. Forcing vernalization now (VERN=47.688571).
[2026-03-24 12:23:55,233][pcse.crop.phenology.Vernalisation][INFO] - Critical DVS for vernalization (VERNDVS) reached at day 1984-06-29, but vernalization requirements not yet fulfilled. Forcing vernalization now (VERN=47.688571).
[2026-03-24 12:23:55,233][pcse.crop.phenology.Annual_Phenology][INFO] - Changed phenological stage 'vegetative' to 'reproductive' on 1984-06-29
[2026-03-24 12:23:55,606][pcse.crop.phenology.Annual_Phenology][INFO] - Changed phenological stage 'reproductive' to 'mature' on 1984-09-13
[2026-03-24 12:23:55,688][pcse.base.timer.Timer][INFO] - Reached end of simulation period as specified by END_DATE.
[EPISODE DBG] episode=9 step=2169 pred_return=0.242859 true_return=511562.195557 total_feedback=0 labeled_feedback=0
[2026-03-24 12:23:55,694][pcse.agromanager.SoilCalendar][INFO] - Starting soil (oregon) with variation (oregon_1) on day 1984-02-01
[2026-03-24 12:23:55,696][pcse.agromanager.CropCalendar][INFO] - Starting crop (wheat) with variety (wheat_1) on day 1984-02-01
[2026-03-24 12:23:56,111][pcse.crop.phenology.Annual_Phenology][INFO] - Changed phenological stage 'emerging' to 'vegetative' on 1984-04-10
[2026-03-24 12:23:56,294][pcse.crop.phenology.Vernalisation][INFO] - Critical DVS for vernalization (VERNDVS) reached at day 1984-06-02, but vernalization requirements not yet fulfilled. Forcing vernalization now (VERN=47.688571).
[2026-03-24 12:23:56,300][pcse.crop.phenology.Vernalisation][INFO] - Critical DVS for vernalization (VERNDVS) reached at day 1984-06-03, but vernalization requirements not yet fulfilled. Forcing vernalization now (VERN=47.688571).
[2026-03-24 12:23:56,305][pcse.crop.phenology.Vernalisation][INFO] - Critical DVS for vernalization (VERNDVS) reached at day 1984-06-04, but vernalization requirements not yet fulfilled. Forcing vernalization now (VERN=47.688571).
[2026-03-24 12:23:56,309][pcse.crop.phenology.Vernalisation][INFO] - Critical DVS for vernalization (VERNDVS) reached at day 1984-06-05, but vernalization requirements not yet fulfilled. Forcing vernalization now (VERN=47.688571).
[2026-03-24 12:23:56,317][pcse.crop.phenology.Vernalisation][INFO] - Critical DVS for vernalization (VERNDVS) reached at day 1984-06-06, but vernalization requirements not yet fulfilled. Forcing vernalization now (VERN=47.688571).
[2026-03-24 12:23:56,323][pcse.crop.phenology.Vernalisation][INFO] - Critical DVS for vernalization (VERNDVS) reached at day 1984-06-07, but vernalization requirements not yet fulfilled. Forcing vernalization now (VERN=47.688571).
[2026-03-24 12:23:56,328][pcse.crop.phenology.Vernalisation][INFO] - Critical DVS for vernalization (VERNDVS) reached at day 1984-06-08, but vernalization requirements not yet fulfilled. Forcing vernalization now (VERN=47.688571).
[2026-03-24 12:23:56,331][pcse.crop.phenology.Vernalisation][INFO] - Critical DVS for vernalization (VERNDVS) reached at day 1984-06-09, but vernalization requirements not yet fulfilled. Forcing vernalization now (VERN=47.688571).
[2026-03-24 12:23:56,335][pcse.crop.phenology.Vernalisation][INFO] - Critical DVS for vernalization (VERNDVS) reached at day 1984-06-10, but vernalization requirements not yet fulfilled. Forcing vernalization now (VERN=47.688571).
[2026-03-24 12:23:56,342][pcse.crop.phenology.Vernalisation][INFO] - Critical DVS for vernalization (VERNDVS) reached at day 1984-06-11, but vernalization requirements not yet fulfilled. Forcing vernalization now (VERN=47.688571).
[2026-03-24 12:23:56,348][pcse.crop.phenology.Vernalisation][INFO] - Critical DVS for vernalization (VERNDVS) reached at day 1984-06-12, but vernalization requirements not yet fulfilled. Forcing vernalization now (VERN=47.688571).
[2026-03-24 12:23:56,354][pcse.crop.phenology.Vernalisation][INFO] - Critical DVS for vernalization (VERNDVS) reached at day 1984-06-13, but vernalization requirements not yet fulfilled. Forcing vernalization now (VERN=47.688571).
[2026-03-24 12:23:56,358][pcse.crop.phenology.Vernalisation][INFO] - Critical DVS for vernalization (VERNDVS) reached at day 1984-06-14, but vernalization requirements not yet fulfilled. Forcing vernalization now (VERN=47.688571).
[2026-03-24 12:23:56,366][pcse.crop.phenology.Vernalisation][INFO] - Critical DVS for vernalization (VERNDVS) reached at day 1984-06-15, but vernalization requirements not yet fulfilled. Forcing vernalization now (VERN=47.688571).
[2026-03-24 12:23:56,371][pcse.crop.phenology.Vernalisation][INFO] - Critical DVS for vernalization (VERNDVS) reached at day 1984-06-16, but vernalization requirements not yet fulfilled. Forcing vernalization now (VERN=47.688571).
[2026-03-24 12:23:56,377][pcse.crop.phenology.Vernalisation][INFO] - Critical DVS for vernalization (VERNDVS) reached at day 1984-06-17, but vernalization requirements not yet fulfilled. Forcing vernalization now (VERN=47.688571).
[2026-03-24 12:23:56,380][pcse.crop.phenology.Vernalisation][INFO] - Critical DVS for vernalization (VERNDVS) reached at day 1984-06-18, but vernalization requirements not yet fulfilled. Forcing vernalization now (VERN=47.688571).
[2026-03-24 12:23:56,387][pcse.crop.phenology.Vernalisation][INFO] - Critical DVS for vernalization (VERNDVS) reached at day 1984-06-19, but vernalization requirements not yet fulfilled. Forcing vernalization now (VERN=47.688571).
[2026-03-24 12:23:56,390][pcse.crop.phenology.Vernalisation][INFO] - Critical DVS for vernalization (VERNDVS) reached at day 1984-06-20, but vernalization requirements not yet fulfilled. Forcing vernalization now (VERN=47.688571).
[2026-03-24 12:23:56,396][pcse.crop.phenology.Vernalisation][INFO] - Critical DVS for vernalization (VERNDVS) reached at day 1984-06-21, but vernalization requirements not yet fulfilled. Forcing vernalization now (VERN=47.688571).
[2026-03-24 12:23:56,402][pcse.crop.phenology.Vernalisation][INFO] - Critical DVS for vernalization (VERNDVS) reached at day 1984-06-22, but vernalization requirements not yet fulfilled. Forcing vernalization now (VERN=47.688571).
[2026-03-24 12:23:56,406][pcse.crop.phenology.Vernalisation][INFO] - Critical DVS for vernalization (VERNDVS) reached at day 1984-06-23, but vernalization requirements not yet fulfilled. Forcing vernalization now (VERN=47.688571).
[2026-03-24 12:23:56,413][pcse.crop.phenology.Vernalisation][INFO] - Critical DVS for vernalization (VERNDVS) reached at day 1984-06-24, but vernalization requirements not yet fulfilled. Forcing vernalization now (VERN=47.688571).
[2026-03-24 12:23:56,419][pcse.crop.phenology.Vernalisation][INFO] - Critical DVS for vernalization (VERNDVS) reached at day 1984-06-25, but vernalization requirements not yet fulfilled. Forcing vernalization now (VERN=47.688571).
[2026-03-24 12:23:56,425][pcse.crop.phenology.Vernalisation][INFO] - Critical DVS for vernalization (VERNDVS) reached at day 1984-06-26, but vernalization requirements not yet fulfilled. Forcing vernalization now (VERN=47.688571).
[2026-03-24 12:23:56,429][pcse.crop.phenology.Vernalisation][INFO] - Critical DVS for vernalization (VERNDVS) reached at day 1984-06-27, but vernalization requirements not yet fulfilled. Forcing vernalization now (VERN=47.688571).
[2026-03-24 12:23:56,437][pcse.crop.phenology.Vernalisation][INFO] - Critical DVS for vernalization (VERNDVS) reached at day 1984-06-28, but vernalization requirements not yet fulfilled. Forcing vernalization now (VERN=47.688571).
[2026-03-24 12:23:56,443][pcse.crop.phenology.Vernalisation][INFO] - Critical DVS for vernalization (VERNDVS) reached at day 1984-06-29, but vernalization requirements not yet fulfilled. Forcing vernalization now (VERN=47.688571).
[2026-03-24 12:23:56,443][pcse.crop.phenology.Annual_Phenology][INFO] - Changed phenological stage 'vegetative' to 'reproductive' on 1984-06-29
[2026-03-24 12:23:56,809][pcse.crop.phenology.Annual_Phenology][INFO] - Changed phenological stage 'reproductive' to 'mature' on 1984-09-13
[2026-03-24 12:23:56,892][pcse.base.timer.Timer][INFO] - Reached end of simulation period as specified by END_DATE.
[EPISODE DBG] episode=10 step=2410 pred_return=-0.292904 true_return=610447.356494 total_feedback=0 labeled_feedback=0
[2026-03-24 12:23:56,900][pcse.agromanager.SoilCalendar][INFO] - Starting soil (oregon) with variation (oregon_1) on day 1984-02-01
[2026-03-24 12:23:56,902][pcse.agromanager.CropCalendar][INFO] - Starting crop (wheat) with variety (wheat_1) on day 1984-02-01
[2026-03-24 12:23:57,316][pcse.crop.phenology.Annual_Phenology][INFO] - Changed phenological stage 'emerging' to 'vegetative' on 1984-04-10
[STEP DBG] step=2500 env_reward=0.000000 r_hat=0.002546 done=False
[NORM DBG] count=2500 mean_abs_mean=62687.097656 mean_std=234.843323 min_std=0.001000 max_std=3336.132812
[2026-03-24 12:23:57,573][pcse.crop.phenology.Vernalisation][INFO] - Critical DVS for vernalization (VERNDVS) reached at day 1984-06-02, but vernalization requirements not yet fulfilled. Forcing vernalization now (VERN=47.688571).
[2026-03-24 12:23:57,581][pcse.crop.phenology.Vernalisation][INFO] - Critical DVS for vernalization (VERNDVS) reached at day 1984-06-03, but vernalization requirements not yet fulfilled. Forcing vernalization now (VERN=47.688571).
[2026-03-24 12:23:57,587][pcse.crop.phenology.Vernalisation][INFO] - Critical DVS for vernalization (VERNDVS) reached at day 1984-06-04, but vernalization requirements not yet fulfilled. Forcing vernalization now (VERN=47.688571).
[2026-03-24 12:23:57,593][pcse.crop.phenology.Vernalisation][INFO] - Critical DVS for vernalization (VERNDVS) reached at day 1984-06-05, but vernalization requirements not yet fulfilled. Forcing vernalization now (VERN=47.688571).
[2026-03-24 12:23:57,597][pcse.crop.phenology.Vernalisation][INFO] - Critical DVS for vernalization (VERNDVS) reached at day 1984-06-06, but vernalization requirements not yet fulfilled. Forcing vernalization now (VERN=47.688571).
[2026-03-24 12:23:57,604][pcse.crop.phenology.Vernalisation][INFO] - Critical DVS for vernalization (VERNDVS) reached at day 1984-06-07, but vernalization requirements not yet fulfilled. Forcing vernalization now (VERN=47.688571).
[2026-03-24 12:23:57,607][pcse.crop.phenology.Vernalisation][INFO] - Critical DVS for vernalization (VERNDVS) reached at day 1984-06-08, but vernalization requirements not yet fulfilled. Forcing vernalization now (VERN=47.688571).
[2026-03-24 12:23:57,611][pcse.crop.phenology.Vernalisation][INFO] - Critical DVS for vernalization (VERNDVS) reached at day 1984-06-09, but vernalization requirements not yet fulfilled. Forcing vernalization now (VERN=47.688571).
[2026-03-24 12:23:57,616][pcse.crop.phenology.Vernalisation][INFO] - Critical DVS for vernalization (VERNDVS) reached at day 1984-06-10, but vernalization requirements not yet fulfilled. Forcing vernalization now (VERN=47.688571).
[2026-03-24 12:23:57,620][pcse.crop.phenology.Vernalisation][INFO] - Critical DVS for vernalization (VERNDVS) reached at day 1984-06-11, but vernalization requirements not yet fulfilled. Forcing vernalization now (VERN=47.688571).
[2026-03-24 12:23:57,628][pcse.crop.phenology.Vernalisation][INFO] - Critical DVS for vernalization (VERNDVS) reached at day 1984-06-12, but vernalization requirements not yet fulfilled. Forcing vernalization now (VERN=47.688571).
[2026-03-24 12:23:57,631][pcse.crop.phenology.Vernalisation][INFO] - Critical DVS for vernalization (VERNDVS) reached at day 1984-06-13, but vernalization requirements not yet fulfilled. Forcing vernalization now (VERN=47.688571).
[2026-03-24 12:23:57,635][pcse.crop.phenology.Vernalisation][INFO] - Critical DVS for vernalization (VERNDVS) reached at day 1984-06-14, but vernalization requirements not yet fulfilled. Forcing vernalization now (VERN=47.688571).
[2026-03-24 12:23:57,640][pcse.crop.phenology.Vernalisation][INFO] - Critical DVS for vernalization (VERNDVS) reached at day 1984-06-15, but vernalization requirements not yet fulfilled. Forcing vernalization now (VERN=47.688571).
[2026-03-24 12:23:57,644][pcse.crop.phenology.Vernalisation][INFO] - Critical DVS for vernalization (VERNDVS) reached at day 1984-06-16, but vernalization requirements not yet fulfilled. Forcing vernalization now (VERN=47.688571).
[2026-03-24 12:23:57,651][pcse.crop.phenology.Vernalisation][INFO] - Critical DVS for vernalization (VERNDVS) reached at day 1984-06-17, but vernalization requirements not yet fulfilled. Forcing vernalization now (VERN=47.688571).
[2026-03-24 12:23:57,654][pcse.crop.phenology.Vernalisation][INFO] - Critical DVS for vernalization (VERNDVS) reached at day 1984-06-18, but vernalization requirements not yet fulfilled. Forcing vernalization now (VERN=47.688571).
[2026-03-24 12:23:57,658][pcse.crop.phenology.Vernalisation][INFO] - Critical DVS for vernalization (VERNDVS) reached at day 1984-06-19, but vernalization requirements not yet fulfilled. Forcing vernalization now (VERN=47.688571).
[2026-03-24 12:23:57,663][pcse.crop.phenology.Vernalisation][INFO] - Critical DVS for vernalization (VERNDVS) reached at day 1984-06-20, but vernalization requirements not yet fulfilled. Forcing vernalization now (VERN=47.688571).
[2026-03-24 12:23:57,668][pcse.crop.phenology.Vernalisation][INFO] - Critical DVS for vernalization (VERNDVS) reached at day 1984-06-21, but vernalization requirements not yet fulfilled. Forcing vernalization now (VERN=47.688571).
[2026-03-24 12:23:57,675][pcse.crop.phenology.Vernalisation][INFO] - Critical DVS for vernalization (VERNDVS) reached at day 1984-06-22, but vernalization requirements not yet fulfilled. Forcing vernalization now (VERN=47.688571).
[2026-03-24 12:23:57,679][pcse.crop.phenology.Vernalisation][INFO] - Critical DVS for vernalization (VERNDVS) reached at day 1984-06-23, but vernalization requirements not yet fulfilled. Forcing vernalization now (VERN=47.688571).
[2026-03-24 12:23:57,682][pcse.crop.phenology.Vernalisation][INFO] - Critical DVS for vernalization (VERNDVS) reached at day 1984-06-24, but vernalization requirements not yet fulfilled. Forcing vernalization now (VERN=47.688571).
[2026-03-24 12:23:57,687][pcse.crop.phenology.Vernalisation][INFO] - Critical DVS for vernalization (VERNDVS) reached at day 1984-06-25, but vernalization requirements not yet fulfilled. Forcing vernalization now (VERN=47.688571).
[2026-03-24 12:23:57,691][pcse.crop.phenology.Vernalisation][INFO] - Critical DVS for vernalization (VERNDVS) reached at day 1984-06-26, but vernalization requirements not yet fulfilled. Forcing vernalization now (VERN=47.688571).
[2026-03-24 12:23:57,698][pcse.crop.phenology.Vernalisation][INFO] - Critical DVS for vernalization (VERNDVS) reached at day 1984-06-27, but vernalization requirements not yet fulfilled. Forcing vernalization now (VERN=47.688571).
[2026-03-24 12:23:57,702][pcse.crop.phenology.Vernalisation][INFO] - Critical DVS for vernalization (VERNDVS) reached at day 1984-06-28, but vernalization requirements not yet fulfilled. Forcing vernalization now (VERN=47.688571).
[2026-03-24 12:23:57,706][pcse.crop.phenology.Vernalisation][INFO] - Critical DVS for vernalization (VERNDVS) reached at day 1984-06-29, but vernalization requirements not yet fulfilled. Forcing vernalization now (VERN=47.688571).
[2026-03-24 12:23:57,706][pcse.crop.phenology.Annual_Phenology][INFO] - Changed phenological stage 'vegetative' to 'reproductive' on 1984-06-29
[2026-03-24 12:23:58,074][pcse.crop.phenology.Annual_Phenology][INFO] - Changed phenological stage 'reproductive' to 'mature' on 1984-09-13
[2026-03-24 12:23:58,149][pcse.base.timer.Timer][INFO] - Reached end of simulation period as specified by END_DATE.
[EPISODE DBG] episode=11 step=2651 pred_return=-0.727884 true_return=615675.934474 total_feedback=0 labeled_feedback=0
[2026-03-24 12:23:58,158][pcse.agromanager.SoilCalendar][INFO] - Starting soil (oregon) with variation (oregon_1) on day 1984-02-01
[2026-03-24 12:23:58,160][pcse.agromanager.CropCalendar][INFO] - Starting crop (wheat) with variety (wheat_1) on day 1984-02-01
[2026-03-24 12:23:58,576][pcse.crop.phenology.Annual_Phenology][INFO] - Changed phenological stage 'emerging' to 'vegetative' on 1984-04-10
[2026-03-24 12:23:58,815][pcse.crop.phenology.Vernalisation][INFO] - Critical DVS for vernalization (VERNDVS) reached at day 1984-06-02, but vernalization requirements not yet fulfilled. Forcing vernalization now (VERN=47.688571).
[2026-03-24 12:23:58,821][pcse.crop.phenology.Vernalisation][INFO] - Critical DVS for vernalization (VERNDVS) reached at day 1984-06-03, but vernalization requirements not yet fulfilled. Forcing vernalization now (VERN=47.688571).
[2026-03-24 12:23:58,825][pcse.crop.phenology.Vernalisation][INFO] - Critical DVS for vernalization (VERNDVS) reached at day 1984-06-04, but vernalization requirements not yet fulfilled. Forcing vernalization now (VERN=47.688571).
[2026-03-24 12:23:58,833][pcse.crop.phenology.Vernalisation][INFO] - Critical DVS for vernalization (VERNDVS) reached at day 1984-06-05, but vernalization requirements not yet fulfilled. Forcing vernalization now (VERN=47.688571).
[2026-03-24 12:23:58,837][pcse.crop.phenology.Vernalisation][INFO] - Critical DVS for vernalization (VERNDVS) reached at day 1984-06-06, but vernalization requirements not yet fulfilled. Forcing vernalization now (VERN=47.688571).
[2026-03-24 12:23:58,840][pcse.crop.phenology.Vernalisation][INFO] - Critical DVS for vernalization (VERNDVS) reached at day 1984-06-07, but vernalization requirements not yet fulfilled. Forcing vernalization now (VERN=47.688571).
[2026-03-24 12:23:58,845][pcse.crop.phenology.Vernalisation][INFO] - Critical DVS for vernalization (VERNDVS) reached at day 1984-06-08, but vernalization requirements not yet fulfilled. Forcing vernalization now (VERN=47.688571).
[2026-03-24 12:23:58,849][pcse.crop.phenology.Vernalisation][INFO] - Critical DVS for vernalization (VERNDVS) reached at day 1984-06-09, but vernalization requirements not yet fulfilled. Forcing vernalization now (VERN=47.688571).
[2026-03-24 12:23:58,857][pcse.crop.phenology.Vernalisation][INFO] - Critical DVS for vernalization (VERNDVS) reached at day 1984-06-10, but vernalization requirements not yet fulfilled. Forcing vernalization now (VERN=47.688571).
[2026-03-24 12:23:58,861][pcse.crop.phenology.Vernalisation][INFO] - Critical DVS for vernalization (VERNDVS) reached at day 1984-06-11, but vernalization requirements not yet fulfilled. Forcing vernalization now (VERN=47.688571).
[2026-03-24 12:23:58,864][pcse.crop.phenology.Vernalisation][INFO] - Critical DVS for vernalization (VERNDVS) reached at day 1984-06-12, but vernalization requirements not yet fulfilled. Forcing vernalization now (VERN=47.688571).
[2026-03-24 12:23:58,869][pcse.crop.phenology.Vernalisation][INFO] - Critical DVS for vernalization (VERNDVS) reached at day 1984-06-13, but vernalization requirements not yet fulfilled. Forcing vernalization now (VERN=47.688571).
[2026-03-24 12:23:58,874][pcse.crop.phenology.Vernalisation][INFO] - Critical DVS for vernalization (VERNDVS) reached at day 1984-06-14, but vernalization requirements not yet fulfilled. Forcing vernalization now (VERN=47.688571).
[2026-03-24 12:23:58,881][pcse.crop.phenology.Vernalisation][INFO] - Critical DVS for vernalization (VERNDVS) reached at day 1984-06-15, but vernalization requirements not yet fulfilled. Forcing vernalization now (VERN=47.688571).
[2026-03-24 12:23:58,887][pcse.crop.phenology.Vernalisation][INFO] - Critical DVS for vernalization (VERNDVS) reached at day 1984-06-16, but vernalization requirements not yet fulfilled. Forcing vernalization now (VERN=47.688571).
[2026-03-24 12:23:58,892][pcse.crop.phenology.Vernalisation][INFO] - Critical DVS for vernalization (VERNDVS) reached at day 1984-06-17, but vernalization requirements not yet fulfilled. Forcing vernalization now (VERN=47.688571).
[2026-03-24 12:23:58,896][pcse.crop.phenology.Vernalisation][INFO] - Critical DVS for vernalization (VERNDVS) reached at day 1984-06-18, but vernalization requirements not yet fulfilled. Forcing vernalization now (VERN=47.688571).
[2026-03-24 12:23:58,904][pcse.crop.phenology.Vernalisation][INFO] - Critical DVS for vernalization (VERNDVS) reached at day 1984-06-19, but vernalization requirements not yet fulfilled. Forcing vernalization now (VERN=47.688571).
[2026-03-24 12:23:58,908][pcse.crop.phenology.Vernalisation][INFO] - Critical DVS for vernalization (VERNDVS) reached at day 1984-06-20, but vernalization requirements not yet fulfilled. Forcing vernalization now (VERN=47.688571).
[2026-03-24 12:23:58,912][pcse.crop.phenology.Vernalisation][INFO] - Critical DVS for vernalization (VERNDVS) reached at day 1984-06-21, but vernalization requirements not yet fulfilled. Forcing vernalization now (VERN=47.688571).
[2026-03-24 12:23:58,917][pcse.crop.phenology.Vernalisation][INFO] - Critical DVS for vernalization (VERNDVS) reached at day 1984-06-22, but vernalization requirements not yet fulfilled. Forcing vernalization now (VERN=47.688571).
[2026-03-24 12:23:58,921][pcse.crop.phenology.Vernalisation][INFO] - Critical DVS for vernalization (VERNDVS) reached at day 1984-06-23, but vernalization requirements not yet fulfilled. Forcing vernalization now (VERN=47.688571).
[2026-03-24 12:23:58,928][pcse.crop.phenology.Vernalisation][INFO] - Critical DVS for vernalization (VERNDVS) reached at day 1984-06-24, but vernalization requirements not yet fulfilled. Forcing vernalization now (VERN=47.688571).
[2026-03-24 12:23:58,932][pcse.crop.phenology.Vernalisation][INFO] - Critical DVS for vernalization (VERNDVS) reached at day 1984-06-25, but vernalization requirements not yet fulfilled. Forcing vernalization now (VERN=47.688571).
[2026-03-24 12:23:58,936][pcse.crop.phenology.Vernalisation][INFO] - Critical DVS for vernalization (VERNDVS) reached at day 1984-06-26, but vernalization requirements not yet fulfilled. Forcing vernalization now (VERN=47.688571).
[2026-03-24 12:23:58,941][pcse.crop.phenology.Vernalisation][INFO] - Critical DVS for vernalization (VERNDVS) reached at day 1984-06-27, but vernalization requirements not yet fulfilled. Forcing vernalization now (VERN=47.688571).
[2026-03-24 12:23:58,945][pcse.crop.phenology.Vernalisation][INFO] - Critical DVS for vernalization (VERNDVS) reached at day 1984-06-28, but vernalization requirements not yet fulfilled. Forcing vernalization now (VERN=47.688571).
[2026-03-24 12:23:58,952][pcse.crop.phenology.Vernalisation][INFO] - Critical DVS for vernalization (VERNDVS) reached at day 1984-06-29, but vernalization requirements not yet fulfilled. Forcing vernalization now (VERN=47.688571).
[2026-03-24 12:23:58,952][pcse.crop.phenology.Annual_Phenology][INFO] - Changed phenological stage 'vegetative' to 'reproductive' on 1984-06-29
[2026-03-24 12:23:59,305][pcse.crop.phenology.Annual_Phenology][INFO] - Changed phenological stage 'reproductive' to 'mature' on 1984-09-13
[2026-03-24 12:23:59,384][pcse.base.timer.Timer][INFO] - Reached end of simulation period as specified by END_DATE.
[EPISODE DBG] episode=12 step=2892 pred_return=0.074662 true_return=611258.176909 total_feedback=0 labeled_feedback=0
[2026-03-24 12:23:59,391][pcse.agromanager.SoilCalendar][INFO] - Starting soil (oregon) with variation (oregon_1) on day 1984-02-01
[2026-03-24 12:23:59,393][pcse.agromanager.CropCalendar][INFO] - Starting crop (wheat) with variety (wheat_1) on day 1984-02-01
[2026-03-24 12:23:59,805][pcse.crop.phenology.Annual_Phenology][INFO] - Changed phenological stage 'emerging' to 'vegetative' on 1984-04-10
[STEP DBG] step=3000 env_reward=0.000000 r_hat=0.002938 done=False
[NORM DBG] count=3000 mean_abs_mean=62688.597656 mean_std=237.050064 min_std=0.001000 max_std=3374.640137
[2026-03-24 12:24:00,043][pcse.crop.phenology.Vernalisation][INFO] - Critical DVS for vernalization (VERNDVS) reached at day 1984-06-02, but vernalization requirements not yet fulfilled. Forcing vernalization now (VERN=47.688571).
[2026-03-24 12:24:00,048][pcse.crop.phenology.Vernalisation][INFO] - Critical DVS for vernalization (VERNDVS) reached at day 1984-06-03, but vernalization requirements not yet fulfilled. Forcing vernalization now (VERN=47.688571).
[2026-03-24 12:24:00,050][pcse.crop.phenology.Vernalisation][INFO] - Critical DVS for vernalization (VERNDVS) reached at day 1984-06-04, but vernalization requirements not yet fulfilled. Forcing vernalization now (VERN=47.688571).
[2026-03-24 12:24:00,053][pcse.crop.phenology.Vernalisation][INFO] - Critical DVS for vernalization (VERNDVS) reached at day 1984-06-05, but vernalization requirements not yet fulfilled. Forcing vernalization now (VERN=47.688571).
[2026-03-24 12:24:00,058][pcse.crop.phenology.Vernalisation][INFO] - Critical DVS for vernalization (VERNDVS) reached at day 1984-06-06, but vernalization requirements not yet fulfilled. Forcing vernalization now (VERN=47.688571).
[2026-03-24 12:24:00,063][pcse.crop.phenology.Vernalisation][INFO] - Critical DVS for vernalization (VERNDVS) reached at day 1984-06-07, but vernalization requirements not yet fulfilled. Forcing vernalization now (VERN=47.688571).
[2026-03-24 12:24:00,067][pcse.crop.phenology.Vernalisation][INFO] - Critical DVS for vernalization (VERNDVS) reached at day 1984-06-08, but vernalization requirements not yet fulfilled. Forcing vernalization now (VERN=47.688571).
[2026-03-24 12:24:00,073][pcse.crop.phenology.Vernalisation][INFO] - Critical DVS for vernalization (VERNDVS) reached at day 1984-06-09, but vernalization requirements not yet fulfilled. Forcing vernalization now (VERN=47.688571).
[2026-03-24 12:24:00,077][pcse.crop.phenology.Vernalisation][INFO] - Critical DVS for vernalization (VERNDVS) reached at day 1984-06-10, but vernalization requirements not yet fulfilled. Forcing vernalization now (VERN=47.688571).
[2026-03-24 12:24:00,082][pcse.crop.phenology.Vernalisation][INFO] - Critical DVS for vernalization (VERNDVS) reached at day 1984-06-11, but vernalization requirements not yet fulfilled. Forcing vernalization now (VERN=47.688571).
[2026-03-24 12:24:00,088][pcse.crop.phenology.Vernalisation][INFO] - Critical DVS for vernalization (VERNDVS) reached at day 1984-06-12, but vernalization requirements not yet fulfilled. Forcing vernalization now (VERN=47.688571).
[2026-03-24 12:24:00,092][pcse.crop.phenology.Vernalisation][INFO] - Critical DVS for vernalization (VERNDVS) reached at day 1984-06-13, but vernalization requirements not yet fulfilled. Forcing vernalization now (VERN=47.688571).
[2026-03-24 12:24:00,095][pcse.crop.phenology.Vernalisation][INFO] - Critical DVS for vernalization (VERNDVS) reached at day 1984-06-14, but vernalization requirements not yet fulfilled. Forcing vernalization now (VERN=47.688571).
[2026-03-24 12:24:00,102][pcse.crop.phenology.Vernalisation][INFO] - Critical DVS for vernalization (VERNDVS) reached at day 1984-06-15, but vernalization requirements not yet fulfilled. Forcing vernalization now (VERN=47.688571).
[2026-03-24 12:24:00,105][pcse.crop.phenology.Vernalisation][INFO] - Critical DVS for vernalization (VERNDVS) reached at day 1984-06-16, but vernalization requirements not yet fulfilled. Forcing vernalization now (VERN=47.688571).
[2026-03-24 12:24:00,109][pcse.crop.phenology.Vernalisation][INFO] - Critical DVS for vernalization (VERNDVS) reached at day 1984-06-17, but vernalization requirements not yet fulfilled. Forcing vernalization now (VERN=47.688571).
[2026-03-24 12:24:00,114][pcse.crop.phenology.Vernalisation][INFO] - Critical DVS for vernalization (VERNDVS) reached at day 1984-06-18, but vernalization requirements not yet fulfilled. Forcing vernalization now (VERN=47.688571).
[2026-03-24 12:24:00,118][pcse.crop.phenology.Vernalisation][INFO] - Critical DVS for vernalization (VERNDVS) reached at day 1984-06-19, but vernalization requirements not yet fulfilled. Forcing vernalization now (VERN=47.688571).
[2026-03-24 12:24:00,125][pcse.crop.phenology.Vernalisation][INFO] - Critical DVS for vernalization (VERNDVS) reached at day 1984-06-20, but vernalization requirements not yet fulfilled. Forcing vernalization now (VERN=47.688571).
[2026-03-24 12:24:00,131][pcse.crop.phenology.Vernalisation][INFO] - Critical DVS for vernalization (VERNDVS) reached at day 1984-06-21, but vernalization requirements not yet fulfilled. Forcing vernalization now (VERN=47.688571).
[2026-03-24 12:24:00,136][pcse.crop.phenology.Vernalisation][INFO] - Critical DVS for vernalization (VERNDVS) reached at day 1984-06-22, but vernalization requirements not yet fulfilled. Forcing vernalization now (VERN=47.688571).
[2026-03-24 12:24:00,139][pcse.crop.phenology.Vernalisation][INFO] - Critical DVS for vernalization (VERNDVS) reached at day 1984-06-23, but vernalization requirements not yet fulfilled. Forcing vernalization now (VERN=47.688571).
[2026-03-24 12:24:00,144][pcse.crop.phenology.Vernalisation][INFO] - Critical DVS for vernalization (VERNDVS) reached at day 1984-06-24, but vernalization requirements not yet fulfilled. Forcing vernalization now (VERN=47.688571).
[2026-03-24 12:24:00,149][pcse.crop.phenology.Vernalisation][INFO] - Critical DVS for vernalization (VERNDVS) reached at day 1984-06-25, but vernalization requirements not yet fulfilled. Forcing vernalization now (VERN=47.688571).
[2026-03-24 12:24:00,154][pcse.crop.phenology.Vernalisation][INFO] - Critical DVS for vernalization (VERNDVS) reached at day 1984-06-26, but vernalization requirements not yet fulfilled. Forcing vernalization now (VERN=47.688571).
[2026-03-24 12:24:00,159][pcse.crop.phenology.Vernalisation][INFO] - Critical DVS for vernalization (VERNDVS) reached at day 1984-06-27, but vernalization requirements not yet fulfilled. Forcing vernalization now (VERN=47.688571).
[2026-03-24 12:24:00,163][pcse.crop.phenology.Vernalisation][INFO] - Critical DVS for vernalization (VERNDVS) reached at day 1984-06-28, but vernalization requirements not yet fulfilled. Forcing vernalization now (VERN=47.688571).
[2026-03-24 12:24:00,166][pcse.crop.phenology.Vernalisation][INFO] - Critical DVS for vernalization (VERNDVS) reached at day 1984-06-29, but vernalization requirements not yet fulfilled. Forcing vernalization now (VERN=47.688571).
[2026-03-24 12:24:00,166][pcse.crop.phenology.Annual_Phenology][INFO] - Changed phenological stage 'vegetative' to 'reproductive' on 1984-06-29
[2026-03-24 12:24:00,517][pcse.crop.phenology.Annual_Phenology][INFO] - Changed phenological stage 'reproductive' to 'mature' on 1984-09-13
[2026-03-24 12:24:00,597][pcse.base.timer.Timer][INFO] - Reached end of simulation period as specified by END_DATE.
[EPISODE DBG] episode=13 step=3133 pred_return=-0.346462 true_return=617744.793758 total_feedback=0 labeled_feedback=0
[2026-03-24 12:24:00,603][pcse.agromanager.SoilCalendar][INFO] - Starting soil (oregon) with variation (oregon_1) on day 1984-02-01
[2026-03-24 12:24:00,604][pcse.agromanager.CropCalendar][INFO] - Starting crop (wheat) with variety (wheat_1) on day 1984-02-01
[2026-03-24 12:24:01,020][pcse.crop.phenology.Annual_Phenology][INFO] - Changed phenological stage 'emerging' to 'vegetative' on 1984-04-10
[2026-03-24 12:24:01,265][pcse.crop.phenology.Vernalisation][INFO] - Critical DVS for vernalization (VERNDVS) reached at day 1984-06-02, but vernalization requirements not yet fulfilled. Forcing vernalization now (VERN=47.688571).
[2026-03-24 12:24:01,269][pcse.crop.phenology.Vernalisation][INFO] - Critical DVS for vernalization (VERNDVS) reached at day 1984-06-03, but vernalization requirements not yet fulfilled. Forcing vernalization now (VERN=47.688571).
[2026-03-24 12:24:01,273][pcse.crop.phenology.Vernalisation][INFO] - Critical DVS for vernalization (VERNDVS) reached at day 1984-06-04, but vernalization requirements not yet fulfilled. Forcing vernalization now (VERN=47.688571).
[2026-03-24 12:24:01,277][pcse.crop.phenology.Vernalisation][INFO] - Critical DVS for vernalization (VERNDVS) reached at day 1984-06-05, but vernalization requirements not yet fulfilled. Forcing vernalization now (VERN=47.688571).
[2026-03-24 12:24:01,281][pcse.crop.phenology.Vernalisation][INFO] - Critical DVS for vernalization (VERNDVS) reached at day 1984-06-06, but vernalization requirements not yet fulfilled. Forcing vernalization now (VERN=47.688571).
[2026-03-24 12:24:01,288][pcse.crop.phenology.Vernalisation][INFO] - Critical DVS for vernalization (VERNDVS) reached at day 1984-06-07, but vernalization requirements not yet fulfilled. Forcing vernalization now (VERN=47.688571).
[2026-03-24 12:24:01,292][pcse.crop.phenology.Vernalisation][INFO] - Critical DVS for vernalization (VERNDVS) reached at day 1984-06-08, but vernalization requirements not yet fulfilled. Forcing vernalization now (VERN=47.688571).
[2026-03-24 12:24:01,296][pcse.crop.phenology.Vernalisation][INFO] - Critical DVS for vernalization (VERNDVS) reached at day 1984-06-09, but vernalization requirements not yet fulfilled. Forcing vernalization now (VERN=47.688571).
[2026-03-24 12:24:01,301][pcse.crop.phenology.Vernalisation][INFO] - Critical DVS for vernalization (VERNDVS) reached at day 1984-06-10, but vernalization requirements not yet fulfilled. Forcing vernalization now (VERN=47.688571).
[2026-03-24 12:24:01,305][pcse.crop.phenology.Vernalisation][INFO] - Critical DVS for vernalization (VERNDVS) reached at day 1984-06-11, but vernalization requirements not yet fulfilled. Forcing vernalization now (VERN=47.688571).
[2026-03-24 12:24:01,312][pcse.crop.phenology.Vernalisation][INFO] - Critical DVS for vernalization (VERNDVS) reached at day 1984-06-12, but vernalization requirements not yet fulfilled. Forcing vernalization now (VERN=47.688571).
[2026-03-24 12:24:01,316][pcse.crop.phenology.Vernalisation][INFO] - Critical DVS for vernalization (VERNDVS) reached at day 1984-06-13, but vernalization requirements not yet fulfilled. Forcing vernalization now (VERN=47.688571).
[2026-03-24 12:24:01,320][pcse.crop.phenology.Vernalisation][INFO] - Critical DVS for vernalization (VERNDVS) reached at day 1984-06-14, but vernalization requirements not yet fulfilled. Forcing vernalization now (VERN=47.688571).
[2026-03-24 12:24:01,325][pcse.crop.phenology.Vernalisation][INFO] - Critical DVS for vernalization (VERNDVS) reached at day 1984-06-15, but vernalization requirements not yet fulfilled. Forcing vernalization now (VERN=47.688571).
[2026-03-24 12:24:01,329][pcse.crop.phenology.Vernalisation][INFO] - Critical DVS for vernalization (VERNDVS) reached at day 1984-06-16, but vernalization requirements not yet fulfilled. Forcing vernalization now (VERN=47.688571).
[2026-03-24 12:24:01,336][pcse.crop.phenology.Vernalisation][INFO] - Critical DVS for vernalization (VERNDVS) reached at day 1984-06-17, but vernalization requirements not yet fulfilled. Forcing vernalization now (VERN=47.688571).
[2026-03-24 12:24:01,340][pcse.crop.phenology.Vernalisation][INFO] - Critical DVS for vernalization (VERNDVS) reached at day 1984-06-18, but vernalization requirements not yet fulfilled. Forcing vernalization now (VERN=47.688571).
[2026-03-24 12:24:01,344][pcse.crop.phenology.Vernalisation][INFO] - Critical DVS for vernalization (VERNDVS) reached at day 1984-06-19, but vernalization requirements not yet fulfilled. Forcing vernalization now (VERN=47.688571).
[2026-03-24 12:24:01,349][pcse.crop.phenology.Vernalisation][INFO] - Critical DVS for vernalization (VERNDVS) reached at day 1984-06-20, but vernalization requirements not yet fulfilled. Forcing vernalization now (VERN=47.688571).
[2026-03-24 12:24:01,352][pcse.crop.phenology.Vernalisation][INFO] - Critical DVS for vernalization (VERNDVS) reached at day 1984-06-21, but vernalization requirements not yet fulfilled. Forcing vernalization now (VERN=47.688571).
[2026-03-24 12:24:01,360][pcse.crop.phenology.Vernalisation][INFO] - Critical DVS for vernalization (VERNDVS) reached at day 1984-06-22, but vernalization requirements not yet fulfilled. Forcing vernalization now (VERN=47.688571).
[2026-03-24 12:24:01,366][pcse.crop.phenology.Vernalisation][INFO] - Critical DVS for vernalization (VERNDVS) reached at day 1984-06-23, but vernalization requirements not yet fulfilled. Forcing vernalization now (VERN=47.688571).
[2026-03-24 12:24:01,371][pcse.crop.phenology.Vernalisation][INFO] - Critical DVS for vernalization (VERNDVS) reached at day 1984-06-24, but vernalization requirements not yet fulfilled. Forcing vernalization now (VERN=47.688571).
[2026-03-24 12:24:01,374][pcse.crop.phenology.Vernalisation][INFO] - Critical DVS for vernalization (VERNDVS) reached at day 1984-06-25, but vernalization requirements not yet fulfilled. Forcing vernalization now (VERN=47.688571).
[2026-03-24 12:24:01,381][pcse.crop.phenology.Vernalisation][INFO] - Critical DVS for vernalization (VERNDVS) reached at day 1984-06-26, but vernalization requirements not yet fulfilled. Forcing vernalization now (VERN=47.688571).
[2026-03-24 12:24:01,384][pcse.crop.phenology.Vernalisation][INFO] - Critical DVS for vernalization (VERNDVS) reached at day 1984-06-27, but vernalization requirements not yet fulfilled. Forcing vernalization now (VERN=47.688571).
[2026-03-24 12:24:01,390][pcse.crop.phenology.Vernalisation][INFO] - Critical DVS for vernalization (VERNDVS) reached at day 1984-06-28, but vernalization requirements not yet fulfilled. Forcing vernalization now (VERN=47.688571).
[2026-03-24 12:24:01,395][pcse.crop.phenology.Vernalisation][INFO] - Critical DVS for vernalization (VERNDVS) reached at day 1984-06-29, but vernalization requirements not yet fulfilled. Forcing vernalization now (VERN=47.688571).
[2026-03-24 12:24:01,396][pcse.crop.phenology.Annual_Phenology][INFO] - Changed phenological stage 'vegetative' to 'reproductive' on 1984-06-29
[2026-03-24 12:24:01,751][pcse.crop.phenology.Annual_Phenology][INFO] - Changed phenological stage 'reproductive' to 'mature' on 1984-09-13
[2026-03-24 12:24:01,832][pcse.base.timer.Timer][INFO] - Reached end of simulation period as specified by END_DATE.
[EPISODE DBG] episode=14 step=3374 pred_return=-0.432826 true_return=591341.158081 total_feedback=0 labeled_feedback=0
[2026-03-24 12:24:01,838][pcse.agromanager.SoilCalendar][INFO] - Starting soil (oregon) with variation (oregon_1) on day 1984-02-01
[2026-03-24 12:24:01,840][pcse.agromanager.CropCalendar][INFO] - Starting crop (wheat) with variety (wheat_1) on day 1984-02-01
[2026-03-24 12:24:02,258][pcse.crop.phenology.Annual_Phenology][INFO] - Changed phenological stage 'emerging' to 'vegetative' on 1984-04-10
[2026-03-24 12:24:02,506][pcse.crop.phenology.Vernalisation][INFO] - Critical DVS for vernalization (VERNDVS) reached at day 1984-06-02, but vernalization requirements not yet fulfilled. Forcing vernalization now (VERN=47.688571).
[2026-03-24 12:24:02,511][pcse.crop.phenology.Vernalisation][INFO] - Critical DVS for vernalization (VERNDVS) reached at day 1984-06-03, but vernalization requirements not yet fulfilled. Forcing vernalization now (VERN=47.688571).
[2026-03-24 12:24:02,515][pcse.crop.phenology.Vernalisation][INFO] - Critical DVS for vernalization (VERNDVS) reached at day 1984-06-04, but vernalization requirements not yet fulfilled. Forcing vernalization now (VERN=47.688571).
[2026-03-24 12:24:02,523][pcse.crop.phenology.Vernalisation][INFO] - Critical DVS for vernalization (VERNDVS) reached at day 1984-06-05, but vernalization requirements not yet fulfilled. Forcing vernalization now (VERN=47.688571).
[2026-03-24 12:24:02,529][pcse.crop.phenology.Vernalisation][INFO] - Critical DVS for vernalization (VERNDVS) reached at day 1984-06-06, but vernalization requirements not yet fulfilled. Forcing vernalization now (VERN=47.688571).
[2026-03-24 12:24:02,534][pcse.crop.phenology.Vernalisation][INFO] - Critical DVS for vernalization (VERNDVS) reached at day 1984-06-07, but vernalization requirements not yet fulfilled. Forcing vernalization now (VERN=47.688571).
[2026-03-24 12:24:02,537][pcse.crop.phenology.Vernalisation][INFO] - Critical DVS for vernalization (VERNDVS) reached at day 1984-06-08, but vernalization requirements not yet fulfilled. Forcing vernalization now (VERN=47.688571).
[STEP DBG] step=3500 env_reward=0.000000 r_hat=-0.000348 done=False
[NORM DBG] count=3500 mean_abs_mean=62689.265625 mean_std=237.959259 min_std=0.001000 max_std=3391.211670
[2026-03-24 12:24:02,544][pcse.crop.phenology.Vernalisation][INFO] - Critical DVS for vernalization (VERNDVS) reached at day 1984-06-09, but vernalization requirements not yet fulfilled. Forcing vernalization now (VERN=47.688571).
[2026-03-24 12:24:02,547][pcse.crop.phenology.Vernalisation][INFO] - Critical DVS for vernalization (VERNDVS) reached at day 1984-06-10, but vernalization requirements not yet fulfilled. Forcing vernalization now (VERN=47.688571).
[2026-03-24 12:24:02,553][pcse.crop.phenology.Vernalisation][INFO] - Critical DVS for vernalization (VERNDVS) reached at day 1984-06-11, but vernalization requirements not yet fulfilled. Forcing vernalization now (VERN=47.688571).
[2026-03-24 12:24:02,558][pcse.crop.phenology.Vernalisation][INFO] - Critical DVS for vernalization (VERNDVS) reached at day 1984-06-12, but vernalization requirements not yet fulfilled. Forcing vernalization now (VERN=47.688571).
[2026-03-24 12:24:02,562][pcse.crop.phenology.Vernalisation][INFO] - Critical DVS for vernalization (VERNDVS) reached at day 1984-06-13, but vernalization requirements not yet fulfilled. Forcing vernalization now (VERN=47.688571).
[2026-03-24 12:24:02,568][pcse.crop.phenology.Vernalisation][INFO] - Critical DVS for vernalization (VERNDVS) reached at day 1984-06-14, but vernalization requirements not yet fulfilled. Forcing vernalization now (VERN=47.688571).
[2026-03-24 12:24:02,572][pcse.crop.phenology.Vernalisation][INFO] - Critical DVS for vernalization (VERNDVS) reached at day 1984-06-15, but vernalization requirements not yet fulfilled. Forcing vernalization now (VERN=47.688571).
[2026-03-24 12:24:02,577][pcse.crop.phenology.Vernalisation][INFO] - Critical DVS for vernalization (VERNDVS) reached at day 1984-06-16, but vernalization requirements not yet fulfilled. Forcing vernalization now (VERN=47.688571).
[2026-03-24 12:24:02,582][pcse.crop.phenology.Vernalisation][INFO] - Critical DVS for vernalization (VERNDVS) reached at day 1984-06-17, but vernalization requirements not yet fulfilled. Forcing vernalization now (VERN=47.688571).
[2026-03-24 12:24:02,586][pcse.crop.phenology.Vernalisation][INFO] - Critical DVS for vernalization (VERNDVS) reached at day 1984-06-18, but vernalization requirements not yet fulfilled. Forcing vernalization now (VERN=47.688571).
[2026-03-24 12:24:02,592][pcse.crop.phenology.Vernalisation][INFO] - Critical DVS for vernalization (VERNDVS) reached at day 1984-06-19, but vernalization requirements not yet fulfilled. Forcing vernalization now (VERN=47.688571).
[2026-03-24 12:24:02,596][pcse.crop.phenology.Vernalisation][INFO] - Critical DVS for vernalization (VERNDVS) reached at day 1984-06-20, but vernalization requirements not yet fulfilled. Forcing vernalization now (VERN=47.688571).
[2026-03-24 12:24:02,602][pcse.crop.phenology.Vernalisation][INFO] - Critical DVS for vernalization (VERNDVS) reached at day 1984-06-21, but vernalization requirements not yet fulfilled. Forcing vernalization now (VERN=47.688571).
[2026-03-24 12:24:02,607][pcse.crop.phenology.Vernalisation][INFO] - Critical DVS for vernalization (VERNDVS) reached at day 1984-06-22, but vernalization requirements not yet fulfilled. Forcing vernalization now (VERN=47.688571).
[2026-03-24 12:24:02,610][pcse.crop.phenology.Vernalisation][INFO] - Critical DVS for vernalization (VERNDVS) reached at day 1984-06-23, but vernalization requirements not yet fulfilled. Forcing vernalization now (VERN=47.688571).
[2026-03-24 12:24:02,617][pcse.crop.phenology.Vernalisation][INFO] - Critical DVS for vernalization (VERNDVS) reached at day 1984-06-24, but vernalization requirements not yet fulfilled. Forcing vernalization now (VERN=47.688571).
[2026-03-24 12:24:02,620][pcse.crop.phenology.Vernalisation][INFO] - Critical DVS for vernalization (VERNDVS) reached at day 1984-06-25, but vernalization requirements not yet fulfilled. Forcing vernalization now (VERN=47.688571).
[2026-03-24 12:24:02,626][pcse.crop.phenology.Vernalisation][INFO] - Critical DVS for vernalization (VERNDVS) reached at day 1984-06-26, but vernalization requirements not yet fulfilled. Forcing vernalization now (VERN=47.688571).
[2026-03-24 12:24:02,632][pcse.crop.phenology.Vernalisation][INFO] - Critical DVS for vernalization (VERNDVS) reached at day 1984-06-27, but vernalization requirements not yet fulfilled. Forcing vernalization now (VERN=47.688571).
[2026-03-24 12:24:02,636][pcse.crop.phenology.Vernalisation][INFO] - Critical DVS for vernalization (VERNDVS) reached at day 1984-06-28, but vernalization requirements not yet fulfilled. Forcing vernalization now (VERN=47.688571).
[2026-03-24 12:24:02,643][pcse.crop.phenology.Vernalisation][INFO] - Critical DVS for vernalization (VERNDVS) reached at day 1984-06-29, but vernalization requirements not yet fulfilled. Forcing vernalization now (VERN=47.688571).
[2026-03-24 12:24:02,643][pcse.crop.phenology.Annual_Phenology][INFO] - Changed phenological stage 'vegetative' to 'reproductive' on 1984-06-29
[2026-03-24 12:24:02,995][pcse.crop.phenology.Annual_Phenology][INFO] - Changed phenological stage 'reproductive' to 'mature' on 1984-09-13
[2026-03-24 12:24:03,069][pcse.base.timer.Timer][INFO] - Reached end of simulation period as specified by END_DATE.
[EPISODE DBG] episode=15 step=3615 pred_return=-0.296493 true_return=618978.610896 total_feedback=0 labeled_feedback=0
[2026-03-24 12:24:03,077][pcse.agromanager.SoilCalendar][INFO] - Starting soil (oregon) with variation (oregon_1) on day 1984-02-01
[2026-03-24 12:24:03,079][pcse.agromanager.CropCalendar][INFO] - Starting crop (wheat) with variety (wheat_1) on day 1984-02-01
[2026-03-24 12:24:03,495][pcse.crop.phenology.Annual_Phenology][INFO] - Changed phenological stage 'emerging' to 'vegetative' on 1984-04-10
[2026-03-24 12:24:03,735][pcse.crop.phenology.Vernalisation][INFO] - Critical DVS for vernalization (VERNDVS) reached at day 1984-06-02, but vernalization requirements not yet fulfilled. Forcing vernalization now (VERN=47.688571).
[2026-03-24 12:24:03,739][pcse.crop.phenology.Vernalisation][INFO] - Critical DVS for vernalization (VERNDVS) reached at day 1984-06-03, but vernalization requirements not yet fulfilled. Forcing vernalization now (VERN=47.688571).
[2026-03-24 12:24:03,744][pcse.crop.phenology.Vernalisation][INFO] - Critical DVS for vernalization (VERNDVS) reached at day 1984-06-04, but vernalization requirements not yet fulfilled. Forcing vernalization now (VERN=47.688571).
[2026-03-24 12:24:03,748][pcse.crop.phenology.Vernalisation][INFO] - Critical DVS for vernalization (VERNDVS) reached at day 1984-06-05, but vernalization requirements not yet fulfilled. Forcing vernalization now (VERN=47.688571).
[2026-03-24 12:24:03,755][pcse.crop.phenology.Vernalisation][INFO] - Critical DVS for vernalization (VERNDVS) reached at day 1984-06-06, but vernalization requirements not yet fulfilled. Forcing vernalization now (VERN=47.688571).
[2026-03-24 12:24:03,761][pcse.crop.phenology.Vernalisation][INFO] - Critical DVS for vernalization (VERNDVS) reached at day 1984-06-07, but vernalization requirements not yet fulfilled. Forcing vernalization now (VERN=47.688571).
[2026-03-24 12:24:03,766][pcse.crop.phenology.Vernalisation][INFO] - Critical DVS for vernalization (VERNDVS) reached at day 1984-06-08, but vernalization requirements not yet fulfilled. Forcing vernalization now (VERN=47.688571).
[2026-03-24 12:24:03,770][pcse.crop.phenology.Vernalisation][INFO] - Critical DVS for vernalization (VERNDVS) reached at day 1984-06-09, but vernalization requirements not yet fulfilled. Forcing vernalization now (VERN=47.688571).
[2026-03-24 12:24:03,778][pcse.crop.phenology.Vernalisation][INFO] - Critical DVS for vernalization (VERNDVS) reached at day 1984-06-10, but vernalization requirements not yet fulfilled. Forcing vernalization now (VERN=47.688571).
[2026-03-24 12:24:03,782][pcse.crop.phenology.Vernalisation][INFO] - Critical DVS for vernalization (VERNDVS) reached at day 1984-06-11, but vernalization requirements not yet fulfilled. Forcing vernalization now (VERN=47.688571).
[2026-03-24 12:24:03,786][pcse.crop.phenology.Vernalisation][INFO] - Critical DVS for vernalization (VERNDVS) reached at day 1984-06-12, but vernalization requirements not yet fulfilled. Forcing vernalization now (VERN=47.688571).
[2026-03-24 12:24:03,791][pcse.crop.phenology.Vernalisation][INFO] - Critical DVS for vernalization (VERNDVS) reached at day 1984-06-13, but vernalization requirements not yet fulfilled. Forcing vernalization now (VERN=47.688571).
[2026-03-24 12:24:03,795][pcse.crop.phenology.Vernalisation][INFO] - Critical DVS for vernalization (VERNDVS) reached at day 1984-06-14, but vernalization requirements not yet fulfilled. Forcing vernalization now (VERN=47.688571).
[2026-03-24 12:24:03,802][pcse.crop.phenology.Vernalisation][INFO] - Critical DVS for vernalization (VERNDVS) reached at day 1984-06-15, but vernalization requirements not yet fulfilled. Forcing vernalization now (VERN=47.688571).
[2026-03-24 12:24:03,806][pcse.crop.phenology.Vernalisation][INFO] - Critical DVS for vernalization (VERNDVS) reached at day 1984-06-16, but vernalization requirements not yet fulfilled. Forcing vernalization now (VERN=47.688571).
[2026-03-24 12:24:03,810][pcse.crop.phenology.Vernalisation][INFO] - Critical DVS for vernalization (VERNDVS) reached at day 1984-06-17, but vernalization requirements not yet fulfilled. Forcing vernalization now (VERN=47.688571).
[2026-03-24 12:24:03,815][pcse.crop.phenology.Vernalisation][INFO] - Critical DVS for vernalization (VERNDVS) reached at day 1984-06-18, but vernalization requirements not yet fulfilled. Forcing vernalization now (VERN=47.688571).
[2026-03-24 12:24:03,819][pcse.crop.phenology.Vernalisation][INFO] - Critical DVS for vernalization (VERNDVS) reached at day 1984-06-19, but vernalization requirements not yet fulfilled. Forcing vernalization now (VERN=47.688571).
[2026-03-24 12:24:03,827][pcse.crop.phenology.Vernalisation][INFO] - Critical DVS for vernalization (VERNDVS) reached at day 1984-06-20, but vernalization requirements not yet fulfilled. Forcing vernalization now (VERN=47.688571).
[2026-03-24 12:24:03,831][pcse.crop.phenology.Vernalisation][INFO] - Critical DVS for vernalization (VERNDVS) reached at day 1984-06-21, but vernalization requirements not yet fulfilled. Forcing vernalization now (VERN=47.688571).
[2026-03-24 12:24:03,835][pcse.crop.phenology.Vernalisation][INFO] - Critical DVS for vernalization (VERNDVS) reached at day 1984-06-22, but vernalization requirements not yet fulfilled. Forcing vernalization now (VERN=47.688571).
[2026-03-24 12:24:03,840][pcse.crop.phenology.Vernalisation][INFO] - Critical DVS for vernalization (VERNDVS) reached at day 1984-06-23, but vernalization requirements not yet fulfilled. Forcing vernalization now (VERN=47.688571).
[2026-03-24 12:24:03,844][pcse.crop.phenology.Vernalisation][INFO] - Critical DVS for vernalization (VERNDVS) reached at day 1984-06-24, but vernalization requirements not yet fulfilled. Forcing vernalization now (VERN=47.688571).
[2026-03-24 12:24:03,851][pcse.crop.phenology.Vernalisation][INFO] - Critical DVS for vernalization (VERNDVS) reached at day 1984-06-25, but vernalization requirements not yet fulfilled. Forcing vernalization now (VERN=47.688571).
[2026-03-24 12:24:03,857][pcse.crop.phenology.Vernalisation][INFO] - Critical DVS for vernalization (VERNDVS) reached at day 1984-06-26, but vernalization requirements not yet fulfilled. Forcing vernalization now (VERN=47.688571).
[2026-03-24 12:24:03,862][pcse.crop.phenology.Vernalisation][INFO] - Critical DVS for vernalization (VERNDVS) reached at day 1984-06-27, but vernalization requirements not yet fulfilled. Forcing vernalization now (VERN=47.688571).
[2026-03-24 12:24:03,866][pcse.crop.phenology.Vernalisation][INFO] - Critical DVS for vernalization (VERNDVS) reached at day 1984-06-28, but vernalization requirements not yet fulfilled. Forcing vernalization now (VERN=47.688571).
[2026-03-24 12:24:03,874][pcse.crop.phenology.Vernalisation][INFO] - Critical DVS for vernalization (VERNDVS) reached at day 1984-06-29, but vernalization requirements not yet fulfilled. Forcing vernalization now (VERN=47.688571).
[2026-03-24 12:24:03,874][pcse.crop.phenology.Annual_Phenology][INFO] - Changed phenological stage 'vegetative' to 'reproductive' on 1984-06-29
[2026-03-24 12:24:04,229][pcse.crop.phenology.Annual_Phenology][INFO] - Changed phenological stage 'reproductive' to 'mature' on 1984-09-13
[2026-03-24 12:24:04,309][pcse.base.timer.Timer][INFO] - Reached end of simulation period as specified by END_DATE.
[EPISODE DBG] episode=16 step=3856 pred_return=0.044049 true_return=595221.678308 total_feedback=0 labeled_feedback=0
[2026-03-24 12:24:04,318][pcse.agromanager.SoilCalendar][INFO] - Starting soil (oregon) with variation (oregon_1) on day 1984-02-01
[2026-03-24 12:24:04,321][pcse.agromanager.CropCalendar][INFO] - Starting crop (wheat) with variety (wheat_1) on day 1984-02-01
[2026-03-24 12:24:04,737][pcse.crop.phenology.Annual_Phenology][INFO] - Changed phenological stage 'emerging' to 'vegetative' on 1984-04-10
[2026-03-24 12:24:04,982][pcse.crop.phenology.Vernalisation][INFO] - Critical DVS for vernalization (VERNDVS) reached at day 1984-06-02, but vernalization requirements not yet fulfilled. Forcing vernalization now (VERN=47.688571).
[2026-03-24 12:24:04,987][pcse.crop.phenology.Vernalisation][INFO] - Critical DVS for vernalization (VERNDVS) reached at day 1984-06-03, but vernalization requirements not yet fulfilled. Forcing vernalization now (VERN=47.688571).
[2026-03-24 12:24:04,991][pcse.crop.phenology.Vernalisation][INFO] - Critical DVS for vernalization (VERNDVS) reached at day 1984-06-04, but vernalization requirements not yet fulfilled. Forcing vernalization now (VERN=47.688571).
[2026-03-24 12:24:04,999][pcse.crop.phenology.Vernalisation][INFO] - Critical DVS for vernalization (VERNDVS) reached at day 1984-06-05, but vernalization requirements not yet fulfilled. Forcing vernalization now (VERN=47.688571).
[2026-03-24 12:24:05,003][pcse.crop.phenology.Vernalisation][INFO] - Critical DVS for vernalization (VERNDVS) reached at day 1984-06-06, but vernalization requirements not yet fulfilled. Forcing vernalization now (VERN=47.688571).
[2026-03-24 12:24:05,007][pcse.crop.phenology.Vernalisation][INFO] - Critical DVS for vernalization (VERNDVS) reached at day 1984-06-07, but vernalization requirements not yet fulfilled. Forcing vernalization now (VERN=47.688571).
[2026-03-24 12:24:05,012][pcse.crop.phenology.Vernalisation][INFO] - Critical DVS for vernalization (VERNDVS) reached at day 1984-06-08, but vernalization requirements not yet fulfilled. Forcing vernalization now (VERN=47.688571).
[2026-03-24 12:24:05,016][pcse.crop.phenology.Vernalisation][INFO] - Critical DVS for vernalization (VERNDVS) reached at day 1984-06-09, but vernalization requirements not yet fulfilled. Forcing vernalization now (VERN=47.688571).
[2026-03-24 12:24:05,023][pcse.crop.phenology.Vernalisation][INFO] - Critical DVS for vernalization (VERNDVS) reached at day 1984-06-10, but vernalization requirements not yet fulfilled. Forcing vernalization now (VERN=47.688571).
[2026-03-24 12:24:05,026][pcse.crop.phenology.Vernalisation][INFO] - Critical DVS for vernalization (VERNDVS) reached at day 1984-06-11, but vernalization requirements not yet fulfilled. Forcing vernalization now (VERN=47.688571).
[2026-03-24 12:24:05,030][pcse.crop.phenology.Vernalisation][INFO] - Critical DVS for vernalization (VERNDVS) reached at day 1984-06-12, but vernalization requirements not yet fulfilled. Forcing vernalization now (VERN=47.688571).
[2026-03-24 12:24:05,035][pcse.crop.phenology.Vernalisation][INFO] - Critical DVS for vernalization (VERNDVS) reached at day 1984-06-13, but vernalization requirements not yet fulfilled. Forcing vernalization now (VERN=47.688571).
[2026-03-24 12:24:05,039][pcse.crop.phenology.Vernalisation][INFO] - Critical DVS for vernalization (VERNDVS) reached at day 1984-06-14, but vernalization requirements not yet fulfilled. Forcing vernalization now (VERN=47.688571).
[2026-03-24 12:24:05,047][pcse.crop.phenology.Vernalisation][INFO] - Critical DVS for vernalization (VERNDVS) reached at day 1984-06-15, but vernalization requirements not yet fulfilled. Forcing vernalization now (VERN=47.688571).
[2026-03-24 12:24:05,051][pcse.crop.phenology.Vernalisation][INFO] - Critical DVS for vernalization (VERNDVS) reached at day 1984-06-16, but vernalization requirements not yet fulfilled. Forcing vernalization now (VERN=47.688571).
[2026-03-24 12:24:05,054][pcse.crop.phenology.Vernalisation][INFO] - Critical DVS for vernalization (VERNDVS) reached at day 1984-06-17, but vernalization requirements not yet fulfilled. Forcing vernalization now (VERN=47.688571).
[2026-03-24 12:24:05,058][pcse.crop.phenology.Vernalisation][INFO] - Critical DVS for vernalization (VERNDVS) reached at day 1984-06-18, but vernalization requirements not yet fulfilled. Forcing vernalization now (VERN=47.688571).
[2026-03-24 12:24:05,063][pcse.crop.phenology.Vernalisation][INFO] - Critical DVS for vernalization (VERNDVS) reached at day 1984-06-19, but vernalization requirements not yet fulfilled. Forcing vernalization now (VERN=47.688571).
[2026-03-24 12:24:05,067][pcse.crop.phenology.Vernalisation][INFO] - Critical DVS for vernalization (VERNDVS) reached at day 1984-06-20, but vernalization requirements not yet fulfilled. Forcing vernalization now (VERN=47.688571).
[2026-03-24 12:24:05,074][pcse.crop.phenology.Vernalisation][INFO] - Critical DVS for vernalization (VERNDVS) reached at day 1984-06-21, but vernalization requirements not yet fulfilled. Forcing vernalization now (VERN=47.688571).
[2026-03-24 12:24:05,078][pcse.crop.phenology.Vernalisation][INFO] - Critical DVS for vernalization (VERNDVS) reached at day 1984-06-22, but vernalization requirements not yet fulfilled. Forcing vernalization now (VERN=47.688571).
[2026-03-24 12:24:05,084][pcse.crop.phenology.Vernalisation][INFO] - Critical DVS for vernalization (VERNDVS) reached at day 1984-06-23, but vernalization requirements not yet fulfilled. Forcing vernalization now (VERN=47.688571).
[2026-03-24 12:24:05,090][pcse.crop.phenology.Vernalisation][INFO] - Critical DVS for vernalization (VERNDVS) reached at day 1984-06-24, but vernalization requirements not yet fulfilled. Forcing vernalization now (VERN=47.688571).
[2026-03-24 12:24:05,094][pcse.crop.phenology.Vernalisation][INFO] - Critical DVS for vernalization (VERNDVS) reached at day 1984-06-25, but vernalization requirements not yet fulfilled. Forcing vernalization now (VERN=47.688571).
Reward function update skipped (no labeled feedback yet).
[REPLAY DBG] before first relabel n=4000 mean=-0.925833 std=41.306942 min=-1847.748535 max=6.391594
[REPLAY DBG] after first relabel n=4000 mean=-0.000888 std=0.010726 min=-0.045213 max=0.032226
[2026-03-24 12:24:30,358][pcse.crop.phenology.Vernalisation][INFO] - Critical DVS for vernalization (VERNDVS) reached at day 1984-06-26, but vernalization requirements not yet fulfilled. Forcing vernalization now (VERN=47.688571).
[STEP DBG] step=4000 env_reward=0.000000 r_hat=-0.012124 done=False
[NORM DBG] count=4000 mean_abs_mean=62689.902344 mean_std=238.709305 min_std=0.001000 max_std=3405.122803
[2026-03-24 12:24:30,387][pcse.crop.phenology.Vernalisation][INFO] - Critical DVS for vernalization (VERNDVS) reached at day 1984-06-27, but vernalization requirements not yet fulfilled. Forcing vernalization now (VERN=47.688571).
[2026-03-24 12:24:30,413][pcse.crop.phenology.Vernalisation][INFO] - Critical DVS for vernalization (VERNDVS) reached at day 1984-06-28, but vernalization requirements not yet fulfilled. Forcing vernalization now (VERN=47.688571).
[2026-03-24 12:24:30,440][pcse.crop.phenology.Vernalisation][INFO] - Critical DVS for vernalization (VERNDVS) reached at day 1984-06-29, but vernalization requirements not yet fulfilled. Forcing vernalization now (VERN=47.688571).
[2026-03-24 12:24:30,440][pcse.crop.phenology.Annual_Phenology][INFO] - Changed phenological stage 'vegetative' to 'reproductive' on 1984-06-29
[2026-03-24 12:24:32,645][pcse.crop.phenology.Annual_Phenology][INFO] - Changed phenological stage 'reproductive' to 'mature' on 1984-09-13
[2026-03-24 12:24:33,130][pcse.base.timer.Timer][INFO] - Reached end of simulation period as specified by END_DATE.
| train          | E: 17 | S: 4097 | R: 0.0440 | TR: 595221.6783 | TF: 0 | LR: 0 | NR: 0 | D: 28.8 s | TD: 00.0 s | BR: -0.0010 | ALOSS: 9344.5091 | CLOSS: 997540.0800 | TLOSS: -603.1617 | TVAL: 0.1011 | AENT: -5964.6006 | BCLOSS: 0.0000
[EPISODE DBG] episode=17 step=4097 pred_return=-1.286843 true_return=346930.437931 total_feedback=16 labeled_feedback=0
[2026-03-24 12:24:33,137][pcse.agromanager.SoilCalendar][INFO] - Starting soil (oregon) with variation (oregon_1) on day 1984-02-01
[2026-03-24 12:24:33,139][pcse.agromanager.CropCalendar][INFO] - Starting crop (wheat) with variety (wheat_1) on day 1984-02-01
[2026-03-24 12:24:35,473][pcse.crop.phenology.Annual_Phenology][INFO] - Changed phenological stage 'emerging' to 'vegetative' on 1984-04-10
[2026-03-24 12:24:37,427][pcse.crop.phenology.Vernalisation][INFO] - Critical DVS for vernalization (VERNDVS) reached at day 1984-06-02, but vernalization requirements not yet fulfilled. Forcing vernalization now (VERN=47.688571).
[2026-03-24 12:24:37,457][pcse.crop.phenology.Vernalisation][INFO] - Critical DVS for vernalization (VERNDVS) reached at day 1984-06-03, but vernalization requirements not yet fulfilled. Forcing vernalization now (VERN=47.688571).
[2026-03-24 12:24:37,487][pcse.crop.phenology.Vernalisation][INFO] - Critical DVS for vernalization (VERNDVS) reached at day 1984-06-04, but vernalization requirements not yet fulfilled. Forcing vernalization now (VERN=47.688571).
[2026-03-24 12:24:37,517][pcse.crop.phenology.Vernalisation][INFO] - Critical DVS for vernalization (VERNDVS) reached at day 1984-06-05, but vernalization requirements not yet fulfilled. Forcing vernalization now (VERN=47.688571).
[2026-03-24 12:24:37,547][pcse.crop.phenology.Vernalisation][INFO] - Critical DVS for vernalization (VERNDVS) reached at day 1984-06-06, but vernalization requirements not yet fulfilled. Forcing vernalization now (VERN=47.688571).
[2026-03-24 12:24:37,577][pcse.crop.phenology.Vernalisation][INFO] - Critical DVS for vernalization (VERNDVS) reached at day 1984-06-07, but vernalization requirements not yet fulfilled. Forcing vernalization now (VERN=47.688571).
[2026-03-24 12:24:37,607][pcse.crop.phenology.Vernalisation][INFO] - Critical DVS for vernalization (VERNDVS) reached at day 1984-06-08, but vernalization requirements not yet fulfilled. Forcing vernalization now (VERN=47.688571).
[2026-03-24 12:24:37,638][pcse.crop.phenology.Vernalisation][INFO] - Critical DVS for vernalization (VERNDVS) reached at day 1984-06-09, but vernalization requirements not yet fulfilled. Forcing vernalization now (VERN=47.688571).
[2026-03-24 12:24:37,668][pcse.crop.phenology.Vernalisation][INFO] - Critical DVS for vernalization (VERNDVS) reached at day 1984-06-10, but vernalization requirements not yet fulfilled. Forcing vernalization now (VERN=47.688571).
[2026-03-24 12:24:37,698][pcse.crop.phenology.Vernalisation][INFO] - Critical DVS for vernalization (VERNDVS) reached at day 1984-06-11, but vernalization requirements not yet fulfilled. Forcing vernalization now (VERN=47.688571).
[2026-03-24 12:24:37,728][pcse.crop.phenology.Vernalisation][INFO] - Critical DVS for vernalization (VERNDVS) reached at day 1984-06-12, but vernalization requirements not yet fulfilled. Forcing vernalization now (VERN=47.688571).
[2026-03-24 12:24:37,758][pcse.crop.phenology.Vernalisation][INFO] - Critical DVS for vernalization (VERNDVS) reached at day 1984-06-13, but vernalization requirements not yet fulfilled. Forcing vernalization now (VERN=47.688571).
[2026-03-24 12:24:37,788][pcse.crop.phenology.Vernalisation][INFO] - Critical DVS for vernalization (VERNDVS) reached at day 1984-06-14, but vernalization requirements not yet fulfilled. Forcing vernalization now (VERN=47.688571).
[2026-03-24 12:24:37,819][pcse.crop.phenology.Vernalisation][INFO] - Critical DVS for vernalization (VERNDVS) reached at day 1984-06-15, but vernalization requirements not yet fulfilled. Forcing vernalization now (VERN=47.688571).
[2026-03-24 12:24:37,850][pcse.crop.phenology.Vernalisation][INFO] - Critical DVS for vernalization (VERNDVS) reached at day 1984-06-16, but vernalization requirements not yet fulfilled. Forcing vernalization now (VERN=47.688571).
[2026-03-24 12:24:37,880][pcse.crop.phenology.Vernalisation][INFO] - Critical DVS for vernalization (VERNDVS) reached at day 1984-06-17, but vernalization requirements not yet fulfilled. Forcing vernalization now (VERN=47.688571).
[2026-03-24 12:24:37,911][pcse.crop.phenology.Vernalisation][INFO] - Critical DVS for vernalization (VERNDVS) reached at day 1984-06-18, but vernalization requirements not yet fulfilled. Forcing vernalization now (VERN=47.688571).
[2026-03-24 12:24:37,941][pcse.crop.phenology.Vernalisation][INFO] - Critical DVS for vernalization (VERNDVS) reached at day 1984-06-19, but vernalization requirements not yet fulfilled. Forcing vernalization now (VERN=47.688571).
[2026-03-24 12:24:37,971][pcse.crop.phenology.Vernalisation][INFO] - Critical DVS for vernalization (VERNDVS) reached at day 1984-06-20, but vernalization requirements not yet fulfilled. Forcing vernalization now (VERN=47.688571).
[2026-03-24 12:24:38,000][pcse.crop.phenology.Vernalisation][INFO] - Critical DVS for vernalization (VERNDVS) reached at day 1984-06-21, but vernalization requirements not yet fulfilled. Forcing vernalization now (VERN=47.688571).
[2026-03-24 12:24:38,031][pcse.crop.phenology.Vernalisation][INFO] - Critical DVS for vernalization (VERNDVS) reached at day 1984-06-22, but vernalization requirements not yet fulfilled. Forcing vernalization now (VERN=47.688571).
[2026-03-24 12:24:38,061][pcse.crop.phenology.Vernalisation][INFO] - Critical DVS for vernalization (VERNDVS) reached at day 1984-06-23, but vernalization requirements not yet fulfilled. Forcing vernalization now (VERN=47.688571).
[2026-03-24 12:24:38,090][pcse.crop.phenology.Vernalisation][INFO] - Critical DVS for vernalization (VERNDVS) reached at day 1984-06-24, but vernalization requirements not yet fulfilled. Forcing vernalization now (VERN=47.688571).
[2026-03-24 12:24:38,122][pcse.crop.phenology.Vernalisation][INFO] - Critical DVS for vernalization (VERNDVS) reached at day 1984-06-25, but vernalization requirements not yet fulfilled. Forcing vernalization now (VERN=47.688571).
[2026-03-24 12:24:38,151][pcse.crop.phenology.Vernalisation][INFO] - Critical DVS for vernalization (VERNDVS) reached at day 1984-06-26, but vernalization requirements not yet fulfilled. Forcing vernalization now (VERN=47.688571).
[2026-03-24 12:24:38,182][pcse.crop.phenology.Vernalisation][INFO] - Critical DVS for vernalization (VERNDVS) reached at day 1984-06-27, but vernalization requirements not yet fulfilled. Forcing vernalization now (VERN=47.688571).
[2026-03-24 12:24:38,211][pcse.crop.phenology.Vernalisation][INFO] - Critical DVS for vernalization (VERNDVS) reached at day 1984-06-28, but vernalization requirements not yet fulfilled. Forcing vernalization now (VERN=47.688571).
[2026-03-24 12:24:38,241][pcse.crop.phenology.Vernalisation][INFO] - Critical DVS for vernalization (VERNDVS) reached at day 1984-06-29, but vernalization requirements not yet fulfilled. Forcing vernalization now (VERN=47.688571).
[2026-03-24 12:24:38,241][pcse.crop.phenology.Annual_Phenology][INFO] - Changed phenological stage 'vegetative' to 'reproductive' on 1984-06-29
[2026-03-24 12:24:40,811][pcse.crop.phenology.Annual_Phenology][INFO] - Changed phenological stage 'reproductive' to 'mature' on 1984-09-13
[2026-03-24 12:24:41,283][pcse.base.timer.Timer][INFO] - Reached end of simulation period as specified by END_DATE.
| train          | E: 18 | S: 4338 | R: -1.2868 | TR: 346930.4379 | TF: 16 | LR: 0 | NR: 0 | D: 08.2 s | TD: 00.0 s | BR: -0.0013 | ALOSS: 9345.5320 | CLOSS: 1310315.1888 | TLOSS: -516.9571 | TVAL: 0.1026 | AENT: -5046.1472 | BCLOSS: 0.0000
[EPISODE DBG] episode=18 step=4338 pred_return=-0.981269 true_return=128.106978 total_feedback=16 labeled_feedback=0
[2026-03-24 12:24:41,294][pcse.agromanager.SoilCalendar][INFO] - Starting soil (oregon) with variation (oregon_1) on day 1984-02-01
[2026-03-24 12:24:41,296][pcse.agromanager.CropCalendar][INFO] - Starting crop (wheat) with variety (wheat_1) on day 1984-02-01
Reward function update skipped (no labeled feedback yet).
[REPLAY DBG] before relabel step=4400 n=4400 mean=-0.001443 std=0.010915 min=-0.045213 max=0.035798
[REPLAY DBG] after relabel step=4400 n=4400 mean=0.000217 std=0.010231 min=-0.041772 max=0.034764
[2026-03-24 12:24:43,673][pcse.crop.phenology.Annual_Phenology][INFO] - Changed phenological stage 'emerging' to 'vegetative' on 1984-04-10
[2026-03-24 12:24:44,988][pcse.crop.phenology.Vernalisation][INFO] - Critical DVS for vernalization (VERNDVS) reached at day 1984-06-02, but vernalization requirements not yet fulfilled. Forcing vernalization now (VERN=47.688571).
[2026-03-24 12:24:45,013][pcse.crop.phenology.Vernalisation][INFO] - Critical DVS for vernalization (VERNDVS) reached at day 1984-06-03, but vernalization requirements not yet fulfilled. Forcing vernalization now (VERN=47.688571).
[2026-03-24 12:24:45,035][pcse.crop.phenology.Vernalisation][INFO] - Critical DVS for vernalization (VERNDVS) reached at day 1984-06-04, but vernalization requirements not yet fulfilled. Forcing vernalization now (VERN=47.688571).
[2026-03-24 12:24:45,060][pcse.crop.phenology.Vernalisation][INFO] - Critical DVS for vernalization (VERNDVS) reached at day 1984-06-05, but vernalization requirements not yet fulfilled. Forcing vernalization now (VERN=47.688571).
[2026-03-24 12:24:45,088][pcse.crop.phenology.Vernalisation][INFO] - Critical DVS for vernalization (VERNDVS) reached at day 1984-06-06, but vernalization requirements not yet fulfilled. Forcing vernalization now (VERN=47.688571).
[2026-03-24 12:24:45,112][pcse.crop.phenology.Vernalisation][INFO] - Critical DVS for vernalization (VERNDVS) reached at day 1984-06-07, but vernalization requirements not yet fulfilled. Forcing vernalization now (VERN=47.688571).
[2026-03-24 12:24:45,136][pcse.crop.phenology.Vernalisation][INFO] - Critical DVS for vernalization (VERNDVS) reached at day 1984-06-08, but vernalization requirements not yet fulfilled. Forcing vernalization now (VERN=47.688571).
[2026-03-24 12:24:45,163][pcse.crop.phenology.Vernalisation][INFO] - Critical DVS for vernalization (VERNDVS) reached at day 1984-06-09, but vernalization requirements not yet fulfilled. Forcing vernalization now (VERN=47.688571).
[2026-03-24 12:24:45,188][pcse.crop.phenology.Vernalisation][INFO] - Critical DVS for vernalization (VERNDVS) reached at day 1984-06-10, but vernalization requirements not yet fulfilled. Forcing vernalization now (VERN=47.688571).
[2026-03-24 12:24:45,208][pcse.crop.phenology.Vernalisation][INFO] - Critical DVS for vernalization (VERNDVS) reached at day 1984-06-11, but vernalization requirements not yet fulfilled. Forcing vernalization now (VERN=47.688571).
[2026-03-24 12:24:45,236][pcse.crop.phenology.Vernalisation][INFO] - Critical DVS for vernalization (VERNDVS) reached at day 1984-06-12, but vernalization requirements not yet fulfilled. Forcing vernalization now (VERN=47.688571).
[2026-03-24 12:24:45,264][pcse.crop.phenology.Vernalisation][INFO] - Critical DVS for vernalization (VERNDVS) reached at day 1984-06-13, but vernalization requirements not yet fulfilled. Forcing vernalization now (VERN=47.688571).
[2026-03-24 12:24:45,296][pcse.crop.phenology.Vernalisation][INFO] - Critical DVS for vernalization (VERNDVS) reached at day 1984-06-14, but vernalization requirements not yet fulfilled. Forcing vernalization now (VERN=47.688571).
[2026-03-24 12:24:45,323][pcse.crop.phenology.Vernalisation][INFO] - Critical DVS for vernalization (VERNDVS) reached at day 1984-06-15, but vernalization requirements not yet fulfilled. Forcing vernalization now (VERN=47.688571).
[2026-03-24 12:24:45,349][pcse.crop.phenology.Vernalisation][INFO] - Critical DVS for vernalization (VERNDVS) reached at day 1984-06-16, but vernalization requirements not yet fulfilled. Forcing vernalization now (VERN=47.688571).
[2026-03-24 12:24:45,373][pcse.crop.phenology.Vernalisation][INFO] - Critical DVS for vernalization (VERNDVS) reached at day 1984-06-17, but vernalization requirements not yet fulfilled. Forcing vernalization now (VERN=47.688571).
[2026-03-24 12:24:45,400][pcse.crop.phenology.Vernalisation][INFO] - Critical DVS for vernalization (VERNDVS) reached at day 1984-06-18, but vernalization requirements not yet fulfilled. Forcing vernalization now (VERN=47.688571).
[2026-03-24 12:24:45,430][pcse.crop.phenology.Vernalisation][INFO] - Critical DVS for vernalization (VERNDVS) reached at day 1984-06-19, but vernalization requirements not yet fulfilled. Forcing vernalization now (VERN=47.688571).
[2026-03-24 12:24:45,454][pcse.crop.phenology.Vernalisation][INFO] - Critical DVS for vernalization (VERNDVS) reached at day 1984-06-20, but vernalization requirements not yet fulfilled. Forcing vernalization now (VERN=47.688571).
[2026-03-24 12:24:45,476][pcse.crop.phenology.Vernalisation][INFO] - Critical DVS for vernalization (VERNDVS) reached at day 1984-06-21, but vernalization requirements not yet fulfilled. Forcing vernalization now (VERN=47.688571).
[2026-03-24 12:24:45,502][pcse.crop.phenology.Vernalisation][INFO] - Critical DVS for vernalization (VERNDVS) reached at day 1984-06-22, but vernalization requirements not yet fulfilled. Forcing vernalization now (VERN=47.688571).
[2026-03-24 12:24:45,526][pcse.crop.phenology.Vernalisation][INFO] - Critical DVS for vernalization (VERNDVS) reached at day 1984-06-23, but vernalization requirements not yet fulfilled. Forcing vernalization now (VERN=47.688571).
[2026-03-24 12:24:45,547][pcse.crop.phenology.Vernalisation][INFO] - Critical DVS for vernalization (VERNDVS) reached at day 1984-06-24, but vernalization requirements not yet fulfilled. Forcing vernalization now (VERN=47.688571).
[2026-03-24 12:24:45,574][pcse.crop.phenology.Vernalisation][INFO] - Critical DVS for vernalization (VERNDVS) reached at day 1984-06-25, but vernalization requirements not yet fulfilled. Forcing vernalization now (VERN=47.688571).
[2026-03-24 12:24:45,605][pcse.crop.phenology.Vernalisation][INFO] - Critical DVS for vernalization (VERNDVS) reached at day 1984-06-26, but vernalization requirements not yet fulfilled. Forcing vernalization now (VERN=47.688571).
[2026-03-24 12:24:45,630][pcse.crop.phenology.Vernalisation][INFO] - Critical DVS for vernalization (VERNDVS) reached at day 1984-06-27, but vernalization requirements not yet fulfilled. Forcing vernalization now (VERN=47.688571).
[2026-03-24 12:24:45,652][pcse.crop.phenology.Vernalisation][INFO] - Critical DVS for vernalization (VERNDVS) reached at day 1984-06-28, but vernalization requirements not yet fulfilled. Forcing vernalization now (VERN=47.688571).
[2026-03-24 12:24:45,679][pcse.crop.phenology.Vernalisation][INFO] - Critical DVS for vernalization (VERNDVS) reached at day 1984-06-29, but vernalization requirements not yet fulfilled. Forcing vernalization now (VERN=47.688571).
[2026-03-24 12:24:45,679][pcse.crop.phenology.Annual_Phenology][INFO] - Changed phenological stage 'vegetative' to 'reproductive' on 1984-06-29
[REPLAY DBG] post-agent-update step=4500 n=4500 mean=0.000169 std=0.010206 min=-0.041772 max=0.034764
[STEP DBG] step=4500 env_reward=0.285585 r_hat=-0.011584 done=False
[NORM DBG] count=4500 mean_abs_mean=62676.160156 mean_std=233.788025 min_std=0.001000 max_std=3290.820312
[2026-03-24 12:24:47,883][pcse.crop.phenology.Annual_Phenology][INFO] - Changed phenological stage 'reproductive' to 'mature' on 1984-09-13
[2026-03-24 12:24:48,322][pcse.base.timer.Timer][INFO] - Reached end of simulation period as specified by END_DATE.
| train          | E: 19 | S: 4579 | R: -0.9813 | TR: 128.1070 | TF: 16 | LR: 0 | NR: 0 | D: 07.0 s | TD: 00.0 s | BR: -0.0002 | ALOSS: 9188.5132 | CLOSS: 701983.0320 | TLOSS: -355.9047 | TVAL: 0.1042 | AENT: -3417.3328 | BCLOSS: 0.0000
[EPISODE DBG] episode=19 step=4579 pred_return=-1.087724 true_return=27.250778 total_feedback=32 labeled_feedback=0
[2026-03-24 12:24:48,334][pcse.agromanager.SoilCalendar][INFO] - Starting soil (oregon) with variation (oregon_1) on day 1984-02-01
[2026-03-24 12:24:48,336][pcse.agromanager.CropCalendar][INFO] - Starting crop (wheat) with variety (wheat_1) on day 1984-02-01
[2026-03-24 12:24:50,640][pcse.crop.phenology.Annual_Phenology][INFO] - Changed phenological stage 'emerging' to 'vegetative' on 1984-04-10
[2026-03-24 12:24:51,979][pcse.crop.phenology.Vernalisation][INFO] - Critical DVS for vernalization (VERNDVS) reached at day 1984-06-02, but vernalization requirements not yet fulfilled. Forcing vernalization now (VERN=47.688571).
[2026-03-24 12:24:52,339][pcse.crop.phenology.Vernalisation][INFO] - Critical DVS for vernalization (VERNDVS) reached at day 1984-06-03, but vernalization requirements not yet fulfilled. Forcing vernalization now (VERN=47.688571).
[2026-03-24 12:24:52,376][pcse.crop.phenology.Vernalisation][INFO] - Critical DVS for vernalization (VERNDVS) reached at day 1984-06-04, but vernalization requirements not yet fulfilled. Forcing vernalization now (VERN=47.688571).
[2026-03-24 12:24:52,425][pcse.crop.phenology.Vernalisation][INFO] - Critical DVS for vernalization (VERNDVS) reached at day 1984-06-05, but vernalization requirements not yet fulfilled. Forcing vernalization now (VERN=47.688571).
[2026-03-24 12:24:52,453][pcse.crop.phenology.Vernalisation][INFO] - Critical DVS for vernalization (VERNDVS) reached at day 1984-06-06, but vernalization requirements not yet fulfilled. Forcing vernalization now (VERN=47.688571).
[2026-03-24 12:24:52,480][pcse.crop.phenology.Vernalisation][INFO] - Critical DVS for vernalization (VERNDVS) reached at day 1984-06-07, but vernalization requirements not yet fulfilled. Forcing vernalization now (VERN=47.688571).
[2026-03-24 12:24:52,503][pcse.crop.phenology.Vernalisation][INFO] - Critical DVS for vernalization (VERNDVS) reached at day 1984-06-08, but vernalization requirements not yet fulfilled. Forcing vernalization now (VERN=47.688571).
[2026-03-24 12:24:52,531][pcse.crop.phenology.Vernalisation][INFO] - Critical DVS for vernalization (VERNDVS) reached at day 1984-06-09, but vernalization requirements not yet fulfilled. Forcing vernalization now (VERN=47.688571).
[2026-03-24 12:24:52,560][pcse.crop.phenology.Vernalisation][INFO] - Critical DVS for vernalization (VERNDVS) reached at day 1984-06-10, but vernalization requirements not yet fulfilled. Forcing vernalization now (VERN=47.688571).
[2026-03-24 12:24:52,587][pcse.crop.phenology.Vernalisation][INFO] - Critical DVS for vernalization (VERNDVS) reached at day 1984-06-11, but vernalization requirements not yet fulfilled. Forcing vernalization now (VERN=47.688571).
[2026-03-24 12:24:52,607][pcse.crop.phenology.Vernalisation][INFO] - Critical DVS for vernalization (VERNDVS) reached at day 1984-06-12, but vernalization requirements not yet fulfilled. Forcing vernalization now (VERN=47.688571).
[2026-03-24 12:24:52,634][pcse.crop.phenology.Vernalisation][INFO] - Critical DVS for vernalization (VERNDVS) reached at day 1984-06-13, but vernalization requirements not yet fulfilled. Forcing vernalization now (VERN=47.688571).
[2026-03-24 12:24:52,663][pcse.crop.phenology.Vernalisation][INFO] - Critical DVS for vernalization (VERNDVS) reached at day 1984-06-14, but vernalization requirements not yet fulfilled. Forcing vernalization now (VERN=47.688571).
[2026-03-24 12:24:52,689][pcse.crop.phenology.Vernalisation][INFO] - Critical DVS for vernalization (VERNDVS) reached at day 1984-06-15, but vernalization requirements not yet fulfilled. Forcing vernalization now (VERN=47.688571).
[2026-03-24 12:24:52,712][pcse.crop.phenology.Vernalisation][INFO] - Critical DVS for vernalization (VERNDVS) reached at day 1984-06-16, but vernalization requirements not yet fulfilled. Forcing vernalization now (VERN=47.688571).
[2026-03-24 12:24:52,737][pcse.crop.phenology.Vernalisation][INFO] - Critical DVS for vernalization (VERNDVS) reached at day 1984-06-17, but vernalization requirements not yet fulfilled. Forcing vernalization now (VERN=47.688571).
[2026-03-24 12:24:52,763][pcse.crop.phenology.Vernalisation][INFO] - Critical DVS for vernalization (VERNDVS) reached at day 1984-06-18, but vernalization requirements not yet fulfilled. Forcing vernalization now (VERN=47.688571).
[2026-03-24 12:24:52,785][pcse.crop.phenology.Vernalisation][INFO] - Critical DVS for vernalization (VERNDVS) reached at day 1984-06-19, but vernalization requirements not yet fulfilled. Forcing vernalization now (VERN=47.688571).
[2026-03-24 12:24:52,810][pcse.crop.phenology.Vernalisation][INFO] - Critical DVS for vernalization (VERNDVS) reached at day 1984-06-20, but vernalization requirements not yet fulfilled. Forcing vernalization now (VERN=47.688571).
[2026-03-24 12:24:52,836][pcse.crop.phenology.Vernalisation][INFO] - Critical DVS for vernalization (VERNDVS) reached at day 1984-06-21, but vernalization requirements not yet fulfilled. Forcing vernalization now (VERN=47.688571).
[2026-03-24 12:24:52,858][pcse.crop.phenology.Vernalisation][INFO] - Critical DVS for vernalization (VERNDVS) reached at day 1984-06-22, but vernalization requirements not yet fulfilled. Forcing vernalization now (VERN=47.688571).
[2026-03-24 12:24:52,883][pcse.crop.phenology.Vernalisation][INFO] - Critical DVS for vernalization (VERNDVS) reached at day 1984-06-23, but vernalization requirements not yet fulfilled. Forcing vernalization now (VERN=47.688571).
[2026-03-24 12:24:52,909][pcse.crop.phenology.Vernalisation][INFO] - Critical DVS for vernalization (VERNDVS) reached at day 1984-06-24, but vernalization requirements not yet fulfilled. Forcing vernalization now (VERN=47.688571).
[2026-03-24 12:24:52,931][pcse.crop.phenology.Vernalisation][INFO] - Critical DVS for vernalization (VERNDVS) reached at day 1984-06-25, but vernalization requirements not yet fulfilled. Forcing vernalization now (VERN=47.688571).
[2026-03-24 12:24:52,957][pcse.crop.phenology.Vernalisation][INFO] - Critical DVS for vernalization (VERNDVS) reached at day 1984-06-26, but vernalization requirements not yet fulfilled. Forcing vernalization now (VERN=47.688571).
[2026-03-24 12:24:52,987][pcse.crop.phenology.Vernalisation][INFO] - Critical DVS for vernalization (VERNDVS) reached at day 1984-06-27, but vernalization requirements not yet fulfilled. Forcing vernalization now (VERN=47.688571).
[2026-03-24 12:24:53,012][pcse.crop.phenology.Vernalisation][INFO] - Critical DVS for vernalization (VERNDVS) reached at day 1984-06-28, but vernalization requirements not yet fulfilled. Forcing vernalization now (VERN=47.688571).
[2026-03-24 12:24:53,034][pcse.crop.phenology.Vernalisation][INFO] - Critical DVS for vernalization (VERNDVS) reached at day 1984-06-29, but vernalization requirements not yet fulfilled. Forcing vernalization now (VERN=47.688571).
[2026-03-24 12:24:53,034][pcse.crop.phenology.Annual_Phenology][INFO] - Changed phenological stage 'vegetative' to 'reproductive' on 1984-06-29
Reward function update skipped (no labeled feedback yet).
[REPLAY DBG] before relabel step=4800 n=4800 mean=-0.000123 std=0.010242 min=-0.041772 max=0.034764
[REPLAY DBG] after relabel step=4800 n=4800 mean=0.001283 std=0.009794 min=-0.042452 max=0.029167
[2026-03-24 12:24:55,400][pcse.crop.phenology.Annual_Phenology][INFO] - Changed phenological stage 'reproductive' to 'mature' on 1984-09-13
[2026-03-24 12:24:55,903][pcse.base.timer.Timer][INFO] - Reached end of simulation period as specified by END_DATE.
| train          | E: 20 | S: 4820 | R: -1.0877 | TR: 27.2508 | TF: 32 | LR: 0 | NR: 0 | D: 07.6 s | TD: 00.0 s | BR: 0.0000 | ALOSS: 9305.9359 | CLOSS: 721257.9648 | TLOSS: -350.4041 | TVAL: 0.1058 | AENT: -3312.0741 | BCLOSS: 0.0000
[EPISODE DBG] episode=20 step=4820 pred_return=-1.005879 true_return=44.905043 total_feedback=48 labeled_feedback=0
[2026-03-24 12:24:55,912][pcse.agromanager.SoilCalendar][INFO] - Starting soil (oregon) with variation (oregon_1) on day 1984-02-01
[2026-03-24 12:24:55,915][pcse.agromanager.CropCalendar][INFO] - Starting crop (wheat) with variety (wheat_1) on day 1984-02-01
[2026-03-24 12:24:57,980][pcse.crop.phenology.Annual_Phenology][INFO] - Changed phenological stage 'emerging' to 'vegetative' on 1984-04-10
[2026-03-24 12:24:59,929][pcse.crop.phenology.Vernalisation][INFO] - Critical DVS for vernalization (VERNDVS) reached at day 1984-06-02, but vernalization requirements not yet fulfilled. Forcing vernalization now (VERN=47.688571).
[2026-03-24 12:24:59,958][pcse.crop.phenology.Vernalisation][INFO] - Critical DVS for vernalization (VERNDVS) reached at day 1984-06-03, but vernalization requirements not yet fulfilled. Forcing vernalization now (VERN=47.688571).
[2026-03-24 12:24:59,986][pcse.crop.phenology.Vernalisation][INFO] - Critical DVS for vernalization (VERNDVS) reached at day 1984-06-04, but vernalization requirements not yet fulfilled. Forcing vernalization now (VERN=47.688571).
[2026-03-24 12:25:00,017][pcse.crop.phenology.Vernalisation][INFO] - Critical DVS for vernalization (VERNDVS) reached at day 1984-06-05, but vernalization requirements not yet fulfilled. Forcing vernalization now (VERN=47.688571).
[2026-03-24 12:25:00,045][pcse.crop.phenology.Vernalisation][INFO] - Critical DVS for vernalization (VERNDVS) reached at day 1984-06-06, but vernalization requirements not yet fulfilled. Forcing vernalization now (VERN=47.688571).
[2026-03-24 12:25:00,075][pcse.crop.phenology.Vernalisation][INFO] - Critical DVS for vernalization (VERNDVS) reached at day 1984-06-07, but vernalization requirements not yet fulfilled. Forcing vernalization now (VERN=47.688571).
[2026-03-24 12:25:00,105][pcse.crop.phenology.Vernalisation][INFO] - Critical DVS for vernalization (VERNDVS) reached at day 1984-06-08, but vernalization requirements not yet fulfilled. Forcing vernalization now (VERN=47.688571).
[2026-03-24 12:25:00,134][pcse.crop.phenology.Vernalisation][INFO] - Critical DVS for vernalization (VERNDVS) reached at day 1984-06-09, but vernalization requirements not yet fulfilled. Forcing vernalization now (VERN=47.688571).
[2026-03-24 12:25:00,165][pcse.crop.phenology.Vernalisation][INFO] - Critical DVS for vernalization (VERNDVS) reached at day 1984-06-10, but vernalization requirements not yet fulfilled. Forcing vernalization now (VERN=47.688571).
[2026-03-24 12:25:00,193][pcse.crop.phenology.Vernalisation][INFO] - Critical DVS for vernalization (VERNDVS) reached at day 1984-06-11, but vernalization requirements not yet fulfilled. Forcing vernalization now (VERN=47.688571).
[2026-03-24 12:25:00,225][pcse.crop.phenology.Vernalisation][INFO] - Critical DVS for vernalization (VERNDVS) reached at day 1984-06-12, but vernalization requirements not yet fulfilled. Forcing vernalization now (VERN=47.688571).
[2026-03-24 12:25:00,255][pcse.crop.phenology.Vernalisation][INFO] - Critical DVS for vernalization (VERNDVS) reached at day 1984-06-13, but vernalization requirements not yet fulfilled. Forcing vernalization now (VERN=47.688571).
[2026-03-24 12:25:00,285][pcse.crop.phenology.Vernalisation][INFO] - Critical DVS for vernalization (VERNDVS) reached at day 1984-06-14, but vernalization requirements not yet fulfilled. Forcing vernalization now (VERN=47.688571).
[2026-03-24 12:25:00,316][pcse.crop.phenology.Vernalisation][INFO] - Critical DVS for vernalization (VERNDVS) reached at day 1984-06-15, but vernalization requirements not yet fulfilled. Forcing vernalization now (VERN=47.688571).
[2026-03-24 12:25:00,344][pcse.crop.phenology.Vernalisation][INFO] - Critical DVS for vernalization (VERNDVS) reached at day 1984-06-16, but vernalization requirements not yet fulfilled. Forcing vernalization now (VERN=47.688571).
[2026-03-24 12:25:00,376][pcse.crop.phenology.Vernalisation][INFO] - Critical DVS for vernalization (VERNDVS) reached at day 1984-06-17, but vernalization requirements not yet fulfilled. Forcing vernalization now (VERN=47.688571).
[2026-03-24 12:25:00,406][pcse.crop.phenology.Vernalisation][INFO] - Critical DVS for vernalization (VERNDVS) reached at day 1984-06-18, but vernalization requirements not yet fulfilled. Forcing vernalization now (VERN=47.688571).
[2026-03-24 12:25:00,437][pcse.crop.phenology.Vernalisation][INFO] - Critical DVS for vernalization (VERNDVS) reached at day 1984-06-19, but vernalization requirements not yet fulfilled. Forcing vernalization now (VERN=47.688571).
[2026-03-24 12:25:00,466][pcse.crop.phenology.Vernalisation][INFO] - Critical DVS for vernalization (VERNDVS) reached at day 1984-06-20, but vernalization requirements not yet fulfilled. Forcing vernalization now (VERN=47.688571).
[2026-03-24 12:25:00,497][pcse.crop.phenology.Vernalisation][INFO] - Critical DVS for vernalization (VERNDVS) reached at day 1984-06-21, but vernalization requirements not yet fulfilled. Forcing vernalization now (VERN=47.688571).
[2026-03-24 12:25:00,525][pcse.crop.phenology.Vernalisation][INFO] - Critical DVS for vernalization (VERNDVS) reached at day 1984-06-22, but vernalization requirements not yet fulfilled. Forcing vernalization now (VERN=47.688571).
[2026-03-24 12:25:00,554][pcse.crop.phenology.Vernalisation][INFO] - Critical DVS for vernalization (VERNDVS) reached at day 1984-06-23, but vernalization requirements not yet fulfilled. Forcing vernalization now (VERN=47.688571).
[2026-03-24 12:25:00,583][pcse.crop.phenology.Vernalisation][INFO] - Critical DVS for vernalization (VERNDVS) reached at day 1984-06-24, but vernalization requirements not yet fulfilled. Forcing vernalization now (VERN=47.688571).
[2026-03-24 12:25:00,612][pcse.crop.phenology.Vernalisation][INFO] - Critical DVS for vernalization (VERNDVS) reached at day 1984-06-25, but vernalization requirements not yet fulfilled. Forcing vernalization now (VERN=47.688571).
[2026-03-24 12:25:00,643][pcse.crop.phenology.Vernalisation][INFO] - Critical DVS for vernalization (VERNDVS) reached at day 1984-06-26, but vernalization requirements not yet fulfilled. Forcing vernalization now (VERN=47.688571).
[2026-03-24 12:25:00,672][pcse.crop.phenology.Vernalisation][INFO] - Critical DVS for vernalization (VERNDVS) reached at day 1984-06-27, but vernalization requirements not yet fulfilled. Forcing vernalization now (VERN=47.688571).
[2026-03-24 12:25:00,702][pcse.crop.phenology.Vernalisation][INFO] - Critical DVS for vernalization (VERNDVS) reached at day 1984-06-28, but vernalization requirements not yet fulfilled. Forcing vernalization now (VERN=47.688571).
[2026-03-24 12:25:00,731][pcse.crop.phenology.Vernalisation][INFO] - Critical DVS for vernalization (VERNDVS) reached at day 1984-06-29, but vernalization requirements not yet fulfilled. Forcing vernalization now (VERN=47.688571).
[2026-03-24 12:25:00,731][pcse.crop.phenology.Annual_Phenology][INFO] - Changed phenological stage 'vegetative' to 'reproductive' on 1984-06-29
[REPLAY DBG] post-agent-update step=5000 n=5000 mean=0.001077 std=0.009787 min=-0.042452 max=0.029167
[STEP DBG] step=5000 env_reward=0.589832 r_hat=0.002268 done=False
[NORM DBG] count=5000 mean_abs_mean=62660.308594 mean_std=228.986069 min_std=0.001000 max_std=3187.766602
[2026-03-24 12:25:03,242][pcse.crop.phenology.Annual_Phenology][INFO] - Changed phenological stage 'reproductive' to 'mature' on 1984-09-13
[2026-03-24 12:25:03,692][pcse.base.timer.Timer][INFO] - Reached end of simulation period as specified by END_DATE.
| train          | E: 21 | S: 5061 | R: -1.0059 | TR: 44.9050 | TF: 48 | LR: 0 | NR: 0 | D: 07.8 s | TD: 00.0 s | BR: 0.0011 | ALOSS: 9432.0627 | CLOSS: 809239.0771 | TLOSS: -345.2738 | TVAL: 0.1077 | AENT: -3207.7144 | BCLOSS: 0.0000
[EPISODE DBG] episode=21 step=5061 pred_return=-0.930706 true_return=51.499815 total_feedback=48 labeled_feedback=0
[2026-03-24 12:25:03,698][pcse.agromanager.SoilCalendar][INFO] - Starting soil (oregon) with variation (oregon_1) on day 1984-02-01
[2026-03-24 12:25:03,700][pcse.agromanager.CropCalendar][INFO] - Starting crop (wheat) with variety (wheat_1) on day 1984-02-01
[2026-03-24 12:25:05,951][pcse.crop.phenology.Annual_Phenology][INFO] - Changed phenological stage 'emerging' to 'vegetative' on 1984-04-10
[2026-03-24 12:25:07,375][pcse.crop.phenology.Vernalisation][INFO] - Critical DVS for vernalization (VERNDVS) reached at day 1984-06-02, but vernalization requirements not yet fulfilled. Forcing vernalization now (VERN=47.688571).
[2026-03-24 12:25:07,405][pcse.crop.phenology.Vernalisation][INFO] - Critical DVS for vernalization (VERNDVS) reached at day 1984-06-03, but vernalization requirements not yet fulfilled. Forcing vernalization now (VERN=47.688571).
[2026-03-24 12:25:07,435][pcse.crop.phenology.Vernalisation][INFO] - Critical DVS for vernalization (VERNDVS) reached at day 1984-06-04, but vernalization requirements not yet fulfilled. Forcing vernalization now (VERN=47.688571).
[2026-03-24 12:25:07,462][pcse.crop.phenology.Vernalisation][INFO] - Critical DVS for vernalization (VERNDVS) reached at day 1984-06-05, but vernalization requirements not yet fulfilled. Forcing vernalization now (VERN=47.688571).
[2026-03-24 12:25:07,484][pcse.crop.phenology.Vernalisation][INFO] - Critical DVS for vernalization (VERNDVS) reached at day 1984-06-06, but vernalization requirements not yet fulfilled. Forcing vernalization now (VERN=47.688571).
[2026-03-24 12:25:07,511][pcse.crop.phenology.Vernalisation][INFO] - Critical DVS for vernalization (VERNDVS) reached at day 1984-06-07, but vernalization requirements not yet fulfilled. Forcing vernalization now (VERN=47.688571).
[2026-03-24 12:25:07,540][pcse.crop.phenology.Vernalisation][INFO] - Critical DVS for vernalization (VERNDVS) reached at day 1984-06-08, but vernalization requirements not yet fulfilled. Forcing vernalization now (VERN=47.688571).
[2026-03-24 12:25:07,565][pcse.crop.phenology.Vernalisation][INFO] - Critical DVS for vernalization (VERNDVS) reached at day 1984-06-09, but vernalization requirements not yet fulfilled. Forcing vernalization now (VERN=47.688571).
[2026-03-24 12:25:07,589][pcse.crop.phenology.Vernalisation][INFO] - Critical DVS for vernalization (VERNDVS) reached at day 1984-06-10, but vernalization requirements not yet fulfilled. Forcing vernalization now (VERN=47.688571).
[2026-03-24 12:25:07,617][pcse.crop.phenology.Vernalisation][INFO] - Critical DVS for vernalization (VERNDVS) reached at day 1984-06-11, but vernalization requirements not yet fulfilled. Forcing vernalization now (VERN=47.688571).
[2026-03-24 12:25:07,647][pcse.crop.phenology.Vernalisation][INFO] - Critical DVS for vernalization (VERNDVS) reached at day 1984-06-12, but vernalization requirements not yet fulfilled. Forcing vernalization now (VERN=47.688571).
[2026-03-24 12:25:07,678][pcse.crop.phenology.Vernalisation][INFO] - Critical DVS for vernalization (VERNDVS) reached at day 1984-06-13, but vernalization requirements not yet fulfilled. Forcing vernalization now (VERN=47.688571).
[2026-03-24 12:25:07,707][pcse.crop.phenology.Vernalisation][INFO] - Critical DVS for vernalization (VERNDVS) reached at day 1984-06-14, but vernalization requirements not yet fulfilled. Forcing vernalization now (VERN=47.688571).
[2026-03-24 12:25:07,732][pcse.crop.phenology.Vernalisation][INFO] - Critical DVS for vernalization (VERNDVS) reached at day 1984-06-15, but vernalization requirements not yet fulfilled. Forcing vernalization now (VERN=47.688571).
[2026-03-24 12:25:07,756][pcse.crop.phenology.Vernalisation][INFO] - Critical DVS for vernalization (VERNDVS) reached at day 1984-06-16, but vernalization requirements not yet fulfilled. Forcing vernalization now (VERN=47.688571).
[2026-03-24 12:25:07,785][pcse.crop.phenology.Vernalisation][INFO] - Critical DVS for vernalization (VERNDVS) reached at day 1984-06-17, but vernalization requirements not yet fulfilled. Forcing vernalization now (VERN=47.688571).
[2026-03-24 12:25:07,813][pcse.crop.phenology.Vernalisation][INFO] - Critical DVS for vernalization (VERNDVS) reached at day 1984-06-18, but vernalization requirements not yet fulfilled. Forcing vernalization now (VERN=47.688571).
[2026-03-24 12:25:07,840][pcse.crop.phenology.Vernalisation][INFO] - Critical DVS for vernalization (VERNDVS) reached at day 1984-06-19, but vernalization requirements not yet fulfilled. Forcing vernalization now (VERN=47.688571).
[2026-03-24 12:25:07,861][pcse.crop.phenology.Vernalisation][INFO] - Critical DVS for vernalization (VERNDVS) reached at day 1984-06-20, but vernalization requirements not yet fulfilled. Forcing vernalization now (VERN=47.688571).
Reward function update skipped (no labeled feedback yet).
[REPLAY DBG] before relabel step=5200 n=5200 mean=0.000895 std=0.009780 min=-0.042452 max=0.029167
[REPLAY DBG] after relabel step=5200 n=5200 mean=0.001793 std=0.009433 min=-0.043036 max=0.028966
[2026-03-24 12:25:08,329][pcse.crop.phenology.Vernalisation][INFO] - Critical DVS for vernalization (VERNDVS) reached at day 1984-06-21, but vernalization requirements not yet fulfilled. Forcing vernalization now (VERN=47.688571).
[2026-03-24 12:25:08,388][pcse.crop.phenology.Vernalisation][INFO] - Critical DVS for vernalization (VERNDVS) reached at day 1984-06-22, but vernalization requirements not yet fulfilled. Forcing vernalization now (VERN=47.688571).
[2026-03-24 12:25:08,419][pcse.crop.phenology.Vernalisation][INFO] - Critical DVS for vernalization (VERNDVS) reached at day 1984-06-23, but vernalization requirements not yet fulfilled. Forcing vernalization now (VERN=47.688571).
[2026-03-24 12:25:08,447][pcse.crop.phenology.Vernalisation][INFO] - Critical DVS for vernalization (VERNDVS) reached at day 1984-06-24, but vernalization requirements not yet fulfilled. Forcing vernalization now (VERN=47.688571).
[2026-03-24 12:25:08,475][pcse.crop.phenology.Vernalisation][INFO] - Critical DVS for vernalization (VERNDVS) reached at day 1984-06-25, but vernalization requirements not yet fulfilled. Forcing vernalization now (VERN=47.688571).
[2026-03-24 12:25:08,501][pcse.crop.phenology.Vernalisation][INFO] - Critical DVS for vernalization (VERNDVS) reached at day 1984-06-26, but vernalization requirements not yet fulfilled. Forcing vernalization now (VERN=47.688571).
[2026-03-24 12:25:08,523][pcse.crop.phenology.Vernalisation][INFO] - Critical DVS for vernalization (VERNDVS) reached at day 1984-06-27, but vernalization requirements not yet fulfilled. Forcing vernalization now (VERN=47.688571).
[2026-03-24 12:25:08,552][pcse.crop.phenology.Vernalisation][INFO] - Critical DVS for vernalization (VERNDVS) reached at day 1984-06-28, but vernalization requirements not yet fulfilled. Forcing vernalization now (VERN=47.688571).
[2026-03-24 12:25:08,575][pcse.crop.phenology.Vernalisation][INFO] - Critical DVS for vernalization (VERNDVS) reached at day 1984-06-29, but vernalization requirements not yet fulfilled. Forcing vernalization now (VERN=47.688571).
[2026-03-24 12:25:08,575][pcse.crop.phenology.Annual_Phenology][INFO] - Changed phenological stage 'vegetative' to 'reproductive' on 1984-06-29
[2026-03-24 12:25:10,717][pcse.crop.phenology.Annual_Phenology][INFO] - Changed phenological stage 'reproductive' to 'mature' on 1984-09-13
[2026-03-24 12:25:11,591][pcse.base.timer.Timer][INFO] - Reached end of simulation period as specified by END_DATE.
| train          | E: 22 | S: 5302 | R: -0.9307 | TR: 51.4998 | TF: 48 | LR: 0 | NR: 0 | D: 07.9 s | TD: 00.0 s | BR: 0.0013 | ALOSS: 9566.6542 | CLOSS: 1089867.9925 | TLOSS: -341.8283 | TVAL: 0.1097 | AENT: -3117.7476 | BCLOSS: 0.0000
[EPISODE DBG] episode=22 step=5302 pred_return=-0.929548 true_return=57.718482 total_feedback=64 labeled_feedback=0
[2026-03-24 12:25:11,609][pcse.agromanager.SoilCalendar][INFO] - Starting soil (oregon) with variation (oregon_1) on day 1984-02-01
[2026-03-24 12:25:11,625][pcse.agromanager.CropCalendar][INFO] - Starting crop (wheat) with variety (wheat_1) on day 1984-02-01
[2026-03-24 12:25:13,642][pcse.crop.phenology.Annual_Phenology][INFO] - Changed phenological stage 'emerging' to 'vegetative' on 1984-04-10
[2026-03-24 12:25:15,517][pcse.crop.phenology.Vernalisation][INFO] - Critical DVS for vernalization (VERNDVS) reached at day 1984-06-02, but vernalization requirements not yet fulfilled. Forcing vernalization now (VERN=47.688571).
[2026-03-24 12:25:15,547][pcse.crop.phenology.Vernalisation][INFO] - Critical DVS for vernalization (VERNDVS) reached at day 1984-06-03, but vernalization requirements not yet fulfilled. Forcing vernalization now (VERN=47.688571).
[2026-03-24 12:25:15,578][pcse.crop.phenology.Vernalisation][INFO] - Critical DVS for vernalization (VERNDVS) reached at day 1984-06-04, but vernalization requirements not yet fulfilled. Forcing vernalization now (VERN=47.688571).
[2026-03-24 12:25:15,609][pcse.crop.phenology.Vernalisation][INFO] - Critical DVS for vernalization (VERNDVS) reached at day 1984-06-05, but vernalization requirements not yet fulfilled. Forcing vernalization now (VERN=47.688571).
[2026-03-24 12:25:15,640][pcse.crop.phenology.Vernalisation][INFO] - Critical DVS for vernalization (VERNDVS) reached at day 1984-06-06, but vernalization requirements not yet fulfilled. Forcing vernalization now (VERN=47.688571).
[2026-03-24 12:25:15,671][pcse.crop.phenology.Vernalisation][INFO] - Critical DVS for vernalization (VERNDVS) reached at day 1984-06-07, but vernalization requirements not yet fulfilled. Forcing vernalization now (VERN=47.688571).
[2026-03-24 12:25:15,701][pcse.crop.phenology.Vernalisation][INFO] - Critical DVS for vernalization (VERNDVS) reached at day 1984-06-08, but vernalization requirements not yet fulfilled. Forcing vernalization now (VERN=47.688571).
[2026-03-24 12:25:15,732][pcse.crop.phenology.Vernalisation][INFO] - Critical DVS for vernalization (VERNDVS) reached at day 1984-06-09, but vernalization requirements not yet fulfilled. Forcing vernalization now (VERN=47.688571).
[2026-03-24 12:25:15,763][pcse.crop.phenology.Vernalisation][INFO] - Critical DVS for vernalization (VERNDVS) reached at day 1984-06-10, but vernalization requirements not yet fulfilled. Forcing vernalization now (VERN=47.688571).
[2026-03-24 12:25:15,794][pcse.crop.phenology.Vernalisation][INFO] - Critical DVS for vernalization (VERNDVS) reached at day 1984-06-11, but vernalization requirements not yet fulfilled. Forcing vernalization now (VERN=47.688571).
[2026-03-24 12:25:15,824][pcse.crop.phenology.Vernalisation][INFO] - Critical DVS for vernalization (VERNDVS) reached at day 1984-06-12, but vernalization requirements not yet fulfilled. Forcing vernalization now (VERN=47.688571).
[2026-03-24 12:25:15,855][pcse.crop.phenology.Vernalisation][INFO] - Critical DVS for vernalization (VERNDVS) reached at day 1984-06-13, but vernalization requirements not yet fulfilled. Forcing vernalization now (VERN=47.688571).
[2026-03-24 12:25:15,886][pcse.crop.phenology.Vernalisation][INFO] - Critical DVS for vernalization (VERNDVS) reached at day 1984-06-14, but vernalization requirements not yet fulfilled. Forcing vernalization now (VERN=47.688571).
[2026-03-24 12:25:15,916][pcse.crop.phenology.Vernalisation][INFO] - Critical DVS for vernalization (VERNDVS) reached at day 1984-06-15, but vernalization requirements not yet fulfilled. Forcing vernalization now (VERN=47.688571).
[2026-03-24 12:25:15,947][pcse.crop.phenology.Vernalisation][INFO] - Critical DVS for vernalization (VERNDVS) reached at day 1984-06-16, but vernalization requirements not yet fulfilled. Forcing vernalization now (VERN=47.688571).
[2026-03-24 12:25:15,978][pcse.crop.phenology.Vernalisation][INFO] - Critical DVS for vernalization (VERNDVS) reached at day 1984-06-17, but vernalization requirements not yet fulfilled. Forcing vernalization now (VERN=47.688571).
[2026-03-24 12:25:16,008][pcse.crop.phenology.Vernalisation][INFO] - Critical DVS for vernalization (VERNDVS) reached at day 1984-06-18, but vernalization requirements not yet fulfilled. Forcing vernalization now (VERN=47.688571).
[2026-03-24 12:25:16,039][pcse.crop.phenology.Vernalisation][INFO] - Critical DVS for vernalization (VERNDVS) reached at day 1984-06-19, but vernalization requirements not yet fulfilled. Forcing vernalization now (VERN=47.688571).
[2026-03-24 12:25:16,070][pcse.crop.phenology.Vernalisation][INFO] - Critical DVS for vernalization (VERNDVS) reached at day 1984-06-20, but vernalization requirements not yet fulfilled. Forcing vernalization now (VERN=47.688571).
[2026-03-24 12:25:16,101][pcse.crop.phenology.Vernalisation][INFO] - Critical DVS for vernalization (VERNDVS) reached at day 1984-06-21, but vernalization requirements not yet fulfilled. Forcing vernalization now (VERN=47.688571).
[2026-03-24 12:25:16,131][pcse.crop.phenology.Vernalisation][INFO] - Critical DVS for vernalization (VERNDVS) reached at day 1984-06-22, but vernalization requirements not yet fulfilled. Forcing vernalization now (VERN=47.688571).
[2026-03-24 12:25:16,162][pcse.crop.phenology.Vernalisation][INFO] - Critical DVS for vernalization (VERNDVS) reached at day 1984-06-23, but vernalization requirements not yet fulfilled. Forcing vernalization now (VERN=47.688571).
[2026-03-24 12:25:16,193][pcse.crop.phenology.Vernalisation][INFO] - Critical DVS for vernalization (VERNDVS) reached at day 1984-06-24, but vernalization requirements not yet fulfilled. Forcing vernalization now (VERN=47.688571).
[2026-03-24 12:25:16,224][pcse.crop.phenology.Vernalisation][INFO] - Critical DVS for vernalization (VERNDVS) reached at day 1984-06-25, but vernalization requirements not yet fulfilled. Forcing vernalization now (VERN=47.688571).
[2026-03-24 12:25:16,255][pcse.crop.phenology.Vernalisation][INFO] - Critical DVS for vernalization (VERNDVS) reached at day 1984-06-26, but vernalization requirements not yet fulfilled. Forcing vernalization now (VERN=47.688571).
[2026-03-24 12:25:16,285][pcse.crop.phenology.Vernalisation][INFO] - Critical DVS for vernalization (VERNDVS) reached at day 1984-06-27, but vernalization requirements not yet fulfilled. Forcing vernalization now (VERN=47.688571).
[2026-03-24 12:25:16,316][pcse.crop.phenology.Vernalisation][INFO] - Critical DVS for vernalization (VERNDVS) reached at day 1984-06-28, but vernalization requirements not yet fulfilled. Forcing vernalization now (VERN=47.688571).
[2026-03-24 12:25:16,347][pcse.crop.phenology.Vernalisation][INFO] - Critical DVS for vernalization (VERNDVS) reached at day 1984-06-29, but vernalization requirements not yet fulfilled. Forcing vernalization now (VERN=47.688571).
[2026-03-24 12:25:16,347][pcse.crop.phenology.Annual_Phenology][INFO] - Changed phenological stage 'vegetative' to 'reproductive' on 1984-06-29
[REPLAY DBG] post-agent-update step=5500 n=5500 mean=0.001474 std=0.009406 min=-0.043036 max=0.028966
[STEP DBG] step=5500 env_reward=0.481666 r_hat=-0.012187 done=False
[NORM DBG] count=5500 mean_abs_mean=62647.339844 mean_std=223.678665 min_std=0.001000 max_std=3089.809570
[2026-03-24 12:25:18,918][pcse.crop.phenology.Annual_Phenology][INFO] - Changed phenological stage 'reproductive' to 'mature' on 1984-09-13
[2026-03-24 12:25:19,347][pcse.base.timer.Timer][INFO] - Reached end of simulation period as specified by END_DATE.
| train          | E: 23 | S: 5543 | R: -0.9295 | TR: 57.7185 | TF: 64 | LR: 0 | NR: 0 | D: 07.7 s | TD: 00.0 s | BR: 0.0016 | ALOSS: 9680.0610 | CLOSS: 1313339.4053 | TLOSS: -341.2093 | TVAL: 0.1118 | AENT: -3052.3728 | BCLOSS: 0.0000
[EPISODE DBG] episode=23 step=5543 pred_return=-0.942325 true_return=42.954051 total_feedback=64 labeled_feedback=0
[2026-03-24 12:25:19,356][pcse.agromanager.SoilCalendar][INFO] - Starting soil (oregon) with variation (oregon_1) on day 1984-02-01
[2026-03-24 12:25:19,358][pcse.agromanager.CropCalendar][INFO] - Starting crop (wheat) with variety (wheat_1) on day 1984-02-01
Reward function update skipped (no labeled feedback yet).
[REPLAY DBG] before relabel step=5600 n=5600 mean=0.001364 std=0.009416 min=-0.043036 max=0.028966
[REPLAY DBG] after relabel step=5600 n=5600 mean=0.002134 std=0.009172 min=-0.043324 max=0.028900
[2026-03-24 12:25:21,796][pcse.crop.phenology.Annual_Phenology][INFO] - Changed phenological stage 'emerging' to 'vegetative' on 1984-04-10
[2026-03-24 12:25:23,367][pcse.crop.phenology.Vernalisation][INFO] - Critical DVS for vernalization (VERNDVS) reached at day 1984-06-02, but vernalization requirements not yet fulfilled. Forcing vernalization now (VERN=47.688571).
[2026-03-24 12:25:23,397][pcse.crop.phenology.Vernalisation][INFO] - Critical DVS for vernalization (VERNDVS) reached at day 1984-06-03, but vernalization requirements not yet fulfilled. Forcing vernalization now (VERN=47.688571).
[2026-03-24 12:25:23,428][pcse.crop.phenology.Vernalisation][INFO] - Critical DVS for vernalization (VERNDVS) reached at day 1984-06-04, but vernalization requirements not yet fulfilled. Forcing vernalization now (VERN=47.688571).
[2026-03-24 12:25:23,459][pcse.crop.phenology.Vernalisation][INFO] - Critical DVS for vernalization (VERNDVS) reached at day 1984-06-05, but vernalization requirements not yet fulfilled. Forcing vernalization now (VERN=47.688571).
[2026-03-24 12:25:23,489][pcse.crop.phenology.Vernalisation][INFO] - Critical DVS for vernalization (VERNDVS) reached at day 1984-06-06, but vernalization requirements not yet fulfilled. Forcing vernalization now (VERN=47.688571).
[2026-03-24 12:25:23,519][pcse.crop.phenology.Vernalisation][INFO] - Critical DVS for vernalization (VERNDVS) reached at day 1984-06-07, but vernalization requirements not yet fulfilled. Forcing vernalization now (VERN=47.688571).
[2026-03-24 12:25:23,549][pcse.crop.phenology.Vernalisation][INFO] - Critical DVS for vernalization (VERNDVS) reached at day 1984-06-08, but vernalization requirements not yet fulfilled. Forcing vernalization now (VERN=47.688571).
[2026-03-24 12:25:23,580][pcse.crop.phenology.Vernalisation][INFO] - Critical DVS for vernalization (VERNDVS) reached at day 1984-06-09, but vernalization requirements not yet fulfilled. Forcing vernalization now (VERN=47.688571).
[2026-03-24 12:25:23,610][pcse.crop.phenology.Vernalisation][INFO] - Critical DVS for vernalization (VERNDVS) reached at day 1984-06-10, but vernalization requirements not yet fulfilled. Forcing vernalization now (VERN=47.688571).
[2026-03-24 12:25:23,640][pcse.crop.phenology.Vernalisation][INFO] - Critical DVS for vernalization (VERNDVS) reached at day 1984-06-11, but vernalization requirements not yet fulfilled. Forcing vernalization now (VERN=47.688571).
[2026-03-24 12:25:23,671][pcse.crop.phenology.Vernalisation][INFO] - Critical DVS for vernalization (VERNDVS) reached at day 1984-06-12, but vernalization requirements not yet fulfilled. Forcing vernalization now (VERN=47.688571).
[2026-03-24 12:25:23,701][pcse.crop.phenology.Vernalisation][INFO] - Critical DVS for vernalization (VERNDVS) reached at day 1984-06-13, but vernalization requirements not yet fulfilled. Forcing vernalization now (VERN=47.688571).
[2026-03-24 12:25:23,732][pcse.crop.phenology.Vernalisation][INFO] - Critical DVS for vernalization (VERNDVS) reached at day 1984-06-14, but vernalization requirements not yet fulfilled. Forcing vernalization now (VERN=47.688571).
[2026-03-24 12:25:23,763][pcse.crop.phenology.Vernalisation][INFO] - Critical DVS for vernalization (VERNDVS) reached at day 1984-06-15, but vernalization requirements not yet fulfilled. Forcing vernalization now (VERN=47.688571).
[2026-03-24 12:25:23,794][pcse.crop.phenology.Vernalisation][INFO] - Critical DVS for vernalization (VERNDVS) reached at day 1984-06-16, but vernalization requirements not yet fulfilled. Forcing vernalization now (VERN=47.688571).
[2026-03-24 12:25:23,824][pcse.crop.phenology.Vernalisation][INFO] - Critical DVS for vernalization (VERNDVS) reached at day 1984-06-17, but vernalization requirements not yet fulfilled. Forcing vernalization now (VERN=47.688571).
[2026-03-24 12:25:23,855][pcse.crop.phenology.Vernalisation][INFO] - Critical DVS for vernalization (VERNDVS) reached at day 1984-06-18, but vernalization requirements not yet fulfilled. Forcing vernalization now (VERN=47.688571).
[2026-03-24 12:25:23,885][pcse.crop.phenology.Vernalisation][INFO] - Critical DVS for vernalization (VERNDVS) reached at day 1984-06-19, but vernalization requirements not yet fulfilled. Forcing vernalization now (VERN=47.688571).
[2026-03-24 12:25:23,916][pcse.crop.phenology.Vernalisation][INFO] - Critical DVS for vernalization (VERNDVS) reached at day 1984-06-20, but vernalization requirements not yet fulfilled. Forcing vernalization now (VERN=47.688571).
[2026-03-24 12:25:23,946][pcse.crop.phenology.Vernalisation][INFO] - Critical DVS for vernalization (VERNDVS) reached at day 1984-06-21, but vernalization requirements not yet fulfilled. Forcing vernalization now (VERN=47.688571).
[2026-03-24 12:25:23,976][pcse.crop.phenology.Vernalisation][INFO] - Critical DVS for vernalization (VERNDVS) reached at day 1984-06-22, but vernalization requirements not yet fulfilled. Forcing vernalization now (VERN=47.688571).
[2026-03-24 12:25:24,007][pcse.crop.phenology.Vernalisation][INFO] - Critical DVS for vernalization (VERNDVS) reached at day 1984-06-23, but vernalization requirements not yet fulfilled. Forcing vernalization now (VERN=47.688571).
[2026-03-24 12:25:24,033][pcse.crop.phenology.Vernalisation][INFO] - Critical DVS for vernalization (VERNDVS) reached at day 1984-06-24, but vernalization requirements not yet fulfilled. Forcing vernalization now (VERN=47.688571).
[2026-03-24 12:25:24,062][pcse.crop.phenology.Vernalisation][INFO] - Critical DVS for vernalization (VERNDVS) reached at day 1984-06-25, but vernalization requirements not yet fulfilled. Forcing vernalization now (VERN=47.688571).
[2026-03-24 12:25:24,084][pcse.crop.phenology.Vernalisation][INFO] - Critical DVS for vernalization (VERNDVS) reached at day 1984-06-26, but vernalization requirements not yet fulfilled. Forcing vernalization now (VERN=47.688571).
[2026-03-24 12:25:24,112][pcse.crop.phenology.Vernalisation][INFO] - Critical DVS for vernalization (VERNDVS) reached at day 1984-06-27, but vernalization requirements not yet fulfilled. Forcing vernalization now (VERN=47.688571).
[2026-03-24 12:25:24,141][pcse.crop.phenology.Vernalisation][INFO] - Critical DVS for vernalization (VERNDVS) reached at day 1984-06-28, but vernalization requirements not yet fulfilled. Forcing vernalization now (VERN=47.688571).
[2026-03-24 12:25:24,173][pcse.crop.phenology.Vernalisation][INFO] - Critical DVS for vernalization (VERNDVS) reached at day 1984-06-29, but vernalization requirements not yet fulfilled. Forcing vernalization now (VERN=47.688571).
[2026-03-24 12:25:24,173][pcse.crop.phenology.Annual_Phenology][INFO] - Changed phenological stage 'vegetative' to 'reproductive' on 1984-06-29
[2026-03-24 12:25:26,805][pcse.crop.phenology.Annual_Phenology][INFO] - Changed phenological stage 'reproductive' to 'mature' on 1984-09-13
[2026-03-24 12:25:27,303][pcse.base.timer.Timer][INFO] - Reached end of simulation period as specified by END_DATE.
| train          | E: 24 | S: 5784 | R: -0.9423 | TR: 42.9541 | TF: 64 | LR: 0 | NR: 0 | D: 08.0 s | TD: 00.0 s | BR: 0.0019 | ALOSS: 9822.8235 | CLOSS: 1487432.5817 | TLOSS: -339.3911 | TVAL: 0.1141 | AENT: -2975.6249 | BCLOSS: 0.0000
[EPISODE DBG] episode=24 step=5784 pred_return=-0.896779 true_return=22.107560 total_feedback=80 labeled_feedback=0
[2026-03-24 12:25:27,315][pcse.agromanager.SoilCalendar][INFO] - Starting soil (oregon) with variation (oregon_1) on day 1984-02-01
[2026-03-24 12:25:27,317][pcse.agromanager.CropCalendar][INFO] - Starting crop (wheat) with variety (wheat_1) on day 1984-02-01
[2026-03-24 12:25:29,531][pcse.crop.phenology.Annual_Phenology][INFO] - Changed phenological stage 'emerging' to 'vegetative' on 1984-04-10
[2026-03-24 12:25:31,221][pcse.crop.phenology.Vernalisation][INFO] - Critical DVS for vernalization (VERNDVS) reached at day 1984-06-02, but vernalization requirements not yet fulfilled. Forcing vernalization now (VERN=47.688571).
[2026-03-24 12:25:31,246][pcse.crop.phenology.Vernalisation][INFO] - Critical DVS for vernalization (VERNDVS) reached at day 1984-06-03, but vernalization requirements not yet fulfilled. Forcing vernalization now (VERN=47.688571).
[2026-03-24 12:25:31,270][pcse.crop.phenology.Vernalisation][INFO] - Critical DVS for vernalization (VERNDVS) reached at day 1984-06-04, but vernalization requirements not yet fulfilled. Forcing vernalization now (VERN=47.688571).
[2026-03-24 12:25:31,299][pcse.crop.phenology.Vernalisation][INFO] - Critical DVS for vernalization (VERNDVS) reached at day 1984-06-05, but vernalization requirements not yet fulfilled. Forcing vernalization now (VERN=47.688571).
[2026-03-24 12:25:31,322][pcse.crop.phenology.Vernalisation][INFO] - Critical DVS for vernalization (VERNDVS) reached at day 1984-06-06, but vernalization requirements not yet fulfilled. Forcing vernalization now (VERN=47.688571).
[2026-03-24 12:25:31,344][pcse.crop.phenology.Vernalisation][INFO] - Critical DVS for vernalization (VERNDVS) reached at day 1984-06-07, but vernalization requirements not yet fulfilled. Forcing vernalization now (VERN=47.688571).
[2026-03-24 12:25:31,373][pcse.crop.phenology.Vernalisation][INFO] - Critical DVS for vernalization (VERNDVS) reached at day 1984-06-08, but vernalization requirements not yet fulfilled. Forcing vernalization now (VERN=47.688571).
[2026-03-24 12:25:31,402][pcse.crop.phenology.Vernalisation][INFO] - Critical DVS for vernalization (VERNDVS) reached at day 1984-06-09, but vernalization requirements not yet fulfilled. Forcing vernalization now (VERN=47.688571).
[2026-03-24 12:25:31,427][pcse.crop.phenology.Vernalisation][INFO] - Critical DVS for vernalization (VERNDVS) reached at day 1984-06-10, but vernalization requirements not yet fulfilled. Forcing vernalization now (VERN=47.688571).
[2026-03-24 12:25:31,450][pcse.crop.phenology.Vernalisation][INFO] - Critical DVS for vernalization (VERNDVS) reached at day 1984-06-11, but vernalization requirements not yet fulfilled. Forcing vernalization now (VERN=47.688571).
[2026-03-24 12:25:31,480][pcse.crop.phenology.Vernalisation][INFO] - Critical DVS for vernalization (VERNDVS) reached at day 1984-06-12, but vernalization requirements not yet fulfilled. Forcing vernalization now (VERN=47.688571).
[2026-03-24 12:25:31,507][pcse.crop.phenology.Vernalisation][INFO] - Critical DVS for vernalization (VERNDVS) reached at day 1984-06-13, but vernalization requirements not yet fulfilled. Forcing vernalization now (VERN=47.688571).
[2026-03-24 12:25:31,528][pcse.crop.phenology.Vernalisation][INFO] - Critical DVS for vernalization (VERNDVS) reached at day 1984-06-14, but vernalization requirements not yet fulfilled. Forcing vernalization now (VERN=47.688571).
[2026-03-24 12:25:31,556][pcse.crop.phenology.Vernalisation][INFO] - Critical DVS for vernalization (VERNDVS) reached at day 1984-06-15, but vernalization requirements not yet fulfilled. Forcing vernalization now (VERN=47.688571).
[2026-03-24 12:25:31,583][pcse.crop.phenology.Vernalisation][INFO] - Critical DVS for vernalization (VERNDVS) reached at day 1984-06-16, but vernalization requirements not yet fulfilled. Forcing vernalization now (VERN=47.688571).
[2026-03-24 12:25:31,610][pcse.crop.phenology.Vernalisation][INFO] - Critical DVS for vernalization (VERNDVS) reached at day 1984-06-17, but vernalization requirements not yet fulfilled. Forcing vernalization now (VERN=47.688571).
[2026-03-24 12:25:31,633][pcse.crop.phenology.Vernalisation][INFO] - Critical DVS for vernalization (VERNDVS) reached at day 1984-06-18, but vernalization requirements not yet fulfilled. Forcing vernalization now (VERN=47.688571).
[2026-03-24 12:25:31,662][pcse.crop.phenology.Vernalisation][INFO] - Critical DVS for vernalization (VERNDVS) reached at day 1984-06-19, but vernalization requirements not yet fulfilled. Forcing vernalization now (VERN=47.688571).
[2026-03-24 12:25:31,686][pcse.crop.phenology.Vernalisation][INFO] - Critical DVS for vernalization (VERNDVS) reached at day 1984-06-20, but vernalization requirements not yet fulfilled. Forcing vernalization now (VERN=47.688571).
[2026-03-24 12:25:31,710][pcse.crop.phenology.Vernalisation][INFO] - Critical DVS for vernalization (VERNDVS) reached at day 1984-06-21, but vernalization requirements not yet fulfilled. Forcing vernalization now (VERN=47.688571).
[2026-03-24 12:25:31,738][pcse.crop.phenology.Vernalisation][INFO] - Critical DVS for vernalization (VERNDVS) reached at day 1984-06-22, but vernalization requirements not yet fulfilled. Forcing vernalization now (VERN=47.688571).
[2026-03-24 12:25:31,765][pcse.crop.phenology.Vernalisation][INFO] - Critical DVS for vernalization (VERNDVS) reached at day 1984-06-23, but vernalization requirements not yet fulfilled. Forcing vernalization now (VERN=47.688571).
[2026-03-24 12:25:31,786][pcse.crop.phenology.Vernalisation][INFO] - Critical DVS for vernalization (VERNDVS) reached at day 1984-06-24, but vernalization requirements not yet fulfilled. Forcing vernalization now (VERN=47.688571).
[2026-03-24 12:25:31,813][pcse.crop.phenology.Vernalisation][INFO] - Critical DVS for vernalization (VERNDVS) reached at day 1984-06-25, but vernalization requirements not yet fulfilled. Forcing vernalization now (VERN=47.688571).
[2026-03-24 12:25:31,836][pcse.crop.phenology.Vernalisation][INFO] - Critical DVS for vernalization (VERNDVS) reached at day 1984-06-26, but vernalization requirements not yet fulfilled. Forcing vernalization now (VERN=47.688571).
[2026-03-24 12:25:31,859][pcse.crop.phenology.Vernalisation][INFO] - Critical DVS for vernalization (VERNDVS) reached at day 1984-06-27, but vernalization requirements not yet fulfilled. Forcing vernalization now (VERN=47.688571).
[2026-03-24 12:25:31,888][pcse.crop.phenology.Vernalisation][INFO] - Critical DVS for vernalization (VERNDVS) reached at day 1984-06-28, but vernalization requirements not yet fulfilled. Forcing vernalization now (VERN=47.688571).
[2026-03-24 12:25:31,915][pcse.crop.phenology.Vernalisation][INFO] - Critical DVS for vernalization (VERNDVS) reached at day 1984-06-29, but vernalization requirements not yet fulfilled. Forcing vernalization now (VERN=47.688571).
[2026-03-24 12:25:31,915][pcse.crop.phenology.Annual_Phenology][INFO] - Changed phenological stage 'vegetative' to 'reproductive' on 1984-06-29
Reward function update skipped (no labeled feedback yet).
[REPLAY DBG] before relabel step=6000 n=6000 mean=0.001757 std=0.009127 min=-0.043324 max=0.028900
[REPLAY DBG] after relabel step=6000 n=6000 mean=0.002405 std=0.009013 min=-0.044069 max=0.028925
[REPLAY DBG] post-agent-update step=6000 n=6000 mean=0.002405 std=0.009013 min=-0.044069 max=0.028925
[STEP DBG] step=6000 env_reward=0.323790 r_hat=-0.009083 done=False
[NORM DBG] count=6000 mean_abs_mean=62636.542969 mean_std=218.338715 min_std=0.001000 max_std=2997.884521
[2026-03-24 12:25:34,412][pcse.crop.phenology.Annual_Phenology][INFO] - Changed phenological stage 'reproductive' to 'mature' on 1984-09-13
[2026-03-24 12:25:34,926][pcse.base.timer.Timer][INFO] - Reached end of simulation period as specified by END_DATE.
| train          | E: 25 | S: 6025 | R: -0.8968 | TR: 22.1076 | TF: 80 | LR: 0 | NR: 0 | D: 07.6 s | TD: 00.0 s | BR: 0.0019 | ALOSS: 9999.6185 | CLOSS: 1521089.7334 | TLOSS: -341.4429 | TVAL: 0.1165 | AENT: -2932.5048 | BCLOSS: 0.0000
[EPISODE DBG] episode=25 step=6025 pred_return=-0.879853 true_return=27.250778 total_feedback=96 labeled_feedback=0
[2026-03-24 12:25:34,937][pcse.agromanager.SoilCalendar][INFO] - Starting soil (oregon) with variation (oregon_1) on day 1984-02-01
[2026-03-24 12:25:34,940][pcse.agromanager.CropCalendar][INFO] - Starting crop (wheat) with variety (wheat_1) on day 1984-02-01
[2026-03-24 12:25:37,064][pcse.crop.phenology.Annual_Phenology][INFO] - Changed phenological stage 'emerging' to 'vegetative' on 1984-04-10
[2026-03-24 12:25:38,706][pcse.crop.phenology.Vernalisation][INFO] - Critical DVS for vernalization (VERNDVS) reached at day 1984-06-02, but vernalization requirements not yet fulfilled. Forcing vernalization now (VERN=47.688571).
[2026-03-24 12:25:38,726][pcse.crop.phenology.Vernalisation][INFO] - Critical DVS for vernalization (VERNDVS) reached at day 1984-06-03, but vernalization requirements not yet fulfilled. Forcing vernalization now (VERN=47.688571).
[2026-03-24 12:25:38,749][pcse.crop.phenology.Vernalisation][INFO] - Critical DVS for vernalization (VERNDVS) reached at day 1984-06-04, but vernalization requirements not yet fulfilled. Forcing vernalization now (VERN=47.688571).
[2026-03-24 12:25:38,769][pcse.crop.phenology.Vernalisation][INFO] - Critical DVS for vernalization (VERNDVS) reached at day 1984-06-05, but vernalization requirements not yet fulfilled. Forcing vernalization now (VERN=47.688571).
[2026-03-24 12:25:38,794][pcse.crop.phenology.Vernalisation][INFO] - Critical DVS for vernalization (VERNDVS) reached at day 1984-06-06, but vernalization requirements not yet fulfilled. Forcing vernalization now (VERN=47.688571).
[2026-03-24 12:25:38,819][pcse.crop.phenology.Vernalisation][INFO] - Critical DVS for vernalization (VERNDVS) reached at day 1984-06-07, but vernalization requirements not yet fulfilled. Forcing vernalization now (VERN=47.688571).
[2026-03-24 12:25:38,842][pcse.crop.phenology.Vernalisation][INFO] - Critical DVS for vernalization (VERNDVS) reached at day 1984-06-08, but vernalization requirements not yet fulfilled. Forcing vernalization now (VERN=47.688571).
[2026-03-24 12:25:38,870][pcse.crop.phenology.Vernalisation][INFO] - Critical DVS for vernalization (VERNDVS) reached at day 1984-06-09, but vernalization requirements not yet fulfilled. Forcing vernalization now (VERN=47.688571).
[2026-03-24 12:25:38,893][pcse.crop.phenology.Vernalisation][INFO] - Critical DVS for vernalization (VERNDVS) reached at day 1984-06-10, but vernalization requirements not yet fulfilled. Forcing vernalization now (VERN=47.688571).
[2026-03-24 12:25:38,914][pcse.crop.phenology.Vernalisation][INFO] - Critical DVS for vernalization (VERNDVS) reached at day 1984-06-11, but vernalization requirements not yet fulfilled. Forcing vernalization now (VERN=47.688571).
[2026-03-24 12:25:38,943][pcse.crop.phenology.Vernalisation][INFO] - Critical DVS for vernalization (VERNDVS) reached at day 1984-06-12, but vernalization requirements not yet fulfilled. Forcing vernalization now (VERN=47.688571).
[2026-03-24 12:25:38,967][pcse.crop.phenology.Vernalisation][INFO] - Critical DVS for vernalization (VERNDVS) reached at day 1984-06-13, but vernalization requirements not yet fulfilled. Forcing vernalization now (VERN=47.688571).
[2026-03-24 12:25:38,990][pcse.crop.phenology.Vernalisation][INFO] - Critical DVS for vernalization (VERNDVS) reached at day 1984-06-14, but vernalization requirements not yet fulfilled. Forcing vernalization now (VERN=47.688571).
[2026-03-24 12:25:39,018][pcse.crop.phenology.Vernalisation][INFO] - Critical DVS for vernalization (VERNDVS) reached at day 1984-06-15, but vernalization requirements not yet fulfilled. Forcing vernalization now (VERN=47.688571).
[2026-03-24 12:25:39,042][pcse.crop.phenology.Vernalisation][INFO] - Critical DVS for vernalization (VERNDVS) reached at day 1984-06-16, but vernalization requirements not yet fulfilled. Forcing vernalization now (VERN=47.688571).
[2026-03-24 12:25:39,065][pcse.crop.phenology.Vernalisation][INFO] - Critical DVS for vernalization (VERNDVS) reached at day 1984-06-17, but vernalization requirements not yet fulfilled. Forcing vernalization now (VERN=47.688571).
[2026-03-24 12:25:39,093][pcse.crop.phenology.Vernalisation][INFO] - Critical DVS for vernalization (VERNDVS) reached at day 1984-06-18, but vernalization requirements not yet fulfilled. Forcing vernalization now (VERN=47.688571).
[2026-03-24 12:25:39,117][pcse.crop.phenology.Vernalisation][INFO] - Critical DVS for vernalization (VERNDVS) reached at day 1984-06-19, but vernalization requirements not yet fulfilled. Forcing vernalization now (VERN=47.688571).
[2026-03-24 12:25:39,140][pcse.crop.phenology.Vernalisation][INFO] - Critical DVS for vernalization (VERNDVS) reached at day 1984-06-20, but vernalization requirements not yet fulfilled. Forcing vernalization now (VERN=47.688571).
[2026-03-24 12:25:39,168][pcse.crop.phenology.Vernalisation][INFO] - Critical DVS for vernalization (VERNDVS) reached at day 1984-06-21, but vernalization requirements not yet fulfilled. Forcing vernalization now (VERN=47.688571).
[2026-03-24 12:25:39,191][pcse.crop.phenology.Vernalisation][INFO] - Critical DVS for vernalization (VERNDVS) reached at day 1984-06-22, but vernalization requirements not yet fulfilled. Forcing vernalization now (VERN=47.688571).
[2026-03-24 12:25:39,213][pcse.crop.phenology.Vernalisation][INFO] - Critical DVS for vernalization (VERNDVS) reached at day 1984-06-23, but vernalization requirements not yet fulfilled. Forcing vernalization now (VERN=47.688571).
[2026-03-24 12:25:39,238][pcse.crop.phenology.Vernalisation][INFO] - Critical DVS for vernalization (VERNDVS) reached at day 1984-06-24, but vernalization requirements not yet fulfilled. Forcing vernalization now (VERN=47.688571).
[2026-03-24 12:25:39,258][pcse.crop.phenology.Vernalisation][INFO] - Critical DVS for vernalization (VERNDVS) reached at day 1984-06-25, but vernalization requirements not yet fulfilled. Forcing vernalization now (VERN=47.688571).
[2026-03-24 12:25:39,284][pcse.crop.phenology.Vernalisation][INFO] - Critical DVS for vernalization (VERNDVS) reached at day 1984-06-26, but vernalization requirements not yet fulfilled. Forcing vernalization now (VERN=47.688571).
[2026-03-24 12:25:39,300][pcse.crop.phenology.Vernalisation][INFO] - Critical DVS for vernalization (VERNDVS) reached at day 1984-06-27, but vernalization requirements not yet fulfilled. Forcing vernalization now (VERN=47.688571).
[2026-03-24 12:25:39,327][pcse.crop.phenology.Vernalisation][INFO] - Critical DVS for vernalization (VERNDVS) reached at day 1984-06-28, but vernalization requirements not yet fulfilled. Forcing vernalization now (VERN=47.688571).
[2026-03-24 12:25:39,351][pcse.crop.phenology.Vernalisation][INFO] - Critical DVS for vernalization (VERNDVS) reached at day 1984-06-29, but vernalization requirements not yet fulfilled. Forcing vernalization now (VERN=47.688571).
[2026-03-24 12:25:39,351][pcse.crop.phenology.Annual_Phenology][INFO] - Changed phenological stage 'vegetative' to 'reproductive' on 1984-06-29
[2026-03-24 12:25:41,616][pcse.crop.phenology.Annual_Phenology][INFO] - Changed phenological stage 'reproductive' to 'mature' on 1984-09-13
[2026-03-24 12:25:42,162][pcse.base.timer.Timer][INFO] - Reached end of simulation period as specified by END_DATE.
| train          | E: 26 | S: 6266 | R: -0.8799 | TR: 27.2508 | TF: 96 | LR: 0 | NR: 0 | D: 07.2 s | TD: 00.0 s | BR: 0.0023 | ALOSS: 10150.6110 | CLOSS: 1509144.7847 | TLOSS: -333.6041 | TVAL: 0.1189 | AENT: -2807.3373 | BCLOSS: 0.0000
[EPISODE DBG] episode=26 step=6266 pred_return=-0.792313 true_return=44.905043 total_feedback=96 labeled_feedback=0
[2026-03-24 12:25:42,173][pcse.agromanager.SoilCalendar][INFO] - Starting soil (oregon) with variation (oregon_1) on day 1984-02-01
[2026-03-24 12:25:42,175][pcse.agromanager.CropCalendar][INFO] - Starting crop (wheat) with variety (wheat_1) on day 1984-02-01
[2026-03-24 12:25:44,706][pcse.crop.phenology.Annual_Phenology][INFO] - Changed phenological stage 'emerging' to 'vegetative' on 1984-04-10
[2026-03-24 12:25:46,348][pcse.crop.phenology.Vernalisation][INFO] - Critical DVS for vernalization (VERNDVS) reached at day 1984-06-02, but vernalization requirements not yet fulfilled. Forcing vernalization now (VERN=47.688571).
[2026-03-24 12:25:46,380][pcse.crop.phenology.Vernalisation][INFO] - Critical DVS for vernalization (VERNDVS) reached at day 1984-06-03, but vernalization requirements not yet fulfilled. Forcing vernalization now (VERN=47.688571).
[2026-03-24 12:25:46,412][pcse.crop.phenology.Vernalisation][INFO] - Critical DVS for vernalization (VERNDVS) reached at day 1984-06-04, but vernalization requirements not yet fulfilled. Forcing vernalization now (VERN=47.688571).
[2026-03-24 12:25:46,442][pcse.crop.phenology.Vernalisation][INFO] - Critical DVS for vernalization (VERNDVS) reached at day 1984-06-05, but vernalization requirements not yet fulfilled. Forcing vernalization now (VERN=47.688571).
[2026-03-24 12:25:46,473][pcse.crop.phenology.Vernalisation][INFO] - Critical DVS for vernalization (VERNDVS) reached at day 1984-06-06, but vernalization requirements not yet fulfilled. Forcing vernalization now (VERN=47.688571).
[2026-03-24 12:25:46,504][pcse.crop.phenology.Vernalisation][INFO] - Critical DVS for vernalization (VERNDVS) reached at day 1984-06-07, but vernalization requirements not yet fulfilled. Forcing vernalization now (VERN=47.688571).
[2026-03-24 12:25:46,535][pcse.crop.phenology.Vernalisation][INFO] - Critical DVS for vernalization (VERNDVS) reached at day 1984-06-08, but vernalization requirements not yet fulfilled. Forcing vernalization now (VERN=47.688571).
[2026-03-24 12:25:46,565][pcse.crop.phenology.Vernalisation][INFO] - Critical DVS for vernalization (VERNDVS) reached at day 1984-06-09, but vernalization requirements not yet fulfilled. Forcing vernalization now (VERN=47.688571).
[2026-03-24 12:25:46,597][pcse.crop.phenology.Vernalisation][INFO] - Critical DVS for vernalization (VERNDVS) reached at day 1984-06-10, but vernalization requirements not yet fulfilled. Forcing vernalization now (VERN=47.688571).
[2026-03-24 12:25:46,628][pcse.crop.phenology.Vernalisation][INFO] - Critical DVS for vernalization (VERNDVS) reached at day 1984-06-11, but vernalization requirements not yet fulfilled. Forcing vernalization now (VERN=47.688571).
[2026-03-24 12:25:46,659][pcse.crop.phenology.Vernalisation][INFO] - Critical DVS for vernalization (VERNDVS) reached at day 1984-06-12, but vernalization requirements not yet fulfilled. Forcing vernalization now (VERN=47.688571).
[2026-03-24 12:25:46,690][pcse.crop.phenology.Vernalisation][INFO] - Critical DVS for vernalization (VERNDVS) reached at day 1984-06-13, but vernalization requirements not yet fulfilled. Forcing vernalization now (VERN=47.688571).
[2026-03-24 12:25:46,721][pcse.crop.phenology.Vernalisation][INFO] - Critical DVS for vernalization (VERNDVS) reached at day 1984-06-14, but vernalization requirements not yet fulfilled. Forcing vernalization now (VERN=47.688571).
[2026-03-24 12:25:46,752][pcse.crop.phenology.Vernalisation][INFO] - Critical DVS for vernalization (VERNDVS) reached at day 1984-06-15, but vernalization requirements not yet fulfilled. Forcing vernalization now (VERN=47.688571).
Reward function update skipped (no labeled feedback yet).
[REPLAY DBG] before relabel step=6400 n=6400 mean=0.002077 std=0.008995 min=-0.044069 max=0.028925
[REPLAY DBG] after relabel step=6400 n=6400 mean=0.002533 std=0.008929 min=-0.044077 max=0.028920
[2026-03-24 12:25:47,174][pcse.crop.phenology.Vernalisation][INFO] - Critical DVS for vernalization (VERNDVS) reached at day 1984-06-16, but vernalization requirements not yet fulfilled. Forcing vernalization now (VERN=47.688571).
[2026-03-24 12:25:47,224][pcse.crop.phenology.Vernalisation][INFO] - Critical DVS for vernalization (VERNDVS) reached at day 1984-06-17, but vernalization requirements not yet fulfilled. Forcing vernalization now (VERN=47.688571).
[2026-03-24 12:25:47,263][pcse.crop.phenology.Vernalisation][INFO] - Critical DVS for vernalization (VERNDVS) reached at day 1984-06-18, but vernalization requirements not yet fulfilled. Forcing vernalization now (VERN=47.688571).
[2026-03-24 12:25:47,295][pcse.crop.phenology.Vernalisation][INFO] - Critical DVS for vernalization (VERNDVS) reached at day 1984-06-19, but vernalization requirements not yet fulfilled. Forcing vernalization now (VERN=47.688571).
[2026-03-24 12:25:47,326][pcse.crop.phenology.Vernalisation][INFO] - Critical DVS for vernalization (VERNDVS) reached at day 1984-06-20, but vernalization requirements not yet fulfilled. Forcing vernalization now (VERN=47.688571).
[2026-03-24 12:25:47,357][pcse.crop.phenology.Vernalisation][INFO] - Critical DVS for vernalization (VERNDVS) reached at day 1984-06-21, but vernalization requirements not yet fulfilled. Forcing vernalization now (VERN=47.688571).
[2026-03-24 12:25:47,387][pcse.crop.phenology.Vernalisation][INFO] - Critical DVS for vernalization (VERNDVS) reached at day 1984-06-22, but vernalization requirements not yet fulfilled. Forcing vernalization now (VERN=47.688571).
[2026-03-24 12:25:47,418][pcse.crop.phenology.Vernalisation][INFO] - Critical DVS for vernalization (VERNDVS) reached at day 1984-06-23, but vernalization requirements not yet fulfilled. Forcing vernalization now (VERN=47.688571).
[2026-03-24 12:25:47,448][pcse.crop.phenology.Vernalisation][INFO] - Critical DVS for vernalization (VERNDVS) reached at day 1984-06-24, but vernalization requirements not yet fulfilled. Forcing vernalization now (VERN=47.688571).
[2026-03-24 12:25:47,479][pcse.crop.phenology.Vernalisation][INFO] - Critical DVS for vernalization (VERNDVS) reached at day 1984-06-25, but vernalization requirements not yet fulfilled. Forcing vernalization now (VERN=47.688571).
[2026-03-24 12:25:47,510][pcse.crop.phenology.Vernalisation][INFO] - Critical DVS for vernalization (VERNDVS) reached at day 1984-06-26, but vernalization requirements not yet fulfilled. Forcing vernalization now (VERN=47.688571).
[2026-03-24 12:25:47,540][pcse.crop.phenology.Vernalisation][INFO] - Critical DVS for vernalization (VERNDVS) reached at day 1984-06-27, but vernalization requirements not yet fulfilled. Forcing vernalization now (VERN=47.688571).
[2026-03-24 12:25:47,569][pcse.crop.phenology.Vernalisation][INFO] - Critical DVS for vernalization (VERNDVS) reached at day 1984-06-28, but vernalization requirements not yet fulfilled. Forcing vernalization now (VERN=47.688571).
[2026-03-24 12:25:47,601][pcse.crop.phenology.Vernalisation][INFO] - Critical DVS for vernalization (VERNDVS) reached at day 1984-06-29, but vernalization requirements not yet fulfilled. Forcing vernalization now (VERN=47.688571).
[2026-03-24 12:25:47,601][pcse.crop.phenology.Annual_Phenology][INFO] - Changed phenological stage 'vegetative' to 'reproductive' on 1984-06-29
[2026-03-24 12:25:49,938][pcse.crop.phenology.Annual_Phenology][INFO] - Changed phenological stage 'reproductive' to 'mature' on 1984-09-13
[REPLAY DBG] post-agent-update step=6500 n=6500 mean=0.002432 std=0.008923 min=-0.044077 max=0.028920
[STEP DBG] step=6500 env_reward=0.522675 r_hat=0.007758 done=False
[NORM DBG] count=6500 mean_abs_mean=62627.421875 mean_std=213.143707 min_std=0.001000 max_std=2912.088867
[2026-03-24 12:25:50,737][pcse.base.timer.Timer][INFO] - Reached end of simulation period as specified by END_DATE.
| train          | E: 27 | S: 6507 | R: -0.7923 | TR: 44.9050 | TF: 96 | LR: 0 | NR: 0 | D: 08.6 s | TD: 00.0 s | BR: 0.0023 | ALOSS: 10252.7541 | CLOSS: 1494881.9226 | TLOSS: -335.6822 | TVAL: 0.1213 | AENT: -2767.6756 | BCLOSS: 0.0000
[EPISODE DBG] episode=27 step=6507 pred_return=-0.711103 true_return=51.499815 total_feedback=112 labeled_feedback=0
[2026-03-24 12:25:50,746][pcse.agromanager.SoilCalendar][INFO] - Starting soil (oregon) with variation (oregon_1) on day 1984-02-01
[2026-03-24 12:25:50,747][pcse.agromanager.CropCalendar][INFO] - Starting crop (wheat) with variety (wheat_1) on day 1984-02-01
[2026-03-24 12:25:52,799][pcse.crop.phenology.Annual_Phenology][INFO] - Changed phenological stage 'emerging' to 'vegetative' on 1984-04-10
[2026-03-24 12:25:54,595][pcse.crop.phenology.Vernalisation][INFO] - Critical DVS for vernalization (VERNDVS) reached at day 1984-06-02, but vernalization requirements not yet fulfilled. Forcing vernalization now (VERN=47.688571).
[2026-03-24 12:25:54,621][pcse.crop.phenology.Vernalisation][INFO] - Critical DVS for vernalization (VERNDVS) reached at day 1984-06-03, but vernalization requirements not yet fulfilled. Forcing vernalization now (VERN=47.688571).
[2026-03-24 12:25:54,645][pcse.crop.phenology.Vernalisation][INFO] - Critical DVS for vernalization (VERNDVS) reached at day 1984-06-04, but vernalization requirements not yet fulfilled. Forcing vernalization now (VERN=47.688571).
[2026-03-24 12:25:54,674][pcse.crop.phenology.Vernalisation][INFO] - Critical DVS for vernalization (VERNDVS) reached at day 1984-06-05, but vernalization requirements not yet fulfilled. Forcing vernalization now (VERN=47.688571).
[2026-03-24 12:25:54,703][pcse.crop.phenology.Vernalisation][INFO] - Critical DVS for vernalization (VERNDVS) reached at day 1984-06-06, but vernalization requirements not yet fulfilled. Forcing vernalization now (VERN=47.688571).
[2026-03-24 12:25:54,734][pcse.crop.phenology.Vernalisation][INFO] - Critical DVS for vernalization (VERNDVS) reached at day 1984-06-07, but vernalization requirements not yet fulfilled. Forcing vernalization now (VERN=47.688571).
[2026-03-24 12:25:54,759][pcse.crop.phenology.Vernalisation][INFO] - Critical DVS for vernalization (VERNDVS) reached at day 1984-06-08, but vernalization requirements not yet fulfilled. Forcing vernalization now (VERN=47.688571).
[2026-03-24 12:25:54,783][pcse.crop.phenology.Vernalisation][INFO] - Critical DVS for vernalization (VERNDVS) reached at day 1984-06-09, but vernalization requirements not yet fulfilled. Forcing vernalization now (VERN=47.688571).
[2026-03-24 12:25:54,812][pcse.crop.phenology.Vernalisation][INFO] - Critical DVS for vernalization (VERNDVS) reached at day 1984-06-10, but vernalization requirements not yet fulfilled. Forcing vernalization now (VERN=47.688571).
[2026-03-24 12:25:54,842][pcse.crop.phenology.Vernalisation][INFO] - Critical DVS for vernalization (VERNDVS) reached at day 1984-06-11, but vernalization requirements not yet fulfilled. Forcing vernalization now (VERN=47.688571).
[2026-03-24 12:25:54,871][pcse.crop.phenology.Vernalisation][INFO] - Critical DVS for vernalization (VERNDVS) reached at day 1984-06-12, but vernalization requirements not yet fulfilled. Forcing vernalization now (VERN=47.688571).
[2026-03-24 12:25:54,896][pcse.crop.phenology.Vernalisation][INFO] - Critical DVS for vernalization (VERNDVS) reached at day 1984-06-13, but vernalization requirements not yet fulfilled. Forcing vernalization now (VERN=47.688571).
[2026-03-24 12:25:54,918][pcse.crop.phenology.Vernalisation][INFO] - Critical DVS for vernalization (VERNDVS) reached at day 1984-06-14, but vernalization requirements not yet fulfilled. Forcing vernalization now (VERN=47.688571).
[2026-03-24 12:25:54,948][pcse.crop.phenology.Vernalisation][INFO] - Critical DVS for vernalization (VERNDVS) reached at day 1984-06-15, but vernalization requirements not yet fulfilled. Forcing vernalization now (VERN=47.688571).
[2026-03-24 12:25:54,978][pcse.crop.phenology.Vernalisation][INFO] - Critical DVS for vernalization (VERNDVS) reached at day 1984-06-16, but vernalization requirements not yet fulfilled. Forcing vernalization now (VERN=47.688571).
[2026-03-24 12:25:55,008][pcse.crop.phenology.Vernalisation][INFO] - Critical DVS for vernalization (VERNDVS) reached at day 1984-06-17, but vernalization requirements not yet fulfilled. Forcing vernalization now (VERN=47.688571).
[2026-03-24 12:25:55,034][pcse.crop.phenology.Vernalisation][INFO] - Critical DVS for vernalization (VERNDVS) reached at day 1984-06-18, but vernalization requirements not yet fulfilled. Forcing vernalization now (VERN=47.688571).
[2026-03-24 12:25:55,057][pcse.crop.phenology.Vernalisation][INFO] - Critical DVS for vernalization (VERNDVS) reached at day 1984-06-19, but vernalization requirements not yet fulfilled. Forcing vernalization now (VERN=47.688571).
[2026-03-24 12:25:55,086][pcse.crop.phenology.Vernalisation][INFO] - Critical DVS for vernalization (VERNDVS) reached at day 1984-06-20, but vernalization requirements not yet fulfilled. Forcing vernalization now (VERN=47.688571).
[2026-03-24 12:25:55,113][pcse.crop.phenology.Vernalisation][INFO] - Critical DVS for vernalization (VERNDVS) reached at day 1984-06-21, but vernalization requirements not yet fulfilled. Forcing vernalization now (VERN=47.688571).
[2026-03-24 12:25:55,138][pcse.crop.phenology.Vernalisation][INFO] - Critical DVS for vernalization (VERNDVS) reached at day 1984-06-22, but vernalization requirements not yet fulfilled. Forcing vernalization now (VERN=47.688571).
[2026-03-24 12:25:55,160][pcse.crop.phenology.Vernalisation][INFO] - Critical DVS for vernalization (VERNDVS) reached at day 1984-06-23, but vernalization requirements not yet fulfilled. Forcing vernalization now (VERN=47.688571).
[2026-03-24 12:25:55,189][pcse.crop.phenology.Vernalisation][INFO] - Critical DVS for vernalization (VERNDVS) reached at day 1984-06-24, but vernalization requirements not yet fulfilled. Forcing vernalization now (VERN=47.688571).
[2026-03-24 12:25:55,211][pcse.crop.phenology.Vernalisation][INFO] - Critical DVS for vernalization (VERNDVS) reached at day 1984-06-25, but vernalization requirements not yet fulfilled. Forcing vernalization now (VERN=47.688571).
[2026-03-24 12:25:55,237][pcse.crop.phenology.Vernalisation][INFO] - Critical DVS for vernalization (VERNDVS) reached at day 1984-06-26, but vernalization requirements not yet fulfilled. Forcing vernalization now (VERN=47.688571).
[2026-03-24 12:25:55,265][pcse.crop.phenology.Vernalisation][INFO] - Critical DVS for vernalization (VERNDVS) reached at day 1984-06-27, but vernalization requirements not yet fulfilled. Forcing vernalization now (VERN=47.688571).
[2026-03-24 12:25:55,288][pcse.crop.phenology.Vernalisation][INFO] - Critical DVS for vernalization (VERNDVS) reached at day 1984-06-28, but vernalization requirements not yet fulfilled. Forcing vernalization now (VERN=47.688571).
[2026-03-24 12:25:55,314][pcse.crop.phenology.Vernalisation][INFO] - Critical DVS for vernalization (VERNDVS) reached at day 1984-06-29, but vernalization requirements not yet fulfilled. Forcing vernalization now (VERN=47.688571).
[2026-03-24 12:25:55,314][pcse.crop.phenology.Annual_Phenology][INFO] - Changed phenological stage 'vegetative' to 'reproductive' on 1984-06-29
[2026-03-24 12:25:57,754][pcse.crop.phenology.Annual_Phenology][INFO] - Changed phenological stage 'reproductive' to 'mature' on 1984-09-13
[2026-03-24 12:25:58,232][pcse.base.timer.Timer][INFO] - Reached end of simulation period as specified by END_DATE.
| train          | E: 28 | S: 6748 | R: -0.7111 | TR: 51.4998 | TF: 112 | LR: 0 | NR: 0 | D: 07.5 s | TD: 00.0 s | BR: 0.0023 | ALOSS: 10322.5295 | CLOSS: 1779517.3624 | TLOSS: -337.6696 | TVAL: 0.1239 | AENT: -2726.8085 | BCLOSS: 0.0000
[EPISODE DBG] episode=28 step=6748 pred_return=-0.735009 true_return=57.718482 total_feedback=112 labeled_feedback=0
[2026-03-24 12:25:58,243][pcse.agromanager.SoilCalendar][INFO] - Starting soil (oregon) with variation (oregon_1) on day 1984-02-01
[2026-03-24 12:25:58,245][pcse.agromanager.CropCalendar][INFO] - Starting crop (wheat) with variety (wheat_1) on day 1984-02-01
Reward function update skipped (no labeled feedback yet).
[REPLAY DBG] before relabel step=6800 n=6800 mean=0.002189 std=0.008907 min=-0.044077 max=0.028920
[REPLAY DBG] after relabel step=6800 n=6800 mean=0.002616 std=0.008889 min=-0.043908 max=0.028845
[2026-03-24 12:26:00,808][pcse.crop.phenology.Annual_Phenology][INFO] - Changed phenological stage 'emerging' to 'vegetative' on 1984-04-10
[2026-03-24 12:26:02,356][pcse.crop.phenology.Vernalisation][INFO] - Critical DVS for vernalization (VERNDVS) reached at day 1984-06-02, but vernalization requirements not yet fulfilled. Forcing vernalization now (VERN=47.688571).
[2026-03-24 12:26:02,383][pcse.crop.phenology.Vernalisation][INFO] - Critical DVS for vernalization (VERNDVS) reached at day 1984-06-03, but vernalization requirements not yet fulfilled. Forcing vernalization now (VERN=47.688571).
[2026-03-24 12:26:02,416][pcse.crop.phenology.Vernalisation][INFO] - Critical DVS for vernalization (VERNDVS) reached at day 1984-06-04, but vernalization requirements not yet fulfilled. Forcing vernalization now (VERN=47.688571).
[2026-03-24 12:26:02,449][pcse.crop.phenology.Vernalisation][INFO] - Critical DVS for vernalization (VERNDVS) reached at day 1984-06-05, but vernalization requirements not yet fulfilled. Forcing vernalization now (VERN=47.688571).
[2026-03-24 12:26:02,479][pcse.crop.phenology.Vernalisation][INFO] - Critical DVS for vernalization (VERNDVS) reached at day 1984-06-06, but vernalization requirements not yet fulfilled. Forcing vernalization now (VERN=47.688571).
[2026-03-24 12:26:02,504][pcse.crop.phenology.Vernalisation][INFO] - Critical DVS for vernalization (VERNDVS) reached at day 1984-06-07, but vernalization requirements not yet fulfilled. Forcing vernalization now (VERN=47.688571).
[2026-03-24 12:26:02,529][pcse.crop.phenology.Vernalisation][INFO] - Critical DVS for vernalization (VERNDVS) reached at day 1984-06-08, but vernalization requirements not yet fulfilled. Forcing vernalization now (VERN=47.688571).
[2026-03-24 12:26:02,560][pcse.crop.phenology.Vernalisation][INFO] - Critical DVS for vernalization (VERNDVS) reached at day 1984-06-09, but vernalization requirements not yet fulfilled. Forcing vernalization now (VERN=47.688571).
[2026-03-24 12:26:02,591][pcse.crop.phenology.Vernalisation][INFO] - Critical DVS for vernalization (VERNDVS) reached at day 1984-06-10, but vernalization requirements not yet fulfilled. Forcing vernalization now (VERN=47.688571).
[2026-03-24 12:26:02,621][pcse.crop.phenology.Vernalisation][INFO] - Critical DVS for vernalization (VERNDVS) reached at day 1984-06-11, but vernalization requirements not yet fulfilled. Forcing vernalization now (VERN=47.688571).
[2026-03-24 12:26:02,647][pcse.crop.phenology.Vernalisation][INFO] - Critical DVS for vernalization (VERNDVS) reached at day 1984-06-12, but vernalization requirements not yet fulfilled. Forcing vernalization now (VERN=47.688571).
[2026-03-24 12:26:02,672][pcse.crop.phenology.Vernalisation][INFO] - Critical DVS for vernalization (VERNDVS) reached at day 1984-06-13, but vernalization requirements not yet fulfilled. Forcing vernalization now (VERN=47.688571).
[2026-03-24 12:26:02,703][pcse.crop.phenology.Vernalisation][INFO] - Critical DVS for vernalization (VERNDVS) reached at day 1984-06-14, but vernalization requirements not yet fulfilled. Forcing vernalization now (VERN=47.688571).
[2026-03-24 12:26:02,734][pcse.crop.phenology.Vernalisation][INFO] - Critical DVS for vernalization (VERNDVS) reached at day 1984-06-15, but vernalization requirements not yet fulfilled. Forcing vernalization now (VERN=47.688571).
[2026-03-24 12:26:02,764][pcse.crop.phenology.Vernalisation][INFO] - Critical DVS for vernalization (VERNDVS) reached at day 1984-06-16, but vernalization requirements not yet fulfilled. Forcing vernalization now (VERN=47.688571).
[2026-03-24 12:26:02,792][pcse.crop.phenology.Vernalisation][INFO] - Critical DVS for vernalization (VERNDVS) reached at day 1984-06-17, but vernalization requirements not yet fulfilled. Forcing vernalization now (VERN=47.688571).
[2026-03-24 12:26:02,816][pcse.crop.phenology.Vernalisation][INFO] - Critical DVS for vernalization (VERNDVS) reached at day 1984-06-18, but vernalization requirements not yet fulfilled. Forcing vernalization now (VERN=47.688571).
[2026-03-24 12:26:02,846][pcse.crop.phenology.Vernalisation][INFO] - Critical DVS for vernalization (VERNDVS) reached at day 1984-06-19, but vernalization requirements not yet fulfilled. Forcing vernalization now (VERN=47.688571).
[2026-03-24 12:26:02,873][pcse.crop.phenology.Vernalisation][INFO] - Critical DVS for vernalization (VERNDVS) reached at day 1984-06-20, but vernalization requirements not yet fulfilled. Forcing vernalization now (VERN=47.688571).
[2026-03-24 12:26:02,896][pcse.crop.phenology.Vernalisation][INFO] - Critical DVS for vernalization (VERNDVS) reached at day 1984-06-21, but vernalization requirements not yet fulfilled. Forcing vernalization now (VERN=47.688571).
[2026-03-24 12:26:02,927][pcse.crop.phenology.Vernalisation][INFO] - Critical DVS for vernalization (VERNDVS) reached at day 1984-06-22, but vernalization requirements not yet fulfilled. Forcing vernalization now (VERN=47.688571).
[2026-03-24 12:26:02,958][pcse.crop.phenology.Vernalisation][INFO] - Critical DVS for vernalization (VERNDVS) reached at day 1984-06-23, but vernalization requirements not yet fulfilled. Forcing vernalization now (VERN=47.688571).
[2026-03-24 12:26:02,991][pcse.crop.phenology.Vernalisation][INFO] - Critical DVS for vernalization (VERNDVS) reached at day 1984-06-24, but vernalization requirements not yet fulfilled. Forcing vernalization now (VERN=47.688571).
[2026-03-24 12:26:03,023][pcse.crop.phenology.Vernalisation][INFO] - Critical DVS for vernalization (VERNDVS) reached at day 1984-06-25, but vernalization requirements not yet fulfilled. Forcing vernalization now (VERN=47.688571).
[2026-03-24 12:26:03,053][pcse.crop.phenology.Vernalisation][INFO] - Critical DVS for vernalization (VERNDVS) reached at day 1984-06-26, but vernalization requirements not yet fulfilled. Forcing vernalization now (VERN=47.688571).
[2026-03-24 12:26:03,078][pcse.crop.phenology.Vernalisation][INFO] - Critical DVS for vernalization (VERNDVS) reached at day 1984-06-27, but vernalization requirements not yet fulfilled. Forcing vernalization now (VERN=47.688571).
[2026-03-24 12:26:03,104][pcse.crop.phenology.Vernalisation][INFO] - Critical DVS for vernalization (VERNDVS) reached at day 1984-06-28, but vernalization requirements not yet fulfilled. Forcing vernalization now (VERN=47.688571).
[2026-03-24 12:26:03,135][pcse.crop.phenology.Vernalisation][INFO] - Critical DVS for vernalization (VERNDVS) reached at day 1984-06-29, but vernalization requirements not yet fulfilled. Forcing vernalization now (VERN=47.688571).
[2026-03-24 12:26:03,135][pcse.crop.phenology.Annual_Phenology][INFO] - Changed phenological stage 'vegetative' to 'reproductive' on 1984-06-29
[2026-03-24 12:26:05,741][pcse.crop.phenology.Annual_Phenology][INFO] - Changed phenological stage 'reproductive' to 'mature' on 1984-09-13
[2026-03-24 12:26:06,270][pcse.base.timer.Timer][INFO] - Reached end of simulation period as specified by END_DATE.
| train          | E: 29 | S: 6989 | R: -0.7350 | TR: 57.7185 | TF: 112 | LR: 0 | NR: 0 | D: 08.0 s | TD: 00.0 s | BR: 0.0025 | ALOSS: 10309.8010 | CLOSS: 1950573.7822 | TLOSS: -268.6900 | TVAL: 0.1264 | AENT: -2129.8159 | BCLOSS: 0.0000
[EPISODE DBG] episode=29 step=6989 pred_return=-0.691443 true_return=21.819878 total_feedback=128 labeled_feedback=0
[2026-03-24 12:26:06,281][pcse.agromanager.SoilCalendar][INFO] - Starting soil (oregon) with variation (oregon_1) on day 1984-02-01
[2026-03-24 12:26:06,284][pcse.agromanager.CropCalendar][INFO] - Starting crop (wheat) with variety (wheat_1) on day 1984-02-01
[REPLAY DBG] post-agent-update step=7000 n=7000 mean=0.002449 std=0.008881 min=-0.043908 max=0.028845
[STEP DBG] step=7000 env_reward=0.000000 r_hat=0.000136 done=False
[NORM DBG] count=7000 mean_abs_mean=62619.546875 mean_std=208.138794 min_std=0.001000 max_std=2832.173340
[2026-03-24 12:26:08,726][pcse.crop.phenology.Annual_Phenology][INFO] - Changed phenological stage 'emerging' to 'vegetative' on 1984-04-10
[2026-03-24 12:26:10,768][pcse.crop.phenology.Vernalisation][INFO] - Critical DVS for vernalization (VERNDVS) reached at day 1984-06-02, but vernalization requirements not yet fulfilled. Forcing vernalization now (VERN=47.688571).
[2026-03-24 12:26:10,801][pcse.crop.phenology.Vernalisation][INFO] - Critical DVS for vernalization (VERNDVS) reached at day 1984-06-03, but vernalization requirements not yet fulfilled. Forcing vernalization now (VERN=47.688571).
[2026-03-24 12:26:10,833][pcse.crop.phenology.Vernalisation][INFO] - Critical DVS for vernalization (VERNDVS) reached at day 1984-06-04, but vernalization requirements not yet fulfilled. Forcing vernalization now (VERN=47.688571).
[2026-03-24 12:26:10,866][pcse.crop.phenology.Vernalisation][INFO] - Critical DVS for vernalization (VERNDVS) reached at day 1984-06-05, but vernalization requirements not yet fulfilled. Forcing vernalization now (VERN=47.688571).
[2026-03-24 12:26:10,896][pcse.crop.phenology.Vernalisation][INFO] - Critical DVS for vernalization (VERNDVS) reached at day 1984-06-06, but vernalization requirements not yet fulfilled. Forcing vernalization now (VERN=47.688571).
[2026-03-24 12:26:10,923][pcse.crop.phenology.Vernalisation][INFO] - Critical DVS for vernalization (VERNDVS) reached at day 1984-06-07, but vernalization requirements not yet fulfilled. Forcing vernalization now (VERN=47.688571).
[2026-03-24 12:26:10,946][pcse.crop.phenology.Vernalisation][INFO] - Critical DVS for vernalization (VERNDVS) reached at day 1984-06-08, but vernalization requirements not yet fulfilled. Forcing vernalization now (VERN=47.688571).
[2026-03-24 12:26:10,976][pcse.crop.phenology.Vernalisation][INFO] - Critical DVS for vernalization (VERNDVS) reached at day 1984-06-09, but vernalization requirements not yet fulfilled. Forcing vernalization now (VERN=47.688571).
[2026-03-24 12:26:11,007][pcse.crop.phenology.Vernalisation][INFO] - Critical DVS for vernalization (VERNDVS) reached at day 1984-06-10, but vernalization requirements not yet fulfilled. Forcing vernalization now (VERN=47.688571).
[2026-03-24 12:26:11,037][pcse.crop.phenology.Vernalisation][INFO] - Critical DVS for vernalization (VERNDVS) reached at day 1984-06-11, but vernalization requirements not yet fulfilled. Forcing vernalization now (VERN=47.688571).
[2026-03-24 12:26:11,069][pcse.crop.phenology.Vernalisation][INFO] - Critical DVS for vernalization (VERNDVS) reached at day 1984-06-12, but vernalization requirements not yet fulfilled. Forcing vernalization now (VERN=47.688571).
[2026-03-24 12:26:11,102][pcse.crop.phenology.Vernalisation][INFO] - Critical DVS for vernalization (VERNDVS) reached at day 1984-06-13, but vernalization requirements not yet fulfilled. Forcing vernalization now (VERN=47.688571).
[2026-03-24 12:26:11,135][pcse.crop.phenology.Vernalisation][INFO] - Critical DVS for vernalization (VERNDVS) reached at day 1984-06-14, but vernalization requirements not yet fulfilled. Forcing vernalization now (VERN=47.688571).
[2026-03-24 12:26:11,168][pcse.crop.phenology.Vernalisation][INFO] - Critical DVS for vernalization (VERNDVS) reached at day 1984-06-15, but vernalization requirements not yet fulfilled. Forcing vernalization now (VERN=47.688571).
[2026-03-24 12:26:11,201][pcse.crop.phenology.Vernalisation][INFO] - Critical DVS for vernalization (VERNDVS) reached at day 1984-06-16, but vernalization requirements not yet fulfilled. Forcing vernalization now (VERN=47.688571).
[2026-03-24 12:26:11,234][pcse.crop.phenology.Vernalisation][INFO] - Critical DVS for vernalization (VERNDVS) reached at day 1984-06-17, but vernalization requirements not yet fulfilled. Forcing vernalization now (VERN=47.688571).
[2026-03-24 12:26:11,268][pcse.crop.phenology.Vernalisation][INFO] - Critical DVS for vernalization (VERNDVS) reached at day 1984-06-18, but vernalization requirements not yet fulfilled. Forcing vernalization now (VERN=47.688571).
[2026-03-24 12:26:11,299][pcse.crop.phenology.Vernalisation][INFO] - Critical DVS for vernalization (VERNDVS) reached at day 1984-06-19, but vernalization requirements not yet fulfilled. Forcing vernalization now (VERN=47.688571).
[2026-03-24 12:26:11,328][pcse.crop.phenology.Vernalisation][INFO] - Critical DVS for vernalization (VERNDVS) reached at day 1984-06-20, but vernalization requirements not yet fulfilled. Forcing vernalization now (VERN=47.688571).
[2026-03-24 12:26:11,351][pcse.crop.phenology.Vernalisation][INFO] - Critical DVS for vernalization (VERNDVS) reached at day 1984-06-21, but vernalization requirements not yet fulfilled. Forcing vernalization now (VERN=47.688571).
[2026-03-24 12:26:11,380][pcse.crop.phenology.Vernalisation][INFO] - Critical DVS for vernalization (VERNDVS) reached at day 1984-06-22, but vernalization requirements not yet fulfilled. Forcing vernalization now (VERN=47.688571).
[2026-03-24 12:26:11,413][pcse.crop.phenology.Vernalisation][INFO] - Critical DVS for vernalization (VERNDVS) reached at day 1984-06-23, but vernalization requirements not yet fulfilled. Forcing vernalization now (VERN=47.688571).
[2026-03-24 12:26:11,432][pcse.crop.phenology.Vernalisation][INFO] - Critical DVS for vernalization (VERNDVS) reached at day 1984-06-24, but vernalization requirements not yet fulfilled. Forcing vernalization now (VERN=47.688571).
[2026-03-24 12:26:11,454][pcse.crop.phenology.Vernalisation][INFO] - Critical DVS for vernalization (VERNDVS) reached at day 1984-06-25, but vernalization requirements not yet fulfilled. Forcing vernalization now (VERN=47.688571).
[2026-03-24 12:26:11,474][pcse.crop.phenology.Vernalisation][INFO] - Critical DVS for vernalization (VERNDVS) reached at day 1984-06-26, but vernalization requirements not yet fulfilled. Forcing vernalization now (VERN=47.688571).
[2026-03-24 12:26:11,494][pcse.crop.phenology.Vernalisation][INFO] - Critical DVS for vernalization (VERNDVS) reached at day 1984-06-27, but vernalization requirements not yet fulfilled. Forcing vernalization now (VERN=47.688571).
[2026-03-24 12:26:11,513][pcse.crop.phenology.Vernalisation][INFO] - Critical DVS for vernalization (VERNDVS) reached at day 1984-06-28, but vernalization requirements not yet fulfilled. Forcing vernalization now (VERN=47.688571).
[2026-03-24 12:26:11,532][pcse.crop.phenology.Vernalisation][INFO] - Critical DVS for vernalization (VERNDVS) reached at day 1984-06-29, but vernalization requirements not yet fulfilled. Forcing vernalization now (VERN=47.688571).
[2026-03-24 12:26:11,532][pcse.crop.phenology.Annual_Phenology][INFO] - Changed phenological stage 'vegetative' to 'reproductive' on 1984-06-29
[2026-03-24 12:26:13,392][pcse.crop.phenology.Annual_Phenology][INFO] - Changed phenological stage 'reproductive' to 'mature' on 1984-09-13
[2026-03-24 12:26:13,735][pcse.base.timer.Timer][INFO] - Reached end of simulation period as specified by END_DATE.
| train          | E: 30 | S: 7230 | R: -0.6914 | TR: 21.8199 | TF: 128 | LR: 0 | NR: 0 | D: 07.5 s | TD: 00.0 s | BR: 0.0024 | ALOSS: 10194.4841 | CLOSS: 1498821.3918 | TLOSS: -183.8480 | TVAL: 0.1281 | AENT: -1436.5923 | BCLOSS: 0.0000
[EPISODE DBG] episode=30 step=7230 pred_return=-0.638657 true_return=15.861067 total_feedback=128 labeled_feedback=0
[2026-03-24 12:26:13,741][pcse.agromanager.SoilCalendar][INFO] - Starting soil (oregon) with variation (oregon_1) on day 1984-02-01
[2026-03-24 12:26:13,743][pcse.agromanager.CropCalendar][INFO] - Starting crop (wheat) with variety (wheat_1) on day 1984-02-01
[2026-03-24 12:26:15,232][pcse.crop.phenology.Annual_Phenology][INFO] - Changed phenological stage 'emerging' to 'vegetative' on 1984-04-10
[2026-03-24 12:26:16,698][pcse.crop.phenology.Vernalisation][INFO] - Critical DVS for vernalization (VERNDVS) reached at day 1984-06-02, but vernalization requirements not yet fulfilled. Forcing vernalization now (VERN=47.688571).
[2026-03-24 12:26:16,719][pcse.crop.phenology.Vernalisation][INFO] - Critical DVS for vernalization (VERNDVS) reached at day 1984-06-03, but vernalization requirements not yet fulfilled. Forcing vernalization now (VERN=47.688571).
[2026-03-24 12:26:16,741][pcse.crop.phenology.Vernalisation][INFO] - Critical DVS for vernalization (VERNDVS) reached at day 1984-06-04, but vernalization requirements not yet fulfilled. Forcing vernalization now (VERN=47.688571).
[2026-03-24 12:26:16,763][pcse.crop.phenology.Vernalisation][INFO] - Critical DVS for vernalization (VERNDVS) reached at day 1984-06-05, but vernalization requirements not yet fulfilled. Forcing vernalization now (VERN=47.688571).
[2026-03-24 12:26:16,785][pcse.crop.phenology.Vernalisation][INFO] - Critical DVS for vernalization (VERNDVS) reached at day 1984-06-06, but vernalization requirements not yet fulfilled. Forcing vernalization now (VERN=47.688571).
[2026-03-24 12:26:16,807][pcse.crop.phenology.Vernalisation][INFO] - Critical DVS for vernalization (VERNDVS) reached at day 1984-06-07, but vernalization requirements not yet fulfilled. Forcing vernalization now (VERN=47.688571).
[2026-03-24 12:26:16,828][pcse.crop.phenology.Vernalisation][INFO] - Critical DVS for vernalization (VERNDVS) reached at day 1984-06-08, but vernalization requirements not yet fulfilled. Forcing vernalization now (VERN=47.688571).
[2026-03-24 12:26:16,850][pcse.crop.phenology.Vernalisation][INFO] - Critical DVS for vernalization (VERNDVS) reached at day 1984-06-09, but vernalization requirements not yet fulfilled. Forcing vernalization now (VERN=47.688571).
[2026-03-24 12:26:16,873][pcse.crop.phenology.Vernalisation][INFO] - Critical DVS for vernalization (VERNDVS) reached at day 1984-06-10, but vernalization requirements not yet fulfilled. Forcing vernalization now (VERN=47.688571).
[2026-03-24 12:26:16,895][pcse.crop.phenology.Vernalisation][INFO] - Critical DVS for vernalization (VERNDVS) reached at day 1984-06-11, but vernalization requirements not yet fulfilled. Forcing vernalization now (VERN=47.688571).
[2026-03-24 12:26:16,916][pcse.crop.phenology.Vernalisation][INFO] - Critical DVS for vernalization (VERNDVS) reached at day 1984-06-12, but vernalization requirements not yet fulfilled. Forcing vernalization now (VERN=47.688571).
[2026-03-24 12:26:16,938][pcse.crop.phenology.Vernalisation][INFO] - Critical DVS for vernalization (VERNDVS) reached at day 1984-06-13, but vernalization requirements not yet fulfilled. Forcing vernalization now (VERN=47.688571).
[2026-03-24 12:26:16,959][pcse.crop.phenology.Vernalisation][INFO] - Critical DVS for vernalization (VERNDVS) reached at day 1984-06-14, but vernalization requirements not yet fulfilled. Forcing vernalization now (VERN=47.688571).
[2026-03-24 12:26:16,981][pcse.crop.phenology.Vernalisation][INFO] - Critical DVS for vernalization (VERNDVS) reached at day 1984-06-15, but vernalization requirements not yet fulfilled. Forcing vernalization now (VERN=47.688571).
[2026-03-24 12:26:17,003][pcse.crop.phenology.Vernalisation][INFO] - Critical DVS for vernalization (VERNDVS) reached at day 1984-06-16, but vernalization requirements not yet fulfilled. Forcing vernalization now (VERN=47.688571).
[2026-03-24 12:26:17,025][pcse.crop.phenology.Vernalisation][INFO] - Critical DVS for vernalization (VERNDVS) reached at day 1984-06-17, but vernalization requirements not yet fulfilled. Forcing vernalization now (VERN=47.688571).
[2026-03-24 12:26:17,046][pcse.crop.phenology.Vernalisation][INFO] - Critical DVS for vernalization (VERNDVS) reached at day 1984-06-18, but vernalization requirements not yet fulfilled. Forcing vernalization now (VERN=47.688571).
[2026-03-24 12:26:17,068][pcse.crop.phenology.Vernalisation][INFO] - Critical DVS for vernalization (VERNDVS) reached at day 1984-06-19, but vernalization requirements not yet fulfilled. Forcing vernalization now (VERN=47.688571).
[2026-03-24 12:26:17,089][pcse.crop.phenology.Vernalisation][INFO] - Critical DVS for vernalization (VERNDVS) reached at day 1984-06-20, but vernalization requirements not yet fulfilled. Forcing vernalization now (VERN=47.688571).
[2026-03-24 12:26:17,111][pcse.crop.phenology.Vernalisation][INFO] - Critical DVS for vernalization (VERNDVS) reached at day 1984-06-21, but vernalization requirements not yet fulfilled. Forcing vernalization now (VERN=47.688571).
[2026-03-24 12:26:17,133][pcse.crop.phenology.Vernalisation][INFO] - Critical DVS for vernalization (VERNDVS) reached at day 1984-06-22, but vernalization requirements not yet fulfilled. Forcing vernalization now (VERN=47.688571).
[2026-03-24 12:26:17,154][pcse.crop.phenology.Vernalisation][INFO] - Critical DVS for vernalization (VERNDVS) reached at day 1984-06-23, but vernalization requirements not yet fulfilled. Forcing vernalization now (VERN=47.688571).
[2026-03-24 12:26:17,176][pcse.crop.phenology.Vernalisation][INFO] - Critical DVS for vernalization (VERNDVS) reached at day 1984-06-24, but vernalization requirements not yet fulfilled. Forcing vernalization now (VERN=47.688571).
[2026-03-24 12:26:17,197][pcse.crop.phenology.Vernalisation][INFO] - Critical DVS for vernalization (VERNDVS) reached at day 1984-06-25, but vernalization requirements not yet fulfilled. Forcing vernalization now (VERN=47.688571).
[2026-03-24 12:26:17,219][pcse.crop.phenology.Vernalisation][INFO] - Critical DVS for vernalization (VERNDVS) reached at day 1984-06-26, but vernalization requirements not yet fulfilled. Forcing vernalization now (VERN=47.688571).
[2026-03-24 12:26:17,240][pcse.crop.phenology.Vernalisation][INFO] - Critical DVS for vernalization (VERNDVS) reached at day 1984-06-27, but vernalization requirements not yet fulfilled. Forcing vernalization now (VERN=47.688571).
[2026-03-24 12:26:17,262][pcse.crop.phenology.Vernalisation][INFO] - Critical DVS for vernalization (VERNDVS) reached at day 1984-06-28, but vernalization requirements not yet fulfilled. Forcing vernalization now (VERN=47.688571).
[2026-03-24 12:26:17,284][pcse.crop.phenology.Vernalisation][INFO] - Critical DVS for vernalization (VERNDVS) reached at day 1984-06-29, but vernalization requirements not yet fulfilled. Forcing vernalization now (VERN=47.688571).
[2026-03-24 12:26:17,284][pcse.crop.phenology.Annual_Phenology][INFO] - Changed phenological stage 'vegetative' to 'reproductive' on 1984-06-29
[2026-03-24 12:26:19,191][pcse.crop.phenology.Annual_Phenology][INFO] - Changed phenological stage 'reproductive' to 'mature' on 1984-09-13
[2026-03-24 12:26:19,541][pcse.base.timer.Timer][INFO] - Reached end of simulation period as specified by END_DATE.
| train          | E: 31 | S: 7471 | R: -0.6387 | TR: 15.8611 | TF: 128 | LR: 0 | NR: 0 | D: 05.8 s | TD: 00.0 s | BR: 0.0022 | ALOSS: 10375.7262 | CLOSS: 1899127.4507 | TLOSS: -182.2774 | TVAL: 0.1297 | AENT: -1406.4954 | BCLOSS: 0.0000
[EPISODE DBG] episode=31 step=7471 pred_return=-0.597655 true_return=12.083472 total_feedback=128 labeled_feedback=0
[2026-03-24 12:26:19,547][pcse.agromanager.SoilCalendar][INFO] - Starting soil (oregon) with variation (oregon_1) on day 1984-02-01
[2026-03-24 12:26:19,549][pcse.agromanager.CropCalendar][INFO] - Starting crop (wheat) with variety (wheat_1) on day 1984-02-01
[REPLAY DBG] post-agent-update step=7500 n=7500 mean=0.002125 std=0.008800 min=-0.043908 max=0.028845
[STEP DBG] step=7500 env_reward=0.000000 r_hat=0.000860 done=False
[NORM DBG] count=7500 mean_abs_mean=62612.707031 mean_std=203.369781 min_std=0.001000 max_std=2757.738037
[2026-03-24 12:26:21,383][pcse.crop.phenology.Annual_Phenology][INFO] - Changed phenological stage 'emerging' to 'vegetative' on 1984-04-10
[2026-03-24 12:26:22,521][pcse.crop.phenology.Vernalisation][INFO] - Critical DVS for vernalization (VERNDVS) reached at day 1984-06-02, but vernalization requirements not yet fulfilled. Forcing vernalization now (VERN=47.688571).
[2026-03-24 12:26:22,543][pcse.crop.phenology.Vernalisation][INFO] - Critical DVS for vernalization (VERNDVS) reached at day 1984-06-03, but vernalization requirements not yet fulfilled. Forcing vernalization now (VERN=47.688571).
[2026-03-24 12:26:22,564][pcse.crop.phenology.Vernalisation][INFO] - Critical DVS for vernalization (VERNDVS) reached at day 1984-06-04, but vernalization requirements not yet fulfilled. Forcing vernalization now (VERN=47.688571).
[2026-03-24 12:26:22,586][pcse.crop.phenology.Vernalisation][INFO] - Critical DVS for vernalization (VERNDVS) reached at day 1984-06-05, but vernalization requirements not yet fulfilled. Forcing vernalization now (VERN=47.688571).
[2026-03-24 12:26:22,608][pcse.crop.phenology.Vernalisation][INFO] - Critical DVS for vernalization (VERNDVS) reached at day 1984-06-06, but vernalization requirements not yet fulfilled. Forcing vernalization now (VERN=47.688571).
[2026-03-24 12:26:22,629][pcse.crop.phenology.Vernalisation][INFO] - Critical DVS for vernalization (VERNDVS) reached at day 1984-06-07, but vernalization requirements not yet fulfilled. Forcing vernalization now (VERN=47.688571).
[2026-03-24 12:26:22,650][pcse.crop.phenology.Vernalisation][INFO] - Critical DVS for vernalization (VERNDVS) reached at day 1984-06-08, but vernalization requirements not yet fulfilled. Forcing vernalization now (VERN=47.688571).
[2026-03-24 12:26:22,672][pcse.crop.phenology.Vernalisation][INFO] - Critical DVS for vernalization (VERNDVS) reached at day 1984-06-09, but vernalization requirements not yet fulfilled. Forcing vernalization now (VERN=47.688571).
[2026-03-24 12:26:22,693][pcse.crop.phenology.Vernalisation][INFO] - Critical DVS for vernalization (VERNDVS) reached at day 1984-06-10, but vernalization requirements not yet fulfilled. Forcing vernalization now (VERN=47.688571).
[2026-03-24 12:26:22,980][pcse.crop.phenology.Vernalisation][INFO] - Critical DVS for vernalization (VERNDVS) reached at day 1984-06-11, but vernalization requirements not yet fulfilled. Forcing vernalization now (VERN=47.688571).
[2026-03-24 12:26:23,016][pcse.crop.phenology.Vernalisation][INFO] - Critical DVS for vernalization (VERNDVS) reached at day 1984-06-12, but vernalization requirements not yet fulfilled. Forcing vernalization now (VERN=47.688571).
[2026-03-24 12:26:23,056][pcse.crop.phenology.Vernalisation][INFO] - Critical DVS for vernalization (VERNDVS) reached at day 1984-06-13, but vernalization requirements not yet fulfilled. Forcing vernalization now (VERN=47.688571).
[2026-03-24 12:26:23,079][pcse.crop.phenology.Vernalisation][INFO] - Critical DVS for vernalization (VERNDVS) reached at day 1984-06-14, but vernalization requirements not yet fulfilled. Forcing vernalization now (VERN=47.688571).
[2026-03-24 12:26:23,103][pcse.crop.phenology.Vernalisation][INFO] - Critical DVS for vernalization (VERNDVS) reached at day 1984-06-15, but vernalization requirements not yet fulfilled. Forcing vernalization now (VERN=47.688571).
[2026-03-24 12:26:23,129][pcse.crop.phenology.Vernalisation][INFO] - Critical DVS for vernalization (VERNDVS) reached at day 1984-06-16, but vernalization requirements not yet fulfilled. Forcing vernalization now (VERN=47.688571).
[2026-03-24 12:26:23,155][pcse.crop.phenology.Vernalisation][INFO] - Critical DVS for vernalization (VERNDVS) reached at day 1984-06-17, but vernalization requirements not yet fulfilled. Forcing vernalization now (VERN=47.688571).
[2026-03-24 12:26:23,176][pcse.crop.phenology.Vernalisation][INFO] - Critical DVS for vernalization (VERNDVS) reached at day 1984-06-18, but vernalization requirements not yet fulfilled. Forcing vernalization now (VERN=47.688571).
[2026-03-24 12:26:23,198][pcse.crop.phenology.Vernalisation][INFO] - Critical DVS for vernalization (VERNDVS) reached at day 1984-06-19, but vernalization requirements not yet fulfilled. Forcing vernalization now (VERN=47.688571).
[2026-03-24 12:26:23,220][pcse.crop.phenology.Vernalisation][INFO] - Critical DVS for vernalization (VERNDVS) reached at day 1984-06-20, but vernalization requirements not yet fulfilled. Forcing vernalization now (VERN=47.688571).
[2026-03-24 12:26:23,241][pcse.crop.phenology.Vernalisation][INFO] - Critical DVS for vernalization (VERNDVS) reached at day 1984-06-21, but vernalization requirements not yet fulfilled. Forcing vernalization now (VERN=47.688571).
[2026-03-24 12:26:23,263][pcse.crop.phenology.Vernalisation][INFO] - Critical DVS for vernalization (VERNDVS) reached at day 1984-06-22, but vernalization requirements not yet fulfilled. Forcing vernalization now (VERN=47.688571).
[2026-03-24 12:26:23,285][pcse.crop.phenology.Vernalisation][INFO] - Critical DVS for vernalization (VERNDVS) reached at day 1984-06-23, but vernalization requirements not yet fulfilled. Forcing vernalization now (VERN=47.688571).
[2026-03-24 12:26:23,306][pcse.crop.phenology.Vernalisation][INFO] - Critical DVS for vernalization (VERNDVS) reached at day 1984-06-24, but vernalization requirements not yet fulfilled. Forcing vernalization now (VERN=47.688571).
[2026-03-24 12:26:23,328][pcse.crop.phenology.Vernalisation][INFO] - Critical DVS for vernalization (VERNDVS) reached at day 1984-06-25, but vernalization requirements not yet fulfilled. Forcing vernalization now (VERN=47.688571).
[2026-03-24 12:26:23,349][pcse.crop.phenology.Vernalisation][INFO] - Critical DVS for vernalization (VERNDVS) reached at day 1984-06-26, but vernalization requirements not yet fulfilled. Forcing vernalization now (VERN=47.688571).
[2026-03-24 12:26:23,370][pcse.crop.phenology.Vernalisation][INFO] - Critical DVS for vernalization (VERNDVS) reached at day 1984-06-27, but vernalization requirements not yet fulfilled. Forcing vernalization now (VERN=47.688571).
[2026-03-24 12:26:23,391][pcse.crop.phenology.Vernalisation][INFO] - Critical DVS for vernalization (VERNDVS) reached at day 1984-06-28, but vernalization requirements not yet fulfilled. Forcing vernalization now (VERN=47.688571).
[2026-03-24 12:26:23,412][pcse.crop.phenology.Vernalisation][INFO] - Critical DVS for vernalization (VERNDVS) reached at day 1984-06-29, but vernalization requirements not yet fulfilled. Forcing vernalization now (VERN=47.688571).
[2026-03-24 12:26:23,412][pcse.crop.phenology.Annual_Phenology][INFO] - Changed phenological stage 'vegetative' to 'reproductive' on 1984-06-29
[2026-03-24 12:26:25,065][pcse.crop.phenology.Annual_Phenology][INFO] - Changed phenological stage 'reproductive' to 'mature' on 1984-09-13
[2026-03-24 12:26:25,772][pcse.base.timer.Timer][INFO] - Reached end of simulation period as specified by END_DATE.
| train          | E: 32 | S: 7712 | R: -0.5977 | TR: 12.0835 | TF: 128 | LR: 0 | NR: 0 | D: 06.2 s | TD: 00.0 s | BR: 0.0020 | ALOSS: 10845.6267 | CLOSS: 2111084.1452 | TLOSS: -181.8306 | TVAL: 0.1315 | AENT: -1384.1976 | BCLOSS: 0.0000
[EPISODE DBG] episode=32 step=7712 pred_return=-0.545481 true_return=20.711114 total_feedback=128 labeled_feedback=0
[2026-03-24 12:26:25,779][pcse.agromanager.SoilCalendar][INFO] - Starting soil (oregon) with variation (oregon_1) on day 1984-02-01
[2026-03-24 12:26:25,780][pcse.agromanager.CropCalendar][INFO] - Starting crop (wheat) with variety (wheat_1) on day 1984-02-01
[2026-03-24 12:26:27,277][pcse.crop.phenology.Annual_Phenology][INFO] - Changed phenological stage 'emerging' to 'vegetative' on 1984-04-10
[2026-03-24 12:26:28,703][pcse.crop.phenology.Vernalisation][INFO] - Critical DVS for vernalization (VERNDVS) reached at day 1984-06-02, but vernalization requirements not yet fulfilled. Forcing vernalization now (VERN=47.688571).
[2026-03-24 12:26:28,723][pcse.crop.phenology.Vernalisation][INFO] - Critical DVS for vernalization (VERNDVS) reached at day 1984-06-03, but vernalization requirements not yet fulfilled. Forcing vernalization now (VERN=47.688571).
[2026-03-24 12:26:28,743][pcse.crop.phenology.Vernalisation][INFO] - Critical DVS for vernalization (VERNDVS) reached at day 1984-06-04, but vernalization requirements not yet fulfilled. Forcing vernalization now (VERN=47.688571).
[2026-03-24 12:26:28,763][pcse.crop.phenology.Vernalisation][INFO] - Critical DVS for vernalization (VERNDVS) reached at day 1984-06-05, but vernalization requirements not yet fulfilled. Forcing vernalization now (VERN=47.688571).
[2026-03-24 12:26:28,784][pcse.crop.phenology.Vernalisation][INFO] - Critical DVS for vernalization (VERNDVS) reached at day 1984-06-06, but vernalization requirements not yet fulfilled. Forcing vernalization now (VERN=47.688571).
[2026-03-24 12:26:28,805][pcse.crop.phenology.Vernalisation][INFO] - Critical DVS for vernalization (VERNDVS) reached at day 1984-06-07, but vernalization requirements not yet fulfilled. Forcing vernalization now (VERN=47.688571).
[2026-03-24 12:26:28,825][pcse.crop.phenology.Vernalisation][INFO] - Critical DVS for vernalization (VERNDVS) reached at day 1984-06-08, but vernalization requirements not yet fulfilled. Forcing vernalization now (VERN=47.688571).
[2026-03-24 12:26:28,845][pcse.crop.phenology.Vernalisation][INFO] - Critical DVS for vernalization (VERNDVS) reached at day 1984-06-09, but vernalization requirements not yet fulfilled. Forcing vernalization now (VERN=47.688571).
[2026-03-24 12:26:28,866][pcse.crop.phenology.Vernalisation][INFO] - Critical DVS for vernalization (VERNDVS) reached at day 1984-06-10, but vernalization requirements not yet fulfilled. Forcing vernalization now (VERN=47.688571).
[2026-03-24 12:26:28,886][pcse.crop.phenology.Vernalisation][INFO] - Critical DVS for vernalization (VERNDVS) reached at day 1984-06-11, but vernalization requirements not yet fulfilled. Forcing vernalization now (VERN=47.688571).
[2026-03-24 12:26:28,907][pcse.crop.phenology.Vernalisation][INFO] - Critical DVS for vernalization (VERNDVS) reached at day 1984-06-12, but vernalization requirements not yet fulfilled. Forcing vernalization now (VERN=47.688571).
[2026-03-24 12:26:28,927][pcse.crop.phenology.Vernalisation][INFO] - Critical DVS for vernalization (VERNDVS) reached at day 1984-06-13, but vernalization requirements not yet fulfilled. Forcing vernalization now (VERN=47.688571).
[2026-03-24 12:26:28,947][pcse.crop.phenology.Vernalisation][INFO] - Critical DVS for vernalization (VERNDVS) reached at day 1984-06-14, but vernalization requirements not yet fulfilled. Forcing vernalization now (VERN=47.688571).
[2026-03-24 12:26:28,968][pcse.crop.phenology.Vernalisation][INFO] - Critical DVS for vernalization (VERNDVS) reached at day 1984-06-15, but vernalization requirements not yet fulfilled. Forcing vernalization now (VERN=47.688571).
[2026-03-24 12:26:28,988][pcse.crop.phenology.Vernalisation][INFO] - Critical DVS for vernalization (VERNDVS) reached at day 1984-06-16, but vernalization requirements not yet fulfilled. Forcing vernalization now (VERN=47.688571).
[2026-03-24 12:26:29,008][pcse.crop.phenology.Vernalisation][INFO] - Critical DVS for vernalization (VERNDVS) reached at day 1984-06-17, but vernalization requirements not yet fulfilled. Forcing vernalization now (VERN=47.688571).
[2026-03-24 12:26:29,029][pcse.crop.phenology.Vernalisation][INFO] - Critical DVS for vernalization (VERNDVS) reached at day 1984-06-18, but vernalization requirements not yet fulfilled. Forcing vernalization now (VERN=47.688571).
[2026-03-24 12:26:29,050][pcse.crop.phenology.Vernalisation][INFO] - Critical DVS for vernalization (VERNDVS) reached at day 1984-06-19, but vernalization requirements not yet fulfilled. Forcing vernalization now (VERN=47.688571).
[2026-03-24 12:26:29,070][pcse.crop.phenology.Vernalisation][INFO] - Critical DVS for vernalization (VERNDVS) reached at day 1984-06-20, but vernalization requirements not yet fulfilled. Forcing vernalization now (VERN=47.688571).
[2026-03-24 12:26:29,091][pcse.crop.phenology.Vernalisation][INFO] - Critical DVS for vernalization (VERNDVS) reached at day 1984-06-21, but vernalization requirements not yet fulfilled. Forcing vernalization now (VERN=47.688571).
[2026-03-24 12:26:29,111][pcse.crop.phenology.Vernalisation][INFO] - Critical DVS for vernalization (VERNDVS) reached at day 1984-06-22, but vernalization requirements not yet fulfilled. Forcing vernalization now (VERN=47.688571).
[2026-03-24 12:26:29,132][pcse.crop.phenology.Vernalisation][INFO] - Critical DVS for vernalization (VERNDVS) reached at day 1984-06-23, but vernalization requirements not yet fulfilled. Forcing vernalization now (VERN=47.688571).
[2026-03-24 12:26:29,152][pcse.crop.phenology.Vernalisation][INFO] - Critical DVS for vernalization (VERNDVS) reached at day 1984-06-24, but vernalization requirements not yet fulfilled. Forcing vernalization now (VERN=47.688571).
[2026-03-24 12:26:29,173][pcse.crop.phenology.Vernalisation][INFO] - Critical DVS for vernalization (VERNDVS) reached at day 1984-06-25, but vernalization requirements not yet fulfilled. Forcing vernalization now (VERN=47.688571).
[2026-03-24 12:26:29,194][pcse.crop.phenology.Vernalisation][INFO] - Critical DVS for vernalization (VERNDVS) reached at day 1984-06-26, but vernalization requirements not yet fulfilled. Forcing vernalization now (VERN=47.688571).
[2026-03-24 12:26:29,213][pcse.crop.phenology.Vernalisation][INFO] - Critical DVS for vernalization (VERNDVS) reached at day 1984-06-27, but vernalization requirements not yet fulfilled. Forcing vernalization now (VERN=47.688571).
[2026-03-24 12:26:29,234][pcse.crop.phenology.Vernalisation][INFO] - Critical DVS for vernalization (VERNDVS) reached at day 1984-06-28, but vernalization requirements not yet fulfilled. Forcing vernalization now (VERN=47.688571).
[2026-03-24 12:26:29,255][pcse.crop.phenology.Vernalisation][INFO] - Critical DVS for vernalization (VERNDVS) reached at day 1984-06-29, but vernalization requirements not yet fulfilled. Forcing vernalization now (VERN=47.688571).
[2026-03-24 12:26:29,255][pcse.crop.phenology.Annual_Phenology][INFO] - Changed phenological stage 'vegetative' to 'reproductive' on 1984-06-29
[2026-03-24 12:26:31,047][pcse.crop.phenology.Annual_Phenology][INFO] - Changed phenological stage 'reproductive' to 'mature' on 1984-09-13
[2026-03-24 12:26:31,391][pcse.base.timer.Timer][INFO] - Reached end of simulation period as specified by END_DATE.
| train          | E: 33 | S: 7953 | R: -0.5455 | TR: 20.7111 | TF: 128 | LR: 0 | NR: 0 | D: 05.6 s | TD: 00.0 s | BR: 0.0020 | ALOSS: 10796.8902 | CLOSS: 1536606.2783 | TLOSS: -182.7024 | TVAL: 0.1334 | AENT: -1370.8063 | BCLOSS: 0.0000
[EPISODE DBG] episode=33 step=7953 pred_return=-0.537469 true_return=19.897423 total_feedback=128 labeled_feedback=0
[2026-03-24 12:26:31,398][pcse.agromanager.SoilCalendar][INFO] - Starting soil (oregon) with variation (oregon_1) on day 1984-02-01
[2026-03-24 12:26:31,399][pcse.agromanager.CropCalendar][INFO] - Starting crop (wheat) with variety (wheat_1) on day 1984-02-01
[REPLAY DBG] post-agent-update step=8000 n=8000 mean=0.001860 std=0.008718 min=-0.043908 max=0.028845
[STEP DBG] step=8000 env_reward=0.000000 r_hat=0.005207 done=False
[NORM DBG] count=8000 mean_abs_mean=62606.726562 mean_std=198.846954 min_std=0.001000 max_std=2688.332764
[2026-03-24 12:26:33,147][pcse.crop.phenology.Annual_Phenology][INFO] - Changed phenological stage 'emerging' to 'vegetative' on 1984-04-10
[2026-03-24 12:26:34,284][pcse.crop.phenology.Vernalisation][INFO] - Critical DVS for vernalization (VERNDVS) reached at day 1984-06-02, but vernalization requirements not yet fulfilled. Forcing vernalization now (VERN=47.688571).
[2026-03-24 12:26:34,305][pcse.crop.phenology.Vernalisation][INFO] - Critical DVS for vernalization (VERNDVS) reached at day 1984-06-03, but vernalization requirements not yet fulfilled. Forcing vernalization now (VERN=47.688571).
[2026-03-24 12:26:34,327][pcse.crop.phenology.Vernalisation][INFO] - Critical DVS for vernalization (VERNDVS) reached at day 1984-06-04, but vernalization requirements not yet fulfilled. Forcing vernalization now (VERN=47.688571).
[2026-03-24 12:26:34,349][pcse.crop.phenology.Vernalisation][INFO] - Critical DVS for vernalization (VERNDVS) reached at day 1984-06-05, but vernalization requirements not yet fulfilled. Forcing vernalization now (VERN=47.688571).
[2026-03-24 12:26:34,370][pcse.crop.phenology.Vernalisation][INFO] - Critical DVS for vernalization (VERNDVS) reached at day 1984-06-06, but vernalization requirements not yet fulfilled. Forcing vernalization now (VERN=47.688571).
[2026-03-24 12:26:34,392][pcse.crop.phenology.Vernalisation][INFO] - Critical DVS for vernalization (VERNDVS) reached at day 1984-06-07, but vernalization requirements not yet fulfilled. Forcing vernalization now (VERN=47.688571).
[2026-03-24 12:26:34,414][pcse.crop.phenology.Vernalisation][INFO] - Critical DVS for vernalization (VERNDVS) reached at day 1984-06-08, but vernalization requirements not yet fulfilled. Forcing vernalization now (VERN=47.688571).
[2026-03-24 12:26:34,435][pcse.crop.phenology.Vernalisation][INFO] - Critical DVS for vernalization (VERNDVS) reached at day 1984-06-09, but vernalization requirements not yet fulfilled. Forcing vernalization now (VERN=47.688571).
[2026-03-24 12:26:34,457][pcse.crop.phenology.Vernalisation][INFO] - Critical DVS for vernalization (VERNDVS) reached at day 1984-06-10, but vernalization requirements not yet fulfilled. Forcing vernalization now (VERN=47.688571).
[2026-03-24 12:26:34,479][pcse.crop.phenology.Vernalisation][INFO] - Critical DVS for vernalization (VERNDVS) reached at day 1984-06-11, but vernalization requirements not yet fulfilled. Forcing vernalization now (VERN=47.688571).
[2026-03-24 12:26:34,501][pcse.crop.phenology.Vernalisation][INFO] - Critical DVS for vernalization (VERNDVS) reached at day 1984-06-12, but vernalization requirements not yet fulfilled. Forcing vernalization now (VERN=47.688571).
[2026-03-24 12:26:34,523][pcse.crop.phenology.Vernalisation][INFO] - Critical DVS for vernalization (VERNDVS) reached at day 1984-06-13, but vernalization requirements not yet fulfilled. Forcing vernalization now (VERN=47.688571).
[2026-03-24 12:26:34,544][pcse.crop.phenology.Vernalisation][INFO] - Critical DVS for vernalization (VERNDVS) reached at day 1984-06-14, but vernalization requirements not yet fulfilled. Forcing vernalization now (VERN=47.688571).
[2026-03-24 12:26:34,565][pcse.crop.phenology.Vernalisation][INFO] - Critical DVS for vernalization (VERNDVS) reached at day 1984-06-15, but vernalization requirements not yet fulfilled. Forcing vernalization now (VERN=47.688571).
[2026-03-24 12:26:34,588][pcse.crop.phenology.Vernalisation][INFO] - Critical DVS for vernalization (VERNDVS) reached at day 1984-06-16, but vernalization requirements not yet fulfilled. Forcing vernalization now (VERN=47.688571).
[2026-03-24 12:26:34,609][pcse.crop.phenology.Vernalisation][INFO] - Critical DVS for vernalization (VERNDVS) reached at day 1984-06-17, but vernalization requirements not yet fulfilled. Forcing vernalization now (VERN=47.688571).
[2026-03-24 12:26:34,631][pcse.crop.phenology.Vernalisation][INFO] - Critical DVS for vernalization (VERNDVS) reached at day 1984-06-18, but vernalization requirements not yet fulfilled. Forcing vernalization now (VERN=47.688571).
[2026-03-24 12:26:34,653][pcse.crop.phenology.Vernalisation][INFO] - Critical DVS for vernalization (VERNDVS) reached at day 1984-06-19, but vernalization requirements not yet fulfilled. Forcing vernalization now (VERN=47.688571).
[2026-03-24 12:26:34,674][pcse.crop.phenology.Vernalisation][INFO] - Critical DVS for vernalization (VERNDVS) reached at day 1984-06-20, but vernalization requirements not yet fulfilled. Forcing vernalization now (VERN=47.688571).
[2026-03-24 12:26:34,696][pcse.crop.phenology.Vernalisation][INFO] - Critical DVS for vernalization (VERNDVS) reached at day 1984-06-21, but vernalization requirements not yet fulfilled. Forcing vernalization now (VERN=47.688571).
[2026-03-24 12:26:34,718][pcse.crop.phenology.Vernalisation][INFO] - Critical DVS for vernalization (VERNDVS) reached at day 1984-06-22, but vernalization requirements not yet fulfilled. Forcing vernalization now (VERN=47.688571).
[2026-03-24 12:26:34,740][pcse.crop.phenology.Vernalisation][INFO] - Critical DVS for vernalization (VERNDVS) reached at day 1984-06-23, but vernalization requirements not yet fulfilled. Forcing vernalization now (VERN=47.688571).
[2026-03-24 12:26:34,761][pcse.crop.phenology.Vernalisation][INFO] - Critical DVS for vernalization (VERNDVS) reached at day 1984-06-24, but vernalization requirements not yet fulfilled. Forcing vernalization now (VERN=47.688571).
[2026-03-24 12:26:34,783][pcse.crop.phenology.Vernalisation][INFO] - Critical DVS for vernalization (VERNDVS) reached at day 1984-06-25, but vernalization requirements not yet fulfilled. Forcing vernalization now (VERN=47.688571).
[2026-03-24 12:26:34,804][pcse.crop.phenology.Vernalisation][INFO] - Critical DVS for vernalization (VERNDVS) reached at day 1984-06-26, but vernalization requirements not yet fulfilled. Forcing vernalization now (VERN=47.688571).
[2026-03-24 12:26:34,827][pcse.crop.phenology.Vernalisation][INFO] - Critical DVS for vernalization (VERNDVS) reached at day 1984-06-27, but vernalization requirements not yet fulfilled. Forcing vernalization now (VERN=47.688571).
[2026-03-24 12:26:34,849][pcse.crop.phenology.Vernalisation][INFO] - Critical DVS for vernalization (VERNDVS) reached at day 1984-06-28, but vernalization requirements not yet fulfilled. Forcing vernalization now (VERN=47.688571).
[2026-03-24 12:26:35,179][pcse.crop.phenology.Vernalisation][INFO] - Critical DVS for vernalization (VERNDVS) reached at day 1984-06-29, but vernalization requirements not yet fulfilled. Forcing vernalization now (VERN=47.688571).
[2026-03-24 12:26:35,179][pcse.crop.phenology.Annual_Phenology][INFO] - Changed phenological stage 'vegetative' to 'reproductive' on 1984-06-29
[2026-03-24 12:26:36,747][pcse.crop.phenology.Annual_Phenology][INFO] - Changed phenological stage 'reproductive' to 'mature' on 1984-09-13
[2026-03-24 12:26:37,099][pcse.base.timer.Timer][INFO] - Reached end of simulation period as specified by END_DATE.
| train          | E: 34 | S: 8194 | R: -0.5375 | TR: 19.8974 | TF: 128 | LR: 0 | NR: 0 | D: 05.7 s | TD: 00.0 s | BR: 0.0018 | ALOSS: 10741.4993 | CLOSS: 1405747.7766 | TLOSS: -184.6689 | TVAL: 0.1355 | AENT: -1364.2184 | BCLOSS: 0.0000
[EPISODE DBG] episode=34 step=8194 pred_return=-0.543197 true_return=15.861067 total_feedback=128 labeled_feedback=0
[2026-03-24 12:26:37,106][pcse.agromanager.SoilCalendar][INFO] - Starting soil (oregon) with variation (oregon_1) on day 1984-02-01
[2026-03-24 12:26:37,108][pcse.agromanager.CropCalendar][INFO] - Starting crop (wheat) with variety (wheat_1) on day 1984-02-01
[2026-03-24 12:26:38,817][pcse.crop.phenology.Annual_Phenology][INFO] - Changed phenological stage 'emerging' to 'vegetative' on 1984-04-10
[2026-03-24 12:26:40,136][pcse.crop.phenology.Vernalisation][INFO] - Critical DVS for vernalization (VERNDVS) reached at day 1984-06-02, but vernalization requirements not yet fulfilled. Forcing vernalization now (VERN=47.688571).
[2026-03-24 12:26:40,156][pcse.crop.phenology.Vernalisation][INFO] - Critical DVS for vernalization (VERNDVS) reached at day 1984-06-03, but vernalization requirements not yet fulfilled. Forcing vernalization now (VERN=47.688571).
[2026-03-24 12:26:40,177][pcse.crop.phenology.Vernalisation][INFO] - Critical DVS for vernalization (VERNDVS) reached at day 1984-06-04, but vernalization requirements not yet fulfilled. Forcing vernalization now (VERN=47.688571).
[2026-03-24 12:26:40,197][pcse.crop.phenology.Vernalisation][INFO] - Critical DVS for vernalization (VERNDVS) reached at day 1984-06-05, but vernalization requirements not yet fulfilled. Forcing vernalization now (VERN=47.688571).
[2026-03-24 12:26:40,218][pcse.crop.phenology.Vernalisation][INFO] - Critical DVS for vernalization (VERNDVS) reached at day 1984-06-06, but vernalization requirements not yet fulfilled. Forcing vernalization now (VERN=47.688571).
[2026-03-24 12:26:40,238][pcse.crop.phenology.Vernalisation][INFO] - Critical DVS for vernalization (VERNDVS) reached at day 1984-06-07, but vernalization requirements not yet fulfilled. Forcing vernalization now (VERN=47.688571).
[2026-03-24 12:26:40,259][pcse.crop.phenology.Vernalisation][INFO] - Critical DVS for vernalization (VERNDVS) reached at day 1984-06-08, but vernalization requirements not yet fulfilled. Forcing vernalization now (VERN=47.688571).
[2026-03-24 12:26:40,279][pcse.crop.phenology.Vernalisation][INFO] - Critical DVS for vernalization (VERNDVS) reached at day 1984-06-09, but vernalization requirements not yet fulfilled. Forcing vernalization now (VERN=47.688571).
[2026-03-24 12:26:40,299][pcse.crop.phenology.Vernalisation][INFO] - Critical DVS for vernalization (VERNDVS) reached at day 1984-06-10, but vernalization requirements not yet fulfilled. Forcing vernalization now (VERN=47.688571).
[2026-03-24 12:26:40,320][pcse.crop.phenology.Vernalisation][INFO] - Critical DVS for vernalization (VERNDVS) reached at day 1984-06-11, but vernalization requirements not yet fulfilled. Forcing vernalization now (VERN=47.688571).
[2026-03-24 12:26:40,340][pcse.crop.phenology.Vernalisation][INFO] - Critical DVS for vernalization (VERNDVS) reached at day 1984-06-12, but vernalization requirements not yet fulfilled. Forcing vernalization now (VERN=47.688571).
[2026-03-24 12:26:40,360][pcse.crop.phenology.Vernalisation][INFO] - Critical DVS for vernalization (VERNDVS) reached at day 1984-06-13, but vernalization requirements not yet fulfilled. Forcing vernalization now (VERN=47.688571).
[2026-03-24 12:26:40,380][pcse.crop.phenology.Vernalisation][INFO] - Critical DVS for vernalization (VERNDVS) reached at day 1984-06-14, but vernalization requirements not yet fulfilled. Forcing vernalization now (VERN=47.688571).
[2026-03-24 12:26:40,401][pcse.crop.phenology.Vernalisation][INFO] - Critical DVS for vernalization (VERNDVS) reached at day 1984-06-15, but vernalization requirements not yet fulfilled. Forcing vernalization now (VERN=47.688571).
[2026-03-24 12:26:40,421][pcse.crop.phenology.Vernalisation][INFO] - Critical DVS for vernalization (VERNDVS) reached at day 1984-06-16, but vernalization requirements not yet fulfilled. Forcing vernalization now (VERN=47.688571).
[2026-03-24 12:26:40,442][pcse.crop.phenology.Vernalisation][INFO] - Critical DVS for vernalization (VERNDVS) reached at day 1984-06-17, but vernalization requirements not yet fulfilled. Forcing vernalization now (VERN=47.688571).
[2026-03-24 12:26:40,463][pcse.crop.phenology.Vernalisation][INFO] - Critical DVS for vernalization (VERNDVS) reached at day 1984-06-18, but vernalization requirements not yet fulfilled. Forcing vernalization now (VERN=47.688571).
[2026-03-24 12:26:40,483][pcse.crop.phenology.Vernalisation][INFO] - Critical DVS for vernalization (VERNDVS) reached at day 1984-06-19, but vernalization requirements not yet fulfilled. Forcing vernalization now (VERN=47.688571).
[2026-03-24 12:26:40,504][pcse.crop.phenology.Vernalisation][INFO] - Critical DVS for vernalization (VERNDVS) reached at day 1984-06-20, but vernalization requirements not yet fulfilled. Forcing vernalization now (VERN=47.688571).
[2026-03-24 12:26:40,524][pcse.crop.phenology.Vernalisation][INFO] - Critical DVS for vernalization (VERNDVS) reached at day 1984-06-21, but vernalization requirements not yet fulfilled. Forcing vernalization now (VERN=47.688571).
[2026-03-24 12:26:40,544][pcse.crop.phenology.Vernalisation][INFO] - Critical DVS for vernalization (VERNDVS) reached at day 1984-06-22, but vernalization requirements not yet fulfilled. Forcing vernalization now (VERN=47.688571).
[2026-03-24 12:26:40,564][pcse.crop.phenology.Vernalisation][INFO] - Critical DVS for vernalization (VERNDVS) reached at day 1984-06-23, but vernalization requirements not yet fulfilled. Forcing vernalization now (VERN=47.688571).
[2026-03-24 12:26:40,584][pcse.crop.phenology.Vernalisation][INFO] - Critical DVS for vernalization (VERNDVS) reached at day 1984-06-24, but vernalization requirements not yet fulfilled. Forcing vernalization now (VERN=47.688571).
[2026-03-24 12:26:40,604][pcse.crop.phenology.Vernalisation][INFO] - Critical DVS for vernalization (VERNDVS) reached at day 1984-06-25, but vernalization requirements not yet fulfilled. Forcing vernalization now (VERN=47.688571).
[2026-03-24 12:26:40,624][pcse.crop.phenology.Vernalisation][INFO] - Critical DVS for vernalization (VERNDVS) reached at day 1984-06-26, but vernalization requirements not yet fulfilled. Forcing vernalization now (VERN=47.688571).
[2026-03-24 12:26:40,645][pcse.crop.phenology.Vernalisation][INFO] - Critical DVS for vernalization (VERNDVS) reached at day 1984-06-27, but vernalization requirements not yet fulfilled. Forcing vernalization now (VERN=47.688571).
[2026-03-24 12:26:40,665][pcse.crop.phenology.Vernalisation][INFO] - Critical DVS for vernalization (VERNDVS) reached at day 1984-06-28, but vernalization requirements not yet fulfilled. Forcing vernalization now (VERN=47.688571).
[2026-03-24 12:26:40,685][pcse.crop.phenology.Vernalisation][INFO] - Critical DVS for vernalization (VERNDVS) reached at day 1984-06-29, but vernalization requirements not yet fulfilled. Forcing vernalization now (VERN=47.688571).
[2026-03-24 12:26:40,685][pcse.crop.phenology.Annual_Phenology][INFO] - Changed phenological stage 'vegetative' to 'reproductive' on 1984-06-29
[2026-03-24 12:26:42,574][pcse.crop.phenology.Annual_Phenology][INFO] - Changed phenological stage 'reproductive' to 'mature' on 1984-09-13
[2026-03-24 12:26:42,939][pcse.base.timer.Timer][INFO] - Reached end of simulation period as specified by END_DATE.
| train          | E: 35 | S: 8435 | R: -0.5432 | TR: 15.8611 | TF: 128 | LR: 0 | NR: 0 | D: 05.8 s | TD: 00.0 s | BR: 0.0017 | ALOSS: 10817.2443 | CLOSS: 1472533.2812 | TLOSS: -183.5621 | TVAL: 0.1377 | AENT: -1334.0010 | BCLOSS: 0.0000
[EPISODE DBG] episode=35 step=8435 pred_return=-0.500502 true_return=12.083472 total_feedback=128 labeled_feedback=0
[2026-03-24 12:26:42,947][pcse.agromanager.SoilCalendar][INFO] - Starting soil (oregon) with variation (oregon_1) on day 1984-02-01
[2026-03-24 12:26:42,949][pcse.agromanager.CropCalendar][INFO] - Starting crop (wheat) with variety (wheat_1) on day 1984-02-01
[REPLAY DBG] post-agent-update step=8500 n=8500 mean=0.001639 std=0.008627 min=-0.043908 max=0.028845
[STEP DBG] step=8500 env_reward=0.000000 r_hat=0.003904 done=False
[NORM DBG] count=8500 mean_abs_mean=62601.453125 mean_std=194.571793 min_std=0.001000 max_std=2623.517090
[2026-03-24 12:26:44,777][pcse.crop.phenology.Annual_Phenology][INFO] - Changed phenological stage 'emerging' to 'vegetative' on 1984-04-10
[2026-03-24 12:26:45,488][pcse.crop.phenology.Vernalisation][INFO] - Critical DVS for vernalization (VERNDVS) reached at day 1984-06-02, but vernalization requirements not yet fulfilled. Forcing vernalization now (VERN=47.688571).
[2026-03-24 12:26:45,500][pcse.crop.phenology.Vernalisation][INFO] - Critical DVS for vernalization (VERNDVS) reached at day 1984-06-03, but vernalization requirements not yet fulfilled. Forcing vernalization now (VERN=47.688571).
[2026-03-24 12:26:45,513][pcse.crop.phenology.Vernalisation][INFO] - Critical DVS for vernalization (VERNDVS) reached at day 1984-06-04, but vernalization requirements not yet fulfilled. Forcing vernalization now (VERN=47.688571).
[2026-03-24 12:26:45,525][pcse.crop.phenology.Vernalisation][INFO] - Critical DVS for vernalization (VERNDVS) reached at day 1984-06-05, but vernalization requirements not yet fulfilled. Forcing vernalization now (VERN=47.688571).
[2026-03-24 12:26:45,537][pcse.crop.phenology.Vernalisation][INFO] - Critical DVS for vernalization (VERNDVS) reached at day 1984-06-06, but vernalization requirements not yet fulfilled. Forcing vernalization now (VERN=47.688571).
[2026-03-24 12:26:45,550][pcse.crop.phenology.Vernalisation][INFO] - Critical DVS for vernalization (VERNDVS) reached at day 1984-06-07, but vernalization requirements not yet fulfilled. Forcing vernalization now (VERN=47.688571).
[2026-03-24 12:26:45,562][pcse.crop.phenology.Vernalisation][INFO] - Critical DVS for vernalization (VERNDVS) reached at day 1984-06-08, but vernalization requirements not yet fulfilled. Forcing vernalization now (VERN=47.688571).
[2026-03-24 12:26:45,574][pcse.crop.phenology.Vernalisation][INFO] - Critical DVS for vernalization (VERNDVS) reached at day 1984-06-09, but vernalization requirements not yet fulfilled. Forcing vernalization now (VERN=47.688571).
[2026-03-24 12:26:45,586][pcse.crop.phenology.Vernalisation][INFO] - Critical DVS for vernalization (VERNDVS) reached at day 1984-06-10, but vernalization requirements not yet fulfilled. Forcing vernalization now (VERN=47.688571).
[2026-03-24 12:26:45,599][pcse.crop.phenology.Vernalisation][INFO] - Critical DVS for vernalization (VERNDVS) reached at day 1984-06-11, but vernalization requirements not yet fulfilled. Forcing vernalization now (VERN=47.688571).
[2026-03-24 12:26:45,611][pcse.crop.phenology.Vernalisation][INFO] - Critical DVS for vernalization (VERNDVS) reached at day 1984-06-12, but vernalization requirements not yet fulfilled. Forcing vernalization now (VERN=47.688571).
[2026-03-24 12:26:45,623][pcse.crop.phenology.Vernalisation][INFO] - Critical DVS for vernalization (VERNDVS) reached at day 1984-06-13, but vernalization requirements not yet fulfilled. Forcing vernalization now (VERN=47.688571).
[2026-03-24 12:26:45,636][pcse.crop.phenology.Vernalisation][INFO] - Critical DVS for vernalization (VERNDVS) reached at day 1984-06-14, but vernalization requirements not yet fulfilled. Forcing vernalization now (VERN=47.688571).
[2026-03-24 12:26:45,648][pcse.crop.phenology.Vernalisation][INFO] - Critical DVS for vernalization (VERNDVS) reached at day 1984-06-15, but vernalization requirements not yet fulfilled. Forcing vernalization now (VERN=47.688571).
[2026-03-24 12:26:45,660][pcse.crop.phenology.Vernalisation][INFO] - Critical DVS for vernalization (VERNDVS) reached at day 1984-06-16, but vernalization requirements not yet fulfilled. Forcing vernalization now (VERN=47.688571).
[2026-03-24 12:26:45,672][pcse.crop.phenology.Vernalisation][INFO] - Critical DVS for vernalization (VERNDVS) reached at day 1984-06-17, but vernalization requirements not yet fulfilled. Forcing vernalization now (VERN=47.688571).
[2026-03-24 12:26:45,684][pcse.crop.phenology.Vernalisation][INFO] - Critical DVS for vernalization (VERNDVS) reached at day 1984-06-18, but vernalization requirements not yet fulfilled. Forcing vernalization now (VERN=47.688571).
[2026-03-24 12:26:45,697][pcse.crop.phenology.Vernalisation][INFO] - Critical DVS for vernalization (VERNDVS) reached at day 1984-06-19, but vernalization requirements not yet fulfilled. Forcing vernalization now (VERN=47.688571).
[2026-03-24 12:26:45,709][pcse.crop.phenology.Vernalisation][INFO] - Critical DVS for vernalization (VERNDVS) reached at day 1984-06-20, but vernalization requirements not yet fulfilled. Forcing vernalization now (VERN=47.688571).
[2026-03-24 12:26:45,721][pcse.crop.phenology.Vernalisation][INFO] - Critical DVS for vernalization (VERNDVS) reached at day 1984-06-21, but vernalization requirements not yet fulfilled. Forcing vernalization now (VERN=47.688571).
[2026-03-24 12:26:45,733][pcse.crop.phenology.Vernalisation][INFO] - Critical DVS for vernalization (VERNDVS) reached at day 1984-06-22, but vernalization requirements not yet fulfilled. Forcing vernalization now (VERN=47.688571).
[2026-03-24 12:26:45,746][pcse.crop.phenology.Vernalisation][INFO] - Critical DVS for vernalization (VERNDVS) reached at day 1984-06-23, but vernalization requirements not yet fulfilled. Forcing vernalization now (VERN=47.688571).
[2026-03-24 12:26:45,758][pcse.crop.phenology.Vernalisation][INFO] - Critical DVS for vernalization (VERNDVS) reached at day 1984-06-24, but vernalization requirements not yet fulfilled. Forcing vernalization now (VERN=47.688571).
[2026-03-24 12:26:45,771][pcse.crop.phenology.Vernalisation][INFO] - Critical DVS for vernalization (VERNDVS) reached at day 1984-06-25, but vernalization requirements not yet fulfilled. Forcing vernalization now (VERN=47.688571).
[2026-03-24 12:26:45,783][pcse.crop.phenology.Vernalisation][INFO] - Critical DVS for vernalization (VERNDVS) reached at day 1984-06-26, but vernalization requirements not yet fulfilled. Forcing vernalization now (VERN=47.688571).
[2026-03-24 12:26:45,795][pcse.crop.phenology.Vernalisation][INFO] - Critical DVS for vernalization (VERNDVS) reached at day 1984-06-27, but vernalization requirements not yet fulfilled. Forcing vernalization now (VERN=47.688571).
[2026-03-24 12:26:45,807][pcse.crop.phenology.Vernalisation][INFO] - Critical DVS for vernalization (VERNDVS) reached at day 1984-06-28, but vernalization requirements not yet fulfilled. Forcing vernalization now (VERN=47.688571).
[2026-03-24 12:26:45,820][pcse.crop.phenology.Vernalisation][INFO] - Critical DVS for vernalization (VERNDVS) reached at day 1984-06-29, but vernalization requirements not yet fulfilled. Forcing vernalization now (VERN=47.688571).
[2026-03-24 12:26:45,820][pcse.crop.phenology.Annual_Phenology][INFO] - Changed phenological stage 'vegetative' to 'reproductive' on 1984-06-29
[2026-03-24 12:26:47,251][pcse.crop.phenology.Annual_Phenology][INFO] - Changed phenological stage 'reproductive' to 'mature' on 1984-09-13
[2026-03-24 12:26:47,460][pcse.base.timer.Timer][INFO] - Reached end of simulation period as specified by END_DATE.
| train          | E: 36 | S: 8676 | R: -0.5005 | TR: 12.0835 | TF: 128 | LR: 0 | NR: 0 | D: 04.5 s | TD: 00.0 s | BR: 0.0016 | ALOSS: 10834.2458 | CLOSS: 1442117.8163 | TLOSS: -183.6372 | TVAL: 0.1401 | AENT: -1312.0288 | BCLOSS: 0.0000
[EPISODE DBG] episode=36 step=8676 pred_return=-0.458178 true_return=20.711114 total_feedback=128 labeled_feedback=0
[2026-03-24 12:26:47,466][pcse.agromanager.SoilCalendar][INFO] - Starting soil (oregon) with variation (oregon_1) on day 1984-02-01
[2026-03-24 12:26:47,467][pcse.agromanager.CropCalendar][INFO] - Starting crop (wheat) with variety (wheat_1) on day 1984-02-01
[2026-03-24 12:26:48,789][pcse.crop.phenology.Annual_Phenology][INFO] - Changed phenological stage 'emerging' to 'vegetative' on 1984-04-10
[2026-03-24 12:26:49,547][pcse.crop.phenology.Vernalisation][INFO] - Critical DVS for vernalization (VERNDVS) reached at day 1984-06-02, but vernalization requirements not yet fulfilled. Forcing vernalization now (VERN=47.688571).
[2026-03-24 12:26:49,561][pcse.crop.phenology.Vernalisation][INFO] - Critical DVS for vernalization (VERNDVS) reached at day 1984-06-03, but vernalization requirements not yet fulfilled. Forcing vernalization now (VERN=47.688571).
[2026-03-24 12:26:49,576][pcse.crop.phenology.Vernalisation][INFO] - Critical DVS for vernalization (VERNDVS) reached at day 1984-06-04, but vernalization requirements not yet fulfilled. Forcing vernalization now (VERN=47.688571).
[2026-03-24 12:26:49,590][pcse.crop.phenology.Vernalisation][INFO] - Critical DVS for vernalization (VERNDVS) reached at day 1984-06-05, but vernalization requirements not yet fulfilled. Forcing vernalization now (VERN=47.688571).
[2026-03-24 12:26:49,847][pcse.crop.phenology.Vernalisation][INFO] - Critical DVS for vernalization (VERNDVS) reached at day 1984-06-06, but vernalization requirements not yet fulfilled. Forcing vernalization now (VERN=47.688571).
[2026-03-24 12:26:49,871][pcse.crop.phenology.Vernalisation][INFO] - Critical DVS for vernalization (VERNDVS) reached at day 1984-06-07, but vernalization requirements not yet fulfilled. Forcing vernalization now (VERN=47.688571).
[2026-03-24 12:26:49,886][pcse.crop.phenology.Vernalisation][INFO] - Critical DVS for vernalization (VERNDVS) reached at day 1984-06-08, but vernalization requirements not yet fulfilled. Forcing vernalization now (VERN=47.688571).
[2026-03-24 12:26:49,900][pcse.crop.phenology.Vernalisation][INFO] - Critical DVS for vernalization (VERNDVS) reached at day 1984-06-09, but vernalization requirements not yet fulfilled. Forcing vernalization now (VERN=47.688571).
[2026-03-24 12:26:49,915][pcse.crop.phenology.Vernalisation][INFO] - Critical DVS for vernalization (VERNDVS) reached at day 1984-06-10, but vernalization requirements not yet fulfilled. Forcing vernalization now (VERN=47.688571).
[2026-03-24 12:26:49,929][pcse.crop.phenology.Vernalisation][INFO] - Critical DVS for vernalization (VERNDVS) reached at day 1984-06-11, but vernalization requirements not yet fulfilled. Forcing vernalization now (VERN=47.688571).
[2026-03-24 12:26:49,943][pcse.crop.phenology.Vernalisation][INFO] - Critical DVS for vernalization (VERNDVS) reached at day 1984-06-12, but vernalization requirements not yet fulfilled. Forcing vernalization now (VERN=47.688571).
[2026-03-24 12:26:49,957][pcse.crop.phenology.Vernalisation][INFO] - Critical DVS for vernalization (VERNDVS) reached at day 1984-06-13, but vernalization requirements not yet fulfilled. Forcing vernalization now (VERN=47.688571).
[2026-03-24 12:26:49,969][pcse.crop.phenology.Vernalisation][INFO] - Critical DVS for vernalization (VERNDVS) reached at day 1984-06-14, but vernalization requirements not yet fulfilled. Forcing vernalization now (VERN=47.688571).
[2026-03-24 12:26:49,982][pcse.crop.phenology.Vernalisation][INFO] - Critical DVS for vernalization (VERNDVS) reached at day 1984-06-15, but vernalization requirements not yet fulfilled. Forcing vernalization now (VERN=47.688571).
[2026-03-24 12:26:49,995][pcse.crop.phenology.Vernalisation][INFO] - Critical DVS for vernalization (VERNDVS) reached at day 1984-06-16, but vernalization requirements not yet fulfilled. Forcing vernalization now (VERN=47.688571).
[2026-03-24 12:26:50,008][pcse.crop.phenology.Vernalisation][INFO] - Critical DVS for vernalization (VERNDVS) reached at day 1984-06-17, but vernalization requirements not yet fulfilled. Forcing vernalization now (VERN=47.688571).
[2026-03-24 12:26:50,020][pcse.crop.phenology.Vernalisation][INFO] - Critical DVS for vernalization (VERNDVS) reached at day 1984-06-18, but vernalization requirements not yet fulfilled. Forcing vernalization now (VERN=47.688571).
[2026-03-24 12:26:50,033][pcse.crop.phenology.Vernalisation][INFO] - Critical DVS for vernalization (VERNDVS) reached at day 1984-06-19, but vernalization requirements not yet fulfilled. Forcing vernalization now (VERN=47.688571).
[2026-03-24 12:26:50,046][pcse.crop.phenology.Vernalisation][INFO] - Critical DVS for vernalization (VERNDVS) reached at day 1984-06-20, but vernalization requirements not yet fulfilled. Forcing vernalization now (VERN=47.688571).
[2026-03-24 12:26:50,059][pcse.crop.phenology.Vernalisation][INFO] - Critical DVS for vernalization (VERNDVS) reached at day 1984-06-21, but vernalization requirements not yet fulfilled. Forcing vernalization now (VERN=47.688571).
[2026-03-24 12:26:50,072][pcse.crop.phenology.Vernalisation][INFO] - Critical DVS for vernalization (VERNDVS) reached at day 1984-06-22, but vernalization requirements not yet fulfilled. Forcing vernalization now (VERN=47.688571).
[2026-03-24 12:26:50,085][pcse.crop.phenology.Vernalisation][INFO] - Critical DVS for vernalization (VERNDVS) reached at day 1984-06-23, but vernalization requirements not yet fulfilled. Forcing vernalization now (VERN=47.688571).
[2026-03-24 12:26:50,097][pcse.crop.phenology.Vernalisation][INFO] - Critical DVS for vernalization (VERNDVS) reached at day 1984-06-24, but vernalization requirements not yet fulfilled. Forcing vernalization now (VERN=47.688571).
[2026-03-24 12:26:50,110][pcse.crop.phenology.Vernalisation][INFO] - Critical DVS for vernalization (VERNDVS) reached at day 1984-06-25, but vernalization requirements not yet fulfilled. Forcing vernalization now (VERN=47.688571).
[2026-03-24 12:26:50,123][pcse.crop.phenology.Vernalisation][INFO] - Critical DVS for vernalization (VERNDVS) reached at day 1984-06-26, but vernalization requirements not yet fulfilled. Forcing vernalization now (VERN=47.688571).
[2026-03-24 12:26:50,135][pcse.crop.phenology.Vernalisation][INFO] - Critical DVS for vernalization (VERNDVS) reached at day 1984-06-27, but vernalization requirements not yet fulfilled. Forcing vernalization now (VERN=47.688571).
[2026-03-24 12:26:50,148][pcse.crop.phenology.Vernalisation][INFO] - Critical DVS for vernalization (VERNDVS) reached at day 1984-06-28, but vernalization requirements not yet fulfilled. Forcing vernalization now (VERN=47.688571).
[2026-03-24 12:26:50,161][pcse.crop.phenology.Vernalisation][INFO] - Critical DVS for vernalization (VERNDVS) reached at day 1984-06-29, but vernalization requirements not yet fulfilled. Forcing vernalization now (VERN=47.688571).
[2026-03-24 12:26:50,161][pcse.crop.phenology.Annual_Phenology][INFO] - Changed phenological stage 'vegetative' to 'reproductive' on 1984-06-29
[2026-03-24 12:26:51,121][pcse.crop.phenology.Annual_Phenology][INFO] - Changed phenological stage 'reproductive' to 'mature' on 1984-09-13
[2026-03-24 12:26:51,617][pcse.base.timer.Timer][INFO] - Reached end of simulation period as specified by END_DATE.
| train          | E: 37 | S: 8917 | R: -0.4582 | TR: 20.7111 | TF: 128 | LR: 0 | NR: 0 | D: 04.2 s | TD: 00.0 s | BR: 0.0015 | ALOSS: 11070.3990 | CLOSS: 2051774.0687 | TLOSS: -288.1844 | TVAL: 0.1431 | AENT: -2014.3646 | BCLOSS: 0.0000
[EPISODE DBG] episode=37 step=8917 pred_return=-0.465104 true_return=24.957023 total_feedback=128 labeled_feedback=0
[2026-03-24 12:26:51,623][pcse.agromanager.SoilCalendar][INFO] - Starting soil (oregon) with variation (oregon_1) on day 1984-02-01
[2026-03-24 12:26:51,625][pcse.agromanager.CropCalendar][INFO] - Starting crop (wheat) with variety (wheat_1) on day 1984-02-01
[2026-03-24 12:26:52,582][pcse.crop.phenology.Annual_Phenology][INFO] - Changed phenological stage 'emerging' to 'vegetative' on 1984-04-10
[REPLAY DBG] post-agent-update step=9000 n=9000 mean=0.001438 std=0.008546 min=-0.043908 max=0.028845
[STEP DBG] step=9000 env_reward=0.000000 r_hat=-0.004555 done=False
[NORM DBG] count=9000 mean_abs_mean=62596.765625 mean_std=190.530518 min_std=0.001000 max_std=2562.872314
[2026-03-24 12:26:54,029][pcse.crop.phenology.Vernalisation][INFO] - Critical DVS for vernalization (VERNDVS) reached at day 1984-06-02, but vernalization requirements not yet fulfilled. Forcing vernalization now (VERN=47.688571).
[2026-03-24 12:26:54,063][pcse.crop.phenology.Vernalisation][INFO] - Critical DVS for vernalization (VERNDVS) reached at day 1984-06-03, but vernalization requirements not yet fulfilled. Forcing vernalization now (VERN=47.688571).
[2026-03-24 12:26:54,097][pcse.crop.phenology.Vernalisation][INFO] - Critical DVS for vernalization (VERNDVS) reached at day 1984-06-04, but vernalization requirements not yet fulfilled. Forcing vernalization now (VERN=47.688571).
[2026-03-24 12:26:54,132][pcse.crop.phenology.Vernalisation][INFO] - Critical DVS for vernalization (VERNDVS) reached at day 1984-06-05, but vernalization requirements not yet fulfilled. Forcing vernalization now (VERN=47.688571).
[2026-03-24 12:26:54,167][pcse.crop.phenology.Vernalisation][INFO] - Critical DVS for vernalization (VERNDVS) reached at day 1984-06-06, but vernalization requirements not yet fulfilled. Forcing vernalization now (VERN=47.688571).
[2026-03-24 12:26:54,202][pcse.crop.phenology.Vernalisation][INFO] - Critical DVS for vernalization (VERNDVS) reached at day 1984-06-07, but vernalization requirements not yet fulfilled. Forcing vernalization now (VERN=47.688571).
[2026-03-24 12:26:54,236][pcse.crop.phenology.Vernalisation][INFO] - Critical DVS for vernalization (VERNDVS) reached at day 1984-06-08, but vernalization requirements not yet fulfilled. Forcing vernalization now (VERN=47.688571).
[2026-03-24 12:26:54,271][pcse.crop.phenology.Vernalisation][INFO] - Critical DVS for vernalization (VERNDVS) reached at day 1984-06-09, but vernalization requirements not yet fulfilled. Forcing vernalization now (VERN=47.688571).
[2026-03-24 12:26:54,306][pcse.crop.phenology.Vernalisation][INFO] - Critical DVS for vernalization (VERNDVS) reached at day 1984-06-10, but vernalization requirements not yet fulfilled. Forcing vernalization now (VERN=47.688571).
[2026-03-24 12:26:54,341][pcse.crop.phenology.Vernalisation][INFO] - Critical DVS for vernalization (VERNDVS) reached at day 1984-06-11, but vernalization requirements not yet fulfilled. Forcing vernalization now (VERN=47.688571).
[2026-03-24 12:26:54,375][pcse.crop.phenology.Vernalisation][INFO] - Critical DVS for vernalization (VERNDVS) reached at day 1984-06-12, but vernalization requirements not yet fulfilled. Forcing vernalization now (VERN=47.688571).
[2026-03-24 12:26:54,411][pcse.crop.phenology.Vernalisation][INFO] - Critical DVS for vernalization (VERNDVS) reached at day 1984-06-13, but vernalization requirements not yet fulfilled. Forcing vernalization now (VERN=47.688571).
[2026-03-24 12:26:54,445][pcse.crop.phenology.Vernalisation][INFO] - Critical DVS for vernalization (VERNDVS) reached at day 1984-06-14, but vernalization requirements not yet fulfilled. Forcing vernalization now (VERN=47.688571).
[2026-03-24 12:26:54,480][pcse.crop.phenology.Vernalisation][INFO] - Critical DVS for vernalization (VERNDVS) reached at day 1984-06-15, but vernalization requirements not yet fulfilled. Forcing vernalization now (VERN=47.688571).
[2026-03-24 12:26:54,511][pcse.crop.phenology.Vernalisation][INFO] - Critical DVS for vernalization (VERNDVS) reached at day 1984-06-16, but vernalization requirements not yet fulfilled. Forcing vernalization now (VERN=47.688571).
[2026-03-24 12:26:54,545][pcse.crop.phenology.Vernalisation][INFO] - Critical DVS for vernalization (VERNDVS) reached at day 1984-06-17, but vernalization requirements not yet fulfilled. Forcing vernalization now (VERN=47.688571).
[2026-03-24 12:26:54,580][pcse.crop.phenology.Vernalisation][INFO] - Critical DVS for vernalization (VERNDVS) reached at day 1984-06-18, but vernalization requirements not yet fulfilled. Forcing vernalization now (VERN=47.688571).
[2026-03-24 12:26:54,615][pcse.crop.phenology.Vernalisation][INFO] - Critical DVS for vernalization (VERNDVS) reached at day 1984-06-19, but vernalization requirements not yet fulfilled. Forcing vernalization now (VERN=47.688571).
[2026-03-24 12:26:54,650][pcse.crop.phenology.Vernalisation][INFO] - Critical DVS for vernalization (VERNDVS) reached at day 1984-06-20, but vernalization requirements not yet fulfilled. Forcing vernalization now (VERN=47.688571).
[2026-03-24 12:26:54,684][pcse.crop.phenology.Vernalisation][INFO] - Critical DVS for vernalization (VERNDVS) reached at day 1984-06-21, but vernalization requirements not yet fulfilled. Forcing vernalization now (VERN=47.688571).
[2026-03-24 12:26:54,719][pcse.crop.phenology.Vernalisation][INFO] - Critical DVS for vernalization (VERNDVS) reached at day 1984-06-22, but vernalization requirements not yet fulfilled. Forcing vernalization now (VERN=47.688571).
[2026-03-24 12:26:54,754][pcse.crop.phenology.Vernalisation][INFO] - Critical DVS for vernalization (VERNDVS) reached at day 1984-06-23, but vernalization requirements not yet fulfilled. Forcing vernalization now (VERN=47.688571).
[2026-03-24 12:26:54,789][pcse.crop.phenology.Vernalisation][INFO] - Critical DVS for vernalization (VERNDVS) reached at day 1984-06-24, but vernalization requirements not yet fulfilled. Forcing vernalization now (VERN=47.688571).
[2026-03-24 12:26:54,824][pcse.crop.phenology.Vernalisation][INFO] - Critical DVS for vernalization (VERNDVS) reached at day 1984-06-25, but vernalization requirements not yet fulfilled. Forcing vernalization now (VERN=47.688571).
[2026-03-24 12:26:54,854][pcse.crop.phenology.Vernalisation][INFO] - Critical DVS for vernalization (VERNDVS) reached at day 1984-06-26, but vernalization requirements not yet fulfilled. Forcing vernalization now (VERN=47.688571).
[2026-03-24 12:26:54,879][pcse.crop.phenology.Vernalisation][INFO] - Critical DVS for vernalization (VERNDVS) reached at day 1984-06-27, but vernalization requirements not yet fulfilled. Forcing vernalization now (VERN=47.688571).
[2026-03-24 12:26:54,905][pcse.crop.phenology.Vernalisation][INFO] - Critical DVS for vernalization (VERNDVS) reached at day 1984-06-28, but vernalization requirements not yet fulfilled. Forcing vernalization now (VERN=47.688571).
[2026-03-24 12:26:54,928][pcse.crop.phenology.Vernalisation][INFO] - Critical DVS for vernalization (VERNDVS) reached at day 1984-06-29, but vernalization requirements not yet fulfilled. Forcing vernalization now (VERN=47.688571).
[2026-03-24 12:26:54,928][pcse.crop.phenology.Annual_Phenology][INFO] - Changed phenological stage 'vegetative' to 'reproductive' on 1984-06-29
[2026-03-24 12:26:57,110][pcse.crop.phenology.Annual_Phenology][INFO] - Changed phenological stage 'reproductive' to 'mature' on 1984-09-13
[2026-03-24 12:26:57,510][pcse.base.timer.Timer][INFO] - Reached end of simulation period as specified by END_DATE.
| train          | E: 38 | S: 9158 | R: -0.4651 | TR: 24.9570 | TF: 128 | LR: 0 | NR: 0 | D: 05.9 s | TD: 00.0 s | BR: 0.0014 | ALOSS: 11023.3126 | CLOSS: 1637217.8736 | TLOSS: -279.6983 | TVAL: 0.1468 | AENT: -1907.0389 | BCLOSS: 0.0000
[EPISODE DBG] episode=38 step=9158 pred_return=-0.506895 true_return=5.452512 total_feedback=128 labeled_feedback=0
[2026-03-24 12:26:57,518][pcse.agromanager.SoilCalendar][INFO] - Starting soil (oregon) with variation (oregon_1) on day 1984-02-01
[2026-03-24 12:26:57,520][pcse.agromanager.CropCalendar][INFO] - Starting crop (wheat) with variety (wheat_1) on day 1984-02-01
[2026-03-24 12:26:59,542][pcse.crop.phenology.Annual_Phenology][INFO] - Changed phenological stage 'emerging' to 'vegetative' on 1984-04-10
[2026-03-24 12:27:00,799][pcse.crop.phenology.Vernalisation][INFO] - Critical DVS for vernalization (VERNDVS) reached at day 1984-06-02, but vernalization requirements not yet fulfilled. Forcing vernalization now (VERN=47.688571).
[2026-03-24 12:27:00,823][pcse.crop.phenology.Vernalisation][INFO] - Critical DVS for vernalization (VERNDVS) reached at day 1984-06-03, but vernalization requirements not yet fulfilled. Forcing vernalization now (VERN=47.688571).
[2026-03-24 12:27:00,846][pcse.crop.phenology.Vernalisation][INFO] - Critical DVS for vernalization (VERNDVS) reached at day 1984-06-04, but vernalization requirements not yet fulfilled. Forcing vernalization now (VERN=47.688571).
[2026-03-24 12:27:00,870][pcse.crop.phenology.Vernalisation][INFO] - Critical DVS for vernalization (VERNDVS) reached at day 1984-06-05, but vernalization requirements not yet fulfilled. Forcing vernalization now (VERN=47.688571).
[2026-03-24 12:27:00,894][pcse.crop.phenology.Vernalisation][INFO] - Critical DVS for vernalization (VERNDVS) reached at day 1984-06-06, but vernalization requirements not yet fulfilled. Forcing vernalization now (VERN=47.688571).
[2026-03-24 12:27:00,917][pcse.crop.phenology.Vernalisation][INFO] - Critical DVS for vernalization (VERNDVS) reached at day 1984-06-07, but vernalization requirements not yet fulfilled. Forcing vernalization now (VERN=47.688571).
[2026-03-24 12:27:00,941][pcse.crop.phenology.Vernalisation][INFO] - Critical DVS for vernalization (VERNDVS) reached at day 1984-06-08, but vernalization requirements not yet fulfilled. Forcing vernalization now (VERN=47.688571).
[2026-03-24 12:27:00,965][pcse.crop.phenology.Vernalisation][INFO] - Critical DVS for vernalization (VERNDVS) reached at day 1984-06-09, but vernalization requirements not yet fulfilled. Forcing vernalization now (VERN=47.688571).
[2026-03-24 12:27:00,988][pcse.crop.phenology.Vernalisation][INFO] - Critical DVS for vernalization (VERNDVS) reached at day 1984-06-10, but vernalization requirements not yet fulfilled. Forcing vernalization now (VERN=47.688571).
[2026-03-24 12:27:01,012][pcse.crop.phenology.Vernalisation][INFO] - Critical DVS for vernalization (VERNDVS) reached at day 1984-06-11, but vernalization requirements not yet fulfilled. Forcing vernalization now (VERN=47.688571).
[2026-03-24 12:27:01,035][pcse.crop.phenology.Vernalisation][INFO] - Critical DVS for vernalization (VERNDVS) reached at day 1984-06-12, but vernalization requirements not yet fulfilled. Forcing vernalization now (VERN=47.688571).
[2026-03-24 12:27:01,059][pcse.crop.phenology.Vernalisation][INFO] - Critical DVS for vernalization (VERNDVS) reached at day 1984-06-13, but vernalization requirements not yet fulfilled. Forcing vernalization now (VERN=47.688571).
[2026-03-24 12:27:01,083][pcse.crop.phenology.Vernalisation][INFO] - Critical DVS for vernalization (VERNDVS) reached at day 1984-06-14, but vernalization requirements not yet fulfilled. Forcing vernalization now (VERN=47.688571).
[2026-03-24 12:27:01,106][pcse.crop.phenology.Vernalisation][INFO] - Critical DVS for vernalization (VERNDVS) reached at day 1984-06-15, but vernalization requirements not yet fulfilled. Forcing vernalization now (VERN=47.688571).
[2026-03-24 12:27:01,130][pcse.crop.phenology.Vernalisation][INFO] - Critical DVS for vernalization (VERNDVS) reached at day 1984-06-16, but vernalization requirements not yet fulfilled. Forcing vernalization now (VERN=47.688571).
[2026-03-24 12:27:01,153][pcse.crop.phenology.Vernalisation][INFO] - Critical DVS for vernalization (VERNDVS) reached at day 1984-06-17, but vernalization requirements not yet fulfilled. Forcing vernalization now (VERN=47.688571).
[2026-03-24 12:27:01,177][pcse.crop.phenology.Vernalisation][INFO] - Critical DVS for vernalization (VERNDVS) reached at day 1984-06-18, but vernalization requirements not yet fulfilled. Forcing vernalization now (VERN=47.688571).
[2026-03-24 12:27:01,201][pcse.crop.phenology.Vernalisation][INFO] - Critical DVS for vernalization (VERNDVS) reached at day 1984-06-19, but vernalization requirements not yet fulfilled. Forcing vernalization now (VERN=47.688571).
[2026-03-24 12:27:01,225][pcse.crop.phenology.Vernalisation][INFO] - Critical DVS for vernalization (VERNDVS) reached at day 1984-06-20, but vernalization requirements not yet fulfilled. Forcing vernalization now (VERN=47.688571).
[2026-03-24 12:27:01,248][pcse.crop.phenology.Vernalisation][INFO] - Critical DVS for vernalization (VERNDVS) reached at day 1984-06-21, but vernalization requirements not yet fulfilled. Forcing vernalization now (VERN=47.688571).
[2026-03-24 12:27:01,272][pcse.crop.phenology.Vernalisation][INFO] - Critical DVS for vernalization (VERNDVS) reached at day 1984-06-22, but vernalization requirements not yet fulfilled. Forcing vernalization now (VERN=47.688571).
[2026-03-24 12:27:01,294][pcse.crop.phenology.Vernalisation][INFO] - Critical DVS for vernalization (VERNDVS) reached at day 1984-06-23, but vernalization requirements not yet fulfilled. Forcing vernalization now (VERN=47.688571).
[2026-03-24 12:27:01,625][pcse.crop.phenology.Vernalisation][INFO] - Critical DVS for vernalization (VERNDVS) reached at day 1984-06-24, but vernalization requirements not yet fulfilled. Forcing vernalization now (VERN=47.688571).
[2026-03-24 12:27:01,674][pcse.crop.phenology.Vernalisation][INFO] - Critical DVS for vernalization (VERNDVS) reached at day 1984-06-25, but vernalization requirements not yet fulfilled. Forcing vernalization now (VERN=47.688571).
[2026-03-24 12:27:01,710][pcse.crop.phenology.Vernalisation][INFO] - Critical DVS for vernalization (VERNDVS) reached at day 1984-06-26, but vernalization requirements not yet fulfilled. Forcing vernalization now (VERN=47.688571).
[2026-03-24 12:27:01,733][pcse.crop.phenology.Vernalisation][INFO] - Critical DVS for vernalization (VERNDVS) reached at day 1984-06-27, but vernalization requirements not yet fulfilled. Forcing vernalization now (VERN=47.688571).
[2026-03-24 12:27:01,757][pcse.crop.phenology.Vernalisation][INFO] - Critical DVS for vernalization (VERNDVS) reached at day 1984-06-28, but vernalization requirements not yet fulfilled. Forcing vernalization now (VERN=47.688571).
[2026-03-24 12:27:01,780][pcse.crop.phenology.Vernalisation][INFO] - Critical DVS for vernalization (VERNDVS) reached at day 1984-06-29, but vernalization requirements not yet fulfilled. Forcing vernalization now (VERN=47.688571).
[2026-03-24 12:27:01,781][pcse.crop.phenology.Annual_Phenology][INFO] - Changed phenological stage 'vegetative' to 'reproductive' on 1984-06-29
[2026-03-24 12:27:03,572][pcse.crop.phenology.Annual_Phenology][INFO] - Changed phenological stage 'reproductive' to 'mature' on 1984-09-13
[2026-03-24 12:27:03,974][pcse.base.timer.Timer][INFO] - Reached end of simulation period as specified by END_DATE.
| train          | E: 39 | S: 9399 | R: -0.5069 | TR: 5.4525 | TF: 128 | LR: 0 | NR: 0 | D: 06.5 s | TD: 00.0 s | BR: 0.0013 | ALOSS: 11030.6597 | CLOSS: 1583646.0630 | TLOSS: -272.5638 | TVAL: 0.1502 | AENT: -1816.3483 | BCLOSS: 0.0000
[EPISODE DBG] episode=39 step=9399 pred_return=-0.485239 true_return=41.488007 total_feedback=128 labeled_feedback=0
[2026-03-24 12:27:03,983][pcse.agromanager.SoilCalendar][INFO] - Starting soil (oregon) with variation (oregon_1) on day 1984-02-01
[2026-03-24 12:27:03,985][pcse.agromanager.CropCalendar][INFO] - Starting crop (wheat) with variety (wheat_1) on day 1984-02-01
[2026-03-24 12:27:06,065][pcse.crop.phenology.Annual_Phenology][INFO] - Changed phenological stage 'emerging' to 'vegetative' on 1984-04-10
[REPLAY DBG] post-agent-update step=9500 n=9500 mean=0.001260 std=0.008468 min=-0.043908 max=0.028845
[STEP DBG] step=9500 env_reward=0.000000 r_hat=-0.000935 done=False
[NORM DBG] count=9500 mean_abs_mean=62592.582031 mean_std=186.714981 min_std=0.001000 max_std=2506.018555
[2026-03-24 12:27:07,559][pcse.crop.phenology.Vernalisation][INFO] - Critical DVS for vernalization (VERNDVS) reached at day 1984-06-02, but vernalization requirements not yet fulfilled. Forcing vernalization now (VERN=47.688571).
[2026-03-24 12:27:07,583][pcse.crop.phenology.Vernalisation][INFO] - Critical DVS for vernalization (VERNDVS) reached at day 1984-06-03, but vernalization requirements not yet fulfilled. Forcing vernalization now (VERN=47.688571).
[2026-03-24 12:27:07,606][pcse.crop.phenology.Vernalisation][INFO] - Critical DVS for vernalization (VERNDVS) reached at day 1984-06-04, but vernalization requirements not yet fulfilled. Forcing vernalization now (VERN=47.688571).
[2026-03-24 12:27:07,630][pcse.crop.phenology.Vernalisation][INFO] - Critical DVS for vernalization (VERNDVS) reached at day 1984-06-05, but vernalization requirements not yet fulfilled. Forcing vernalization now (VERN=47.688571).
[2026-03-24 12:27:07,653][pcse.crop.phenology.Vernalisation][INFO] - Critical DVS for vernalization (VERNDVS) reached at day 1984-06-06, but vernalization requirements not yet fulfilled. Forcing vernalization now (VERN=47.688571).
[2026-03-24 12:27:07,677][pcse.crop.phenology.Vernalisation][INFO] - Critical DVS for vernalization (VERNDVS) reached at day 1984-06-07, but vernalization requirements not yet fulfilled. Forcing vernalization now (VERN=47.688571).
[2026-03-24 12:27:07,701][pcse.crop.phenology.Vernalisation][INFO] - Critical DVS for vernalization (VERNDVS) reached at day 1984-06-08, but vernalization requirements not yet fulfilled. Forcing vernalization now (VERN=47.688571).
[2026-03-24 12:27:07,724][pcse.crop.phenology.Vernalisation][INFO] - Critical DVS for vernalization (VERNDVS) reached at day 1984-06-09, but vernalization requirements not yet fulfilled. Forcing vernalization now (VERN=47.688571).
[2026-03-24 12:27:07,747][pcse.crop.phenology.Vernalisation][INFO] - Critical DVS for vernalization (VERNDVS) reached at day 1984-06-10, but vernalization requirements not yet fulfilled. Forcing vernalization now (VERN=47.688571).
[2026-03-24 12:27:07,772][pcse.crop.phenology.Vernalisation][INFO] - Critical DVS for vernalization (VERNDVS) reached at day 1984-06-11, but vernalization requirements not yet fulfilled. Forcing vernalization now (VERN=47.688571).
[2026-03-24 12:27:07,795][pcse.crop.phenology.Vernalisation][INFO] - Critical DVS for vernalization (VERNDVS) reached at day 1984-06-12, but vernalization requirements not yet fulfilled. Forcing vernalization now (VERN=47.688571).
[2026-03-24 12:27:07,818][pcse.crop.phenology.Vernalisation][INFO] - Critical DVS for vernalization (VERNDVS) reached at day 1984-06-13, but vernalization requirements not yet fulfilled. Forcing vernalization now (VERN=47.688571).
[2026-03-24 12:27:07,842][pcse.crop.phenology.Vernalisation][INFO] - Critical DVS for vernalization (VERNDVS) reached at day 1984-06-14, but vernalization requirements not yet fulfilled. Forcing vernalization now (VERN=47.688571).
[2026-03-24 12:27:07,866][pcse.crop.phenology.Vernalisation][INFO] - Critical DVS for vernalization (VERNDVS) reached at day 1984-06-15, but vernalization requirements not yet fulfilled. Forcing vernalization now (VERN=47.688571).
[2026-03-24 12:27:07,889][pcse.crop.phenology.Vernalisation][INFO] - Critical DVS for vernalization (VERNDVS) reached at day 1984-06-16, but vernalization requirements not yet fulfilled. Forcing vernalization now (VERN=47.688571).
[2026-03-24 12:27:07,913][pcse.crop.phenology.Vernalisation][INFO] - Critical DVS for vernalization (VERNDVS) reached at day 1984-06-17, but vernalization requirements not yet fulfilled. Forcing vernalization now (VERN=47.688571).
[2026-03-24 12:27:07,936][pcse.crop.phenology.Vernalisation][INFO] - Critical DVS for vernalization (VERNDVS) reached at day 1984-06-18, but vernalization requirements not yet fulfilled. Forcing vernalization now (VERN=47.688571).
[2026-03-24 12:27:07,960][pcse.crop.phenology.Vernalisation][INFO] - Critical DVS for vernalization (VERNDVS) reached at day 1984-06-19, but vernalization requirements not yet fulfilled. Forcing vernalization now (VERN=47.688571).
[2026-03-24 12:27:07,982][pcse.crop.phenology.Vernalisation][INFO] - Critical DVS for vernalization (VERNDVS) reached at day 1984-06-20, but vernalization requirements not yet fulfilled. Forcing vernalization now (VERN=47.688571).
[2026-03-24 12:27:08,006][pcse.crop.phenology.Vernalisation][INFO] - Critical DVS for vernalization (VERNDVS) reached at day 1984-06-21, but vernalization requirements not yet fulfilled. Forcing vernalization now (VERN=47.688571).
[2026-03-24 12:27:08,029][pcse.crop.phenology.Vernalisation][INFO] - Critical DVS for vernalization (VERNDVS) reached at day 1984-06-22, but vernalization requirements not yet fulfilled. Forcing vernalization now (VERN=47.688571).
[2026-03-24 12:27:08,053][pcse.crop.phenology.Vernalisation][INFO] - Critical DVS for vernalization (VERNDVS) reached at day 1984-06-23, but vernalization requirements not yet fulfilled. Forcing vernalization now (VERN=47.688571).
[2026-03-24 12:27:08,077][pcse.crop.phenology.Vernalisation][INFO] - Critical DVS for vernalization (VERNDVS) reached at day 1984-06-24, but vernalization requirements not yet fulfilled. Forcing vernalization now (VERN=47.688571).
[2026-03-24 12:27:08,100][pcse.crop.phenology.Vernalisation][INFO] - Critical DVS for vernalization (VERNDVS) reached at day 1984-06-25, but vernalization requirements not yet fulfilled. Forcing vernalization now (VERN=47.688571).
[2026-03-24 12:27:08,124][pcse.crop.phenology.Vernalisation][INFO] - Critical DVS for vernalization (VERNDVS) reached at day 1984-06-26, but vernalization requirements not yet fulfilled. Forcing vernalization now (VERN=47.688571).
[2026-03-24 12:27:08,148][pcse.crop.phenology.Vernalisation][INFO] - Critical DVS for vernalization (VERNDVS) reached at day 1984-06-27, but vernalization requirements not yet fulfilled. Forcing vernalization now (VERN=47.688571).
[2026-03-24 12:27:08,172][pcse.crop.phenology.Vernalisation][INFO] - Critical DVS for vernalization (VERNDVS) reached at day 1984-06-28, but vernalization requirements not yet fulfilled. Forcing vernalization now (VERN=47.688571).
[2026-03-24 12:27:08,196][pcse.crop.phenology.Vernalisation][INFO] - Critical DVS for vernalization (VERNDVS) reached at day 1984-06-29, but vernalization requirements not yet fulfilled. Forcing vernalization now (VERN=47.688571).
[2026-03-24 12:27:08,196][pcse.crop.phenology.Annual_Phenology][INFO] - Changed phenological stage 'vegetative' to 'reproductive' on 1984-06-29
[2026-03-24 12:27:10,364][pcse.crop.phenology.Annual_Phenology][INFO] - Changed phenological stage 'reproductive' to 'mature' on 1984-09-13
[2026-03-24 12:27:10,764][pcse.base.timer.Timer][INFO] - Reached end of simulation period as specified by END_DATE.
| train          | E: 40 | S: 9640 | R: -0.4852 | TR: 41.4880 | TF: 128 | LR: 0 | NR: 0 | D: 06.8 s | TD: 00.0 s | BR: 0.0013 | ALOSS: 11091.2715 | CLOSS: 1528877.7713 | TLOSS: -271.6065 | TVAL: 0.1535 | AENT: -1770.8890 | BCLOSS: 0.0000
[EPISODE DBG] episode=40 step=9640 pred_return=-0.422973 true_return=44.858107 total_feedback=128 labeled_feedback=0
[2026-03-24 12:27:10,773][pcse.agromanager.SoilCalendar][INFO] - Starting soil (oregon) with variation (oregon_1) on day 1984-02-01
[2026-03-24 12:27:10,775][pcse.agromanager.CropCalendar][INFO] - Starting crop (wheat) with variety (wheat_1) on day 1984-02-01
[2026-03-24 12:27:12,833][pcse.crop.phenology.Annual_Phenology][INFO] - Changed phenological stage 'emerging' to 'vegetative' on 1984-04-10
[2026-03-24 12:27:14,079][pcse.crop.phenology.Vernalisation][INFO] - Critical DVS for vernalization (VERNDVS) reached at day 1984-06-02, but vernalization requirements not yet fulfilled. Forcing vernalization now (VERN=47.688571).
[2026-03-24 12:27:14,102][pcse.crop.phenology.Vernalisation][INFO] - Critical DVS for vernalization (VERNDVS) reached at day 1984-06-03, but vernalization requirements not yet fulfilled. Forcing vernalization now (VERN=47.688571).
[2026-03-24 12:27:14,125][pcse.crop.phenology.Vernalisation][INFO] - Critical DVS for vernalization (VERNDVS) reached at day 1984-06-04, but vernalization requirements not yet fulfilled. Forcing vernalization now (VERN=47.688571).
[2026-03-24 12:27:14,149][pcse.crop.phenology.Vernalisation][INFO] - Critical DVS for vernalization (VERNDVS) reached at day 1984-06-05, but vernalization requirements not yet fulfilled. Forcing vernalization now (VERN=47.688571).
[2026-03-24 12:27:14,173][pcse.crop.phenology.Vernalisation][INFO] - Critical DVS for vernalization (VERNDVS) reached at day 1984-06-06, but vernalization requirements not yet fulfilled. Forcing vernalization now (VERN=47.688571).
[2026-03-24 12:27:14,196][pcse.crop.phenology.Vernalisation][INFO] - Critical DVS for vernalization (VERNDVS) reached at day 1984-06-07, but vernalization requirements not yet fulfilled. Forcing vernalization now (VERN=47.688571).
[2026-03-24 12:27:14,220][pcse.crop.phenology.Vernalisation][INFO] - Critical DVS for vernalization (VERNDVS) reached at day 1984-06-08, but vernalization requirements not yet fulfilled. Forcing vernalization now (VERN=47.688571).
[2026-03-24 12:27:14,243][pcse.crop.phenology.Vernalisation][INFO] - Critical DVS for vernalization (VERNDVS) reached at day 1984-06-09, but vernalization requirements not yet fulfilled. Forcing vernalization now (VERN=47.688571).
[2026-03-24 12:27:14,267][pcse.crop.phenology.Vernalisation][INFO] - Critical DVS for vernalization (VERNDVS) reached at day 1984-06-10, but vernalization requirements not yet fulfilled. Forcing vernalization now (VERN=47.688571).
[2026-03-24 12:27:14,291][pcse.crop.phenology.Vernalisation][INFO] - Critical DVS for vernalization (VERNDVS) reached at day 1984-06-11, but vernalization requirements not yet fulfilled. Forcing vernalization now (VERN=47.688571).
[2026-03-24 12:27:14,314][pcse.crop.phenology.Vernalisation][INFO] - Critical DVS for vernalization (VERNDVS) reached at day 1984-06-12, but vernalization requirements not yet fulfilled. Forcing vernalization now (VERN=47.688571).
[2026-03-24 12:27:14,338][pcse.crop.phenology.Vernalisation][INFO] - Critical DVS for vernalization (VERNDVS) reached at day 1984-06-13, but vernalization requirements not yet fulfilled. Forcing vernalization now (VERN=47.688571).
[2026-03-24 12:27:14,361][pcse.crop.phenology.Vernalisation][INFO] - Critical DVS for vernalization (VERNDVS) reached at day 1984-06-14, but vernalization requirements not yet fulfilled. Forcing vernalization now (VERN=47.688571).
[2026-03-24 12:27:14,384][pcse.crop.phenology.Vernalisation][INFO] - Critical DVS for vernalization (VERNDVS) reached at day 1984-06-15, but vernalization requirements not yet fulfilled. Forcing vernalization now (VERN=47.688571).
[2026-03-24 12:27:14,408][pcse.crop.phenology.Vernalisation][INFO] - Critical DVS for vernalization (VERNDVS) reached at day 1984-06-16, but vernalization requirements not yet fulfilled. Forcing vernalization now (VERN=47.688571).
[2026-03-24 12:27:14,431][pcse.crop.phenology.Vernalisation][INFO] - Critical DVS for vernalization (VERNDVS) reached at day 1984-06-17, but vernalization requirements not yet fulfilled. Forcing vernalization now (VERN=47.688571).
[2026-03-24 12:27:14,455][pcse.crop.phenology.Vernalisation][INFO] - Critical DVS for vernalization (VERNDVS) reached at day 1984-06-18, but vernalization requirements not yet fulfilled. Forcing vernalization now (VERN=47.688571).
[2026-03-24 12:27:14,478][pcse.crop.phenology.Vernalisation][INFO] - Critical DVS for vernalization (VERNDVS) reached at day 1984-06-19, but vernalization requirements not yet fulfilled. Forcing vernalization now (VERN=47.688571).
[2026-03-24 12:27:14,502][pcse.crop.phenology.Vernalisation][INFO] - Critical DVS for vernalization (VERNDVS) reached at day 1984-06-20, but vernalization requirements not yet fulfilled. Forcing vernalization now (VERN=47.688571).
[2026-03-24 12:27:14,525][pcse.crop.phenology.Vernalisation][INFO] - Critical DVS for vernalization (VERNDVS) reached at day 1984-06-21, but vernalization requirements not yet fulfilled. Forcing vernalization now (VERN=47.688571).
[2026-03-24 12:27:14,548][pcse.crop.phenology.Vernalisation][INFO] - Critical DVS for vernalization (VERNDVS) reached at day 1984-06-22, but vernalization requirements not yet fulfilled. Forcing vernalization now (VERN=47.688571).
[2026-03-24 12:27:14,572][pcse.crop.phenology.Vernalisation][INFO] - Critical DVS for vernalization (VERNDVS) reached at day 1984-06-23, but vernalization requirements not yet fulfilled. Forcing vernalization now (VERN=47.688571).
[2026-03-24 12:27:14,595][pcse.crop.phenology.Vernalisation][INFO] - Critical DVS for vernalization (VERNDVS) reached at day 1984-06-24, but vernalization requirements not yet fulfilled. Forcing vernalization now (VERN=47.688571).
[2026-03-24 12:27:14,619][pcse.crop.phenology.Vernalisation][INFO] - Critical DVS for vernalization (VERNDVS) reached at day 1984-06-25, but vernalization requirements not yet fulfilled. Forcing vernalization now (VERN=47.688571).
[2026-03-24 12:27:14,643][pcse.crop.phenology.Vernalisation][INFO] - Critical DVS for vernalization (VERNDVS) reached at day 1984-06-26, but vernalization requirements not yet fulfilled. Forcing vernalization now (VERN=47.688571).
[2026-03-24 12:27:14,666][pcse.crop.phenology.Vernalisation][INFO] - Critical DVS for vernalization (VERNDVS) reached at day 1984-06-27, but vernalization requirements not yet fulfilled. Forcing vernalization now (VERN=47.688571).
[2026-03-24 12:27:14,690][pcse.crop.phenology.Vernalisation][INFO] - Critical DVS for vernalization (VERNDVS) reached at day 1984-06-28, but vernalization requirements not yet fulfilled. Forcing vernalization now (VERN=47.688571).
[2026-03-24 12:27:14,713][pcse.crop.phenology.Vernalisation][INFO] - Critical DVS for vernalization (VERNDVS) reached at day 1984-06-29, but vernalization requirements not yet fulfilled. Forcing vernalization now (VERN=47.688571).
[2026-03-24 12:27:14,713][pcse.crop.phenology.Annual_Phenology][INFO] - Changed phenological stage 'vegetative' to 'reproductive' on 1984-06-29
[2026-03-24 12:27:16,997][pcse.crop.phenology.Annual_Phenology][INFO] - Changed phenological stage 'reproductive' to 'mature' on 1984-09-13
[2026-03-24 12:27:17,233][pcse.base.timer.Timer][INFO] - Reached end of simulation period as specified by END_DATE.
| train          | E: 41 | S: 9881 | R: -0.4230 | TR: 44.8581 | TF: 128 | LR: 0 | NR: 0 | D: 06.5 s | TD: 00.0 s | BR: 0.0012 | ALOSS: 11168.2813 | CLOSS: 1304979.9897 | TLOSS: -332.5183 | TVAL: 0.1571 | AENT: -2117.7991 | BCLOSS: 0.0000
[EPISODE DBG] episode=41 step=9881 pred_return=-0.411660 true_return=42.954051 total_feedback=128 labeled_feedback=0
[2026-03-24 12:27:17,238][pcse.agromanager.SoilCalendar][INFO] - Starting soil (oregon) with variation (oregon_1) on day 1984-02-01
[2026-03-24 12:27:17,239][pcse.agromanager.CropCalendar][INFO] - Starting crop (wheat) with variety (wheat_1) on day 1984-02-01
[2026-03-24 12:27:18,567][pcse.crop.phenology.Annual_Phenology][INFO] - Changed phenological stage 'emerging' to 'vegetative' on 1984-04-10
[REPLAY DBG] post-agent-update step=10000 n=10000 mean=0.001116 std=0.008389 min=-0.043908 max=0.028845
[STEP DBG] step=10000 env_reward=0.000000 r_hat=-0.008109 done=False
[NORM DBG] count=10000 mean_abs_mean=62588.820312 mean_std=183.106796 min_std=0.001000 max_std=2452.609131
[2026-03-24 12:27:19,525][pcse.crop.phenology.Vernalisation][INFO] - Critical DVS for vernalization (VERNDVS) reached at day 1984-06-02, but vernalization requirements not yet fulfilled. Forcing vernalization now (VERN=47.688571).
[2026-03-24 12:27:19,540][pcse.crop.phenology.Vernalisation][INFO] - Critical DVS for vernalization (VERNDVS) reached at day 1984-06-03, but vernalization requirements not yet fulfilled. Forcing vernalization now (VERN=47.688571).
[2026-03-24 12:27:19,555][pcse.crop.phenology.Vernalisation][INFO] - Critical DVS for vernalization (VERNDVS) reached at day 1984-06-04, but vernalization requirements not yet fulfilled. Forcing vernalization now (VERN=47.688571).
[2026-03-24 12:27:19,571][pcse.crop.phenology.Vernalisation][INFO] - Critical DVS for vernalization (VERNDVS) reached at day 1984-06-05, but vernalization requirements not yet fulfilled. Forcing vernalization now (VERN=47.688571).
[2026-03-24 12:27:19,585][pcse.crop.phenology.Vernalisation][INFO] - Critical DVS for vernalization (VERNDVS) reached at day 1984-06-06, but vernalization requirements not yet fulfilled. Forcing vernalization now (VERN=47.688571).
[2026-03-24 12:27:19,600][pcse.crop.phenology.Vernalisation][INFO] - Critical DVS for vernalization (VERNDVS) reached at day 1984-06-07, but vernalization requirements not yet fulfilled. Forcing vernalization now (VERN=47.688571).
[2026-03-24 12:27:19,613][pcse.crop.phenology.Vernalisation][INFO] - Critical DVS for vernalization (VERNDVS) reached at day 1984-06-08, but vernalization requirements not yet fulfilled. Forcing vernalization now (VERN=47.688571).
[2026-03-24 12:27:19,626][pcse.crop.phenology.Vernalisation][INFO] - Critical DVS for vernalization (VERNDVS) reached at day 1984-06-09, but vernalization requirements not yet fulfilled. Forcing vernalization now (VERN=47.688571).
[2026-03-24 12:27:19,640][pcse.crop.phenology.Vernalisation][INFO] - Critical DVS for vernalization (VERNDVS) reached at day 1984-06-10, but vernalization requirements not yet fulfilled. Forcing vernalization now (VERN=47.688571).
[2026-03-24 12:27:19,654][pcse.crop.phenology.Vernalisation][INFO] - Critical DVS for vernalization (VERNDVS) reached at day 1984-06-11, but vernalization requirements not yet fulfilled. Forcing vernalization now (VERN=47.688571).
[2026-03-24 12:27:19,667][pcse.crop.phenology.Vernalisation][INFO] - Critical DVS for vernalization (VERNDVS) reached at day 1984-06-12, but vernalization requirements not yet fulfilled. Forcing vernalization now (VERN=47.688571).
[2026-03-24 12:27:19,683][pcse.crop.phenology.Vernalisation][INFO] - Critical DVS for vernalization (VERNDVS) reached at day 1984-06-13, but vernalization requirements not yet fulfilled. Forcing vernalization now (VERN=47.688571).
[2026-03-24 12:27:19,703][pcse.crop.phenology.Vernalisation][INFO] - Critical DVS for vernalization (VERNDVS) reached at day 1984-06-14, but vernalization requirements not yet fulfilled. Forcing vernalization now (VERN=47.688571).
[2026-03-24 12:27:19,719][pcse.crop.phenology.Vernalisation][INFO] - Critical DVS for vernalization (VERNDVS) reached at day 1984-06-15, but vernalization requirements not yet fulfilled. Forcing vernalization now (VERN=47.688571).
[2026-03-24 12:27:19,734][pcse.crop.phenology.Vernalisation][INFO] - Critical DVS for vernalization (VERNDVS) reached at day 1984-06-16, but vernalization requirements not yet fulfilled. Forcing vernalization now (VERN=47.688571).
[2026-03-24 12:27:19,750][pcse.crop.phenology.Vernalisation][INFO] - Critical DVS for vernalization (VERNDVS) reached at day 1984-06-17, but vernalization requirements not yet fulfilled. Forcing vernalization now (VERN=47.688571).
[2026-03-24 12:27:19,765][pcse.crop.phenology.Vernalisation][INFO] - Critical DVS for vernalization (VERNDVS) reached at day 1984-06-18, but vernalization requirements not yet fulfilled. Forcing vernalization now (VERN=47.688571).
[2026-03-24 12:27:19,781][pcse.crop.phenology.Vernalisation][INFO] - Critical DVS for vernalization (VERNDVS) reached at day 1984-06-19, but vernalization requirements not yet fulfilled. Forcing vernalization now (VERN=47.688571).
[2026-03-24 12:27:19,796][pcse.crop.phenology.Vernalisation][INFO] - Critical DVS for vernalization (VERNDVS) reached at day 1984-06-20, but vernalization requirements not yet fulfilled. Forcing vernalization now (VERN=47.688571).
[2026-03-24 12:27:19,812][pcse.crop.phenology.Vernalisation][INFO] - Critical DVS for vernalization (VERNDVS) reached at day 1984-06-21, but vernalization requirements not yet fulfilled. Forcing vernalization now (VERN=47.688571).
[2026-03-24 12:27:19,828][pcse.crop.phenology.Vernalisation][INFO] - Critical DVS for vernalization (VERNDVS) reached at day 1984-06-22, but vernalization requirements not yet fulfilled. Forcing vernalization now (VERN=47.688571).
[2026-03-24 12:27:19,843][pcse.crop.phenology.Vernalisation][INFO] - Critical DVS for vernalization (VERNDVS) reached at day 1984-06-23, but vernalization requirements not yet fulfilled. Forcing vernalization now (VERN=47.688571).
[2026-03-24 12:27:19,859][pcse.crop.phenology.Vernalisation][INFO] - Critical DVS for vernalization (VERNDVS) reached at day 1984-06-24, but vernalization requirements not yet fulfilled. Forcing vernalization now (VERN=47.688571).
[2026-03-24 12:27:19,875][pcse.crop.phenology.Vernalisation][INFO] - Critical DVS for vernalization (VERNDVS) reached at day 1984-06-25, but vernalization requirements not yet fulfilled. Forcing vernalization now (VERN=47.688571).
[2026-03-24 12:27:19,890][pcse.crop.phenology.Vernalisation][INFO] - Critical DVS for vernalization (VERNDVS) reached at day 1984-06-26, but vernalization requirements not yet fulfilled. Forcing vernalization now (VERN=47.688571).
[2026-03-24 12:27:19,905][pcse.crop.phenology.Vernalisation][INFO] - Critical DVS for vernalization (VERNDVS) reached at day 1984-06-27, but vernalization requirements not yet fulfilled. Forcing vernalization now (VERN=47.688571).
[2026-03-24 12:27:19,921][pcse.crop.phenology.Vernalisation][INFO] - Critical DVS for vernalization (VERNDVS) reached at day 1984-06-28, but vernalization requirements not yet fulfilled. Forcing vernalization now (VERN=47.688571).
[2026-03-24 12:27:19,936][pcse.crop.phenology.Vernalisation][INFO] - Critical DVS for vernalization (VERNDVS) reached at day 1984-06-29, but vernalization requirements not yet fulfilled. Forcing vernalization now (VERN=47.688571).
[2026-03-24 12:27:19,937][pcse.crop.phenology.Annual_Phenology][INFO] - Changed phenological stage 'vegetative' to 'reproductive' on 1984-06-29
[2026-03-24 12:27:21,254][pcse.crop.phenology.Annual_Phenology][INFO] - Changed phenological stage 'reproductive' to 'mature' on 1984-09-13
[2026-03-24 12:27:21,499][pcse.base.timer.Timer][INFO] - Reached end of simulation period as specified by END_DATE.
| train          | E: 42 | S: 10122 | R: -0.4117 | TR: 42.9541 | TF: 128 | LR: 0 | NR: 0 | D: 04.3 s | TD: 00.0 s | BR: 0.0011 | ALOSS: 11299.0517 | CLOSS: 1316208.4274 | TLOSS: -334.9793 | TVAL: 0.1610 | AENT: -2081.5700 | BCLOSS: 0.0000
[EPISODE DBG] episode=42 step=10122 pred_return=-0.455768 true_return=22.107560 total_feedback=128 labeled_feedback=0
[2026-03-24 12:27:21,504][pcse.agromanager.SoilCalendar][INFO] - Starting soil (oregon) with variation (oregon_1) on day 1984-02-01
[2026-03-24 12:27:21,506][pcse.agromanager.CropCalendar][INFO] - Starting crop (wheat) with variety (wheat_1) on day 1984-02-01
[2026-03-24 12:27:22,517][pcse.crop.phenology.Annual_Phenology][INFO] - Changed phenological stage 'emerging' to 'vegetative' on 1984-04-10
[2026-03-24 12:27:23,376][pcse.crop.phenology.Vernalisation][INFO] - Critical DVS for vernalization (VERNDVS) reached at day 1984-06-02, but vernalization requirements not yet fulfilled. Forcing vernalization now (VERN=47.688571).
[2026-03-24 12:27:23,390][pcse.crop.phenology.Vernalisation][INFO] - Critical DVS for vernalization (VERNDVS) reached at day 1984-06-03, but vernalization requirements not yet fulfilled. Forcing vernalization now (VERN=47.688571).
[2026-03-24 12:27:23,404][pcse.crop.phenology.Vernalisation][INFO] - Critical DVS for vernalization (VERNDVS) reached at day 1984-06-04, but vernalization requirements not yet fulfilled. Forcing vernalization now (VERN=47.688571).
[2026-03-24 12:27:23,418][pcse.crop.phenology.Vernalisation][INFO] - Critical DVS for vernalization (VERNDVS) reached at day 1984-06-05, but vernalization requirements not yet fulfilled. Forcing vernalization now (VERN=47.688571).
[2026-03-24 12:27:23,431][pcse.crop.phenology.Vernalisation][INFO] - Critical DVS for vernalization (VERNDVS) reached at day 1984-06-06, but vernalization requirements not yet fulfilled. Forcing vernalization now (VERN=47.688571).
[2026-03-24 12:27:23,445][pcse.crop.phenology.Vernalisation][INFO] - Critical DVS for vernalization (VERNDVS) reached at day 1984-06-07, but vernalization requirements not yet fulfilled. Forcing vernalization now (VERN=47.688571).
[2026-03-24 12:27:23,458][pcse.crop.phenology.Vernalisation][INFO] - Critical DVS for vernalization (VERNDVS) reached at day 1984-06-08, but vernalization requirements not yet fulfilled. Forcing vernalization now (VERN=47.688571).
[2026-03-24 12:27:23,472][pcse.crop.phenology.Vernalisation][INFO] - Critical DVS for vernalization (VERNDVS) reached at day 1984-06-09, but vernalization requirements not yet fulfilled. Forcing vernalization now (VERN=47.688571).
[2026-03-24 12:27:23,486][pcse.crop.phenology.Vernalisation][INFO] - Critical DVS for vernalization (VERNDVS) reached at day 1984-06-10, but vernalization requirements not yet fulfilled. Forcing vernalization now (VERN=47.688571).
[2026-03-24 12:27:23,500][pcse.crop.phenology.Vernalisation][INFO] - Critical DVS for vernalization (VERNDVS) reached at day 1984-06-11, but vernalization requirements not yet fulfilled. Forcing vernalization now (VERN=47.688571).
[2026-03-24 12:27:23,514][pcse.crop.phenology.Vernalisation][INFO] - Critical DVS for vernalization (VERNDVS) reached at day 1984-06-12, but vernalization requirements not yet fulfilled. Forcing vernalization now (VERN=47.688571).
[2026-03-24 12:27:23,528][pcse.crop.phenology.Vernalisation][INFO] - Critical DVS for vernalization (VERNDVS) reached at day 1984-06-13, but vernalization requirements not yet fulfilled. Forcing vernalization now (VERN=47.688571).
[2026-03-24 12:27:23,542][pcse.crop.phenology.Vernalisation][INFO] - Critical DVS for vernalization (VERNDVS) reached at day 1984-06-14, but vernalization requirements not yet fulfilled. Forcing vernalization now (VERN=47.688571).
[2026-03-24 12:27:23,555][pcse.crop.phenology.Vernalisation][INFO] - Critical DVS for vernalization (VERNDVS) reached at day 1984-06-15, but vernalization requirements not yet fulfilled. Forcing vernalization now (VERN=47.688571).
[2026-03-24 12:27:23,569][pcse.crop.phenology.Vernalisation][INFO] - Critical DVS for vernalization (VERNDVS) reached at day 1984-06-16, but vernalization requirements not yet fulfilled. Forcing vernalization now (VERN=47.688571).
[2026-03-24 12:27:23,583][pcse.crop.phenology.Vernalisation][INFO] - Critical DVS for vernalization (VERNDVS) reached at day 1984-06-17, but vernalization requirements not yet fulfilled. Forcing vernalization now (VERN=47.688571).
[2026-03-24 12:27:23,596][pcse.crop.phenology.Vernalisation][INFO] - Critical DVS for vernalization (VERNDVS) reached at day 1984-06-18, but vernalization requirements not yet fulfilled. Forcing vernalization now (VERN=47.688571).
[2026-03-24 12:27:23,610][pcse.crop.phenology.Vernalisation][INFO] - Critical DVS for vernalization (VERNDVS) reached at day 1984-06-19, but vernalization requirements not yet fulfilled. Forcing vernalization now (VERN=47.688571).
[2026-03-24 12:27:23,624][pcse.crop.phenology.Vernalisation][INFO] - Critical DVS for vernalization (VERNDVS) reached at day 1984-06-20, but vernalization requirements not yet fulfilled. Forcing vernalization now (VERN=47.688571).
[2026-03-24 12:27:23,637][pcse.crop.phenology.Vernalisation][INFO] - Critical DVS for vernalization (VERNDVS) reached at day 1984-06-21, but vernalization requirements not yet fulfilled. Forcing vernalization now (VERN=47.688571).
[2026-03-24 12:27:23,651][pcse.crop.phenology.Vernalisation][INFO] - Critical DVS for vernalization (VERNDVS) reached at day 1984-06-22, but vernalization requirements not yet fulfilled. Forcing vernalization now (VERN=47.688571).
[2026-03-24 12:27:23,664][pcse.crop.phenology.Vernalisation][INFO] - Critical DVS for vernalization (VERNDVS) reached at day 1984-06-23, but vernalization requirements not yet fulfilled. Forcing vernalization now (VERN=47.688571).
[2026-03-24 12:27:23,678][pcse.crop.phenology.Vernalisation][INFO] - Critical DVS for vernalization (VERNDVS) reached at day 1984-06-24, but vernalization requirements not yet fulfilled. Forcing vernalization now (VERN=47.688571).
[2026-03-24 12:27:23,692][pcse.crop.phenology.Vernalisation][INFO] - Critical DVS for vernalization (VERNDVS) reached at day 1984-06-25, but vernalization requirements not yet fulfilled. Forcing vernalization now (VERN=47.688571).
[2026-03-24 12:27:23,705][pcse.crop.phenology.Vernalisation][INFO] - Critical DVS for vernalization (VERNDVS) reached at day 1984-06-26, but vernalization requirements not yet fulfilled. Forcing vernalization now (VERN=47.688571).
[2026-03-24 12:27:23,719][pcse.crop.phenology.Vernalisation][INFO] - Critical DVS for vernalization (VERNDVS) reached at day 1984-06-27, but vernalization requirements not yet fulfilled. Forcing vernalization now (VERN=47.688571).
[2026-03-24 12:27:23,733][pcse.crop.phenology.Vernalisation][INFO] - Critical DVS for vernalization (VERNDVS) reached at day 1984-06-28, but vernalization requirements not yet fulfilled. Forcing vernalization now (VERN=47.688571).
[2026-03-24 12:27:23,746][pcse.crop.phenology.Vernalisation][INFO] - Critical DVS for vernalization (VERNDVS) reached at day 1984-06-29, but vernalization requirements not yet fulfilled. Forcing vernalization now (VERN=47.688571).
[2026-03-24 12:27:23,746][pcse.crop.phenology.Annual_Phenology][INFO] - Changed phenological stage 'vegetative' to 'reproductive' on 1984-06-29
[2026-03-24 12:27:25,005][pcse.crop.phenology.Annual_Phenology][INFO] - Changed phenological stage 'reproductive' to 'mature' on 1984-09-13
[2026-03-24 12:27:25,269][pcse.base.timer.Timer][INFO] - Reached end of simulation period as specified by END_DATE.
| train          | E: 43 | S: 10363 | R: -0.4558 | TR: 22.1076 | TF: 128 | LR: 0 | NR: 0 | D: 03.8 s | TD: 00.0 s | BR: 0.0010 | ALOSS: 11450.1244 | CLOSS: 1404276.9501 | TLOSS: -330.9486 | TVAL: 0.1648 | AENT: -2008.8308 | BCLOSS: 0.0000
[EPISODE DBG] episode=43 step=10363 pred_return=-0.462960 true_return=27.250778 total_feedback=128 labeled_feedback=0
[2026-03-24 12:27:25,276][pcse.agromanager.SoilCalendar][INFO] - Starting soil (oregon) with variation (oregon_1) on day 1984-02-01
[2026-03-24 12:27:25,279][pcse.agromanager.CropCalendar][INFO] - Starting crop (wheat) with variety (wheat_1) on day 1984-02-01
[2026-03-24 12:27:26,702][pcse.crop.phenology.Annual_Phenology][INFO] - Changed phenological stage 'emerging' to 'vegetative' on 1984-04-10
[2026-03-24 12:27:27,425][pcse.crop.phenology.Vernalisation][INFO] - Critical DVS for vernalization (VERNDVS) reached at day 1984-06-02, but vernalization requirements not yet fulfilled. Forcing vernalization now (VERN=47.688571).
[2026-03-24 12:27:27,439][pcse.crop.phenology.Vernalisation][INFO] - Critical DVS for vernalization (VERNDVS) reached at day 1984-06-03, but vernalization requirements not yet fulfilled. Forcing vernalization now (VERN=47.688571).
[2026-03-24 12:27:27,454][pcse.crop.phenology.Vernalisation][INFO] - Critical DVS for vernalization (VERNDVS) reached at day 1984-06-04, but vernalization requirements not yet fulfilled. Forcing vernalization now (VERN=47.688571).
[2026-03-24 12:27:27,468][pcse.crop.phenology.Vernalisation][INFO] - Critical DVS for vernalization (VERNDVS) reached at day 1984-06-05, but vernalization requirements not yet fulfilled. Forcing vernalization now (VERN=47.688571).
[2026-03-24 12:27:27,482][pcse.crop.phenology.Vernalisation][INFO] - Critical DVS for vernalization (VERNDVS) reached at day 1984-06-06, but vernalization requirements not yet fulfilled. Forcing vernalization now (VERN=47.688571).
[2026-03-24 12:27:27,496][pcse.crop.phenology.Vernalisation][INFO] - Critical DVS for vernalization (VERNDVS) reached at day 1984-06-07, but vernalization requirements not yet fulfilled. Forcing vernalization now (VERN=47.688571).
[2026-03-24 12:27:27,510][pcse.crop.phenology.Vernalisation][INFO] - Critical DVS for vernalization (VERNDVS) reached at day 1984-06-08, but vernalization requirements not yet fulfilled. Forcing vernalization now (VERN=47.688571).
[2026-03-24 12:27:27,524][pcse.crop.phenology.Vernalisation][INFO] - Critical DVS for vernalization (VERNDVS) reached at day 1984-06-09, but vernalization requirements not yet fulfilled. Forcing vernalization now (VERN=47.688571).
[2026-03-24 12:27:27,537][pcse.crop.phenology.Vernalisation][INFO] - Critical DVS for vernalization (VERNDVS) reached at day 1984-06-10, but vernalization requirements not yet fulfilled. Forcing vernalization now (VERN=47.688571).
[2026-03-24 12:27:27,551][pcse.crop.phenology.Vernalisation][INFO] - Critical DVS for vernalization (VERNDVS) reached at day 1984-06-11, but vernalization requirements not yet fulfilled. Forcing vernalization now (VERN=47.688571).
[2026-03-24 12:27:27,565][pcse.crop.phenology.Vernalisation][INFO] - Critical DVS for vernalization (VERNDVS) reached at day 1984-06-12, but vernalization requirements not yet fulfilled. Forcing vernalization now (VERN=47.688571).
[2026-03-24 12:27:27,579][pcse.crop.phenology.Vernalisation][INFO] - Critical DVS for vernalization (VERNDVS) reached at day 1984-06-13, but vernalization requirements not yet fulfilled. Forcing vernalization now (VERN=47.688571).
[2026-03-24 12:27:27,593][pcse.crop.phenology.Vernalisation][INFO] - Critical DVS for vernalization (VERNDVS) reached at day 1984-06-14, but vernalization requirements not yet fulfilled. Forcing vernalization now (VERN=47.688571).
[2026-03-24 12:27:27,606][pcse.crop.phenology.Vernalisation][INFO] - Critical DVS for vernalization (VERNDVS) reached at day 1984-06-15, but vernalization requirements not yet fulfilled. Forcing vernalization now (VERN=47.688571).
[2026-03-24 12:27:27,620][pcse.crop.phenology.Vernalisation][INFO] - Critical DVS for vernalization (VERNDVS) reached at day 1984-06-16, but vernalization requirements not yet fulfilled. Forcing vernalization now (VERN=47.688571).
[2026-03-24 12:27:27,634][pcse.crop.phenology.Vernalisation][INFO] - Critical DVS for vernalization (VERNDVS) reached at day 1984-06-17, but vernalization requirements not yet fulfilled. Forcing vernalization now (VERN=47.688571).
[2026-03-24 12:27:27,648][pcse.crop.phenology.Vernalisation][INFO] - Critical DVS for vernalization (VERNDVS) reached at day 1984-06-18, but vernalization requirements not yet fulfilled. Forcing vernalization now (VERN=47.688571).
[REPLAY DBG] post-agent-update step=10500 n=10500 mean=0.000970 std=0.008327 min=-0.043908 max=0.028845
[2026-03-24 12:27:27,796][pcse.crop.phenology.Vernalisation][INFO] - Critical DVS for vernalization (VERNDVS) reached at day 1984-06-19, but vernalization requirements not yet fulfilled. Forcing vernalization now (VERN=47.688571).
[STEP DBG] step=10500 env_reward=0.000000 r_hat=-0.005307 done=False
[NORM DBG] count=10500 mean_abs_mean=62585.421875 mean_std=179.693970 min_std=0.001000 max_std=2402.337158
[2026-03-24 12:27:27,812][pcse.crop.phenology.Vernalisation][INFO] - Critical DVS for vernalization (VERNDVS) reached at day 1984-06-20, but vernalization requirements not yet fulfilled. Forcing vernalization now (VERN=47.688571).
[2026-03-24 12:27:27,828][pcse.crop.phenology.Vernalisation][INFO] - Critical DVS for vernalization (VERNDVS) reached at day 1984-06-21, but vernalization requirements not yet fulfilled. Forcing vernalization now (VERN=47.688571).
[2026-03-24 12:27:27,843][pcse.crop.phenology.Vernalisation][INFO] - Critical DVS for vernalization (VERNDVS) reached at day 1984-06-22, but vernalization requirements not yet fulfilled. Forcing vernalization now (VERN=47.688571).
[2026-03-24 12:27:27,859][pcse.crop.phenology.Vernalisation][INFO] - Critical DVS for vernalization (VERNDVS) reached at day 1984-06-23, but vernalization requirements not yet fulfilled. Forcing vernalization now (VERN=47.688571).
[2026-03-24 12:27:27,874][pcse.crop.phenology.Vernalisation][INFO] - Critical DVS for vernalization (VERNDVS) reached at day 1984-06-24, but vernalization requirements not yet fulfilled. Forcing vernalization now (VERN=47.688571).
[2026-03-24 12:27:27,889][pcse.crop.phenology.Vernalisation][INFO] - Critical DVS for vernalization (VERNDVS) reached at day 1984-06-25, but vernalization requirements not yet fulfilled. Forcing vernalization now (VERN=47.688571).
[2026-03-24 12:27:27,901][pcse.crop.phenology.Vernalisation][INFO] - Critical DVS for vernalization (VERNDVS) reached at day 1984-06-26, but vernalization requirements not yet fulfilled. Forcing vernalization now (VERN=47.688571).
[2026-03-24 12:27:27,914][pcse.crop.phenology.Vernalisation][INFO] - Critical DVS for vernalization (VERNDVS) reached at day 1984-06-27, but vernalization requirements not yet fulfilled. Forcing vernalization now (VERN=47.688571).
[2026-03-24 12:27:27,927][pcse.crop.phenology.Vernalisation][INFO] - Critical DVS for vernalization (VERNDVS) reached at day 1984-06-28, but vernalization requirements not yet fulfilled. Forcing vernalization now (VERN=47.688571).
[2026-03-24 12:27:27,941][pcse.crop.phenology.Vernalisation][INFO] - Critical DVS for vernalization (VERNDVS) reached at day 1984-06-29, but vernalization requirements not yet fulfilled. Forcing vernalization now (VERN=47.688571).
[2026-03-24 12:27:27,942][pcse.crop.phenology.Annual_Phenology][INFO] - Changed phenological stage 'vegetative' to 'reproductive' on 1984-06-29
[2026-03-24 12:27:29,068][pcse.crop.phenology.Annual_Phenology][INFO] - Changed phenological stage 'reproductive' to 'mature' on 1984-09-13
[2026-03-24 12:27:29,465][pcse.base.timer.Timer][INFO] - Reached end of simulation period as specified by END_DATE.
| train          | E: 44 | S: 10604 | R: -0.4630 | TR: 27.2508 | TF: 128 | LR: 0 | NR: 0 | D: 04.2 s | TD: 00.0 s | BR: 0.0010 | ALOSS: 11610.3177 | CLOSS: 1414691.2650 | TLOSS: -327.3625 | TVAL: 0.1686 | AENT: -1942.9978 | BCLOSS: 0.0000
[EPISODE DBG] episode=44 step=10604 pred_return=-0.421895 true_return=44.905043 total_feedback=128 labeled_feedback=0
[2026-03-24 12:27:29,475][pcse.agromanager.SoilCalendar][INFO] - Starting soil (oregon) with variation (oregon_1) on day 1984-02-01
[2026-03-24 12:27:29,479][pcse.agromanager.CropCalendar][INFO] - Starting crop (wheat) with variety (wheat_1) on day 1984-02-01
[2026-03-24 12:27:30,747][pcse.crop.phenology.Annual_Phenology][INFO] - Changed phenological stage 'emerging' to 'vegetative' on 1984-04-10
[2026-03-24 12:27:31,724][pcse.crop.phenology.Vernalisation][INFO] - Critical DVS for vernalization (VERNDVS) reached at day 1984-06-02, but vernalization requirements not yet fulfilled. Forcing vernalization now (VERN=47.688571).
[2026-03-24 12:27:31,740][pcse.crop.phenology.Vernalisation][INFO] - Critical DVS for vernalization (VERNDVS) reached at day 1984-06-03, but vernalization requirements not yet fulfilled. Forcing vernalization now (VERN=47.688571).
[2026-03-24 12:27:31,756][pcse.crop.phenology.Vernalisation][INFO] - Critical DVS for vernalization (VERNDVS) reached at day 1984-06-04, but vernalization requirements not yet fulfilled. Forcing vernalization now (VERN=47.688571).
[2026-03-24 12:27:31,771][pcse.crop.phenology.Vernalisation][INFO] - Critical DVS for vernalization (VERNDVS) reached at day 1984-06-05, but vernalization requirements not yet fulfilled. Forcing vernalization now (VERN=47.688571).
[2026-03-24 12:27:31,787][pcse.crop.phenology.Vernalisation][INFO] - Critical DVS for vernalization (VERNDVS) reached at day 1984-06-06, but vernalization requirements not yet fulfilled. Forcing vernalization now (VERN=47.688571).
[2026-03-24 12:27:31,803][pcse.crop.phenology.Vernalisation][INFO] - Critical DVS for vernalization (VERNDVS) reached at day 1984-06-07, but vernalization requirements not yet fulfilled. Forcing vernalization now (VERN=47.688571).
[2026-03-24 12:27:31,819][pcse.crop.phenology.Vernalisation][INFO] - Critical DVS for vernalization (VERNDVS) reached at day 1984-06-08, but vernalization requirements not yet fulfilled. Forcing vernalization now (VERN=47.688571).
[2026-03-24 12:27:31,834][pcse.crop.phenology.Vernalisation][INFO] - Critical DVS for vernalization (VERNDVS) reached at day 1984-06-09, but vernalization requirements not yet fulfilled. Forcing vernalization now (VERN=47.688571).
[2026-03-24 12:27:31,850][pcse.crop.phenology.Vernalisation][INFO] - Critical DVS for vernalization (VERNDVS) reached at day 1984-06-10, but vernalization requirements not yet fulfilled. Forcing vernalization now (VERN=47.688571).
[2026-03-24 12:27:31,866][pcse.crop.phenology.Vernalisation][INFO] - Critical DVS for vernalization (VERNDVS) reached at day 1984-06-11, but vernalization requirements not yet fulfilled. Forcing vernalization now (VERN=47.688571).
[2026-03-24 12:27:31,881][pcse.crop.phenology.Vernalisation][INFO] - Critical DVS for vernalization (VERNDVS) reached at day 1984-06-12, but vernalization requirements not yet fulfilled. Forcing vernalization now (VERN=47.688571).
[2026-03-24 12:27:31,897][pcse.crop.phenology.Vernalisation][INFO] - Critical DVS for vernalization (VERNDVS) reached at day 1984-06-13, but vernalization requirements not yet fulfilled. Forcing vernalization now (VERN=47.688571).
[2026-03-24 12:27:31,912][pcse.crop.phenology.Vernalisation][INFO] - Critical DVS for vernalization (VERNDVS) reached at day 1984-06-14, but vernalization requirements not yet fulfilled. Forcing vernalization now (VERN=47.688571).
[2026-03-24 12:27:31,928][pcse.crop.phenology.Vernalisation][INFO] - Critical DVS for vernalization (VERNDVS) reached at day 1984-06-15, but vernalization requirements not yet fulfilled. Forcing vernalization now (VERN=47.688571).
[2026-03-24 12:27:31,943][pcse.crop.phenology.Vernalisation][INFO] - Critical DVS for vernalization (VERNDVS) reached at day 1984-06-16, but vernalization requirements not yet fulfilled. Forcing vernalization now (VERN=47.688571).
[2026-03-24 12:27:31,959][pcse.crop.phenology.Vernalisation][INFO] - Critical DVS for vernalization (VERNDVS) reached at day 1984-06-17, but vernalization requirements not yet fulfilled. Forcing vernalization now (VERN=47.688571).
[2026-03-24 12:27:31,975][pcse.crop.phenology.Vernalisation][INFO] - Critical DVS for vernalization (VERNDVS) reached at day 1984-06-18, but vernalization requirements not yet fulfilled. Forcing vernalization now (VERN=47.688571).
[2026-03-24 12:27:31,991][pcse.crop.phenology.Vernalisation][INFO] - Critical DVS for vernalization (VERNDVS) reached at day 1984-06-19, but vernalization requirements not yet fulfilled. Forcing vernalization now (VERN=47.688571).
[2026-03-24 12:27:32,007][pcse.crop.phenology.Vernalisation][INFO] - Critical DVS for vernalization (VERNDVS) reached at day 1984-06-20, but vernalization requirements not yet fulfilled. Forcing vernalization now (VERN=47.688571).
[2026-03-24 12:27:32,023][pcse.crop.phenology.Vernalisation][INFO] - Critical DVS for vernalization (VERNDVS) reached at day 1984-06-21, but vernalization requirements not yet fulfilled. Forcing vernalization now (VERN=47.688571).
[2026-03-24 12:27:32,039][pcse.crop.phenology.Vernalisation][INFO] - Critical DVS for vernalization (VERNDVS) reached at day 1984-06-22, but vernalization requirements not yet fulfilled. Forcing vernalization now (VERN=47.688571).
[2026-03-24 12:27:32,055][pcse.crop.phenology.Vernalisation][INFO] - Critical DVS for vernalization (VERNDVS) reached at day 1984-06-23, but vernalization requirements not yet fulfilled. Forcing vernalization now (VERN=47.688571).
[2026-03-24 12:27:32,070][pcse.crop.phenology.Vernalisation][INFO] - Critical DVS for vernalization (VERNDVS) reached at day 1984-06-24, but vernalization requirements not yet fulfilled. Forcing vernalization now (VERN=47.688571).
[2026-03-24 12:27:32,086][pcse.crop.phenology.Vernalisation][INFO] - Critical DVS for vernalization (VERNDVS) reached at day 1984-06-25, but vernalization requirements not yet fulfilled. Forcing vernalization now (VERN=47.688571).
[2026-03-24 12:27:32,101][pcse.crop.phenology.Vernalisation][INFO] - Critical DVS for vernalization (VERNDVS) reached at day 1984-06-26, but vernalization requirements not yet fulfilled. Forcing vernalization now (VERN=47.688571).
[2026-03-24 12:27:32,117][pcse.crop.phenology.Vernalisation][INFO] - Critical DVS for vernalization (VERNDVS) reached at day 1984-06-27, but vernalization requirements not yet fulfilled. Forcing vernalization now (VERN=47.688571).
[2026-03-24 12:27:32,132][pcse.crop.phenology.Vernalisation][INFO] - Critical DVS for vernalization (VERNDVS) reached at day 1984-06-28, but vernalization requirements not yet fulfilled. Forcing vernalization now (VERN=47.688571).
[2026-03-24 12:27:32,148][pcse.crop.phenology.Vernalisation][INFO] - Critical DVS for vernalization (VERNDVS) reached at day 1984-06-29, but vernalization requirements not yet fulfilled. Forcing vernalization now (VERN=47.688571).
[2026-03-24 12:27:32,148][pcse.crop.phenology.Annual_Phenology][INFO] - Changed phenological stage 'vegetative' to 'reproductive' on 1984-06-29
[2026-03-24 12:27:33,503][pcse.crop.phenology.Annual_Phenology][INFO] - Changed phenological stage 'reproductive' to 'mature' on 1984-09-13
[2026-03-24 12:27:33,773][pcse.base.timer.Timer][INFO] - Reached end of simulation period as specified by END_DATE.
| train          | E: 45 | S: 10845 | R: -0.4219 | TR: 44.9050 | TF: 128 | LR: 0 | NR: 0 | D: 04.3 s | TD: 00.0 s | BR: 0.0009 | ALOSS: 11890.2574 | CLOSS: 2892619.5545 | TLOSS: -321.6247 | TVAL: 0.1723 | AENT: -1868.3499 | BCLOSS: 0.0000
[EPISODE DBG] episode=45 step=10845 pred_return=-0.542049 true_return=24.598272 total_feedback=128 labeled_feedback=0
[2026-03-24 12:27:33,780][pcse.agromanager.SoilCalendar][INFO] - Starting soil (oregon) with variation (oregon_1) on day 1984-02-01
[2026-03-24 12:27:33,782][pcse.agromanager.CropCalendar][INFO] - Starting crop (wheat) with variety (wheat_1) on day 1984-02-01
[2026-03-24 12:27:35,148][pcse.crop.phenology.Annual_Phenology][INFO] - Changed phenological stage 'emerging' to 'vegetative' on 1984-04-10
[2026-03-24 12:27:35,860][pcse.crop.phenology.Vernalisation][INFO] - Critical DVS for vernalization (VERNDVS) reached at day 1984-06-02, but vernalization requirements not yet fulfilled. Forcing vernalization now (VERN=47.688571).
[2026-03-24 12:27:35,874][pcse.crop.phenology.Vernalisation][INFO] - Critical DVS for vernalization (VERNDVS) reached at day 1984-06-03, but vernalization requirements not yet fulfilled. Forcing vernalization now (VERN=47.688571).
[2026-03-24 12:27:35,887][pcse.crop.phenology.Vernalisation][INFO] - Critical DVS for vernalization (VERNDVS) reached at day 1984-06-04, but vernalization requirements not yet fulfilled. Forcing vernalization now (VERN=47.688571).
[2026-03-24 12:27:35,901][pcse.crop.phenology.Vernalisation][INFO] - Critical DVS for vernalization (VERNDVS) reached at day 1984-06-05, but vernalization requirements not yet fulfilled. Forcing vernalization now (VERN=47.688571).
[2026-03-24 12:27:35,915][pcse.crop.phenology.Vernalisation][INFO] - Critical DVS for vernalization (VERNDVS) reached at day 1984-06-06, but vernalization requirements not yet fulfilled. Forcing vernalization now (VERN=47.688571).
[2026-03-24 12:27:35,928][pcse.crop.phenology.Vernalisation][INFO] - Critical DVS for vernalization (VERNDVS) reached at day 1984-06-07, but vernalization requirements not yet fulfilled. Forcing vernalization now (VERN=47.688571).
[2026-03-24 12:27:35,942][pcse.crop.phenology.Vernalisation][INFO] - Critical DVS for vernalization (VERNDVS) reached at day 1984-06-08, but vernalization requirements not yet fulfilled. Forcing vernalization now (VERN=47.688571).
[2026-03-24 12:27:35,956][pcse.crop.phenology.Vernalisation][INFO] - Critical DVS for vernalization (VERNDVS) reached at day 1984-06-09, but vernalization requirements not yet fulfilled. Forcing vernalization now (VERN=47.688571).
[2026-03-24 12:27:35,970][pcse.crop.phenology.Vernalisation][INFO] - Critical DVS for vernalization (VERNDVS) reached at day 1984-06-10, but vernalization requirements not yet fulfilled. Forcing vernalization now (VERN=47.688571).
[2026-03-24 12:27:35,983][pcse.crop.phenology.Vernalisation][INFO] - Critical DVS for vernalization (VERNDVS) reached at day 1984-06-11, but vernalization requirements not yet fulfilled. Forcing vernalization now (VERN=47.688571).
[2026-03-24 12:27:35,997][pcse.crop.phenology.Vernalisation][INFO] - Critical DVS for vernalization (VERNDVS) reached at day 1984-06-12, but vernalization requirements not yet fulfilled. Forcing vernalization now (VERN=47.688571).
[2026-03-24 12:27:36,011][pcse.crop.phenology.Vernalisation][INFO] - Critical DVS for vernalization (VERNDVS) reached at day 1984-06-13, but vernalization requirements not yet fulfilled. Forcing vernalization now (VERN=47.688571).
[2026-03-24 12:27:36,024][pcse.crop.phenology.Vernalisation][INFO] - Critical DVS for vernalization (VERNDVS) reached at day 1984-06-14, but vernalization requirements not yet fulfilled. Forcing vernalization now (VERN=47.688571).
[2026-03-24 12:27:36,038][pcse.crop.phenology.Vernalisation][INFO] - Critical DVS for vernalization (VERNDVS) reached at day 1984-06-15, but vernalization requirements not yet fulfilled. Forcing vernalization now (VERN=47.688571).
[2026-03-24 12:27:36,051][pcse.crop.phenology.Vernalisation][INFO] - Critical DVS for vernalization (VERNDVS) reached at day 1984-06-16, but vernalization requirements not yet fulfilled. Forcing vernalization now (VERN=47.688571).
[2026-03-24 12:27:36,065][pcse.crop.phenology.Vernalisation][INFO] - Critical DVS for vernalization (VERNDVS) reached at day 1984-06-17, but vernalization requirements not yet fulfilled. Forcing vernalization now (VERN=47.688571).
[2026-03-24 12:27:36,079][pcse.crop.phenology.Vernalisation][INFO] - Critical DVS for vernalization (VERNDVS) reached at day 1984-06-18, but vernalization requirements not yet fulfilled. Forcing vernalization now (VERN=47.688571).
[2026-03-24 12:27:36,093][pcse.crop.phenology.Vernalisation][INFO] - Critical DVS for vernalization (VERNDVS) reached at day 1984-06-19, but vernalization requirements not yet fulfilled. Forcing vernalization now (VERN=47.688571).
[2026-03-24 12:27:36,106][pcse.crop.phenology.Vernalisation][INFO] - Critical DVS for vernalization (VERNDVS) reached at day 1984-06-20, but vernalization requirements not yet fulfilled. Forcing vernalization now (VERN=47.688571).
[2026-03-24 12:27:36,120][pcse.crop.phenology.Vernalisation][INFO] - Critical DVS for vernalization (VERNDVS) reached at day 1984-06-21, but vernalization requirements not yet fulfilled. Forcing vernalization now (VERN=47.688571).
[2026-03-24 12:27:36,134][pcse.crop.phenology.Vernalisation][INFO] - Critical DVS for vernalization (VERNDVS) reached at day 1984-06-22, but vernalization requirements not yet fulfilled. Forcing vernalization now (VERN=47.688571).
[2026-03-24 12:27:36,148][pcse.crop.phenology.Vernalisation][INFO] - Critical DVS for vernalization (VERNDVS) reached at day 1984-06-23, but vernalization requirements not yet fulfilled. Forcing vernalization now (VERN=47.688571).
[2026-03-24 12:27:36,162][pcse.crop.phenology.Vernalisation][INFO] - Critical DVS for vernalization (VERNDVS) reached at day 1984-06-24, but vernalization requirements not yet fulfilled. Forcing vernalization now (VERN=47.688571).
[2026-03-24 12:27:36,176][pcse.crop.phenology.Vernalisation][INFO] - Critical DVS for vernalization (VERNDVS) reached at day 1984-06-25, but vernalization requirements not yet fulfilled. Forcing vernalization now (VERN=47.688571).
[2026-03-24 12:27:36,189][pcse.crop.phenology.Vernalisation][INFO] - Critical DVS for vernalization (VERNDVS) reached at day 1984-06-26, but vernalization requirements not yet fulfilled. Forcing vernalization now (VERN=47.688571).
[2026-03-24 12:27:36,203][pcse.crop.phenology.Vernalisation][INFO] - Critical DVS for vernalization (VERNDVS) reached at day 1984-06-27, but vernalization requirements not yet fulfilled. Forcing vernalization now (VERN=47.688571).
[2026-03-24 12:27:36,217][pcse.crop.phenology.Vernalisation][INFO] - Critical DVS for vernalization (VERNDVS) reached at day 1984-06-28, but vernalization requirements not yet fulfilled. Forcing vernalization now (VERN=47.688571).
[2026-03-24 12:27:36,231][pcse.crop.phenology.Vernalisation][INFO] - Critical DVS for vernalization (VERNDVS) reached at day 1984-06-29, but vernalization requirements not yet fulfilled. Forcing vernalization now (VERN=47.688571).
[2026-03-24 12:27:36,231][pcse.crop.phenology.Annual_Phenology][INFO] - Changed phenological stage 'vegetative' to 'reproductive' on 1984-06-29
[REPLAY DBG] post-agent-update step=11000 n=11000 mean=0.000831 std=0.008268 min=-0.043908 max=0.028845
[STEP DBG] step=11000 env_reward=0.165017 r_hat=-0.009696 done=False
[NORM DBG] count=11000 mean_abs_mean=62582.332031 mean_std=176.463562 min_std=0.001000 max_std=2354.923096
[2026-03-24 12:27:37,410][pcse.crop.phenology.Annual_Phenology][INFO] - Changed phenological stage 'reproductive' to 'mature' on 1984-09-13
[2026-03-24 12:27:37,640][pcse.base.timer.Timer][INFO] - Reached end of simulation period as specified by END_DATE.
| train          | E: 46 | S: 11086 | R: -0.5420 | TR: 24.5983 | TF: 128 | LR: 0 | NR: 0 | D: 03.9 s | TD: 00.0 s | BR: 0.0008 | ALOSS: 11878.2117 | CLOSS: 1190577.5495 | TLOSS: -325.0301 | TVAL: 0.1759 | AENT: -1848.5107 | BCLOSS: 0.0000
[EPISODE DBG] episode=46 step=11086 pred_return=-0.430062 true_return=27.250778 total_feedback=128 labeled_feedback=0
[2026-03-24 12:27:37,645][pcse.agromanager.SoilCalendar][INFO] - Starting soil (oregon) with variation (oregon_1) on day 1984-02-01
[2026-03-24 12:27:37,647][pcse.agromanager.CropCalendar][INFO] - Starting crop (wheat) with variety (wheat_1) on day 1984-02-01
[2026-03-24 12:27:38,897][pcse.crop.phenology.Annual_Phenology][INFO] - Changed phenological stage 'emerging' to 'vegetative' on 1984-04-10
[2026-03-24 12:27:39,791][pcse.crop.phenology.Vernalisation][INFO] - Critical DVS for vernalization (VERNDVS) reached at day 1984-06-02, but vernalization requirements not yet fulfilled. Forcing vernalization now (VERN=47.688571).
[2026-03-24 12:27:39,807][pcse.crop.phenology.Vernalisation][INFO] - Critical DVS for vernalization (VERNDVS) reached at day 1984-06-03, but vernalization requirements not yet fulfilled. Forcing vernalization now (VERN=47.688571).
[2026-03-24 12:27:39,823][pcse.crop.phenology.Vernalisation][INFO] - Critical DVS for vernalization (VERNDVS) reached at day 1984-06-04, but vernalization requirements not yet fulfilled. Forcing vernalization now (VERN=47.688571).
[2026-03-24 12:27:39,839][pcse.crop.phenology.Vernalisation][INFO] - Critical DVS for vernalization (VERNDVS) reached at day 1984-06-05, but vernalization requirements not yet fulfilled. Forcing vernalization now (VERN=47.688571).
[2026-03-24 12:27:39,855][pcse.crop.phenology.Vernalisation][INFO] - Critical DVS for vernalization (VERNDVS) reached at day 1984-06-06, but vernalization requirements not yet fulfilled. Forcing vernalization now (VERN=47.688571).
[2026-03-24 12:27:39,871][pcse.crop.phenology.Vernalisation][INFO] - Critical DVS for vernalization (VERNDVS) reached at day 1984-06-07, but vernalization requirements not yet fulfilled. Forcing vernalization now (VERN=47.688571).
[2026-03-24 12:27:39,886][pcse.crop.phenology.Vernalisation][INFO] - Critical DVS for vernalization (VERNDVS) reached at day 1984-06-08, but vernalization requirements not yet fulfilled. Forcing vernalization now (VERN=47.688571).
[2026-03-24 12:27:39,902][pcse.crop.phenology.Vernalisation][INFO] - Critical DVS for vernalization (VERNDVS) reached at day 1984-06-09, but vernalization requirements not yet fulfilled. Forcing vernalization now (VERN=47.688571).
[2026-03-24 12:27:39,917][pcse.crop.phenology.Vernalisation][INFO] - Critical DVS for vernalization (VERNDVS) reached at day 1984-06-10, but vernalization requirements not yet fulfilled. Forcing vernalization now (VERN=47.688571).
[2026-03-24 12:27:39,933][pcse.crop.phenology.Vernalisation][INFO] - Critical DVS for vernalization (VERNDVS) reached at day 1984-06-11, but vernalization requirements not yet fulfilled. Forcing vernalization now (VERN=47.688571).
[2026-03-24 12:27:39,949][pcse.crop.phenology.Vernalisation][INFO] - Critical DVS for vernalization (VERNDVS) reached at day 1984-06-12, but vernalization requirements not yet fulfilled. Forcing vernalization now (VERN=47.688571).
[2026-03-24 12:27:39,964][pcse.crop.phenology.Vernalisation][INFO] - Critical DVS for vernalization (VERNDVS) reached at day 1984-06-13, but vernalization requirements not yet fulfilled. Forcing vernalization now (VERN=47.688571).
[2026-03-24 12:27:39,980][pcse.crop.phenology.Vernalisation][INFO] - Critical DVS for vernalization (VERNDVS) reached at day 1984-06-14, but vernalization requirements not yet fulfilled. Forcing vernalization now (VERN=47.688571).
[2026-03-24 12:27:39,995][pcse.crop.phenology.Vernalisation][INFO] - Critical DVS for vernalization (VERNDVS) reached at day 1984-06-15, but vernalization requirements not yet fulfilled. Forcing vernalization now (VERN=47.688571).
[2026-03-24 12:27:40,011][pcse.crop.phenology.Vernalisation][INFO] - Critical DVS for vernalization (VERNDVS) reached at day 1984-06-16, but vernalization requirements not yet fulfilled. Forcing vernalization now (VERN=47.688571).
[2026-03-24 12:27:40,027][pcse.crop.phenology.Vernalisation][INFO] - Critical DVS for vernalization (VERNDVS) reached at day 1984-06-17, but vernalization requirements not yet fulfilled. Forcing vernalization now (VERN=47.688571).
[2026-03-24 12:27:40,043][pcse.crop.phenology.Vernalisation][INFO] - Critical DVS for vernalization (VERNDVS) reached at day 1984-06-18, but vernalization requirements not yet fulfilled. Forcing vernalization now (VERN=47.688571).
[2026-03-24 12:27:40,058][pcse.crop.phenology.Vernalisation][INFO] - Critical DVS for vernalization (VERNDVS) reached at day 1984-06-19, but vernalization requirements not yet fulfilled. Forcing vernalization now (VERN=47.688571).
[2026-03-24 12:27:40,074][pcse.crop.phenology.Vernalisation][INFO] - Critical DVS for vernalization (VERNDVS) reached at day 1984-06-20, but vernalization requirements not yet fulfilled. Forcing vernalization now (VERN=47.688571).
[2026-03-24 12:27:40,089][pcse.crop.phenology.Vernalisation][INFO] - Critical DVS for vernalization (VERNDVS) reached at day 1984-06-21, but vernalization requirements not yet fulfilled. Forcing vernalization now (VERN=47.688571).
[2026-03-24 12:27:40,105][pcse.crop.phenology.Vernalisation][INFO] - Critical DVS for vernalization (VERNDVS) reached at day 1984-06-22, but vernalization requirements not yet fulfilled. Forcing vernalization now (VERN=47.688571).
[2026-03-24 12:27:40,120][pcse.crop.phenology.Vernalisation][INFO] - Critical DVS for vernalization (VERNDVS) reached at day 1984-06-23, but vernalization requirements not yet fulfilled. Forcing vernalization now (VERN=47.688571).
[2026-03-24 12:27:40,136][pcse.crop.phenology.Vernalisation][INFO] - Critical DVS for vernalization (VERNDVS) reached at day 1984-06-24, but vernalization requirements not yet fulfilled. Forcing vernalization now (VERN=47.688571).
[2026-03-24 12:27:40,151][pcse.crop.phenology.Vernalisation][INFO] - Critical DVS for vernalization (VERNDVS) reached at day 1984-06-25, but vernalization requirements not yet fulfilled. Forcing vernalization now (VERN=47.688571).
[2026-03-24 12:27:40,167][pcse.crop.phenology.Vernalisation][INFO] - Critical DVS for vernalization (VERNDVS) reached at day 1984-06-26, but vernalization requirements not yet fulfilled. Forcing vernalization now (VERN=47.688571).
[2026-03-24 12:27:40,183][pcse.crop.phenology.Vernalisation][INFO] - Critical DVS for vernalization (VERNDVS) reached at day 1984-06-27, but vernalization requirements not yet fulfilled. Forcing vernalization now (VERN=47.688571).
[2026-03-24 12:27:40,198][pcse.crop.phenology.Vernalisation][INFO] - Critical DVS for vernalization (VERNDVS) reached at day 1984-06-28, but vernalization requirements not yet fulfilled. Forcing vernalization now (VERN=47.688571).
[2026-03-24 12:27:40,214][pcse.crop.phenology.Vernalisation][INFO] - Critical DVS for vernalization (VERNDVS) reached at day 1984-06-29, but vernalization requirements not yet fulfilled. Forcing vernalization now (VERN=47.688571).
[2026-03-24 12:27:40,214][pcse.crop.phenology.Annual_Phenology][INFO] - Changed phenological stage 'vegetative' to 'reproductive' on 1984-06-29
[2026-03-24 12:27:41,535][pcse.crop.phenology.Annual_Phenology][INFO] - Changed phenological stage 'reproductive' to 'mature' on 1984-09-13
[2026-03-24 12:27:41,760][pcse.base.timer.Timer][INFO] - Reached end of simulation period as specified by END_DATE.
| train          | E: 47 | S: 11327 | R: -0.4301 | TR: 27.2508 | TF: 128 | LR: 0 | NR: 0 | D: 04.1 s | TD: 00.0 s | BR: 0.0008 | ALOSS: 11982.3774 | CLOSS: 1277464.8558 | TLOSS: -323.9685 | TVAL: 0.1798 | AENT: -1803.1830 | BCLOSS: 0.0000
[EPISODE DBG] episode=47 step=11327 pred_return=-0.392043 true_return=44.905043 total_feedback=128 labeled_feedback=0
[2026-03-24 12:27:41,765][pcse.agromanager.SoilCalendar][INFO] - Starting soil (oregon) with variation (oregon_1) on day 1984-02-01
[2026-03-24 12:27:41,766][pcse.agromanager.CropCalendar][INFO] - Starting crop (wheat) with variety (wheat_1) on day 1984-02-01
[2026-03-24 12:27:42,759][pcse.crop.phenology.Annual_Phenology][INFO] - Changed phenological stage 'emerging' to 'vegetative' on 1984-04-10
[2026-03-24 12:27:43,710][pcse.crop.phenology.Vernalisation][INFO] - Critical DVS for vernalization (VERNDVS) reached at day 1984-06-02, but vernalization requirements not yet fulfilled. Forcing vernalization now (VERN=47.688571).
[2026-03-24 12:27:43,726][pcse.crop.phenology.Vernalisation][INFO] - Critical DVS for vernalization (VERNDVS) reached at day 1984-06-03, but vernalization requirements not yet fulfilled. Forcing vernalization now (VERN=47.688571).
[2026-03-24 12:27:43,742][pcse.crop.phenology.Vernalisation][INFO] - Critical DVS for vernalization (VERNDVS) reached at day 1984-06-04, but vernalization requirements not yet fulfilled. Forcing vernalization now (VERN=47.688571).
[2026-03-24 12:27:43,758][pcse.crop.phenology.Vernalisation][INFO] - Critical DVS for vernalization (VERNDVS) reached at day 1984-06-05, but vernalization requirements not yet fulfilled. Forcing vernalization now (VERN=47.688571).
[2026-03-24 12:27:43,773][pcse.crop.phenology.Vernalisation][INFO] - Critical DVS for vernalization (VERNDVS) reached at day 1984-06-06, but vernalization requirements not yet fulfilled. Forcing vernalization now (VERN=47.688571).
[2026-03-24 12:27:43,789][pcse.crop.phenology.Vernalisation][INFO] - Critical DVS for vernalization (VERNDVS) reached at day 1984-06-07, but vernalization requirements not yet fulfilled. Forcing vernalization now (VERN=47.688571).
[2026-03-24 12:27:43,804][pcse.crop.phenology.Vernalisation][INFO] - Critical DVS for vernalization (VERNDVS) reached at day 1984-06-08, but vernalization requirements not yet fulfilled. Forcing vernalization now (VERN=47.688571).
[2026-03-24 12:27:43,819][pcse.crop.phenology.Vernalisation][INFO] - Critical DVS for vernalization (VERNDVS) reached at day 1984-06-09, but vernalization requirements not yet fulfilled. Forcing vernalization now (VERN=47.688571).
[2026-03-24 12:27:43,835][pcse.crop.phenology.Vernalisation][INFO] - Critical DVS for vernalization (VERNDVS) reached at day 1984-06-10, but vernalization requirements not yet fulfilled. Forcing vernalization now (VERN=47.688571).
[2026-03-24 12:27:43,850][pcse.crop.phenology.Vernalisation][INFO] - Critical DVS for vernalization (VERNDVS) reached at day 1984-06-11, but vernalization requirements not yet fulfilled. Forcing vernalization now (VERN=47.688571).
[2026-03-24 12:27:43,865][pcse.crop.phenology.Vernalisation][INFO] - Critical DVS for vernalization (VERNDVS) reached at day 1984-06-12, but vernalization requirements not yet fulfilled. Forcing vernalization now (VERN=47.688571).
[2026-03-24 12:27:43,881][pcse.crop.phenology.Vernalisation][INFO] - Critical DVS for vernalization (VERNDVS) reached at day 1984-06-13, but vernalization requirements not yet fulfilled. Forcing vernalization now (VERN=47.688571).
[2026-03-24 12:27:43,897][pcse.crop.phenology.Vernalisation][INFO] - Critical DVS for vernalization (VERNDVS) reached at day 1984-06-14, but vernalization requirements not yet fulfilled. Forcing vernalization now (VERN=47.688571).
[2026-03-24 12:27:43,912][pcse.crop.phenology.Vernalisation][INFO] - Critical DVS for vernalization (VERNDVS) reached at day 1984-06-15, but vernalization requirements not yet fulfilled. Forcing vernalization now (VERN=47.688571).
[2026-03-24 12:27:43,928][pcse.crop.phenology.Vernalisation][INFO] - Critical DVS for vernalization (VERNDVS) reached at day 1984-06-16, but vernalization requirements not yet fulfilled. Forcing vernalization now (VERN=47.688571).
[2026-03-24 12:27:43,944][pcse.crop.phenology.Vernalisation][INFO] - Critical DVS for vernalization (VERNDVS) reached at day 1984-06-17, but vernalization requirements not yet fulfilled. Forcing vernalization now (VERN=47.688571).
[2026-03-24 12:27:43,959][pcse.crop.phenology.Vernalisation][INFO] - Critical DVS for vernalization (VERNDVS) reached at day 1984-06-18, but vernalization requirements not yet fulfilled. Forcing vernalization now (VERN=47.688571).
[2026-03-24 12:27:43,975][pcse.crop.phenology.Vernalisation][INFO] - Critical DVS for vernalization (VERNDVS) reached at day 1984-06-19, but vernalization requirements not yet fulfilled. Forcing vernalization now (VERN=47.688571).
[2026-03-24 12:27:43,991][pcse.crop.phenology.Vernalisation][INFO] - Critical DVS for vernalization (VERNDVS) reached at day 1984-06-20, but vernalization requirements not yet fulfilled. Forcing vernalization now (VERN=47.688571).
[2026-03-24 12:27:44,006][pcse.crop.phenology.Vernalisation][INFO] - Critical DVS for vernalization (VERNDVS) reached at day 1984-06-21, but vernalization requirements not yet fulfilled. Forcing vernalization now (VERN=47.688571).
[2026-03-24 12:27:44,021][pcse.crop.phenology.Vernalisation][INFO] - Critical DVS for vernalization (VERNDVS) reached at day 1984-06-22, but vernalization requirements not yet fulfilled. Forcing vernalization now (VERN=47.688571).
[2026-03-24 12:27:44,037][pcse.crop.phenology.Vernalisation][INFO] - Critical DVS for vernalization (VERNDVS) reached at day 1984-06-23, but vernalization requirements not yet fulfilled. Forcing vernalization now (VERN=47.688571).
[2026-03-24 12:27:44,052][pcse.crop.phenology.Vernalisation][INFO] - Critical DVS for vernalization (VERNDVS) reached at day 1984-06-24, but vernalization requirements not yet fulfilled. Forcing vernalization now (VERN=47.688571).
[2026-03-24 12:27:44,068][pcse.crop.phenology.Vernalisation][INFO] - Critical DVS for vernalization (VERNDVS) reached at day 1984-06-25, but vernalization requirements not yet fulfilled. Forcing vernalization now (VERN=47.688571).
[2026-03-24 12:27:44,083][pcse.crop.phenology.Vernalisation][INFO] - Critical DVS for vernalization (VERNDVS) reached at day 1984-06-26, but vernalization requirements not yet fulfilled. Forcing vernalization now (VERN=47.688571).
[2026-03-24 12:27:44,099][pcse.crop.phenology.Vernalisation][INFO] - Critical DVS for vernalization (VERNDVS) reached at day 1984-06-27, but vernalization requirements not yet fulfilled. Forcing vernalization now (VERN=47.688571).
[2026-03-24 12:27:44,114][pcse.crop.phenology.Vernalisation][INFO] - Critical DVS for vernalization (VERNDVS) reached at day 1984-06-28, but vernalization requirements not yet fulfilled. Forcing vernalization now (VERN=47.688571).
[2026-03-24 12:27:44,130][pcse.crop.phenology.Vernalisation][INFO] - Critical DVS for vernalization (VERNDVS) reached at day 1984-06-29, but vernalization requirements not yet fulfilled. Forcing vernalization now (VERN=47.688571).
[2026-03-24 12:27:44,130][pcse.crop.phenology.Annual_Phenology][INFO] - Changed phenological stage 'vegetative' to 'reproductive' on 1984-06-29
[REPLAY DBG] post-agent-update step=11500 n=11500 mean=0.000712 std=0.008213 min=-0.043908 max=0.028845
[STEP DBG] step=11500 env_reward=0.196225 r_hat=-0.006474 done=False
[NORM DBG] count=11500 mean_abs_mean=62579.519531 mean_std=173.401947 min_std=0.001000 max_std=2310.120605
[2026-03-24 12:27:45,454][pcse.crop.phenology.Annual_Phenology][INFO] - Changed phenological stage 'reproductive' to 'mature' on 1984-09-13
[2026-03-24 12:27:45,716][pcse.base.timer.Timer][INFO] - Reached end of simulation period as specified by END_DATE.
| train          | E: 48 | S: 11568 | R: -0.3920 | TR: 44.9050 | TF: 128 | LR: 0 | NR: 0 | D: 04.0 s | TD: 00.0 s | BR: 0.0007 | ALOSS: 12016.7397 | CLOSS: 1661026.0249 | TLOSS: -282.5396 | TVAL: 0.1836 | AENT: -1540.7788 | BCLOSS: 0.0000
[EPISODE DBG] episode=48 step=11568 pred_return=-0.492227 true_return=16.989017 total_feedback=128 labeled_feedback=0
[2026-03-24 12:27:45,723][pcse.agromanager.SoilCalendar][INFO] - Starting soil (oregon) with variation (oregon_1) on day 1984-02-01
[2026-03-24 12:27:45,725][pcse.agromanager.CropCalendar][INFO] - Starting crop (wheat) with variety (wheat_1) on day 1984-02-01
[2026-03-24 12:27:47,144][pcse.crop.phenology.Annual_Phenology][INFO] - Changed phenological stage 'emerging' to 'vegetative' on 1984-04-10
[2026-03-24 12:27:47,969][pcse.crop.phenology.Vernalisation][INFO] - Critical DVS for vernalization (VERNDVS) reached at day 1984-06-02, but vernalization requirements not yet fulfilled. Forcing vernalization now (VERN=47.688571).
[2026-03-24 12:27:47,985][pcse.crop.phenology.Vernalisation][INFO] - Critical DVS for vernalization (VERNDVS) reached at day 1984-06-03, but vernalization requirements not yet fulfilled. Forcing vernalization now (VERN=47.688571).
[2026-03-24 12:27:48,000][pcse.crop.phenology.Vernalisation][INFO] - Critical DVS for vernalization (VERNDVS) reached at day 1984-06-04, but vernalization requirements not yet fulfilled. Forcing vernalization now (VERN=47.688571).
[2026-03-24 12:27:48,016][pcse.crop.phenology.Vernalisation][INFO] - Critical DVS for vernalization (VERNDVS) reached at day 1984-06-05, but vernalization requirements not yet fulfilled. Forcing vernalization now (VERN=47.688571).
[2026-03-24 12:27:48,032][pcse.crop.phenology.Vernalisation][INFO] - Critical DVS for vernalization (VERNDVS) reached at day 1984-06-06, but vernalization requirements not yet fulfilled. Forcing vernalization now (VERN=47.688571).
[2026-03-24 12:27:48,048][pcse.crop.phenology.Vernalisation][INFO] - Critical DVS for vernalization (VERNDVS) reached at day 1984-06-07, but vernalization requirements not yet fulfilled. Forcing vernalization now (VERN=47.688571).
[2026-03-24 12:27:48,064][pcse.crop.phenology.Vernalisation][INFO] - Critical DVS for vernalization (VERNDVS) reached at day 1984-06-08, but vernalization requirements not yet fulfilled. Forcing vernalization now (VERN=47.688571).
[2026-03-24 12:27:48,080][pcse.crop.phenology.Vernalisation][INFO] - Critical DVS for vernalization (VERNDVS) reached at day 1984-06-09, but vernalization requirements not yet fulfilled. Forcing vernalization now (VERN=47.688571).
[2026-03-24 12:27:48,096][pcse.crop.phenology.Vernalisation][INFO] - Critical DVS for vernalization (VERNDVS) reached at day 1984-06-10, but vernalization requirements not yet fulfilled. Forcing vernalization now (VERN=47.688571).
[2026-03-24 12:27:48,112][pcse.crop.phenology.Vernalisation][INFO] - Critical DVS for vernalization (VERNDVS) reached at day 1984-06-11, but vernalization requirements not yet fulfilled. Forcing vernalization now (VERN=47.688571).
[2026-03-24 12:27:48,127][pcse.crop.phenology.Vernalisation][INFO] - Critical DVS for vernalization (VERNDVS) reached at day 1984-06-12, but vernalization requirements not yet fulfilled. Forcing vernalization now (VERN=47.688571).
[2026-03-24 12:27:48,143][pcse.crop.phenology.Vernalisation][INFO] - Critical DVS for vernalization (VERNDVS) reached at day 1984-06-13, but vernalization requirements not yet fulfilled. Forcing vernalization now (VERN=47.688571).
[2026-03-24 12:27:48,319][pcse.crop.phenology.Vernalisation][INFO] - Critical DVS for vernalization (VERNDVS) reached at day 1984-06-14, but vernalization requirements not yet fulfilled. Forcing vernalization now (VERN=47.688571).
[2026-03-24 12:27:48,338][pcse.crop.phenology.Vernalisation][INFO] - Critical DVS for vernalization (VERNDVS) reached at day 1984-06-15, but vernalization requirements not yet fulfilled. Forcing vernalization now (VERN=47.688571).
[2026-03-24 12:27:48,356][pcse.crop.phenology.Vernalisation][INFO] - Critical DVS for vernalization (VERNDVS) reached at day 1984-06-16, but vernalization requirements not yet fulfilled. Forcing vernalization now (VERN=47.688571).
[2026-03-24 12:27:48,374][pcse.crop.phenology.Vernalisation][INFO] - Critical DVS for vernalization (VERNDVS) reached at day 1984-06-17, but vernalization requirements not yet fulfilled. Forcing vernalization now (VERN=47.688571).
[2026-03-24 12:27:48,393][pcse.crop.phenology.Vernalisation][INFO] - Critical DVS for vernalization (VERNDVS) reached at day 1984-06-18, but vernalization requirements not yet fulfilled. Forcing vernalization now (VERN=47.688571).
[2026-03-24 12:27:48,410][pcse.crop.phenology.Vernalisation][INFO] - Critical DVS for vernalization (VERNDVS) reached at day 1984-06-19, but vernalization requirements not yet fulfilled. Forcing vernalization now (VERN=47.688571).
[2026-03-24 12:27:48,426][pcse.crop.phenology.Vernalisation][INFO] - Critical DVS for vernalization (VERNDVS) reached at day 1984-06-20, but vernalization requirements not yet fulfilled. Forcing vernalization now (VERN=47.688571).
[2026-03-24 12:27:48,442][pcse.crop.phenology.Vernalisation][INFO] - Critical DVS for vernalization (VERNDVS) reached at day 1984-06-21, but vernalization requirements not yet fulfilled. Forcing vernalization now (VERN=47.688571).
[2026-03-24 12:27:48,458][pcse.crop.phenology.Vernalisation][INFO] - Critical DVS for vernalization (VERNDVS) reached at day 1984-06-22, but vernalization requirements not yet fulfilled. Forcing vernalization now (VERN=47.688571).
[2026-03-24 12:27:48,474][pcse.crop.phenology.Vernalisation][INFO] - Critical DVS for vernalization (VERNDVS) reached at day 1984-06-23, but vernalization requirements not yet fulfilled. Forcing vernalization now (VERN=47.688571).
[2026-03-24 12:27:48,490][pcse.crop.phenology.Vernalisation][INFO] - Critical DVS for vernalization (VERNDVS) reached at day 1984-06-24, but vernalization requirements not yet fulfilled. Forcing vernalization now (VERN=47.688571).
[2026-03-24 12:27:48,506][pcse.crop.phenology.Vernalisation][INFO] - Critical DVS for vernalization (VERNDVS) reached at day 1984-06-25, but vernalization requirements not yet fulfilled. Forcing vernalization now (VERN=47.688571).
[2026-03-24 12:27:48,522][pcse.crop.phenology.Vernalisation][INFO] - Critical DVS for vernalization (VERNDVS) reached at day 1984-06-26, but vernalization requirements not yet fulfilled. Forcing vernalization now (VERN=47.688571).
[2026-03-24 12:27:48,538][pcse.crop.phenology.Vernalisation][INFO] - Critical DVS for vernalization (VERNDVS) reached at day 1984-06-27, but vernalization requirements not yet fulfilled. Forcing vernalization now (VERN=47.688571).
[2026-03-24 12:27:48,554][pcse.crop.phenology.Vernalisation][INFO] - Critical DVS for vernalization (VERNDVS) reached at day 1984-06-28, but vernalization requirements not yet fulfilled. Forcing vernalization now (VERN=47.688571).
[2026-03-24 12:27:48,570][pcse.crop.phenology.Vernalisation][INFO] - Critical DVS for vernalization (VERNDVS) reached at day 1984-06-29, but vernalization requirements not yet fulfilled. Forcing vernalization now (VERN=47.688571).
[2026-03-24 12:27:48,570][pcse.crop.phenology.Annual_Phenology][INFO] - Changed phenological stage 'vegetative' to 'reproductive' on 1984-06-29
[2026-03-24 12:27:49,764][pcse.crop.phenology.Annual_Phenology][INFO] - Changed phenological stage 'reproductive' to 'mature' on 1984-09-13
[2026-03-24 12:27:50,202][pcse.base.timer.Timer][INFO] - Reached end of simulation period as specified by END_DATE.
| train          | E: 49 | S: 11809 | R: -0.4922 | TR: 16.9890 | TF: 128 | LR: 0 | NR: 0 | D: 04.5 s | TD: 00.0 s | BR: 0.0007 | ALOSS: 12006.6719 | CLOSS: 1611593.8937 | TLOSS: -261.0452 | TVAL: 0.1870 | AENT: -1397.3344 | BCLOSS: 0.0000
[EPISODE DBG] episode=49 step=11809 pred_return=-0.296088 true_return=19.696398 total_feedback=128 labeled_feedback=0
[2026-03-24 12:27:50,209][pcse.agromanager.SoilCalendar][INFO] - Starting soil (oregon) with variation (oregon_1) on day 1984-02-01
[2026-03-24 12:27:50,211][pcse.agromanager.CropCalendar][INFO] - Starting crop (wheat) with variety (wheat_1) on day 1984-02-01
[2026-03-24 12:27:51,454][pcse.crop.phenology.Annual_Phenology][INFO] - Changed phenological stage 'emerging' to 'vegetative' on 1984-04-10
[2026-03-24 12:27:52,385][pcse.crop.phenology.Vernalisation][INFO] - Critical DVS for vernalization (VERNDVS) reached at day 1984-06-02, but vernalization requirements not yet fulfilled. Forcing vernalization now (VERN=47.688571).
[2026-03-24 12:27:52,399][pcse.crop.phenology.Vernalisation][INFO] - Critical DVS for vernalization (VERNDVS) reached at day 1984-06-03, but vernalization requirements not yet fulfilled. Forcing vernalization now (VERN=47.688571).
[2026-03-24 12:27:52,415][pcse.crop.phenology.Vernalisation][INFO] - Critical DVS for vernalization (VERNDVS) reached at day 1984-06-04, but vernalization requirements not yet fulfilled. Forcing vernalization now (VERN=47.688571).
[2026-03-24 12:27:52,431][pcse.crop.phenology.Vernalisation][INFO] - Critical DVS for vernalization (VERNDVS) reached at day 1984-06-05, but vernalization requirements not yet fulfilled. Forcing vernalization now (VERN=47.688571).
[2026-03-24 12:27:52,446][pcse.crop.phenology.Vernalisation][INFO] - Critical DVS for vernalization (VERNDVS) reached at day 1984-06-06, but vernalization requirements not yet fulfilled. Forcing vernalization now (VERN=47.688571).
[2026-03-24 12:27:52,462][pcse.crop.phenology.Vernalisation][INFO] - Critical DVS for vernalization (VERNDVS) reached at day 1984-06-07, but vernalization requirements not yet fulfilled. Forcing vernalization now (VERN=47.688571).
[2026-03-24 12:27:52,477][pcse.crop.phenology.Vernalisation][INFO] - Critical DVS for vernalization (VERNDVS) reached at day 1984-06-08, but vernalization requirements not yet fulfilled. Forcing vernalization now (VERN=47.688571).
[2026-03-24 12:27:52,493][pcse.crop.phenology.Vernalisation][INFO] - Critical DVS for vernalization (VERNDVS) reached at day 1984-06-09, but vernalization requirements not yet fulfilled. Forcing vernalization now (VERN=47.688571).
[2026-03-24 12:27:52,509][pcse.crop.phenology.Vernalisation][INFO] - Critical DVS for vernalization (VERNDVS) reached at day 1984-06-10, but vernalization requirements not yet fulfilled. Forcing vernalization now (VERN=47.688571).
[2026-03-24 12:27:52,525][pcse.crop.phenology.Vernalisation][INFO] - Critical DVS for vernalization (VERNDVS) reached at day 1984-06-11, but vernalization requirements not yet fulfilled. Forcing vernalization now (VERN=47.688571).
[2026-03-24 12:27:52,540][pcse.crop.phenology.Vernalisation][INFO] - Critical DVS for vernalization (VERNDVS) reached at day 1984-06-12, but vernalization requirements not yet fulfilled. Forcing vernalization now (VERN=47.688571).
[2026-03-24 12:27:52,556][pcse.crop.phenology.Vernalisation][INFO] - Critical DVS for vernalization (VERNDVS) reached at day 1984-06-13, but vernalization requirements not yet fulfilled. Forcing vernalization now (VERN=47.688571).
[2026-03-24 12:27:52,572][pcse.crop.phenology.Vernalisation][INFO] - Critical DVS for vernalization (VERNDVS) reached at day 1984-06-14, but vernalization requirements not yet fulfilled. Forcing vernalization now (VERN=47.688571).
[2026-03-24 12:27:52,587][pcse.crop.phenology.Vernalisation][INFO] - Critical DVS for vernalization (VERNDVS) reached at day 1984-06-15, but vernalization requirements not yet fulfilled. Forcing vernalization now (VERN=47.688571).
[2026-03-24 12:27:52,602][pcse.crop.phenology.Vernalisation][INFO] - Critical DVS for vernalization (VERNDVS) reached at day 1984-06-16, but vernalization requirements not yet fulfilled. Forcing vernalization now (VERN=47.688571).
[2026-03-24 12:27:52,618][pcse.crop.phenology.Vernalisation][INFO] - Critical DVS for vernalization (VERNDVS) reached at day 1984-06-17, but vernalization requirements not yet fulfilled. Forcing vernalization now (VERN=47.688571).
[2026-03-24 12:27:52,633][pcse.crop.phenology.Vernalisation][INFO] - Critical DVS for vernalization (VERNDVS) reached at day 1984-06-18, but vernalization requirements not yet fulfilled. Forcing vernalization now (VERN=47.688571).
[2026-03-24 12:27:52,649][pcse.crop.phenology.Vernalisation][INFO] - Critical DVS for vernalization (VERNDVS) reached at day 1984-06-19, but vernalization requirements not yet fulfilled. Forcing vernalization now (VERN=47.688571).
[2026-03-24 12:27:52,664][pcse.crop.phenology.Vernalisation][INFO] - Critical DVS for vernalization (VERNDVS) reached at day 1984-06-20, but vernalization requirements not yet fulfilled. Forcing vernalization now (VERN=47.688571).
[2026-03-24 12:27:52,680][pcse.crop.phenology.Vernalisation][INFO] - Critical DVS for vernalization (VERNDVS) reached at day 1984-06-21, but vernalization requirements not yet fulfilled. Forcing vernalization now (VERN=47.688571).
[2026-03-24 12:27:52,695][pcse.crop.phenology.Vernalisation][INFO] - Critical DVS for vernalization (VERNDVS) reached at day 1984-06-22, but vernalization requirements not yet fulfilled. Forcing vernalization now (VERN=47.688571).
[2026-03-24 12:27:52,711][pcse.crop.phenology.Vernalisation][INFO] - Critical DVS for vernalization (VERNDVS) reached at day 1984-06-23, but vernalization requirements not yet fulfilled. Forcing vernalization now (VERN=47.688571).
[2026-03-24 12:27:52,727][pcse.crop.phenology.Vernalisation][INFO] - Critical DVS for vernalization (VERNDVS) reached at day 1984-06-24, but vernalization requirements not yet fulfilled. Forcing vernalization now (VERN=47.688571).
[2026-03-24 12:27:52,742][pcse.crop.phenology.Vernalisation][INFO] - Critical DVS for vernalization (VERNDVS) reached at day 1984-06-25, but vernalization requirements not yet fulfilled. Forcing vernalization now (VERN=47.688571).
[2026-03-24 12:27:52,758][pcse.crop.phenology.Vernalisation][INFO] - Critical DVS for vernalization (VERNDVS) reached at day 1984-06-26, but vernalization requirements not yet fulfilled. Forcing vernalization now (VERN=47.688571).
[2026-03-24 12:27:52,774][pcse.crop.phenology.Vernalisation][INFO] - Critical DVS for vernalization (VERNDVS) reached at day 1984-06-27, but vernalization requirements not yet fulfilled. Forcing vernalization now (VERN=47.688571).
[2026-03-24 12:27:52,789][pcse.crop.phenology.Vernalisation][INFO] - Critical DVS for vernalization (VERNDVS) reached at day 1984-06-28, but vernalization requirements not yet fulfilled. Forcing vernalization now (VERN=47.688571).
[2026-03-24 12:27:52,805][pcse.crop.phenology.Vernalisation][INFO] - Critical DVS for vernalization (VERNDVS) reached at day 1984-06-29, but vernalization requirements not yet fulfilled. Forcing vernalization now (VERN=47.688571).
[2026-03-24 12:27:52,805][pcse.crop.phenology.Annual_Phenology][INFO] - Changed phenological stage 'vegetative' to 'reproductive' on 1984-06-29
[REPLAY DBG] post-agent-update step=12000 n=12000 mean=0.000617 std=0.008157 min=-0.043908 max=0.028845
[STEP DBG] step=12000 env_reward=0.314908 r_hat=-0.007385 done=False
[NORM DBG] count=12000 mean_abs_mean=62576.941406 mean_std=170.492950 min_std=0.001000 max_std=2267.709717
[2026-03-24 12:27:54,146][pcse.crop.phenology.Annual_Phenology][INFO] - Changed phenological stage 'reproductive' to 'mature' on 1984-09-13
[2026-03-24 12:27:54,409][pcse.base.timer.Timer][INFO] - Reached end of simulation period as specified by END_DATE.
| train          | E: 50 | S: 12050 | R: -0.2961 | TR: 19.6964 | TF: 128 | LR: 0 | NR: 0 | D: 04.2 s | TD: 00.0 s | BR: 0.0007 | ALOSS: 12060.8025 | CLOSS: 1671671.9354 | TLOSS: -258.9994 | TVAL: 0.1904 | AENT: -1361.5022 | BCLOSS: 0.0000
[EPISODE DBG] episode=50 step=12050 pred_return=-0.358746 true_return=27.948264 total_feedback=128 labeled_feedback=0
[2026-03-24 12:27:54,416][pcse.agromanager.SoilCalendar][INFO] - Starting soil (oregon) with variation (oregon_1) on day 1984-02-01
[2026-03-24 12:27:54,418][pcse.agromanager.CropCalendar][INFO] - Starting crop (wheat) with variety (wheat_1) on day 1984-02-01
[2026-03-24 12:27:55,839][pcse.crop.phenology.Annual_Phenology][INFO] - Changed phenological stage 'emerging' to 'vegetative' on 1984-04-10
[2026-03-24 12:27:56,653][pcse.crop.phenology.Vernalisation][INFO] - Critical DVS for vernalization (VERNDVS) reached at day 1984-06-02, but vernalization requirements not yet fulfilled. Forcing vernalization now (VERN=47.688571).
[2026-03-24 12:27:56,668][pcse.crop.phenology.Vernalisation][INFO] - Critical DVS for vernalization (VERNDVS) reached at day 1984-06-03, but vernalization requirements not yet fulfilled. Forcing vernalization now (VERN=47.688571).
[2026-03-24 12:27:56,684][pcse.crop.phenology.Vernalisation][INFO] - Critical DVS for vernalization (VERNDVS) reached at day 1984-06-04, but vernalization requirements not yet fulfilled. Forcing vernalization now (VERN=47.688571).
[2026-03-24 12:27:56,700][pcse.crop.phenology.Vernalisation][INFO] - Critical DVS for vernalization (VERNDVS) reached at day 1984-06-05, but vernalization requirements not yet fulfilled. Forcing vernalization now (VERN=47.688571).
[2026-03-24 12:27:56,715][pcse.crop.phenology.Vernalisation][INFO] - Critical DVS for vernalization (VERNDVS) reached at day 1984-06-06, but vernalization requirements not yet fulfilled. Forcing vernalization now (VERN=47.688571).
[2026-03-24 12:27:56,731][pcse.crop.phenology.Vernalisation][INFO] - Critical DVS for vernalization (VERNDVS) reached at day 1984-06-07, but vernalization requirements not yet fulfilled. Forcing vernalization now (VERN=47.688571).
[2026-03-24 12:27:56,746][pcse.crop.phenology.Vernalisation][INFO] - Critical DVS for vernalization (VERNDVS) reached at day 1984-06-08, but vernalization requirements not yet fulfilled. Forcing vernalization now (VERN=47.688571).
[2026-03-24 12:27:56,762][pcse.crop.phenology.Vernalisation][INFO] - Critical DVS for vernalization (VERNDVS) reached at day 1984-06-09, but vernalization requirements not yet fulfilled. Forcing vernalization now (VERN=47.688571).
[2026-03-24 12:27:56,777][pcse.crop.phenology.Vernalisation][INFO] - Critical DVS for vernalization (VERNDVS) reached at day 1984-06-10, but vernalization requirements not yet fulfilled. Forcing vernalization now (VERN=47.688571).
[2026-03-24 12:27:56,793][pcse.crop.phenology.Vernalisation][INFO] - Critical DVS for vernalization (VERNDVS) reached at day 1984-06-11, but vernalization requirements not yet fulfilled. Forcing vernalization now (VERN=47.688571).
[2026-03-24 12:27:56,809][pcse.crop.phenology.Vernalisation][INFO] - Critical DVS for vernalization (VERNDVS) reached at day 1984-06-12, but vernalization requirements not yet fulfilled. Forcing vernalization now (VERN=47.688571).
[2026-03-24 12:27:56,824][pcse.crop.phenology.Vernalisation][INFO] - Critical DVS for vernalization (VERNDVS) reached at day 1984-06-13, but vernalization requirements not yet fulfilled. Forcing vernalization now (VERN=47.688571).
[2026-03-24 12:27:56,840][pcse.crop.phenology.Vernalisation][INFO] - Critical DVS for vernalization (VERNDVS) reached at day 1984-06-14, but vernalization requirements not yet fulfilled. Forcing vernalization now (VERN=47.688571).
[2026-03-24 12:27:56,855][pcse.crop.phenology.Vernalisation][INFO] - Critical DVS for vernalization (VERNDVS) reached at day 1984-06-15, but vernalization requirements not yet fulfilled. Forcing vernalization now (VERN=47.688571).
[2026-03-24 12:27:56,871][pcse.crop.phenology.Vernalisation][INFO] - Critical DVS for vernalization (VERNDVS) reached at day 1984-06-16, but vernalization requirements not yet fulfilled. Forcing vernalization now (VERN=47.688571).
[2026-03-24 12:27:56,887][pcse.crop.phenology.Vernalisation][INFO] - Critical DVS for vernalization (VERNDVS) reached at day 1984-06-17, but vernalization requirements not yet fulfilled. Forcing vernalization now (VERN=47.688571).
[2026-03-24 12:27:56,902][pcse.crop.phenology.Vernalisation][INFO] - Critical DVS for vernalization (VERNDVS) reached at day 1984-06-18, but vernalization requirements not yet fulfilled. Forcing vernalization now (VERN=47.688571).
[2026-03-24 12:27:56,918][pcse.crop.phenology.Vernalisation][INFO] - Critical DVS for vernalization (VERNDVS) reached at day 1984-06-19, but vernalization requirements not yet fulfilled. Forcing vernalization now (VERN=47.688571).
[2026-03-24 12:27:56,933][pcse.crop.phenology.Vernalisation][INFO] - Critical DVS for vernalization (VERNDVS) reached at day 1984-06-20, but vernalization requirements not yet fulfilled. Forcing vernalization now (VERN=47.688571).
[2026-03-24 12:27:56,948][pcse.crop.phenology.Vernalisation][INFO] - Critical DVS for vernalization (VERNDVS) reached at day 1984-06-21, but vernalization requirements not yet fulfilled. Forcing vernalization now (VERN=47.688571).
[2026-03-24 12:27:56,965][pcse.crop.phenology.Vernalisation][INFO] - Critical DVS for vernalization (VERNDVS) reached at day 1984-06-22, but vernalization requirements not yet fulfilled. Forcing vernalization now (VERN=47.688571).
[2026-03-24 12:27:56,981][pcse.crop.phenology.Vernalisation][INFO] - Critical DVS for vernalization (VERNDVS) reached at day 1984-06-23, but vernalization requirements not yet fulfilled. Forcing vernalization now (VERN=47.688571).
[2026-03-24 12:27:56,996][pcse.crop.phenology.Vernalisation][INFO] - Critical DVS for vernalization (VERNDVS) reached at day 1984-06-24, but vernalization requirements not yet fulfilled. Forcing vernalization now (VERN=47.688571).
[2026-03-24 12:27:57,012][pcse.crop.phenology.Vernalisation][INFO] - Critical DVS for vernalization (VERNDVS) reached at day 1984-06-25, but vernalization requirements not yet fulfilled. Forcing vernalization now (VERN=47.688571).
[2026-03-24 12:27:57,028][pcse.crop.phenology.Vernalisation][INFO] - Critical DVS for vernalization (VERNDVS) reached at day 1984-06-26, but vernalization requirements not yet fulfilled. Forcing vernalization now (VERN=47.688571).
[2026-03-24 12:27:57,043][pcse.crop.phenology.Vernalisation][INFO] - Critical DVS for vernalization (VERNDVS) reached at day 1984-06-27, but vernalization requirements not yet fulfilled. Forcing vernalization now (VERN=47.688571).
[2026-03-24 12:27:57,059][pcse.crop.phenology.Vernalisation][INFO] - Critical DVS for vernalization (VERNDVS) reached at day 1984-06-28, but vernalization requirements not yet fulfilled. Forcing vernalization now (VERN=47.688571).
[2026-03-24 12:27:57,074][pcse.crop.phenology.Vernalisation][INFO] - Critical DVS for vernalization (VERNDVS) reached at day 1984-06-29, but vernalization requirements not yet fulfilled. Forcing vernalization now (VERN=47.688571).
[2026-03-24 12:27:57,074][pcse.crop.phenology.Annual_Phenology][INFO] - Changed phenological stage 'vegetative' to 'reproductive' on 1984-06-29
[2026-03-24 12:27:58,293][pcse.crop.phenology.Annual_Phenology][INFO] - Changed phenological stage 'reproductive' to 'mature' on 1984-09-13
[2026-03-24 12:27:58,518][pcse.base.timer.Timer][INFO] - Reached end of simulation period as specified by END_DATE.
| train          | E: 51 | S: 12291 | R: -0.3587 | TR: 27.9483 | TF: 128 | LR: 0 | NR: 0 | D: 04.1 s | TD: 00.0 s | BR: 0.0006 | ALOSS: 12117.2290 | CLOSS: 1637689.4719 | TLOSS: -258.3177 | TVAL: 0.1939 | AENT: -1333.2774 | BCLOSS: 0.0000
[EPISODE DBG] episode=51 step=12291 pred_return=-0.317239 true_return=37.075753 total_feedback=128 labeled_feedback=0
[2026-03-24 12:27:58,523][pcse.agromanager.SoilCalendar][INFO] - Starting soil (oregon) with variation (oregon_1) on day 1984-02-01
[2026-03-24 12:27:58,525][pcse.agromanager.CropCalendar][INFO] - Starting crop (wheat) with variety (wheat_1) on day 1984-02-01
[2026-03-24 12:27:59,667][pcse.crop.phenology.Annual_Phenology][INFO] - Changed phenological stage 'emerging' to 'vegetative' on 1984-04-10
[2026-03-24 12:28:00,580][pcse.crop.phenology.Vernalisation][INFO] - Critical DVS for vernalization (VERNDVS) reached at day 1984-06-02, but vernalization requirements not yet fulfilled. Forcing vernalization now (VERN=47.688571).
[2026-03-24 12:28:00,595][pcse.crop.phenology.Vernalisation][INFO] - Critical DVS for vernalization (VERNDVS) reached at day 1984-06-03, but vernalization requirements not yet fulfilled. Forcing vernalization now (VERN=47.688571).
[2026-03-24 12:28:00,611][pcse.crop.phenology.Vernalisation][INFO] - Critical DVS for vernalization (VERNDVS) reached at day 1984-06-04, but vernalization requirements not yet fulfilled. Forcing vernalization now (VERN=47.688571).
[2026-03-24 12:28:00,627][pcse.crop.phenology.Vernalisation][INFO] - Critical DVS for vernalization (VERNDVS) reached at day 1984-06-05, but vernalization requirements not yet fulfilled. Forcing vernalization now (VERN=47.688571).
[2026-03-24 12:28:00,642][pcse.crop.phenology.Vernalisation][INFO] - Critical DVS for vernalization (VERNDVS) reached at day 1984-06-06, but vernalization requirements not yet fulfilled. Forcing vernalization now (VERN=47.688571).
[2026-03-24 12:28:00,658][pcse.crop.phenology.Vernalisation][INFO] - Critical DVS for vernalization (VERNDVS) reached at day 1984-06-07, but vernalization requirements not yet fulfilled. Forcing vernalization now (VERN=47.688571).
[2026-03-24 12:28:00,674][pcse.crop.phenology.Vernalisation][INFO] - Critical DVS for vernalization (VERNDVS) reached at day 1984-06-08, but vernalization requirements not yet fulfilled. Forcing vernalization now (VERN=47.688571).
[2026-03-24 12:28:00,690][pcse.crop.phenology.Vernalisation][INFO] - Critical DVS for vernalization (VERNDVS) reached at day 1984-06-09, but vernalization requirements not yet fulfilled. Forcing vernalization now (VERN=47.688571).
[2026-03-24 12:28:00,706][pcse.crop.phenology.Vernalisation][INFO] - Critical DVS for vernalization (VERNDVS) reached at day 1984-06-10, but vernalization requirements not yet fulfilled. Forcing vernalization now (VERN=47.688571).
[2026-03-24 12:28:00,721][pcse.crop.phenology.Vernalisation][INFO] - Critical DVS for vernalization (VERNDVS) reached at day 1984-06-11, but vernalization requirements not yet fulfilled. Forcing vernalization now (VERN=47.688571).
[2026-03-24 12:28:00,737][pcse.crop.phenology.Vernalisation][INFO] - Critical DVS for vernalization (VERNDVS) reached at day 1984-06-12, but vernalization requirements not yet fulfilled. Forcing vernalization now (VERN=47.688571).
[2026-03-24 12:28:00,753][pcse.crop.phenology.Vernalisation][INFO] - Critical DVS for vernalization (VERNDVS) reached at day 1984-06-13, but vernalization requirements not yet fulfilled. Forcing vernalization now (VERN=47.688571).
[2026-03-24 12:28:00,768][pcse.crop.phenology.Vernalisation][INFO] - Critical DVS for vernalization (VERNDVS) reached at day 1984-06-14, but vernalization requirements not yet fulfilled. Forcing vernalization now (VERN=47.688571).
[2026-03-24 12:28:00,784][pcse.crop.phenology.Vernalisation][INFO] - Critical DVS for vernalization (VERNDVS) reached at day 1984-06-15, but vernalization requirements not yet fulfilled. Forcing vernalization now (VERN=47.688571).
[2026-03-24 12:28:00,799][pcse.crop.phenology.Vernalisation][INFO] - Critical DVS for vernalization (VERNDVS) reached at day 1984-06-16, but vernalization requirements not yet fulfilled. Forcing vernalization now (VERN=47.688571).
[2026-03-24 12:28:00,815][pcse.crop.phenology.Vernalisation][INFO] - Critical DVS for vernalization (VERNDVS) reached at day 1984-06-17, but vernalization requirements not yet fulfilled. Forcing vernalization now (VERN=47.688571).
[2026-03-24 12:28:00,830][pcse.crop.phenology.Vernalisation][INFO] - Critical DVS for vernalization (VERNDVS) reached at day 1984-06-18, but vernalization requirements not yet fulfilled. Forcing vernalization now (VERN=47.688571).
[2026-03-24 12:28:00,846][pcse.crop.phenology.Vernalisation][INFO] - Critical DVS for vernalization (VERNDVS) reached at day 1984-06-19, but vernalization requirements not yet fulfilled. Forcing vernalization now (VERN=47.688571).
[2026-03-24 12:28:00,861][pcse.crop.phenology.Vernalisation][INFO] - Critical DVS for vernalization (VERNDVS) reached at day 1984-06-20, but vernalization requirements not yet fulfilled. Forcing vernalization now (VERN=47.688571).
[2026-03-24 12:28:00,877][pcse.crop.phenology.Vernalisation][INFO] - Critical DVS for vernalization (VERNDVS) reached at day 1984-06-21, but vernalization requirements not yet fulfilled. Forcing vernalization now (VERN=47.688571).
[2026-03-24 12:28:00,893][pcse.crop.phenology.Vernalisation][INFO] - Critical DVS for vernalization (VERNDVS) reached at day 1984-06-22, but vernalization requirements not yet fulfilled. Forcing vernalization now (VERN=47.688571).
[2026-03-24 12:28:00,908][pcse.crop.phenology.Vernalisation][INFO] - Critical DVS for vernalization (VERNDVS) reached at day 1984-06-23, but vernalization requirements not yet fulfilled. Forcing vernalization now (VERN=47.688571).
[2026-03-24 12:28:00,924][pcse.crop.phenology.Vernalisation][INFO] - Critical DVS for vernalization (VERNDVS) reached at day 1984-06-24, but vernalization requirements not yet fulfilled. Forcing vernalization now (VERN=47.688571).
[2026-03-24 12:28:00,939][pcse.crop.phenology.Vernalisation][INFO] - Critical DVS for vernalization (VERNDVS) reached at day 1984-06-25, but vernalization requirements not yet fulfilled. Forcing vernalization now (VERN=47.688571).
[2026-03-24 12:28:00,955][pcse.crop.phenology.Vernalisation][INFO] - Critical DVS for vernalization (VERNDVS) reached at day 1984-06-26, but vernalization requirements not yet fulfilled. Forcing vernalization now (VERN=47.688571).
[2026-03-24 12:28:00,970][pcse.crop.phenology.Vernalisation][INFO] - Critical DVS for vernalization (VERNDVS) reached at day 1984-06-27, but vernalization requirements not yet fulfilled. Forcing vernalization now (VERN=47.688571).
[2026-03-24 12:28:00,986][pcse.crop.phenology.Vernalisation][INFO] - Critical DVS for vernalization (VERNDVS) reached at day 1984-06-28, but vernalization requirements not yet fulfilled. Forcing vernalization now (VERN=47.688571).
[2026-03-24 12:28:01,001][pcse.crop.phenology.Vernalisation][INFO] - Critical DVS for vernalization (VERNDVS) reached at day 1984-06-29, but vernalization requirements not yet fulfilled. Forcing vernalization now (VERN=47.688571).
[2026-03-24 12:28:01,002][pcse.crop.phenology.Annual_Phenology][INFO] - Changed phenological stage 'vegetative' to 'reproductive' on 1984-06-29
[REPLAY DBG] post-agent-update step=12500 n=12500 mean=0.000544 std=0.008090 min=-0.043908 max=0.028845
[STEP DBG] step=12500 env_reward=0.293177 r_hat=-0.004888 done=False
[NORM DBG] count=12500 mean_abs_mean=62574.574219 mean_std=167.728317 min_std=0.001000 max_std=2227.491455
[2026-03-24 12:28:02,373][pcse.crop.phenology.Annual_Phenology][INFO] - Changed phenological stage 'reproductive' to 'mature' on 1984-09-13
[2026-03-24 12:28:02,642][pcse.base.timer.Timer][INFO] - Reached end of simulation period as specified by END_DATE.
| train          | E: 52 | S: 12532 | R: -0.3172 | TR: 37.0758 | TF: 128 | LR: 0 | NR: 0 | D: 04.1 s | TD: 00.0 s | BR: 0.0006 | ALOSS: 12287.9131 | CLOSS: 2129459.5446 | TLOSS: -301.4706 | TVAL: 0.1975 | AENT: -1525.2072 | BCLOSS: 0.0000
[EPISODE DBG] episode=52 step=12532 pred_return=-0.225613 true_return=26.735426 total_feedback=128 labeled_feedback=0
[2026-03-24 12:28:02,649][pcse.agromanager.SoilCalendar][INFO] - Starting soil (oregon) with variation (oregon_1) on day 1984-02-01
[2026-03-24 12:28:02,651][pcse.agromanager.CropCalendar][INFO] - Starting crop (wheat) with variety (wheat_1) on day 1984-02-01
[2026-03-24 12:28:03,898][pcse.crop.phenology.Annual_Phenology][INFO] - Changed phenological stage 'emerging' to 'vegetative' on 1984-04-10
[2026-03-24 12:28:04,910][pcse.crop.phenology.Vernalisation][INFO] - Critical DVS for vernalization (VERNDVS) reached at day 1984-06-02, but vernalization requirements not yet fulfilled. Forcing vernalization now (VERN=47.688571).
[2026-03-24 12:28:04,926][pcse.crop.phenology.Vernalisation][INFO] - Critical DVS for vernalization (VERNDVS) reached at day 1984-06-03, but vernalization requirements not yet fulfilled. Forcing vernalization now (VERN=47.688571).
[2026-03-24 12:28:04,942][pcse.crop.phenology.Vernalisation][INFO] - Critical DVS for vernalization (VERNDVS) reached at day 1984-06-04, but vernalization requirements not yet fulfilled. Forcing vernalization now (VERN=47.688571).
[2026-03-24 12:28:04,957][pcse.crop.phenology.Vernalisation][INFO] - Critical DVS for vernalization (VERNDVS) reached at day 1984-06-05, but vernalization requirements not yet fulfilled. Forcing vernalization now (VERN=47.688571).
[2026-03-24 12:28:04,973][pcse.crop.phenology.Vernalisation][INFO] - Critical DVS for vernalization (VERNDVS) reached at day 1984-06-06, but vernalization requirements not yet fulfilled. Forcing vernalization now (VERN=47.688571).
[2026-03-24 12:28:04,989][pcse.crop.phenology.Vernalisation][INFO] - Critical DVS for vernalization (VERNDVS) reached at day 1984-06-07, but vernalization requirements not yet fulfilled. Forcing vernalization now (VERN=47.688571).
[2026-03-24 12:28:05,004][pcse.crop.phenology.Vernalisation][INFO] - Critical DVS for vernalization (VERNDVS) reached at day 1984-06-08, but vernalization requirements not yet fulfilled. Forcing vernalization now (VERN=47.688571).
[2026-03-24 12:28:05,020][pcse.crop.phenology.Vernalisation][INFO] - Critical DVS for vernalization (VERNDVS) reached at day 1984-06-09, but vernalization requirements not yet fulfilled. Forcing vernalization now (VERN=47.688571).
[2026-03-24 12:28:05,036][pcse.crop.phenology.Vernalisation][INFO] - Critical DVS for vernalization (VERNDVS) reached at day 1984-06-10, but vernalization requirements not yet fulfilled. Forcing vernalization now (VERN=47.688571).
[2026-03-24 12:28:05,051][pcse.crop.phenology.Vernalisation][INFO] - Critical DVS for vernalization (VERNDVS) reached at day 1984-06-11, but vernalization requirements not yet fulfilled. Forcing vernalization now (VERN=47.688571).
[2026-03-24 12:28:05,067][pcse.crop.phenology.Vernalisation][INFO] - Critical DVS for vernalization (VERNDVS) reached at day 1984-06-12, but vernalization requirements not yet fulfilled. Forcing vernalization now (VERN=47.688571).
[2026-03-24 12:28:05,083][pcse.crop.phenology.Vernalisation][INFO] - Critical DVS for vernalization (VERNDVS) reached at day 1984-06-13, but vernalization requirements not yet fulfilled. Forcing vernalization now (VERN=47.688571).
[2026-03-24 12:28:05,098][pcse.crop.phenology.Vernalisation][INFO] - Critical DVS for vernalization (VERNDVS) reached at day 1984-06-14, but vernalization requirements not yet fulfilled. Forcing vernalization now (VERN=47.688571).
[2026-03-24 12:28:05,114][pcse.crop.phenology.Vernalisation][INFO] - Critical DVS for vernalization (VERNDVS) reached at day 1984-06-15, but vernalization requirements not yet fulfilled. Forcing vernalization now (VERN=47.688571).
[2026-03-24 12:28:05,130][pcse.crop.phenology.Vernalisation][INFO] - Critical DVS for vernalization (VERNDVS) reached at day 1984-06-16, but vernalization requirements not yet fulfilled. Forcing vernalization now (VERN=47.688571).
[2026-03-24 12:28:05,145][pcse.crop.phenology.Vernalisation][INFO] - Critical DVS for vernalization (VERNDVS) reached at day 1984-06-17, but vernalization requirements not yet fulfilled. Forcing vernalization now (VERN=47.688571).
[2026-03-24 12:28:05,161][pcse.crop.phenology.Vernalisation][INFO] - Critical DVS for vernalization (VERNDVS) reached at day 1984-06-18, but vernalization requirements not yet fulfilled. Forcing vernalization now (VERN=47.688571).
[2026-03-24 12:28:05,176][pcse.crop.phenology.Vernalisation][INFO] - Critical DVS for vernalization (VERNDVS) reached at day 1984-06-19, but vernalization requirements not yet fulfilled. Forcing vernalization now (VERN=47.688571).
[2026-03-24 12:28:05,192][pcse.crop.phenology.Vernalisation][INFO] - Critical DVS for vernalization (VERNDVS) reached at day 1984-06-20, but vernalization requirements not yet fulfilled. Forcing vernalization now (VERN=47.688571).
[2026-03-24 12:28:05,207][pcse.crop.phenology.Vernalisation][INFO] - Critical DVS for vernalization (VERNDVS) reached at day 1984-06-21, but vernalization requirements not yet fulfilled. Forcing vernalization now (VERN=47.688571).
[2026-03-24 12:28:05,223][pcse.crop.phenology.Vernalisation][INFO] - Critical DVS for vernalization (VERNDVS) reached at day 1984-06-22, but vernalization requirements not yet fulfilled. Forcing vernalization now (VERN=47.688571).
[2026-03-24 12:28:05,239][pcse.crop.phenology.Vernalisation][INFO] - Critical DVS for vernalization (VERNDVS) reached at day 1984-06-23, but vernalization requirements not yet fulfilled. Forcing vernalization now (VERN=47.688571).
[2026-03-24 12:28:05,255][pcse.crop.phenology.Vernalisation][INFO] - Critical DVS for vernalization (VERNDVS) reached at day 1984-06-24, but vernalization requirements not yet fulfilled. Forcing vernalization now (VERN=47.688571).
[2026-03-24 12:28:05,271][pcse.crop.phenology.Vernalisation][INFO] - Critical DVS for vernalization (VERNDVS) reached at day 1984-06-25, but vernalization requirements not yet fulfilled. Forcing vernalization now (VERN=47.688571).
[2026-03-24 12:28:05,286][pcse.crop.phenology.Vernalisation][INFO] - Critical DVS for vernalization (VERNDVS) reached at day 1984-06-26, but vernalization requirements not yet fulfilled. Forcing vernalization now (VERN=47.688571).
[2026-03-24 12:28:05,302][pcse.crop.phenology.Vernalisation][INFO] - Critical DVS for vernalization (VERNDVS) reached at day 1984-06-27, but vernalization requirements not yet fulfilled. Forcing vernalization now (VERN=47.688571).
[2026-03-24 12:28:05,318][pcse.crop.phenology.Vernalisation][INFO] - Critical DVS for vernalization (VERNDVS) reached at day 1984-06-28, but vernalization requirements not yet fulfilled. Forcing vernalization now (VERN=47.688571).
[2026-03-24 12:28:05,334][pcse.crop.phenology.Vernalisation][INFO] - Critical DVS for vernalization (VERNDVS) reached at day 1984-06-29, but vernalization requirements not yet fulfilled. Forcing vernalization now (VERN=47.688571).
[2026-03-24 12:28:05,334][pcse.crop.phenology.Annual_Phenology][INFO] - Changed phenological stage 'vegetative' to 'reproductive' on 1984-06-29
[2026-03-24 12:28:06,695][pcse.crop.phenology.Annual_Phenology][INFO] - Changed phenological stage 'reproductive' to 'mature' on 1984-09-13
[2026-03-24 12:28:06,956][pcse.base.timer.Timer][INFO] - Reached end of simulation period as specified by END_DATE.
| train          | E: 53 | S: 12773 | R: -0.2256 | TR: 26.7354 | TF: 128 | LR: 0 | NR: 0 | D: 04.3 s | TD: 00.0 s | BR: 0.0005 | ALOSS: 12365.6357 | CLOSS: 2139068.4466 | TLOSS: -259.2742 | TVAL: 0.2023 | AENT: -1287.2842 | BCLOSS: 0.0000
[EPISODE DBG] episode=53 step=12773 pred_return=-0.341306 true_return=1.661038 total_feedback=128 labeled_feedback=0
[2026-03-24 12:28:06,963][pcse.agromanager.SoilCalendar][INFO] - Starting soil (oregon) with variation (oregon_1) on day 1984-02-01
[2026-03-24 12:28:06,966][pcse.agromanager.CropCalendar][INFO] - Starting crop (wheat) with variety (wheat_1) on day 1984-02-01
[2026-03-24 12:28:08,422][pcse.crop.phenology.Annual_Phenology][INFO] - Changed phenological stage 'emerging' to 'vegetative' on 1984-04-10
[2026-03-24 12:28:09,235][pcse.crop.phenology.Vernalisation][INFO] - Critical DVS for vernalization (VERNDVS) reached at day 1984-06-02, but vernalization requirements not yet fulfilled. Forcing vernalization now (VERN=47.688571).
[2026-03-24 12:28:09,251][pcse.crop.phenology.Vernalisation][INFO] - Critical DVS for vernalization (VERNDVS) reached at day 1984-06-03, but vernalization requirements not yet fulfilled. Forcing vernalization now (VERN=47.688571).
[2026-03-24 12:28:09,266][pcse.crop.phenology.Vernalisation][INFO] - Critical DVS for vernalization (VERNDVS) reached at day 1984-06-04, but vernalization requirements not yet fulfilled. Forcing vernalization now (VERN=47.688571).
[2026-03-24 12:28:09,282][pcse.crop.phenology.Vernalisation][INFO] - Critical DVS for vernalization (VERNDVS) reached at day 1984-06-05, but vernalization requirements not yet fulfilled. Forcing vernalization now (VERN=47.688571).
[2026-03-24 12:28:09,297][pcse.crop.phenology.Vernalisation][INFO] - Critical DVS for vernalization (VERNDVS) reached at day 1984-06-06, but vernalization requirements not yet fulfilled. Forcing vernalization now (VERN=47.688571).
[2026-03-24 12:28:09,313][pcse.crop.phenology.Vernalisation][INFO] - Critical DVS for vernalization (VERNDVS) reached at day 1984-06-07, but vernalization requirements not yet fulfilled. Forcing vernalization now (VERN=47.688571).
[2026-03-24 12:28:09,328][pcse.crop.phenology.Vernalisation][INFO] - Critical DVS for vernalization (VERNDVS) reached at day 1984-06-08, but vernalization requirements not yet fulfilled. Forcing vernalization now (VERN=47.688571).
[2026-03-24 12:28:09,483][pcse.crop.phenology.Vernalisation][INFO] - Critical DVS for vernalization (VERNDVS) reached at day 1984-06-09, but vernalization requirements not yet fulfilled. Forcing vernalization now (VERN=47.688571).
[2026-03-24 12:28:09,502][pcse.crop.phenology.Vernalisation][INFO] - Critical DVS for vernalization (VERNDVS) reached at day 1984-06-10, but vernalization requirements not yet fulfilled. Forcing vernalization now (VERN=47.688571).
[2026-03-24 12:28:09,520][pcse.crop.phenology.Vernalisation][INFO] - Critical DVS for vernalization (VERNDVS) reached at day 1984-06-11, but vernalization requirements not yet fulfilled. Forcing vernalization now (VERN=47.688571).
[2026-03-24 12:28:09,538][pcse.crop.phenology.Vernalisation][INFO] - Critical DVS for vernalization (VERNDVS) reached at day 1984-06-12, but vernalization requirements not yet fulfilled. Forcing vernalization now (VERN=47.688571).
[2026-03-24 12:28:09,556][pcse.crop.phenology.Vernalisation][INFO] - Critical DVS for vernalization (VERNDVS) reached at day 1984-06-13, but vernalization requirements not yet fulfilled. Forcing vernalization now (VERN=47.688571).
[2026-03-24 12:28:09,573][pcse.crop.phenology.Vernalisation][INFO] - Critical DVS for vernalization (VERNDVS) reached at day 1984-06-14, but vernalization requirements not yet fulfilled. Forcing vernalization now (VERN=47.688571).
[2026-03-24 12:28:09,585][pcse.crop.phenology.Vernalisation][INFO] - Critical DVS for vernalization (VERNDVS) reached at day 1984-06-15, but vernalization requirements not yet fulfilled. Forcing vernalization now (VERN=47.688571).
[2026-03-24 12:28:09,599][pcse.crop.phenology.Vernalisation][INFO] - Critical DVS for vernalization (VERNDVS) reached at day 1984-06-16, but vernalization requirements not yet fulfilled. Forcing vernalization now (VERN=47.688571).
[2026-03-24 12:28:09,613][pcse.crop.phenology.Vernalisation][INFO] - Critical DVS for vernalization (VERNDVS) reached at day 1984-06-17, but vernalization requirements not yet fulfilled. Forcing vernalization now (VERN=47.688571).
[2026-03-24 12:28:09,626][pcse.crop.phenology.Vernalisation][INFO] - Critical DVS for vernalization (VERNDVS) reached at day 1984-06-18, but vernalization requirements not yet fulfilled. Forcing vernalization now (VERN=47.688571).
[2026-03-24 12:28:09,640][pcse.crop.phenology.Vernalisation][INFO] - Critical DVS for vernalization (VERNDVS) reached at day 1984-06-19, but vernalization requirements not yet fulfilled. Forcing vernalization now (VERN=47.688571).
[2026-03-24 12:28:09,654][pcse.crop.phenology.Vernalisation][INFO] - Critical DVS for vernalization (VERNDVS) reached at day 1984-06-20, but vernalization requirements not yet fulfilled. Forcing vernalization now (VERN=47.688571).
[2026-03-24 12:28:09,668][pcse.crop.phenology.Vernalisation][INFO] - Critical DVS for vernalization (VERNDVS) reached at day 1984-06-21, but vernalization requirements not yet fulfilled. Forcing vernalization now (VERN=47.688571).
[2026-03-24 12:28:09,682][pcse.crop.phenology.Vernalisation][INFO] - Critical DVS for vernalization (VERNDVS) reached at day 1984-06-22, but vernalization requirements not yet fulfilled. Forcing vernalization now (VERN=47.688571).
[2026-03-24 12:28:09,696][pcse.crop.phenology.Vernalisation][INFO] - Critical DVS for vernalization (VERNDVS) reached at day 1984-06-23, but vernalization requirements not yet fulfilled. Forcing vernalization now (VERN=47.688571).
[2026-03-24 12:28:09,710][pcse.crop.phenology.Vernalisation][INFO] - Critical DVS for vernalization (VERNDVS) reached at day 1984-06-24, but vernalization requirements not yet fulfilled. Forcing vernalization now (VERN=47.688571).
[2026-03-24 12:28:09,724][pcse.crop.phenology.Vernalisation][INFO] - Critical DVS for vernalization (VERNDVS) reached at day 1984-06-25, but vernalization requirements not yet fulfilled. Forcing vernalization now (VERN=47.688571).
[2026-03-24 12:28:09,737][pcse.crop.phenology.Vernalisation][INFO] - Critical DVS for vernalization (VERNDVS) reached at day 1984-06-26, but vernalization requirements not yet fulfilled. Forcing vernalization now (VERN=47.688571).
[2026-03-24 12:28:09,751][pcse.crop.phenology.Vernalisation][INFO] - Critical DVS for vernalization (VERNDVS) reached at day 1984-06-27, but vernalization requirements not yet fulfilled. Forcing vernalization now (VERN=47.688571).
[2026-03-24 12:28:09,764][pcse.crop.phenology.Vernalisation][INFO] - Critical DVS for vernalization (VERNDVS) reached at day 1984-06-28, but vernalization requirements not yet fulfilled. Forcing vernalization now (VERN=47.688571).
[2026-03-24 12:28:09,778][pcse.crop.phenology.Vernalisation][INFO] - Critical DVS for vernalization (VERNDVS) reached at day 1984-06-29, but vernalization requirements not yet fulfilled. Forcing vernalization now (VERN=47.688571).
[2026-03-24 12:28:09,779][pcse.crop.phenology.Annual_Phenology][INFO] - Changed phenological stage 'vegetative' to 'reproductive' on 1984-06-29
[2026-03-24 12:28:10,882][pcse.crop.phenology.Annual_Phenology][INFO] - Changed phenological stage 'reproductive' to 'mature' on 1984-09-13
[REPLAY DBG] post-agent-update step=13000 n=13000 mean=0.000488 std=0.008033 min=-0.043908 max=0.028845
[STEP DBG] step=13000 env_reward=0.000000 r_hat=-0.002661 done=False
[NORM DBG] count=13000 mean_abs_mean=62572.398438 mean_std=165.098801 min_std=0.001000 max_std=2189.292236
[2026-03-24 12:28:11,330][pcse.base.timer.Timer][INFO] - Reached end of simulation period as specified by END_DATE.
| train          | E: 54 | S: 13014 | R: -0.3413 | TR: 1.6610 | TF: 128 | LR: 0 | NR: 0 | D: 04.4 s | TD: 00.0 s | BR: 0.0005 | ALOSS: 11935.6123 | CLOSS: 1049928.3256 | TLOSS: -86.5217 | TVAL: 0.2040 | AENT: -425.0331 | BCLOSS: 0.0000
[EPISODE DBG] episode=54 step=13014 pred_return=-0.089072 true_return=0.000000 total_feedback=128 labeled_feedback=0
[2026-03-24 12:28:11,337][pcse.agromanager.SoilCalendar][INFO] - Starting soil (oregon) with variation (oregon_1) on day 1984-02-01
[2026-03-24 12:28:11,340][pcse.agromanager.CropCalendar][INFO] - Starting crop (wheat) with variety (wheat_1) on day 1984-02-01
[2026-03-24 12:28:12,582][pcse.crop.phenology.Annual_Phenology][INFO] - Changed phenological stage 'emerging' to 'vegetative' on 1984-04-10
[2026-03-24 12:28:13,600][pcse.crop.phenology.Vernalisation][INFO] - Critical DVS for vernalization (VERNDVS) reached at day 1984-06-02, but vernalization requirements not yet fulfilled. Forcing vernalization now (VERN=47.688571).
[2026-03-24 12:28:13,616][pcse.crop.phenology.Vernalisation][INFO] - Critical DVS for vernalization (VERNDVS) reached at day 1984-06-03, but vernalization requirements not yet fulfilled. Forcing vernalization now (VERN=47.688571).
[2026-03-24 12:28:13,633][pcse.crop.phenology.Vernalisation][INFO] - Critical DVS for vernalization (VERNDVS) reached at day 1984-06-04, but vernalization requirements not yet fulfilled. Forcing vernalization now (VERN=47.688571).
[2026-03-24 12:28:13,648][pcse.crop.phenology.Vernalisation][INFO] - Critical DVS for vernalization (VERNDVS) reached at day 1984-06-05, but vernalization requirements not yet fulfilled. Forcing vernalization now (VERN=47.688571).
[2026-03-24 12:28:13,664][pcse.crop.phenology.Vernalisation][INFO] - Critical DVS for vernalization (VERNDVS) reached at day 1984-06-06, but vernalization requirements not yet fulfilled. Forcing vernalization now (VERN=47.688571).
[2026-03-24 12:28:13,681][pcse.crop.phenology.Vernalisation][INFO] - Critical DVS for vernalization (VERNDVS) reached at day 1984-06-07, but vernalization requirements not yet fulfilled. Forcing vernalization now (VERN=47.688571).
[2026-03-24 12:28:13,697][pcse.crop.phenology.Vernalisation][INFO] - Critical DVS for vernalization (VERNDVS) reached at day 1984-06-08, but vernalization requirements not yet fulfilled. Forcing vernalization now (VERN=47.688571).
[2026-03-24 12:28:13,712][pcse.crop.phenology.Vernalisation][INFO] - Critical DVS for vernalization (VERNDVS) reached at day 1984-06-09, but vernalization requirements not yet fulfilled. Forcing vernalization now (VERN=47.688571).
[2026-03-24 12:28:13,729][pcse.crop.phenology.Vernalisation][INFO] - Critical DVS for vernalization (VERNDVS) reached at day 1984-06-10, but vernalization requirements not yet fulfilled. Forcing vernalization now (VERN=47.688571).
[2026-03-24 12:28:13,744][pcse.crop.phenology.Vernalisation][INFO] - Critical DVS for vernalization (VERNDVS) reached at day 1984-06-11, but vernalization requirements not yet fulfilled. Forcing vernalization now (VERN=47.688571).
[2026-03-24 12:28:13,761][pcse.crop.phenology.Vernalisation][INFO] - Critical DVS for vernalization (VERNDVS) reached at day 1984-06-12, but vernalization requirements not yet fulfilled. Forcing vernalization now (VERN=47.688571).
[2026-03-24 12:28:13,776][pcse.crop.phenology.Vernalisation][INFO] - Critical DVS for vernalization (VERNDVS) reached at day 1984-06-13, but vernalization requirements not yet fulfilled. Forcing vernalization now (VERN=47.688571).
[2026-03-24 12:28:13,792][pcse.crop.phenology.Vernalisation][INFO] - Critical DVS for vernalization (VERNDVS) reached at day 1984-06-14, but vernalization requirements not yet fulfilled. Forcing vernalization now (VERN=47.688571).
[2026-03-24 12:28:13,808][pcse.crop.phenology.Vernalisation][INFO] - Critical DVS for vernalization (VERNDVS) reached at day 1984-06-15, but vernalization requirements not yet fulfilled. Forcing vernalization now (VERN=47.688571).
[2026-03-24 12:28:13,824][pcse.crop.phenology.Vernalisation][INFO] - Critical DVS for vernalization (VERNDVS) reached at day 1984-06-16, but vernalization requirements not yet fulfilled. Forcing vernalization now (VERN=47.688571).
[2026-03-24 12:28:13,840][pcse.crop.phenology.Vernalisation][INFO] - Critical DVS for vernalization (VERNDVS) reached at day 1984-06-17, but vernalization requirements not yet fulfilled. Forcing vernalization now (VERN=47.688571).
[2026-03-24 12:28:13,856][pcse.crop.phenology.Vernalisation][INFO] - Critical DVS for vernalization (VERNDVS) reached at day 1984-06-18, but vernalization requirements not yet fulfilled. Forcing vernalization now (VERN=47.688571).
[2026-03-24 12:28:13,871][pcse.crop.phenology.Vernalisation][INFO] - Critical DVS for vernalization (VERNDVS) reached at day 1984-06-19, but vernalization requirements not yet fulfilled. Forcing vernalization now (VERN=47.688571).
[2026-03-24 12:28:13,887][pcse.crop.phenology.Vernalisation][INFO] - Critical DVS for vernalization (VERNDVS) reached at day 1984-06-20, but vernalization requirements not yet fulfilled. Forcing vernalization now (VERN=47.688571).
[2026-03-24 12:28:13,903][pcse.crop.phenology.Vernalisation][INFO] - Critical DVS for vernalization (VERNDVS) reached at day 1984-06-21, but vernalization requirements not yet fulfilled. Forcing vernalization now (VERN=47.688571).
[2026-03-24 12:28:13,919][pcse.crop.phenology.Vernalisation][INFO] - Critical DVS for vernalization (VERNDVS) reached at day 1984-06-22, but vernalization requirements not yet fulfilled. Forcing vernalization now (VERN=47.688571).
[2026-03-24 12:28:13,934][pcse.crop.phenology.Vernalisation][INFO] - Critical DVS for vernalization (VERNDVS) reached at day 1984-06-23, but vernalization requirements not yet fulfilled. Forcing vernalization now (VERN=47.688571).
[2026-03-24 12:28:13,950][pcse.crop.phenology.Vernalisation][INFO] - Critical DVS for vernalization (VERNDVS) reached at day 1984-06-24, but vernalization requirements not yet fulfilled. Forcing vernalization now (VERN=47.688571).
[2026-03-24 12:28:13,966][pcse.crop.phenology.Vernalisation][INFO] - Critical DVS for vernalization (VERNDVS) reached at day 1984-06-25, but vernalization requirements not yet fulfilled. Forcing vernalization now (VERN=47.688571).
[2026-03-24 12:28:13,982][pcse.crop.phenology.Vernalisation][INFO] - Critical DVS for vernalization (VERNDVS) reached at day 1984-06-26, but vernalization requirements not yet fulfilled. Forcing vernalization now (VERN=47.688571).
[2026-03-24 12:28:13,998][pcse.crop.phenology.Vernalisation][INFO] - Critical DVS for vernalization (VERNDVS) reached at day 1984-06-27, but vernalization requirements not yet fulfilled. Forcing vernalization now (VERN=47.688571).
[2026-03-24 12:28:14,014][pcse.crop.phenology.Vernalisation][INFO] - Critical DVS for vernalization (VERNDVS) reached at day 1984-06-28, but vernalization requirements not yet fulfilled. Forcing vernalization now (VERN=47.688571).
[2026-03-24 12:28:14,029][pcse.crop.phenology.Vernalisation][INFO] - Critical DVS for vernalization (VERNDVS) reached at day 1984-06-29, but vernalization requirements not yet fulfilled. Forcing vernalization now (VERN=47.688571).
[2026-03-24 12:28:14,029][pcse.crop.phenology.Annual_Phenology][INFO] - Changed phenological stage 'vegetative' to 'reproductive' on 1984-06-29
[2026-03-24 12:28:15,403][pcse.crop.phenology.Annual_Phenology][INFO] - Changed phenological stage 'reproductive' to 'mature' on 1984-09-13
[2026-03-24 12:28:15,671][pcse.base.timer.Timer][INFO] - Reached end of simulation period as specified by END_DATE.
| train          | E: 55 | S: 13255 | R: -0.0891 | TR: 0.0000 | TF: 128 | LR: 0 | NR: 0 | D: 04.3 s | TD: 00.0 s | BR: 0.0005 | ALOSS: 11879.6002 | CLOSS: 1180708.8108 | TLOSS: -86.2131 | TVAL: 0.2054 | AENT: -420.8129 | BCLOSS: 0.0000
[EPISODE DBG] episode=55 step=13255 pred_return=-0.065409 true_return=0.228308 total_feedback=128 labeled_feedback=0
[2026-03-24 12:28:15,678][pcse.agromanager.SoilCalendar][INFO] - Starting soil (oregon) with variation (oregon_1) on day 1984-02-01
[2026-03-24 12:28:15,681][pcse.agromanager.CropCalendar][INFO] - Starting crop (wheat) with variety (wheat_1) on day 1984-02-01
[2026-03-24 12:28:17,258][pcse.crop.phenology.Annual_Phenology][INFO] - Changed phenological stage 'emerging' to 'vegetative' on 1984-04-10
[2026-03-24 12:28:18,079][pcse.crop.phenology.Vernalisation][INFO] - Critical DVS for vernalization (VERNDVS) reached at day 1984-06-02, but vernalization requirements not yet fulfilled. Forcing vernalization now (VERN=47.688571).
[2026-03-24 12:28:18,095][pcse.crop.phenology.Vernalisation][INFO] - Critical DVS for vernalization (VERNDVS) reached at day 1984-06-03, but vernalization requirements not yet fulfilled. Forcing vernalization now (VERN=47.688571).
[2026-03-24 12:28:18,110][pcse.crop.phenology.Vernalisation][INFO] - Critical DVS for vernalization (VERNDVS) reached at day 1984-06-04, but vernalization requirements not yet fulfilled. Forcing vernalization now (VERN=47.688571).
[2026-03-24 12:28:18,126][pcse.crop.phenology.Vernalisation][INFO] - Critical DVS for vernalization (VERNDVS) reached at day 1984-06-05, but vernalization requirements not yet fulfilled. Forcing vernalization now (VERN=47.688571).
[2026-03-24 12:28:18,142][pcse.crop.phenology.Vernalisation][INFO] - Critical DVS for vernalization (VERNDVS) reached at day 1984-06-06, but vernalization requirements not yet fulfilled. Forcing vernalization now (VERN=47.688571).
[2026-03-24 12:28:18,157][pcse.crop.phenology.Vernalisation][INFO] - Critical DVS for vernalization (VERNDVS) reached at day 1984-06-07, but vernalization requirements not yet fulfilled. Forcing vernalization now (VERN=47.688571).
[2026-03-24 12:28:18,173][pcse.crop.phenology.Vernalisation][INFO] - Critical DVS for vernalization (VERNDVS) reached at day 1984-06-08, but vernalization requirements not yet fulfilled. Forcing vernalization now (VERN=47.688571).
[2026-03-24 12:28:18,188][pcse.crop.phenology.Vernalisation][INFO] - Critical DVS for vernalization (VERNDVS) reached at day 1984-06-09, but vernalization requirements not yet fulfilled. Forcing vernalization now (VERN=47.688571).
[2026-03-24 12:28:18,204][pcse.crop.phenology.Vernalisation][INFO] - Critical DVS for vernalization (VERNDVS) reached at day 1984-06-10, but vernalization requirements not yet fulfilled. Forcing vernalization now (VERN=47.688571).
[2026-03-24 12:28:18,219][pcse.crop.phenology.Vernalisation][INFO] - Critical DVS for vernalization (VERNDVS) reached at day 1984-06-11, but vernalization requirements not yet fulfilled. Forcing vernalization now (VERN=47.688571).
[2026-03-24 12:28:18,235][pcse.crop.phenology.Vernalisation][INFO] - Critical DVS for vernalization (VERNDVS) reached at day 1984-06-12, but vernalization requirements not yet fulfilled. Forcing vernalization now (VERN=47.688571).
[2026-03-24 12:28:18,250][pcse.crop.phenology.Vernalisation][INFO] - Critical DVS for vernalization (VERNDVS) reached at day 1984-06-13, but vernalization requirements not yet fulfilled. Forcing vernalization now (VERN=47.688571).
[2026-03-24 12:28:18,265][pcse.crop.phenology.Vernalisation][INFO] - Critical DVS for vernalization (VERNDVS) reached at day 1984-06-14, but vernalization requirements not yet fulfilled. Forcing vernalization now (VERN=47.688571).
[2026-03-24 12:28:18,281][pcse.crop.phenology.Vernalisation][INFO] - Critical DVS for vernalization (VERNDVS) reached at day 1984-06-15, but vernalization requirements not yet fulfilled. Forcing vernalization now (VERN=47.688571).
[2026-03-24 12:28:18,296][pcse.crop.phenology.Vernalisation][INFO] - Critical DVS for vernalization (VERNDVS) reached at day 1984-06-16, but vernalization requirements not yet fulfilled. Forcing vernalization now (VERN=47.688571).
[2026-03-24 12:28:18,312][pcse.crop.phenology.Vernalisation][INFO] - Critical DVS for vernalization (VERNDVS) reached at day 1984-06-17, but vernalization requirements not yet fulfilled. Forcing vernalization now (VERN=47.688571).
[2026-03-24 12:28:18,327][pcse.crop.phenology.Vernalisation][INFO] - Critical DVS for vernalization (VERNDVS) reached at day 1984-06-18, but vernalization requirements not yet fulfilled. Forcing vernalization now (VERN=47.688571).
[2026-03-24 12:28:18,343][pcse.crop.phenology.Vernalisation][INFO] - Critical DVS for vernalization (VERNDVS) reached at day 1984-06-19, but vernalization requirements not yet fulfilled. Forcing vernalization now (VERN=47.688571).
[2026-03-24 12:28:18,358][pcse.crop.phenology.Vernalisation][INFO] - Critical DVS for vernalization (VERNDVS) reached at day 1984-06-20, but vernalization requirements not yet fulfilled. Forcing vernalization now (VERN=47.688571).
[2026-03-24 12:28:18,373][pcse.crop.phenology.Vernalisation][INFO] - Critical DVS for vernalization (VERNDVS) reached at day 1984-06-21, but vernalization requirements not yet fulfilled. Forcing vernalization now (VERN=47.688571).
[2026-03-24 12:28:18,389][pcse.crop.phenology.Vernalisation][INFO] - Critical DVS for vernalization (VERNDVS) reached at day 1984-06-22, but vernalization requirements not yet fulfilled. Forcing vernalization now (VERN=47.688571).
[2026-03-24 12:28:18,404][pcse.crop.phenology.Vernalisation][INFO] - Critical DVS for vernalization (VERNDVS) reached at day 1984-06-23, but vernalization requirements not yet fulfilled. Forcing vernalization now (VERN=47.688571).
[2026-03-24 12:28:18,420][pcse.crop.phenology.Vernalisation][INFO] - Critical DVS for vernalization (VERNDVS) reached at day 1984-06-24, but vernalization requirements not yet fulfilled. Forcing vernalization now (VERN=47.688571).
[2026-03-24 12:28:18,435][pcse.crop.phenology.Vernalisation][INFO] - Critical DVS for vernalization (VERNDVS) reached at day 1984-06-25, but vernalization requirements not yet fulfilled. Forcing vernalization now (VERN=47.688571).
[2026-03-24 12:28:18,451][pcse.crop.phenology.Vernalisation][INFO] - Critical DVS for vernalization (VERNDVS) reached at day 1984-06-26, but vernalization requirements not yet fulfilled. Forcing vernalization now (VERN=47.688571).
[2026-03-24 12:28:18,609][pcse.crop.phenology.Vernalisation][INFO] - Critical DVS for vernalization (VERNDVS) reached at day 1984-06-27, but vernalization requirements not yet fulfilled. Forcing vernalization now (VERN=47.688571).
[2026-03-24 12:28:18,627][pcse.crop.phenology.Vernalisation][INFO] - Critical DVS for vernalization (VERNDVS) reached at day 1984-06-28, but vernalization requirements not yet fulfilled. Forcing vernalization now (VERN=47.688571).
[2026-03-24 12:28:18,645][pcse.crop.phenology.Vernalisation][INFO] - Critical DVS for vernalization (VERNDVS) reached at day 1984-06-29, but vernalization requirements not yet fulfilled. Forcing vernalization now (VERN=47.688571).
[2026-03-24 12:28:18,646][pcse.crop.phenology.Annual_Phenology][INFO] - Changed phenological stage 'vegetative' to 'reproductive' on 1984-06-29
[2026-03-24 12:28:19,839][pcse.crop.phenology.Annual_Phenology][INFO] - Changed phenological stage 'reproductive' to 'mature' on 1984-09-13
[2026-03-24 12:28:20,100][pcse.base.timer.Timer][INFO] - Reached end of simulation period as specified by END_DATE.
| train          | E: 56 | S: 13496 | R: -0.0654 | TR: 0.2283 | TF: 128 | LR: 0 | NR: 0 | D: 04.4 s | TD: 00.0 s | BR: 0.0005 | ALOSS: 11828.4760 | CLOSS: 1035565.4232 | TLOSS: -86.2522 | TVAL: 0.2068 | AENT: -418.0021 | BCLOSS: 0.0000
[EPISODE DBG] episode=56 step=13496 pred_return=-0.093166 true_return=0.000000 total_feedback=128 labeled_feedback=0
[2026-03-24 12:28:20,107][pcse.agromanager.SoilCalendar][INFO] - Starting soil (oregon) with variation (oregon_1) on day 1984-02-01
[2026-03-24 12:28:20,110][pcse.agromanager.CropCalendar][INFO] - Starting crop (wheat) with variety (wheat_1) on day 1984-02-01
[REPLAY DBG] post-agent-update step=13500 n=13500 mean=0.000454 std=0.007981 min=-0.043908 max=0.028845
[STEP DBG] step=13500 env_reward=0.000000 r_hat=-0.030730 done=False
[NORM DBG] count=13500 mean_abs_mean=62570.375000 mean_std=162.593903 min_std=0.001000 max_std=2152.952393
[2026-03-24 12:28:21,499][pcse.crop.phenology.Annual_Phenology][INFO] - Changed phenological stage 'emerging' to 'vegetative' on 1984-04-10
[2026-03-24 12:28:22,469][pcse.crop.phenology.Vernalisation][INFO] - Critical DVS for vernalization (VERNDVS) reached at day 1984-06-02, but vernalization requirements not yet fulfilled. Forcing vernalization now (VERN=47.688571).
[2026-03-24 12:28:22,482][pcse.crop.phenology.Vernalisation][INFO] - Critical DVS for vernalization (VERNDVS) reached at day 1984-06-03, but vernalization requirements not yet fulfilled. Forcing vernalization now (VERN=47.688571).
[2026-03-24 12:28:22,496][pcse.crop.phenology.Vernalisation][INFO] - Critical DVS for vernalization (VERNDVS) reached at day 1984-06-04, but vernalization requirements not yet fulfilled. Forcing vernalization now (VERN=47.688571).
[2026-03-24 12:28:22,510][pcse.crop.phenology.Vernalisation][INFO] - Critical DVS for vernalization (VERNDVS) reached at day 1984-06-05, but vernalization requirements not yet fulfilled. Forcing vernalization now (VERN=47.688571).
[2026-03-24 12:28:22,524][pcse.crop.phenology.Vernalisation][INFO] - Critical DVS for vernalization (VERNDVS) reached at day 1984-06-06, but vernalization requirements not yet fulfilled. Forcing vernalization now (VERN=47.688571).
[2026-03-24 12:28:22,537][pcse.crop.phenology.Vernalisation][INFO] - Critical DVS for vernalization (VERNDVS) reached at day 1984-06-07, but vernalization requirements not yet fulfilled. Forcing vernalization now (VERN=47.688571).
[2026-03-24 12:28:22,551][pcse.crop.phenology.Vernalisation][INFO] - Critical DVS for vernalization (VERNDVS) reached at day 1984-06-08, but vernalization requirements not yet fulfilled. Forcing vernalization now (VERN=47.688571).
[2026-03-24 12:28:22,565][pcse.crop.phenology.Vernalisation][INFO] - Critical DVS for vernalization (VERNDVS) reached at day 1984-06-09, but vernalization requirements not yet fulfilled. Forcing vernalization now (VERN=47.688571).
[2026-03-24 12:28:22,579][pcse.crop.phenology.Vernalisation][INFO] - Critical DVS for vernalization (VERNDVS) reached at day 1984-06-10, but vernalization requirements not yet fulfilled. Forcing vernalization now (VERN=47.688571).
[2026-03-24 12:28:22,593][pcse.crop.phenology.Vernalisation][INFO] - Critical DVS for vernalization (VERNDVS) reached at day 1984-06-11, but vernalization requirements not yet fulfilled. Forcing vernalization now (VERN=47.688571).
[2026-03-24 12:28:22,606][pcse.crop.phenology.Vernalisation][INFO] - Critical DVS for vernalization (VERNDVS) reached at day 1984-06-12, but vernalization requirements not yet fulfilled. Forcing vernalization now (VERN=47.688571).
[2026-03-24 12:28:22,620][pcse.crop.phenology.Vernalisation][INFO] - Critical DVS for vernalization (VERNDVS) reached at day 1984-06-13, but vernalization requirements not yet fulfilled. Forcing vernalization now (VERN=47.688571).
[2026-03-24 12:28:22,634][pcse.crop.phenology.Vernalisation][INFO] - Critical DVS for vernalization (VERNDVS) reached at day 1984-06-14, but vernalization requirements not yet fulfilled. Forcing vernalization now (VERN=47.688571).
[2026-03-24 12:28:22,647][pcse.crop.phenology.Vernalisation][INFO] - Critical DVS for vernalization (VERNDVS) reached at day 1984-06-15, but vernalization requirements not yet fulfilled. Forcing vernalization now (VERN=47.688571).
[2026-03-24 12:28:22,661][pcse.crop.phenology.Vernalisation][INFO] - Critical DVS for vernalization (VERNDVS) reached at day 1984-06-16, but vernalization requirements not yet fulfilled. Forcing vernalization now (VERN=47.688571).
[2026-03-24 12:28:22,674][pcse.crop.phenology.Vernalisation][INFO] - Critical DVS for vernalization (VERNDVS) reached at day 1984-06-17, but vernalization requirements not yet fulfilled. Forcing vernalization now (VERN=47.688571).
[2026-03-24 12:28:22,688][pcse.crop.phenology.Vernalisation][INFO] - Critical DVS for vernalization (VERNDVS) reached at day 1984-06-18, but vernalization requirements not yet fulfilled. Forcing vernalization now (VERN=47.688571).
[2026-03-24 12:28:22,702][pcse.crop.phenology.Vernalisation][INFO] - Critical DVS for vernalization (VERNDVS) reached at day 1984-06-19, but vernalization requirements not yet fulfilled. Forcing vernalization now (VERN=47.688571).
[2026-03-24 12:28:22,715][pcse.crop.phenology.Vernalisation][INFO] - Critical DVS for vernalization (VERNDVS) reached at day 1984-06-20, but vernalization requirements not yet fulfilled. Forcing vernalization now (VERN=47.688571).
[2026-03-24 12:28:22,729][pcse.crop.phenology.Vernalisation][INFO] - Critical DVS for vernalization (VERNDVS) reached at day 1984-06-21, but vernalization requirements not yet fulfilled. Forcing vernalization now (VERN=47.688571).
[2026-03-24 12:28:22,743][pcse.crop.phenology.Vernalisation][INFO] - Critical DVS for vernalization (VERNDVS) reached at day 1984-06-22, but vernalization requirements not yet fulfilled. Forcing vernalization now (VERN=47.688571).
[2026-03-24 12:28:22,756][pcse.crop.phenology.Vernalisation][INFO] - Critical DVS for vernalization (VERNDVS) reached at day 1984-06-23, but vernalization requirements not yet fulfilled. Forcing vernalization now (VERN=47.688571).
[2026-03-24 12:28:22,770][pcse.crop.phenology.Vernalisation][INFO] - Critical DVS for vernalization (VERNDVS) reached at day 1984-06-24, but vernalization requirements not yet fulfilled. Forcing vernalization now (VERN=47.688571).
[2026-03-24 12:28:22,784][pcse.crop.phenology.Vernalisation][INFO] - Critical DVS for vernalization (VERNDVS) reached at day 1984-06-25, but vernalization requirements not yet fulfilled. Forcing vernalization now (VERN=47.688571).
[2026-03-24 12:28:22,797][pcse.crop.phenology.Vernalisation][INFO] - Critical DVS for vernalization (VERNDVS) reached at day 1984-06-26, but vernalization requirements not yet fulfilled. Forcing vernalization now (VERN=47.688571).
[2026-03-24 12:28:22,811][pcse.crop.phenology.Vernalisation][INFO] - Critical DVS for vernalization (VERNDVS) reached at day 1984-06-27, but vernalization requirements not yet fulfilled. Forcing vernalization now (VERN=47.688571).
[2026-03-24 12:28:22,825][pcse.crop.phenology.Vernalisation][INFO] - Critical DVS for vernalization (VERNDVS) reached at day 1984-06-28, but vernalization requirements not yet fulfilled. Forcing vernalization now (VERN=47.688571).
[2026-03-24 12:28:22,838][pcse.crop.phenology.Vernalisation][INFO] - Critical DVS for vernalization (VERNDVS) reached at day 1984-06-29, but vernalization requirements not yet fulfilled. Forcing vernalization now (VERN=47.688571).
[2026-03-24 12:28:22,838][pcse.crop.phenology.Annual_Phenology][INFO] - Changed phenological stage 'vegetative' to 'reproductive' on 1984-06-29
[2026-03-24 12:28:24,084][pcse.crop.phenology.Annual_Phenology][INFO] - Changed phenological stage 'reproductive' to 'mature' on 1984-09-13
[2026-03-24 12:28:24,317][pcse.base.timer.Timer][INFO] - Reached end of simulation period as specified by END_DATE.
| train          | E: 57 | S: 13737 | R: -0.0932 | TR: 0.0000 | TF: 128 | LR: 0 | NR: 0 | D: 04.2 s | TD: 00.0 s | BR: 0.0004 | ALOSS: 11766.2059 | CLOSS: 1104075.6812 | TLOSS: -86.1072 | TVAL: 0.2085 | AENT: -413.9911 | BCLOSS: 0.0000
[EPISODE DBG] episode=57 step=13737 pred_return=-0.069163 true_return=0.228308 total_feedback=128 labeled_feedback=0
[2026-03-24 12:28:24,323][pcse.agromanager.SoilCalendar][INFO] - Starting soil (oregon) with variation (oregon_1) on day 1984-02-01
[2026-03-24 12:28:24,324][pcse.agromanager.CropCalendar][INFO] - Starting crop (wheat) with variety (wheat_1) on day 1984-02-01
[2026-03-24 12:28:25,741][pcse.crop.phenology.Annual_Phenology][INFO] - Changed phenological stage 'emerging' to 'vegetative' on 1984-04-10
[2026-03-24 12:28:26,573][pcse.crop.phenology.Vernalisation][INFO] - Critical DVS for vernalization (VERNDVS) reached at day 1984-06-02, but vernalization requirements not yet fulfilled. Forcing vernalization now (VERN=47.688571).
[2026-03-24 12:28:26,589][pcse.crop.phenology.Vernalisation][INFO] - Critical DVS for vernalization (VERNDVS) reached at day 1984-06-03, but vernalization requirements not yet fulfilled. Forcing vernalization now (VERN=47.688571).
[2026-03-24 12:28:26,605][pcse.crop.phenology.Vernalisation][INFO] - Critical DVS for vernalization (VERNDVS) reached at day 1984-06-04, but vernalization requirements not yet fulfilled. Forcing vernalization now (VERN=47.688571).
[2026-03-24 12:28:26,621][pcse.crop.phenology.Vernalisation][INFO] - Critical DVS for vernalization (VERNDVS) reached at day 1984-06-05, but vernalization requirements not yet fulfilled. Forcing vernalization now (VERN=47.688571).
[2026-03-24 12:28:26,637][pcse.crop.phenology.Vernalisation][INFO] - Critical DVS for vernalization (VERNDVS) reached at day 1984-06-06, but vernalization requirements not yet fulfilled. Forcing vernalization now (VERN=47.688571).
[2026-03-24 12:28:26,653][pcse.crop.phenology.Vernalisation][INFO] - Critical DVS for vernalization (VERNDVS) reached at day 1984-06-07, but vernalization requirements not yet fulfilled. Forcing vernalization now (VERN=47.688571).
[2026-03-24 12:28:26,669][pcse.crop.phenology.Vernalisation][INFO] - Critical DVS for vernalization (VERNDVS) reached at day 1984-06-08, but vernalization requirements not yet fulfilled. Forcing vernalization now (VERN=47.688571).
[2026-03-24 12:28:26,684][pcse.crop.phenology.Vernalisation][INFO] - Critical DVS for vernalization (VERNDVS) reached at day 1984-06-09, but vernalization requirements not yet fulfilled. Forcing vernalization now (VERN=47.688571).
[2026-03-24 12:28:26,700][pcse.crop.phenology.Vernalisation][INFO] - Critical DVS for vernalization (VERNDVS) reached at day 1984-06-10, but vernalization requirements not yet fulfilled. Forcing vernalization now (VERN=47.688571).
[2026-03-24 12:28:26,716][pcse.crop.phenology.Vernalisation][INFO] - Critical DVS for vernalization (VERNDVS) reached at day 1984-06-11, but vernalization requirements not yet fulfilled. Forcing vernalization now (VERN=47.688571).
[2026-03-24 12:28:26,732][pcse.crop.phenology.Vernalisation][INFO] - Critical DVS for vernalization (VERNDVS) reached at day 1984-06-12, but vernalization requirements not yet fulfilled. Forcing vernalization now (VERN=47.688571).
[2026-03-24 12:28:26,748][pcse.crop.phenology.Vernalisation][INFO] - Critical DVS for vernalization (VERNDVS) reached at day 1984-06-13, but vernalization requirements not yet fulfilled. Forcing vernalization now (VERN=47.688571).
[2026-03-24 12:28:26,764][pcse.crop.phenology.Vernalisation][INFO] - Critical DVS for vernalization (VERNDVS) reached at day 1984-06-14, but vernalization requirements not yet fulfilled. Forcing vernalization now (VERN=47.688571).
[2026-03-24 12:28:26,780][pcse.crop.phenology.Vernalisation][INFO] - Critical DVS for vernalization (VERNDVS) reached at day 1984-06-15, but vernalization requirements not yet fulfilled. Forcing vernalization now (VERN=47.688571).
[2026-03-24 12:28:26,796][pcse.crop.phenology.Vernalisation][INFO] - Critical DVS for vernalization (VERNDVS) reached at day 1984-06-16, but vernalization requirements not yet fulfilled. Forcing vernalization now (VERN=47.688571).
[2026-03-24 12:28:26,812][pcse.crop.phenology.Vernalisation][INFO] - Critical DVS for vernalization (VERNDVS) reached at day 1984-06-17, but vernalization requirements not yet fulfilled. Forcing vernalization now (VERN=47.688571).
[2026-03-24 12:28:26,827][pcse.crop.phenology.Vernalisation][INFO] - Critical DVS for vernalization (VERNDVS) reached at day 1984-06-18, but vernalization requirements not yet fulfilled. Forcing vernalization now (VERN=47.688571).
[2026-03-24 12:28:26,843][pcse.crop.phenology.Vernalisation][INFO] - Critical DVS for vernalization (VERNDVS) reached at day 1984-06-19, but vernalization requirements not yet fulfilled. Forcing vernalization now (VERN=47.688571).
[2026-03-24 12:28:26,859][pcse.crop.phenology.Vernalisation][INFO] - Critical DVS for vernalization (VERNDVS) reached at day 1984-06-20, but vernalization requirements not yet fulfilled. Forcing vernalization now (VERN=47.688571).
[2026-03-24 12:28:26,875][pcse.crop.phenology.Vernalisation][INFO] - Critical DVS for vernalization (VERNDVS) reached at day 1984-06-21, but vernalization requirements not yet fulfilled. Forcing vernalization now (VERN=47.688571).
[2026-03-24 12:28:26,891][pcse.crop.phenology.Vernalisation][INFO] - Critical DVS for vernalization (VERNDVS) reached at day 1984-06-22, but vernalization requirements not yet fulfilled. Forcing vernalization now (VERN=47.688571).
[2026-03-24 12:28:26,906][pcse.crop.phenology.Vernalisation][INFO] - Critical DVS for vernalization (VERNDVS) reached at day 1984-06-23, but vernalization requirements not yet fulfilled. Forcing vernalization now (VERN=47.688571).
[2026-03-24 12:28:26,923][pcse.crop.phenology.Vernalisation][INFO] - Critical DVS for vernalization (VERNDVS) reached at day 1984-06-24, but vernalization requirements not yet fulfilled. Forcing vernalization now (VERN=47.688571).
[2026-03-24 12:28:26,939][pcse.crop.phenology.Vernalisation][INFO] - Critical DVS for vernalization (VERNDVS) reached at day 1984-06-25, but vernalization requirements not yet fulfilled. Forcing vernalization now (VERN=47.688571).
[2026-03-24 12:28:26,955][pcse.crop.phenology.Vernalisation][INFO] - Critical DVS for vernalization (VERNDVS) reached at day 1984-06-26, but vernalization requirements not yet fulfilled. Forcing vernalization now (VERN=47.688571).
[2026-03-24 12:28:26,971][pcse.crop.phenology.Vernalisation][INFO] - Critical DVS for vernalization (VERNDVS) reached at day 1984-06-27, but vernalization requirements not yet fulfilled. Forcing vernalization now (VERN=47.688571).
[2026-03-24 12:28:26,987][pcse.crop.phenology.Vernalisation][INFO] - Critical DVS for vernalization (VERNDVS) reached at day 1984-06-28, but vernalization requirements not yet fulfilled. Forcing vernalization now (VERN=47.688571).
[2026-03-24 12:28:27,003][pcse.crop.phenology.Vernalisation][INFO] - Critical DVS for vernalization (VERNDVS) reached at day 1984-06-29, but vernalization requirements not yet fulfilled. Forcing vernalization now (VERN=47.688571).
[2026-03-24 12:28:27,003][pcse.crop.phenology.Annual_Phenology][INFO] - Changed phenological stage 'vegetative' to 'reproductive' on 1984-06-29
[2026-03-24 12:28:28,284][pcse.crop.phenology.Annual_Phenology][INFO] - Changed phenological stage 'reproductive' to 'mature' on 1984-09-13
[2026-03-24 12:28:28,515][pcse.base.timer.Timer][INFO] - Reached end of simulation period as specified by END_DATE.
| train          | E: 58 | S: 13978 | R: -0.0692 | TR: 0.2283 | TF: 128 | LR: 0 | NR: 0 | D: 04.2 s | TD: 00.0 s | BR: 0.0005 | ALOSS: 11703.7414 | CLOSS: 1167349.0810 | TLOSS: -86.4945 | TVAL: 0.2104 | AENT: -412.1834 | BCLOSS: 0.0000
[EPISODE DBG] episode=58 step=13978 pred_return=-0.098131 true_return=0.000000 total_feedback=128 labeled_feedback=0
[2026-03-24 12:28:28,521][pcse.agromanager.SoilCalendar][INFO] - Starting soil (oregon) with variation (oregon_1) on day 1984-02-01
[2026-03-24 12:28:28,522][pcse.agromanager.CropCalendar][INFO] - Starting crop (wheat) with variety (wheat_1) on day 1984-02-01
[REPLAY DBG] post-agent-update step=14000 n=14000 mean=0.000428 std=0.007937 min=-0.043908 max=0.028845
[STEP DBG] step=14000 env_reward=0.000000 r_hat=0.011836 done=False
[NORM DBG] count=14000 mean_abs_mean=62568.468750 mean_std=160.196548 min_std=0.001000 max_std=2118.330078
[2026-03-24 12:28:29,683][pcse.crop.phenology.Annual_Phenology][INFO] - Changed phenological stage 'emerging' to 'vegetative' on 1984-04-10
[2026-03-24 12:28:30,394][pcse.crop.phenology.Vernalisation][INFO] - Critical DVS for vernalization (VERNDVS) reached at day 1984-06-02, but vernalization requirements not yet fulfilled. Forcing vernalization now (VERN=47.688571).
[2026-03-24 12:28:30,408][pcse.crop.phenology.Vernalisation][INFO] - Critical DVS for vernalization (VERNDVS) reached at day 1984-06-03, but vernalization requirements not yet fulfilled. Forcing vernalization now (VERN=47.688571).
[2026-03-24 12:28:30,572][pcse.crop.phenology.Vernalisation][INFO] - Critical DVS for vernalization (VERNDVS) reached at day 1984-06-04, but vernalization requirements not yet fulfilled. Forcing vernalization now (VERN=47.688571).
[2026-03-24 12:28:30,590][pcse.crop.phenology.Vernalisation][INFO] - Critical DVS for vernalization (VERNDVS) reached at day 1984-06-05, but vernalization requirements not yet fulfilled. Forcing vernalization now (VERN=47.688571).
[2026-03-24 12:28:30,608][pcse.crop.phenology.Vernalisation][INFO] - Critical DVS for vernalization (VERNDVS) reached at day 1984-06-06, but vernalization requirements not yet fulfilled. Forcing vernalization now (VERN=47.688571).
[2026-03-24 12:28:30,626][pcse.crop.phenology.Vernalisation][INFO] - Critical DVS for vernalization (VERNDVS) reached at day 1984-06-07, but vernalization requirements not yet fulfilled. Forcing vernalization now (VERN=47.688571).
[2026-03-24 12:28:30,645][pcse.crop.phenology.Vernalisation][INFO] - Critical DVS for vernalization (VERNDVS) reached at day 1984-06-08, but vernalization requirements not yet fulfilled. Forcing vernalization now (VERN=47.688571).
[2026-03-24 12:28:30,662][pcse.crop.phenology.Vernalisation][INFO] - Critical DVS for vernalization (VERNDVS) reached at day 1984-06-09, but vernalization requirements not yet fulfilled. Forcing vernalization now (VERN=47.688571).
[2026-03-24 12:28:30,677][pcse.crop.phenology.Vernalisation][INFO] - Critical DVS for vernalization (VERNDVS) reached at day 1984-06-10, but vernalization requirements not yet fulfilled. Forcing vernalization now (VERN=47.688571).
[2026-03-24 12:28:30,693][pcse.crop.phenology.Vernalisation][INFO] - Critical DVS for vernalization (VERNDVS) reached at day 1984-06-11, but vernalization requirements not yet fulfilled. Forcing vernalization now (VERN=47.688571).
[2026-03-24 12:28:30,709][pcse.crop.phenology.Vernalisation][INFO] - Critical DVS for vernalization (VERNDVS) reached at day 1984-06-12, but vernalization requirements not yet fulfilled. Forcing vernalization now (VERN=47.688571).
[2026-03-24 12:28:30,725][pcse.crop.phenology.Vernalisation][INFO] - Critical DVS for vernalization (VERNDVS) reached at day 1984-06-13, but vernalization requirements not yet fulfilled. Forcing vernalization now (VERN=47.688571).
[2026-03-24 12:28:30,740][pcse.crop.phenology.Vernalisation][INFO] - Critical DVS for vernalization (VERNDVS) reached at day 1984-06-14, but vernalization requirements not yet fulfilled. Forcing vernalization now (VERN=47.688571).
[2026-03-24 12:28:30,756][pcse.crop.phenology.Vernalisation][INFO] - Critical DVS for vernalization (VERNDVS) reached at day 1984-06-15, but vernalization requirements not yet fulfilled. Forcing vernalization now (VERN=47.688571).
[2026-03-24 12:28:30,772][pcse.crop.phenology.Vernalisation][INFO] - Critical DVS for vernalization (VERNDVS) reached at day 1984-06-16, but vernalization requirements not yet fulfilled. Forcing vernalization now (VERN=47.688571).
[2026-03-24 12:28:30,788][pcse.crop.phenology.Vernalisation][INFO] - Critical DVS for vernalization (VERNDVS) reached at day 1984-06-17, but vernalization requirements not yet fulfilled. Forcing vernalization now (VERN=47.688571).
[2026-03-24 12:28:30,804][pcse.crop.phenology.Vernalisation][INFO] - Critical DVS for vernalization (VERNDVS) reached at day 1984-06-18, but vernalization requirements not yet fulfilled. Forcing vernalization now (VERN=47.688571).
[2026-03-24 12:28:30,819][pcse.crop.phenology.Vernalisation][INFO] - Critical DVS for vernalization (VERNDVS) reached at day 1984-06-19, but vernalization requirements not yet fulfilled. Forcing vernalization now (VERN=47.688571).
[2026-03-24 12:28:30,835][pcse.crop.phenology.Vernalisation][INFO] - Critical DVS for vernalization (VERNDVS) reached at day 1984-06-20, but vernalization requirements not yet fulfilled. Forcing vernalization now (VERN=47.688571).
[2026-03-24 12:28:30,850][pcse.crop.phenology.Vernalisation][INFO] - Critical DVS for vernalization (VERNDVS) reached at day 1984-06-21, but vernalization requirements not yet fulfilled. Forcing vernalization now (VERN=47.688571).
[2026-03-24 12:28:30,866][pcse.crop.phenology.Vernalisation][INFO] - Critical DVS for vernalization (VERNDVS) reached at day 1984-06-22, but vernalization requirements not yet fulfilled. Forcing vernalization now (VERN=47.688571).
[2026-03-24 12:28:30,882][pcse.crop.phenology.Vernalisation][INFO] - Critical DVS for vernalization (VERNDVS) reached at day 1984-06-23, but vernalization requirements not yet fulfilled. Forcing vernalization now (VERN=47.688571).
[2026-03-24 12:28:30,897][pcse.crop.phenology.Vernalisation][INFO] - Critical DVS for vernalization (VERNDVS) reached at day 1984-06-24, but vernalization requirements not yet fulfilled. Forcing vernalization now (VERN=47.688571).
[2026-03-24 12:28:30,913][pcse.crop.phenology.Vernalisation][INFO] - Critical DVS for vernalization (VERNDVS) reached at day 1984-06-25, but vernalization requirements not yet fulfilled. Forcing vernalization now (VERN=47.688571).
[2026-03-24 12:28:30,929][pcse.crop.phenology.Vernalisation][INFO] - Critical DVS for vernalization (VERNDVS) reached at day 1984-06-26, but vernalization requirements not yet fulfilled. Forcing vernalization now (VERN=47.688571).
[2026-03-24 12:28:30,945][pcse.crop.phenology.Vernalisation][INFO] - Critical DVS for vernalization (VERNDVS) reached at day 1984-06-27, but vernalization requirements not yet fulfilled. Forcing vernalization now (VERN=47.688571).
[2026-03-24 12:28:30,961][pcse.crop.phenology.Vernalisation][INFO] - Critical DVS for vernalization (VERNDVS) reached at day 1984-06-28, but vernalization requirements not yet fulfilled. Forcing vernalization now (VERN=47.688571).
[2026-03-24 12:28:30,977][pcse.crop.phenology.Vernalisation][INFO] - Critical DVS for vernalization (VERNDVS) reached at day 1984-06-29, but vernalization requirements not yet fulfilled. Forcing vernalization now (VERN=47.688571).
[2026-03-24 12:28:30,977][pcse.crop.phenology.Annual_Phenology][INFO] - Changed phenological stage 'vegetative' to 'reproductive' on 1984-06-29
[2026-03-24 12:28:32,312][pcse.crop.phenology.Annual_Phenology][INFO] - Changed phenological stage 'reproductive' to 'mature' on 1984-09-13
[2026-03-24 12:28:32,584][pcse.base.timer.Timer][INFO] - Reached end of simulation period as specified by END_DATE.
| train          | E: 59 | S: 14219 | R: -0.0981 | TR: 0.0000 | TF: 128 | LR: 0 | NR: 0 | D: 04.1 s | TD: 00.0 s | BR: 0.0004 | ALOSS: 11594.8305 | CLOSS: 1168622.9313 | TLOSS: -86.4528 | TVAL: 0.2124 | AENT: -407.9679 | BCLOSS: 0.0000
[EPISODE DBG] episode=59 step=14219 pred_return=-0.073735 true_return=0.228308 total_feedback=128 labeled_feedback=0
[2026-03-24 12:28:32,591][pcse.agromanager.SoilCalendar][INFO] - Starting soil (oregon) with variation (oregon_1) on day 1984-02-01
[2026-03-24 12:28:32,594][pcse.agromanager.CropCalendar][INFO] - Starting crop (wheat) with variety (wheat_1) on day 1984-02-01
[2026-03-24 12:28:33,841][pcse.crop.phenology.Annual_Phenology][INFO] - Changed phenological stage 'emerging' to 'vegetative' on 1984-04-10
[2026-03-24 12:28:34,761][pcse.crop.phenology.Vernalisation][INFO] - Critical DVS for vernalization (VERNDVS) reached at day 1984-06-02, but vernalization requirements not yet fulfilled. Forcing vernalization now (VERN=47.688571).
[2026-03-24 12:28:34,775][pcse.crop.phenology.Vernalisation][INFO] - Critical DVS for vernalization (VERNDVS) reached at day 1984-06-03, but vernalization requirements not yet fulfilled. Forcing vernalization now (VERN=47.688571).
[2026-03-24 12:28:34,789][pcse.crop.phenology.Vernalisation][INFO] - Critical DVS for vernalization (VERNDVS) reached at day 1984-06-04, but vernalization requirements not yet fulfilled. Forcing vernalization now (VERN=47.688571).
[2026-03-24 12:28:34,802][pcse.crop.phenology.Vernalisation][INFO] - Critical DVS for vernalization (VERNDVS) reached at day 1984-06-05, but vernalization requirements not yet fulfilled. Forcing vernalization now (VERN=47.688571).
[2026-03-24 12:28:34,816][pcse.crop.phenology.Vernalisation][INFO] - Critical DVS for vernalization (VERNDVS) reached at day 1984-06-06, but vernalization requirements not yet fulfilled. Forcing vernalization now (VERN=47.688571).
[2026-03-24 12:28:34,830][pcse.crop.phenology.Vernalisation][INFO] - Critical DVS for vernalization (VERNDVS) reached at day 1984-06-07, but vernalization requirements not yet fulfilled. Forcing vernalization now (VERN=47.688571).
[2026-03-24 12:28:34,843][pcse.crop.phenology.Vernalisation][INFO] - Critical DVS for vernalization (VERNDVS) reached at day 1984-06-08, but vernalization requirements not yet fulfilled. Forcing vernalization now (VERN=47.688571).
[2026-03-24 12:28:34,857][pcse.crop.phenology.Vernalisation][INFO] - Critical DVS for vernalization (VERNDVS) reached at day 1984-06-09, but vernalization requirements not yet fulfilled. Forcing vernalization now (VERN=47.688571).
[2026-03-24 12:28:34,870][pcse.crop.phenology.Vernalisation][INFO] - Critical DVS for vernalization (VERNDVS) reached at day 1984-06-10, but vernalization requirements not yet fulfilled. Forcing vernalization now (VERN=47.688571).
[2026-03-24 12:28:34,884][pcse.crop.phenology.Vernalisation][INFO] - Critical DVS for vernalization (VERNDVS) reached at day 1984-06-11, but vernalization requirements not yet fulfilled. Forcing vernalization now (VERN=47.688571).
[2026-03-24 12:28:34,898][pcse.crop.phenology.Vernalisation][INFO] - Critical DVS for vernalization (VERNDVS) reached at day 1984-06-12, but vernalization requirements not yet fulfilled. Forcing vernalization now (VERN=47.688571).
[2026-03-24 12:28:34,912][pcse.crop.phenology.Vernalisation][INFO] - Critical DVS for vernalization (VERNDVS) reached at day 1984-06-13, but vernalization requirements not yet fulfilled. Forcing vernalization now (VERN=47.688571).
[2026-03-24 12:28:34,925][pcse.crop.phenology.Vernalisation][INFO] - Critical DVS for vernalization (VERNDVS) reached at day 1984-06-14, but vernalization requirements not yet fulfilled. Forcing vernalization now (VERN=47.688571).
[2026-03-24 12:28:34,939][pcse.crop.phenology.Vernalisation][INFO] - Critical DVS for vernalization (VERNDVS) reached at day 1984-06-15, but vernalization requirements not yet fulfilled. Forcing vernalization now (VERN=47.688571).
[2026-03-24 12:28:34,952][pcse.crop.phenology.Vernalisation][INFO] - Critical DVS for vernalization (VERNDVS) reached at day 1984-06-16, but vernalization requirements not yet fulfilled. Forcing vernalization now (VERN=47.688571).
[2026-03-24 12:28:34,966][pcse.crop.phenology.Vernalisation][INFO] - Critical DVS for vernalization (VERNDVS) reached at day 1984-06-17, but vernalization requirements not yet fulfilled. Forcing vernalization now (VERN=47.688571).
[2026-03-24 12:28:34,979][pcse.crop.phenology.Vernalisation][INFO] - Critical DVS for vernalization (VERNDVS) reached at day 1984-06-18, but vernalization requirements not yet fulfilled. Forcing vernalization now (VERN=47.688571).
[2026-03-24 12:28:34,993][pcse.crop.phenology.Vernalisation][INFO] - Critical DVS for vernalization (VERNDVS) reached at day 1984-06-19, but vernalization requirements not yet fulfilled. Forcing vernalization now (VERN=47.688571).
[2026-03-24 12:28:35,007][pcse.crop.phenology.Vernalisation][INFO] - Critical DVS for vernalization (VERNDVS) reached at day 1984-06-20, but vernalization requirements not yet fulfilled. Forcing vernalization now (VERN=47.688571).
[2026-03-24 12:28:35,020][pcse.crop.phenology.Vernalisation][INFO] - Critical DVS for vernalization (VERNDVS) reached at day 1984-06-21, but vernalization requirements not yet fulfilled. Forcing vernalization now (VERN=47.688571).
[2026-03-24 12:28:35,034][pcse.crop.phenology.Vernalisation][INFO] - Critical DVS for vernalization (VERNDVS) reached at day 1984-06-22, but vernalization requirements not yet fulfilled. Forcing vernalization now (VERN=47.688571).
[2026-03-24 12:28:35,047][pcse.crop.phenology.Vernalisation][INFO] - Critical DVS for vernalization (VERNDVS) reached at day 1984-06-23, but vernalization requirements not yet fulfilled. Forcing vernalization now (VERN=47.688571).
[2026-03-24 12:28:35,061][pcse.crop.phenology.Vernalisation][INFO] - Critical DVS for vernalization (VERNDVS) reached at day 1984-06-24, but vernalization requirements not yet fulfilled. Forcing vernalization now (VERN=47.688571).
[2026-03-24 12:28:35,074][pcse.crop.phenology.Vernalisation][INFO] - Critical DVS for vernalization (VERNDVS) reached at day 1984-06-25, but vernalization requirements not yet fulfilled. Forcing vernalization now (VERN=47.688571).
[2026-03-24 12:28:35,088][pcse.crop.phenology.Vernalisation][INFO] - Critical DVS for vernalization (VERNDVS) reached at day 1984-06-26, but vernalization requirements not yet fulfilled. Forcing vernalization now (VERN=47.688571).
[2026-03-24 12:28:35,102][pcse.crop.phenology.Vernalisation][INFO] - Critical DVS for vernalization (VERNDVS) reached at day 1984-06-27, but vernalization requirements not yet fulfilled. Forcing vernalization now (VERN=47.688571).
[2026-03-24 12:28:35,115][pcse.crop.phenology.Vernalisation][INFO] - Critical DVS for vernalization (VERNDVS) reached at day 1984-06-28, but vernalization requirements not yet fulfilled. Forcing vernalization now (VERN=47.688571).
[2026-03-24 12:28:35,129][pcse.crop.phenology.Vernalisation][INFO] - Critical DVS for vernalization (VERNDVS) reached at day 1984-06-29, but vernalization requirements not yet fulfilled. Forcing vernalization now (VERN=47.688571).
[2026-03-24 12:28:35,129][pcse.crop.phenology.Annual_Phenology][INFO] - Changed phenological stage 'vegetative' to 'reproductive' on 1984-06-29
[2026-03-24 12:28:36,418][pcse.crop.phenology.Annual_Phenology][INFO] - Changed phenological stage 'reproductive' to 'mature' on 1984-09-13
[2026-03-24 12:28:36,684][pcse.base.timer.Timer][INFO] - Reached end of simulation period as specified by END_DATE.
| train          | E: 60 | S: 14460 | R: -0.0737 | TR: 0.2283 | TF: 128 | LR: 0 | NR: 0 | D: 04.1 s | TD: 00.0 s | BR: 0.0004 | ALOSS: 11424.8807 | CLOSS: 1245008.6158 | TLOSS: -87.1703 | TVAL: 0.2147 | AENT: -406.9270 | BCLOSS: 0.0000
[EPISODE DBG] episode=60 step=14460 pred_return=-0.103989 true_return=0.000000 total_feedback=128 labeled_feedback=0
[2026-03-24 12:28:36,691][pcse.agromanager.SoilCalendar][INFO] - Starting soil (oregon) with variation (oregon_1) on day 1984-02-01
[2026-03-24 12:28:36,694][pcse.agromanager.CropCalendar][INFO] - Starting crop (wheat) with variety (wheat_1) on day 1984-02-01
[REPLAY DBG] post-agent-update step=14500 n=14500 mean=0.000409 std=0.007892 min=-0.043908 max=0.028845
[STEP DBG] step=14500 env_reward=0.000000 r_hat=0.013307 done=False
[NORM DBG] count=14500 mean_abs_mean=62566.703125 mean_std=157.900757 min_std=0.001000 max_std=2085.296143
[2026-03-24 12:28:38,123][pcse.crop.phenology.Annual_Phenology][INFO] - Changed phenological stage 'emerging' to 'vegetative' on 1984-04-10
[2026-03-24 12:28:38,944][pcse.crop.phenology.Vernalisation][INFO] - Critical DVS for vernalization (VERNDVS) reached at day 1984-06-02, but vernalization requirements not yet fulfilled. Forcing vernalization now (VERN=47.688571).
[2026-03-24 12:28:38,960][pcse.crop.phenology.Vernalisation][INFO] - Critical DVS for vernalization (VERNDVS) reached at day 1984-06-03, but vernalization requirements not yet fulfilled. Forcing vernalization now (VERN=47.688571).
[2026-03-24 12:28:38,975][pcse.crop.phenology.Vernalisation][INFO] - Critical DVS for vernalization (VERNDVS) reached at day 1984-06-04, but vernalization requirements not yet fulfilled. Forcing vernalization now (VERN=47.688571).
[2026-03-24 12:28:38,991][pcse.crop.phenology.Vernalisation][INFO] - Critical DVS for vernalization (VERNDVS) reached at day 1984-06-05, but vernalization requirements not yet fulfilled. Forcing vernalization now (VERN=47.688571).
[2026-03-24 12:28:39,007][pcse.crop.phenology.Vernalisation][INFO] - Critical DVS for vernalization (VERNDVS) reached at day 1984-06-06, but vernalization requirements not yet fulfilled. Forcing vernalization now (VERN=47.688571).
[2026-03-24 12:28:39,022][pcse.crop.phenology.Vernalisation][INFO] - Critical DVS for vernalization (VERNDVS) reached at day 1984-06-07, but vernalization requirements not yet fulfilled. Forcing vernalization now (VERN=47.688571).
[2026-03-24 12:28:39,037][pcse.crop.phenology.Vernalisation][INFO] - Critical DVS for vernalization (VERNDVS) reached at day 1984-06-08, but vernalization requirements not yet fulfilled. Forcing vernalization now (VERN=47.688571).
[2026-03-24 12:28:39,053][pcse.crop.phenology.Vernalisation][INFO] - Critical DVS for vernalization (VERNDVS) reached at day 1984-06-09, but vernalization requirements not yet fulfilled. Forcing vernalization now (VERN=47.688571).
[2026-03-24 12:28:39,068][pcse.crop.phenology.Vernalisation][INFO] - Critical DVS for vernalization (VERNDVS) reached at day 1984-06-10, but vernalization requirements not yet fulfilled. Forcing vernalization now (VERN=47.688571).
[2026-03-24 12:28:39,083][pcse.crop.phenology.Vernalisation][INFO] - Critical DVS for vernalization (VERNDVS) reached at day 1984-06-11, but vernalization requirements not yet fulfilled. Forcing vernalization now (VERN=47.688571).
[2026-03-24 12:28:39,099][pcse.crop.phenology.Vernalisation][INFO] - Critical DVS for vernalization (VERNDVS) reached at day 1984-06-12, but vernalization requirements not yet fulfilled. Forcing vernalization now (VERN=47.688571).
[2026-03-24 12:28:39,114][pcse.crop.phenology.Vernalisation][INFO] - Critical DVS for vernalization (VERNDVS) reached at day 1984-06-13, but vernalization requirements not yet fulfilled. Forcing vernalization now (VERN=47.688571).
[2026-03-24 12:28:39,130][pcse.crop.phenology.Vernalisation][INFO] - Critical DVS for vernalization (VERNDVS) reached at day 1984-06-14, but vernalization requirements not yet fulfilled. Forcing vernalization now (VERN=47.688571).
[2026-03-24 12:28:39,145][pcse.crop.phenology.Vernalisation][INFO] - Critical DVS for vernalization (VERNDVS) reached at day 1984-06-15, but vernalization requirements not yet fulfilled. Forcing vernalization now (VERN=47.688571).
[2026-03-24 12:28:39,161][pcse.crop.phenology.Vernalisation][INFO] - Critical DVS for vernalization (VERNDVS) reached at day 1984-06-16, but vernalization requirements not yet fulfilled. Forcing vernalization now (VERN=47.688571).
[2026-03-24 12:28:39,177][pcse.crop.phenology.Vernalisation][INFO] - Critical DVS for vernalization (VERNDVS) reached at day 1984-06-17, but vernalization requirements not yet fulfilled. Forcing vernalization now (VERN=47.688571).
[2026-03-24 12:28:39,193][pcse.crop.phenology.Vernalisation][INFO] - Critical DVS for vernalization (VERNDVS) reached at day 1984-06-18, but vernalization requirements not yet fulfilled. Forcing vernalization now (VERN=47.688571).
[2026-03-24 12:28:39,208][pcse.crop.phenology.Vernalisation][INFO] - Critical DVS for vernalization (VERNDVS) reached at day 1984-06-19, but vernalization requirements not yet fulfilled. Forcing vernalization now (VERN=47.688571).
[2026-03-24 12:28:39,224][pcse.crop.phenology.Vernalisation][INFO] - Critical DVS for vernalization (VERNDVS) reached at day 1984-06-20, but vernalization requirements not yet fulfilled. Forcing vernalization now (VERN=47.688571).
[2026-03-24 12:28:39,239][pcse.crop.phenology.Vernalisation][INFO] - Critical DVS for vernalization (VERNDVS) reached at day 1984-06-21, but vernalization requirements not yet fulfilled. Forcing vernalization now (VERN=47.688571).
[2026-03-24 12:28:39,408][pcse.crop.phenology.Vernalisation][INFO] - Critical DVS for vernalization (VERNDVS) reached at day 1984-06-22, but vernalization requirements not yet fulfilled. Forcing vernalization now (VERN=47.688571).
[2026-03-24 12:28:39,430][pcse.crop.phenology.Vernalisation][INFO] - Critical DVS for vernalization (VERNDVS) reached at day 1984-06-23, but vernalization requirements not yet fulfilled. Forcing vernalization now (VERN=47.688571).
[2026-03-24 12:28:39,447][pcse.crop.phenology.Vernalisation][INFO] - Critical DVS for vernalization (VERNDVS) reached at day 1984-06-24, but vernalization requirements not yet fulfilled. Forcing vernalization now (VERN=47.688571).
[2026-03-24 12:28:39,465][pcse.crop.phenology.Vernalisation][INFO] - Critical DVS for vernalization (VERNDVS) reached at day 1984-06-25, but vernalization requirements not yet fulfilled. Forcing vernalization now (VERN=47.688571).
[2026-03-24 12:28:39,482][pcse.crop.phenology.Vernalisation][INFO] - Critical DVS for vernalization (VERNDVS) reached at day 1984-06-26, but vernalization requirements not yet fulfilled. Forcing vernalization now (VERN=47.688571).
[2026-03-24 12:28:39,499][pcse.crop.phenology.Vernalisation][INFO] - Critical DVS for vernalization (VERNDVS) reached at day 1984-06-27, but vernalization requirements not yet fulfilled. Forcing vernalization now (VERN=47.688571).
[2026-03-24 12:28:39,515][pcse.crop.phenology.Vernalisation][INFO] - Critical DVS for vernalization (VERNDVS) reached at day 1984-06-28, but vernalization requirements not yet fulfilled. Forcing vernalization now (VERN=47.688571).
[2026-03-24 12:28:39,531][pcse.crop.phenology.Vernalisation][INFO] - Critical DVS for vernalization (VERNDVS) reached at day 1984-06-29, but vernalization requirements not yet fulfilled. Forcing vernalization now (VERN=47.688571).
[2026-03-24 12:28:39,531][pcse.crop.phenology.Annual_Phenology][INFO] - Changed phenological stage 'vegetative' to 'reproductive' on 1984-06-29
[2026-03-24 12:28:40,708][pcse.crop.phenology.Annual_Phenology][INFO] - Changed phenological stage 'reproductive' to 'mature' on 1984-09-13
[2026-03-24 12:28:41,116][pcse.base.timer.Timer][INFO] - Reached end of simulation period as specified by END_DATE.
| train          | E: 61 | S: 14701 | R: -0.1040 | TR: 0.0000 | TF: 128 | LR: 0 | NR: 0 | D: 04.4 s | TD: 00.0 s | BR: 0.0004 | ALOSS: 11251.1726 | CLOSS: 1210479.9913 | TLOSS: -87.2352 | TVAL: 0.2173 | AENT: -402.4481 | BCLOSS: 0.0000
[EPISODE DBG] episode=61 step=14701 pred_return=-0.079895 true_return=0.228308 total_feedback=128 labeled_feedback=0
[2026-03-24 12:28:41,131][pcse.agromanager.SoilCalendar][INFO] - Starting soil (oregon) with variation (oregon_1) on day 1984-02-01
[2026-03-24 12:28:41,133][pcse.agromanager.CropCalendar][INFO] - Starting crop (wheat) with variety (wheat_1) on day 1984-02-01
[2026-03-24 12:28:42,156][pcse.crop.phenology.Annual_Phenology][INFO] - Changed phenological stage 'emerging' to 'vegetative' on 1984-04-10
[2026-03-24 12:28:43,091][pcse.crop.phenology.Vernalisation][INFO] - Critical DVS for vernalization (VERNDVS) reached at day 1984-06-02, but vernalization requirements not yet fulfilled. Forcing vernalization now (VERN=47.688571).
[2026-03-24 12:28:43,106][pcse.crop.phenology.Vernalisation][INFO] - Critical DVS for vernalization (VERNDVS) reached at day 1984-06-03, but vernalization requirements not yet fulfilled. Forcing vernalization now (VERN=47.688571).
[2026-03-24 12:28:43,122][pcse.crop.phenology.Vernalisation][INFO] - Critical DVS for vernalization (VERNDVS) reached at day 1984-06-04, but vernalization requirements not yet fulfilled. Forcing vernalization now (VERN=47.688571).
[2026-03-24 12:28:43,138][pcse.crop.phenology.Vernalisation][INFO] - Critical DVS for vernalization (VERNDVS) reached at day 1984-06-05, but vernalization requirements not yet fulfilled. Forcing vernalization now (VERN=47.688571).
[2026-03-24 12:28:43,154][pcse.crop.phenology.Vernalisation][INFO] - Critical DVS for vernalization (VERNDVS) reached at day 1984-06-06, but vernalization requirements not yet fulfilled. Forcing vernalization now (VERN=47.688571).
[2026-03-24 12:28:43,170][pcse.crop.phenology.Vernalisation][INFO] - Critical DVS for vernalization (VERNDVS) reached at day 1984-06-07, but vernalization requirements not yet fulfilled. Forcing vernalization now (VERN=47.688571).
[2026-03-24 12:28:43,186][pcse.crop.phenology.Vernalisation][INFO] - Critical DVS for vernalization (VERNDVS) reached at day 1984-06-08, but vernalization requirements not yet fulfilled. Forcing vernalization now (VERN=47.688571).
[2026-03-24 12:28:43,201][pcse.crop.phenology.Vernalisation][INFO] - Critical DVS for vernalization (VERNDVS) reached at day 1984-06-09, but vernalization requirements not yet fulfilled. Forcing vernalization now (VERN=47.688571).
[2026-03-24 12:28:43,217][pcse.crop.phenology.Vernalisation][INFO] - Critical DVS for vernalization (VERNDVS) reached at day 1984-06-10, but vernalization requirements not yet fulfilled. Forcing vernalization now (VERN=47.688571).
[2026-03-24 12:28:43,232][pcse.crop.phenology.Vernalisation][INFO] - Critical DVS for vernalization (VERNDVS) reached at day 1984-06-11, but vernalization requirements not yet fulfilled. Forcing vernalization now (VERN=47.688571).
[2026-03-24 12:28:43,248][pcse.crop.phenology.Vernalisation][INFO] - Critical DVS for vernalization (VERNDVS) reached at day 1984-06-12, but vernalization requirements not yet fulfilled. Forcing vernalization now (VERN=47.688571).
[2026-03-24 12:28:43,264][pcse.crop.phenology.Vernalisation][INFO] - Critical DVS for vernalization (VERNDVS) reached at day 1984-06-13, but vernalization requirements not yet fulfilled. Forcing vernalization now (VERN=47.688571).
[2026-03-24 12:28:43,280][pcse.crop.phenology.Vernalisation][INFO] - Critical DVS for vernalization (VERNDVS) reached at day 1984-06-14, but vernalization requirements not yet fulfilled. Forcing vernalization now (VERN=47.688571).
[2026-03-24 12:28:43,296][pcse.crop.phenology.Vernalisation][INFO] - Critical DVS for vernalization (VERNDVS) reached at day 1984-06-15, but vernalization requirements not yet fulfilled. Forcing vernalization now (VERN=47.688571).
[2026-03-24 12:28:43,312][pcse.crop.phenology.Vernalisation][INFO] - Critical DVS for vernalization (VERNDVS) reached at day 1984-06-16, but vernalization requirements not yet fulfilled. Forcing vernalization now (VERN=47.688571).
[2026-03-24 12:28:43,327][pcse.crop.phenology.Vernalisation][INFO] - Critical DVS for vernalization (VERNDVS) reached at day 1984-06-17, but vernalization requirements not yet fulfilled. Forcing vernalization now (VERN=47.688571).
[2026-03-24 12:28:43,343][pcse.crop.phenology.Vernalisation][INFO] - Critical DVS for vernalization (VERNDVS) reached at day 1984-06-18, but vernalization requirements not yet fulfilled. Forcing vernalization now (VERN=47.688571).
[2026-03-24 12:28:43,358][pcse.crop.phenology.Vernalisation][INFO] - Critical DVS for vernalization (VERNDVS) reached at day 1984-06-19, but vernalization requirements not yet fulfilled. Forcing vernalization now (VERN=47.688571).
[2026-03-24 12:28:43,374][pcse.crop.phenology.Vernalisation][INFO] - Critical DVS for vernalization (VERNDVS) reached at day 1984-06-20, but vernalization requirements not yet fulfilled. Forcing vernalization now (VERN=47.688571).
[2026-03-24 12:28:43,391][pcse.crop.phenology.Vernalisation][INFO] - Critical DVS for vernalization (VERNDVS) reached at day 1984-06-21, but vernalization requirements not yet fulfilled. Forcing vernalization now (VERN=47.688571).
[2026-03-24 12:28:43,406][pcse.crop.phenology.Vernalisation][INFO] - Critical DVS for vernalization (VERNDVS) reached at day 1984-06-22, but vernalization requirements not yet fulfilled. Forcing vernalization now (VERN=47.688571).
[2026-03-24 12:28:43,423][pcse.crop.phenology.Vernalisation][INFO] - Critical DVS for vernalization (VERNDVS) reached at day 1984-06-23, but vernalization requirements not yet fulfilled. Forcing vernalization now (VERN=47.688571).
[2026-03-24 12:28:43,438][pcse.crop.phenology.Vernalisation][INFO] - Critical DVS for vernalization (VERNDVS) reached at day 1984-06-24, but vernalization requirements not yet fulfilled. Forcing vernalization now (VERN=47.688571).
[2026-03-24 12:28:43,454][pcse.crop.phenology.Vernalisation][INFO] - Critical DVS for vernalization (VERNDVS) reached at day 1984-06-25, but vernalization requirements not yet fulfilled. Forcing vernalization now (VERN=47.688571).
[2026-03-24 12:28:43,470][pcse.crop.phenology.Vernalisation][INFO] - Critical DVS for vernalization (VERNDVS) reached at day 1984-06-26, but vernalization requirements not yet fulfilled. Forcing vernalization now (VERN=47.688571).
[2026-03-24 12:28:43,486][pcse.crop.phenology.Vernalisation][INFO] - Critical DVS for vernalization (VERNDVS) reached at day 1984-06-27, but vernalization requirements not yet fulfilled. Forcing vernalization now (VERN=47.688571).
[2026-03-24 12:28:43,502][pcse.crop.phenology.Vernalisation][INFO] - Critical DVS for vernalization (VERNDVS) reached at day 1984-06-28, but vernalization requirements not yet fulfilled. Forcing vernalization now (VERN=47.688571).
[2026-03-24 12:28:43,518][pcse.crop.phenology.Vernalisation][INFO] - Critical DVS for vernalization (VERNDVS) reached at day 1984-06-29, but vernalization requirements not yet fulfilled. Forcing vernalization now (VERN=47.688571).
[2026-03-24 12:28:43,518][pcse.crop.phenology.Annual_Phenology][INFO] - Changed phenological stage 'vegetative' to 'reproductive' on 1984-06-29
[2026-03-24 12:28:44,954][pcse.crop.phenology.Annual_Phenology][INFO] - Changed phenological stage 'reproductive' to 'mature' on 1984-09-13
[2026-03-24 12:28:45,218][pcse.base.timer.Timer][INFO] - Reached end of simulation period as specified by END_DATE.
| train          | E: 62 | S: 14942 | R: -0.0799 | TR: 0.2283 | TF: 128 | LR: 0 | NR: 0 | D: 04.1 s | TD: 00.0 s | BR: 0.0004 | ALOSS: 11080.2399 | CLOSS: 1184716.0311 | TLOSS: -88.3423 | TVAL: 0.2201 | AENT: -402.3585 | BCLOSS: 0.0000
[EPISODE DBG] episode=62 step=14942 pred_return=-0.110501 true_return=0.000000 total_feedback=128 labeled_feedback=0
[2026-03-24 12:28:45,225][pcse.agromanager.SoilCalendar][INFO] - Starting soil (oregon) with variation (oregon_1) on day 1984-02-01
[2026-03-24 12:28:45,228][pcse.agromanager.CropCalendar][INFO] - Starting crop (wheat) with variety (wheat_1) on day 1984-02-01
[REPLAY DBG] post-agent-update step=15000 n=15000 mean=0.000387 std=0.007848 min=-0.043908 max=0.028845
[STEP DBG] step=15000 env_reward=0.000000 r_hat=0.005127 done=False
[NORM DBG] count=15000 mean_abs_mean=62565.058594 mean_std=155.700745 min_std=0.001000 max_std=2053.736816
[2026-03-24 12:28:46,645][pcse.crop.phenology.Annual_Phenology][INFO] - Changed phenological stage 'emerging' to 'vegetative' on 1984-04-10
[2026-03-24 12:28:47,485][pcse.crop.phenology.Vernalisation][INFO] - Critical DVS for vernalization (VERNDVS) reached at day 1984-06-02, but vernalization requirements not yet fulfilled. Forcing vernalization now (VERN=47.688571).
[2026-03-24 12:28:47,501][pcse.crop.phenology.Vernalisation][INFO] - Critical DVS for vernalization (VERNDVS) reached at day 1984-06-03, but vernalization requirements not yet fulfilled. Forcing vernalization now (VERN=47.688571).
[2026-03-24 12:28:47,517][pcse.crop.phenology.Vernalisation][INFO] - Critical DVS for vernalization (VERNDVS) reached at day 1984-06-04, but vernalization requirements not yet fulfilled. Forcing vernalization now (VERN=47.688571).
[2026-03-24 12:28:47,534][pcse.crop.phenology.Vernalisation][INFO] - Critical DVS for vernalization (VERNDVS) reached at day 1984-06-05, but vernalization requirements not yet fulfilled. Forcing vernalization now (VERN=47.688571).
[2026-03-24 12:28:47,550][pcse.crop.phenology.Vernalisation][INFO] - Critical DVS for vernalization (VERNDVS) reached at day 1984-06-06, but vernalization requirements not yet fulfilled. Forcing vernalization now (VERN=47.688571).
[2026-03-24 12:28:47,566][pcse.crop.phenology.Vernalisation][INFO] - Critical DVS for vernalization (VERNDVS) reached at day 1984-06-07, but vernalization requirements not yet fulfilled. Forcing vernalization now (VERN=47.688571).
[2026-03-24 12:28:47,582][pcse.crop.phenology.Vernalisation][INFO] - Critical DVS for vernalization (VERNDVS) reached at day 1984-06-08, but vernalization requirements not yet fulfilled. Forcing vernalization now (VERN=47.688571).
[2026-03-24 12:28:47,598][pcse.crop.phenology.Vernalisation][INFO] - Critical DVS for vernalization (VERNDVS) reached at day 1984-06-09, but vernalization requirements not yet fulfilled. Forcing vernalization now (VERN=47.688571).
[2026-03-24 12:28:47,614][pcse.crop.phenology.Vernalisation][INFO] - Critical DVS for vernalization (VERNDVS) reached at day 1984-06-10, but vernalization requirements not yet fulfilled. Forcing vernalization now (VERN=47.688571).
[2026-03-24 12:28:47,631][pcse.crop.phenology.Vernalisation][INFO] - Critical DVS for vernalization (VERNDVS) reached at day 1984-06-11, but vernalization requirements not yet fulfilled. Forcing vernalization now (VERN=47.688571).
[2026-03-24 12:28:47,647][pcse.crop.phenology.Vernalisation][INFO] - Critical DVS for vernalization (VERNDVS) reached at day 1984-06-12, but vernalization requirements not yet fulfilled. Forcing vernalization now (VERN=47.688571).
[2026-03-24 12:28:47,663][pcse.crop.phenology.Vernalisation][INFO] - Critical DVS for vernalization (VERNDVS) reached at day 1984-06-13, but vernalization requirements not yet fulfilled. Forcing vernalization now (VERN=47.688571).
[2026-03-24 12:28:47,679][pcse.crop.phenology.Vernalisation][INFO] - Critical DVS for vernalization (VERNDVS) reached at day 1984-06-14, but vernalization requirements not yet fulfilled. Forcing vernalization now (VERN=47.688571).
[2026-03-24 12:28:47,695][pcse.crop.phenology.Vernalisation][INFO] - Critical DVS for vernalization (VERNDVS) reached at day 1984-06-15, but vernalization requirements not yet fulfilled. Forcing vernalization now (VERN=47.688571).
[2026-03-24 12:28:47,712][pcse.crop.phenology.Vernalisation][INFO] - Critical DVS for vernalization (VERNDVS) reached at day 1984-06-16, but vernalization requirements not yet fulfilled. Forcing vernalization now (VERN=47.688571).
[2026-03-24 12:28:47,727][pcse.crop.phenology.Vernalisation][INFO] - Critical DVS for vernalization (VERNDVS) reached at day 1984-06-17, but vernalization requirements not yet fulfilled. Forcing vernalization now (VERN=47.688571).
[2026-03-24 12:28:47,743][pcse.crop.phenology.Vernalisation][INFO] - Critical DVS for vernalization (VERNDVS) reached at day 1984-06-18, but vernalization requirements not yet fulfilled. Forcing vernalization now (VERN=47.688571).
[2026-03-24 12:28:47,759][pcse.crop.phenology.Vernalisation][INFO] - Critical DVS for vernalization (VERNDVS) reached at day 1984-06-19, but vernalization requirements not yet fulfilled. Forcing vernalization now (VERN=47.688571).
[2026-03-24 12:28:47,775][pcse.crop.phenology.Vernalisation][INFO] - Critical DVS for vernalization (VERNDVS) reached at day 1984-06-20, but vernalization requirements not yet fulfilled. Forcing vernalization now (VERN=47.688571).
[2026-03-24 12:28:47,791][pcse.crop.phenology.Vernalisation][INFO] - Critical DVS for vernalization (VERNDVS) reached at day 1984-06-21, but vernalization requirements not yet fulfilled. Forcing vernalization now (VERN=47.688571).
[2026-03-24 12:28:47,807][pcse.crop.phenology.Vernalisation][INFO] - Critical DVS for vernalization (VERNDVS) reached at day 1984-06-22, but vernalization requirements not yet fulfilled. Forcing vernalization now (VERN=47.688571).
[2026-03-24 12:28:47,823][pcse.crop.phenology.Vernalisation][INFO] - Critical DVS for vernalization (VERNDVS) reached at day 1984-06-23, but vernalization requirements not yet fulfilled. Forcing vernalization now (VERN=47.688571).
[2026-03-24 12:28:47,839][pcse.crop.phenology.Vernalisation][INFO] - Critical DVS for vernalization (VERNDVS) reached at day 1984-06-24, but vernalization requirements not yet fulfilled. Forcing vernalization now (VERN=47.688571).
[2026-03-24 12:28:47,855][pcse.crop.phenology.Vernalisation][INFO] - Critical DVS for vernalization (VERNDVS) reached at day 1984-06-25, but vernalization requirements not yet fulfilled. Forcing vernalization now (VERN=47.688571).
[2026-03-24 12:28:47,871][pcse.crop.phenology.Vernalisation][INFO] - Critical DVS for vernalization (VERNDVS) reached at day 1984-06-26, but vernalization requirements not yet fulfilled. Forcing vernalization now (VERN=47.688571).
[2026-03-24 12:28:47,887][pcse.crop.phenology.Vernalisation][INFO] - Critical DVS for vernalization (VERNDVS) reached at day 1984-06-27, but vernalization requirements not yet fulfilled. Forcing vernalization now (VERN=47.688571).
[2026-03-24 12:28:47,903][pcse.crop.phenology.Vernalisation][INFO] - Critical DVS for vernalization (VERNDVS) reached at day 1984-06-28, but vernalization requirements not yet fulfilled. Forcing vernalization now (VERN=47.688571).
[2026-03-24 12:28:47,918][pcse.crop.phenology.Vernalisation][INFO] - Critical DVS for vernalization (VERNDVS) reached at day 1984-06-29, but vernalization requirements not yet fulfilled. Forcing vernalization now (VERN=47.688571).
[2026-03-24 12:28:47,918][pcse.crop.phenology.Annual_Phenology][INFO] - Changed phenological stage 'vegetative' to 'reproductive' on 1984-06-29
[2026-03-24 12:28:49,285][pcse.crop.phenology.Annual_Phenology][INFO] - Changed phenological stage 'reproductive' to 'mature' on 1984-09-13
[2026-03-24 12:28:49,550][pcse.base.timer.Timer][INFO] - Reached end of simulation period as specified by END_DATE.
| train          | E: 63 | S: 15183 | R: -0.1105 | TR: 0.0000 | TF: 128 | LR: 0 | NR: 0 | D: 04.3 s | TD: 00.0 s | BR: 0.0004 | ALOSS: 10898.8783 | CLOSS: 1178408.5871 | TLOSS: -88.0594 | TVAL: 0.2231 | AENT: -395.6303 | BCLOSS: 0.0000
[EPISODE DBG] episode=63 step=15183 pred_return=-0.086876 true_return=0.228308 total_feedback=128 labeled_feedback=0
[2026-03-24 12:28:49,557][pcse.agromanager.SoilCalendar][INFO] - Starting soil (oregon) with variation (oregon_1) on day 1984-02-01
[2026-03-24 12:28:49,559][pcse.agromanager.CropCalendar][INFO] - Starting crop (wheat) with variety (wheat_1) on day 1984-02-01
[2026-03-24 12:28:50,996][pcse.crop.phenology.Annual_Phenology][INFO] - Changed phenological stage 'emerging' to 'vegetative' on 1984-04-10
[2026-03-24 12:28:51,972][pcse.crop.phenology.Vernalisation][INFO] - Critical DVS for vernalization (VERNDVS) reached at day 1984-06-02, but vernalization requirements not yet fulfilled. Forcing vernalization now (VERN=47.688571).
[2026-03-24 12:28:51,989][pcse.crop.phenology.Vernalisation][INFO] - Critical DVS for vernalization (VERNDVS) reached at day 1984-06-03, but vernalization requirements not yet fulfilled. Forcing vernalization now (VERN=47.688571).
[2026-03-24 12:28:52,006][pcse.crop.phenology.Vernalisation][INFO] - Critical DVS for vernalization (VERNDVS) reached at day 1984-06-04, but vernalization requirements not yet fulfilled. Forcing vernalization now (VERN=47.688571).
[2026-03-24 12:28:52,023][pcse.crop.phenology.Vernalisation][INFO] - Critical DVS for vernalization (VERNDVS) reached at day 1984-06-05, but vernalization requirements not yet fulfilled. Forcing vernalization now (VERN=47.688571).
[2026-03-24 12:28:52,039][pcse.crop.phenology.Vernalisation][INFO] - Critical DVS for vernalization (VERNDVS) reached at day 1984-06-06, but vernalization requirements not yet fulfilled. Forcing vernalization now (VERN=47.688571).
[2026-03-24 12:28:52,054][pcse.crop.phenology.Vernalisation][INFO] - Critical DVS for vernalization (VERNDVS) reached at day 1984-06-07, but vernalization requirements not yet fulfilled. Forcing vernalization now (VERN=47.688571).
[2026-03-24 12:28:52,070][pcse.crop.phenology.Vernalisation][INFO] - Critical DVS for vernalization (VERNDVS) reached at day 1984-06-08, but vernalization requirements not yet fulfilled. Forcing vernalization now (VERN=47.688571).
[2026-03-24 12:28:52,085][pcse.crop.phenology.Vernalisation][INFO] - Critical DVS for vernalization (VERNDVS) reached at day 1984-06-09, but vernalization requirements not yet fulfilled. Forcing vernalization now (VERN=47.688571).
[2026-03-24 12:28:52,101][pcse.crop.phenology.Vernalisation][INFO] - Critical DVS for vernalization (VERNDVS) reached at day 1984-06-10, but vernalization requirements not yet fulfilled. Forcing vernalization now (VERN=47.688571).
[2026-03-24 12:28:52,116][pcse.crop.phenology.Vernalisation][INFO] - Critical DVS for vernalization (VERNDVS) reached at day 1984-06-11, but vernalization requirements not yet fulfilled. Forcing vernalization now (VERN=47.688571).
[2026-03-24 12:28:52,132][pcse.crop.phenology.Vernalisation][INFO] - Critical DVS for vernalization (VERNDVS) reached at day 1984-06-12, but vernalization requirements not yet fulfilled. Forcing vernalization now (VERN=47.688571).
[2026-03-24 12:28:52,148][pcse.crop.phenology.Vernalisation][INFO] - Critical DVS for vernalization (VERNDVS) reached at day 1984-06-13, but vernalization requirements not yet fulfilled. Forcing vernalization now (VERN=47.688571).
[2026-03-24 12:28:52,164][pcse.crop.phenology.Vernalisation][INFO] - Critical DVS for vernalization (VERNDVS) reached at day 1984-06-14, but vernalization requirements not yet fulfilled. Forcing vernalization now (VERN=47.688571).
[2026-03-24 12:28:52,179][pcse.crop.phenology.Vernalisation][INFO] - Critical DVS for vernalization (VERNDVS) reached at day 1984-06-15, but vernalization requirements not yet fulfilled. Forcing vernalization now (VERN=47.688571).
[2026-03-24 12:28:52,195][pcse.crop.phenology.Vernalisation][INFO] - Critical DVS for vernalization (VERNDVS) reached at day 1984-06-16, but vernalization requirements not yet fulfilled. Forcing vernalization now (VERN=47.688571).
[2026-03-24 12:28:52,210][pcse.crop.phenology.Vernalisation][INFO] - Critical DVS for vernalization (VERNDVS) reached at day 1984-06-17, but vernalization requirements not yet fulfilled. Forcing vernalization now (VERN=47.688571).
[2026-03-24 12:28:52,226][pcse.crop.phenology.Vernalisation][INFO] - Critical DVS for vernalization (VERNDVS) reached at day 1984-06-18, but vernalization requirements not yet fulfilled. Forcing vernalization now (VERN=47.688571).
[2026-03-24 12:28:52,241][pcse.crop.phenology.Vernalisation][INFO] - Critical DVS for vernalization (VERNDVS) reached at day 1984-06-19, but vernalization requirements not yet fulfilled. Forcing vernalization now (VERN=47.688571).
[2026-03-24 12:28:52,257][pcse.crop.phenology.Vernalisation][INFO] - Critical DVS for vernalization (VERNDVS) reached at day 1984-06-20, but vernalization requirements not yet fulfilled. Forcing vernalization now (VERN=47.688571).
[2026-03-24 12:28:52,272][pcse.crop.phenology.Vernalisation][INFO] - Critical DVS for vernalization (VERNDVS) reached at day 1984-06-21, but vernalization requirements not yet fulfilled. Forcing vernalization now (VERN=47.688571).
[2026-03-24 12:28:52,287][pcse.crop.phenology.Vernalisation][INFO] - Critical DVS for vernalization (VERNDVS) reached at day 1984-06-22, but vernalization requirements not yet fulfilled. Forcing vernalization now (VERN=47.688571).
[2026-03-24 12:28:52,303][pcse.crop.phenology.Vernalisation][INFO] - Critical DVS for vernalization (VERNDVS) reached at day 1984-06-23, but vernalization requirements not yet fulfilled. Forcing vernalization now (VERN=47.688571).
[2026-03-24 12:28:52,318][pcse.crop.phenology.Vernalisation][INFO] - Critical DVS for vernalization (VERNDVS) reached at day 1984-06-24, but vernalization requirements not yet fulfilled. Forcing vernalization now (VERN=47.688571).
[2026-03-24 12:28:52,334][pcse.crop.phenology.Vernalisation][INFO] - Critical DVS for vernalization (VERNDVS) reached at day 1984-06-25, but vernalization requirements not yet fulfilled. Forcing vernalization now (VERN=47.688571).
[2026-03-24 12:28:52,349][pcse.crop.phenology.Vernalisation][INFO] - Critical DVS for vernalization (VERNDVS) reached at day 1984-06-26, but vernalization requirements not yet fulfilled. Forcing vernalization now (VERN=47.688571).
[2026-03-24 12:28:52,365][pcse.crop.phenology.Vernalisation][INFO] - Critical DVS for vernalization (VERNDVS) reached at day 1984-06-27, but vernalization requirements not yet fulfilled. Forcing vernalization now (VERN=47.688571).
[2026-03-24 12:28:52,380][pcse.crop.phenology.Vernalisation][INFO] - Critical DVS for vernalization (VERNDVS) reached at day 1984-06-28, but vernalization requirements not yet fulfilled. Forcing vernalization now (VERN=47.688571).
[2026-03-24 12:28:52,396][pcse.crop.phenology.Vernalisation][INFO] - Critical DVS for vernalization (VERNDVS) reached at day 1984-06-29, but vernalization requirements not yet fulfilled. Forcing vernalization now (VERN=47.688571).
[2026-03-24 12:28:52,397][pcse.crop.phenology.Annual_Phenology][INFO] - Changed phenological stage 'vegetative' to 'reproductive' on 1984-06-29
[2026-03-24 12:28:53,724][pcse.crop.phenology.Annual_Phenology][INFO] - Changed phenological stage 'reproductive' to 'mature' on 1984-09-13
[2026-03-24 12:28:53,987][pcse.base.timer.Timer][INFO] - Reached end of simulation period as specified by END_DATE.
| train          | E: 64 | S: 15424 | R: -0.0869 | TR: 0.2283 | TF: 128 | LR: 0 | NR: 0 | D: 04.4 s | TD: 00.0 s | BR: 0.0004 | ALOSS: 10705.5329 | CLOSS: 1127987.3484 | TLOSS: -88.7192 | TVAL: 0.2264 | AENT: -392.9008 | BCLOSS: 0.0000
[EPISODE DBG] episode=64 step=15424 pred_return=-0.117501 true_return=0.000000 total_feedback=128 labeled_feedback=0
[2026-03-24 12:28:53,994][pcse.agromanager.SoilCalendar][INFO] - Starting soil (oregon) with variation (oregon_1) on day 1984-02-01
[2026-03-24 12:28:53,996][pcse.agromanager.CropCalendar][INFO] - Starting crop (wheat) with variety (wheat_1) on day 1984-02-01
[2026-03-24 12:28:55,242][pcse.crop.phenology.Annual_Phenology][INFO] - Changed phenological stage 'emerging' to 'vegetative' on 1984-04-10
[REPLAY DBG] post-agent-update step=15500 n=15500 mean=0.000367 std=0.007809 min=-0.043908 max=0.028845
[STEP DBG] step=15500 env_reward=0.000000 r_hat=0.003925 done=False
[NORM DBG] count=15500 mean_abs_mean=62563.515625 mean_std=153.591202 min_std=0.001000 max_std=2023.546143
[2026-03-24 12:28:56,151][pcse.crop.phenology.Vernalisation][INFO] - Critical DVS for vernalization (VERNDVS) reached at day 1984-06-02, but vernalization requirements not yet fulfilled. Forcing vernalization now (VERN=47.688571).
[2026-03-24 12:28:56,164][pcse.crop.phenology.Vernalisation][INFO] - Critical DVS for vernalization (VERNDVS) reached at day 1984-06-03, but vernalization requirements not yet fulfilled. Forcing vernalization now (VERN=47.688571).
[2026-03-24 12:28:56,178][pcse.crop.phenology.Vernalisation][INFO] - Critical DVS for vernalization (VERNDVS) reached at day 1984-06-04, but vernalization requirements not yet fulfilled. Forcing vernalization now (VERN=47.688571).
[2026-03-24 12:28:56,192][pcse.crop.phenology.Vernalisation][INFO] - Critical DVS for vernalization (VERNDVS) reached at day 1984-06-05, but vernalization requirements not yet fulfilled. Forcing vernalization now (VERN=47.688571).
[2026-03-24 12:28:56,206][pcse.crop.phenology.Vernalisation][INFO] - Critical DVS for vernalization (VERNDVS) reached at day 1984-06-06, but vernalization requirements not yet fulfilled. Forcing vernalization now (VERN=47.688571).
[2026-03-24 12:28:56,219][pcse.crop.phenology.Vernalisation][INFO] - Critical DVS for vernalization (VERNDVS) reached at day 1984-06-07, but vernalization requirements not yet fulfilled. Forcing vernalization now (VERN=47.688571).
[2026-03-24 12:28:56,233][pcse.crop.phenology.Vernalisation][INFO] - Critical DVS for vernalization (VERNDVS) reached at day 1984-06-08, but vernalization requirements not yet fulfilled. Forcing vernalization now (VERN=47.688571).
[2026-03-24 12:28:56,247][pcse.crop.phenology.Vernalisation][INFO] - Critical DVS for vernalization (VERNDVS) reached at day 1984-06-09, but vernalization requirements not yet fulfilled. Forcing vernalization now (VERN=47.688571).
[2026-03-24 12:28:56,260][pcse.crop.phenology.Vernalisation][INFO] - Critical DVS for vernalization (VERNDVS) reached at day 1984-06-10, but vernalization requirements not yet fulfilled. Forcing vernalization now (VERN=47.688571).
[2026-03-24 12:28:56,274][pcse.crop.phenology.Vernalisation][INFO] - Critical DVS for vernalization (VERNDVS) reached at day 1984-06-11, but vernalization requirements not yet fulfilled. Forcing vernalization now (VERN=47.688571).
[2026-03-24 12:28:56,288][pcse.crop.phenology.Vernalisation][INFO] - Critical DVS for vernalization (VERNDVS) reached at day 1984-06-12, but vernalization requirements not yet fulfilled. Forcing vernalization now (VERN=47.688571).
[2026-03-24 12:28:56,301][pcse.crop.phenology.Vernalisation][INFO] - Critical DVS for vernalization (VERNDVS) reached at day 1984-06-13, but vernalization requirements not yet fulfilled. Forcing vernalization now (VERN=47.688571).
[2026-03-24 12:28:56,315][pcse.crop.phenology.Vernalisation][INFO] - Critical DVS for vernalization (VERNDVS) reached at day 1984-06-14, but vernalization requirements not yet fulfilled. Forcing vernalization now (VERN=47.688571).
[2026-03-24 12:28:56,328][pcse.crop.phenology.Vernalisation][INFO] - Critical DVS for vernalization (VERNDVS) reached at day 1984-06-15, but vernalization requirements not yet fulfilled. Forcing vernalization now (VERN=47.688571).
[2026-03-24 12:28:56,343][pcse.crop.phenology.Vernalisation][INFO] - Critical DVS for vernalization (VERNDVS) reached at day 1984-06-16, but vernalization requirements not yet fulfilled. Forcing vernalization now (VERN=47.688571).
[2026-03-24 12:28:56,356][pcse.crop.phenology.Vernalisation][INFO] - Critical DVS for vernalization (VERNDVS) reached at day 1984-06-17, but vernalization requirements not yet fulfilled. Forcing vernalization now (VERN=47.688571).
[2026-03-24 12:28:56,370][pcse.crop.phenology.Vernalisation][INFO] - Critical DVS for vernalization (VERNDVS) reached at day 1984-06-18, but vernalization requirements not yet fulfilled. Forcing vernalization now (VERN=47.688571).
[2026-03-24 12:28:56,385][pcse.crop.phenology.Vernalisation][INFO] - Critical DVS for vernalization (VERNDVS) reached at day 1984-06-19, but vernalization requirements not yet fulfilled. Forcing vernalization now (VERN=47.688571).
[2026-03-24 12:28:56,399][pcse.crop.phenology.Vernalisation][INFO] - Critical DVS for vernalization (VERNDVS) reached at day 1984-06-20, but vernalization requirements not yet fulfilled. Forcing vernalization now (VERN=47.688571).
[2026-03-24 12:28:56,412][pcse.crop.phenology.Vernalisation][INFO] - Critical DVS for vernalization (VERNDVS) reached at day 1984-06-21, but vernalization requirements not yet fulfilled. Forcing vernalization now (VERN=47.688571).
[2026-03-24 12:28:56,426][pcse.crop.phenology.Vernalisation][INFO] - Critical DVS for vernalization (VERNDVS) reached at day 1984-06-22, but vernalization requirements not yet fulfilled. Forcing vernalization now (VERN=47.688571).
[2026-03-24 12:28:56,440][pcse.crop.phenology.Vernalisation][INFO] - Critical DVS for vernalization (VERNDVS) reached at day 1984-06-23, but vernalization requirements not yet fulfilled. Forcing vernalization now (VERN=47.688571).
[2026-03-24 12:28:56,454][pcse.crop.phenology.Vernalisation][INFO] - Critical DVS for vernalization (VERNDVS) reached at day 1984-06-24, but vernalization requirements not yet fulfilled. Forcing vernalization now (VERN=47.688571).
[2026-03-24 12:28:56,467][pcse.crop.phenology.Vernalisation][INFO] - Critical DVS for vernalization (VERNDVS) reached at day 1984-06-25, but vernalization requirements not yet fulfilled. Forcing vernalization now (VERN=47.688571).
[2026-03-24 12:28:56,481][pcse.crop.phenology.Vernalisation][INFO] - Critical DVS for vernalization (VERNDVS) reached at day 1984-06-26, but vernalization requirements not yet fulfilled. Forcing vernalization now (VERN=47.688571).
[2026-03-24 12:28:56,494][pcse.crop.phenology.Vernalisation][INFO] - Critical DVS for vernalization (VERNDVS) reached at day 1984-06-27, but vernalization requirements not yet fulfilled. Forcing vernalization now (VERN=47.688571).
[2026-03-24 12:28:56,508][pcse.crop.phenology.Vernalisation][INFO] - Critical DVS for vernalization (VERNDVS) reached at day 1984-06-28, but vernalization requirements not yet fulfilled. Forcing vernalization now (VERN=47.688571).
[2026-03-24 12:28:56,522][pcse.crop.phenology.Vernalisation][INFO] - Critical DVS for vernalization (VERNDVS) reached at day 1984-06-29, but vernalization requirements not yet fulfilled. Forcing vernalization now (VERN=47.688571).
[2026-03-24 12:28:56,522][pcse.crop.phenology.Annual_Phenology][INFO] - Changed phenological stage 'vegetative' to 'reproductive' on 1984-06-29
[2026-03-24 12:28:57,621][pcse.crop.phenology.Annual_Phenology][INFO] - Changed phenological stage 'reproductive' to 'mature' on 1984-09-13
[2026-03-24 12:28:57,832][pcse.base.timer.Timer][INFO] - Reached end of simulation period as specified by END_DATE.
| train          | E: 65 | S: 15665 | R: -0.1175 | TR: 0.0000 | TF: 128 | LR: 0 | NR: 0 | D: 03.8 s | TD: 00.0 s | BR: 0.0004 | ALOSS: 10519.3842 | CLOSS: 1077663.4535 | TLOSS: -88.5764 | TVAL: 0.2298 | AENT: -386.4540 | BCLOSS: 0.0000
[EPISODE DBG] episode=65 step=15665 pred_return=-0.094612 true_return=0.228308 total_feedback=128 labeled_feedback=0
[2026-03-24 12:28:57,837][pcse.agromanager.SoilCalendar][INFO] - Starting soil (oregon) with variation (oregon_1) on day 1984-02-01
[2026-03-24 12:28:57,839][pcse.agromanager.CropCalendar][INFO] - Starting crop (wheat) with variety (wheat_1) on day 1984-02-01
[2026-03-24 12:28:58,938][pcse.crop.phenology.Annual_Phenology][INFO] - Changed phenological stage 'emerging' to 'vegetative' on 1984-04-10
[2026-03-24 12:28:59,646][pcse.crop.phenology.Vernalisation][INFO] - Critical DVS for vernalization (VERNDVS) reached at day 1984-06-02, but vernalization requirements not yet fulfilled. Forcing vernalization now (VERN=47.688571).
[2026-03-24 12:28:59,659][pcse.crop.phenology.Vernalisation][INFO] - Critical DVS for vernalization (VERNDVS) reached at day 1984-06-03, but vernalization requirements not yet fulfilled. Forcing vernalization now (VERN=47.688571).
[2026-03-24 12:28:59,672][pcse.crop.phenology.Vernalisation][INFO] - Critical DVS for vernalization (VERNDVS) reached at day 1984-06-04, but vernalization requirements not yet fulfilled. Forcing vernalization now (VERN=47.688571).
[2026-03-24 12:28:59,686][pcse.crop.phenology.Vernalisation][INFO] - Critical DVS for vernalization (VERNDVS) reached at day 1984-06-05, but vernalization requirements not yet fulfilled. Forcing vernalization now (VERN=47.688571).
[2026-03-24 12:28:59,700][pcse.crop.phenology.Vernalisation][INFO] - Critical DVS for vernalization (VERNDVS) reached at day 1984-06-06, but vernalization requirements not yet fulfilled. Forcing vernalization now (VERN=47.688571).
[2026-03-24 12:28:59,713][pcse.crop.phenology.Vernalisation][INFO] - Critical DVS for vernalization (VERNDVS) reached at day 1984-06-07, but vernalization requirements not yet fulfilled. Forcing vernalization now (VERN=47.688571).
[2026-03-24 12:28:59,727][pcse.crop.phenology.Vernalisation][INFO] - Critical DVS for vernalization (VERNDVS) reached at day 1984-06-08, but vernalization requirements not yet fulfilled. Forcing vernalization now (VERN=47.688571).
[2026-03-24 12:28:59,741][pcse.crop.phenology.Vernalisation][INFO] - Critical DVS for vernalization (VERNDVS) reached at day 1984-06-09, but vernalization requirements not yet fulfilled. Forcing vernalization now (VERN=47.688571).
[2026-03-24 12:28:59,754][pcse.crop.phenology.Vernalisation][INFO] - Critical DVS for vernalization (VERNDVS) reached at day 1984-06-10, but vernalization requirements not yet fulfilled. Forcing vernalization now (VERN=47.688571).
[2026-03-24 12:28:59,768][pcse.crop.phenology.Vernalisation][INFO] - Critical DVS for vernalization (VERNDVS) reached at day 1984-06-11, but vernalization requirements not yet fulfilled. Forcing vernalization now (VERN=47.688571).
[2026-03-24 12:28:59,782][pcse.crop.phenology.Vernalisation][INFO] - Critical DVS for vernalization (VERNDVS) reached at day 1984-06-12, but vernalization requirements not yet fulfilled. Forcing vernalization now (VERN=47.688571).
[2026-03-24 12:28:59,797][pcse.crop.phenology.Vernalisation][INFO] - Critical DVS for vernalization (VERNDVS) reached at day 1984-06-13, but vernalization requirements not yet fulfilled. Forcing vernalization now (VERN=47.688571).
[2026-03-24 12:28:59,810][pcse.crop.phenology.Vernalisation][INFO] - Critical DVS for vernalization (VERNDVS) reached at day 1984-06-14, but vernalization requirements not yet fulfilled. Forcing vernalization now (VERN=47.688571).
[2026-03-24 12:28:59,824][pcse.crop.phenology.Vernalisation][INFO] - Critical DVS for vernalization (VERNDVS) reached at day 1984-06-15, but vernalization requirements not yet fulfilled. Forcing vernalization now (VERN=47.688571).
[2026-03-24 12:28:59,838][pcse.crop.phenology.Vernalisation][INFO] - Critical DVS for vernalization (VERNDVS) reached at day 1984-06-16, but vernalization requirements not yet fulfilled. Forcing vernalization now (VERN=47.688571).
[2026-03-24 12:29:00,040][pcse.crop.phenology.Vernalisation][INFO] - Critical DVS for vernalization (VERNDVS) reached at day 1984-06-17, but vernalization requirements not yet fulfilled. Forcing vernalization now (VERN=47.688571).
[2026-03-24 12:29:00,058][pcse.crop.phenology.Vernalisation][INFO] - Critical DVS for vernalization (VERNDVS) reached at day 1984-06-18, but vernalization requirements not yet fulfilled. Forcing vernalization now (VERN=47.688571).
[2026-03-24 12:29:00,078][pcse.crop.phenology.Vernalisation][INFO] - Critical DVS for vernalization (VERNDVS) reached at day 1984-06-19, but vernalization requirements not yet fulfilled. Forcing vernalization now (VERN=47.688571).
[2026-03-24 12:29:00,097][pcse.crop.phenology.Vernalisation][INFO] - Critical DVS for vernalization (VERNDVS) reached at day 1984-06-20, but vernalization requirements not yet fulfilled. Forcing vernalization now (VERN=47.688571).
[2026-03-24 12:29:00,116][pcse.crop.phenology.Vernalisation][INFO] - Critical DVS for vernalization (VERNDVS) reached at day 1984-06-21, but vernalization requirements not yet fulfilled. Forcing vernalization now (VERN=47.688571).
[2026-03-24 12:29:00,133][pcse.crop.phenology.Vernalisation][INFO] - Critical DVS for vernalization (VERNDVS) reached at day 1984-06-22, but vernalization requirements not yet fulfilled. Forcing vernalization now (VERN=47.688571).
[2026-03-24 12:29:00,148][pcse.crop.phenology.Vernalisation][INFO] - Critical DVS for vernalization (VERNDVS) reached at day 1984-06-23, but vernalization requirements not yet fulfilled. Forcing vernalization now (VERN=47.688571).
[2026-03-24 12:29:00,164][pcse.crop.phenology.Vernalisation][INFO] - Critical DVS for vernalization (VERNDVS) reached at day 1984-06-24, but vernalization requirements not yet fulfilled. Forcing vernalization now (VERN=47.688571).
[2026-03-24 12:29:00,181][pcse.crop.phenology.Vernalisation][INFO] - Critical DVS for vernalization (VERNDVS) reached at day 1984-06-25, but vernalization requirements not yet fulfilled. Forcing vernalization now (VERN=47.688571).
[2026-03-24 12:29:00,197][pcse.crop.phenology.Vernalisation][INFO] - Critical DVS for vernalization (VERNDVS) reached at day 1984-06-26, but vernalization requirements not yet fulfilled. Forcing vernalization now (VERN=47.688571).
[2026-03-24 12:29:00,213][pcse.crop.phenology.Vernalisation][INFO] - Critical DVS for vernalization (VERNDVS) reached at day 1984-06-27, but vernalization requirements not yet fulfilled. Forcing vernalization now (VERN=47.688571).
[2026-03-24 12:29:00,228][pcse.crop.phenology.Vernalisation][INFO] - Critical DVS for vernalization (VERNDVS) reached at day 1984-06-28, but vernalization requirements not yet fulfilled. Forcing vernalization now (VERN=47.688571).
[2026-03-24 12:29:00,244][pcse.crop.phenology.Vernalisation][INFO] - Critical DVS for vernalization (VERNDVS) reached at day 1984-06-29, but vernalization requirements not yet fulfilled. Forcing vernalization now (VERN=47.688571).
[2026-03-24 12:29:00,245][pcse.crop.phenology.Annual_Phenology][INFO] - Changed phenological stage 'vegetative' to 'reproductive' on 1984-06-29
[2026-03-24 12:29:01,430][pcse.crop.phenology.Annual_Phenology][INFO] - Changed phenological stage 'reproductive' to 'mature' on 1984-09-13
[2026-03-24 12:29:01,856][pcse.base.timer.Timer][INFO] - Reached end of simulation period as specified by END_DATE.
| train          | E: 66 | S: 15906 | R: -0.0946 | TR: 0.2283 | TF: 128 | LR: 0 | NR: 0 | D: 04.0 s | TD: 00.0 s | BR: 0.0003 | ALOSS: 10340.0549 | CLOSS: 1058926.5765 | TLOSS: -90.0889 | TVAL: 0.2334 | AENT: -387.0019 | BCLOSS: 0.0000
[EPISODE DBG] episode=66 step=15906 pred_return=-0.125090 true_return=0.000000 total_feedback=128 labeled_feedback=0
[2026-03-24 12:29:01,864][pcse.agromanager.SoilCalendar][INFO] - Starting soil (oregon) with variation (oregon_1) on day 1984-02-01
[2026-03-24 12:29:01,866][pcse.agromanager.CropCalendar][INFO] - Starting crop (wheat) with variety (wheat_1) on day 1984-02-01
[2026-03-24 12:29:03,103][pcse.crop.phenology.Annual_Phenology][INFO] - Changed phenological stage 'emerging' to 'vegetative' on 1984-04-10
[REPLAY DBG] post-agent-update step=16000 n=16000 mean=0.000341 std=0.007770 min=-0.043908 max=0.028845
[STEP DBG] step=16000 env_reward=0.000000 r_hat=-0.000641 done=False
[NORM DBG] count=16000 mean_abs_mean=62562.078125 mean_std=151.566788 min_std=0.001000 max_std=1994.631470
[2026-03-24 12:29:04,104][pcse.crop.phenology.Vernalisation][INFO] - Critical DVS for vernalization (VERNDVS) reached at day 1984-06-02, but vernalization requirements not yet fulfilled. Forcing vernalization now (VERN=47.688571).
[2026-03-24 12:29:04,119][pcse.crop.phenology.Vernalisation][INFO] - Critical DVS for vernalization (VERNDVS) reached at day 1984-06-03, but vernalization requirements not yet fulfilled. Forcing vernalization now (VERN=47.688571).
[2026-03-24 12:29:04,136][pcse.crop.phenology.Vernalisation][INFO] - Critical DVS for vernalization (VERNDVS) reached at day 1984-06-04, but vernalization requirements not yet fulfilled. Forcing vernalization now (VERN=47.688571).
[2026-03-24 12:29:04,151][pcse.crop.phenology.Vernalisation][INFO] - Critical DVS for vernalization (VERNDVS) reached at day 1984-06-05, but vernalization requirements not yet fulfilled. Forcing vernalization now (VERN=47.688571).
[2026-03-24 12:29:04,167][pcse.crop.phenology.Vernalisation][INFO] - Critical DVS for vernalization (VERNDVS) reached at day 1984-06-06, but vernalization requirements not yet fulfilled. Forcing vernalization now (VERN=47.688571).
[2026-03-24 12:29:04,182][pcse.crop.phenology.Vernalisation][INFO] - Critical DVS for vernalization (VERNDVS) reached at day 1984-06-07, but vernalization requirements not yet fulfilled. Forcing vernalization now (VERN=47.688571).
[2026-03-24 12:29:04,198][pcse.crop.phenology.Vernalisation][INFO] - Critical DVS for vernalization (VERNDVS) reached at day 1984-06-08, but vernalization requirements not yet fulfilled. Forcing vernalization now (VERN=47.688571).
[2026-03-24 12:29:04,214][pcse.crop.phenology.Vernalisation][INFO] - Critical DVS for vernalization (VERNDVS) reached at day 1984-06-09, but vernalization requirements not yet fulfilled. Forcing vernalization now (VERN=47.688571).
[2026-03-24 12:29:04,230][pcse.crop.phenology.Vernalisation][INFO] - Critical DVS for vernalization (VERNDVS) reached at day 1984-06-10, but vernalization requirements not yet fulfilled. Forcing vernalization now (VERN=47.688571).
[2026-03-24 12:29:04,245][pcse.crop.phenology.Vernalisation][INFO] - Critical DVS for vernalization (VERNDVS) reached at day 1984-06-11, but vernalization requirements not yet fulfilled. Forcing vernalization now (VERN=47.688571).
[2026-03-24 12:29:04,261][pcse.crop.phenology.Vernalisation][INFO] - Critical DVS for vernalization (VERNDVS) reached at day 1984-06-12, but vernalization requirements not yet fulfilled. Forcing vernalization now (VERN=47.688571).
[2026-03-24 12:29:04,277][pcse.crop.phenology.Vernalisation][INFO] - Critical DVS for vernalization (VERNDVS) reached at day 1984-06-13, but vernalization requirements not yet fulfilled. Forcing vernalization now (VERN=47.688571).
[2026-03-24 12:29:04,293][pcse.crop.phenology.Vernalisation][INFO] - Critical DVS for vernalization (VERNDVS) reached at day 1984-06-14, but vernalization requirements not yet fulfilled. Forcing vernalization now (VERN=47.688571).
[2026-03-24 12:29:04,308][pcse.crop.phenology.Vernalisation][INFO] - Critical DVS for vernalization (VERNDVS) reached at day 1984-06-15, but vernalization requirements not yet fulfilled. Forcing vernalization now (VERN=47.688571).
[2026-03-24 12:29:04,324][pcse.crop.phenology.Vernalisation][INFO] - Critical DVS for vernalization (VERNDVS) reached at day 1984-06-16, but vernalization requirements not yet fulfilled. Forcing vernalization now (VERN=47.688571).
[2026-03-24 12:29:04,339][pcse.crop.phenology.Vernalisation][INFO] - Critical DVS for vernalization (VERNDVS) reached at day 1984-06-17, but vernalization requirements not yet fulfilled. Forcing vernalization now (VERN=47.688571).
[2026-03-24 12:29:04,355][pcse.crop.phenology.Vernalisation][INFO] - Critical DVS for vernalization (VERNDVS) reached at day 1984-06-18, but vernalization requirements not yet fulfilled. Forcing vernalization now (VERN=47.688571).
[2026-03-24 12:29:04,371][pcse.crop.phenology.Vernalisation][INFO] - Critical DVS for vernalization (VERNDVS) reached at day 1984-06-19, but vernalization requirements not yet fulfilled. Forcing vernalization now (VERN=47.688571).
[2026-03-24 12:29:04,387][pcse.crop.phenology.Vernalisation][INFO] - Critical DVS for vernalization (VERNDVS) reached at day 1984-06-20, but vernalization requirements not yet fulfilled. Forcing vernalization now (VERN=47.688571).
[2026-03-24 12:29:04,402][pcse.crop.phenology.Vernalisation][INFO] - Critical DVS for vernalization (VERNDVS) reached at day 1984-06-21, but vernalization requirements not yet fulfilled. Forcing vernalization now (VERN=47.688571).
[2026-03-24 12:29:04,418][pcse.crop.phenology.Vernalisation][INFO] - Critical DVS for vernalization (VERNDVS) reached at day 1984-06-22, but vernalization requirements not yet fulfilled. Forcing vernalization now (VERN=47.688571).
[2026-03-24 12:29:04,434][pcse.crop.phenology.Vernalisation][INFO] - Critical DVS for vernalization (VERNDVS) reached at day 1984-06-23, but vernalization requirements not yet fulfilled. Forcing vernalization now (VERN=47.688571).
[2026-03-24 12:29:04,449][pcse.crop.phenology.Vernalisation][INFO] - Critical DVS for vernalization (VERNDVS) reached at day 1984-06-24, but vernalization requirements not yet fulfilled. Forcing vernalization now (VERN=47.688571).
[2026-03-24 12:29:04,465][pcse.crop.phenology.Vernalisation][INFO] - Critical DVS for vernalization (VERNDVS) reached at day 1984-06-25, but vernalization requirements not yet fulfilled. Forcing vernalization now (VERN=47.688571).
[2026-03-24 12:29:04,481][pcse.crop.phenology.Vernalisation][INFO] - Critical DVS for vernalization (VERNDVS) reached at day 1984-06-26, but vernalization requirements not yet fulfilled. Forcing vernalization now (VERN=47.688571).
[2026-03-24 12:29:04,497][pcse.crop.phenology.Vernalisation][INFO] - Critical DVS for vernalization (VERNDVS) reached at day 1984-06-27, but vernalization requirements not yet fulfilled. Forcing vernalization now (VERN=47.688571).
[2026-03-24 12:29:04,512][pcse.crop.phenology.Vernalisation][INFO] - Critical DVS for vernalization (VERNDVS) reached at day 1984-06-28, but vernalization requirements not yet fulfilled. Forcing vernalization now (VERN=47.688571).
[2026-03-24 12:29:04,528][pcse.crop.phenology.Vernalisation][INFO] - Critical DVS for vernalization (VERNDVS) reached at day 1984-06-29, but vernalization requirements not yet fulfilled. Forcing vernalization now (VERN=47.688571).
[2026-03-24 12:29:04,528][pcse.crop.phenology.Annual_Phenology][INFO] - Changed phenological stage 'vegetative' to 'reproductive' on 1984-06-29
[2026-03-24 12:29:05,884][pcse.crop.phenology.Annual_Phenology][INFO] - Changed phenological stage 'reproductive' to 'mature' on 1984-09-13
[2026-03-24 12:29:06,151][pcse.base.timer.Timer][INFO] - Reached end of simulation period as specified by END_DATE.
| train          | E: 67 | S: 16147 | R: -0.1251 | TR: 0.0000 | TF: 128 | LR: 0 | NR: 0 | D: 04.3 s | TD: 00.0 s | BR: 0.0003 | ALOSS: 10178.2578 | CLOSS: 1038066.0817 | TLOSS: -90.3673 | TVAL: 0.2372 | AENT: -382.0471 | BCLOSS: 0.0000
[EPISODE DBG] episode=67 step=16147 pred_return=-0.102537 true_return=0.228308 total_feedback=128 labeled_feedback=0
[2026-03-24 12:29:06,158][pcse.agromanager.SoilCalendar][INFO] - Starting soil (oregon) with variation (oregon_1) on day 1984-02-01
[2026-03-24 12:29:06,160][pcse.agromanager.CropCalendar][INFO] - Starting crop (wheat) with variety (wheat_1) on day 1984-02-01
[2026-03-24 12:29:07,582][pcse.crop.phenology.Annual_Phenology][INFO] - Changed phenological stage 'emerging' to 'vegetative' on 1984-04-10
[2026-03-24 12:29:08,296][pcse.crop.phenology.Vernalisation][INFO] - Critical DVS for vernalization (VERNDVS) reached at day 1984-06-02, but vernalization requirements not yet fulfilled. Forcing vernalization now (VERN=47.688571).
[2026-03-24 12:29:08,310][pcse.crop.phenology.Vernalisation][INFO] - Critical DVS for vernalization (VERNDVS) reached at day 1984-06-03, but vernalization requirements not yet fulfilled. Forcing vernalization now (VERN=47.688571).
[2026-03-24 12:29:08,324][pcse.crop.phenology.Vernalisation][INFO] - Critical DVS for vernalization (VERNDVS) reached at day 1984-06-04, but vernalization requirements not yet fulfilled. Forcing vernalization now (VERN=47.688571).
[2026-03-24 12:29:08,337][pcse.crop.phenology.Vernalisation][INFO] - Critical DVS for vernalization (VERNDVS) reached at day 1984-06-05, but vernalization requirements not yet fulfilled. Forcing vernalization now (VERN=47.688571).
[2026-03-24 12:29:08,351][pcse.crop.phenology.Vernalisation][INFO] - Critical DVS for vernalization (VERNDVS) reached at day 1984-06-06, but vernalization requirements not yet fulfilled. Forcing vernalization now (VERN=47.688571).
[2026-03-24 12:29:08,365][pcse.crop.phenology.Vernalisation][INFO] - Critical DVS for vernalization (VERNDVS) reached at day 1984-06-07, but vernalization requirements not yet fulfilled. Forcing vernalization now (VERN=47.688571).
[2026-03-24 12:29:08,379][pcse.crop.phenology.Vernalisation][INFO] - Critical DVS for vernalization (VERNDVS) reached at day 1984-06-08, but vernalization requirements not yet fulfilled. Forcing vernalization now (VERN=47.688571).
[2026-03-24 12:29:08,392][pcse.crop.phenology.Vernalisation][INFO] - Critical DVS for vernalization (VERNDVS) reached at day 1984-06-09, but vernalization requirements not yet fulfilled. Forcing vernalization now (VERN=47.688571).
[2026-03-24 12:29:08,406][pcse.crop.phenology.Vernalisation][INFO] - Critical DVS for vernalization (VERNDVS) reached at day 1984-06-10, but vernalization requirements not yet fulfilled. Forcing vernalization now (VERN=47.688571).
[2026-03-24 12:29:08,419][pcse.crop.phenology.Vernalisation][INFO] - Critical DVS for vernalization (VERNDVS) reached at day 1984-06-11, but vernalization requirements not yet fulfilled. Forcing vernalization now (VERN=47.688571).
[2026-03-24 12:29:08,433][pcse.crop.phenology.Vernalisation][INFO] - Critical DVS for vernalization (VERNDVS) reached at day 1984-06-12, but vernalization requirements not yet fulfilled. Forcing vernalization now (VERN=47.688571).
[2026-03-24 12:29:08,447][pcse.crop.phenology.Vernalisation][INFO] - Critical DVS for vernalization (VERNDVS) reached at day 1984-06-13, but vernalization requirements not yet fulfilled. Forcing vernalization now (VERN=47.688571).
[2026-03-24 12:29:08,461][pcse.crop.phenology.Vernalisation][INFO] - Critical DVS for vernalization (VERNDVS) reached at day 1984-06-14, but vernalization requirements not yet fulfilled. Forcing vernalization now (VERN=47.688571).
[2026-03-24 12:29:08,474][pcse.crop.phenology.Vernalisation][INFO] - Critical DVS for vernalization (VERNDVS) reached at day 1984-06-15, but vernalization requirements not yet fulfilled. Forcing vernalization now (VERN=47.688571).
[2026-03-24 12:29:08,488][pcse.crop.phenology.Vernalisation][INFO] - Critical DVS for vernalization (VERNDVS) reached at day 1984-06-16, but vernalization requirements not yet fulfilled. Forcing vernalization now (VERN=47.688571).
[2026-03-24 12:29:08,501][pcse.crop.phenology.Vernalisation][INFO] - Critical DVS for vernalization (VERNDVS) reached at day 1984-06-17, but vernalization requirements not yet fulfilled. Forcing vernalization now (VERN=47.688571).
[2026-03-24 12:29:08,515][pcse.crop.phenology.Vernalisation][INFO] - Critical DVS for vernalization (VERNDVS) reached at day 1984-06-18, but vernalization requirements not yet fulfilled. Forcing vernalization now (VERN=47.688571).
[2026-03-24 12:29:08,529][pcse.crop.phenology.Vernalisation][INFO] - Critical DVS for vernalization (VERNDVS) reached at day 1984-06-19, but vernalization requirements not yet fulfilled. Forcing vernalization now (VERN=47.688571).
[2026-03-24 12:29:08,543][pcse.crop.phenology.Vernalisation][INFO] - Critical DVS for vernalization (VERNDVS) reached at day 1984-06-20, but vernalization requirements not yet fulfilled. Forcing vernalization now (VERN=47.688571).
[2026-03-24 12:29:08,557][pcse.crop.phenology.Vernalisation][INFO] - Critical DVS for vernalization (VERNDVS) reached at day 1984-06-21, but vernalization requirements not yet fulfilled. Forcing vernalization now (VERN=47.688571).
[2026-03-24 12:29:08,571][pcse.crop.phenology.Vernalisation][INFO] - Critical DVS for vernalization (VERNDVS) reached at day 1984-06-22, but vernalization requirements not yet fulfilled. Forcing vernalization now (VERN=47.688571).
[2026-03-24 12:29:08,584][pcse.crop.phenology.Vernalisation][INFO] - Critical DVS for vernalization (VERNDVS) reached at day 1984-06-23, but vernalization requirements not yet fulfilled. Forcing vernalization now (VERN=47.688571).
[2026-03-24 12:29:08,598][pcse.crop.phenology.Vernalisation][INFO] - Critical DVS for vernalization (VERNDVS) reached at day 1984-06-24, but vernalization requirements not yet fulfilled. Forcing vernalization now (VERN=47.688571).
[2026-03-24 12:29:08,612][pcse.crop.phenology.Vernalisation][INFO] - Critical DVS for vernalization (VERNDVS) reached at day 1984-06-25, but vernalization requirements not yet fulfilled. Forcing vernalization now (VERN=47.688571).
[2026-03-24 12:29:08,625][pcse.crop.phenology.Vernalisation][INFO] - Critical DVS for vernalization (VERNDVS) reached at day 1984-06-26, but vernalization requirements not yet fulfilled. Forcing vernalization now (VERN=47.688571).
[2026-03-24 12:29:08,639][pcse.crop.phenology.Vernalisation][INFO] - Critical DVS for vernalization (VERNDVS) reached at day 1984-06-27, but vernalization requirements not yet fulfilled. Forcing vernalization now (VERN=47.688571).
[2026-03-24 12:29:08,653][pcse.crop.phenology.Vernalisation][INFO] - Critical DVS for vernalization (VERNDVS) reached at day 1984-06-28, but vernalization requirements not yet fulfilled. Forcing vernalization now (VERN=47.688571).
[2026-03-24 12:29:08,666][pcse.crop.phenology.Vernalisation][INFO] - Critical DVS for vernalization (VERNDVS) reached at day 1984-06-29, but vernalization requirements not yet fulfilled. Forcing vernalization now (VERN=47.688571).
[2026-03-24 12:29:08,667][pcse.crop.phenology.Annual_Phenology][INFO] - Changed phenological stage 'vegetative' to 'reproductive' on 1984-06-29
[2026-03-24 12:29:10,041][pcse.crop.phenology.Annual_Phenology][INFO] - Changed phenological stage 'reproductive' to 'mature' on 1984-09-13
[2026-03-24 12:29:10,305][pcse.base.timer.Timer][INFO] - Reached end of simulation period as specified by END_DATE.
| train          | E: 68 | S: 16388 | R: -0.1025 | TR: 0.2283 | TF: 128 | LR: 0 | NR: 0 | D: 04.2 s | TD: 00.0 s | BR: 0.0003 | ALOSS: 9986.8273 | CLOSS: 969297.1544 | TLOSS: -91.6618 | TVAL: 0.2411 | AENT: -381.2196 | BCLOSS: 0.0000
[EPISODE DBG] episode=68 step=16388 pred_return=-0.132905 true_return=0.000000 total_feedback=128 labeled_feedback=0
[2026-03-24 12:29:10,313][pcse.agromanager.SoilCalendar][INFO] - Starting soil (oregon) with variation (oregon_1) on day 1984-02-01
[2026-03-24 12:29:10,315][pcse.agromanager.CropCalendar][INFO] - Starting crop (wheat) with variety (wheat_1) on day 1984-02-01
[2026-03-24 12:29:11,728][pcse.crop.phenology.Annual_Phenology][INFO] - Changed phenological stage 'emerging' to 'vegetative' on 1984-04-10
[REPLAY DBG] post-agent-update step=16500 n=16500 mean=0.000317 std=0.007733 min=-0.043908 max=0.028845
[STEP DBG] step=16500 env_reward=0.000000 r_hat=0.007228 done=False
[NORM DBG] count=16500 mean_abs_mean=62560.726562 mean_std=149.622818 min_std=0.001000 max_std=1966.905884
[2026-03-24 12:29:12,728][pcse.crop.phenology.Vernalisation][INFO] - Critical DVS for vernalization (VERNDVS) reached at day 1984-06-02, but vernalization requirements not yet fulfilled. Forcing vernalization now (VERN=47.688571).
[2026-03-24 12:29:12,746][pcse.crop.phenology.Vernalisation][INFO] - Critical DVS for vernalization (VERNDVS) reached at day 1984-06-03, but vernalization requirements not yet fulfilled. Forcing vernalization now (VERN=47.688571).
[2026-03-24 12:29:12,760][pcse.crop.phenology.Vernalisation][INFO] - Critical DVS for vernalization (VERNDVS) reached at day 1984-06-04, but vernalization requirements not yet fulfilled. Forcing vernalization now (VERN=47.688571).
[2026-03-24 12:29:12,774][pcse.crop.phenology.Vernalisation][INFO] - Critical DVS for vernalization (VERNDVS) reached at day 1984-06-05, but vernalization requirements not yet fulfilled. Forcing vernalization now (VERN=47.688571).
[2026-03-24 12:29:12,789][pcse.crop.phenology.Vernalisation][INFO] - Critical DVS for vernalization (VERNDVS) reached at day 1984-06-06, but vernalization requirements not yet fulfilled. Forcing vernalization now (VERN=47.688571).
[2026-03-24 12:29:12,802][pcse.crop.phenology.Vernalisation][INFO] - Critical DVS for vernalization (VERNDVS) reached at day 1984-06-07, but vernalization requirements not yet fulfilled. Forcing vernalization now (VERN=47.688571).
[2026-03-24 12:29:12,816][pcse.crop.phenology.Vernalisation][INFO] - Critical DVS for vernalization (VERNDVS) reached at day 1984-06-08, but vernalization requirements not yet fulfilled. Forcing vernalization now (VERN=47.688571).
[2026-03-24 12:29:12,830][pcse.crop.phenology.Vernalisation][INFO] - Critical DVS for vernalization (VERNDVS) reached at day 1984-06-09, but vernalization requirements not yet fulfilled. Forcing vernalization now (VERN=47.688571).
[2026-03-24 12:29:12,844][pcse.crop.phenology.Vernalisation][INFO] - Critical DVS for vernalization (VERNDVS) reached at day 1984-06-10, but vernalization requirements not yet fulfilled. Forcing vernalization now (VERN=47.688571).
[2026-03-24 12:29:12,858][pcse.crop.phenology.Vernalisation][INFO] - Critical DVS for vernalization (VERNDVS) reached at day 1984-06-11, but vernalization requirements not yet fulfilled. Forcing vernalization now (VERN=47.688571).
[2026-03-24 12:29:12,871][pcse.crop.phenology.Vernalisation][INFO] - Critical DVS for vernalization (VERNDVS) reached at day 1984-06-12, but vernalization requirements not yet fulfilled. Forcing vernalization now (VERN=47.688571).
[2026-03-24 12:29:12,885][pcse.crop.phenology.Vernalisation][INFO] - Critical DVS for vernalization (VERNDVS) reached at day 1984-06-13, but vernalization requirements not yet fulfilled. Forcing vernalization now (VERN=47.688571).
[2026-03-24 12:29:12,899][pcse.crop.phenology.Vernalisation][INFO] - Critical DVS for vernalization (VERNDVS) reached at day 1984-06-14, but vernalization requirements not yet fulfilled. Forcing vernalization now (VERN=47.688571).
[2026-03-24 12:29:12,912][pcse.crop.phenology.Vernalisation][INFO] - Critical DVS for vernalization (VERNDVS) reached at day 1984-06-15, but vernalization requirements not yet fulfilled. Forcing vernalization now (VERN=47.688571).
[2026-03-24 12:29:12,926][pcse.crop.phenology.Vernalisation][INFO] - Critical DVS for vernalization (VERNDVS) reached at day 1984-06-16, but vernalization requirements not yet fulfilled. Forcing vernalization now (VERN=47.688571).
[2026-03-24 12:29:12,941][pcse.crop.phenology.Vernalisation][INFO] - Critical DVS for vernalization (VERNDVS) reached at day 1984-06-17, but vernalization requirements not yet fulfilled. Forcing vernalization now (VERN=47.688571).
[2026-03-24 12:29:12,955][pcse.crop.phenology.Vernalisation][INFO] - Critical DVS for vernalization (VERNDVS) reached at day 1984-06-18, but vernalization requirements not yet fulfilled. Forcing vernalization now (VERN=47.688571).
[2026-03-24 12:29:12,969][pcse.crop.phenology.Vernalisation][INFO] - Critical DVS for vernalization (VERNDVS) reached at day 1984-06-19, but vernalization requirements not yet fulfilled. Forcing vernalization now (VERN=47.688571).
[2026-03-24 12:29:12,983][pcse.crop.phenology.Vernalisation][INFO] - Critical DVS for vernalization (VERNDVS) reached at day 1984-06-20, but vernalization requirements not yet fulfilled. Forcing vernalization now (VERN=47.688571).
[2026-03-24 12:29:12,997][pcse.crop.phenology.Vernalisation][INFO] - Critical DVS for vernalization (VERNDVS) reached at day 1984-06-21, but vernalization requirements not yet fulfilled. Forcing vernalization now (VERN=47.688571).
[2026-03-24 12:29:13,010][pcse.crop.phenology.Vernalisation][INFO] - Critical DVS for vernalization (VERNDVS) reached at day 1984-06-22, but vernalization requirements not yet fulfilled. Forcing vernalization now (VERN=47.688571).
[2026-03-24 12:29:13,024][pcse.crop.phenology.Vernalisation][INFO] - Critical DVS for vernalization (VERNDVS) reached at day 1984-06-23, but vernalization requirements not yet fulfilled. Forcing vernalization now (VERN=47.688571).
[2026-03-24 12:29:13,039][pcse.crop.phenology.Vernalisation][INFO] - Critical DVS for vernalization (VERNDVS) reached at day 1984-06-24, but vernalization requirements not yet fulfilled. Forcing vernalization now (VERN=47.688571).
[2026-03-24 12:29:13,053][pcse.crop.phenology.Vernalisation][INFO] - Critical DVS for vernalization (VERNDVS) reached at day 1984-06-25, but vernalization requirements not yet fulfilled. Forcing vernalization now (VERN=47.688571).
[2026-03-24 12:29:13,066][pcse.crop.phenology.Vernalisation][INFO] - Critical DVS for vernalization (VERNDVS) reached at day 1984-06-26, but vernalization requirements not yet fulfilled. Forcing vernalization now (VERN=47.688571).
[2026-03-24 12:29:13,080][pcse.crop.phenology.Vernalisation][INFO] - Critical DVS for vernalization (VERNDVS) reached at day 1984-06-27, but vernalization requirements not yet fulfilled. Forcing vernalization now (VERN=47.688571).
[2026-03-24 12:29:13,094][pcse.crop.phenology.Vernalisation][INFO] - Critical DVS for vernalization (VERNDVS) reached at day 1984-06-28, but vernalization requirements not yet fulfilled. Forcing vernalization now (VERN=47.688571).
[2026-03-24 12:29:13,108][pcse.crop.phenology.Vernalisation][INFO] - Critical DVS for vernalization (VERNDVS) reached at day 1984-06-29, but vernalization requirements not yet fulfilled. Forcing vernalization now (VERN=47.688571).
[2026-03-24 12:29:13,108][pcse.crop.phenology.Annual_Phenology][INFO] - Changed phenological stage 'vegetative' to 'reproductive' on 1984-06-29
[2026-03-24 12:29:14,300][pcse.crop.phenology.Annual_Phenology][INFO] - Changed phenological stage 'reproductive' to 'mature' on 1984-09-13
[2026-03-24 12:29:14,530][pcse.base.timer.Timer][INFO] - Reached end of simulation period as specified by END_DATE.
| train          | E: 69 | S: 16629 | R: -0.1329 | TR: 0.0000 | TF: 128 | LR: 0 | NR: 0 | D: 04.2 s | TD: 00.0 s | BR: 0.0003 | ALOSS: 10165.9351 | CLOSS: 2061346.5879 | TLOSS: -217.7728 | TVAL: 0.2463 | AENT: -881.6078 | BCLOSS: 0.0000
[EPISODE DBG] episode=69 step=16629 pred_return=-0.146853 true_return=2.603472 total_feedback=128 labeled_feedback=0
[2026-03-24 12:29:14,535][pcse.agromanager.SoilCalendar][INFO] - Starting soil (oregon) with variation (oregon_1) on day 1984-02-01
[2026-03-24 12:29:14,537][pcse.agromanager.CropCalendar][INFO] - Starting crop (wheat) with variety (wheat_1) on day 1984-02-01
[2026-03-24 12:29:15,567][pcse.crop.phenology.Annual_Phenology][INFO] - Changed phenological stage 'emerging' to 'vegetative' on 1984-04-10
[2026-03-24 12:29:16,515][pcse.crop.phenology.Vernalisation][INFO] - Critical DVS for vernalization (VERNDVS) reached at day 1984-06-02, but vernalization requirements not yet fulfilled. Forcing vernalization now (VERN=47.688571).
[2026-03-24 12:29:16,531][pcse.crop.phenology.Vernalisation][INFO] - Critical DVS for vernalization (VERNDVS) reached at day 1984-06-03, but vernalization requirements not yet fulfilled. Forcing vernalization now (VERN=47.688571).
[2026-03-24 12:29:16,546][pcse.crop.phenology.Vernalisation][INFO] - Critical DVS for vernalization (VERNDVS) reached at day 1984-06-04, but vernalization requirements not yet fulfilled. Forcing vernalization now (VERN=47.688571).
[2026-03-24 12:29:16,562][pcse.crop.phenology.Vernalisation][INFO] - Critical DVS for vernalization (VERNDVS) reached at day 1984-06-05, but vernalization requirements not yet fulfilled. Forcing vernalization now (VERN=47.688571).
[2026-03-24 12:29:16,577][pcse.crop.phenology.Vernalisation][INFO] - Critical DVS for vernalization (VERNDVS) reached at day 1984-06-06, but vernalization requirements not yet fulfilled. Forcing vernalization now (VERN=47.688571).
[2026-03-24 12:29:16,593][pcse.crop.phenology.Vernalisation][INFO] - Critical DVS for vernalization (VERNDVS) reached at day 1984-06-07, but vernalization requirements not yet fulfilled. Forcing vernalization now (VERN=47.688571).
[2026-03-24 12:29:16,608][pcse.crop.phenology.Vernalisation][INFO] - Critical DVS for vernalization (VERNDVS) reached at day 1984-06-08, but vernalization requirements not yet fulfilled. Forcing vernalization now (VERN=47.688571).
[2026-03-24 12:29:16,623][pcse.crop.phenology.Vernalisation][INFO] - Critical DVS for vernalization (VERNDVS) reached at day 1984-06-09, but vernalization requirements not yet fulfilled. Forcing vernalization now (VERN=47.688571).
[2026-03-24 12:29:16,639][pcse.crop.phenology.Vernalisation][INFO] - Critical DVS for vernalization (VERNDVS) reached at day 1984-06-10, but vernalization requirements not yet fulfilled. Forcing vernalization now (VERN=47.688571).
[2026-03-24 12:29:16,654][pcse.crop.phenology.Vernalisation][INFO] - Critical DVS for vernalization (VERNDVS) reached at day 1984-06-11, but vernalization requirements not yet fulfilled. Forcing vernalization now (VERN=47.688571).
[2026-03-24 12:29:16,670][pcse.crop.phenology.Vernalisation][INFO] - Critical DVS for vernalization (VERNDVS) reached at day 1984-06-12, but vernalization requirements not yet fulfilled. Forcing vernalization now (VERN=47.688571).
[2026-03-24 12:29:16,685][pcse.crop.phenology.Vernalisation][INFO] - Critical DVS for vernalization (VERNDVS) reached at day 1984-06-13, but vernalization requirements not yet fulfilled. Forcing vernalization now (VERN=47.688571).
[2026-03-24 12:29:16,701][pcse.crop.phenology.Vernalisation][INFO] - Critical DVS for vernalization (VERNDVS) reached at day 1984-06-14, but vernalization requirements not yet fulfilled. Forcing vernalization now (VERN=47.688571).
[2026-03-24 12:29:16,716][pcse.crop.phenology.Vernalisation][INFO] - Critical DVS for vernalization (VERNDVS) reached at day 1984-06-15, but vernalization requirements not yet fulfilled. Forcing vernalization now (VERN=47.688571).
[2026-03-24 12:29:16,732][pcse.crop.phenology.Vernalisation][INFO] - Critical DVS for vernalization (VERNDVS) reached at day 1984-06-16, but vernalization requirements not yet fulfilled. Forcing vernalization now (VERN=47.688571).
[2026-03-24 12:29:16,748][pcse.crop.phenology.Vernalisation][INFO] - Critical DVS for vernalization (VERNDVS) reached at day 1984-06-17, but vernalization requirements not yet fulfilled. Forcing vernalization now (VERN=47.688571).
[2026-03-24 12:29:16,763][pcse.crop.phenology.Vernalisation][INFO] - Critical DVS for vernalization (VERNDVS) reached at day 1984-06-18, but vernalization requirements not yet fulfilled. Forcing vernalization now (VERN=47.688571).
[2026-03-24 12:29:16,779][pcse.crop.phenology.Vernalisation][INFO] - Critical DVS for vernalization (VERNDVS) reached at day 1984-06-19, but vernalization requirements not yet fulfilled. Forcing vernalization now (VERN=47.688571).
[2026-03-24 12:29:16,794][pcse.crop.phenology.Vernalisation][INFO] - Critical DVS for vernalization (VERNDVS) reached at day 1984-06-20, but vernalization requirements not yet fulfilled. Forcing vernalization now (VERN=47.688571).
[2026-03-24 12:29:16,810][pcse.crop.phenology.Vernalisation][INFO] - Critical DVS for vernalization (VERNDVS) reached at day 1984-06-21, but vernalization requirements not yet fulfilled. Forcing vernalization now (VERN=47.688571).
[2026-03-24 12:29:16,825][pcse.crop.phenology.Vernalisation][INFO] - Critical DVS for vernalization (VERNDVS) reached at day 1984-06-22, but vernalization requirements not yet fulfilled. Forcing vernalization now (VERN=47.688571).
[2026-03-24 12:29:16,841][pcse.crop.phenology.Vernalisation][INFO] - Critical DVS for vernalization (VERNDVS) reached at day 1984-06-23, but vernalization requirements not yet fulfilled. Forcing vernalization now (VERN=47.688571).
[2026-03-24 12:29:16,856][pcse.crop.phenology.Vernalisation][INFO] - Critical DVS for vernalization (VERNDVS) reached at day 1984-06-24, but vernalization requirements not yet fulfilled. Forcing vernalization now (VERN=47.688571).
[2026-03-24 12:29:16,872][pcse.crop.phenology.Vernalisation][INFO] - Critical DVS for vernalization (VERNDVS) reached at day 1984-06-25, but vernalization requirements not yet fulfilled. Forcing vernalization now (VERN=47.688571).
[2026-03-24 12:29:16,887][pcse.crop.phenology.Vernalisation][INFO] - Critical DVS for vernalization (VERNDVS) reached at day 1984-06-26, but vernalization requirements not yet fulfilled. Forcing vernalization now (VERN=47.688571).
[2026-03-24 12:29:16,903][pcse.crop.phenology.Vernalisation][INFO] - Critical DVS for vernalization (VERNDVS) reached at day 1984-06-27, but vernalization requirements not yet fulfilled. Forcing vernalization now (VERN=47.688571).
[2026-03-24 12:29:16,918][pcse.crop.phenology.Vernalisation][INFO] - Critical DVS for vernalization (VERNDVS) reached at day 1984-06-28, but vernalization requirements not yet fulfilled. Forcing vernalization now (VERN=47.688571).
[2026-03-24 12:29:16,934][pcse.crop.phenology.Vernalisation][INFO] - Critical DVS for vernalization (VERNDVS) reached at day 1984-06-29, but vernalization requirements not yet fulfilled. Forcing vernalization now (VERN=47.688571).
[2026-03-24 12:29:16,934][pcse.crop.phenology.Annual_Phenology][INFO] - Changed phenological stage 'vegetative' to 'reproductive' on 1984-06-29
[2026-03-24 12:29:18,310][pcse.crop.phenology.Annual_Phenology][INFO] - Changed phenological stage 'reproductive' to 'mature' on 1984-09-13
[2026-03-24 12:29:18,576][pcse.base.timer.Timer][INFO] - Reached end of simulation period as specified by END_DATE.
| train          | E: 70 | S: 16870 | R: -0.1469 | TR: 2.6035 | TF: 128 | LR: 0 | NR: 0 | D: 04.0 s | TD: 00.0 s | BR: 0.0003 | ALOSS: 10376.2679 | CLOSS: 2332205.3303 | TLOSS: -233.5467 | TVAL: 0.2553 | AENT: -917.2963 | BCLOSS: 0.0000
[EPISODE DBG] episode=70 step=16870 pred_return=-0.578207 true_return=24.439009 total_feedback=128 labeled_feedback=0
[2026-03-24 12:29:18,583][pcse.agromanager.SoilCalendar][INFO] - Starting soil (oregon) with variation (oregon_1) on day 1984-02-01
[2026-03-24 12:29:18,585][pcse.agromanager.CropCalendar][INFO] - Starting crop (wheat) with variety (wheat_1) on day 1984-02-01
[2026-03-24 12:29:20,005][pcse.crop.phenology.Annual_Phenology][INFO] - Changed phenological stage 'emerging' to 'vegetative' on 1984-04-10
[2026-03-24 12:29:20,834][pcse.crop.phenology.Vernalisation][INFO] - Critical DVS for vernalization (VERNDVS) reached at day 1984-06-02, but vernalization requirements not yet fulfilled. Forcing vernalization now (VERN=47.688571).
[2026-03-24 12:29:20,849][pcse.crop.phenology.Vernalisation][INFO] - Critical DVS for vernalization (VERNDVS) reached at day 1984-06-03, but vernalization requirements not yet fulfilled. Forcing vernalization now (VERN=47.688571).
[2026-03-24 12:29:20,865][pcse.crop.phenology.Vernalisation][INFO] - Critical DVS for vernalization (VERNDVS) reached at day 1984-06-04, but vernalization requirements not yet fulfilled. Forcing vernalization now (VERN=47.688571).
[2026-03-24 12:29:20,881][pcse.crop.phenology.Vernalisation][INFO] - Critical DVS for vernalization (VERNDVS) reached at day 1984-06-05, but vernalization requirements not yet fulfilled. Forcing vernalization now (VERN=47.688571).
[2026-03-24 12:29:20,897][pcse.crop.phenology.Vernalisation][INFO] - Critical DVS for vernalization (VERNDVS) reached at day 1984-06-06, but vernalization requirements not yet fulfilled. Forcing vernalization now (VERN=47.688571).
[2026-03-24 12:29:20,913][pcse.crop.phenology.Vernalisation][INFO] - Critical DVS for vernalization (VERNDVS) reached at day 1984-06-07, but vernalization requirements not yet fulfilled. Forcing vernalization now (VERN=47.688571).
[2026-03-24 12:29:20,929][pcse.crop.phenology.Vernalisation][INFO] - Critical DVS for vernalization (VERNDVS) reached at day 1984-06-08, but vernalization requirements not yet fulfilled. Forcing vernalization now (VERN=47.688571).
[2026-03-24 12:29:20,945][pcse.crop.phenology.Vernalisation][INFO] - Critical DVS for vernalization (VERNDVS) reached at day 1984-06-09, but vernalization requirements not yet fulfilled. Forcing vernalization now (VERN=47.688571).
[2026-03-24 12:29:20,961][pcse.crop.phenology.Vernalisation][INFO] - Critical DVS for vernalization (VERNDVS) reached at day 1984-06-10, but vernalization requirements not yet fulfilled. Forcing vernalization now (VERN=47.688571).
[2026-03-24 12:29:20,976][pcse.crop.phenology.Vernalisation][INFO] - Critical DVS for vernalization (VERNDVS) reached at day 1984-06-11, but vernalization requirements not yet fulfilled. Forcing vernalization now (VERN=47.688571).
[REPLAY DBG] post-agent-update step=17000 n=17000 mean=0.000257 std=0.007704 min=-0.043908 max=0.028845
[2026-03-24 12:29:21,156][pcse.crop.phenology.Vernalisation][INFO] - Critical DVS for vernalization (VERNDVS) reached at day 1984-06-12, but vernalization requirements not yet fulfilled. Forcing vernalization now (VERN=47.688571).
[STEP DBG] step=17000 env_reward=0.000000 r_hat=-0.008784 done=False
[NORM DBG] count=17000 mean_abs_mean=62559.457031 mean_std=147.752625 min_std=0.001000 max_std=1940.291138
[2026-03-24 12:29:21,175][pcse.crop.phenology.Vernalisation][INFO] - Critical DVS for vernalization (VERNDVS) reached at day 1984-06-13, but vernalization requirements not yet fulfilled. Forcing vernalization now (VERN=47.688571).
[2026-03-24 12:29:21,194][pcse.crop.phenology.Vernalisation][INFO] - Critical DVS for vernalization (VERNDVS) reached at day 1984-06-14, but vernalization requirements not yet fulfilled. Forcing vernalization now (VERN=47.688571).
[2026-03-24 12:29:21,212][pcse.crop.phenology.Vernalisation][INFO] - Critical DVS for vernalization (VERNDVS) reached at day 1984-06-15, but vernalization requirements not yet fulfilled. Forcing vernalization now (VERN=47.688571).
[2026-03-24 12:29:21,231][pcse.crop.phenology.Vernalisation][INFO] - Critical DVS for vernalization (VERNDVS) reached at day 1984-06-16, but vernalization requirements not yet fulfilled. Forcing vernalization now (VERN=47.688571).
[2026-03-24 12:29:21,248][pcse.crop.phenology.Vernalisation][INFO] - Critical DVS for vernalization (VERNDVS) reached at day 1984-06-17, but vernalization requirements not yet fulfilled. Forcing vernalization now (VERN=47.688571).
[2026-03-24 12:29:21,264][pcse.crop.phenology.Vernalisation][INFO] - Critical DVS for vernalization (VERNDVS) reached at day 1984-06-18, but vernalization requirements not yet fulfilled. Forcing vernalization now (VERN=47.688571).
[2026-03-24 12:29:21,280][pcse.crop.phenology.Vernalisation][INFO] - Critical DVS for vernalization (VERNDVS) reached at day 1984-06-19, but vernalization requirements not yet fulfilled. Forcing vernalization now (VERN=47.688571).
[2026-03-24 12:29:21,296][pcse.crop.phenology.Vernalisation][INFO] - Critical DVS for vernalization (VERNDVS) reached at day 1984-06-20, but vernalization requirements not yet fulfilled. Forcing vernalization now (VERN=47.688571).
[2026-03-24 12:29:21,312][pcse.crop.phenology.Vernalisation][INFO] - Critical DVS for vernalization (VERNDVS) reached at day 1984-06-21, but vernalization requirements not yet fulfilled. Forcing vernalization now (VERN=47.688571).
[2026-03-24 12:29:21,327][pcse.crop.phenology.Vernalisation][INFO] - Critical DVS for vernalization (VERNDVS) reached at day 1984-06-22, but vernalization requirements not yet fulfilled. Forcing vernalization now (VERN=47.688571).
[2026-03-24 12:29:21,343][pcse.crop.phenology.Vernalisation][INFO] - Critical DVS for vernalization (VERNDVS) reached at day 1984-06-23, but vernalization requirements not yet fulfilled. Forcing vernalization now (VERN=47.688571).
[2026-03-24 12:29:21,359][pcse.crop.phenology.Vernalisation][INFO] - Critical DVS for vernalization (VERNDVS) reached at day 1984-06-24, but vernalization requirements not yet fulfilled. Forcing vernalization now (VERN=47.688571).
[2026-03-24 12:29:21,375][pcse.crop.phenology.Vernalisation][INFO] - Critical DVS for vernalization (VERNDVS) reached at day 1984-06-25, but vernalization requirements not yet fulfilled. Forcing vernalization now (VERN=47.688571).
[2026-03-24 12:29:21,391][pcse.crop.phenology.Vernalisation][INFO] - Critical DVS for vernalization (VERNDVS) reached at day 1984-06-26, but vernalization requirements not yet fulfilled. Forcing vernalization now (VERN=47.688571).
[2026-03-24 12:29:21,408][pcse.crop.phenology.Vernalisation][INFO] - Critical DVS for vernalization (VERNDVS) reached at day 1984-06-27, but vernalization requirements not yet fulfilled. Forcing vernalization now (VERN=47.688571).
[2026-03-24 12:29:21,425][pcse.crop.phenology.Vernalisation][INFO] - Critical DVS for vernalization (VERNDVS) reached at day 1984-06-28, but vernalization requirements not yet fulfilled. Forcing vernalization now (VERN=47.688571).
[2026-03-24 12:29:21,440][pcse.crop.phenology.Vernalisation][INFO] - Critical DVS for vernalization (VERNDVS) reached at day 1984-06-29, but vernalization requirements not yet fulfilled. Forcing vernalization now (VERN=47.688571).
[2026-03-24 12:29:21,440][pcse.crop.phenology.Annual_Phenology][INFO] - Changed phenological stage 'vegetative' to 'reproductive' on 1984-06-29
[2026-03-24 12:29:22,620][pcse.crop.phenology.Annual_Phenology][INFO] - Changed phenological stage 'reproductive' to 'mature' on 1984-09-13
[2026-03-24 12:29:23,055][pcse.base.timer.Timer][INFO] - Reached end of simulation period as specified by END_DATE.
| train          | E: 71 | S: 17111 | R: -0.5782 | TR: 24.4390 | TF: 128 | LR: 0 | NR: 0 | D: 04.5 s | TD: 00.0 s | BR: 0.0002 | ALOSS: 10271.0389 | CLOSS: 929851.1036 | TLOSS: -188.6332 | TVAL: 0.2612 | AENT: -723.0773 | BCLOSS: 0.0000
[EPISODE DBG] episode=71 step=17111 pred_return=-0.371664 true_return=19.897423 total_feedback=128 labeled_feedback=0
[2026-03-24 12:29:23,062][pcse.agromanager.SoilCalendar][INFO] - Starting soil (oregon) with variation (oregon_1) on day 1984-02-01
[2026-03-24 12:29:23,064][pcse.agromanager.CropCalendar][INFO] - Starting crop (wheat) with variety (wheat_1) on day 1984-02-01
[2026-03-24 12:29:24,145][pcse.crop.phenology.Annual_Phenology][INFO] - Changed phenological stage 'emerging' to 'vegetative' on 1984-04-10
[2026-03-24 12:29:25,079][pcse.crop.phenology.Vernalisation][INFO] - Critical DVS for vernalization (VERNDVS) reached at day 1984-06-02, but vernalization requirements not yet fulfilled. Forcing vernalization now (VERN=47.688571).
[2026-03-24 12:29:25,094][pcse.crop.phenology.Vernalisation][INFO] - Critical DVS for vernalization (VERNDVS) reached at day 1984-06-03, but vernalization requirements not yet fulfilled. Forcing vernalization now (VERN=47.688571).
[2026-03-24 12:29:25,110][pcse.crop.phenology.Vernalisation][INFO] - Critical DVS for vernalization (VERNDVS) reached at day 1984-06-04, but vernalization requirements not yet fulfilled. Forcing vernalization now (VERN=47.688571).
[2026-03-24 12:29:25,126][pcse.crop.phenology.Vernalisation][INFO] - Critical DVS for vernalization (VERNDVS) reached at day 1984-06-05, but vernalization requirements not yet fulfilled. Forcing vernalization now (VERN=47.688571).
[2026-03-24 12:29:25,141][pcse.crop.phenology.Vernalisation][INFO] - Critical DVS for vernalization (VERNDVS) reached at day 1984-06-06, but vernalization requirements not yet fulfilled. Forcing vernalization now (VERN=47.688571).
[2026-03-24 12:29:25,157][pcse.crop.phenology.Vernalisation][INFO] - Critical DVS for vernalization (VERNDVS) reached at day 1984-06-07, but vernalization requirements not yet fulfilled. Forcing vernalization now (VERN=47.688571).
[2026-03-24 12:29:25,173][pcse.crop.phenology.Vernalisation][INFO] - Critical DVS for vernalization (VERNDVS) reached at day 1984-06-08, but vernalization requirements not yet fulfilled. Forcing vernalization now (VERN=47.688571).
[2026-03-24 12:29:25,189][pcse.crop.phenology.Vernalisation][INFO] - Critical DVS for vernalization (VERNDVS) reached at day 1984-06-09, but vernalization requirements not yet fulfilled. Forcing vernalization now (VERN=47.688571).
[2026-03-24 12:29:25,205][pcse.crop.phenology.Vernalisation][INFO] - Critical DVS for vernalization (VERNDVS) reached at day 1984-06-10, but vernalization requirements not yet fulfilled. Forcing vernalization now (VERN=47.688571).
[2026-03-24 12:29:25,220][pcse.crop.phenology.Vernalisation][INFO] - Critical DVS for vernalization (VERNDVS) reached at day 1984-06-11, but vernalization requirements not yet fulfilled. Forcing vernalization now (VERN=47.688571).
[2026-03-24 12:29:25,236][pcse.crop.phenology.Vernalisation][INFO] - Critical DVS for vernalization (VERNDVS) reached at day 1984-06-12, but vernalization requirements not yet fulfilled. Forcing vernalization now (VERN=47.688571).
[2026-03-24 12:29:25,251][pcse.crop.phenology.Vernalisation][INFO] - Critical DVS for vernalization (VERNDVS) reached at day 1984-06-13, but vernalization requirements not yet fulfilled. Forcing vernalization now (VERN=47.688571).
[2026-03-24 12:29:25,267][pcse.crop.phenology.Vernalisation][INFO] - Critical DVS for vernalization (VERNDVS) reached at day 1984-06-14, but vernalization requirements not yet fulfilled. Forcing vernalization now (VERN=47.688571).
[2026-03-24 12:29:25,283][pcse.crop.phenology.Vernalisation][INFO] - Critical DVS for vernalization (VERNDVS) reached at day 1984-06-15, but vernalization requirements not yet fulfilled. Forcing vernalization now (VERN=47.688571).
[2026-03-24 12:29:25,298][pcse.crop.phenology.Vernalisation][INFO] - Critical DVS for vernalization (VERNDVS) reached at day 1984-06-16, but vernalization requirements not yet fulfilled. Forcing vernalization now (VERN=47.688571).
[2026-03-24 12:29:25,314][pcse.crop.phenology.Vernalisation][INFO] - Critical DVS for vernalization (VERNDVS) reached at day 1984-06-17, but vernalization requirements not yet fulfilled. Forcing vernalization now (VERN=47.688571).
[2026-03-24 12:29:25,330][pcse.crop.phenology.Vernalisation][INFO] - Critical DVS for vernalization (VERNDVS) reached at day 1984-06-18, but vernalization requirements not yet fulfilled. Forcing vernalization now (VERN=47.688571).
[2026-03-24 12:29:25,345][pcse.crop.phenology.Vernalisation][INFO] - Critical DVS for vernalization (VERNDVS) reached at day 1984-06-19, but vernalization requirements not yet fulfilled. Forcing vernalization now (VERN=47.688571).
[2026-03-24 12:29:25,361][pcse.crop.phenology.Vernalisation][INFO] - Critical DVS for vernalization (VERNDVS) reached at day 1984-06-20, but vernalization requirements not yet fulfilled. Forcing vernalization now (VERN=47.688571).
[2026-03-24 12:29:25,377][pcse.crop.phenology.Vernalisation][INFO] - Critical DVS for vernalization (VERNDVS) reached at day 1984-06-21, but vernalization requirements not yet fulfilled. Forcing vernalization now (VERN=47.688571).
[2026-03-24 12:29:25,392][pcse.crop.phenology.Vernalisation][INFO] - Critical DVS for vernalization (VERNDVS) reached at day 1984-06-22, but vernalization requirements not yet fulfilled. Forcing vernalization now (VERN=47.688571).
[2026-03-24 12:29:25,408][pcse.crop.phenology.Vernalisation][INFO] - Critical DVS for vernalization (VERNDVS) reached at day 1984-06-23, but vernalization requirements not yet fulfilled. Forcing vernalization now (VERN=47.688571).
[2026-03-24 12:29:25,424][pcse.crop.phenology.Vernalisation][INFO] - Critical DVS for vernalization (VERNDVS) reached at day 1984-06-24, but vernalization requirements not yet fulfilled. Forcing vernalization now (VERN=47.688571).
[2026-03-24 12:29:25,439][pcse.crop.phenology.Vernalisation][INFO] - Critical DVS for vernalization (VERNDVS) reached at day 1984-06-25, but vernalization requirements not yet fulfilled. Forcing vernalization now (VERN=47.688571).
[2026-03-24 12:29:25,455][pcse.crop.phenology.Vernalisation][INFO] - Critical DVS for vernalization (VERNDVS) reached at day 1984-06-26, but vernalization requirements not yet fulfilled. Forcing vernalization now (VERN=47.688571).
[2026-03-24 12:29:25,470][pcse.crop.phenology.Vernalisation][INFO] - Critical DVS for vernalization (VERNDVS) reached at day 1984-06-27, but vernalization requirements not yet fulfilled. Forcing vernalization now (VERN=47.688571).
[2026-03-24 12:29:25,486][pcse.crop.phenology.Vernalisation][INFO] - Critical DVS for vernalization (VERNDVS) reached at day 1984-06-28, but vernalization requirements not yet fulfilled. Forcing vernalization now (VERN=47.688571).
[2026-03-24 12:29:25,503][pcse.crop.phenology.Vernalisation][INFO] - Critical DVS for vernalization (VERNDVS) reached at day 1984-06-29, but vernalization requirements not yet fulfilled. Forcing vernalization now (VERN=47.688571).
[2026-03-24 12:29:25,503][pcse.crop.phenology.Annual_Phenology][INFO] - Changed phenological stage 'vegetative' to 'reproductive' on 1984-06-29
[2026-03-24 12:29:26,888][pcse.crop.phenology.Annual_Phenology][INFO] - Changed phenological stage 'reproductive' to 'mature' on 1984-09-13
[2026-03-24 12:29:27,156][pcse.base.timer.Timer][INFO] - Reached end of simulation period as specified by END_DATE.
| train          | E: 72 | S: 17352 | R: -0.3717 | TR: 19.8974 | TF: 128 | LR: 0 | NR: 0 | D: 04.1 s | TD: 00.0 s | BR: 0.0002 | ALOSS: 10322.0737 | CLOSS: 1486696.6121 | TLOSS: -191.7823 | TVAL: 0.2671 | AENT: -719.0807 | BCLOSS: 0.0000
[EPISODE DBG] episode=72 step=17352 pred_return=-0.402916 true_return=15.861067 total_feedback=128 labeled_feedback=0
[2026-03-24 12:29:27,164][pcse.agromanager.SoilCalendar][INFO] - Starting soil (oregon) with variation (oregon_1) on day 1984-02-01
[2026-03-24 12:29:27,166][pcse.agromanager.CropCalendar][INFO] - Starting crop (wheat) with variety (wheat_1) on day 1984-02-01
[2026-03-24 12:29:28,736][pcse.crop.phenology.Annual_Phenology][INFO] - Changed phenological stage 'emerging' to 'vegetative' on 1984-04-10
[2026-03-24 12:29:29,520][pcse.crop.phenology.Vernalisation][INFO] - Critical DVS for vernalization (VERNDVS) reached at day 1984-06-02, but vernalization requirements not yet fulfilled. Forcing vernalization now (VERN=47.688571).
[2026-03-24 12:29:29,535][pcse.crop.phenology.Vernalisation][INFO] - Critical DVS for vernalization (VERNDVS) reached at day 1984-06-03, but vernalization requirements not yet fulfilled. Forcing vernalization now (VERN=47.688571).
[2026-03-24 12:29:29,551][pcse.crop.phenology.Vernalisation][INFO] - Critical DVS for vernalization (VERNDVS) reached at day 1984-06-04, but vernalization requirements not yet fulfilled. Forcing vernalization now (VERN=47.688571).
[2026-03-24 12:29:29,566][pcse.crop.phenology.Vernalisation][INFO] - Critical DVS for vernalization (VERNDVS) reached at day 1984-06-05, but vernalization requirements not yet fulfilled. Forcing vernalization now (VERN=47.688571).
[2026-03-24 12:29:29,582][pcse.crop.phenology.Vernalisation][INFO] - Critical DVS for vernalization (VERNDVS) reached at day 1984-06-06, but vernalization requirements not yet fulfilled. Forcing vernalization now (VERN=47.688571).
[2026-03-24 12:29:29,598][pcse.crop.phenology.Vernalisation][INFO] - Critical DVS for vernalization (VERNDVS) reached at day 1984-06-07, but vernalization requirements not yet fulfilled. Forcing vernalization now (VERN=47.688571).
[2026-03-24 12:29:29,613][pcse.crop.phenology.Vernalisation][INFO] - Critical DVS for vernalization (VERNDVS) reached at day 1984-06-08, but vernalization requirements not yet fulfilled. Forcing vernalization now (VERN=47.688571).
[2026-03-24 12:29:29,629][pcse.crop.phenology.Vernalisation][INFO] - Critical DVS for vernalization (VERNDVS) reached at day 1984-06-09, but vernalization requirements not yet fulfilled. Forcing vernalization now (VERN=47.688571).
[2026-03-24 12:29:29,644][pcse.crop.phenology.Vernalisation][INFO] - Critical DVS for vernalization (VERNDVS) reached at day 1984-06-10, but vernalization requirements not yet fulfilled. Forcing vernalization now (VERN=47.688571).
[2026-03-24 12:29:29,660][pcse.crop.phenology.Vernalisation][INFO] - Critical DVS for vernalization (VERNDVS) reached at day 1984-06-11, but vernalization requirements not yet fulfilled. Forcing vernalization now (VERN=47.688571).
[2026-03-24 12:29:29,675][pcse.crop.phenology.Vernalisation][INFO] - Critical DVS for vernalization (VERNDVS) reached at day 1984-06-12, but vernalization requirements not yet fulfilled. Forcing vernalization now (VERN=47.688571).
[2026-03-24 12:29:29,691][pcse.crop.phenology.Vernalisation][INFO] - Critical DVS for vernalization (VERNDVS) reached at day 1984-06-13, but vernalization requirements not yet fulfilled. Forcing vernalization now (VERN=47.688571).
[2026-03-24 12:29:29,707][pcse.crop.phenology.Vernalisation][INFO] - Critical DVS for vernalization (VERNDVS) reached at day 1984-06-14, but vernalization requirements not yet fulfilled. Forcing vernalization now (VERN=47.688571).
[2026-03-24 12:29:29,722][pcse.crop.phenology.Vernalisation][INFO] - Critical DVS for vernalization (VERNDVS) reached at day 1984-06-15, but vernalization requirements not yet fulfilled. Forcing vernalization now (VERN=47.688571).
[2026-03-24 12:29:29,738][pcse.crop.phenology.Vernalisation][INFO] - Critical DVS for vernalization (VERNDVS) reached at day 1984-06-16, but vernalization requirements not yet fulfilled. Forcing vernalization now (VERN=47.688571).
[2026-03-24 12:29:29,753][pcse.crop.phenology.Vernalisation][INFO] - Critical DVS for vernalization (VERNDVS) reached at day 1984-06-17, but vernalization requirements not yet fulfilled. Forcing vernalization now (VERN=47.688571).
[2026-03-24 12:29:29,769][pcse.crop.phenology.Vernalisation][INFO] - Critical DVS for vernalization (VERNDVS) reached at day 1984-06-18, but vernalization requirements not yet fulfilled. Forcing vernalization now (VERN=47.688571).
[2026-03-24 12:29:29,784][pcse.crop.phenology.Vernalisation][INFO] - Critical DVS for vernalization (VERNDVS) reached at day 1984-06-19, but vernalization requirements not yet fulfilled. Forcing vernalization now (VERN=47.688571).
[2026-03-24 12:29:29,799][pcse.crop.phenology.Vernalisation][INFO] - Critical DVS for vernalization (VERNDVS) reached at day 1984-06-20, but vernalization requirements not yet fulfilled. Forcing vernalization now (VERN=47.688571).
[2026-03-24 12:29:29,815][pcse.crop.phenology.Vernalisation][INFO] - Critical DVS for vernalization (VERNDVS) reached at day 1984-06-21, but vernalization requirements not yet fulfilled. Forcing vernalization now (VERN=47.688571).
[2026-03-24 12:29:29,831][pcse.crop.phenology.Vernalisation][INFO] - Critical DVS for vernalization (VERNDVS) reached at day 1984-06-22, but vernalization requirements not yet fulfilled. Forcing vernalization now (VERN=47.688571).
[2026-03-24 12:29:29,846][pcse.crop.phenology.Vernalisation][INFO] - Critical DVS for vernalization (VERNDVS) reached at day 1984-06-23, but vernalization requirements not yet fulfilled. Forcing vernalization now (VERN=47.688571).
[2026-03-24 12:29:29,861][pcse.crop.phenology.Vernalisation][INFO] - Critical DVS for vernalization (VERNDVS) reached at day 1984-06-24, but vernalization requirements not yet fulfilled. Forcing vernalization now (VERN=47.688571).
[2026-03-24 12:29:29,877][pcse.crop.phenology.Vernalisation][INFO] - Critical DVS for vernalization (VERNDVS) reached at day 1984-06-25, but vernalization requirements not yet fulfilled. Forcing vernalization now (VERN=47.688571).
[2026-03-24 12:29:29,892][pcse.crop.phenology.Vernalisation][INFO] - Critical DVS for vernalization (VERNDVS) reached at day 1984-06-26, but vernalization requirements not yet fulfilled. Forcing vernalization now (VERN=47.688571).
[2026-03-24 12:29:29,908][pcse.crop.phenology.Vernalisation][INFO] - Critical DVS for vernalization (VERNDVS) reached at day 1984-06-27, but vernalization requirements not yet fulfilled. Forcing vernalization now (VERN=47.688571).
[2026-03-24 12:29:29,923][pcse.crop.phenology.Vernalisation][INFO] - Critical DVS for vernalization (VERNDVS) reached at day 1984-06-28, but vernalization requirements not yet fulfilled. Forcing vernalization now (VERN=47.688571).
[2026-03-24 12:29:29,939][pcse.crop.phenology.Vernalisation][INFO] - Critical DVS for vernalization (VERNDVS) reached at day 1984-06-29, but vernalization requirements not yet fulfilled. Forcing vernalization now (VERN=47.688571).
[2026-03-24 12:29:29,939][pcse.crop.phenology.Annual_Phenology][INFO] - Changed phenological stage 'vegetative' to 'reproductive' on 1984-06-29
[REPLAY DBG] post-agent-update step=17500 n=17500 mean=0.000199 std=0.007680 min=-0.043908 max=0.028845
[STEP DBG] step=17500 env_reward=0.000000 r_hat=-0.004078 done=False
[NORM DBG] count=17500 mean_abs_mean=62558.257812 mean_std=145.957916 min_std=0.001000 max_std=1914.716797
[2026-03-24 12:29:31,139][pcse.crop.phenology.Annual_Phenology][INFO] - Changed phenological stage 'reproductive' to 'mature' on 1984-09-13
[2026-03-24 12:29:31,370][pcse.base.timer.Timer][INFO] - Reached end of simulation period as specified by END_DATE.
| train          | E: 73 | S: 17593 | R: -0.4029 | TR: 15.8611 | TF: 128 | LR: 0 | NR: 0 | D: 04.2 s | TD: 00.0 s | BR: 0.0002 | ALOSS: 10365.2928 | CLOSS: 1377649.4754 | TLOSS: -192.9158 | TVAL: 0.2732 | AENT: -707.2771 | BCLOSS: 0.0000
[EPISODE DBG] episode=73 step=17593 pred_return=-0.348741 true_return=12.083472 total_feedback=128 labeled_feedback=0
[2026-03-24 12:29:31,375][pcse.agromanager.SoilCalendar][INFO] - Starting soil (oregon) with variation (oregon_1) on day 1984-02-01
[2026-03-24 12:29:31,377][pcse.agromanager.CropCalendar][INFO] - Starting crop (wheat) with variety (wheat_1) on day 1984-02-01
[2026-03-24 12:29:32,543][pcse.crop.phenology.Annual_Phenology][INFO] - Changed phenological stage 'emerging' to 'vegetative' on 1984-04-10
[2026-03-24 12:29:33,407][pcse.crop.phenology.Vernalisation][INFO] - Critical DVS for vernalization (VERNDVS) reached at day 1984-06-02, but vernalization requirements not yet fulfilled. Forcing vernalization now (VERN=47.688571).
[2026-03-24 12:29:33,420][pcse.crop.phenology.Vernalisation][INFO] - Critical DVS for vernalization (VERNDVS) reached at day 1984-06-03, but vernalization requirements not yet fulfilled. Forcing vernalization now (VERN=47.688571).
[2026-03-24 12:29:33,434][pcse.crop.phenology.Vernalisation][INFO] - Critical DVS for vernalization (VERNDVS) reached at day 1984-06-04, but vernalization requirements not yet fulfilled. Forcing vernalization now (VERN=47.688571).
[2026-03-24 12:29:33,448][pcse.crop.phenology.Vernalisation][INFO] - Critical DVS for vernalization (VERNDVS) reached at day 1984-06-05, but vernalization requirements not yet fulfilled. Forcing vernalization now (VERN=47.688571).
[2026-03-24 12:29:33,462][pcse.crop.phenology.Vernalisation][INFO] - Critical DVS for vernalization (VERNDVS) reached at day 1984-06-06, but vernalization requirements not yet fulfilled. Forcing vernalization now (VERN=47.688571).
[2026-03-24 12:29:33,476][pcse.crop.phenology.Vernalisation][INFO] - Critical DVS for vernalization (VERNDVS) reached at day 1984-06-07, but vernalization requirements not yet fulfilled. Forcing vernalization now (VERN=47.688571).
[2026-03-24 12:29:33,490][pcse.crop.phenology.Vernalisation][INFO] - Critical DVS for vernalization (VERNDVS) reached at day 1984-06-08, but vernalization requirements not yet fulfilled. Forcing vernalization now (VERN=47.688571).
[2026-03-24 12:29:33,504][pcse.crop.phenology.Vernalisation][INFO] - Critical DVS for vernalization (VERNDVS) reached at day 1984-06-09, but vernalization requirements not yet fulfilled. Forcing vernalization now (VERN=47.688571).
[2026-03-24 12:29:33,518][pcse.crop.phenology.Vernalisation][INFO] - Critical DVS for vernalization (VERNDVS) reached at day 1984-06-10, but vernalization requirements not yet fulfilled. Forcing vernalization now (VERN=47.688571).
[2026-03-24 12:29:33,531][pcse.crop.phenology.Vernalisation][INFO] - Critical DVS for vernalization (VERNDVS) reached at day 1984-06-11, but vernalization requirements not yet fulfilled. Forcing vernalization now (VERN=47.688571).
[2026-03-24 12:29:33,545][pcse.crop.phenology.Vernalisation][INFO] - Critical DVS for vernalization (VERNDVS) reached at day 1984-06-12, but vernalization requirements not yet fulfilled. Forcing vernalization now (VERN=47.688571).
[2026-03-24 12:29:33,558][pcse.crop.phenology.Vernalisation][INFO] - Critical DVS for vernalization (VERNDVS) reached at day 1984-06-13, but vernalization requirements not yet fulfilled. Forcing vernalization now (VERN=47.688571).
[2026-03-24 12:29:33,573][pcse.crop.phenology.Vernalisation][INFO] - Critical DVS for vernalization (VERNDVS) reached at day 1984-06-14, but vernalization requirements not yet fulfilled. Forcing vernalization now (VERN=47.688571).
[2026-03-24 12:29:33,587][pcse.crop.phenology.Vernalisation][INFO] - Critical DVS for vernalization (VERNDVS) reached at day 1984-06-15, but vernalization requirements not yet fulfilled. Forcing vernalization now (VERN=47.688571).
[2026-03-24 12:29:33,600][pcse.crop.phenology.Vernalisation][INFO] - Critical DVS for vernalization (VERNDVS) reached at day 1984-06-16, but vernalization requirements not yet fulfilled. Forcing vernalization now (VERN=47.688571).
[2026-03-24 12:29:33,614][pcse.crop.phenology.Vernalisation][INFO] - Critical DVS for vernalization (VERNDVS) reached at day 1984-06-17, but vernalization requirements not yet fulfilled. Forcing vernalization now (VERN=47.688571).
[2026-03-24 12:29:33,628][pcse.crop.phenology.Vernalisation][INFO] - Critical DVS for vernalization (VERNDVS) reached at day 1984-06-18, but vernalization requirements not yet fulfilled. Forcing vernalization now (VERN=47.688571).
[2026-03-24 12:29:33,641][pcse.crop.phenology.Vernalisation][INFO] - Critical DVS for vernalization (VERNDVS) reached at day 1984-06-19, but vernalization requirements not yet fulfilled. Forcing vernalization now (VERN=47.688571).
[2026-03-24 12:29:33,655][pcse.crop.phenology.Vernalisation][INFO] - Critical DVS for vernalization (VERNDVS) reached at day 1984-06-20, but vernalization requirements not yet fulfilled. Forcing vernalization now (VERN=47.688571).
[2026-03-24 12:29:33,669][pcse.crop.phenology.Vernalisation][INFO] - Critical DVS for vernalization (VERNDVS) reached at day 1984-06-21, but vernalization requirements not yet fulfilled. Forcing vernalization now (VERN=47.688571).
[2026-03-24 12:29:33,683][pcse.crop.phenology.Vernalisation][INFO] - Critical DVS for vernalization (VERNDVS) reached at day 1984-06-22, but vernalization requirements not yet fulfilled. Forcing vernalization now (VERN=47.688571).
[2026-03-24 12:29:33,697][pcse.crop.phenology.Vernalisation][INFO] - Critical DVS for vernalization (VERNDVS) reached at day 1984-06-23, but vernalization requirements not yet fulfilled. Forcing vernalization now (VERN=47.688571).
[2026-03-24 12:29:33,710][pcse.crop.phenology.Vernalisation][INFO] - Critical DVS for vernalization (VERNDVS) reached at day 1984-06-24, but vernalization requirements not yet fulfilled. Forcing vernalization now (VERN=47.688571).
[2026-03-24 12:29:33,724][pcse.crop.phenology.Vernalisation][INFO] - Critical DVS for vernalization (VERNDVS) reached at day 1984-06-25, but vernalization requirements not yet fulfilled. Forcing vernalization now (VERN=47.688571).
[2026-03-24 12:29:33,738][pcse.crop.phenology.Vernalisation][INFO] - Critical DVS for vernalization (VERNDVS) reached at day 1984-06-26, but vernalization requirements not yet fulfilled. Forcing vernalization now (VERN=47.688571).
[2026-03-24 12:29:33,752][pcse.crop.phenology.Vernalisation][INFO] - Critical DVS for vernalization (VERNDVS) reached at day 1984-06-27, but vernalization requirements not yet fulfilled. Forcing vernalization now (VERN=47.688571).
[2026-03-24 12:29:33,765][pcse.crop.phenology.Vernalisation][INFO] - Critical DVS for vernalization (VERNDVS) reached at day 1984-06-28, but vernalization requirements not yet fulfilled. Forcing vernalization now (VERN=47.688571).
[2026-03-24 12:29:33,779][pcse.crop.phenology.Vernalisation][INFO] - Critical DVS for vernalization (VERNDVS) reached at day 1984-06-29, but vernalization requirements not yet fulfilled. Forcing vernalization now (VERN=47.688571).
[2026-03-24 12:29:33,779][pcse.crop.phenology.Annual_Phenology][INFO] - Changed phenological stage 'vegetative' to 'reproductive' on 1984-06-29
[2026-03-24 12:29:34,953][pcse.crop.phenology.Annual_Phenology][INFO] - Changed phenological stage 'reproductive' to 'mature' on 1984-09-13
[2026-03-24 12:29:35,185][pcse.base.timer.Timer][INFO] - Reached end of simulation period as specified by END_DATE.
| train          | E: 74 | S: 17834 | R: -0.3487 | TR: 12.0835 | TF: 128 | LR: 0 | NR: 0 | D: 03.8 s | TD: 00.0 s | BR: 0.0002 | ALOSS: 10400.1225 | CLOSS: 1624259.5748 | TLOSS: -195.3136 | TVAL: 0.2794 | AENT: -700.0730 | BCLOSS: 0.0000
[EPISODE DBG] episode=74 step=17834 pred_return=-0.347784 true_return=20.711114 total_feedback=128 labeled_feedback=0
[2026-03-24 12:29:35,190][pcse.agromanager.SoilCalendar][INFO] - Starting soil (oregon) with variation (oregon_1) on day 1984-02-01
[2026-03-24 12:29:35,192][pcse.agromanager.CropCalendar][INFO] - Starting crop (wheat) with variety (wheat_1) on day 1984-02-01
[2026-03-24 12:29:36,339][pcse.crop.phenology.Annual_Phenology][INFO] - Changed phenological stage 'emerging' to 'vegetative' on 1984-04-10
[2026-03-24 12:29:37,065][pcse.crop.phenology.Vernalisation][INFO] - Critical DVS for vernalization (VERNDVS) reached at day 1984-06-02, but vernalization requirements not yet fulfilled. Forcing vernalization now (VERN=47.688571).
[2026-03-24 12:29:37,079][pcse.crop.phenology.Vernalisation][INFO] - Critical DVS for vernalization (VERNDVS) reached at day 1984-06-03, but vernalization requirements not yet fulfilled. Forcing vernalization now (VERN=47.688571).
[2026-03-24 12:29:37,093][pcse.crop.phenology.Vernalisation][INFO] - Critical DVS for vernalization (VERNDVS) reached at day 1984-06-04, but vernalization requirements not yet fulfilled. Forcing vernalization now (VERN=47.688571).
[2026-03-24 12:29:37,107][pcse.crop.phenology.Vernalisation][INFO] - Critical DVS for vernalization (VERNDVS) reached at day 1984-06-05, but vernalization requirements not yet fulfilled. Forcing vernalization now (VERN=47.688571).
[2026-03-24 12:29:37,121][pcse.crop.phenology.Vernalisation][INFO] - Critical DVS for vernalization (VERNDVS) reached at day 1984-06-06, but vernalization requirements not yet fulfilled. Forcing vernalization now (VERN=47.688571).
[2026-03-24 12:29:37,134][pcse.crop.phenology.Vernalisation][INFO] - Critical DVS for vernalization (VERNDVS) reached at day 1984-06-07, but vernalization requirements not yet fulfilled. Forcing vernalization now (VERN=47.688571).
[2026-03-24 12:29:37,148][pcse.crop.phenology.Vernalisation][INFO] - Critical DVS for vernalization (VERNDVS) reached at day 1984-06-08, but vernalization requirements not yet fulfilled. Forcing vernalization now (VERN=47.688571).
[2026-03-24 12:29:37,162][pcse.crop.phenology.Vernalisation][INFO] - Critical DVS for vernalization (VERNDVS) reached at day 1984-06-09, but vernalization requirements not yet fulfilled. Forcing vernalization now (VERN=47.688571).
[2026-03-24 12:29:37,176][pcse.crop.phenology.Vernalisation][INFO] - Critical DVS for vernalization (VERNDVS) reached at day 1984-06-10, but vernalization requirements not yet fulfilled. Forcing vernalization now (VERN=47.688571).
[2026-03-24 12:29:37,190][pcse.crop.phenology.Vernalisation][INFO] - Critical DVS for vernalization (VERNDVS) reached at day 1984-06-11, but vernalization requirements not yet fulfilled. Forcing vernalization now (VERN=47.688571).
[2026-03-24 12:29:37,204][pcse.crop.phenology.Vernalisation][INFO] - Critical DVS for vernalization (VERNDVS) reached at day 1984-06-12, but vernalization requirements not yet fulfilled. Forcing vernalization now (VERN=47.688571).
[2026-03-24 12:29:37,217][pcse.crop.phenology.Vernalisation][INFO] - Critical DVS for vernalization (VERNDVS) reached at day 1984-06-13, but vernalization requirements not yet fulfilled. Forcing vernalization now (VERN=47.688571).
[2026-03-24 12:29:37,231][pcse.crop.phenology.Vernalisation][INFO] - Critical DVS for vernalization (VERNDVS) reached at day 1984-06-14, but vernalization requirements not yet fulfilled. Forcing vernalization now (VERN=47.688571).
[2026-03-24 12:29:37,244][pcse.crop.phenology.Vernalisation][INFO] - Critical DVS for vernalization (VERNDVS) reached at day 1984-06-15, but vernalization requirements not yet fulfilled. Forcing vernalization now (VERN=47.688571).
[2026-03-24 12:29:37,258][pcse.crop.phenology.Vernalisation][INFO] - Critical DVS for vernalization (VERNDVS) reached at day 1984-06-16, but vernalization requirements not yet fulfilled. Forcing vernalization now (VERN=47.688571).
[2026-03-24 12:29:37,272][pcse.crop.phenology.Vernalisation][INFO] - Critical DVS for vernalization (VERNDVS) reached at day 1984-06-17, but vernalization requirements not yet fulfilled. Forcing vernalization now (VERN=47.688571).
[2026-03-24 12:29:37,285][pcse.crop.phenology.Vernalisation][INFO] - Critical DVS for vernalization (VERNDVS) reached at day 1984-06-18, but vernalization requirements not yet fulfilled. Forcing vernalization now (VERN=47.688571).
[2026-03-24 12:29:37,299][pcse.crop.phenology.Vernalisation][INFO] - Critical DVS for vernalization (VERNDVS) reached at day 1984-06-19, but vernalization requirements not yet fulfilled. Forcing vernalization now (VERN=47.688571).
[2026-03-24 12:29:37,312][pcse.crop.phenology.Vernalisation][INFO] - Critical DVS for vernalization (VERNDVS) reached at day 1984-06-20, but vernalization requirements not yet fulfilled. Forcing vernalization now (VERN=47.688571).
[2026-03-24 12:29:37,326][pcse.crop.phenology.Vernalisation][INFO] - Critical DVS for vernalization (VERNDVS) reached at day 1984-06-21, but vernalization requirements not yet fulfilled. Forcing vernalization now (VERN=47.688571).
[2026-03-24 12:29:37,340][pcse.crop.phenology.Vernalisation][INFO] - Critical DVS for vernalization (VERNDVS) reached at day 1984-06-22, but vernalization requirements not yet fulfilled. Forcing vernalization now (VERN=47.688571).
[2026-03-24 12:29:37,354][pcse.crop.phenology.Vernalisation][INFO] - Critical DVS for vernalization (VERNDVS) reached at day 1984-06-23, but vernalization requirements not yet fulfilled. Forcing vernalization now (VERN=47.688571).
[2026-03-24 12:29:37,368][pcse.crop.phenology.Vernalisation][INFO] - Critical DVS for vernalization (VERNDVS) reached at day 1984-06-24, but vernalization requirements not yet fulfilled. Forcing vernalization now (VERN=47.688571).
[2026-03-24 12:29:37,382][pcse.crop.phenology.Vernalisation][INFO] - Critical DVS for vernalization (VERNDVS) reached at day 1984-06-25, but vernalization requirements not yet fulfilled. Forcing vernalization now (VERN=47.688571).
[2026-03-24 12:29:37,395][pcse.crop.phenology.Vernalisation][INFO] - Critical DVS for vernalization (VERNDVS) reached at day 1984-06-26, but vernalization requirements not yet fulfilled. Forcing vernalization now (VERN=47.688571).
[2026-03-24 12:29:37,409][pcse.crop.phenology.Vernalisation][INFO] - Critical DVS for vernalization (VERNDVS) reached at day 1984-06-27, but vernalization requirements not yet fulfilled. Forcing vernalization now (VERN=47.688571).
[2026-03-24 12:29:37,423][pcse.crop.phenology.Vernalisation][INFO] - Critical DVS for vernalization (VERNDVS) reached at day 1984-06-28, but vernalization requirements not yet fulfilled. Forcing vernalization now (VERN=47.688571).
[2026-03-24 12:29:37,436][pcse.crop.phenology.Vernalisation][INFO] - Critical DVS for vernalization (VERNDVS) reached at day 1984-06-29, but vernalization requirements not yet fulfilled. Forcing vernalization now (VERN=47.688571).
[2026-03-24 12:29:37,436][pcse.crop.phenology.Annual_Phenology][INFO] - Changed phenological stage 'vegetative' to 'reproductive' on 1984-06-29
[REPLAY DBG] post-agent-update step=18000 n=18000 mean=0.000149 std=0.007655 min=-0.043908 max=0.028845
[STEP DBG] step=18000 env_reward=0.222105 r_hat=-0.005638 done=False
[NORM DBG] count=18000 mean_abs_mean=62557.128906 mean_std=144.232468 min_std=0.001000 max_std=1890.116821
[2026-03-24 12:29:38,615][pcse.crop.phenology.Annual_Phenology][INFO] - Changed phenological stage 'reproductive' to 'mature' on 1984-09-13
[2026-03-24 12:29:38,851][pcse.base.timer.Timer][INFO] - Reached end of simulation period as specified by END_DATE.
| train          | E: 75 | S: 18075 | R: -0.3478 | TR: 20.7111 | TF: 128 | LR: 0 | NR: 0 | D: 03.7 s | TD: 00.0 s | BR: 0.0001 | ALOSS: 10444.4494 | CLOSS: 1505362.3485 | TLOSS: -194.7295 | TVAL: 0.2857 | AENT: -682.5488 | BCLOSS: 0.0000
[EPISODE DBG] episode=75 step=18075 pred_return=-0.376474 true_return=19.897423 total_feedback=128 labeled_feedback=0
[2026-03-24 12:29:38,855][pcse.agromanager.SoilCalendar][INFO] - Starting soil (oregon) with variation (oregon_1) on day 1984-02-01
[2026-03-24 12:29:38,857][pcse.agromanager.CropCalendar][INFO] - Starting crop (wheat) with variety (wheat_1) on day 1984-02-01
[2026-03-24 12:29:40,157][pcse.crop.phenology.Annual_Phenology][INFO] - Changed phenological stage 'emerging' to 'vegetative' on 1984-04-10
[2026-03-24 12:29:40,972][pcse.crop.phenology.Vernalisation][INFO] - Critical DVS for vernalization (VERNDVS) reached at day 1984-06-02, but vernalization requirements not yet fulfilled. Forcing vernalization now (VERN=47.688571).
[2026-03-24 12:29:40,988][pcse.crop.phenology.Vernalisation][INFO] - Critical DVS for vernalization (VERNDVS) reached at day 1984-06-03, but vernalization requirements not yet fulfilled. Forcing vernalization now (VERN=47.688571).
[2026-03-24 12:29:41,003][pcse.crop.phenology.Vernalisation][INFO] - Critical DVS for vernalization (VERNDVS) reached at day 1984-06-04, but vernalization requirements not yet fulfilled. Forcing vernalization now (VERN=47.688571).
[2026-03-24 12:29:41,019][pcse.crop.phenology.Vernalisation][INFO] - Critical DVS for vernalization (VERNDVS) reached at day 1984-06-05, but vernalization requirements not yet fulfilled. Forcing vernalization now (VERN=47.688571).
[2026-03-24 12:29:41,034][pcse.crop.phenology.Vernalisation][INFO] - Critical DVS for vernalization (VERNDVS) reached at day 1984-06-06, but vernalization requirements not yet fulfilled. Forcing vernalization now (VERN=47.688571).
[2026-03-24 12:29:41,236][pcse.crop.phenology.Vernalisation][INFO] - Critical DVS for vernalization (VERNDVS) reached at day 1984-06-07, but vernalization requirements not yet fulfilled. Forcing vernalization now (VERN=47.688571).
[2026-03-24 12:29:41,255][pcse.crop.phenology.Vernalisation][INFO] - Critical DVS for vernalization (VERNDVS) reached at day 1984-06-08, but vernalization requirements not yet fulfilled. Forcing vernalization now (VERN=47.688571).
[2026-03-24 12:29:41,273][pcse.crop.phenology.Vernalisation][INFO] - Critical DVS for vernalization (VERNDVS) reached at day 1984-06-09, but vernalization requirements not yet fulfilled. Forcing vernalization now (VERN=47.688571).
[2026-03-24 12:29:41,291][pcse.crop.phenology.Vernalisation][INFO] - Critical DVS for vernalization (VERNDVS) reached at day 1984-06-10, but vernalization requirements not yet fulfilled. Forcing vernalization now (VERN=47.688571).
[2026-03-24 12:29:41,309][pcse.crop.phenology.Vernalisation][INFO] - Critical DVS for vernalization (VERNDVS) reached at day 1984-06-11, but vernalization requirements not yet fulfilled. Forcing vernalization now (VERN=47.688571).
[2026-03-24 12:29:41,326][pcse.crop.phenology.Vernalisation][INFO] - Critical DVS for vernalization (VERNDVS) reached at day 1984-06-12, but vernalization requirements not yet fulfilled. Forcing vernalization now (VERN=47.688571).
[2026-03-24 12:29:41,342][pcse.crop.phenology.Vernalisation][INFO] - Critical DVS for vernalization (VERNDVS) reached at day 1984-06-13, but vernalization requirements not yet fulfilled. Forcing vernalization now (VERN=47.688571).
[2026-03-24 12:29:41,358][pcse.crop.phenology.Vernalisation][INFO] - Critical DVS for vernalization (VERNDVS) reached at day 1984-06-14, but vernalization requirements not yet fulfilled. Forcing vernalization now (VERN=47.688571).
[2026-03-24 12:29:41,374][pcse.crop.phenology.Vernalisation][INFO] - Critical DVS for vernalization (VERNDVS) reached at day 1984-06-15, but vernalization requirements not yet fulfilled. Forcing vernalization now (VERN=47.688571).
[2026-03-24 12:29:41,390][pcse.crop.phenology.Vernalisation][INFO] - Critical DVS for vernalization (VERNDVS) reached at day 1984-06-16, but vernalization requirements not yet fulfilled. Forcing vernalization now (VERN=47.688571).
[2026-03-24 12:29:41,406][pcse.crop.phenology.Vernalisation][INFO] - Critical DVS for vernalization (VERNDVS) reached at day 1984-06-17, but vernalization requirements not yet fulfilled. Forcing vernalization now (VERN=47.688571).
[2026-03-24 12:29:41,421][pcse.crop.phenology.Vernalisation][INFO] - Critical DVS for vernalization (VERNDVS) reached at day 1984-06-18, but vernalization requirements not yet fulfilled. Forcing vernalization now (VERN=47.688571).
[2026-03-24 12:29:41,437][pcse.crop.phenology.Vernalisation][INFO] - Critical DVS for vernalization (VERNDVS) reached at day 1984-06-19, but vernalization requirements not yet fulfilled. Forcing vernalization now (VERN=47.688571).
[2026-03-24 12:29:41,452][pcse.crop.phenology.Vernalisation][INFO] - Critical DVS for vernalization (VERNDVS) reached at day 1984-06-20, but vernalization requirements not yet fulfilled. Forcing vernalization now (VERN=47.688571).
[2026-03-24 12:29:41,468][pcse.crop.phenology.Vernalisation][INFO] - Critical DVS for vernalization (VERNDVS) reached at day 1984-06-21, but vernalization requirements not yet fulfilled. Forcing vernalization now (VERN=47.688571).
[2026-03-24 12:29:41,484][pcse.crop.phenology.Vernalisation][INFO] - Critical DVS for vernalization (VERNDVS) reached at day 1984-06-22, but vernalization requirements not yet fulfilled. Forcing vernalization now (VERN=47.688571).
[2026-03-24 12:29:41,499][pcse.crop.phenology.Vernalisation][INFO] - Critical DVS for vernalization (VERNDVS) reached at day 1984-06-23, but vernalization requirements not yet fulfilled. Forcing vernalization now (VERN=47.688571).
[2026-03-24 12:29:41,515][pcse.crop.phenology.Vernalisation][INFO] - Critical DVS for vernalization (VERNDVS) reached at day 1984-06-24, but vernalization requirements not yet fulfilled. Forcing vernalization now (VERN=47.688571).
[2026-03-24 12:29:41,530][pcse.crop.phenology.Vernalisation][INFO] - Critical DVS for vernalization (VERNDVS) reached at day 1984-06-25, but vernalization requirements not yet fulfilled. Forcing vernalization now (VERN=47.688571).
[2026-03-24 12:29:41,545][pcse.crop.phenology.Vernalisation][INFO] - Critical DVS for vernalization (VERNDVS) reached at day 1984-06-26, but vernalization requirements not yet fulfilled. Forcing vernalization now (VERN=47.688571).
[2026-03-24 12:29:41,561][pcse.crop.phenology.Vernalisation][INFO] - Critical DVS for vernalization (VERNDVS) reached at day 1984-06-27, but vernalization requirements not yet fulfilled. Forcing vernalization now (VERN=47.688571).
[2026-03-24 12:29:41,576][pcse.crop.phenology.Vernalisation][INFO] - Critical DVS for vernalization (VERNDVS) reached at day 1984-06-28, but vernalization requirements not yet fulfilled. Forcing vernalization now (VERN=47.688571).
[2026-03-24 12:29:41,592][pcse.crop.phenology.Vernalisation][INFO] - Critical DVS for vernalization (VERNDVS) reached at day 1984-06-29, but vernalization requirements not yet fulfilled. Forcing vernalization now (VERN=47.688571).
[2026-03-24 12:29:41,592][pcse.crop.phenology.Annual_Phenology][INFO] - Changed phenological stage 'vegetative' to 'reproductive' on 1984-06-29
[2026-03-24 12:29:42,761][pcse.crop.phenology.Annual_Phenology][INFO] - Changed phenological stage 'reproductive' to 'mature' on 1984-09-13
[2026-03-24 12:29:43,201][pcse.base.timer.Timer][INFO] - Reached end of simulation period as specified by END_DATE.
| train          | E: 76 | S: 18316 | R: -0.3765 | TR: 19.8974 | TF: 128 | LR: 0 | NR: 0 | D: 04.4 s | TD: 00.0 s | BR: 0.0001 | ALOSS: 10469.9636 | CLOSS: 1439442.9821 | TLOSS: -195.7790 | TVAL: 0.2921 | AENT: -671.3538 | BCLOSS: 0.0000
[EPISODE DBG] episode=76 step=18316 pred_return=-0.405942 true_return=15.861067 total_feedback=128 labeled_feedback=0
[2026-03-24 12:29:43,209][pcse.agromanager.SoilCalendar][INFO] - Starting soil (oregon) with variation (oregon_1) on day 1984-02-01
[2026-03-24 12:29:43,211][pcse.agromanager.CropCalendar][INFO] - Starting crop (wheat) with variety (wheat_1) on day 1984-02-01
[2026-03-24 12:29:44,463][pcse.crop.phenology.Annual_Phenology][INFO] - Changed phenological stage 'emerging' to 'vegetative' on 1984-04-10
[2026-03-24 12:29:45,464][pcse.crop.phenology.Vernalisation][INFO] - Critical DVS for vernalization (VERNDVS) reached at day 1984-06-02, but vernalization requirements not yet fulfilled. Forcing vernalization now (VERN=47.688571).
[2026-03-24 12:29:45,480][pcse.crop.phenology.Vernalisation][INFO] - Critical DVS for vernalization (VERNDVS) reached at day 1984-06-03, but vernalization requirements not yet fulfilled. Forcing vernalization now (VERN=47.688571).
[2026-03-24 12:29:45,496][pcse.crop.phenology.Vernalisation][INFO] - Critical DVS for vernalization (VERNDVS) reached at day 1984-06-04, but vernalization requirements not yet fulfilled. Forcing vernalization now (VERN=47.688571).
[2026-03-24 12:29:45,511][pcse.crop.phenology.Vernalisation][INFO] - Critical DVS for vernalization (VERNDVS) reached at day 1984-06-05, but vernalization requirements not yet fulfilled. Forcing vernalization now (VERN=47.688571).
[2026-03-24 12:29:45,527][pcse.crop.phenology.Vernalisation][INFO] - Critical DVS for vernalization (VERNDVS) reached at day 1984-06-06, but vernalization requirements not yet fulfilled. Forcing vernalization now (VERN=47.688571).
[2026-03-24 12:29:45,542][pcse.crop.phenology.Vernalisation][INFO] - Critical DVS for vernalization (VERNDVS) reached at day 1984-06-07, but vernalization requirements not yet fulfilled. Forcing vernalization now (VERN=47.688571).
[2026-03-24 12:29:45,558][pcse.crop.phenology.Vernalisation][INFO] - Critical DVS for vernalization (VERNDVS) reached at day 1984-06-08, but vernalization requirements not yet fulfilled. Forcing vernalization now (VERN=47.688571).
[2026-03-24 12:29:45,573][pcse.crop.phenology.Vernalisation][INFO] - Critical DVS for vernalization (VERNDVS) reached at day 1984-06-09, but vernalization requirements not yet fulfilled. Forcing vernalization now (VERN=47.688571).
[2026-03-24 12:29:45,589][pcse.crop.phenology.Vernalisation][INFO] - Critical DVS for vernalization (VERNDVS) reached at day 1984-06-10, but vernalization requirements not yet fulfilled. Forcing vernalization now (VERN=47.688571).
[2026-03-24 12:29:45,605][pcse.crop.phenology.Vernalisation][INFO] - Critical DVS for vernalization (VERNDVS) reached at day 1984-06-11, but vernalization requirements not yet fulfilled. Forcing vernalization now (VERN=47.688571).
[2026-03-24 12:29:45,620][pcse.crop.phenology.Vernalisation][INFO] - Critical DVS for vernalization (VERNDVS) reached at day 1984-06-12, but vernalization requirements not yet fulfilled. Forcing vernalization now (VERN=47.688571).
[2026-03-24 12:29:45,636][pcse.crop.phenology.Vernalisation][INFO] - Critical DVS for vernalization (VERNDVS) reached at day 1984-06-13, but vernalization requirements not yet fulfilled. Forcing vernalization now (VERN=47.688571).
[2026-03-24 12:29:45,652][pcse.crop.phenology.Vernalisation][INFO] - Critical DVS for vernalization (VERNDVS) reached at day 1984-06-14, but vernalization requirements not yet fulfilled. Forcing vernalization now (VERN=47.688571).
[2026-03-24 12:29:45,668][pcse.crop.phenology.Vernalisation][INFO] - Critical DVS for vernalization (VERNDVS) reached at day 1984-06-15, but vernalization requirements not yet fulfilled. Forcing vernalization now (VERN=47.688571).
[2026-03-24 12:29:45,683][pcse.crop.phenology.Vernalisation][INFO] - Critical DVS for vernalization (VERNDVS) reached at day 1984-06-16, but vernalization requirements not yet fulfilled. Forcing vernalization now (VERN=47.688571).
[2026-03-24 12:29:45,699][pcse.crop.phenology.Vernalisation][INFO] - Critical DVS for vernalization (VERNDVS) reached at day 1984-06-17, but vernalization requirements not yet fulfilled. Forcing vernalization now (VERN=47.688571).
[2026-03-24 12:29:45,714][pcse.crop.phenology.Vernalisation][INFO] - Critical DVS for vernalization (VERNDVS) reached at day 1984-06-18, but vernalization requirements not yet fulfilled. Forcing vernalization now (VERN=47.688571).
[2026-03-24 12:29:45,730][pcse.crop.phenology.Vernalisation][INFO] - Critical DVS for vernalization (VERNDVS) reached at day 1984-06-19, but vernalization requirements not yet fulfilled. Forcing vernalization now (VERN=47.688571).
[2026-03-24 12:29:45,746][pcse.crop.phenology.Vernalisation][INFO] - Critical DVS for vernalization (VERNDVS) reached at day 1984-06-20, but vernalization requirements not yet fulfilled. Forcing vernalization now (VERN=47.688571).
[2026-03-24 12:29:45,762][pcse.crop.phenology.Vernalisation][INFO] - Critical DVS for vernalization (VERNDVS) reached at day 1984-06-21, but vernalization requirements not yet fulfilled. Forcing vernalization now (VERN=47.688571).
[2026-03-24 12:29:45,778][pcse.crop.phenology.Vernalisation][INFO] - Critical DVS for vernalization (VERNDVS) reached at day 1984-06-22, but vernalization requirements not yet fulfilled. Forcing vernalization now (VERN=47.688571).
[2026-03-24 12:29:45,794][pcse.crop.phenology.Vernalisation][INFO] - Critical DVS for vernalization (VERNDVS) reached at day 1984-06-23, but vernalization requirements not yet fulfilled. Forcing vernalization now (VERN=47.688571).
[2026-03-24 12:29:45,809][pcse.crop.phenology.Vernalisation][INFO] - Critical DVS for vernalization (VERNDVS) reached at day 1984-06-24, but vernalization requirements not yet fulfilled. Forcing vernalization now (VERN=47.688571).
[2026-03-24 12:29:45,825][pcse.crop.phenology.Vernalisation][INFO] - Critical DVS for vernalization (VERNDVS) reached at day 1984-06-25, but vernalization requirements not yet fulfilled. Forcing vernalization now (VERN=47.688571).
[2026-03-24 12:29:45,841][pcse.crop.phenology.Vernalisation][INFO] - Critical DVS for vernalization (VERNDVS) reached at day 1984-06-26, but vernalization requirements not yet fulfilled. Forcing vernalization now (VERN=47.688571).
[2026-03-24 12:29:45,856][pcse.crop.phenology.Vernalisation][INFO] - Critical DVS for vernalization (VERNDVS) reached at day 1984-06-27, but vernalization requirements not yet fulfilled. Forcing vernalization now (VERN=47.688571).
[2026-03-24 12:29:45,872][pcse.crop.phenology.Vernalisation][INFO] - Critical DVS for vernalization (VERNDVS) reached at day 1984-06-28, but vernalization requirements not yet fulfilled. Forcing vernalization now (VERN=47.688571).
[2026-03-24 12:29:45,888][pcse.crop.phenology.Vernalisation][INFO] - Critical DVS for vernalization (VERNDVS) reached at day 1984-06-29, but vernalization requirements not yet fulfilled. Forcing vernalization now (VERN=47.688571).
[2026-03-24 12:29:45,888][pcse.crop.phenology.Annual_Phenology][INFO] - Changed phenological stage 'vegetative' to 'reproductive' on 1984-06-29
[REPLAY DBG] post-agent-update step=18500 n=18500 mean=0.000098 std=0.007632 min=-0.043908 max=0.028845
[STEP DBG] step=18500 env_reward=0.136029 r_hat=-0.006470 done=False
[NORM DBG] count=18500 mean_abs_mean=62556.066406 mean_std=142.570129 min_std=0.001000 max_std=1866.431885
[2026-03-24 12:29:47,202][pcse.crop.phenology.Annual_Phenology][INFO] - Changed phenological stage 'reproductive' to 'mature' on 1984-09-13
[2026-03-24 12:29:47,472][pcse.base.timer.Timer][INFO] - Reached end of simulation period as specified by END_DATE.
| train          | E: 77 | S: 18557 | R: -0.4059 | TR: 15.8611 | TF: 128 | LR: 0 | NR: 0 | D: 04.3 s | TD: 00.0 s | BR: 0.0001 | ALOSS: 10509.2440 | CLOSS: 1389624.7486 | TLOSS: -197.8013 | TVAL: 0.2985 | AENT: -663.6906 | BCLOSS: 0.0000
[EPISODE DBG] episode=77 step=18557 pred_return=-0.352416 true_return=12.083472 total_feedback=128 labeled_feedback=0
[2026-03-24 12:29:47,479][pcse.agromanager.SoilCalendar][INFO] - Starting soil (oregon) with variation (oregon_1) on day 1984-02-01
[2026-03-24 12:29:47,482][pcse.agromanager.CropCalendar][INFO] - Starting crop (wheat) with variety (wheat_1) on day 1984-02-01
[2026-03-24 12:29:48,851][pcse.crop.phenology.Annual_Phenology][INFO] - Changed phenological stage 'emerging' to 'vegetative' on 1984-04-10
[2026-03-24 12:29:49,567][pcse.crop.phenology.Vernalisation][INFO] - Critical DVS for vernalization (VERNDVS) reached at day 1984-06-02, but vernalization requirements not yet fulfilled. Forcing vernalization now (VERN=47.688571).
[2026-03-24 12:29:49,580][pcse.crop.phenology.Vernalisation][INFO] - Critical DVS for vernalization (VERNDVS) reached at day 1984-06-03, but vernalization requirements not yet fulfilled. Forcing vernalization now (VERN=47.688571).
[2026-03-24 12:29:49,594][pcse.crop.phenology.Vernalisation][INFO] - Critical DVS for vernalization (VERNDVS) reached at day 1984-06-04, but vernalization requirements not yet fulfilled. Forcing vernalization now (VERN=47.688571).
[2026-03-24 12:29:49,607][pcse.crop.phenology.Vernalisation][INFO] - Critical DVS for vernalization (VERNDVS) reached at day 1984-06-05, but vernalization requirements not yet fulfilled. Forcing vernalization now (VERN=47.688571).
[2026-03-24 12:29:49,621][pcse.crop.phenology.Vernalisation][INFO] - Critical DVS for vernalization (VERNDVS) reached at day 1984-06-06, but vernalization requirements not yet fulfilled. Forcing vernalization now (VERN=47.688571).
[2026-03-24 12:29:49,634][pcse.crop.phenology.Vernalisation][INFO] - Critical DVS for vernalization (VERNDVS) reached at day 1984-06-07, but vernalization requirements not yet fulfilled. Forcing vernalization now (VERN=47.688571).
[2026-03-24 12:29:49,648][pcse.crop.phenology.Vernalisation][INFO] - Critical DVS for vernalization (VERNDVS) reached at day 1984-06-08, but vernalization requirements not yet fulfilled. Forcing vernalization now (VERN=47.688571).
[2026-03-24 12:29:49,662][pcse.crop.phenology.Vernalisation][INFO] - Critical DVS for vernalization (VERNDVS) reached at day 1984-06-09, but vernalization requirements not yet fulfilled. Forcing vernalization now (VERN=47.688571).
[2026-03-24 12:29:49,675][pcse.crop.phenology.Vernalisation][INFO] - Critical DVS for vernalization (VERNDVS) reached at day 1984-06-10, but vernalization requirements not yet fulfilled. Forcing vernalization now (VERN=47.688571).
[2026-03-24 12:29:49,689][pcse.crop.phenology.Vernalisation][INFO] - Critical DVS for vernalization (VERNDVS) reached at day 1984-06-11, but vernalization requirements not yet fulfilled. Forcing vernalization now (VERN=47.688571).
[2026-03-24 12:29:49,702][pcse.crop.phenology.Vernalisation][INFO] - Critical DVS for vernalization (VERNDVS) reached at day 1984-06-12, but vernalization requirements not yet fulfilled. Forcing vernalization now (VERN=47.688571).
[2026-03-24 12:29:49,715][pcse.crop.phenology.Vernalisation][INFO] - Critical DVS for vernalization (VERNDVS) reached at day 1984-06-13, but vernalization requirements not yet fulfilled. Forcing vernalization now (VERN=47.688571).
[2026-03-24 12:29:49,729][pcse.crop.phenology.Vernalisation][INFO] - Critical DVS for vernalization (VERNDVS) reached at day 1984-06-14, but vernalization requirements not yet fulfilled. Forcing vernalization now (VERN=47.688571).
[2026-03-24 12:29:49,742][pcse.crop.phenology.Vernalisation][INFO] - Critical DVS for vernalization (VERNDVS) reached at day 1984-06-15, but vernalization requirements not yet fulfilled. Forcing vernalization now (VERN=47.688571).
[2026-03-24 12:29:49,756][pcse.crop.phenology.Vernalisation][INFO] - Critical DVS for vernalization (VERNDVS) reached at day 1984-06-16, but vernalization requirements not yet fulfilled. Forcing vernalization now (VERN=47.688571).
[2026-03-24 12:29:49,769][pcse.crop.phenology.Vernalisation][INFO] - Critical DVS for vernalization (VERNDVS) reached at day 1984-06-17, but vernalization requirements not yet fulfilled. Forcing vernalization now (VERN=47.688571).
[2026-03-24 12:29:49,783][pcse.crop.phenology.Vernalisation][INFO] - Critical DVS for vernalization (VERNDVS) reached at day 1984-06-18, but vernalization requirements not yet fulfilled. Forcing vernalization now (VERN=47.688571).
[2026-03-24 12:29:49,797][pcse.crop.phenology.Vernalisation][INFO] - Critical DVS for vernalization (VERNDVS) reached at day 1984-06-19, but vernalization requirements not yet fulfilled. Forcing vernalization now (VERN=47.688571).
[2026-03-24 12:29:49,811][pcse.crop.phenology.Vernalisation][INFO] - Critical DVS for vernalization (VERNDVS) reached at day 1984-06-20, but vernalization requirements not yet fulfilled. Forcing vernalization now (VERN=47.688571).
[2026-03-24 12:29:49,825][pcse.crop.phenology.Vernalisation][INFO] - Critical DVS for vernalization (VERNDVS) reached at day 1984-06-21, but vernalization requirements not yet fulfilled. Forcing vernalization now (VERN=47.688571).
[2026-03-24 12:29:49,838][pcse.crop.phenology.Vernalisation][INFO] - Critical DVS for vernalization (VERNDVS) reached at day 1984-06-22, but vernalization requirements not yet fulfilled. Forcing vernalization now (VERN=47.688571).
[2026-03-24 12:29:49,852][pcse.crop.phenology.Vernalisation][INFO] - Critical DVS for vernalization (VERNDVS) reached at day 1984-06-23, but vernalization requirements not yet fulfilled. Forcing vernalization now (VERN=47.688571).
[2026-03-24 12:29:49,865][pcse.crop.phenology.Vernalisation][INFO] - Critical DVS for vernalization (VERNDVS) reached at day 1984-06-24, but vernalization requirements not yet fulfilled. Forcing vernalization now (VERN=47.688571).
[2026-03-24 12:29:50,025][pcse.crop.phenology.Vernalisation][INFO] - Critical DVS for vernalization (VERNDVS) reached at day 1984-06-25, but vernalization requirements not yet fulfilled. Forcing vernalization now (VERN=47.688571).
[2026-03-24 12:29:50,051][pcse.crop.phenology.Vernalisation][INFO] - Critical DVS for vernalization (VERNDVS) reached at day 1984-06-26, but vernalization requirements not yet fulfilled. Forcing vernalization now (VERN=47.688571).
[2026-03-24 12:29:50,070][pcse.crop.phenology.Vernalisation][INFO] - Critical DVS for vernalization (VERNDVS) reached at day 1984-06-27, but vernalization requirements not yet fulfilled. Forcing vernalization now (VERN=47.688571).
[2026-03-24 12:29:50,088][pcse.crop.phenology.Vernalisation][INFO] - Critical DVS for vernalization (VERNDVS) reached at day 1984-06-28, but vernalization requirements not yet fulfilled. Forcing vernalization now (VERN=47.688571).
[2026-03-24 12:29:50,107][pcse.crop.phenology.Vernalisation][INFO] - Critical DVS for vernalization (VERNDVS) reached at day 1984-06-29, but vernalization requirements not yet fulfilled. Forcing vernalization now (VERN=47.688571).
[2026-03-24 12:29:50,107][pcse.crop.phenology.Annual_Phenology][INFO] - Changed phenological stage 'vegetative' to 'reproductive' on 1984-06-29
[2026-03-24 12:29:51,286][pcse.crop.phenology.Annual_Phenology][INFO] - Changed phenological stage 'reproductive' to 'mature' on 1984-09-13
[2026-03-24 12:29:51,549][pcse.base.timer.Timer][INFO] - Reached end of simulation period as specified by END_DATE.
| train          | E: 78 | S: 18798 | R: -0.3524 | TR: 12.0835 | TF: 128 | LR: 0 | NR: 0 | D: 04.1 s | TD: 00.0 s | BR: 0.0001 | ALOSS: 10558.8979 | CLOSS: 1397664.2554 | TLOSS: -199.0257 | TVAL: 0.3050 | AENT: -653.4670 | BCLOSS: 0.0000
[EPISODE DBG] episode=78 step=18798 pred_return=-0.354703 true_return=20.711114 total_feedback=128 labeled_feedback=0
[2026-03-24 12:29:51,556][pcse.agromanager.SoilCalendar][INFO] - Starting soil (oregon) with variation (oregon_1) on day 1984-02-01
[2026-03-24 12:29:51,559][pcse.agromanager.CropCalendar][INFO] - Starting crop (wheat) with variety (wheat_1) on day 1984-02-01
[2026-03-24 12:29:52,934][pcse.crop.phenology.Annual_Phenology][INFO] - Changed phenological stage 'emerging' to 'vegetative' on 1984-04-10
[2026-03-24 12:29:53,941][pcse.crop.phenology.Vernalisation][INFO] - Critical DVS for vernalization (VERNDVS) reached at day 1984-06-02, but vernalization requirements not yet fulfilled. Forcing vernalization now (VERN=47.688571).
[2026-03-24 12:29:53,956][pcse.crop.phenology.Vernalisation][INFO] - Critical DVS for vernalization (VERNDVS) reached at day 1984-06-03, but vernalization requirements not yet fulfilled. Forcing vernalization now (VERN=47.688571).
[2026-03-24 12:29:53,972][pcse.crop.phenology.Vernalisation][INFO] - Critical DVS for vernalization (VERNDVS) reached at day 1984-06-04, but vernalization requirements not yet fulfilled. Forcing vernalization now (VERN=47.688571).
[2026-03-24 12:29:53,987][pcse.crop.phenology.Vernalisation][INFO] - Critical DVS for vernalization (VERNDVS) reached at day 1984-06-05, but vernalization requirements not yet fulfilled. Forcing vernalization now (VERN=47.688571).
[2026-03-24 12:29:54,003][pcse.crop.phenology.Vernalisation][INFO] - Critical DVS for vernalization (VERNDVS) reached at day 1984-06-06, but vernalization requirements not yet fulfilled. Forcing vernalization now (VERN=47.688571).
[2026-03-24 12:29:54,019][pcse.crop.phenology.Vernalisation][INFO] - Critical DVS for vernalization (VERNDVS) reached at day 1984-06-07, but vernalization requirements not yet fulfilled. Forcing vernalization now (VERN=47.688571).
[2026-03-24 12:29:54,034][pcse.crop.phenology.Vernalisation][INFO] - Critical DVS for vernalization (VERNDVS) reached at day 1984-06-08, but vernalization requirements not yet fulfilled. Forcing vernalization now (VERN=47.688571).
[2026-03-24 12:29:54,050][pcse.crop.phenology.Vernalisation][INFO] - Critical DVS for vernalization (VERNDVS) reached at day 1984-06-09, but vernalization requirements not yet fulfilled. Forcing vernalization now (VERN=47.688571).
[2026-03-24 12:29:54,065][pcse.crop.phenology.Vernalisation][INFO] - Critical DVS for vernalization (VERNDVS) reached at day 1984-06-10, but vernalization requirements not yet fulfilled. Forcing vernalization now (VERN=47.688571).
[2026-03-24 12:29:54,081][pcse.crop.phenology.Vernalisation][INFO] - Critical DVS for vernalization (VERNDVS) reached at day 1984-06-11, but vernalization requirements not yet fulfilled. Forcing vernalization now (VERN=47.688571).
[2026-03-24 12:29:54,096][pcse.crop.phenology.Vernalisation][INFO] - Critical DVS for vernalization (VERNDVS) reached at day 1984-06-12, but vernalization requirements not yet fulfilled. Forcing vernalization now (VERN=47.688571).
[2026-03-24 12:29:54,112][pcse.crop.phenology.Vernalisation][INFO] - Critical DVS for vernalization (VERNDVS) reached at day 1984-06-13, but vernalization requirements not yet fulfilled. Forcing vernalization now (VERN=47.688571).
[2026-03-24 12:29:54,127][pcse.crop.phenology.Vernalisation][INFO] - Critical DVS for vernalization (VERNDVS) reached at day 1984-06-14, but vernalization requirements not yet fulfilled. Forcing vernalization now (VERN=47.688571).
[2026-03-24 12:29:54,143][pcse.crop.phenology.Vernalisation][INFO] - Critical DVS for vernalization (VERNDVS) reached at day 1984-06-15, but vernalization requirements not yet fulfilled. Forcing vernalization now (VERN=47.688571).
[2026-03-24 12:29:54,158][pcse.crop.phenology.Vernalisation][INFO] - Critical DVS for vernalization (VERNDVS) reached at day 1984-06-16, but vernalization requirements not yet fulfilled. Forcing vernalization now (VERN=47.688571).
[2026-03-24 12:29:54,174][pcse.crop.phenology.Vernalisation][INFO] - Critical DVS for vernalization (VERNDVS) reached at day 1984-06-17, but vernalization requirements not yet fulfilled. Forcing vernalization now (VERN=47.688571).
[2026-03-24 12:29:54,189][pcse.crop.phenology.Vernalisation][INFO] - Critical DVS for vernalization (VERNDVS) reached at day 1984-06-18, but vernalization requirements not yet fulfilled. Forcing vernalization now (VERN=47.688571).
[2026-03-24 12:29:54,205][pcse.crop.phenology.Vernalisation][INFO] - Critical DVS for vernalization (VERNDVS) reached at day 1984-06-19, but vernalization requirements not yet fulfilled. Forcing vernalization now (VERN=47.688571).
[2026-03-24 12:29:54,221][pcse.crop.phenology.Vernalisation][INFO] - Critical DVS for vernalization (VERNDVS) reached at day 1984-06-20, but vernalization requirements not yet fulfilled. Forcing vernalization now (VERN=47.688571).
[2026-03-24 12:29:54,237][pcse.crop.phenology.Vernalisation][INFO] - Critical DVS for vernalization (VERNDVS) reached at day 1984-06-21, but vernalization requirements not yet fulfilled. Forcing vernalization now (VERN=47.688571).
[2026-03-24 12:29:54,252][pcse.crop.phenology.Vernalisation][INFO] - Critical DVS for vernalization (VERNDVS) reached at day 1984-06-22, but vernalization requirements not yet fulfilled. Forcing vernalization now (VERN=47.688571).
[2026-03-24 12:29:54,267][pcse.crop.phenology.Vernalisation][INFO] - Critical DVS for vernalization (VERNDVS) reached at day 1984-06-23, but vernalization requirements not yet fulfilled. Forcing vernalization now (VERN=47.688571).
[2026-03-24 12:29:54,283][pcse.crop.phenology.Vernalisation][INFO] - Critical DVS for vernalization (VERNDVS) reached at day 1984-06-24, but vernalization requirements not yet fulfilled. Forcing vernalization now (VERN=47.688571).
[2026-03-24 12:29:54,298][pcse.crop.phenology.Vernalisation][INFO] - Critical DVS for vernalization (VERNDVS) reached at day 1984-06-25, but vernalization requirements not yet fulfilled. Forcing vernalization now (VERN=47.688571).
[2026-03-24 12:29:54,314][pcse.crop.phenology.Vernalisation][INFO] - Critical DVS for vernalization (VERNDVS) reached at day 1984-06-26, but vernalization requirements not yet fulfilled. Forcing vernalization now (VERN=47.688571).
[2026-03-24 12:29:54,329][pcse.crop.phenology.Vernalisation][INFO] - Critical DVS for vernalization (VERNDVS) reached at day 1984-06-27, but vernalization requirements not yet fulfilled. Forcing vernalization now (VERN=47.688571).
[2026-03-24 12:29:54,345][pcse.crop.phenology.Vernalisation][INFO] - Critical DVS for vernalization (VERNDVS) reached at day 1984-06-28, but vernalization requirements not yet fulfilled. Forcing vernalization now (VERN=47.688571).
[2026-03-24 12:29:54,361][pcse.crop.phenology.Vernalisation][INFO] - Critical DVS for vernalization (VERNDVS) reached at day 1984-06-29, but vernalization requirements not yet fulfilled. Forcing vernalization now (VERN=47.688571).
[2026-03-24 12:29:54,361][pcse.crop.phenology.Annual_Phenology][INFO] - Changed phenological stage 'vegetative' to 'reproductive' on 1984-06-29
[REPLAY DBG] post-agent-update step=19000 n=19000 mean=0.000052 std=0.007609 min=-0.043908 max=0.028845
[STEP DBG] step=19000 env_reward=0.222105 r_hat=-0.004622 done=False
[NORM DBG] count=19000 mean_abs_mean=62555.050781 mean_std=140.969803 min_std=0.001000 max_std=1843.607422
[2026-03-24 12:29:55,716][pcse.crop.phenology.Annual_Phenology][INFO] - Changed phenological stage 'reproductive' to 'mature' on 1984-09-13
[2026-03-24 12:29:55,981][pcse.base.timer.Timer][INFO] - Reached end of simulation period as specified by END_DATE.
| train          | E: 79 | S: 19039 | R: -0.3547 | TR: 20.7111 | TF: 128 | LR: 0 | NR: 0 | D: 04.4 s | TD: 00.0 s | BR: 0.0001 | ALOSS: 10609.5492 | CLOSS: 1674271.7064 | TLOSS: -201.5193 | TVAL: 0.3117 | AENT: -647.4581 | BCLOSS: 0.0000
[EPISODE DBG] episode=79 step=19039 pred_return=-0.382121 true_return=19.897423 total_feedback=128 labeled_feedback=0
[2026-03-24 12:29:55,989][pcse.agromanager.SoilCalendar][INFO] - Starting soil (oregon) with variation (oregon_1) on day 1984-02-01
[2026-03-24 12:29:55,991][pcse.agromanager.CropCalendar][INFO] - Starting crop (wheat) with variety (wheat_1) on day 1984-02-01
[2026-03-24 12:29:57,347][pcse.crop.phenology.Annual_Phenology][INFO] - Changed phenological stage 'emerging' to 'vegetative' on 1984-04-10
[2026-03-24 12:29:58,069][pcse.crop.phenology.Vernalisation][INFO] - Critical DVS for vernalization (VERNDVS) reached at day 1984-06-02, but vernalization requirements not yet fulfilled. Forcing vernalization now (VERN=47.688571).
[2026-03-24 12:29:58,083][pcse.crop.phenology.Vernalisation][INFO] - Critical DVS for vernalization (VERNDVS) reached at day 1984-06-03, but vernalization requirements not yet fulfilled. Forcing vernalization now (VERN=47.688571).
[2026-03-24 12:29:58,097][pcse.crop.phenology.Vernalisation][INFO] - Critical DVS for vernalization (VERNDVS) reached at day 1984-06-04, but vernalization requirements not yet fulfilled. Forcing vernalization now (VERN=47.688571).
[2026-03-24 12:29:58,110][pcse.crop.phenology.Vernalisation][INFO] - Critical DVS for vernalization (VERNDVS) reached at day 1984-06-05, but vernalization requirements not yet fulfilled. Forcing vernalization now (VERN=47.688571).
[2026-03-24 12:29:58,124][pcse.crop.phenology.Vernalisation][INFO] - Critical DVS for vernalization (VERNDVS) reached at day 1984-06-06, but vernalization requirements not yet fulfilled. Forcing vernalization now (VERN=47.688571).
[2026-03-24 12:29:58,138][pcse.crop.phenology.Vernalisation][INFO] - Critical DVS for vernalization (VERNDVS) reached at day 1984-06-07, but vernalization requirements not yet fulfilled. Forcing vernalization now (VERN=47.688571).
[2026-03-24 12:29:58,152][pcse.crop.phenology.Vernalisation][INFO] - Critical DVS for vernalization (VERNDVS) reached at day 1984-06-08, but vernalization requirements not yet fulfilled. Forcing vernalization now (VERN=47.688571).
[2026-03-24 12:29:58,166][pcse.crop.phenology.Vernalisation][INFO] - Critical DVS for vernalization (VERNDVS) reached at day 1984-06-09, but vernalization requirements not yet fulfilled. Forcing vernalization now (VERN=47.688571).
[2026-03-24 12:29:58,179][pcse.crop.phenology.Vernalisation][INFO] - Critical DVS for vernalization (VERNDVS) reached at day 1984-06-10, but vernalization requirements not yet fulfilled. Forcing vernalization now (VERN=47.688571).
[2026-03-24 12:29:58,193][pcse.crop.phenology.Vernalisation][INFO] - Critical DVS for vernalization (VERNDVS) reached at day 1984-06-11, but vernalization requirements not yet fulfilled. Forcing vernalization now (VERN=47.688571).
[2026-03-24 12:29:58,206][pcse.crop.phenology.Vernalisation][INFO] - Critical DVS for vernalization (VERNDVS) reached at day 1984-06-12, but vernalization requirements not yet fulfilled. Forcing vernalization now (VERN=47.688571).
[2026-03-24 12:29:58,220][pcse.crop.phenology.Vernalisation][INFO] - Critical DVS for vernalization (VERNDVS) reached at day 1984-06-13, but vernalization requirements not yet fulfilled. Forcing vernalization now (VERN=47.688571).
[2026-03-24 12:29:58,234][pcse.crop.phenology.Vernalisation][INFO] - Critical DVS for vernalization (VERNDVS) reached at day 1984-06-14, but vernalization requirements not yet fulfilled. Forcing vernalization now (VERN=47.688571).
[2026-03-24 12:29:58,248][pcse.crop.phenology.Vernalisation][INFO] - Critical DVS for vernalization (VERNDVS) reached at day 1984-06-15, but vernalization requirements not yet fulfilled. Forcing vernalization now (VERN=47.688571).
[2026-03-24 12:29:58,262][pcse.crop.phenology.Vernalisation][INFO] - Critical DVS for vernalization (VERNDVS) reached at day 1984-06-16, but vernalization requirements not yet fulfilled. Forcing vernalization now (VERN=47.688571).
[2026-03-24 12:29:58,275][pcse.crop.phenology.Vernalisation][INFO] - Critical DVS for vernalization (VERNDVS) reached at day 1984-06-17, but vernalization requirements not yet fulfilled. Forcing vernalization now (VERN=47.688571).
[2026-03-24 12:29:58,289][pcse.crop.phenology.Vernalisation][INFO] - Critical DVS for vernalization (VERNDVS) reached at day 1984-06-18, but vernalization requirements not yet fulfilled. Forcing vernalization now (VERN=47.688571).
[2026-03-24 12:29:58,303][pcse.crop.phenology.Vernalisation][INFO] - Critical DVS for vernalization (VERNDVS) reached at day 1984-06-19, but vernalization requirements not yet fulfilled. Forcing vernalization now (VERN=47.688571).
[2026-03-24 12:29:58,317][pcse.crop.phenology.Vernalisation][INFO] - Critical DVS for vernalization (VERNDVS) reached at day 1984-06-20, but vernalization requirements not yet fulfilled. Forcing vernalization now (VERN=47.688571).
[2026-03-24 12:29:58,331][pcse.crop.phenology.Vernalisation][INFO] - Critical DVS for vernalization (VERNDVS) reached at day 1984-06-21, but vernalization requirements not yet fulfilled. Forcing vernalization now (VERN=47.688571).
[2026-03-24 12:29:58,345][pcse.crop.phenology.Vernalisation][INFO] - Critical DVS for vernalization (VERNDVS) reached at day 1984-06-22, but vernalization requirements not yet fulfilled. Forcing vernalization now (VERN=47.688571).
[2026-03-24 12:29:58,359][pcse.crop.phenology.Vernalisation][INFO] - Critical DVS for vernalization (VERNDVS) reached at day 1984-06-23, but vernalization requirements not yet fulfilled. Forcing vernalization now (VERN=47.688571).
[2026-03-24 12:29:58,372][pcse.crop.phenology.Vernalisation][INFO] - Critical DVS for vernalization (VERNDVS) reached at day 1984-06-24, but vernalization requirements not yet fulfilled. Forcing vernalization now (VERN=47.688571).
[2026-03-24 12:29:58,386][pcse.crop.phenology.Vernalisation][INFO] - Critical DVS for vernalization (VERNDVS) reached at day 1984-06-25, but vernalization requirements not yet fulfilled. Forcing vernalization now (VERN=47.688571).
[2026-03-24 12:29:58,400][pcse.crop.phenology.Vernalisation][INFO] - Critical DVS for vernalization (VERNDVS) reached at day 1984-06-26, but vernalization requirements not yet fulfilled. Forcing vernalization now (VERN=47.688571).
[2026-03-24 12:29:58,414][pcse.crop.phenology.Vernalisation][INFO] - Critical DVS for vernalization (VERNDVS) reached at day 1984-06-27, but vernalization requirements not yet fulfilled. Forcing vernalization now (VERN=47.688571).
[2026-03-24 12:29:58,427][pcse.crop.phenology.Vernalisation][INFO] - Critical DVS for vernalization (VERNDVS) reached at day 1984-06-28, but vernalization requirements not yet fulfilled. Forcing vernalization now (VERN=47.688571).
[2026-03-24 12:29:58,441][pcse.crop.phenology.Vernalisation][INFO] - Critical DVS for vernalization (VERNDVS) reached at day 1984-06-29, but vernalization requirements not yet fulfilled. Forcing vernalization now (VERN=47.688571).
[2026-03-24 12:29:58,441][pcse.crop.phenology.Annual_Phenology][INFO] - Changed phenological stage 'vegetative' to 'reproductive' on 1984-06-29
[2026-03-24 12:29:59,763][pcse.crop.phenology.Annual_Phenology][INFO] - Changed phenological stage 'reproductive' to 'mature' on 1984-09-13
[2026-03-24 12:30:00,029][pcse.base.timer.Timer][INFO] - Reached end of simulation period as specified by END_DATE.
| train          | E: 80 | S: 19280 | R: -0.3821 | TR: 19.8974 | TF: 128 | LR: 0 | NR: 0 | D: 04.0 s | TD: 00.0 s | BR: 0.0001 | ALOSS: 10640.0552 | CLOSS: 1603136.4606 | TLOSS: -200.6237 | TVAL: 0.3184 | AENT: -631.0638 | BCLOSS: 0.0000
[EPISODE DBG] episode=80 step=19280 pred_return=-0.410784 true_return=15.861067 total_feedback=128 labeled_feedback=0
[2026-03-24 12:30:00,036][pcse.agromanager.SoilCalendar][INFO] - Starting soil (oregon) with variation (oregon_1) on day 1984-02-01
[2026-03-24 12:30:00,038][pcse.agromanager.CropCalendar][INFO] - Starting crop (wheat) with variety (wheat_1) on day 1984-02-01
[2026-03-24 12:30:01,447][pcse.crop.phenology.Annual_Phenology][INFO] - Changed phenological stage 'emerging' to 'vegetative' on 1984-04-10
[2026-03-24 12:30:02,417][pcse.crop.phenology.Vernalisation][INFO] - Critical DVS for vernalization (VERNDVS) reached at day 1984-06-02, but vernalization requirements not yet fulfilled. Forcing vernalization now (VERN=47.688571).
[2026-03-24 12:30:02,439][pcse.crop.phenology.Vernalisation][INFO] - Critical DVS for vernalization (VERNDVS) reached at day 1984-06-03, but vernalization requirements not yet fulfilled. Forcing vernalization now (VERN=47.688571).
[2026-03-24 12:30:02,458][pcse.crop.phenology.Vernalisation][INFO] - Critical DVS for vernalization (VERNDVS) reached at day 1984-06-04, but vernalization requirements not yet fulfilled. Forcing vernalization now (VERN=47.688571).
[2026-03-24 12:30:02,476][pcse.crop.phenology.Vernalisation][INFO] - Critical DVS for vernalization (VERNDVS) reached at day 1984-06-05, but vernalization requirements not yet fulfilled. Forcing vernalization now (VERN=47.688571).
[2026-03-24 12:30:02,494][pcse.crop.phenology.Vernalisation][INFO] - Critical DVS for vernalization (VERNDVS) reached at day 1984-06-06, but vernalization requirements not yet fulfilled. Forcing vernalization now (VERN=47.688571).
[2026-03-24 12:30:02,512][pcse.crop.phenology.Vernalisation][INFO] - Critical DVS for vernalization (VERNDVS) reached at day 1984-06-07, but vernalization requirements not yet fulfilled. Forcing vernalization now (VERN=47.688571).
[2026-03-24 12:30:02,528][pcse.crop.phenology.Vernalisation][INFO] - Critical DVS for vernalization (VERNDVS) reached at day 1984-06-08, but vernalization requirements not yet fulfilled. Forcing vernalization now (VERN=47.688571).
[2026-03-24 12:30:02,544][pcse.crop.phenology.Vernalisation][INFO] - Critical DVS for vernalization (VERNDVS) reached at day 1984-06-09, but vernalization requirements not yet fulfilled. Forcing vernalization now (VERN=47.688571).
[2026-03-24 12:30:02,559][pcse.crop.phenology.Vernalisation][INFO] - Critical DVS for vernalization (VERNDVS) reached at day 1984-06-10, but vernalization requirements not yet fulfilled. Forcing vernalization now (VERN=47.688571).
[2026-03-24 12:30:02,575][pcse.crop.phenology.Vernalisation][INFO] - Critical DVS for vernalization (VERNDVS) reached at day 1984-06-11, but vernalization requirements not yet fulfilled. Forcing vernalization now (VERN=47.688571).
[2026-03-24 12:30:02,592][pcse.crop.phenology.Vernalisation][INFO] - Critical DVS for vernalization (VERNDVS) reached at day 1984-06-12, but vernalization requirements not yet fulfilled. Forcing vernalization now (VERN=47.688571).
[2026-03-24 12:30:02,607][pcse.crop.phenology.Vernalisation][INFO] - Critical DVS for vernalization (VERNDVS) reached at day 1984-06-13, but vernalization requirements not yet fulfilled. Forcing vernalization now (VERN=47.688571).
[2026-03-24 12:30:02,624][pcse.crop.phenology.Vernalisation][INFO] - Critical DVS for vernalization (VERNDVS) reached at day 1984-06-14, but vernalization requirements not yet fulfilled. Forcing vernalization now (VERN=47.688571).
[2026-03-24 12:30:02,640][pcse.crop.phenology.Vernalisation][INFO] - Critical DVS for vernalization (VERNDVS) reached at day 1984-06-15, but vernalization requirements not yet fulfilled. Forcing vernalization now (VERN=47.688571).
[2026-03-24 12:30:02,656][pcse.crop.phenology.Vernalisation][INFO] - Critical DVS for vernalization (VERNDVS) reached at day 1984-06-16, but vernalization requirements not yet fulfilled. Forcing vernalization now (VERN=47.688571).
[2026-03-24 12:30:02,672][pcse.crop.phenology.Vernalisation][INFO] - Critical DVS for vernalization (VERNDVS) reached at day 1984-06-17, but vernalization requirements not yet fulfilled. Forcing vernalization now (VERN=47.688571).
[2026-03-24 12:30:02,688][pcse.crop.phenology.Vernalisation][INFO] - Critical DVS for vernalization (VERNDVS) reached at day 1984-06-18, but vernalization requirements not yet fulfilled. Forcing vernalization now (VERN=47.688571).
[2026-03-24 12:30:02,703][pcse.crop.phenology.Vernalisation][INFO] - Critical DVS for vernalization (VERNDVS) reached at day 1984-06-19, but vernalization requirements not yet fulfilled. Forcing vernalization now (VERN=47.688571).
[2026-03-24 12:30:02,719][pcse.crop.phenology.Vernalisation][INFO] - Critical DVS for vernalization (VERNDVS) reached at day 1984-06-20, but vernalization requirements not yet fulfilled. Forcing vernalization now (VERN=47.688571).
[2026-03-24 12:30:02,735][pcse.crop.phenology.Vernalisation][INFO] - Critical DVS for vernalization (VERNDVS) reached at day 1984-06-21, but vernalization requirements not yet fulfilled. Forcing vernalization now (VERN=47.688571).
[2026-03-24 12:30:02,751][pcse.crop.phenology.Vernalisation][INFO] - Critical DVS for vernalization (VERNDVS) reached at day 1984-06-22, but vernalization requirements not yet fulfilled. Forcing vernalization now (VERN=47.688571).
[2026-03-24 12:30:02,767][pcse.crop.phenology.Vernalisation][INFO] - Critical DVS for vernalization (VERNDVS) reached at day 1984-06-23, but vernalization requirements not yet fulfilled. Forcing vernalization now (VERN=47.688571).
[2026-03-24 12:30:02,783][pcse.crop.phenology.Vernalisation][INFO] - Critical DVS for vernalization (VERNDVS) reached at day 1984-06-24, but vernalization requirements not yet fulfilled. Forcing vernalization now (VERN=47.688571).
[2026-03-24 12:30:02,799][pcse.crop.phenology.Vernalisation][INFO] - Critical DVS for vernalization (VERNDVS) reached at day 1984-06-25, but vernalization requirements not yet fulfilled. Forcing vernalization now (VERN=47.688571).
[2026-03-24 12:30:02,815][pcse.crop.phenology.Vernalisation][INFO] - Critical DVS for vernalization (VERNDVS) reached at day 1984-06-26, but vernalization requirements not yet fulfilled. Forcing vernalization now (VERN=47.688571).
[2026-03-24 12:30:02,831][pcse.crop.phenology.Vernalisation][INFO] - Critical DVS for vernalization (VERNDVS) reached at day 1984-06-27, but vernalization requirements not yet fulfilled. Forcing vernalization now (VERN=47.688571).
[2026-03-24 12:30:02,847][pcse.crop.phenology.Vernalisation][INFO] - Critical DVS for vernalization (VERNDVS) reached at day 1984-06-28, but vernalization requirements not yet fulfilled. Forcing vernalization now (VERN=47.688571).
[2026-03-24 12:30:02,862][pcse.crop.phenology.Vernalisation][INFO] - Critical DVS for vernalization (VERNDVS) reached at day 1984-06-29, but vernalization requirements not yet fulfilled. Forcing vernalization now (VERN=47.688571).
[2026-03-24 12:30:02,863][pcse.crop.phenology.Annual_Phenology][INFO] - Changed phenological stage 'vegetative' to 'reproductive' on 1984-06-29
[REPLAY DBG] post-agent-update step=19500 n=19500 mean=0.000008 std=0.007587 min=-0.043908 max=0.028845
[STEP DBG] step=19500 env_reward=0.136029 r_hat=0.007769 done=False
[NORM DBG] count=19500 mean_abs_mean=62554.101562 mean_std=139.426956 min_std=0.001000 max_std=1821.593384
[2026-03-24 12:30:04,220][pcse.crop.phenology.Annual_Phenology][INFO] - Changed phenological stage 'reproductive' to 'mature' on 1984-09-13
[2026-03-24 12:30:04,492][pcse.base.timer.Timer][INFO] - Reached end of simulation period as specified by END_DATE.
| train          | E: 81 | S: 19521 | R: -0.4108 | TR: 15.8611 | TF: 128 | LR: 0 | NR: 0 | D: 04.5 s | TD: 00.0 s | BR: 0.0000 | ALOSS: 10662.7986 | CLOSS: 1527507.4121 | TLOSS: -202.8117 | TVAL: 0.3251 | AENT: -624.9133 | BCLOSS: 0.0000
[EPISODE DBG] episode=81 step=19521 pred_return=-0.357355 true_return=12.083472 total_feedback=128 labeled_feedback=0
[2026-03-24 12:30:04,499][pcse.agromanager.SoilCalendar][INFO] - Starting soil (oregon) with variation (oregon_1) on day 1984-02-01
[2026-03-24 12:30:04,501][pcse.agromanager.CropCalendar][INFO] - Starting crop (wheat) with variety (wheat_1) on day 1984-02-01
[2026-03-24 12:30:05,728][pcse.crop.phenology.Annual_Phenology][INFO] - Changed phenological stage 'emerging' to 'vegetative' on 1984-04-10
[2026-03-24 12:30:06,638][pcse.crop.phenology.Vernalisation][INFO] - Critical DVS for vernalization (VERNDVS) reached at day 1984-06-02, but vernalization requirements not yet fulfilled. Forcing vernalization now (VERN=47.688571).
[2026-03-24 12:30:06,652][pcse.crop.phenology.Vernalisation][INFO] - Critical DVS for vernalization (VERNDVS) reached at day 1984-06-03, but vernalization requirements not yet fulfilled. Forcing vernalization now (VERN=47.688571).
[2026-03-24 12:30:06,665][pcse.crop.phenology.Vernalisation][INFO] - Critical DVS for vernalization (VERNDVS) reached at day 1984-06-04, but vernalization requirements not yet fulfilled. Forcing vernalization now (VERN=47.688571).
[2026-03-24 12:30:06,679][pcse.crop.phenology.Vernalisation][INFO] - Critical DVS for vernalization (VERNDVS) reached at day 1984-06-05, but vernalization requirements not yet fulfilled. Forcing vernalization now (VERN=47.688571).
[2026-03-24 12:30:06,692][pcse.crop.phenology.Vernalisation][INFO] - Critical DVS for vernalization (VERNDVS) reached at day 1984-06-06, but vernalization requirements not yet fulfilled. Forcing vernalization now (VERN=47.688571).
[2026-03-24 12:30:06,706][pcse.crop.phenology.Vernalisation][INFO] - Critical DVS for vernalization (VERNDVS) reached at day 1984-06-07, but vernalization requirements not yet fulfilled. Forcing vernalization now (VERN=47.688571).
[2026-03-24 12:30:06,719][pcse.crop.phenology.Vernalisation][INFO] - Critical DVS for vernalization (VERNDVS) reached at day 1984-06-08, but vernalization requirements not yet fulfilled. Forcing vernalization now (VERN=47.688571).
[2026-03-24 12:30:06,733][pcse.crop.phenology.Vernalisation][INFO] - Critical DVS for vernalization (VERNDVS) reached at day 1984-06-09, but vernalization requirements not yet fulfilled. Forcing vernalization now (VERN=47.688571).
[2026-03-24 12:30:06,746][pcse.crop.phenology.Vernalisation][INFO] - Critical DVS for vernalization (VERNDVS) reached at day 1984-06-10, but vernalization requirements not yet fulfilled. Forcing vernalization now (VERN=47.688571).
[2026-03-24 12:30:06,759][pcse.crop.phenology.Vernalisation][INFO] - Critical DVS for vernalization (VERNDVS) reached at day 1984-06-11, but vernalization requirements not yet fulfilled. Forcing vernalization now (VERN=47.688571).
[2026-03-24 12:30:06,772][pcse.crop.phenology.Vernalisation][INFO] - Critical DVS for vernalization (VERNDVS) reached at day 1984-06-12, but vernalization requirements not yet fulfilled. Forcing vernalization now (VERN=47.688571).
[2026-03-24 12:30:06,786][pcse.crop.phenology.Vernalisation][INFO] - Critical DVS for vernalization (VERNDVS) reached at day 1984-06-13, but vernalization requirements not yet fulfilled. Forcing vernalization now (VERN=47.688571).
[2026-03-24 12:30:06,799][pcse.crop.phenology.Vernalisation][INFO] - Critical DVS for vernalization (VERNDVS) reached at day 1984-06-14, but vernalization requirements not yet fulfilled. Forcing vernalization now (VERN=47.688571).
[2026-03-24 12:30:06,812][pcse.crop.phenology.Vernalisation][INFO] - Critical DVS for vernalization (VERNDVS) reached at day 1984-06-15, but vernalization requirements not yet fulfilled. Forcing vernalization now (VERN=47.688571).
[2026-03-24 12:30:06,826][pcse.crop.phenology.Vernalisation][INFO] - Critical DVS for vernalization (VERNDVS) reached at day 1984-06-16, but vernalization requirements not yet fulfilled. Forcing vernalization now (VERN=47.688571).
[2026-03-24 12:30:06,839][pcse.crop.phenology.Vernalisation][INFO] - Critical DVS for vernalization (VERNDVS) reached at day 1984-06-17, but vernalization requirements not yet fulfilled. Forcing vernalization now (VERN=47.688571).
[2026-03-24 12:30:06,852][pcse.crop.phenology.Vernalisation][INFO] - Critical DVS for vernalization (VERNDVS) reached at day 1984-06-18, but vernalization requirements not yet fulfilled. Forcing vernalization now (VERN=47.688571).
[2026-03-24 12:30:06,866][pcse.crop.phenology.Vernalisation][INFO] - Critical DVS for vernalization (VERNDVS) reached at day 1984-06-19, but vernalization requirements not yet fulfilled. Forcing vernalization now (VERN=47.688571).
[2026-03-24 12:30:06,879][pcse.crop.phenology.Vernalisation][INFO] - Critical DVS for vernalization (VERNDVS) reached at day 1984-06-20, but vernalization requirements not yet fulfilled. Forcing vernalization now (VERN=47.688571).
[2026-03-24 12:30:06,893][pcse.crop.phenology.Vernalisation][INFO] - Critical DVS for vernalization (VERNDVS) reached at day 1984-06-21, but vernalization requirements not yet fulfilled. Forcing vernalization now (VERN=47.688571).
[2026-03-24 12:30:06,907][pcse.crop.phenology.Vernalisation][INFO] - Critical DVS for vernalization (VERNDVS) reached at day 1984-06-22, but vernalization requirements not yet fulfilled. Forcing vernalization now (VERN=47.688571).
[2026-03-24 12:30:06,920][pcse.crop.phenology.Vernalisation][INFO] - Critical DVS for vernalization (VERNDVS) reached at day 1984-06-23, but vernalization requirements not yet fulfilled. Forcing vernalization now (VERN=47.688571).
[2026-03-24 12:30:06,933][pcse.crop.phenology.Vernalisation][INFO] - Critical DVS for vernalization (VERNDVS) reached at day 1984-06-24, but vernalization requirements not yet fulfilled. Forcing vernalization now (VERN=47.688571).
[2026-03-24 12:30:06,946][pcse.crop.phenology.Vernalisation][INFO] - Critical DVS for vernalization (VERNDVS) reached at day 1984-06-25, but vernalization requirements not yet fulfilled. Forcing vernalization now (VERN=47.688571).
[2026-03-24 12:30:06,960][pcse.crop.phenology.Vernalisation][INFO] - Critical DVS for vernalization (VERNDVS) reached at day 1984-06-26, but vernalization requirements not yet fulfilled. Forcing vernalization now (VERN=47.688571).
[2026-03-24 12:30:06,974][pcse.crop.phenology.Vernalisation][INFO] - Critical DVS for vernalization (VERNDVS) reached at day 1984-06-27, but vernalization requirements not yet fulfilled. Forcing vernalization now (VERN=47.688571).
[2026-03-24 12:30:06,987][pcse.crop.phenology.Vernalisation][INFO] - Critical DVS for vernalization (VERNDVS) reached at day 1984-06-28, but vernalization requirements not yet fulfilled. Forcing vernalization now (VERN=47.688571).
[2026-03-24 12:30:07,001][pcse.crop.phenology.Vernalisation][INFO] - Critical DVS for vernalization (VERNDVS) reached at day 1984-06-29, but vernalization requirements not yet fulfilled. Forcing vernalization now (VERN=47.688571).
[2026-03-24 12:30:07,001][pcse.crop.phenology.Annual_Phenology][INFO] - Changed phenological stage 'vegetative' to 'reproductive' on 1984-06-29
[2026-03-24 12:30:08,303][pcse.crop.phenology.Annual_Phenology][INFO] - Changed phenological stage 'reproductive' to 'mature' on 1984-09-13
[2026-03-24 12:30:08,565][pcse.base.timer.Timer][INFO] - Reached end of simulation period as specified by END_DATE.
| train          | E: 82 | S: 19762 | R: -0.3574 | TR: 12.0835 | TF: 128 | LR: 0 | NR: 0 | D: 04.1 s | TD: 00.0 s | BR: 0.0000 | ALOSS: 10719.8199 | CLOSS: 1515203.4743 | TLOSS: -203.6392 | TVAL: 0.3317 | AENT: -614.8549 | BCLOSS: 0.0000
[EPISODE DBG] episode=82 step=19762 pred_return=-0.361927 true_return=20.711114 total_feedback=128 labeled_feedback=0
[2026-03-24 12:30:08,572][pcse.agromanager.SoilCalendar][INFO] - Starting soil (oregon) with variation (oregon_1) on day 1984-02-01
[2026-03-24 12:30:08,575][pcse.agromanager.CropCalendar][INFO] - Starting crop (wheat) with variety (wheat_1) on day 1984-02-01
[2026-03-24 12:30:10,009][pcse.crop.phenology.Annual_Phenology][INFO] - Changed phenological stage 'emerging' to 'vegetative' on 1984-04-10
[2026-03-24 12:30:10,842][pcse.crop.phenology.Vernalisation][INFO] - Critical DVS for vernalization (VERNDVS) reached at day 1984-06-02, but vernalization requirements not yet fulfilled. Forcing vernalization now (VERN=47.688571).
[2026-03-24 12:30:10,858][pcse.crop.phenology.Vernalisation][INFO] - Critical DVS for vernalization (VERNDVS) reached at day 1984-06-03, but vernalization requirements not yet fulfilled. Forcing vernalization now (VERN=47.688571).
[2026-03-24 12:30:10,874][pcse.crop.phenology.Vernalisation][INFO] - Critical DVS for vernalization (VERNDVS) reached at day 1984-06-04, but vernalization requirements not yet fulfilled. Forcing vernalization now (VERN=47.688571).
[2026-03-24 12:30:10,890][pcse.crop.phenology.Vernalisation][INFO] - Critical DVS for vernalization (VERNDVS) reached at day 1984-06-05, but vernalization requirements not yet fulfilled. Forcing vernalization now (VERN=47.688571).
[2026-03-24 12:30:10,906][pcse.crop.phenology.Vernalisation][INFO] - Critical DVS for vernalization (VERNDVS) reached at day 1984-06-06, but vernalization requirements not yet fulfilled. Forcing vernalization now (VERN=47.688571).
[2026-03-24 12:30:10,922][pcse.crop.phenology.Vernalisation][INFO] - Critical DVS for vernalization (VERNDVS) reached at day 1984-06-07, but vernalization requirements not yet fulfilled. Forcing vernalization now (VERN=47.688571).
[2026-03-24 12:30:10,938][pcse.crop.phenology.Vernalisation][INFO] - Critical DVS for vernalization (VERNDVS) reached at day 1984-06-08, but vernalization requirements not yet fulfilled. Forcing vernalization now (VERN=47.688571).
[2026-03-24 12:30:10,954][pcse.crop.phenology.Vernalisation][INFO] - Critical DVS for vernalization (VERNDVS) reached at day 1984-06-09, but vernalization requirements not yet fulfilled. Forcing vernalization now (VERN=47.688571).
[2026-03-24 12:30:10,971][pcse.crop.phenology.Vernalisation][INFO] - Critical DVS for vernalization (VERNDVS) reached at day 1984-06-10, but vernalization requirements not yet fulfilled. Forcing vernalization now (VERN=47.688571).
[2026-03-24 12:30:10,987][pcse.crop.phenology.Vernalisation][INFO] - Critical DVS for vernalization (VERNDVS) reached at day 1984-06-11, but vernalization requirements not yet fulfilled. Forcing vernalization now (VERN=47.688571).
[2026-03-24 12:30:11,002][pcse.crop.phenology.Vernalisation][INFO] - Critical DVS for vernalization (VERNDVS) reached at day 1984-06-12, but vernalization requirements not yet fulfilled. Forcing vernalization now (VERN=47.688571).
[2026-03-24 12:30:11,019][pcse.crop.phenology.Vernalisation][INFO] - Critical DVS for vernalization (VERNDVS) reached at day 1984-06-13, but vernalization requirements not yet fulfilled. Forcing vernalization now (VERN=47.688571).
[2026-03-24 12:30:11,035][pcse.crop.phenology.Vernalisation][INFO] - Critical DVS for vernalization (VERNDVS) reached at day 1984-06-14, but vernalization requirements not yet fulfilled. Forcing vernalization now (VERN=47.688571).
[2026-03-24 12:30:11,051][pcse.crop.phenology.Vernalisation][INFO] - Critical DVS for vernalization (VERNDVS) reached at day 1984-06-15, but vernalization requirements not yet fulfilled. Forcing vernalization now (VERN=47.688571).
[2026-03-24 12:30:11,067][pcse.crop.phenology.Vernalisation][INFO] - Critical DVS for vernalization (VERNDVS) reached at day 1984-06-16, but vernalization requirements not yet fulfilled. Forcing vernalization now (VERN=47.688571).
[2026-03-24 12:30:11,083][pcse.crop.phenology.Vernalisation][INFO] - Critical DVS for vernalization (VERNDVS) reached at day 1984-06-17, but vernalization requirements not yet fulfilled. Forcing vernalization now (VERN=47.688571).
[2026-03-24 12:30:11,100][pcse.crop.phenology.Vernalisation][INFO] - Critical DVS for vernalization (VERNDVS) reached at day 1984-06-18, but vernalization requirements not yet fulfilled. Forcing vernalization now (VERN=47.688571).
[2026-03-24 12:30:11,116][pcse.crop.phenology.Vernalisation][INFO] - Critical DVS for vernalization (VERNDVS) reached at day 1984-06-19, but vernalization requirements not yet fulfilled. Forcing vernalization now (VERN=47.688571).
[2026-03-24 12:30:11,316][pcse.crop.phenology.Vernalisation][INFO] - Critical DVS for vernalization (VERNDVS) reached at day 1984-06-20, but vernalization requirements not yet fulfilled. Forcing vernalization now (VERN=47.688571).
[2026-03-24 12:30:11,343][pcse.crop.phenology.Vernalisation][INFO] - Critical DVS for vernalization (VERNDVS) reached at day 1984-06-21, but vernalization requirements not yet fulfilled. Forcing vernalization now (VERN=47.688571).
[2026-03-24 12:30:11,361][pcse.crop.phenology.Vernalisation][INFO] - Critical DVS for vernalization (VERNDVS) reached at day 1984-06-22, but vernalization requirements not yet fulfilled. Forcing vernalization now (VERN=47.688571).
[2026-03-24 12:30:11,380][pcse.crop.phenology.Vernalisation][INFO] - Critical DVS for vernalization (VERNDVS) reached at day 1984-06-23, but vernalization requirements not yet fulfilled. Forcing vernalization now (VERN=47.688571).
[2026-03-24 12:30:11,398][pcse.crop.phenology.Vernalisation][INFO] - Critical DVS for vernalization (VERNDVS) reached at day 1984-06-24, but vernalization requirements not yet fulfilled. Forcing vernalization now (VERN=47.688571).
[2026-03-24 12:30:11,414][pcse.crop.phenology.Vernalisation][INFO] - Critical DVS for vernalization (VERNDVS) reached at day 1984-06-25, but vernalization requirements not yet fulfilled. Forcing vernalization now (VERN=47.688571).
[2026-03-24 12:30:11,431][pcse.crop.phenology.Vernalisation][INFO] - Critical DVS for vernalization (VERNDVS) reached at day 1984-06-26, but vernalization requirements not yet fulfilled. Forcing vernalization now (VERN=47.688571).
[2026-03-24 12:30:11,447][pcse.crop.phenology.Vernalisation][INFO] - Critical DVS for vernalization (VERNDVS) reached at day 1984-06-27, but vernalization requirements not yet fulfilled. Forcing vernalization now (VERN=47.688571).
[2026-03-24 12:30:11,463][pcse.crop.phenology.Vernalisation][INFO] - Critical DVS for vernalization (VERNDVS) reached at day 1984-06-28, but vernalization requirements not yet fulfilled. Forcing vernalization now (VERN=47.688571).
[2026-03-24 12:30:11,478][pcse.crop.phenology.Vernalisation][INFO] - Critical DVS for vernalization (VERNDVS) reached at day 1984-06-29, but vernalization requirements not yet fulfilled. Forcing vernalization now (VERN=47.688571).
[2026-03-24 12:30:11,479][pcse.crop.phenology.Annual_Phenology][INFO] - Changed phenological stage 'vegetative' to 'reproductive' on 1984-06-29
[2026-03-24 12:30:12,657][pcse.crop.phenology.Annual_Phenology][INFO] - Changed phenological stage 'reproductive' to 'mature' on 1984-09-13
[REPLAY DBG] post-agent-update step=20000 n=20000 mean=-0.000030 std=0.007567 min=-0.043908 max=0.028845
[STEP DBG] step=20000 env_reward=0.186014 r_hat=-0.001683 done=False
[NORM DBG] count=20000 mean_abs_mean=62553.191406 mean_std=137.939423 min_std=0.001000 max_std=1800.342896
[2026-03-24 12:30:13,100][pcse.base.timer.Timer][INFO] - Reached end of simulation period as specified by END_DATE.
| train          | E: 83 | S: 20003 | R: -0.3619 | TR: 20.7111 | TF: 128 | LR: 0 | NR: 0 | D: 04.5 s | TD: 00.0 s | BR: -0.0000 | ALOSS: 10749.8561 | CLOSS: 1548399.8736 | TLOSS: -202.7432 | TVAL: 0.3384 | AENT: -600.0785 | BCLOSS: 0.0000
[EPISODE DBG] episode=83 step=20003 pred_return=-0.388449 true_return=19.897423 total_feedback=128 labeled_feedback=0
[2026-03-24 12:30:13,110][pcse.agromanager.SoilCalendar][INFO] - Starting soil (oregon) with variation (oregon_1) on day 1984-02-01
[2026-03-24 12:30:13,114][pcse.agromanager.CropCalendar][INFO] - Starting crop (wheat) with variety (wheat_1) on day 1984-02-01
[2026-03-24 12:30:14,369][pcse.crop.phenology.Annual_Phenology][INFO] - Changed phenological stage 'emerging' to 'vegetative' on 1984-04-10
[2026-03-24 12:30:15,366][pcse.crop.phenology.Vernalisation][INFO] - Critical DVS for vernalization (VERNDVS) reached at day 1984-06-02, but vernalization requirements not yet fulfilled. Forcing vernalization now (VERN=47.688571).
[2026-03-24 12:30:15,382][pcse.crop.phenology.Vernalisation][INFO] - Critical DVS for vernalization (VERNDVS) reached at day 1984-06-03, but vernalization requirements not yet fulfilled. Forcing vernalization now (VERN=47.688571).
[2026-03-24 12:30:15,398][pcse.crop.phenology.Vernalisation][INFO] - Critical DVS for vernalization (VERNDVS) reached at day 1984-06-04, but vernalization requirements not yet fulfilled. Forcing vernalization now (VERN=47.688571).
[2026-03-24 12:30:15,414][pcse.crop.phenology.Vernalisation][INFO] - Critical DVS for vernalization (VERNDVS) reached at day 1984-06-05, but vernalization requirements not yet fulfilled. Forcing vernalization now (VERN=47.688571).
[2026-03-24 12:30:15,430][pcse.crop.phenology.Vernalisation][INFO] - Critical DVS for vernalization (VERNDVS) reached at day 1984-06-06, but vernalization requirements not yet fulfilled. Forcing vernalization now (VERN=47.688571).
[2026-03-24 12:30:15,446][pcse.crop.phenology.Vernalisation][INFO] - Critical DVS for vernalization (VERNDVS) reached at day 1984-06-07, but vernalization requirements not yet fulfilled. Forcing vernalization now (VERN=47.688571).
[2026-03-24 12:30:15,462][pcse.crop.phenology.Vernalisation][INFO] - Critical DVS for vernalization (VERNDVS) reached at day 1984-06-08, but vernalization requirements not yet fulfilled. Forcing vernalization now (VERN=47.688571).
[2026-03-24 12:30:15,477][pcse.crop.phenology.Vernalisation][INFO] - Critical DVS for vernalization (VERNDVS) reached at day 1984-06-09, but vernalization requirements not yet fulfilled. Forcing vernalization now (VERN=47.688571).
[2026-03-24 12:30:15,493][pcse.crop.phenology.Vernalisation][INFO] - Critical DVS for vernalization (VERNDVS) reached at day 1984-06-10, but vernalization requirements not yet fulfilled. Forcing vernalization now (VERN=47.688571).
[2026-03-24 12:30:15,508][pcse.crop.phenology.Vernalisation][INFO] - Critical DVS for vernalization (VERNDVS) reached at day 1984-06-11, but vernalization requirements not yet fulfilled. Forcing vernalization now (VERN=47.688571).
[2026-03-24 12:30:15,524][pcse.crop.phenology.Vernalisation][INFO] - Critical DVS for vernalization (VERNDVS) reached at day 1984-06-12, but vernalization requirements not yet fulfilled. Forcing vernalization now (VERN=47.688571).
[2026-03-24 12:30:15,540][pcse.crop.phenology.Vernalisation][INFO] - Critical DVS for vernalization (VERNDVS) reached at day 1984-06-13, but vernalization requirements not yet fulfilled. Forcing vernalization now (VERN=47.688571).
[2026-03-24 12:30:15,555][pcse.crop.phenology.Vernalisation][INFO] - Critical DVS for vernalization (VERNDVS) reached at day 1984-06-14, but vernalization requirements not yet fulfilled. Forcing vernalization now (VERN=47.688571).
[2026-03-24 12:30:15,571][pcse.crop.phenology.Vernalisation][INFO] - Critical DVS for vernalization (VERNDVS) reached at day 1984-06-15, but vernalization requirements not yet fulfilled. Forcing vernalization now (VERN=47.688571).
[2026-03-24 12:30:15,587][pcse.crop.phenology.Vernalisation][INFO] - Critical DVS for vernalization (VERNDVS) reached at day 1984-06-16, but vernalization requirements not yet fulfilled. Forcing vernalization now (VERN=47.688571).
[2026-03-24 12:30:15,602][pcse.crop.phenology.Vernalisation][INFO] - Critical DVS for vernalization (VERNDVS) reached at day 1984-06-17, but vernalization requirements not yet fulfilled. Forcing vernalization now (VERN=47.688571).
[2026-03-24 12:30:15,617][pcse.crop.phenology.Vernalisation][INFO] - Critical DVS for vernalization (VERNDVS) reached at day 1984-06-18, but vernalization requirements not yet fulfilled. Forcing vernalization now (VERN=47.688571).
[2026-03-24 12:30:15,633][pcse.crop.phenology.Vernalisation][INFO] - Critical DVS for vernalization (VERNDVS) reached at day 1984-06-19, but vernalization requirements not yet fulfilled. Forcing vernalization now (VERN=47.688571).
[2026-03-24 12:30:15,649][pcse.crop.phenology.Vernalisation][INFO] - Critical DVS for vernalization (VERNDVS) reached at day 1984-06-20, but vernalization requirements not yet fulfilled. Forcing vernalization now (VERN=47.688571).
[2026-03-24 12:30:15,665][pcse.crop.phenology.Vernalisation][INFO] - Critical DVS for vernalization (VERNDVS) reached at day 1984-06-21, but vernalization requirements not yet fulfilled. Forcing vernalization now (VERN=47.688571).
[2026-03-24 12:30:15,681][pcse.crop.phenology.Vernalisation][INFO] - Critical DVS for vernalization (VERNDVS) reached at day 1984-06-22, but vernalization requirements not yet fulfilled. Forcing vernalization now (VERN=47.688571).
[2026-03-24 12:30:15,697][pcse.crop.phenology.Vernalisation][INFO] - Critical DVS for vernalization (VERNDVS) reached at day 1984-06-23, but vernalization requirements not yet fulfilled. Forcing vernalization now (VERN=47.688571).
[2026-03-24 12:30:15,712][pcse.crop.phenology.Vernalisation][INFO] - Critical DVS for vernalization (VERNDVS) reached at day 1984-06-24, but vernalization requirements not yet fulfilled. Forcing vernalization now (VERN=47.688571).
[2026-03-24 12:30:15,728][pcse.crop.phenology.Vernalisation][INFO] - Critical DVS for vernalization (VERNDVS) reached at day 1984-06-25, but vernalization requirements not yet fulfilled. Forcing vernalization now (VERN=47.688571).
[2026-03-24 12:30:15,744][pcse.crop.phenology.Vernalisation][INFO] - Critical DVS for vernalization (VERNDVS) reached at day 1984-06-26, but vernalization requirements not yet fulfilled. Forcing vernalization now (VERN=47.688571).
[2026-03-24 12:30:15,760][pcse.crop.phenology.Vernalisation][INFO] - Critical DVS for vernalization (VERNDVS) reached at day 1984-06-27, but vernalization requirements not yet fulfilled. Forcing vernalization now (VERN=47.688571).
[2026-03-24 12:30:15,775][pcse.crop.phenology.Vernalisation][INFO] - Critical DVS for vernalization (VERNDVS) reached at day 1984-06-28, but vernalization requirements not yet fulfilled. Forcing vernalization now (VERN=47.688571).
[2026-03-24 12:30:15,791][pcse.crop.phenology.Vernalisation][INFO] - Critical DVS for vernalization (VERNDVS) reached at day 1984-06-29, but vernalization requirements not yet fulfilled. Forcing vernalization now (VERN=47.688571).
[2026-03-24 12:30:15,791][pcse.crop.phenology.Annual_Phenology][INFO] - Changed phenological stage 'vegetative' to 'reproductive' on 1984-06-29
[2026-03-24 12:30:17,150][pcse.crop.phenology.Annual_Phenology][INFO] - Changed phenological stage 'reproductive' to 'mature' on 1984-09-13
[2026-03-24 12:30:17,414][pcse.base.timer.Timer][INFO] - Reached end of simulation period as specified by END_DATE.
| train          | E: 84 | S: 20244 | R: -0.3884 | TR: 19.8974 | TF: 128 | LR: 0 | NR: 0 | D: 04.3 s | TD: 00.0 s | BR: -0.0000 | ALOSS: 10790.7607 | CLOSS: 1503223.5367 | TLOSS: -203.5536 | TVAL: 0.3452 | AENT: -590.7793 | BCLOSS: 0.0000
[EPISODE DBG] episode=84 step=20244 pred_return=-0.415602 true_return=15.861067 total_feedback=128 labeled_feedback=0
[2026-03-24 12:30:17,421][pcse.agromanager.SoilCalendar][INFO] - Starting soil (oregon) with variation (oregon_1) on day 1984-02-01
[2026-03-24 12:30:17,424][pcse.agromanager.CropCalendar][INFO] - Starting crop (wheat) with variety (wheat_1) on day 1984-02-01
[2026-03-24 12:30:18,866][pcse.crop.phenology.Annual_Phenology][INFO] - Changed phenological stage 'emerging' to 'vegetative' on 1984-04-10
[2026-03-24 12:30:19,692][pcse.crop.phenology.Vernalisation][INFO] - Critical DVS for vernalization (VERNDVS) reached at day 1984-06-02, but vernalization requirements not yet fulfilled. Forcing vernalization now (VERN=47.688571).
[2026-03-24 12:30:19,708][pcse.crop.phenology.Vernalisation][INFO] - Critical DVS for vernalization (VERNDVS) reached at day 1984-06-03, but vernalization requirements not yet fulfilled. Forcing vernalization now (VERN=47.688571).
[2026-03-24 12:30:19,724][pcse.crop.phenology.Vernalisation][INFO] - Critical DVS for vernalization (VERNDVS) reached at day 1984-06-04, but vernalization requirements not yet fulfilled. Forcing vernalization now (VERN=47.688571).
[2026-03-24 12:30:19,739][pcse.crop.phenology.Vernalisation][INFO] - Critical DVS for vernalization (VERNDVS) reached at day 1984-06-05, but vernalization requirements not yet fulfilled. Forcing vernalization now (VERN=47.688571).
[2026-03-24 12:30:19,755][pcse.crop.phenology.Vernalisation][INFO] - Critical DVS for vernalization (VERNDVS) reached at day 1984-06-06, but vernalization requirements not yet fulfilled. Forcing vernalization now (VERN=47.688571).
[2026-03-24 12:30:19,771][pcse.crop.phenology.Vernalisation][INFO] - Critical DVS for vernalization (VERNDVS) reached at day 1984-06-07, but vernalization requirements not yet fulfilled. Forcing vernalization now (VERN=47.688571).
[2026-03-24 12:30:19,787][pcse.crop.phenology.Vernalisation][INFO] - Critical DVS for vernalization (VERNDVS) reached at day 1984-06-08, but vernalization requirements not yet fulfilled. Forcing vernalization now (VERN=47.688571).
[2026-03-24 12:30:19,802][pcse.crop.phenology.Vernalisation][INFO] - Critical DVS for vernalization (VERNDVS) reached at day 1984-06-09, but vernalization requirements not yet fulfilled. Forcing vernalization now (VERN=47.688571).
[2026-03-24 12:30:19,818][pcse.crop.phenology.Vernalisation][INFO] - Critical DVS for vernalization (VERNDVS) reached at day 1984-06-10, but vernalization requirements not yet fulfilled. Forcing vernalization now (VERN=47.688571).
[2026-03-24 12:30:19,834][pcse.crop.phenology.Vernalisation][INFO] - Critical DVS for vernalization (VERNDVS) reached at day 1984-06-11, but vernalization requirements not yet fulfilled. Forcing vernalization now (VERN=47.688571).
[2026-03-24 12:30:19,850][pcse.crop.phenology.Vernalisation][INFO] - Critical DVS for vernalization (VERNDVS) reached at day 1984-06-12, but vernalization requirements not yet fulfilled. Forcing vernalization now (VERN=47.688571).
[2026-03-24 12:30:19,865][pcse.crop.phenology.Vernalisation][INFO] - Critical DVS for vernalization (VERNDVS) reached at day 1984-06-13, but vernalization requirements not yet fulfilled. Forcing vernalization now (VERN=47.688571).
[2026-03-24 12:30:19,881][pcse.crop.phenology.Vernalisation][INFO] - Critical DVS for vernalization (VERNDVS) reached at day 1984-06-14, but vernalization requirements not yet fulfilled. Forcing vernalization now (VERN=47.688571).
[2026-03-24 12:30:19,896][pcse.crop.phenology.Vernalisation][INFO] - Critical DVS for vernalization (VERNDVS) reached at day 1984-06-15, but vernalization requirements not yet fulfilled. Forcing vernalization now (VERN=47.688571).
[2026-03-24 12:30:19,912][pcse.crop.phenology.Vernalisation][INFO] - Critical DVS for vernalization (VERNDVS) reached at day 1984-06-16, but vernalization requirements not yet fulfilled. Forcing vernalization now (VERN=47.688571).
[2026-03-24 12:30:19,928][pcse.crop.phenology.Vernalisation][INFO] - Critical DVS for vernalization (VERNDVS) reached at day 1984-06-17, but vernalization requirements not yet fulfilled. Forcing vernalization now (VERN=47.688571).
[2026-03-24 12:30:19,944][pcse.crop.phenology.Vernalisation][INFO] - Critical DVS for vernalization (VERNDVS) reached at day 1984-06-18, but vernalization requirements not yet fulfilled. Forcing vernalization now (VERN=47.688571).
[2026-03-24 12:30:19,959][pcse.crop.phenology.Vernalisation][INFO] - Critical DVS for vernalization (VERNDVS) reached at day 1984-06-19, but vernalization requirements not yet fulfilled. Forcing vernalization now (VERN=47.688571).
[2026-03-24 12:30:19,975][pcse.crop.phenology.Vernalisation][INFO] - Critical DVS for vernalization (VERNDVS) reached at day 1984-06-20, but vernalization requirements not yet fulfilled. Forcing vernalization now (VERN=47.688571).
[2026-03-24 12:30:19,991][pcse.crop.phenology.Vernalisation][INFO] - Critical DVS for vernalization (VERNDVS) reached at day 1984-06-21, but vernalization requirements not yet fulfilled. Forcing vernalization now (VERN=47.688571).
[2026-03-24 12:30:20,006][pcse.crop.phenology.Vernalisation][INFO] - Critical DVS for vernalization (VERNDVS) reached at day 1984-06-22, but vernalization requirements not yet fulfilled. Forcing vernalization now (VERN=47.688571).
[2026-03-24 12:30:20,022][pcse.crop.phenology.Vernalisation][INFO] - Critical DVS for vernalization (VERNDVS) reached at day 1984-06-23, but vernalization requirements not yet fulfilled. Forcing vernalization now (VERN=47.688571).
[2026-03-24 12:30:20,038][pcse.crop.phenology.Vernalisation][INFO] - Critical DVS for vernalization (VERNDVS) reached at day 1984-06-24, but vernalization requirements not yet fulfilled. Forcing vernalization now (VERN=47.688571).
[2026-03-24 12:30:20,054][pcse.crop.phenology.Vernalisation][INFO] - Critical DVS for vernalization (VERNDVS) reached at day 1984-06-25, but vernalization requirements not yet fulfilled. Forcing vernalization now (VERN=47.688571).
[2026-03-24 12:30:20,070][pcse.crop.phenology.Vernalisation][INFO] - Critical DVS for vernalization (VERNDVS) reached at day 1984-06-26, but vernalization requirements not yet fulfilled. Forcing vernalization now (VERN=47.688571).
[2026-03-24 12:30:20,085][pcse.crop.phenology.Vernalisation][INFO] - Critical DVS for vernalization (VERNDVS) reached at day 1984-06-27, but vernalization requirements not yet fulfilled. Forcing vernalization now (VERN=47.688571).
[2026-03-24 12:30:20,101][pcse.crop.phenology.Vernalisation][INFO] - Critical DVS for vernalization (VERNDVS) reached at day 1984-06-28, but vernalization requirements not yet fulfilled. Forcing vernalization now (VERN=47.688571).
[2026-03-24 12:30:20,117][pcse.crop.phenology.Vernalisation][INFO] - Critical DVS for vernalization (VERNDVS) reached at day 1984-06-29, but vernalization requirements not yet fulfilled. Forcing vernalization now (VERN=47.688571).
[2026-03-24 12:30:20,117][pcse.crop.phenology.Annual_Phenology][INFO] - Changed phenological stage 'vegetative' to 'reproductive' on 1984-06-29
[2026-03-24 12:30:21,469][pcse.crop.phenology.Annual_Phenology][INFO] - Changed phenological stage 'reproductive' to 'mature' on 1984-09-13
[2026-03-24 12:30:21,734][pcse.base.timer.Timer][INFO] - Reached end of simulation period as specified by END_DATE.
| train          | E: 85 | S: 20485 | R: -0.4156 | TR: 15.8611 | TF: 128 | LR: 0 | NR: 0 | D: 04.3 s | TD: 00.0 s | BR: -0.0001 | ALOSS: 10832.1495 | CLOSS: 1531025.9756 | TLOSS: -205.8933 | TVAL: 0.3520 | AENT: -586.0354 | BCLOSS: 0.0000
[EPISODE DBG] episode=85 step=20485 pred_return=-0.362926 true_return=12.083472 total_feedback=128 labeled_feedback=0
[2026-03-24 12:30:21,741][pcse.agromanager.SoilCalendar][INFO] - Starting soil (oregon) with variation (oregon_1) on day 1984-02-01
[2026-03-24 12:30:21,743][pcse.agromanager.CropCalendar][INFO] - Starting crop (wheat) with variety (wheat_1) on day 1984-02-01
[REPLAY DBG] post-agent-update step=20500 n=20500 mean=-0.000071 std=0.007556 min=-0.043908 max=0.028845
[STEP DBG] step=20500 env_reward=0.000000 r_hat=0.006763 done=False
[NORM DBG] count=20500 mean_abs_mean=62552.308594 mean_std=136.500549 min_std=0.001000 max_std=1779.814575
[2026-03-24 12:30:23,126][pcse.crop.phenology.Annual_Phenology][INFO] - Changed phenological stage 'emerging' to 'vegetative' on 1984-04-10
[2026-03-24 12:30:24,126][pcse.crop.phenology.Vernalisation][INFO] - Critical DVS for vernalization (VERNDVS) reached at day 1984-06-02, but vernalization requirements not yet fulfilled. Forcing vernalization now (VERN=47.688571).
[2026-03-24 12:30:24,141][pcse.crop.phenology.Vernalisation][INFO] - Critical DVS for vernalization (VERNDVS) reached at day 1984-06-03, but vernalization requirements not yet fulfilled. Forcing vernalization now (VERN=47.688571).
[2026-03-24 12:30:24,157][pcse.crop.phenology.Vernalisation][INFO] - Critical DVS for vernalization (VERNDVS) reached at day 1984-06-04, but vernalization requirements not yet fulfilled. Forcing vernalization now (VERN=47.688571).
[2026-03-24 12:30:24,173][pcse.crop.phenology.Vernalisation][INFO] - Critical DVS for vernalization (VERNDVS) reached at day 1984-06-05, but vernalization requirements not yet fulfilled. Forcing vernalization now (VERN=47.688571).
[2026-03-24 12:30:24,188][pcse.crop.phenology.Vernalisation][INFO] - Critical DVS for vernalization (VERNDVS) reached at day 1984-06-06, but vernalization requirements not yet fulfilled. Forcing vernalization now (VERN=47.688571).
[2026-03-24 12:30:24,204][pcse.crop.phenology.Vernalisation][INFO] - Critical DVS for vernalization (VERNDVS) reached at day 1984-06-07, but vernalization requirements not yet fulfilled. Forcing vernalization now (VERN=47.688571).
[2026-03-24 12:30:24,220][pcse.crop.phenology.Vernalisation][INFO] - Critical DVS for vernalization (VERNDVS) reached at day 1984-06-08, but vernalization requirements not yet fulfilled. Forcing vernalization now (VERN=47.688571).
[2026-03-24 12:30:24,236][pcse.crop.phenology.Vernalisation][INFO] - Critical DVS for vernalization (VERNDVS) reached at day 1984-06-09, but vernalization requirements not yet fulfilled. Forcing vernalization now (VERN=47.688571).
[2026-03-24 12:30:24,252][pcse.crop.phenology.Vernalisation][INFO] - Critical DVS for vernalization (VERNDVS) reached at day 1984-06-10, but vernalization requirements not yet fulfilled. Forcing vernalization now (VERN=47.688571).
[2026-03-24 12:30:24,267][pcse.crop.phenology.Vernalisation][INFO] - Critical DVS for vernalization (VERNDVS) reached at day 1984-06-11, but vernalization requirements not yet fulfilled. Forcing vernalization now (VERN=47.688571).
[2026-03-24 12:30:24,283][pcse.crop.phenology.Vernalisation][INFO] - Critical DVS for vernalization (VERNDVS) reached at day 1984-06-12, but vernalization requirements not yet fulfilled. Forcing vernalization now (VERN=47.688571).
[2026-03-24 12:30:24,299][pcse.crop.phenology.Vernalisation][INFO] - Critical DVS for vernalization (VERNDVS) reached at day 1984-06-13, but vernalization requirements not yet fulfilled. Forcing vernalization now (VERN=47.688571).
[2026-03-24 12:30:24,314][pcse.crop.phenology.Vernalisation][INFO] - Critical DVS for vernalization (VERNDVS) reached at day 1984-06-14, but vernalization requirements not yet fulfilled. Forcing vernalization now (VERN=47.688571).
[2026-03-24 12:30:24,330][pcse.crop.phenology.Vernalisation][INFO] - Critical DVS for vernalization (VERNDVS) reached at day 1984-06-15, but vernalization requirements not yet fulfilled. Forcing vernalization now (VERN=47.688571).
[2026-03-24 12:30:43,945][pcse.crop.phenology.Vernalisation][INFO] - Critical DVS for vernalization (VERNDVS) reached at day 1984-06-16, but vernalization requirements not yet fulfilled. Forcing vernalization now (VERN=47.688571).
[2026-03-24 12:30:43,968][pcse.crop.phenology.Vernalisation][INFO] - Critical DVS for vernalization (VERNDVS) reached at day 1984-06-17, but vernalization requirements not yet fulfilled. Forcing vernalization now (VERN=47.688571).
[2026-03-24 12:30:43,990][pcse.crop.phenology.Vernalisation][INFO] - Critical DVS for vernalization (VERNDVS) reached at day 1984-06-18, but vernalization requirements not yet fulfilled. Forcing vernalization now (VERN=47.688571).
[2026-03-24 12:30:44,013][pcse.crop.phenology.Vernalisation][INFO] - Critical DVS for vernalization (VERNDVS) reached at day 1984-06-19, but vernalization requirements not yet fulfilled. Forcing vernalization now (VERN=47.688571).
[2026-03-24 12:30:44,034][pcse.crop.phenology.Vernalisation][INFO] - Critical DVS for vernalization (VERNDVS) reached at day 1984-06-20, but vernalization requirements not yet fulfilled. Forcing vernalization now (VERN=47.688571).
[2026-03-24 12:30:44,056][pcse.crop.phenology.Vernalisation][INFO] - Critical DVS for vernalization (VERNDVS) reached at day 1984-06-21, but vernalization requirements not yet fulfilled. Forcing vernalization now (VERN=47.688571).
[2026-03-24 12:30:44,077][pcse.crop.phenology.Vernalisation][INFO] - Critical DVS for vernalization (VERNDVS) reached at day 1984-06-22, but vernalization requirements not yet fulfilled. Forcing vernalization now (VERN=47.688571).
[2026-03-24 12:30:44,099][pcse.crop.phenology.Vernalisation][INFO] - Critical DVS for vernalization (VERNDVS) reached at day 1984-06-23, but vernalization requirements not yet fulfilled. Forcing vernalization now (VERN=47.688571).
[2026-03-24 12:30:44,120][pcse.crop.phenology.Vernalisation][INFO] - Critical DVS for vernalization (VERNDVS) reached at day 1984-06-24, but vernalization requirements not yet fulfilled. Forcing vernalization now (VERN=47.688571).
[2026-03-24 12:30:44,143][pcse.crop.phenology.Vernalisation][INFO] - Critical DVS for vernalization (VERNDVS) reached at day 1984-06-25, but vernalization requirements not yet fulfilled. Forcing vernalization now (VERN=47.688571).
[2026-03-24 12:30:44,166][pcse.crop.phenology.Vernalisation][INFO] - Critical DVS for vernalization (VERNDVS) reached at day 1984-06-26, but vernalization requirements not yet fulfilled. Forcing vernalization now (VERN=47.688571).
[2026-03-24 12:30:44,188][pcse.crop.phenology.Vernalisation][INFO] - Critical DVS for vernalization (VERNDVS) reached at day 1984-06-27, but vernalization requirements not yet fulfilled. Forcing vernalization now (VERN=47.688571).
[2026-03-24 12:30:44,209][pcse.crop.phenology.Vernalisation][INFO] - Critical DVS for vernalization (VERNDVS) reached at day 1984-06-28, but vernalization requirements not yet fulfilled. Forcing vernalization now (VERN=47.688571).
[2026-03-24 12:30:44,230][pcse.crop.phenology.Vernalisation][INFO] - Critical DVS for vernalization (VERNDVS) reached at day 1984-06-29, but vernalization requirements not yet fulfilled. Forcing vernalization now (VERN=47.688571).
[2026-03-24 12:30:44,230][pcse.crop.phenology.Annual_Phenology][INFO] - Changed phenological stage 'vegetative' to 'reproductive' on 1984-06-29
[2026-03-24 12:30:46,000][pcse.crop.phenology.Annual_Phenology][INFO] - Changed phenological stage 'reproductive' to 'mature' on 1984-09-13
[2026-03-24 12:30:46,353][pcse.base.timer.Timer][INFO] - Reached end of simulation period as specified by END_DATE.
| train          | E: 86 | S: 20726 | R: -0.3629 | TR: 12.0835 | TF: 128 | LR: 0 | NR: 0 | D: 24.6 s | TD: 00.0 s | BR: -0.0001 | ALOSS: 10894.5154 | CLOSS: 1494114.4811 | TLOSS: -206.4673 | TVAL: 0.3588 | AENT: -576.3761 | BCLOSS: 0.0000
[EPISODE DBG] episode=86 step=20726 pred_return=-0.368819 true_return=20.711114 total_feedback=128 labeled_feedback=0
[2026-03-24 12:30:46,361][pcse.agromanager.SoilCalendar][INFO] - Starting soil (oregon) with variation (oregon_1) on day 1984-02-01
[2026-03-24 12:30:46,363][pcse.agromanager.CropCalendar][INFO] - Starting crop (wheat) with variety (wheat_1) on day 1984-02-01
[2026-03-24 12:30:47,899][pcse.crop.phenology.Annual_Phenology][INFO] - Changed phenological stage 'emerging' to 'vegetative' on 1984-04-10
[2026-03-24 12:30:49,211][pcse.crop.phenology.Vernalisation][INFO] - Critical DVS for vernalization (VERNDVS) reached at day 1984-06-02, but vernalization requirements not yet fulfilled. Forcing vernalization now (VERN=47.688571).
[2026-03-24 12:30:49,231][pcse.crop.phenology.Vernalisation][INFO] - Critical DVS for vernalization (VERNDVS) reached at day 1984-06-03, but vernalization requirements not yet fulfilled. Forcing vernalization now (VERN=47.688571).
[2026-03-24 12:30:49,251][pcse.crop.phenology.Vernalisation][INFO] - Critical DVS for vernalization (VERNDVS) reached at day 1984-06-04, but vernalization requirements not yet fulfilled. Forcing vernalization now (VERN=47.688571).
[2026-03-24 12:30:49,272][pcse.crop.phenology.Vernalisation][INFO] - Critical DVS for vernalization (VERNDVS) reached at day 1984-06-05, but vernalization requirements not yet fulfilled. Forcing vernalization now (VERN=47.688571).
[2026-03-24 12:30:49,292][pcse.crop.phenology.Vernalisation][INFO] - Critical DVS for vernalization (VERNDVS) reached at day 1984-06-06, but vernalization requirements not yet fulfilled. Forcing vernalization now (VERN=47.688571).
[2026-03-24 12:30:49,313][pcse.crop.phenology.Vernalisation][INFO] - Critical DVS for vernalization (VERNDVS) reached at day 1984-06-07, but vernalization requirements not yet fulfilled. Forcing vernalization now (VERN=47.688571).
[2026-03-24 12:30:49,335][pcse.crop.phenology.Vernalisation][INFO] - Critical DVS for vernalization (VERNDVS) reached at day 1984-06-08, but vernalization requirements not yet fulfilled. Forcing vernalization now (VERN=47.688571).
[2026-03-24 12:30:49,355][pcse.crop.phenology.Vernalisation][INFO] - Critical DVS for vernalization (VERNDVS) reached at day 1984-06-09, but vernalization requirements not yet fulfilled. Forcing vernalization now (VERN=47.688571).
[2026-03-24 12:30:49,375][pcse.crop.phenology.Vernalisation][INFO] - Critical DVS for vernalization (VERNDVS) reached at day 1984-06-10, but vernalization requirements not yet fulfilled. Forcing vernalization now (VERN=47.688571).
[2026-03-24 12:30:49,396][pcse.crop.phenology.Vernalisation][INFO] - Critical DVS for vernalization (VERNDVS) reached at day 1984-06-11, but vernalization requirements not yet fulfilled. Forcing vernalization now (VERN=47.688571).
[2026-03-24 12:30:49,417][pcse.crop.phenology.Vernalisation][INFO] - Critical DVS for vernalization (VERNDVS) reached at day 1984-06-12, but vernalization requirements not yet fulfilled. Forcing vernalization now (VERN=47.688571).
[2026-03-24 12:30:49,437][pcse.crop.phenology.Vernalisation][INFO] - Critical DVS for vernalization (VERNDVS) reached at day 1984-06-13, but vernalization requirements not yet fulfilled. Forcing vernalization now (VERN=47.688571).
[2026-03-24 12:30:49,459][pcse.crop.phenology.Vernalisation][INFO] - Critical DVS for vernalization (VERNDVS) reached at day 1984-06-14, but vernalization requirements not yet fulfilled. Forcing vernalization now (VERN=47.688571).
[2026-03-24 12:30:49,479][pcse.crop.phenology.Vernalisation][INFO] - Critical DVS for vernalization (VERNDVS) reached at day 1984-06-15, but vernalization requirements not yet fulfilled. Forcing vernalization now (VERN=47.688571).
[2026-03-24 12:30:49,500][pcse.crop.phenology.Vernalisation][INFO] - Critical DVS for vernalization (VERNDVS) reached at day 1984-06-16, but vernalization requirements not yet fulfilled. Forcing vernalization now (VERN=47.688571).
[2026-03-24 12:30:49,521][pcse.crop.phenology.Vernalisation][INFO] - Critical DVS for vernalization (VERNDVS) reached at day 1984-06-17, but vernalization requirements not yet fulfilled. Forcing vernalization now (VERN=47.688571).
[2026-03-24 12:30:49,541][pcse.crop.phenology.Vernalisation][INFO] - Critical DVS for vernalization (VERNDVS) reached at day 1984-06-18, but vernalization requirements not yet fulfilled. Forcing vernalization now (VERN=47.688571).
[2026-03-24 12:30:49,563][pcse.crop.phenology.Vernalisation][INFO] - Critical DVS for vernalization (VERNDVS) reached at day 1984-06-19, but vernalization requirements not yet fulfilled. Forcing vernalization now (VERN=47.688571).
[2026-03-24 12:30:49,584][pcse.crop.phenology.Vernalisation][INFO] - Critical DVS for vernalization (VERNDVS) reached at day 1984-06-20, but vernalization requirements not yet fulfilled. Forcing vernalization now (VERN=47.688571).
[2026-03-24 12:30:49,605][pcse.crop.phenology.Vernalisation][INFO] - Critical DVS for vernalization (VERNDVS) reached at day 1984-06-21, but vernalization requirements not yet fulfilled. Forcing vernalization now (VERN=47.688571).
[2026-03-24 12:30:49,627][pcse.crop.phenology.Vernalisation][INFO] - Critical DVS for vernalization (VERNDVS) reached at day 1984-06-22, but vernalization requirements not yet fulfilled. Forcing vernalization now (VERN=47.688571).
[2026-03-24 12:30:49,647][pcse.crop.phenology.Vernalisation][INFO] - Critical DVS for vernalization (VERNDVS) reached at day 1984-06-23, but vernalization requirements not yet fulfilled. Forcing vernalization now (VERN=47.688571).
[2026-03-24 12:30:49,668][pcse.crop.phenology.Vernalisation][INFO] - Critical DVS for vernalization (VERNDVS) reached at day 1984-06-24, but vernalization requirements not yet fulfilled. Forcing vernalization now (VERN=47.688571).
[2026-03-24 12:30:49,688][pcse.crop.phenology.Vernalisation][INFO] - Critical DVS for vernalization (VERNDVS) reached at day 1984-06-25, but vernalization requirements not yet fulfilled. Forcing vernalization now (VERN=47.688571).
[2026-03-24 12:30:49,708][pcse.crop.phenology.Vernalisation][INFO] - Critical DVS for vernalization (VERNDVS) reached at day 1984-06-26, but vernalization requirements not yet fulfilled. Forcing vernalization now (VERN=47.688571).
[2026-03-24 12:30:49,729][pcse.crop.phenology.Vernalisation][INFO] - Critical DVS for vernalization (VERNDVS) reached at day 1984-06-27, but vernalization requirements not yet fulfilled. Forcing vernalization now (VERN=47.688571).
[2026-03-24 12:30:49,750][pcse.crop.phenology.Vernalisation][INFO] - Critical DVS for vernalization (VERNDVS) reached at day 1984-06-28, but vernalization requirements not yet fulfilled. Forcing vernalization now (VERN=47.688571).
[2026-03-24 12:30:49,772][pcse.crop.phenology.Vernalisation][INFO] - Critical DVS for vernalization (VERNDVS) reached at day 1984-06-29, but vernalization requirements not yet fulfilled. Forcing vernalization now (VERN=47.688571).
[2026-03-24 12:30:49,772][pcse.crop.phenology.Annual_Phenology][INFO] - Changed phenological stage 'vegetative' to 'reproductive' on 1984-06-29
[2026-03-24 12:30:51,598][pcse.crop.phenology.Annual_Phenology][INFO] - Changed phenological stage 'reproductive' to 'mature' on 1984-09-13
[2026-03-24 12:30:51,952][pcse.base.timer.Timer][INFO] - Reached end of simulation period as specified by END_DATE.
| train          | E: 87 | S: 20967 | R: -0.3688 | TR: 20.7111 | TF: 128 | LR: 0 | NR: 0 | D: 05.6 s | TD: 00.0 s | BR: -0.0001 | ALOSS: 10925.2922 | CLOSS: 1417612.7339 | TLOSS: -205.7633 | TVAL: 0.3658 | AENT: -563.4549 | BCLOSS: 0.0000
[EPISODE DBG] episode=87 step=20967 pred_return=-0.395016 true_return=19.897423 total_feedback=128 labeled_feedback=0
[2026-03-24 12:30:51,960][pcse.agromanager.SoilCalendar][INFO] - Starting soil (oregon) with variation (oregon_1) on day 1984-02-01
[2026-03-24 12:30:51,963][pcse.agromanager.CropCalendar][INFO] - Starting crop (wheat) with variety (wheat_1) on day 1984-02-01
[REPLAY DBG] post-agent-update step=21000 n=21000 mean=-0.000103 std=0.007540 min=-0.043908 max=0.028845
[STEP DBG] step=21000 env_reward=0.000000 r_hat=0.002889 done=False
[NORM DBG] count=21000 mean_abs_mean=62551.468750 mean_std=135.104889 min_std=0.001000 max_std=1759.966797
[2026-03-24 12:30:53,730][pcse.crop.phenology.Annual_Phenology][INFO] - Changed phenological stage 'emerging' to 'vegetative' on 1984-04-10
[2026-03-24 12:30:54,818][pcse.crop.phenology.Vernalisation][INFO] - Critical DVS for vernalization (VERNDVS) reached at day 1984-06-02, but vernalization requirements not yet fulfilled. Forcing vernalization now (VERN=47.688571).
[2026-03-24 12:30:54,838][pcse.crop.phenology.Vernalisation][INFO] - Critical DVS for vernalization (VERNDVS) reached at day 1984-06-03, but vernalization requirements not yet fulfilled. Forcing vernalization now (VERN=47.688571).
[2026-03-24 12:30:54,859][pcse.crop.phenology.Vernalisation][INFO] - Critical DVS for vernalization (VERNDVS) reached at day 1984-06-04, but vernalization requirements not yet fulfilled. Forcing vernalization now (VERN=47.688571).
[2026-03-24 12:30:54,879][pcse.crop.phenology.Vernalisation][INFO] - Critical DVS for vernalization (VERNDVS) reached at day 1984-06-05, but vernalization requirements not yet fulfilled. Forcing vernalization now (VERN=47.688571).
[2026-03-24 12:30:54,901][pcse.crop.phenology.Vernalisation][INFO] - Critical DVS for vernalization (VERNDVS) reached at day 1984-06-06, but vernalization requirements not yet fulfilled. Forcing vernalization now (VERN=47.688571).
[2026-03-24 12:30:54,921][pcse.crop.phenology.Vernalisation][INFO] - Critical DVS for vernalization (VERNDVS) reached at day 1984-06-07, but vernalization requirements not yet fulfilled. Forcing vernalization now (VERN=47.688571).
[2026-03-24 12:30:54,942][pcse.crop.phenology.Vernalisation][INFO] - Critical DVS for vernalization (VERNDVS) reached at day 1984-06-08, but vernalization requirements not yet fulfilled. Forcing vernalization now (VERN=47.688571).
[2026-03-24 12:30:54,962][pcse.crop.phenology.Vernalisation][INFO] - Critical DVS for vernalization (VERNDVS) reached at day 1984-06-09, but vernalization requirements not yet fulfilled. Forcing vernalization now (VERN=47.688571).
[2026-03-24 12:30:54,982][pcse.crop.phenology.Vernalisation][INFO] - Critical DVS for vernalization (VERNDVS) reached at day 1984-06-10, but vernalization requirements not yet fulfilled. Forcing vernalization now (VERN=47.688571).
[2026-03-24 12:30:55,003][pcse.crop.phenology.Vernalisation][INFO] - Critical DVS for vernalization (VERNDVS) reached at day 1984-06-11, but vernalization requirements not yet fulfilled. Forcing vernalization now (VERN=47.688571).
[2026-03-24 12:30:55,022][pcse.crop.phenology.Vernalisation][INFO] - Critical DVS for vernalization (VERNDVS) reached at day 1984-06-12, but vernalization requirements not yet fulfilled. Forcing vernalization now (VERN=47.688571).
[2026-03-24 12:30:55,043][pcse.crop.phenology.Vernalisation][INFO] - Critical DVS for vernalization (VERNDVS) reached at day 1984-06-13, but vernalization requirements not yet fulfilled. Forcing vernalization now (VERN=47.688571).
[2026-03-24 12:30:55,063][pcse.crop.phenology.Vernalisation][INFO] - Critical DVS for vernalization (VERNDVS) reached at day 1984-06-14, but vernalization requirements not yet fulfilled. Forcing vernalization now (VERN=47.688571).
[2026-03-24 12:30:55,274][pcse.crop.phenology.Vernalisation][INFO] - Critical DVS for vernalization (VERNDVS) reached at day 1984-06-15, but vernalization requirements not yet fulfilled. Forcing vernalization now (VERN=47.688571).
[2026-03-24 12:30:55,295][pcse.crop.phenology.Vernalisation][INFO] - Critical DVS for vernalization (VERNDVS) reached at day 1984-06-16, but vernalization requirements not yet fulfilled. Forcing vernalization now (VERN=47.688571).
[2026-03-24 12:30:55,317][pcse.crop.phenology.Vernalisation][INFO] - Critical DVS for vernalization (VERNDVS) reached at day 1984-06-17, but vernalization requirements not yet fulfilled. Forcing vernalization now (VERN=47.688571).
[2026-03-24 12:30:55,338][pcse.crop.phenology.Vernalisation][INFO] - Critical DVS for vernalization (VERNDVS) reached at day 1984-06-18, but vernalization requirements not yet fulfilled. Forcing vernalization now (VERN=47.688571).
[2026-03-24 12:30:55,360][pcse.crop.phenology.Vernalisation][INFO] - Critical DVS for vernalization (VERNDVS) reached at day 1984-06-19, but vernalization requirements not yet fulfilled. Forcing vernalization now (VERN=47.688571).
[2026-03-24 12:30:55,380][pcse.crop.phenology.Vernalisation][INFO] - Critical DVS for vernalization (VERNDVS) reached at day 1984-06-20, but vernalization requirements not yet fulfilled. Forcing vernalization now (VERN=47.688571).
[2026-03-24 12:30:55,401][pcse.crop.phenology.Vernalisation][INFO] - Critical DVS for vernalization (VERNDVS) reached at day 1984-06-21, but vernalization requirements not yet fulfilled. Forcing vernalization now (VERN=47.688571).
[2026-03-24 12:30:55,421][pcse.crop.phenology.Vernalisation][INFO] - Critical DVS for vernalization (VERNDVS) reached at day 1984-06-22, but vernalization requirements not yet fulfilled. Forcing vernalization now (VERN=47.688571).
[2026-03-24 12:30:55,442][pcse.crop.phenology.Vernalisation][INFO] - Critical DVS for vernalization (VERNDVS) reached at day 1984-06-23, but vernalization requirements not yet fulfilled. Forcing vernalization now (VERN=47.688571).
[2026-03-24 12:30:55,462][pcse.crop.phenology.Vernalisation][INFO] - Critical DVS for vernalization (VERNDVS) reached at day 1984-06-24, but vernalization requirements not yet fulfilled. Forcing vernalization now (VERN=47.688571).
[2026-03-24 12:30:55,482][pcse.crop.phenology.Vernalisation][INFO] - Critical DVS for vernalization (VERNDVS) reached at day 1984-06-25, but vernalization requirements not yet fulfilled. Forcing vernalization now (VERN=47.688571).
[2026-03-24 12:30:55,502][pcse.crop.phenology.Vernalisation][INFO] - Critical DVS for vernalization (VERNDVS) reached at day 1984-06-26, but vernalization requirements not yet fulfilled. Forcing vernalization now (VERN=47.688571).
[2026-03-24 12:30:55,523][pcse.crop.phenology.Vernalisation][INFO] - Critical DVS for vernalization (VERNDVS) reached at day 1984-06-27, but vernalization requirements not yet fulfilled. Forcing vernalization now (VERN=47.688571).
[2026-03-24 12:30:55,544][pcse.crop.phenology.Vernalisation][INFO] - Critical DVS for vernalization (VERNDVS) reached at day 1984-06-28, but vernalization requirements not yet fulfilled. Forcing vernalization now (VERN=47.688571).
[2026-03-24 12:30:55,564][pcse.crop.phenology.Vernalisation][INFO] - Critical DVS for vernalization (VERNDVS) reached at day 1984-06-29, but vernalization requirements not yet fulfilled. Forcing vernalization now (VERN=47.688571).
[2026-03-24 12:30:55,565][pcse.crop.phenology.Annual_Phenology][INFO] - Changed phenological stage 'vegetative' to 'reproductive' on 1984-06-29
[2026-03-24 12:30:57,119][pcse.crop.phenology.Annual_Phenology][INFO] - Changed phenological stage 'reproductive' to 'mature' on 1984-09-13
[2026-03-24 12:30:57,702][pcse.base.timer.Timer][INFO] - Reached end of simulation period as specified by END_DATE.
| train          | E: 88 | S: 21208 | R: -0.3950 | TR: 19.8974 | TF: 128 | LR: 0 | NR: 0 | D: 05.7 s | TD: 00.0 s | BR: -0.0001 | ALOSS: 10969.4776 | CLOSS: 1468148.2907 | TLOSS: -206.0794 | TVAL: 0.3729 | AENT: -553.6070 | BCLOSS: 0.0000
[EPISODE DBG] episode=88 step=21208 pred_return=-0.420297 true_return=15.861067 total_feedback=128 labeled_feedback=0
[2026-03-24 12:30:57,710][pcse.agromanager.SoilCalendar][INFO] - Starting soil (oregon) with variation (oregon_1) on day 1984-02-01
[2026-03-24 12:30:57,712][pcse.agromanager.CropCalendar][INFO] - Starting crop (wheat) with variety (wheat_1) on day 1984-02-01
[2026-03-24 12:30:59,299][pcse.crop.phenology.Annual_Phenology][INFO] - Changed phenological stage 'emerging' to 'vegetative' on 1984-04-10
[2026-03-24 12:31:00,636][pcse.crop.phenology.Vernalisation][INFO] - Critical DVS for vernalization (VERNDVS) reached at day 1984-06-02, but vernalization requirements not yet fulfilled. Forcing vernalization now (VERN=47.688571).
[2026-03-24 12:31:00,656][pcse.crop.phenology.Vernalisation][INFO] - Critical DVS for vernalization (VERNDVS) reached at day 1984-06-03, but vernalization requirements not yet fulfilled. Forcing vernalization now (VERN=47.688571).
[2026-03-24 12:31:00,676][pcse.crop.phenology.Vernalisation][INFO] - Critical DVS for vernalization (VERNDVS) reached at day 1984-06-04, but vernalization requirements not yet fulfilled. Forcing vernalization now (VERN=47.688571).
[2026-03-24 12:31:00,697][pcse.crop.phenology.Vernalisation][INFO] - Critical DVS for vernalization (VERNDVS) reached at day 1984-06-05, but vernalization requirements not yet fulfilled. Forcing vernalization now (VERN=47.688571).
[2026-03-24 12:31:00,718][pcse.crop.phenology.Vernalisation][INFO] - Critical DVS for vernalization (VERNDVS) reached at day 1984-06-06, but vernalization requirements not yet fulfilled. Forcing vernalization now (VERN=47.688571).
[2026-03-24 12:31:00,738][pcse.crop.phenology.Vernalisation][INFO] - Critical DVS for vernalization (VERNDVS) reached at day 1984-06-07, but vernalization requirements not yet fulfilled. Forcing vernalization now (VERN=47.688571).
[2026-03-24 12:31:00,758][pcse.crop.phenology.Vernalisation][INFO] - Critical DVS for vernalization (VERNDVS) reached at day 1984-06-08, but vernalization requirements not yet fulfilled. Forcing vernalization now (VERN=47.688571).
[2026-03-24 12:31:00,778][pcse.crop.phenology.Vernalisation][INFO] - Critical DVS for vernalization (VERNDVS) reached at day 1984-06-09, but vernalization requirements not yet fulfilled. Forcing vernalization now (VERN=47.688571).
[2026-03-24 12:31:00,798][pcse.crop.phenology.Vernalisation][INFO] - Critical DVS for vernalization (VERNDVS) reached at day 1984-06-10, but vernalization requirements not yet fulfilled. Forcing vernalization now (VERN=47.688571).
[2026-03-24 12:31:00,818][pcse.crop.phenology.Vernalisation][INFO] - Critical DVS for vernalization (VERNDVS) reached at day 1984-06-11, but vernalization requirements not yet fulfilled. Forcing vernalization now (VERN=47.688571).
[2026-03-24 12:31:00,838][pcse.crop.phenology.Vernalisation][INFO] - Critical DVS for vernalization (VERNDVS) reached at day 1984-06-12, but vernalization requirements not yet fulfilled. Forcing vernalization now (VERN=47.688571).
[2026-03-24 12:31:00,859][pcse.crop.phenology.Vernalisation][INFO] - Critical DVS for vernalization (VERNDVS) reached at day 1984-06-13, but vernalization requirements not yet fulfilled. Forcing vernalization now (VERN=47.688571).
[2026-03-24 12:31:00,879][pcse.crop.phenology.Vernalisation][INFO] - Critical DVS for vernalization (VERNDVS) reached at day 1984-06-14, but vernalization requirements not yet fulfilled. Forcing vernalization now (VERN=47.688571).
[2026-03-24 12:31:00,899][pcse.crop.phenology.Vernalisation][INFO] - Critical DVS for vernalization (VERNDVS) reached at day 1984-06-15, but vernalization requirements not yet fulfilled. Forcing vernalization now (VERN=47.688571).
[2026-03-24 12:31:00,920][pcse.crop.phenology.Vernalisation][INFO] - Critical DVS for vernalization (VERNDVS) reached at day 1984-06-16, but vernalization requirements not yet fulfilled. Forcing vernalization now (VERN=47.688571).
[2026-03-24 12:31:00,940][pcse.crop.phenology.Vernalisation][INFO] - Critical DVS for vernalization (VERNDVS) reached at day 1984-06-17, but vernalization requirements not yet fulfilled. Forcing vernalization now (VERN=47.688571).
[2026-03-24 12:31:00,961][pcse.crop.phenology.Vernalisation][INFO] - Critical DVS for vernalization (VERNDVS) reached at day 1984-06-18, but vernalization requirements not yet fulfilled. Forcing vernalization now (VERN=47.688571).
[2026-03-24 12:31:00,980][pcse.crop.phenology.Vernalisation][INFO] - Critical DVS for vernalization (VERNDVS) reached at day 1984-06-19, but vernalization requirements not yet fulfilled. Forcing vernalization now (VERN=47.688571).
[2026-03-24 12:31:01,000][pcse.crop.phenology.Vernalisation][INFO] - Critical DVS for vernalization (VERNDVS) reached at day 1984-06-20, but vernalization requirements not yet fulfilled. Forcing vernalization now (VERN=47.688571).
[2026-03-24 12:31:01,021][pcse.crop.phenology.Vernalisation][INFO] - Critical DVS for vernalization (VERNDVS) reached at day 1984-06-21, but vernalization requirements not yet fulfilled. Forcing vernalization now (VERN=47.688571).
[2026-03-24 12:31:01,041][pcse.crop.phenology.Vernalisation][INFO] - Critical DVS for vernalization (VERNDVS) reached at day 1984-06-22, but vernalization requirements not yet fulfilled. Forcing vernalization now (VERN=47.688571).
[2026-03-24 12:31:01,061][pcse.crop.phenology.Vernalisation][INFO] - Critical DVS for vernalization (VERNDVS) reached at day 1984-06-23, but vernalization requirements not yet fulfilled. Forcing vernalization now (VERN=47.688571).
[2026-03-24 12:31:01,081][pcse.crop.phenology.Vernalisation][INFO] - Critical DVS for vernalization (VERNDVS) reached at day 1984-06-24, but vernalization requirements not yet fulfilled. Forcing vernalization now (VERN=47.688571).
[2026-03-24 12:31:01,101][pcse.crop.phenology.Vernalisation][INFO] - Critical DVS for vernalization (VERNDVS) reached at day 1984-06-25, but vernalization requirements not yet fulfilled. Forcing vernalization now (VERN=47.688571).
[2026-03-24 12:31:01,122][pcse.crop.phenology.Vernalisation][INFO] - Critical DVS for vernalization (VERNDVS) reached at day 1984-06-26, but vernalization requirements not yet fulfilled. Forcing vernalization now (VERN=47.688571).
[2026-03-24 12:31:01,143][pcse.crop.phenology.Vernalisation][INFO] - Critical DVS for vernalization (VERNDVS) reached at day 1984-06-27, but vernalization requirements not yet fulfilled. Forcing vernalization now (VERN=47.688571).
[2026-03-24 12:31:01,163][pcse.crop.phenology.Vernalisation][INFO] - Critical DVS for vernalization (VERNDVS) reached at day 1984-06-28, but vernalization requirements not yet fulfilled. Forcing vernalization now (VERN=47.688571).
[2026-03-24 12:31:01,183][pcse.crop.phenology.Vernalisation][INFO] - Critical DVS for vernalization (VERNDVS) reached at day 1984-06-29, but vernalization requirements not yet fulfilled. Forcing vernalization now (VERN=47.688571).
[2026-03-24 12:31:01,183][pcse.crop.phenology.Annual_Phenology][INFO] - Changed phenological stage 'vegetative' to 'reproductive' on 1984-06-29
[2026-03-24 12:31:02,902][pcse.crop.phenology.Annual_Phenology][INFO] - Changed phenological stage 'reproductive' to 'mature' on 1984-09-13
[2026-03-24 12:31:03,252][pcse.base.timer.Timer][INFO] - Reached end of simulation period as specified by END_DATE.
| train          | E: 89 | S: 21449 | R: -0.4203 | TR: 15.8611 | TF: 128 | LR: 0 | NR: 0 | D: 05.6 s | TD: 00.0 s | BR: -0.0001 | ALOSS: 10999.8831 | CLOSS: 1343039.2204 | TLOSS: -208.7460 | TVAL: 0.3802 | AENT: -550.0684 | BCLOSS: 0.0000
[EPISODE DBG] episode=89 step=21449 pred_return=-0.368384 true_return=12.083472 total_feedback=128 labeled_feedback=0
[2026-03-24 12:31:03,260][pcse.agromanager.SoilCalendar][INFO] - Starting soil (oregon) with variation (oregon_1) on day 1984-02-01
[2026-03-24 12:31:03,263][pcse.agromanager.CropCalendar][INFO] - Starting crop (wheat) with variety (wheat_1) on day 1984-02-01
[REPLAY DBG] post-agent-update step=21500 n=21500 mean=-0.000131 std=0.007524 min=-0.043908 max=0.028845
[STEP DBG] step=21500 env_reward=0.000000 r_hat=-0.001613 done=False
[NORM DBG] count=21500 mean_abs_mean=62550.667969 mean_std=133.751450 min_std=0.001000 max_std=1740.765503
[2026-03-24 12:31:05,040][pcse.crop.phenology.Annual_Phenology][INFO] - Changed phenological stage 'emerging' to 'vegetative' on 1984-04-10
[2026-03-24 12:31:06,141][pcse.crop.phenology.Vernalisation][INFO] - Critical DVS for vernalization (VERNDVS) reached at day 1984-06-02, but vernalization requirements not yet fulfilled. Forcing vernalization now (VERN=47.688571).
[2026-03-24 12:31:06,162][pcse.crop.phenology.Vernalisation][INFO] - Critical DVS for vernalization (VERNDVS) reached at day 1984-06-03, but vernalization requirements not yet fulfilled. Forcing vernalization now (VERN=47.688571).
[2026-03-24 12:31:06,182][pcse.crop.phenology.Vernalisation][INFO] - Critical DVS for vernalization (VERNDVS) reached at day 1984-06-04, but vernalization requirements not yet fulfilled. Forcing vernalization now (VERN=47.688571).
[2026-03-24 12:31:06,203][pcse.crop.phenology.Vernalisation][INFO] - Critical DVS for vernalization (VERNDVS) reached at day 1984-06-05, but vernalization requirements not yet fulfilled. Forcing vernalization now (VERN=47.688571).
[2026-03-24 12:31:06,223][pcse.crop.phenology.Vernalisation][INFO] - Critical DVS for vernalization (VERNDVS) reached at day 1984-06-06, but vernalization requirements not yet fulfilled. Forcing vernalization now (VERN=47.688571).
[2026-03-24 12:31:06,244][pcse.crop.phenology.Vernalisation][INFO] - Critical DVS for vernalization (VERNDVS) reached at day 1984-06-07, but vernalization requirements not yet fulfilled. Forcing vernalization now (VERN=47.688571).
[2026-03-24 12:31:06,264][pcse.crop.phenology.Vernalisation][INFO] - Critical DVS for vernalization (VERNDVS) reached at day 1984-06-08, but vernalization requirements not yet fulfilled. Forcing vernalization now (VERN=47.688571).
[2026-03-24 12:31:06,286][pcse.crop.phenology.Vernalisation][INFO] - Critical DVS for vernalization (VERNDVS) reached at day 1984-06-09, but vernalization requirements not yet fulfilled. Forcing vernalization now (VERN=47.688571).
[2026-03-24 12:31:06,307][pcse.crop.phenology.Vernalisation][INFO] - Critical DVS for vernalization (VERNDVS) reached at day 1984-06-10, but vernalization requirements not yet fulfilled. Forcing vernalization now (VERN=47.688571).
[2026-03-24 12:31:06,328][pcse.crop.phenology.Vernalisation][INFO] - Critical DVS for vernalization (VERNDVS) reached at day 1984-06-11, but vernalization requirements not yet fulfilled. Forcing vernalization now (VERN=47.688571).
[2026-03-24 12:31:06,348][pcse.crop.phenology.Vernalisation][INFO] - Critical DVS for vernalization (VERNDVS) reached at day 1984-06-12, but vernalization requirements not yet fulfilled. Forcing vernalization now (VERN=47.688571).
[2026-03-24 12:31:06,369][pcse.crop.phenology.Vernalisation][INFO] - Critical DVS for vernalization (VERNDVS) reached at day 1984-06-13, but vernalization requirements not yet fulfilled. Forcing vernalization now (VERN=47.688571).
[2026-03-24 12:31:06,389][pcse.crop.phenology.Vernalisation][INFO] - Critical DVS for vernalization (VERNDVS) reached at day 1984-06-14, but vernalization requirements not yet fulfilled. Forcing vernalization now (VERN=47.688571).
[2026-03-24 12:31:06,409][pcse.crop.phenology.Vernalisation][INFO] - Critical DVS for vernalization (VERNDVS) reached at day 1984-06-15, but vernalization requirements not yet fulfilled. Forcing vernalization now (VERN=47.688571).
[2026-03-24 12:31:06,430][pcse.crop.phenology.Vernalisation][INFO] - Critical DVS for vernalization (VERNDVS) reached at day 1984-06-16, but vernalization requirements not yet fulfilled. Forcing vernalization now (VERN=47.688571).
[2026-03-24 12:31:06,450][pcse.crop.phenology.Vernalisation][INFO] - Critical DVS for vernalization (VERNDVS) reached at day 1984-06-17, but vernalization requirements not yet fulfilled. Forcing vernalization now (VERN=47.688571).
[2026-03-24 12:31:06,470][pcse.crop.phenology.Vernalisation][INFO] - Critical DVS for vernalization (VERNDVS) reached at day 1984-06-18, but vernalization requirements not yet fulfilled. Forcing vernalization now (VERN=47.688571).
[2026-03-24 12:31:06,490][pcse.crop.phenology.Vernalisation][INFO] - Critical DVS for vernalization (VERNDVS) reached at day 1984-06-19, but vernalization requirements not yet fulfilled. Forcing vernalization now (VERN=47.688571).
[2026-03-24 12:31:06,510][pcse.crop.phenology.Vernalisation][INFO] - Critical DVS for vernalization (VERNDVS) reached at day 1984-06-20, but vernalization requirements not yet fulfilled. Forcing vernalization now (VERN=47.688571).
[2026-03-24 12:31:06,531][pcse.crop.phenology.Vernalisation][INFO] - Critical DVS for vernalization (VERNDVS) reached at day 1984-06-21, but vernalization requirements not yet fulfilled. Forcing vernalization now (VERN=47.688571).
[2026-03-24 12:31:06,551][pcse.crop.phenology.Vernalisation][INFO] - Critical DVS for vernalization (VERNDVS) reached at day 1984-06-22, but vernalization requirements not yet fulfilled. Forcing vernalization now (VERN=47.688571).
[2026-03-24 12:31:06,572][pcse.crop.phenology.Vernalisation][INFO] - Critical DVS for vernalization (VERNDVS) reached at day 1984-06-23, but vernalization requirements not yet fulfilled. Forcing vernalization now (VERN=47.688571).
[2026-03-24 12:31:06,592][pcse.crop.phenology.Vernalisation][INFO] - Critical DVS for vernalization (VERNDVS) reached at day 1984-06-24, but vernalization requirements not yet fulfilled. Forcing vernalization now (VERN=47.688571).
[2026-03-24 12:31:06,613][pcse.crop.phenology.Vernalisation][INFO] - Critical DVS for vernalization (VERNDVS) reached at day 1984-06-25, but vernalization requirements not yet fulfilled. Forcing vernalization now (VERN=47.688571).
[2026-03-24 12:31:06,633][pcse.crop.phenology.Vernalisation][INFO] - Critical DVS for vernalization (VERNDVS) reached at day 1984-06-26, but vernalization requirements not yet fulfilled. Forcing vernalization now (VERN=47.688571).
[2026-03-24 12:31:06,654][pcse.crop.phenology.Vernalisation][INFO] - Critical DVS for vernalization (VERNDVS) reached at day 1984-06-27, but vernalization requirements not yet fulfilled. Forcing vernalization now (VERN=47.688571).
[2026-03-24 12:31:06,676][pcse.crop.phenology.Vernalisation][INFO] - Critical DVS for vernalization (VERNDVS) reached at day 1984-06-28, but vernalization requirements not yet fulfilled. Forcing vernalization now (VERN=47.688571).
[2026-03-24 12:31:06,696][pcse.crop.phenology.Vernalisation][INFO] - Critical DVS for vernalization (VERNDVS) reached at day 1984-06-29, but vernalization requirements not yet fulfilled. Forcing vernalization now (VERN=47.688571).
[2026-03-24 12:31:06,697][pcse.crop.phenology.Annual_Phenology][INFO] - Changed phenological stage 'vegetative' to 'reproductive' on 1984-06-29
[2026-03-24 12:31:08,102][pcse.crop.phenology.Annual_Phenology][INFO] - Changed phenological stage 'reproductive' to 'mature' on 1984-09-13
[2026-03-24 12:31:08,368][pcse.base.timer.Timer][INFO] - Reached end of simulation period as specified by END_DATE.
| train          | E: 90 | S: 21690 | R: -0.3684 | TR: 12.0835 | TF: 128 | LR: 0 | NR: 0 | D: 05.1 s | TD: 00.0 s | BR: -0.0001 | ALOSS: 11043.7303 | CLOSS: 1248407.3505 | TLOSS: -210.8123 | TVAL: 0.3877 | AENT: -544.7479 | BCLOSS: 0.0000
[EPISODE DBG] episode=90 step=21690 pred_return=-0.375349 true_return=20.711114 total_feedback=128 labeled_feedback=0
[2026-03-24 12:31:08,375][pcse.agromanager.SoilCalendar][INFO] - Starting soil (oregon) with variation (oregon_1) on day 1984-02-01
[2026-03-24 12:31:08,377][pcse.agromanager.CropCalendar][INFO] - Starting crop (wheat) with variety (wheat_1) on day 1984-02-01
[2026-03-24 12:31:09,807][pcse.crop.phenology.Annual_Phenology][INFO] - Changed phenological stage 'emerging' to 'vegetative' on 1984-04-10
[2026-03-24 12:31:10,963][pcse.crop.phenology.Vernalisation][INFO] - Critical DVS for vernalization (VERNDVS) reached at day 1984-06-02, but vernalization requirements not yet fulfilled. Forcing vernalization now (VERN=47.688571).
[2026-03-24 12:31:10,978][pcse.crop.phenology.Vernalisation][INFO] - Critical DVS for vernalization (VERNDVS) reached at day 1984-06-03, but vernalization requirements not yet fulfilled. Forcing vernalization now (VERN=47.688571).
[2026-03-24 12:31:10,994][pcse.crop.phenology.Vernalisation][INFO] - Critical DVS for vernalization (VERNDVS) reached at day 1984-06-04, but vernalization requirements not yet fulfilled. Forcing vernalization now (VERN=47.688571).
[2026-03-24 12:31:11,010][pcse.crop.phenology.Vernalisation][INFO] - Critical DVS for vernalization (VERNDVS) reached at day 1984-06-05, but vernalization requirements not yet fulfilled. Forcing vernalization now (VERN=47.688571).
[2026-03-24 12:31:11,025][pcse.crop.phenology.Vernalisation][INFO] - Critical DVS for vernalization (VERNDVS) reached at day 1984-06-06, but vernalization requirements not yet fulfilled. Forcing vernalization now (VERN=47.688571).
[2026-03-24 12:31:11,041][pcse.crop.phenology.Vernalisation][INFO] - Critical DVS for vernalization (VERNDVS) reached at day 1984-06-07, but vernalization requirements not yet fulfilled. Forcing vernalization now (VERN=47.688571).
[2026-03-24 12:31:11,057][pcse.crop.phenology.Vernalisation][INFO] - Critical DVS for vernalization (VERNDVS) reached at day 1984-06-08, but vernalization requirements not yet fulfilled. Forcing vernalization now (VERN=47.688571).
[2026-03-24 12:31:11,073][pcse.crop.phenology.Vernalisation][INFO] - Critical DVS for vernalization (VERNDVS) reached at day 1984-06-09, but vernalization requirements not yet fulfilled. Forcing vernalization now (VERN=47.688571).
[2026-03-24 12:31:11,089][pcse.crop.phenology.Vernalisation][INFO] - Critical DVS for vernalization (VERNDVS) reached at day 1984-06-10, but vernalization requirements not yet fulfilled. Forcing vernalization now (VERN=47.688571).
[2026-03-24 12:31:11,105][pcse.crop.phenology.Vernalisation][INFO] - Critical DVS for vernalization (VERNDVS) reached at day 1984-06-11, but vernalization requirements not yet fulfilled. Forcing vernalization now (VERN=47.688571).
[2026-03-24 12:31:11,121][pcse.crop.phenology.Vernalisation][INFO] - Critical DVS for vernalization (VERNDVS) reached at day 1984-06-12, but vernalization requirements not yet fulfilled. Forcing vernalization now (VERN=47.688571).
[2026-03-24 12:31:11,136][pcse.crop.phenology.Vernalisation][INFO] - Critical DVS for vernalization (VERNDVS) reached at day 1984-06-13, but vernalization requirements not yet fulfilled. Forcing vernalization now (VERN=47.688571).
[2026-03-24 12:31:11,152][pcse.crop.phenology.Vernalisation][INFO] - Critical DVS for vernalization (VERNDVS) reached at day 1984-06-14, but vernalization requirements not yet fulfilled. Forcing vernalization now (VERN=47.688571).
[2026-03-24 12:31:11,168][pcse.crop.phenology.Vernalisation][INFO] - Critical DVS for vernalization (VERNDVS) reached at day 1984-06-15, but vernalization requirements not yet fulfilled. Forcing vernalization now (VERN=47.688571).
[2026-03-24 12:31:11,184][pcse.crop.phenology.Vernalisation][INFO] - Critical DVS for vernalization (VERNDVS) reached at day 1984-06-16, but vernalization requirements not yet fulfilled. Forcing vernalization now (VERN=47.688571).
[2026-03-24 12:31:11,199][pcse.crop.phenology.Vernalisation][INFO] - Critical DVS for vernalization (VERNDVS) reached at day 1984-06-17, but vernalization requirements not yet fulfilled. Forcing vernalization now (VERN=47.688571).
[2026-03-24 12:31:11,215][pcse.crop.phenology.Vernalisation][INFO] - Critical DVS for vernalization (VERNDVS) reached at day 1984-06-18, but vernalization requirements not yet fulfilled. Forcing vernalization now (VERN=47.688571).
[2026-03-24 12:31:11,230][pcse.crop.phenology.Vernalisation][INFO] - Critical DVS for vernalization (VERNDVS) reached at day 1984-06-19, but vernalization requirements not yet fulfilled. Forcing vernalization now (VERN=47.688571).
[2026-03-24 12:31:11,247][pcse.crop.phenology.Vernalisation][INFO] - Critical DVS for vernalization (VERNDVS) reached at day 1984-06-20, but vernalization requirements not yet fulfilled. Forcing vernalization now (VERN=47.688571).
[2026-03-24 12:31:11,262][pcse.crop.phenology.Vernalisation][INFO] - Critical DVS for vernalization (VERNDVS) reached at day 1984-06-21, but vernalization requirements not yet fulfilled. Forcing vernalization now (VERN=47.688571).
[2026-03-24 12:31:11,278][pcse.crop.phenology.Vernalisation][INFO] - Critical DVS for vernalization (VERNDVS) reached at day 1984-06-22, but vernalization requirements not yet fulfilled. Forcing vernalization now (VERN=47.688571).
[2026-03-24 12:31:11,294][pcse.crop.phenology.Vernalisation][INFO] - Critical DVS for vernalization (VERNDVS) reached at day 1984-06-23, but vernalization requirements not yet fulfilled. Forcing vernalization now (VERN=47.688571).
[2026-03-24 12:31:11,310][pcse.crop.phenology.Vernalisation][INFO] - Critical DVS for vernalization (VERNDVS) reached at day 1984-06-24, but vernalization requirements not yet fulfilled. Forcing vernalization now (VERN=47.688571).
[2026-03-24 12:31:11,325][pcse.crop.phenology.Vernalisation][INFO] - Critical DVS for vernalization (VERNDVS) reached at day 1984-06-25, but vernalization requirements not yet fulfilled. Forcing vernalization now (VERN=47.688571).
[2026-03-24 12:31:11,341][pcse.crop.phenology.Vernalisation][INFO] - Critical DVS for vernalization (VERNDVS) reached at day 1984-06-26, but vernalization requirements not yet fulfilled. Forcing vernalization now (VERN=47.688571).
[2026-03-24 12:31:11,356][pcse.crop.phenology.Vernalisation][INFO] - Critical DVS for vernalization (VERNDVS) reached at day 1984-06-27, but vernalization requirements not yet fulfilled. Forcing vernalization now (VERN=47.688571).
[2026-03-24 12:31:11,372][pcse.crop.phenology.Vernalisation][INFO] - Critical DVS for vernalization (VERNDVS) reached at day 1984-06-28, but vernalization requirements not yet fulfilled. Forcing vernalization now (VERN=47.688571).
[2026-03-24 12:31:11,388][pcse.crop.phenology.Vernalisation][INFO] - Critical DVS for vernalization (VERNDVS) reached at day 1984-06-29, but vernalization requirements not yet fulfilled. Forcing vernalization now (VERN=47.688571).
[2026-03-24 12:31:11,388][pcse.crop.phenology.Annual_Phenology][INFO] - Changed phenological stage 'vegetative' to 'reproductive' on 1984-06-29
[2026-03-24 12:31:12,746][pcse.crop.phenology.Annual_Phenology][INFO] - Changed phenological stage 'reproductive' to 'mature' on 1984-09-13
[2026-03-24 12:31:13,014][pcse.base.timer.Timer][INFO] - Reached end of simulation period as specified by END_DATE.
| train          | E: 91 | S: 21931 | R: -0.3753 | TR: 20.7111 | TF: 128 | LR: 0 | NR: 0 | D: 04.6 s | TD: 00.0 s | BR: -0.0002 | ALOSS: 11082.8357 | CLOSS: 1280499.0523 | TLOSS: -209.9048 | TVAL: 0.3955 | AENT: -531.7286 | BCLOSS: 0.0000
[EPISODE DBG] episode=91 step=21931 pred_return=-0.401873 true_return=19.897423 total_feedback=128 labeled_feedback=0
[2026-03-24 12:31:13,021][pcse.agromanager.SoilCalendar][INFO] - Starting soil (oregon) with variation (oregon_1) on day 1984-02-01
[2026-03-24 12:31:13,023][pcse.agromanager.CropCalendar][INFO] - Starting crop (wheat) with variety (wheat_1) on day 1984-02-01
[2026-03-24 12:31:14,262][pcse.crop.phenology.Annual_Phenology][INFO] - Changed phenological stage 'emerging' to 'vegetative' on 1984-04-10
[REPLAY DBG] post-agent-update step=22000 n=22000 mean=-0.000161 std=0.007511 min=-0.043908 max=0.028845
[STEP DBG] step=22000 env_reward=0.000000 r_hat=0.000132 done=False
[NORM DBG] count=22000 mean_abs_mean=62549.902344 mean_std=132.438309 min_std=0.001000 max_std=1722.173096
[2026-03-24 12:31:15,268][pcse.crop.phenology.Vernalisation][INFO] - Critical DVS for vernalization (VERNDVS) reached at day 1984-06-02, but vernalization requirements not yet fulfilled. Forcing vernalization now (VERN=47.688571).
[2026-03-24 12:31:15,284][pcse.crop.phenology.Vernalisation][INFO] - Critical DVS for vernalization (VERNDVS) reached at day 1984-06-03, but vernalization requirements not yet fulfilled. Forcing vernalization now (VERN=47.688571).
[2026-03-24 12:31:15,300][pcse.crop.phenology.Vernalisation][INFO] - Critical DVS for vernalization (VERNDVS) reached at day 1984-06-04, but vernalization requirements not yet fulfilled. Forcing vernalization now (VERN=47.688571).
[2026-03-24 12:31:15,315][pcse.crop.phenology.Vernalisation][INFO] - Critical DVS for vernalization (VERNDVS) reached at day 1984-06-05, but vernalization requirements not yet fulfilled. Forcing vernalization now (VERN=47.688571).
[2026-03-24 12:31:15,331][pcse.crop.phenology.Vernalisation][INFO] - Critical DVS for vernalization (VERNDVS) reached at day 1984-06-06, but vernalization requirements not yet fulfilled. Forcing vernalization now (VERN=47.688571).
[2026-03-24 12:31:15,347][pcse.crop.phenology.Vernalisation][INFO] - Critical DVS for vernalization (VERNDVS) reached at day 1984-06-07, but vernalization requirements not yet fulfilled. Forcing vernalization now (VERN=47.688571).
[2026-03-24 12:31:15,363][pcse.crop.phenology.Vernalisation][INFO] - Critical DVS for vernalization (VERNDVS) reached at day 1984-06-08, but vernalization requirements not yet fulfilled. Forcing vernalization now (VERN=47.688571).
[2026-03-24 12:31:15,379][pcse.crop.phenology.Vernalisation][INFO] - Critical DVS for vernalization (VERNDVS) reached at day 1984-06-09, but vernalization requirements not yet fulfilled. Forcing vernalization now (VERN=47.688571).
[2026-03-24 12:31:15,395][pcse.crop.phenology.Vernalisation][INFO] - Critical DVS for vernalization (VERNDVS) reached at day 1984-06-10, but vernalization requirements not yet fulfilled. Forcing vernalization now (VERN=47.688571).
[2026-03-24 12:31:15,411][pcse.crop.phenology.Vernalisation][INFO] - Critical DVS for vernalization (VERNDVS) reached at day 1984-06-11, but vernalization requirements not yet fulfilled. Forcing vernalization now (VERN=47.688571).
[2026-03-24 12:31:15,427][pcse.crop.phenology.Vernalisation][INFO] - Critical DVS for vernalization (VERNDVS) reached at day 1984-06-12, but vernalization requirements not yet fulfilled. Forcing vernalization now (VERN=47.688571).
[2026-03-24 12:31:15,443][pcse.crop.phenology.Vernalisation][INFO] - Critical DVS for vernalization (VERNDVS) reached at day 1984-06-13, but vernalization requirements not yet fulfilled. Forcing vernalization now (VERN=47.688571).
[2026-03-24 12:31:15,459][pcse.crop.phenology.Vernalisation][INFO] - Critical DVS for vernalization (VERNDVS) reached at day 1984-06-14, but vernalization requirements not yet fulfilled. Forcing vernalization now (VERN=47.688571).
[2026-03-24 12:31:15,474][pcse.crop.phenology.Vernalisation][INFO] - Critical DVS for vernalization (VERNDVS) reached at day 1984-06-15, but vernalization requirements not yet fulfilled. Forcing vernalization now (VERN=47.688571).
[2026-03-24 12:31:15,490][pcse.crop.phenology.Vernalisation][INFO] - Critical DVS for vernalization (VERNDVS) reached at day 1984-06-16, but vernalization requirements not yet fulfilled. Forcing vernalization now (VERN=47.688571).
[2026-03-24 12:31:15,506][pcse.crop.phenology.Vernalisation][INFO] - Critical DVS for vernalization (VERNDVS) reached at day 1984-06-17, but vernalization requirements not yet fulfilled. Forcing vernalization now (VERN=47.688571).
[2026-03-24 12:31:15,521][pcse.crop.phenology.Vernalisation][INFO] - Critical DVS for vernalization (VERNDVS) reached at day 1984-06-18, but vernalization requirements not yet fulfilled. Forcing vernalization now (VERN=47.688571).
[2026-03-24 12:31:15,537][pcse.crop.phenology.Vernalisation][INFO] - Critical DVS for vernalization (VERNDVS) reached at day 1984-06-19, but vernalization requirements not yet fulfilled. Forcing vernalization now (VERN=47.688571).
[2026-03-24 12:31:15,553][pcse.crop.phenology.Vernalisation][INFO] - Critical DVS for vernalization (VERNDVS) reached at day 1984-06-20, but vernalization requirements not yet fulfilled. Forcing vernalization now (VERN=47.688571).
[2026-03-24 12:31:15,569][pcse.crop.phenology.Vernalisation][INFO] - Critical DVS for vernalization (VERNDVS) reached at day 1984-06-21, but vernalization requirements not yet fulfilled. Forcing vernalization now (VERN=47.688571).
[2026-03-24 12:31:15,585][pcse.crop.phenology.Vernalisation][INFO] - Critical DVS for vernalization (VERNDVS) reached at day 1984-06-22, but vernalization requirements not yet fulfilled. Forcing vernalization now (VERN=47.688571).
[2026-03-24 12:31:15,602][pcse.crop.phenology.Vernalisation][INFO] - Critical DVS for vernalization (VERNDVS) reached at day 1984-06-23, but vernalization requirements not yet fulfilled. Forcing vernalization now (VERN=47.688571).
[2026-03-24 12:31:15,617][pcse.crop.phenology.Vernalisation][INFO] - Critical DVS for vernalization (VERNDVS) reached at day 1984-06-24, but vernalization requirements not yet fulfilled. Forcing vernalization now (VERN=47.688571).
[2026-03-24 12:31:15,633][pcse.crop.phenology.Vernalisation][INFO] - Critical DVS for vernalization (VERNDVS) reached at day 1984-06-25, but vernalization requirements not yet fulfilled. Forcing vernalization now (VERN=47.688571).
[2026-03-24 12:31:15,649][pcse.crop.phenology.Vernalisation][INFO] - Critical DVS for vernalization (VERNDVS) reached at day 1984-06-26, but vernalization requirements not yet fulfilled. Forcing vernalization now (VERN=47.688571).
[2026-03-24 12:31:15,665][pcse.crop.phenology.Vernalisation][INFO] - Critical DVS for vernalization (VERNDVS) reached at day 1984-06-27, but vernalization requirements not yet fulfilled. Forcing vernalization now (VERN=47.688571).
[2026-03-24 12:31:15,681][pcse.crop.phenology.Vernalisation][INFO] - Critical DVS for vernalization (VERNDVS) reached at day 1984-06-28, but vernalization requirements not yet fulfilled. Forcing vernalization now (VERN=47.688571).
[2026-03-24 12:31:15,696][pcse.crop.phenology.Vernalisation][INFO] - Critical DVS for vernalization (VERNDVS) reached at day 1984-06-29, but vernalization requirements not yet fulfilled. Forcing vernalization now (VERN=47.688571).
[2026-03-24 12:31:15,697][pcse.crop.phenology.Annual_Phenology][INFO] - Changed phenological stage 'vegetative' to 'reproductive' on 1984-06-29
[2026-03-24 12:31:17,072][pcse.crop.phenology.Annual_Phenology][INFO] - Changed phenological stage 'reproductive' to 'mature' on 1984-09-13
[2026-03-24 12:31:17,337][pcse.base.timer.Timer][INFO] - Reached end of simulation period as specified by END_DATE.
| train          | E: 92 | S: 22172 | R: -0.4019 | TR: 19.8974 | TF: 128 | LR: 0 | NR: 0 | D: 04.3 s | TD: 00.0 s | BR: -0.0002 | ALOSS: 11122.9466 | CLOSS: 1259909.2597 | TLOSS: -210.7236 | TVAL: 0.4036 | AENT: -523.1317 | BCLOSS: 0.0000
[EPISODE DBG] episode=92 step=22172 pred_return=-0.425440 true_return=15.861067 total_feedback=128 labeled_feedback=0
[2026-03-24 12:31:17,344][pcse.agromanager.SoilCalendar][INFO] - Starting soil (oregon) with variation (oregon_1) on day 1984-02-01
[2026-03-24 12:31:17,346][pcse.agromanager.CropCalendar][INFO] - Starting crop (wheat) with variety (wheat_1) on day 1984-02-01
[2026-03-24 12:31:18,638][pcse.crop.phenology.Annual_Phenology][INFO] - Changed phenological stage 'emerging' to 'vegetative' on 1984-04-10
[2026-03-24 12:31:19,347][pcse.crop.phenology.Vernalisation][INFO] - Critical DVS for vernalization (VERNDVS) reached at day 1984-06-02, but vernalization requirements not yet fulfilled. Forcing vernalization now (VERN=47.688571).
[2026-03-24 12:31:19,360][pcse.crop.phenology.Vernalisation][INFO] - Critical DVS for vernalization (VERNDVS) reached at day 1984-06-03, but vernalization requirements not yet fulfilled. Forcing vernalization now (VERN=47.688571).
[2026-03-24 12:31:19,374][pcse.crop.phenology.Vernalisation][INFO] - Critical DVS for vernalization (VERNDVS) reached at day 1984-06-04, but vernalization requirements not yet fulfilled. Forcing vernalization now (VERN=47.688571).
[2026-03-24 12:31:19,387][pcse.crop.phenology.Vernalisation][INFO] - Critical DVS for vernalization (VERNDVS) reached at day 1984-06-05, but vernalization requirements not yet fulfilled. Forcing vernalization now (VERN=47.688571).
[2026-03-24 12:31:19,402][pcse.crop.phenology.Vernalisation][INFO] - Critical DVS for vernalization (VERNDVS) reached at day 1984-06-06, but vernalization requirements not yet fulfilled. Forcing vernalization now (VERN=47.688571).
[2026-03-24 12:31:19,416][pcse.crop.phenology.Vernalisation][INFO] - Critical DVS for vernalization (VERNDVS) reached at day 1984-06-07, but vernalization requirements not yet fulfilled. Forcing vernalization now (VERN=47.688571).
[2026-03-24 12:31:19,429][pcse.crop.phenology.Vernalisation][INFO] - Critical DVS for vernalization (VERNDVS) reached at day 1984-06-08, but vernalization requirements not yet fulfilled. Forcing vernalization now (VERN=47.688571).
[2026-03-24 12:31:19,443][pcse.crop.phenology.Vernalisation][INFO] - Critical DVS for vernalization (VERNDVS) reached at day 1984-06-09, but vernalization requirements not yet fulfilled. Forcing vernalization now (VERN=47.688571).
[2026-03-24 12:31:19,608][pcse.crop.phenology.Vernalisation][INFO] - Critical DVS for vernalization (VERNDVS) reached at day 1984-06-10, but vernalization requirements not yet fulfilled. Forcing vernalization now (VERN=47.688571).
[2026-03-24 12:31:19,624][pcse.crop.phenology.Vernalisation][INFO] - Critical DVS for vernalization (VERNDVS) reached at day 1984-06-11, but vernalization requirements not yet fulfilled. Forcing vernalization now (VERN=47.688571).
[2026-03-24 12:31:19,640][pcse.crop.phenology.Vernalisation][INFO] - Critical DVS for vernalization (VERNDVS) reached at day 1984-06-12, but vernalization requirements not yet fulfilled. Forcing vernalization now (VERN=47.688571).
[2026-03-24 12:31:19,656][pcse.crop.phenology.Vernalisation][INFO] - Critical DVS for vernalization (VERNDVS) reached at day 1984-06-13, but vernalization requirements not yet fulfilled. Forcing vernalization now (VERN=47.688571).
[2026-03-24 12:31:19,672][pcse.crop.phenology.Vernalisation][INFO] - Critical DVS for vernalization (VERNDVS) reached at day 1984-06-14, but vernalization requirements not yet fulfilled. Forcing vernalization now (VERN=47.688571).
[2026-03-24 12:31:19,687][pcse.crop.phenology.Vernalisation][INFO] - Critical DVS for vernalization (VERNDVS) reached at day 1984-06-15, but vernalization requirements not yet fulfilled. Forcing vernalization now (VERN=47.688571).
[2026-03-24 12:31:19,702][pcse.crop.phenology.Vernalisation][INFO] - Critical DVS for vernalization (VERNDVS) reached at day 1984-06-16, but vernalization requirements not yet fulfilled. Forcing vernalization now (VERN=47.688571).
[2026-03-24 12:31:19,716][pcse.crop.phenology.Vernalisation][INFO] - Critical DVS for vernalization (VERNDVS) reached at day 1984-06-17, but vernalization requirements not yet fulfilled. Forcing vernalization now (VERN=47.688571).
[2026-03-24 12:31:19,730][pcse.crop.phenology.Vernalisation][INFO] - Critical DVS for vernalization (VERNDVS) reached at day 1984-06-18, but vernalization requirements not yet fulfilled. Forcing vernalization now (VERN=47.688571).
[2026-03-24 12:31:19,745][pcse.crop.phenology.Vernalisation][INFO] - Critical DVS for vernalization (VERNDVS) reached at day 1984-06-19, but vernalization requirements not yet fulfilled. Forcing vernalization now (VERN=47.688571).
[2026-03-24 12:31:19,759][pcse.crop.phenology.Vernalisation][INFO] - Critical DVS for vernalization (VERNDVS) reached at day 1984-06-20, but vernalization requirements not yet fulfilled. Forcing vernalization now (VERN=47.688571).
[2026-03-24 12:31:19,773][pcse.crop.phenology.Vernalisation][INFO] - Critical DVS for vernalization (VERNDVS) reached at day 1984-06-21, but vernalization requirements not yet fulfilled. Forcing vernalization now (VERN=47.688571).
[2026-03-24 12:31:19,787][pcse.crop.phenology.Vernalisation][INFO] - Critical DVS for vernalization (VERNDVS) reached at day 1984-06-22, but vernalization requirements not yet fulfilled. Forcing vernalization now (VERN=47.688571).
[2026-03-24 12:31:19,801][pcse.crop.phenology.Vernalisation][INFO] - Critical DVS for vernalization (VERNDVS) reached at day 1984-06-23, but vernalization requirements not yet fulfilled. Forcing vernalization now (VERN=47.688571).
[2026-03-24 12:31:19,814][pcse.crop.phenology.Vernalisation][INFO] - Critical DVS for vernalization (VERNDVS) reached at day 1984-06-24, but vernalization requirements not yet fulfilled. Forcing vernalization now (VERN=47.688571).
[2026-03-24 12:31:19,828][pcse.crop.phenology.Vernalisation][INFO] - Critical DVS for vernalization (VERNDVS) reached at day 1984-06-25, but vernalization requirements not yet fulfilled. Forcing vernalization now (VERN=47.688571).
[2026-03-24 12:31:19,843][pcse.crop.phenology.Vernalisation][INFO] - Critical DVS for vernalization (VERNDVS) reached at day 1984-06-26, but vernalization requirements not yet fulfilled. Forcing vernalization now (VERN=47.688571).
[2026-03-24 12:31:19,862][pcse.crop.phenology.Vernalisation][INFO] - Critical DVS for vernalization (VERNDVS) reached at day 1984-06-27, but vernalization requirements not yet fulfilled. Forcing vernalization now (VERN=47.688571).
[2026-03-24 12:31:19,878][pcse.crop.phenology.Vernalisation][INFO] - Critical DVS for vernalization (VERNDVS) reached at day 1984-06-28, but vernalization requirements not yet fulfilled. Forcing vernalization now (VERN=47.688571).
[2026-03-24 12:31:19,893][pcse.crop.phenology.Vernalisation][INFO] - Critical DVS for vernalization (VERNDVS) reached at day 1984-06-29, but vernalization requirements not yet fulfilled. Forcing vernalization now (VERN=47.688571).
[2026-03-24 12:31:19,893][pcse.crop.phenology.Annual_Phenology][INFO] - Changed phenological stage 'vegetative' to 'reproductive' on 1984-06-29
[2026-03-24 12:31:21,077][pcse.crop.phenology.Annual_Phenology][INFO] - Changed phenological stage 'reproductive' to 'mature' on 1984-09-13
[2026-03-24 12:31:21,559][pcse.base.timer.Timer][INFO] - Reached end of simulation period as specified by END_DATE.
| train          | E: 93 | S: 22413 | R: -0.4254 | TR: 15.8611 | TF: 128 | LR: 0 | NR: 0 | D: 04.2 s | TD: 00.0 s | BR: -0.0002 | ALOSS: 11168.5994 | CLOSS: 1322807.0436 | TLOSS: -213.3078 | TVAL: 0.4120 | AENT: -518.7197 | BCLOSS: 0.0000
[EPISODE DBG] episode=93 step=22413 pred_return=-0.372895 true_return=12.083472 total_feedback=128 labeled_feedback=0
[2026-03-24 12:31:21,566][pcse.agromanager.SoilCalendar][INFO] - Starting soil (oregon) with variation (oregon_1) on day 1984-02-01
[2026-03-24 12:31:21,568][pcse.agromanager.CropCalendar][INFO] - Starting crop (wheat) with variety (wheat_1) on day 1984-02-01
[2026-03-24 12:31:22,819][pcse.crop.phenology.Annual_Phenology][INFO] - Changed phenological stage 'emerging' to 'vegetative' on 1984-04-10
[REPLAY DBG] post-agent-update step=22500 n=22500 mean=-0.000192 std=0.007496 min=-0.043908 max=0.028845
[STEP DBG] step=22500 env_reward=0.000000 r_hat=-0.000101 done=False
[NORM DBG] count=22500 mean_abs_mean=62549.179688 mean_std=131.164383 min_std=0.001000 max_std=1704.160645
[2026-03-24 12:31:23,842][pcse.crop.phenology.Vernalisation][INFO] - Critical DVS for vernalization (VERNDVS) reached at day 1984-06-02, but vernalization requirements not yet fulfilled. Forcing vernalization now (VERN=47.688571).
[2026-03-24 12:31:23,857][pcse.crop.phenology.Vernalisation][INFO] - Critical DVS for vernalization (VERNDVS) reached at day 1984-06-03, but vernalization requirements not yet fulfilled. Forcing vernalization now (VERN=47.688571).
[2026-03-24 12:31:23,873][pcse.crop.phenology.Vernalisation][INFO] - Critical DVS for vernalization (VERNDVS) reached at day 1984-06-04, but vernalization requirements not yet fulfilled. Forcing vernalization now (VERN=47.688571).
[2026-03-24 12:31:23,889][pcse.crop.phenology.Vernalisation][INFO] - Critical DVS for vernalization (VERNDVS) reached at day 1984-06-05, but vernalization requirements not yet fulfilled. Forcing vernalization now (VERN=47.688571).
[2026-03-24 12:31:23,904][pcse.crop.phenology.Vernalisation][INFO] - Critical DVS for vernalization (VERNDVS) reached at day 1984-06-06, but vernalization requirements not yet fulfilled. Forcing vernalization now (VERN=47.688571).
[2026-03-24 12:31:23,920][pcse.crop.phenology.Vernalisation][INFO] - Critical DVS for vernalization (VERNDVS) reached at day 1984-06-07, but vernalization requirements not yet fulfilled. Forcing vernalization now (VERN=47.688571).
[2026-03-24 12:31:23,936][pcse.crop.phenology.Vernalisation][INFO] - Critical DVS for vernalization (VERNDVS) reached at day 1984-06-08, but vernalization requirements not yet fulfilled. Forcing vernalization now (VERN=47.688571).
[2026-03-24 12:31:23,952][pcse.crop.phenology.Vernalisation][INFO] - Critical DVS for vernalization (VERNDVS) reached at day 1984-06-09, but vernalization requirements not yet fulfilled. Forcing vernalization now (VERN=47.688571).
[2026-03-24 12:31:23,967][pcse.crop.phenology.Vernalisation][INFO] - Critical DVS for vernalization (VERNDVS) reached at day 1984-06-10, but vernalization requirements not yet fulfilled. Forcing vernalization now (VERN=47.688571).
[2026-03-24 12:31:23,983][pcse.crop.phenology.Vernalisation][INFO] - Critical DVS for vernalization (VERNDVS) reached at day 1984-06-11, but vernalization requirements not yet fulfilled. Forcing vernalization now (VERN=47.688571).
[2026-03-24 12:31:23,999][pcse.crop.phenology.Vernalisation][INFO] - Critical DVS for vernalization (VERNDVS) reached at day 1984-06-12, but vernalization requirements not yet fulfilled. Forcing vernalization now (VERN=47.688571).
[2026-03-24 12:31:24,015][pcse.crop.phenology.Vernalisation][INFO] - Critical DVS for vernalization (VERNDVS) reached at day 1984-06-13, but vernalization requirements not yet fulfilled. Forcing vernalization now (VERN=47.688571).
[2026-03-24 12:31:24,031][pcse.crop.phenology.Vernalisation][INFO] - Critical DVS for vernalization (VERNDVS) reached at day 1984-06-14, but vernalization requirements not yet fulfilled. Forcing vernalization now (VERN=47.688571).
[2026-03-24 12:31:24,047][pcse.crop.phenology.Vernalisation][INFO] - Critical DVS for vernalization (VERNDVS) reached at day 1984-06-15, but vernalization requirements not yet fulfilled. Forcing vernalization now (VERN=47.688571).
[2026-03-24 12:31:24,063][pcse.crop.phenology.Vernalisation][INFO] - Critical DVS for vernalization (VERNDVS) reached at day 1984-06-16, but vernalization requirements not yet fulfilled. Forcing vernalization now (VERN=47.688571).
[2026-03-24 12:31:24,079][pcse.crop.phenology.Vernalisation][INFO] - Critical DVS for vernalization (VERNDVS) reached at day 1984-06-17, but vernalization requirements not yet fulfilled. Forcing vernalization now (VERN=47.688571).
[2026-03-24 12:31:24,094][pcse.crop.phenology.Vernalisation][INFO] - Critical DVS for vernalization (VERNDVS) reached at day 1984-06-18, but vernalization requirements not yet fulfilled. Forcing vernalization now (VERN=47.688571).
[2026-03-24 12:31:24,110][pcse.crop.phenology.Vernalisation][INFO] - Critical DVS for vernalization (VERNDVS) reached at day 1984-06-19, but vernalization requirements not yet fulfilled. Forcing vernalization now (VERN=47.688571).
[2026-03-24 12:31:24,126][pcse.crop.phenology.Vernalisation][INFO] - Critical DVS for vernalization (VERNDVS) reached at day 1984-06-20, but vernalization requirements not yet fulfilled. Forcing vernalization now (VERN=47.688571).
[2026-03-24 12:31:24,141][pcse.crop.phenology.Vernalisation][INFO] - Critical DVS for vernalization (VERNDVS) reached at day 1984-06-21, but vernalization requirements not yet fulfilled. Forcing vernalization now (VERN=47.688571).
[2026-03-24 12:31:24,157][pcse.crop.phenology.Vernalisation][INFO] - Critical DVS for vernalization (VERNDVS) reached at day 1984-06-22, but vernalization requirements not yet fulfilled. Forcing vernalization now (VERN=47.688571).
[2026-03-24 12:31:24,172][pcse.crop.phenology.Vernalisation][INFO] - Critical DVS for vernalization (VERNDVS) reached at day 1984-06-23, but vernalization requirements not yet fulfilled. Forcing vernalization now (VERN=47.688571).
[2026-03-24 12:31:24,188][pcse.crop.phenology.Vernalisation][INFO] - Critical DVS for vernalization (VERNDVS) reached at day 1984-06-24, but vernalization requirements not yet fulfilled. Forcing vernalization now (VERN=47.688571).
[2026-03-24 12:31:24,203][pcse.crop.phenology.Vernalisation][INFO] - Critical DVS for vernalization (VERNDVS) reached at day 1984-06-25, but vernalization requirements not yet fulfilled. Forcing vernalization now (VERN=47.688571).
[2026-03-24 12:31:24,219][pcse.crop.phenology.Vernalisation][INFO] - Critical DVS for vernalization (VERNDVS) reached at day 1984-06-26, but vernalization requirements not yet fulfilled. Forcing vernalization now (VERN=47.688571).
[2026-03-24 12:31:24,234][pcse.crop.phenology.Vernalisation][INFO] - Critical DVS for vernalization (VERNDVS) reached at day 1984-06-27, but vernalization requirements not yet fulfilled. Forcing vernalization now (VERN=47.688571).
[2026-03-24 12:31:24,250][pcse.crop.phenology.Vernalisation][INFO] - Critical DVS for vernalization (VERNDVS) reached at day 1984-06-28, but vernalization requirements not yet fulfilled. Forcing vernalization now (VERN=47.688571).
[2026-03-24 12:31:24,265][pcse.crop.phenology.Vernalisation][INFO] - Critical DVS for vernalization (VERNDVS) reached at day 1984-06-29, but vernalization requirements not yet fulfilled. Forcing vernalization now (VERN=47.688571).
[2026-03-24 12:31:24,266][pcse.crop.phenology.Annual_Phenology][INFO] - Changed phenological stage 'vegetative' to 'reproductive' on 1984-06-29
[2026-03-24 12:31:25,637][pcse.crop.phenology.Annual_Phenology][INFO] - Changed phenological stage 'reproductive' to 'mature' on 1984-09-13
[2026-03-24 12:31:25,904][pcse.base.timer.Timer][INFO] - Reached end of simulation period as specified by END_DATE.
| train          | E: 94 | S: 22654 | R: -0.3729 | TR: 12.0835 | TF: 128 | LR: 0 | NR: 0 | D: 04.3 s | TD: 00.0 s | BR: -0.0002 | ALOSS: 11213.4342 | CLOSS: 1278024.4415 | TLOSS: -214.6872 | TVAL: 0.4208 | AENT: -511.1881 | BCLOSS: 0.0000
[EPISODE DBG] episode=94 step=22654 pred_return=-0.381345 true_return=20.711114 total_feedback=128 labeled_feedback=0
[2026-03-24 12:31:25,911][pcse.agromanager.SoilCalendar][INFO] - Starting soil (oregon) with variation (oregon_1) on day 1984-02-01
[2026-03-24 12:31:25,913][pcse.agromanager.CropCalendar][INFO] - Starting crop (wheat) with variety (wheat_1) on day 1984-02-01
[2026-03-24 12:31:27,635][pcse.crop.phenology.Annual_Phenology][INFO] - Changed phenological stage 'emerging' to 'vegetative' on 1984-04-10
[2026-03-24 12:31:28,472][pcse.crop.phenology.Vernalisation][INFO] - Critical DVS for vernalization (VERNDVS) reached at day 1984-06-02, but vernalization requirements not yet fulfilled. Forcing vernalization now (VERN=47.688571).
[2026-03-24 12:31:28,487][pcse.crop.phenology.Vernalisation][INFO] - Critical DVS for vernalization (VERNDVS) reached at day 1984-06-03, but vernalization requirements not yet fulfilled. Forcing vernalization now (VERN=47.688571).
[2026-03-24 12:31:28,503][pcse.crop.phenology.Vernalisation][INFO] - Critical DVS for vernalization (VERNDVS) reached at day 1984-06-04, but vernalization requirements not yet fulfilled. Forcing vernalization now (VERN=47.688571).
[2026-03-24 12:31:28,519][pcse.crop.phenology.Vernalisation][INFO] - Critical DVS for vernalization (VERNDVS) reached at day 1984-06-05, but vernalization requirements not yet fulfilled. Forcing vernalization now (VERN=47.688571).
[2026-03-24 12:31:28,534][pcse.crop.phenology.Vernalisation][INFO] - Critical DVS for vernalization (VERNDVS) reached at day 1984-06-06, but vernalization requirements not yet fulfilled. Forcing vernalization now (VERN=47.688571).
[2026-03-24 12:31:28,550][pcse.crop.phenology.Vernalisation][INFO] - Critical DVS for vernalization (VERNDVS) reached at day 1984-06-07, but vernalization requirements not yet fulfilled. Forcing vernalization now (VERN=47.688571).
[2026-03-24 12:31:28,566][pcse.crop.phenology.Vernalisation][INFO] - Critical DVS for vernalization (VERNDVS) reached at day 1984-06-08, but vernalization requirements not yet fulfilled. Forcing vernalization now (VERN=47.688571).
[2026-03-24 12:31:28,582][pcse.crop.phenology.Vernalisation][INFO] - Critical DVS for vernalization (VERNDVS) reached at day 1984-06-09, but vernalization requirements not yet fulfilled. Forcing vernalization now (VERN=47.688571).
[2026-03-24 12:31:28,597][pcse.crop.phenology.Vernalisation][INFO] - Critical DVS for vernalization (VERNDVS) reached at day 1984-06-10, but vernalization requirements not yet fulfilled. Forcing vernalization now (VERN=47.688571).
[2026-03-24 12:31:28,613][pcse.crop.phenology.Vernalisation][INFO] - Critical DVS for vernalization (VERNDVS) reached at day 1984-06-11, but vernalization requirements not yet fulfilled. Forcing vernalization now (VERN=47.688571).
[2026-03-24 12:31:28,629][pcse.crop.phenology.Vernalisation][INFO] - Critical DVS for vernalization (VERNDVS) reached at day 1984-06-12, but vernalization requirements not yet fulfilled. Forcing vernalization now (VERN=47.688571).
[2026-03-24 12:31:28,644][pcse.crop.phenology.Vernalisation][INFO] - Critical DVS for vernalization (VERNDVS) reached at day 1984-06-13, but vernalization requirements not yet fulfilled. Forcing vernalization now (VERN=47.688571).
[2026-03-24 12:31:28,660][pcse.crop.phenology.Vernalisation][INFO] - Critical DVS for vernalization (VERNDVS) reached at day 1984-06-14, but vernalization requirements not yet fulfilled. Forcing vernalization now (VERN=47.688571).
[2026-03-24 12:31:28,676][pcse.crop.phenology.Vernalisation][INFO] - Critical DVS for vernalization (VERNDVS) reached at day 1984-06-15, but vernalization requirements not yet fulfilled. Forcing vernalization now (VERN=47.688571).
[2026-03-24 12:31:28,692][pcse.crop.phenology.Vernalisation][INFO] - Critical DVS for vernalization (VERNDVS) reached at day 1984-06-16, but vernalization requirements not yet fulfilled. Forcing vernalization now (VERN=47.688571).
[2026-03-24 12:31:28,708][pcse.crop.phenology.Vernalisation][INFO] - Critical DVS for vernalization (VERNDVS) reached at day 1984-06-17, but vernalization requirements not yet fulfilled. Forcing vernalization now (VERN=47.688571).
[2026-03-24 12:31:28,724][pcse.crop.phenology.Vernalisation][INFO] - Critical DVS for vernalization (VERNDVS) reached at day 1984-06-18, but vernalization requirements not yet fulfilled. Forcing vernalization now (VERN=47.688571).
[2026-03-24 12:31:28,740][pcse.crop.phenology.Vernalisation][INFO] - Critical DVS for vernalization (VERNDVS) reached at day 1984-06-19, but vernalization requirements not yet fulfilled. Forcing vernalization now (VERN=47.688571).
[2026-03-24 12:31:28,756][pcse.crop.phenology.Vernalisation][INFO] - Critical DVS for vernalization (VERNDVS) reached at day 1984-06-20, but vernalization requirements not yet fulfilled. Forcing vernalization now (VERN=47.688571).
[2026-03-24 12:31:28,771][pcse.crop.phenology.Vernalisation][INFO] - Critical DVS for vernalization (VERNDVS) reached at day 1984-06-21, but vernalization requirements not yet fulfilled. Forcing vernalization now (VERN=47.688571).
[2026-03-24 12:31:28,787][pcse.crop.phenology.Vernalisation][INFO] - Critical DVS for vernalization (VERNDVS) reached at day 1984-06-22, but vernalization requirements not yet fulfilled. Forcing vernalization now (VERN=47.688571).
[2026-03-24 12:31:28,803][pcse.crop.phenology.Vernalisation][INFO] - Critical DVS for vernalization (VERNDVS) reached at day 1984-06-23, but vernalization requirements not yet fulfilled. Forcing vernalization now (VERN=47.688571).
[2026-03-24 12:31:28,818][pcse.crop.phenology.Vernalisation][INFO] - Critical DVS for vernalization (VERNDVS) reached at day 1984-06-24, but vernalization requirements not yet fulfilled. Forcing vernalization now (VERN=47.688571).
[2026-03-24 12:31:28,834][pcse.crop.phenology.Vernalisation][INFO] - Critical DVS for vernalization (VERNDVS) reached at day 1984-06-25, but vernalization requirements not yet fulfilled. Forcing vernalization now (VERN=47.688571).
[2026-03-24 12:31:28,850][pcse.crop.phenology.Vernalisation][INFO] - Critical DVS for vernalization (VERNDVS) reached at day 1984-06-26, but vernalization requirements not yet fulfilled. Forcing vernalization now (VERN=47.688571).
[2026-03-24 12:31:28,865][pcse.crop.phenology.Vernalisation][INFO] - Critical DVS for vernalization (VERNDVS) reached at day 1984-06-27, but vernalization requirements not yet fulfilled. Forcing vernalization now (VERN=47.688571).
[2026-03-24 12:31:29,069][pcse.crop.phenology.Vernalisation][INFO] - Critical DVS for vernalization (VERNDVS) reached at day 1984-06-28, but vernalization requirements not yet fulfilled. Forcing vernalization now (VERN=47.688571).
[2026-03-24 12:31:29,089][pcse.crop.phenology.Vernalisation][INFO] - Critical DVS for vernalization (VERNDVS) reached at day 1984-06-29, but vernalization requirements not yet fulfilled. Forcing vernalization now (VERN=47.688571).
[2026-03-24 12:31:29,089][pcse.crop.phenology.Annual_Phenology][INFO] - Changed phenological stage 'vegetative' to 'reproductive' on 1984-06-29
[2026-03-24 12:31:30,293][pcse.crop.phenology.Annual_Phenology][INFO] - Changed phenological stage 'reproductive' to 'mature' on 1984-09-13
[2026-03-24 12:31:30,557][pcse.base.timer.Timer][INFO] - Reached end of simulation period as specified by END_DATE.
| train          | E: 95 | S: 22895 | R: -0.3813 | TR: 20.7111 | TF: 128 | LR: 0 | NR: 0 | D: 04.7 s | TD: 00.0 s | BR: -0.0002 | ALOSS: 11253.3342 | CLOSS: 1225159.9121 | TLOSS: -215.8597 | TVAL: 0.4299 | AENT: -503.0691 | BCLOSS: 0.0000
[EPISODE DBG] episode=95 step=22895 pred_return=-0.409196 true_return=19.897423 total_feedback=128 labeled_feedback=0
[2026-03-24 12:31:30,564][pcse.agromanager.SoilCalendar][INFO] - Starting soil (oregon) with variation (oregon_1) on day 1984-02-01
[2026-03-24 12:31:30,567][pcse.agromanager.CropCalendar][INFO] - Starting crop (wheat) with variety (wheat_1) on day 1984-02-01
[2026-03-24 12:31:31,992][pcse.crop.phenology.Annual_Phenology][INFO] - Changed phenological stage 'emerging' to 'vegetative' on 1984-04-10
[REPLAY DBG] post-agent-update step=23000 n=23000 mean=-0.000225 std=0.007481 min=-0.043908 max=0.028845
[STEP DBG] step=23000 env_reward=0.000000 r_hat=0.000762 done=False
[NORM DBG] count=23000 mean_abs_mean=62548.480469 mean_std=129.928040 min_std=0.001000 max_std=1686.699097
[2026-03-24 12:31:33,008][pcse.crop.phenology.Vernalisation][INFO] - Critical DVS for vernalization (VERNDVS) reached at day 1984-06-02, but vernalization requirements not yet fulfilled. Forcing vernalization now (VERN=47.688571).
[2026-03-24 12:31:33,024][pcse.crop.phenology.Vernalisation][INFO] - Critical DVS for vernalization (VERNDVS) reached at day 1984-06-03, but vernalization requirements not yet fulfilled. Forcing vernalization now (VERN=47.688571).
[2026-03-24 12:31:33,040][pcse.crop.phenology.Vernalisation][INFO] - Critical DVS for vernalization (VERNDVS) reached at day 1984-06-04, but vernalization requirements not yet fulfilled. Forcing vernalization now (VERN=47.688571).
[2026-03-24 12:31:33,056][pcse.crop.phenology.Vernalisation][INFO] - Critical DVS for vernalization (VERNDVS) reached at day 1984-06-05, but vernalization requirements not yet fulfilled. Forcing vernalization now (VERN=47.688571).
[2026-03-24 12:31:33,072][pcse.crop.phenology.Vernalisation][INFO] - Critical DVS for vernalization (VERNDVS) reached at day 1984-06-06, but vernalization requirements not yet fulfilled. Forcing vernalization now (VERN=47.688571).
[2026-03-24 12:31:33,088][pcse.crop.phenology.Vernalisation][INFO] - Critical DVS for vernalization (VERNDVS) reached at day 1984-06-07, but vernalization requirements not yet fulfilled. Forcing vernalization now (VERN=47.688571).
[2026-03-24 12:31:33,104][pcse.crop.phenology.Vernalisation][INFO] - Critical DVS for vernalization (VERNDVS) reached at day 1984-06-08, but vernalization requirements not yet fulfilled. Forcing vernalization now (VERN=47.688571).
[2026-03-24 12:31:33,119][pcse.crop.phenology.Vernalisation][INFO] - Critical DVS for vernalization (VERNDVS) reached at day 1984-06-09, but vernalization requirements not yet fulfilled. Forcing vernalization now (VERN=47.688571).
[2026-03-24 12:31:33,135][pcse.crop.phenology.Vernalisation][INFO] - Critical DVS for vernalization (VERNDVS) reached at day 1984-06-10, but vernalization requirements not yet fulfilled. Forcing vernalization now (VERN=47.688571).
[2026-03-24 12:31:33,150][pcse.crop.phenology.Vernalisation][INFO] - Critical DVS for vernalization (VERNDVS) reached at day 1984-06-11, but vernalization requirements not yet fulfilled. Forcing vernalization now (VERN=47.688571).
[2026-03-24 12:31:33,166][pcse.crop.phenology.Vernalisation][INFO] - Critical DVS for vernalization (VERNDVS) reached at day 1984-06-12, but vernalization requirements not yet fulfilled. Forcing vernalization now (VERN=47.688571).
[2026-03-24 12:31:33,182][pcse.crop.phenology.Vernalisation][INFO] - Critical DVS for vernalization (VERNDVS) reached at day 1984-06-13, but vernalization requirements not yet fulfilled. Forcing vernalization now (VERN=47.688571).
[2026-03-24 12:31:33,198][pcse.crop.phenology.Vernalisation][INFO] - Critical DVS for vernalization (VERNDVS) reached at day 1984-06-14, but vernalization requirements not yet fulfilled. Forcing vernalization now (VERN=47.688571).
[2026-03-24 12:31:33,214][pcse.crop.phenology.Vernalisation][INFO] - Critical DVS for vernalization (VERNDVS) reached at day 1984-06-15, but vernalization requirements not yet fulfilled. Forcing vernalization now (VERN=47.688571).
[2026-03-24 12:31:33,229][pcse.crop.phenology.Vernalisation][INFO] - Critical DVS for vernalization (VERNDVS) reached at day 1984-06-16, but vernalization requirements not yet fulfilled. Forcing vernalization now (VERN=47.688571).
[2026-03-24 12:31:33,245][pcse.crop.phenology.Vernalisation][INFO] - Critical DVS for vernalization (VERNDVS) reached at day 1984-06-17, but vernalization requirements not yet fulfilled. Forcing vernalization now (VERN=47.688571).
[2026-03-24 12:31:33,261][pcse.crop.phenology.Vernalisation][INFO] - Critical DVS for vernalization (VERNDVS) reached at day 1984-06-18, but vernalization requirements not yet fulfilled. Forcing vernalization now (VERN=47.688571).
[2026-03-24 12:31:33,277][pcse.crop.phenology.Vernalisation][INFO] - Critical DVS for vernalization (VERNDVS) reached at day 1984-06-19, but vernalization requirements not yet fulfilled. Forcing vernalization now (VERN=47.688571).
[2026-03-24 12:31:33,292][pcse.crop.phenology.Vernalisation][INFO] - Critical DVS for vernalization (VERNDVS) reached at day 1984-06-20, but vernalization requirements not yet fulfilled. Forcing vernalization now (VERN=47.688571).
[2026-03-24 12:31:33,308][pcse.crop.phenology.Vernalisation][INFO] - Critical DVS for vernalization (VERNDVS) reached at day 1984-06-21, but vernalization requirements not yet fulfilled. Forcing vernalization now (VERN=47.688571).
[2026-03-24 12:31:33,324][pcse.crop.phenology.Vernalisation][INFO] - Critical DVS for vernalization (VERNDVS) reached at day 1984-06-22, but vernalization requirements not yet fulfilled. Forcing vernalization now (VERN=47.688571).
[2026-03-24 12:31:33,340][pcse.crop.phenology.Vernalisation][INFO] - Critical DVS for vernalization (VERNDVS) reached at day 1984-06-23, but vernalization requirements not yet fulfilled. Forcing vernalization now (VERN=47.688571).
[2026-03-24 12:31:33,355][pcse.crop.phenology.Vernalisation][INFO] - Critical DVS for vernalization (VERNDVS) reached at day 1984-06-24, but vernalization requirements not yet fulfilled. Forcing vernalization now (VERN=47.688571).
[2026-03-24 12:31:33,371][pcse.crop.phenology.Vernalisation][INFO] - Critical DVS for vernalization (VERNDVS) reached at day 1984-06-25, but vernalization requirements not yet fulfilled. Forcing vernalization now (VERN=47.688571).
[2026-03-24 12:31:33,387][pcse.crop.phenology.Vernalisation][INFO] - Critical DVS for vernalization (VERNDVS) reached at day 1984-06-26, but vernalization requirements not yet fulfilled. Forcing vernalization now (VERN=47.688571).
[2026-03-24 12:31:33,402][pcse.crop.phenology.Vernalisation][INFO] - Critical DVS for vernalization (VERNDVS) reached at day 1984-06-27, but vernalization requirements not yet fulfilled. Forcing vernalization now (VERN=47.688571).
[2026-03-24 12:31:33,418][pcse.crop.phenology.Vernalisation][INFO] - Critical DVS for vernalization (VERNDVS) reached at day 1984-06-28, but vernalization requirements not yet fulfilled. Forcing vernalization now (VERN=47.688571).
[2026-03-24 12:31:33,434][pcse.crop.phenology.Vernalisation][INFO] - Critical DVS for vernalization (VERNDVS) reached at day 1984-06-29, but vernalization requirements not yet fulfilled. Forcing vernalization now (VERN=47.688571).
[2026-03-24 12:31:33,434][pcse.crop.phenology.Annual_Phenology][INFO] - Changed phenological stage 'vegetative' to 'reproductive' on 1984-06-29
[2026-03-24 12:31:34,799][pcse.crop.phenology.Annual_Phenology][INFO] - Changed phenological stage 'reproductive' to 'mature' on 1984-09-13
[2026-03-24 12:31:35,064][pcse.base.timer.Timer][INFO] - Reached end of simulation period as specified by END_DATE.
| train          | E: 96 | S: 23136 | R: -0.4092 | TR: 19.8974 | TF: 128 | LR: 0 | NR: 0 | D: 04.5 s | TD: 00.0 s | BR: -0.0002 | ALOSS: 11309.6405 | CLOSS: 1573060.1898 | TLOSS: -218.9980 | TVAL: 0.4395 | AENT: -499.3318 | BCLOSS: 0.0000
[EPISODE DBG] episode=96 step=23136 pred_return=-0.430787 true_return=15.861067 total_feedback=128 labeled_feedback=0
[2026-03-24 12:31:35,071][pcse.agromanager.SoilCalendar][INFO] - Starting soil (oregon) with variation (oregon_1) on day 1984-02-01
[2026-03-24 12:31:35,074][pcse.agromanager.CropCalendar][INFO] - Starting crop (wheat) with variety (wheat_1) on day 1984-02-01
[2026-03-24 12:31:36,494][pcse.crop.phenology.Annual_Phenology][INFO] - Changed phenological stage 'emerging' to 'vegetative' on 1984-04-10
[2026-03-24 12:31:37,320][pcse.crop.phenology.Vernalisation][INFO] - Critical DVS for vernalization (VERNDVS) reached at day 1984-06-02, but vernalization requirements not yet fulfilled. Forcing vernalization now (VERN=47.688571).
[2026-03-24 12:31:37,336][pcse.crop.phenology.Vernalisation][INFO] - Critical DVS for vernalization (VERNDVS) reached at day 1984-06-03, but vernalization requirements not yet fulfilled. Forcing vernalization now (VERN=47.688571).
[2026-03-24 12:31:37,351][pcse.crop.phenology.Vernalisation][INFO] - Critical DVS for vernalization (VERNDVS) reached at day 1984-06-04, but vernalization requirements not yet fulfilled. Forcing vernalization now (VERN=47.688571).
[2026-03-24 12:31:37,367][pcse.crop.phenology.Vernalisation][INFO] - Critical DVS for vernalization (VERNDVS) reached at day 1984-06-05, but vernalization requirements not yet fulfilled. Forcing vernalization now (VERN=47.688571).
[2026-03-24 12:31:37,382][pcse.crop.phenology.Vernalisation][INFO] - Critical DVS for vernalization (VERNDVS) reached at day 1984-06-06, but vernalization requirements not yet fulfilled. Forcing vernalization now (VERN=47.688571).
[2026-03-24 12:31:37,398][pcse.crop.phenology.Vernalisation][INFO] - Critical DVS for vernalization (VERNDVS) reached at day 1984-06-07, but vernalization requirements not yet fulfilled. Forcing vernalization now (VERN=47.688571).
[2026-03-24 12:31:37,414][pcse.crop.phenology.Vernalisation][INFO] - Critical DVS for vernalization (VERNDVS) reached at day 1984-06-08, but vernalization requirements not yet fulfilled. Forcing vernalization now (VERN=47.688571).
[2026-03-24 12:31:37,429][pcse.crop.phenology.Vernalisation][INFO] - Critical DVS for vernalization (VERNDVS) reached at day 1984-06-09, but vernalization requirements not yet fulfilled. Forcing vernalization now (VERN=47.688571).
[2026-03-24 12:31:37,445][pcse.crop.phenology.Vernalisation][INFO] - Critical DVS for vernalization (VERNDVS) reached at day 1984-06-10, but vernalization requirements not yet fulfilled. Forcing vernalization now (VERN=47.688571).
[2026-03-24 12:31:37,460][pcse.crop.phenology.Vernalisation][INFO] - Critical DVS for vernalization (VERNDVS) reached at day 1984-06-11, but vernalization requirements not yet fulfilled. Forcing vernalization now (VERN=47.688571).
[2026-03-24 12:31:37,476][pcse.crop.phenology.Vernalisation][INFO] - Critical DVS for vernalization (VERNDVS) reached at day 1984-06-12, but vernalization requirements not yet fulfilled. Forcing vernalization now (VERN=47.688571).
[2026-03-24 12:31:37,491][pcse.crop.phenology.Vernalisation][INFO] - Critical DVS for vernalization (VERNDVS) reached at day 1984-06-13, but vernalization requirements not yet fulfilled. Forcing vernalization now (VERN=47.688571).
[2026-03-24 12:31:37,507][pcse.crop.phenology.Vernalisation][INFO] - Critical DVS for vernalization (VERNDVS) reached at day 1984-06-14, but vernalization requirements not yet fulfilled. Forcing vernalization now (VERN=47.688571).
[2026-03-24 12:31:37,522][pcse.crop.phenology.Vernalisation][INFO] - Critical DVS for vernalization (VERNDVS) reached at day 1984-06-15, but vernalization requirements not yet fulfilled. Forcing vernalization now (VERN=47.688571).
[2026-03-24 12:31:37,538][pcse.crop.phenology.Vernalisation][INFO] - Critical DVS for vernalization (VERNDVS) reached at day 1984-06-16, but vernalization requirements not yet fulfilled. Forcing vernalization now (VERN=47.688571).
[2026-03-24 12:31:37,554][pcse.crop.phenology.Vernalisation][INFO] - Critical DVS for vernalization (VERNDVS) reached at day 1984-06-17, but vernalization requirements not yet fulfilled. Forcing vernalization now (VERN=47.688571).
[2026-03-24 12:31:37,570][pcse.crop.phenology.Vernalisation][INFO] - Critical DVS for vernalization (VERNDVS) reached at day 1984-06-18, but vernalization requirements not yet fulfilled. Forcing vernalization now (VERN=47.688571).
[2026-03-24 12:31:37,588][pcse.crop.phenology.Vernalisation][INFO] - Critical DVS for vernalization (VERNDVS) reached at day 1984-06-19, but vernalization requirements not yet fulfilled. Forcing vernalization now (VERN=47.688571).
[2026-03-24 12:31:37,607][pcse.crop.phenology.Vernalisation][INFO] - Critical DVS for vernalization (VERNDVS) reached at day 1984-06-20, but vernalization requirements not yet fulfilled. Forcing vernalization now (VERN=47.688571).
[2026-03-24 12:31:37,621][pcse.crop.phenology.Vernalisation][INFO] - Critical DVS for vernalization (VERNDVS) reached at day 1984-06-21, but vernalization requirements not yet fulfilled. Forcing vernalization now (VERN=47.688571).
[2026-03-24 12:31:37,635][pcse.crop.phenology.Vernalisation][INFO] - Critical DVS for vernalization (VERNDVS) reached at day 1984-06-22, but vernalization requirements not yet fulfilled. Forcing vernalization now (VERN=47.688571).
[2026-03-24 12:31:37,649][pcse.crop.phenology.Vernalisation][INFO] - Critical DVS for vernalization (VERNDVS) reached at day 1984-06-23, but vernalization requirements not yet fulfilled. Forcing vernalization now (VERN=47.688571).
[2026-03-24 12:31:37,663][pcse.crop.phenology.Vernalisation][INFO] - Critical DVS for vernalization (VERNDVS) reached at day 1984-06-24, but vernalization requirements not yet fulfilled. Forcing vernalization now (VERN=47.688571).
[2026-03-24 12:31:37,677][pcse.crop.phenology.Vernalisation][INFO] - Critical DVS for vernalization (VERNDVS) reached at day 1984-06-25, but vernalization requirements not yet fulfilled. Forcing vernalization now (VERN=47.688571).
[2026-03-24 12:31:37,691][pcse.crop.phenology.Vernalisation][INFO] - Critical DVS for vernalization (VERNDVS) reached at day 1984-06-26, but vernalization requirements not yet fulfilled. Forcing vernalization now (VERN=47.688571).
[2026-03-24 12:31:37,705][pcse.crop.phenology.Vernalisation][INFO] - Critical DVS for vernalization (VERNDVS) reached at day 1984-06-27, but vernalization requirements not yet fulfilled. Forcing vernalization now (VERN=47.688571).
[2026-03-24 12:31:37,719][pcse.crop.phenology.Vernalisation][INFO] - Critical DVS for vernalization (VERNDVS) reached at day 1984-06-28, but vernalization requirements not yet fulfilled. Forcing vernalization now (VERN=47.688571).
[2026-03-24 12:31:37,732][pcse.crop.phenology.Vernalisation][INFO] - Critical DVS for vernalization (VERNDVS) reached at day 1984-06-29, but vernalization requirements not yet fulfilled. Forcing vernalization now (VERN=47.688571).
[2026-03-24 12:31:37,732][pcse.crop.phenology.Annual_Phenology][INFO] - Changed phenological stage 'vegetative' to 'reproductive' on 1984-06-29
[2026-03-24 12:31:39,077][pcse.crop.phenology.Annual_Phenology][INFO] - Changed phenological stage 'reproductive' to 'mature' on 1984-09-13
[2026-03-24 12:31:39,344][pcse.base.timer.Timer][INFO] - Reached end of simulation period as specified by END_DATE.
| train          | E: 97 | S: 23377 | R: -0.4308 | TR: 15.8611 | TF: 128 | LR: 0 | NR: 0 | D: 04.3 s | TD: 00.0 s | BR: -0.0002 | ALOSS: 11358.8921 | CLOSS: 1374656.1486 | TLOSS: -219.7909 | TVAL: 0.4493 | AENT: -490.2169 | BCLOSS: 0.0000
[EPISODE DBG] episode=97 step=23377 pred_return=-0.377419 true_return=12.083472 total_feedback=128 labeled_feedback=0
[2026-03-24 12:31:39,351][pcse.agromanager.SoilCalendar][INFO] - Starting soil (oregon) with variation (oregon_1) on day 1984-02-01
[2026-03-24 12:31:39,353][pcse.agromanager.CropCalendar][INFO] - Starting crop (wheat) with variety (wheat_1) on day 1984-02-01
[2026-03-24 12:31:40,775][pcse.crop.phenology.Annual_Phenology][INFO] - Changed phenological stage 'emerging' to 'vegetative' on 1984-04-10
[2026-03-24 12:31:41,590][pcse.crop.phenology.Vernalisation][INFO] - Critical DVS for vernalization (VERNDVS) reached at day 1984-06-02, but vernalization requirements not yet fulfilled. Forcing vernalization now (VERN=47.688571).
[2026-03-24 12:31:41,606][pcse.crop.phenology.Vernalisation][INFO] - Critical DVS for vernalization (VERNDVS) reached at day 1984-06-03, but vernalization requirements not yet fulfilled. Forcing vernalization now (VERN=47.688571).
[2026-03-24 12:31:41,621][pcse.crop.phenology.Vernalisation][INFO] - Critical DVS for vernalization (VERNDVS) reached at day 1984-06-04, but vernalization requirements not yet fulfilled. Forcing vernalization now (VERN=47.688571).
[REPLAY DBG] post-agent-update step=23500 n=23500 mean=-0.000253 std=0.007467 min=-0.043908 max=0.028845
[2026-03-24 12:31:41,793][pcse.crop.phenology.Vernalisation][INFO] - Critical DVS for vernalization (VERNDVS) reached at day 1984-06-05, but vernalization requirements not yet fulfilled. Forcing vernalization now (VERN=47.688571).
[STEP DBG] step=23500 env_reward=0.000000 r_hat=0.004924 done=False
[NORM DBG] count=23500 mean_abs_mean=62547.828125 mean_std=128.728241 min_std=0.001000 max_std=1669.761597
[2026-03-24 12:31:41,810][pcse.crop.phenology.Vernalisation][INFO] - Critical DVS for vernalization (VERNDVS) reached at day 1984-06-06, but vernalization requirements not yet fulfilled. Forcing vernalization now (VERN=47.688571).
[2026-03-24 12:31:41,826][pcse.crop.phenology.Vernalisation][INFO] - Critical DVS for vernalization (VERNDVS) reached at day 1984-06-07, but vernalization requirements not yet fulfilled. Forcing vernalization now (VERN=47.688571).
[2026-03-24 12:31:41,841][pcse.crop.phenology.Vernalisation][INFO] - Critical DVS for vernalization (VERNDVS) reached at day 1984-06-08, but vernalization requirements not yet fulfilled. Forcing vernalization now (VERN=47.688571).
[2026-03-24 12:31:41,857][pcse.crop.phenology.Vernalisation][INFO] - Critical DVS for vernalization (VERNDVS) reached at day 1984-06-09, but vernalization requirements not yet fulfilled. Forcing vernalization now (VERN=47.688571).
[2026-03-24 12:31:41,873][pcse.crop.phenology.Vernalisation][INFO] - Critical DVS for vernalization (VERNDVS) reached at day 1984-06-10, but vernalization requirements not yet fulfilled. Forcing vernalization now (VERN=47.688571).
[2026-03-24 12:31:41,888][pcse.crop.phenology.Vernalisation][INFO] - Critical DVS for vernalization (VERNDVS) reached at day 1984-06-11, but vernalization requirements not yet fulfilled. Forcing vernalization now (VERN=47.688571).
[2026-03-24 12:31:41,901][pcse.crop.phenology.Vernalisation][INFO] - Critical DVS for vernalization (VERNDVS) reached at day 1984-06-12, but vernalization requirements not yet fulfilled. Forcing vernalization now (VERN=47.688571).
[2026-03-24 12:31:41,915][pcse.crop.phenology.Vernalisation][INFO] - Critical DVS for vernalization (VERNDVS) reached at day 1984-06-13, but vernalization requirements not yet fulfilled. Forcing vernalization now (VERN=47.688571).
[2026-03-24 12:31:41,929][pcse.crop.phenology.Vernalisation][INFO] - Critical DVS for vernalization (VERNDVS) reached at day 1984-06-14, but vernalization requirements not yet fulfilled. Forcing vernalization now (VERN=47.688571).
[2026-03-24 12:31:41,943][pcse.crop.phenology.Vernalisation][INFO] - Critical DVS for vernalization (VERNDVS) reached at day 1984-06-15, but vernalization requirements not yet fulfilled. Forcing vernalization now (VERN=47.688571).
[2026-03-24 12:31:41,957][pcse.crop.phenology.Vernalisation][INFO] - Critical DVS for vernalization (VERNDVS) reached at day 1984-06-16, but vernalization requirements not yet fulfilled. Forcing vernalization now (VERN=47.688571).
[2026-03-24 12:31:41,971][pcse.crop.phenology.Vernalisation][INFO] - Critical DVS for vernalization (VERNDVS) reached at day 1984-06-17, but vernalization requirements not yet fulfilled. Forcing vernalization now (VERN=47.688571).
[2026-03-24 12:31:41,985][pcse.crop.phenology.Vernalisation][INFO] - Critical DVS for vernalization (VERNDVS) reached at day 1984-06-18, but vernalization requirements not yet fulfilled. Forcing vernalization now (VERN=47.688571).
[2026-03-24 12:31:41,999][pcse.crop.phenology.Vernalisation][INFO] - Critical DVS for vernalization (VERNDVS) reached at day 1984-06-19, but vernalization requirements not yet fulfilled. Forcing vernalization now (VERN=47.688571).
[2026-03-24 12:31:42,012][pcse.crop.phenology.Vernalisation][INFO] - Critical DVS for vernalization (VERNDVS) reached at day 1984-06-20, but vernalization requirements not yet fulfilled. Forcing vernalization now (VERN=47.688571).
[2026-03-24 12:31:42,026][pcse.crop.phenology.Vernalisation][INFO] - Critical DVS for vernalization (VERNDVS) reached at day 1984-06-21, but vernalization requirements not yet fulfilled. Forcing vernalization now (VERN=47.688571).
[2026-03-24 12:31:42,039][pcse.crop.phenology.Vernalisation][INFO] - Critical DVS for vernalization (VERNDVS) reached at day 1984-06-22, but vernalization requirements not yet fulfilled. Forcing vernalization now (VERN=47.688571).
[2026-03-24 12:31:42,053][pcse.crop.phenology.Vernalisation][INFO] - Critical DVS for vernalization (VERNDVS) reached at day 1984-06-23, but vernalization requirements not yet fulfilled. Forcing vernalization now (VERN=47.688571).
[2026-03-24 12:31:42,066][pcse.crop.phenology.Vernalisation][INFO] - Critical DVS for vernalization (VERNDVS) reached at day 1984-06-24, but vernalization requirements not yet fulfilled. Forcing vernalization now (VERN=47.688571).
[2026-03-24 12:31:42,080][pcse.crop.phenology.Vernalisation][INFO] - Critical DVS for vernalization (VERNDVS) reached at day 1984-06-25, but vernalization requirements not yet fulfilled. Forcing vernalization now (VERN=47.688571).
[2026-03-24 12:31:42,093][pcse.crop.phenology.Vernalisation][INFO] - Critical DVS for vernalization (VERNDVS) reached at day 1984-06-26, but vernalization requirements not yet fulfilled. Forcing vernalization now (VERN=47.688571).
[2026-03-24 12:31:42,107][pcse.crop.phenology.Vernalisation][INFO] - Critical DVS for vernalization (VERNDVS) reached at day 1984-06-27, but vernalization requirements not yet fulfilled. Forcing vernalization now (VERN=47.688571).
[2026-03-24 12:31:42,121][pcse.crop.phenology.Vernalisation][INFO] - Critical DVS for vernalization (VERNDVS) reached at day 1984-06-28, but vernalization requirements not yet fulfilled. Forcing vernalization now (VERN=47.688571).
[2026-03-24 12:31:42,135][pcse.crop.phenology.Vernalisation][INFO] - Critical DVS for vernalization (VERNDVS) reached at day 1984-06-29, but vernalization requirements not yet fulfilled. Forcing vernalization now (VERN=47.688571).
[2026-03-24 12:31:42,135][pcse.crop.phenology.Annual_Phenology][INFO] - Changed phenological stage 'vegetative' to 'reproductive' on 1984-06-29
[2026-03-24 12:31:43,312][pcse.crop.phenology.Annual_Phenology][INFO] - Changed phenological stage 'reproductive' to 'mature' on 1984-09-13
[2026-03-24 12:31:43,585][pcse.base.timer.Timer][INFO] - Reached end of simulation period as specified by END_DATE.
| train          | E: 98 | S: 23618 | R: -0.3774 | TR: 12.0835 | TF: 128 | LR: 0 | NR: 0 | D: 04.2 s | TD: 00.0 s | BR: -0.0003 | ALOSS: 11407.8814 | CLOSS: 1385668.9981 | TLOSS: -220.2475 | TVAL: 0.4593 | AENT: -480.5442 | BCLOSS: 0.0000
[EPISODE DBG] episode=98 step=23618 pred_return=-0.387172 true_return=20.711114 total_feedback=128 labeled_feedback=0
[2026-03-24 12:31:43,592][pcse.agromanager.SoilCalendar][INFO] - Starting soil (oregon) with variation (oregon_1) on day 1984-02-01
[2026-03-24 12:31:43,594][pcse.agromanager.CropCalendar][INFO] - Starting crop (wheat) with variety (wheat_1) on day 1984-02-01
[2026-03-24 12:31:44,848][pcse.crop.phenology.Annual_Phenology][INFO] - Changed phenological stage 'emerging' to 'vegetative' on 1984-04-10
[2026-03-24 12:31:45,839][pcse.crop.phenology.Vernalisation][INFO] - Critical DVS for vernalization (VERNDVS) reached at day 1984-06-02, but vernalization requirements not yet fulfilled. Forcing vernalization now (VERN=47.688571).
[2026-03-24 12:31:45,854][pcse.crop.phenology.Vernalisation][INFO] - Critical DVS for vernalization (VERNDVS) reached at day 1984-06-03, but vernalization requirements not yet fulfilled. Forcing vernalization now (VERN=47.688571).
[2026-03-24 12:31:45,871][pcse.crop.phenology.Vernalisation][INFO] - Critical DVS for vernalization (VERNDVS) reached at day 1984-06-04, but vernalization requirements not yet fulfilled. Forcing vernalization now (VERN=47.688571).
[2026-03-24 12:31:45,886][pcse.crop.phenology.Vernalisation][INFO] - Critical DVS for vernalization (VERNDVS) reached at day 1984-06-05, but vernalization requirements not yet fulfilled. Forcing vernalization now (VERN=47.688571).
[2026-03-24 12:31:45,902][pcse.crop.phenology.Vernalisation][INFO] - Critical DVS for vernalization (VERNDVS) reached at day 1984-06-06, but vernalization requirements not yet fulfilled. Forcing vernalization now (VERN=47.688571).
[2026-03-24 12:31:45,918][pcse.crop.phenology.Vernalisation][INFO] - Critical DVS for vernalization (VERNDVS) reached at day 1984-06-07, but vernalization requirements not yet fulfilled. Forcing vernalization now (VERN=47.688571).
[2026-03-24 12:31:45,933][pcse.crop.phenology.Vernalisation][INFO] - Critical DVS for vernalization (VERNDVS) reached at day 1984-06-08, but vernalization requirements not yet fulfilled. Forcing vernalization now (VERN=47.688571).
[2026-03-24 12:31:45,949][pcse.crop.phenology.Vernalisation][INFO] - Critical DVS for vernalization (VERNDVS) reached at day 1984-06-09, but vernalization requirements not yet fulfilled. Forcing vernalization now (VERN=47.688571).
[2026-03-24 12:31:45,964][pcse.crop.phenology.Vernalisation][INFO] - Critical DVS for vernalization (VERNDVS) reached at day 1984-06-10, but vernalization requirements not yet fulfilled. Forcing vernalization now (VERN=47.688571).
[2026-03-24 12:31:45,980][pcse.crop.phenology.Vernalisation][INFO] - Critical DVS for vernalization (VERNDVS) reached at day 1984-06-11, but vernalization requirements not yet fulfilled. Forcing vernalization now (VERN=47.688571).
[2026-03-24 12:31:45,996][pcse.crop.phenology.Vernalisation][INFO] - Critical DVS for vernalization (VERNDVS) reached at day 1984-06-12, but vernalization requirements not yet fulfilled. Forcing vernalization now (VERN=47.688571).
[2026-03-24 12:31:46,012][pcse.crop.phenology.Vernalisation][INFO] - Critical DVS for vernalization (VERNDVS) reached at day 1984-06-13, but vernalization requirements not yet fulfilled. Forcing vernalization now (VERN=47.688571).
[2026-03-24 12:31:46,027][pcse.crop.phenology.Vernalisation][INFO] - Critical DVS for vernalization (VERNDVS) reached at day 1984-06-14, but vernalization requirements not yet fulfilled. Forcing vernalization now (VERN=47.688571).
[2026-03-24 12:31:46,043][pcse.crop.phenology.Vernalisation][INFO] - Critical DVS for vernalization (VERNDVS) reached at day 1984-06-15, but vernalization requirements not yet fulfilled. Forcing vernalization now (VERN=47.688571).
[2026-03-24 12:31:46,059][pcse.crop.phenology.Vernalisation][INFO] - Critical DVS for vernalization (VERNDVS) reached at day 1984-06-16, but vernalization requirements not yet fulfilled. Forcing vernalization now (VERN=47.688571).
[2026-03-24 12:31:46,074][pcse.crop.phenology.Vernalisation][INFO] - Critical DVS for vernalization (VERNDVS) reached at day 1984-06-17, but vernalization requirements not yet fulfilled. Forcing vernalization now (VERN=47.688571).
[2026-03-24 12:31:46,091][pcse.crop.phenology.Vernalisation][INFO] - Critical DVS for vernalization (VERNDVS) reached at day 1984-06-18, but vernalization requirements not yet fulfilled. Forcing vernalization now (VERN=47.688571).
[2026-03-24 12:31:46,106][pcse.crop.phenology.Vernalisation][INFO] - Critical DVS for vernalization (VERNDVS) reached at day 1984-06-19, but vernalization requirements not yet fulfilled. Forcing vernalization now (VERN=47.688571).
[2026-03-24 12:31:46,122][pcse.crop.phenology.Vernalisation][INFO] - Critical DVS for vernalization (VERNDVS) reached at day 1984-06-20, but vernalization requirements not yet fulfilled. Forcing vernalization now (VERN=47.688571).
[2026-03-24 12:31:46,137][pcse.crop.phenology.Vernalisation][INFO] - Critical DVS for vernalization (VERNDVS) reached at day 1984-06-21, but vernalization requirements not yet fulfilled. Forcing vernalization now (VERN=47.688571).
[2026-03-24 12:31:46,153][pcse.crop.phenology.Vernalisation][INFO] - Critical DVS for vernalization (VERNDVS) reached at day 1984-06-22, but vernalization requirements not yet fulfilled. Forcing vernalization now (VERN=47.688571).
[2026-03-24 12:31:46,168][pcse.crop.phenology.Vernalisation][INFO] - Critical DVS for vernalization (VERNDVS) reached at day 1984-06-23, but vernalization requirements not yet fulfilled. Forcing vernalization now (VERN=47.688571).
[2026-03-24 12:31:46,184][pcse.crop.phenology.Vernalisation][INFO] - Critical DVS for vernalization (VERNDVS) reached at day 1984-06-24, but vernalization requirements not yet fulfilled. Forcing vernalization now (VERN=47.688571).
[2026-03-24 12:31:46,199][pcse.crop.phenology.Vernalisation][INFO] - Critical DVS for vernalization (VERNDVS) reached at day 1984-06-25, but vernalization requirements not yet fulfilled. Forcing vernalization now (VERN=47.688571).
[2026-03-24 12:31:46,215][pcse.crop.phenology.Vernalisation][INFO] - Critical DVS for vernalization (VERNDVS) reached at day 1984-06-26, but vernalization requirements not yet fulfilled. Forcing vernalization now (VERN=47.688571).
[2026-03-24 12:31:46,230][pcse.crop.phenology.Vernalisation][INFO] - Critical DVS for vernalization (VERNDVS) reached at day 1984-06-27, but vernalization requirements not yet fulfilled. Forcing vernalization now (VERN=47.688571).
[2026-03-24 12:31:46,246][pcse.crop.phenology.Vernalisation][INFO] - Critical DVS for vernalization (VERNDVS) reached at day 1984-06-28, but vernalization requirements not yet fulfilled. Forcing vernalization now (VERN=47.688571).
[2026-03-24 12:31:46,261][pcse.crop.phenology.Vernalisation][INFO] - Critical DVS for vernalization (VERNDVS) reached at day 1984-06-29, but vernalization requirements not yet fulfilled. Forcing vernalization now (VERN=47.688571).
[2026-03-24 12:31:46,261][pcse.crop.phenology.Annual_Phenology][INFO] - Changed phenological stage 'vegetative' to 'reproductive' on 1984-06-29
[2026-03-24 12:31:47,571][pcse.crop.phenology.Annual_Phenology][INFO] - Changed phenological stage 'reproductive' to 'mature' on 1984-09-13
[2026-03-24 12:31:47,805][pcse.base.timer.Timer][INFO] - Reached end of simulation period as specified by END_DATE.
| train          | E: 99 | S: 23859 | R: -0.3872 | TR: 20.7111 | TF: 128 | LR: 0 | NR: 0 | D: 04.2 s | TD: 00.0 s | BR: -0.0003 | ALOSS: 11438.3807 | CLOSS: 1252784.4847 | TLOSS: -221.6757 | TVAL: 0.4695 | AENT: -473.1267 | BCLOSS: 0.0000
[EPISODE DBG] episode=99 step=23859 pred_return=-0.416251 true_return=19.897423 total_feedback=128 labeled_feedback=0
[2026-03-24 12:31:47,811][pcse.agromanager.SoilCalendar][INFO] - Starting soil (oregon) with variation (oregon_1) on day 1984-02-01
[2026-03-24 12:31:47,813][pcse.agromanager.CropCalendar][INFO] - Starting crop (wheat) with variety (wheat_1) on day 1984-02-01
[2026-03-24 12:31:49,113][pcse.crop.phenology.Annual_Phenology][INFO] - Changed phenological stage 'emerging' to 'vegetative' on 1984-04-10
[2026-03-24 12:31:49,938][pcse.crop.phenology.Vernalisation][INFO] - Critical DVS for vernalization (VERNDVS) reached at day 1984-06-02, but vernalization requirements not yet fulfilled. Forcing vernalization now (VERN=47.688571).
[2026-03-24 12:31:49,954][pcse.crop.phenology.Vernalisation][INFO] - Critical DVS for vernalization (VERNDVS) reached at day 1984-06-03, but vernalization requirements not yet fulfilled. Forcing vernalization now (VERN=47.688571).
[2026-03-24 12:31:49,970][pcse.crop.phenology.Vernalisation][INFO] - Critical DVS for vernalization (VERNDVS) reached at day 1984-06-04, but vernalization requirements not yet fulfilled. Forcing vernalization now (VERN=47.688571).
[2026-03-24 12:31:49,986][pcse.crop.phenology.Vernalisation][INFO] - Critical DVS for vernalization (VERNDVS) reached at day 1984-06-05, but vernalization requirements not yet fulfilled. Forcing vernalization now (VERN=47.688571).
[2026-03-24 12:31:50,001][pcse.crop.phenology.Vernalisation][INFO] - Critical DVS for vernalization (VERNDVS) reached at day 1984-06-06, but vernalization requirements not yet fulfilled. Forcing vernalization now (VERN=47.688571).
[2026-03-24 12:31:50,017][pcse.crop.phenology.Vernalisation][INFO] - Critical DVS for vernalization (VERNDVS) reached at day 1984-06-07, but vernalization requirements not yet fulfilled. Forcing vernalization now (VERN=47.688571).
[2026-03-24 12:31:50,032][pcse.crop.phenology.Vernalisation][INFO] - Critical DVS for vernalization (VERNDVS) reached at day 1984-06-08, but vernalization requirements not yet fulfilled. Forcing vernalization now (VERN=47.688571).
[2026-03-24 12:31:50,047][pcse.crop.phenology.Vernalisation][INFO] - Critical DVS for vernalization (VERNDVS) reached at day 1984-06-09, but vernalization requirements not yet fulfilled. Forcing vernalization now (VERN=47.688571).
[2026-03-24 12:31:50,063][pcse.crop.phenology.Vernalisation][INFO] - Critical DVS for vernalization (VERNDVS) reached at day 1984-06-10, but vernalization requirements not yet fulfilled. Forcing vernalization now (VERN=47.688571).
[2026-03-24 12:31:50,079][pcse.crop.phenology.Vernalisation][INFO] - Critical DVS for vernalization (VERNDVS) reached at day 1984-06-11, but vernalization requirements not yet fulfilled. Forcing vernalization now (VERN=47.688571).
[2026-03-24 12:31:50,096][pcse.crop.phenology.Vernalisation][INFO] - Critical DVS for vernalization (VERNDVS) reached at day 1984-06-12, but vernalization requirements not yet fulfilled. Forcing vernalization now (VERN=47.688571).
[2026-03-24 12:31:50,111][pcse.crop.phenology.Vernalisation][INFO] - Critical DVS for vernalization (VERNDVS) reached at day 1984-06-13, but vernalization requirements not yet fulfilled. Forcing vernalization now (VERN=47.688571).
[2026-03-24 12:31:50,127][pcse.crop.phenology.Vernalisation][INFO] - Critical DVS for vernalization (VERNDVS) reached at day 1984-06-14, but vernalization requirements not yet fulfilled. Forcing vernalization now (VERN=47.688571).
[2026-03-24 12:31:50,142][pcse.crop.phenology.Vernalisation][INFO] - Critical DVS for vernalization (VERNDVS) reached at day 1984-06-15, but vernalization requirements not yet fulfilled. Forcing vernalization now (VERN=47.688571).
[2026-03-24 12:31:50,158][pcse.crop.phenology.Vernalisation][INFO] - Critical DVS for vernalization (VERNDVS) reached at day 1984-06-16, but vernalization requirements not yet fulfilled. Forcing vernalization now (VERN=47.688571).
[2026-03-24 12:31:50,174][pcse.crop.phenology.Vernalisation][INFO] - Critical DVS for vernalization (VERNDVS) reached at day 1984-06-17, but vernalization requirements not yet fulfilled. Forcing vernalization now (VERN=47.688571).
[2026-03-24 12:31:50,190][pcse.crop.phenology.Vernalisation][INFO] - Critical DVS for vernalization (VERNDVS) reached at day 1984-06-18, but vernalization requirements not yet fulfilled. Forcing vernalization now (VERN=47.688571).
[2026-03-24 12:31:50,206][pcse.crop.phenology.Vernalisation][INFO] - Critical DVS for vernalization (VERNDVS) reached at day 1984-06-19, but vernalization requirements not yet fulfilled. Forcing vernalization now (VERN=47.688571).
[2026-03-24 12:31:50,221][pcse.crop.phenology.Vernalisation][INFO] - Critical DVS for vernalization (VERNDVS) reached at day 1984-06-20, but vernalization requirements not yet fulfilled. Forcing vernalization now (VERN=47.688571).
[2026-03-24 12:31:50,238][pcse.crop.phenology.Vernalisation][INFO] - Critical DVS for vernalization (VERNDVS) reached at day 1984-06-21, but vernalization requirements not yet fulfilled. Forcing vernalization now (VERN=47.688571).
[2026-03-24 12:31:50,253][pcse.crop.phenology.Vernalisation][INFO] - Critical DVS for vernalization (VERNDVS) reached at day 1984-06-22, but vernalization requirements not yet fulfilled. Forcing vernalization now (VERN=47.688571).
[REPLAY DBG] post-agent-update step=24000 n=24000 mean=-0.000288 std=0.007458 min=-0.043908 max=0.028845
[2026-03-24 12:31:50,511][pcse.crop.phenology.Vernalisation][INFO] - Critical DVS for vernalization (VERNDVS) reached at day 1984-06-23, but vernalization requirements not yet fulfilled. Forcing vernalization now (VERN=47.688571).
[STEP DBG] step=24000 env_reward=0.000000 r_hat=-0.006817 done=False
[NORM DBG] count=24000 mean_abs_mean=62547.195312 mean_std=127.563210 min_std=0.001000 max_std=1653.321167
[2026-03-24 12:31:50,543][pcse.crop.phenology.Vernalisation][INFO] - Critical DVS for vernalization (VERNDVS) reached at day 1984-06-24, but vernalization requirements not yet fulfilled. Forcing vernalization now (VERN=47.688571).
[2026-03-24 12:31:50,560][pcse.crop.phenology.Vernalisation][INFO] - Critical DVS for vernalization (VERNDVS) reached at day 1984-06-25, but vernalization requirements not yet fulfilled. Forcing vernalization now (VERN=47.688571).
[2026-03-24 12:31:50,577][pcse.crop.phenology.Vernalisation][INFO] - Critical DVS for vernalization (VERNDVS) reached at day 1984-06-26, but vernalization requirements not yet fulfilled. Forcing vernalization now (VERN=47.688571).
[2026-03-24 12:31:50,593][pcse.crop.phenology.Vernalisation][INFO] - Critical DVS for vernalization (VERNDVS) reached at day 1984-06-27, but vernalization requirements not yet fulfilled. Forcing vernalization now (VERN=47.688571).
[2026-03-24 12:31:50,607][pcse.crop.phenology.Vernalisation][INFO] - Critical DVS for vernalization (VERNDVS) reached at day 1984-06-28, but vernalization requirements not yet fulfilled. Forcing vernalization now (VERN=47.688571).
[2026-03-24 12:31:50,624][pcse.crop.phenology.Vernalisation][INFO] - Critical DVS for vernalization (VERNDVS) reached at day 1984-06-29, but vernalization requirements not yet fulfilled. Forcing vernalization now (VERN=47.688571).
[2026-03-24 12:31:50,625][pcse.crop.phenology.Annual_Phenology][INFO] - Changed phenological stage 'vegetative' to 'reproductive' on 1984-06-29
[2026-03-24 12:31:51,827][pcse.crop.phenology.Annual_Phenology][INFO] - Changed phenological stage 'reproductive' to 'mature' on 1984-09-13
[2026-03-24 12:31:52,103][pcse.base.timer.Timer][INFO] - Reached end of simulation period as specified by END_DATE.
| train          | E: 100 | S: 24100 | R: -0.4163 | TR: 19.8974 | TF: 128 | LR: 0 | NR: 0 | D: 04.3 s | TD: 00.0 s | BR: -0.0003 | ALOSS: 11477.9702 | CLOSS: 1230423.4483 | TLOSS: -222.6724 | TVAL: 0.4801 | AENT: -464.8097 | BCLOSS: 0.0000
[EPISODE DBG] episode=100 step=24100 pred_return=-0.437166 true_return=15.861067 total_feedback=128 labeled_feedback=0
[2026-03-24 12:31:52,111][pcse.agromanager.SoilCalendar][INFO] - Starting soil (oregon) with variation (oregon_1) on day 1984-02-01
[2026-03-24 12:31:52,113][pcse.agromanager.CropCalendar][INFO] - Starting crop (wheat) with variety (wheat_1) on day 1984-02-01
[2026-03-24 12:31:53,634][pcse.crop.phenology.Annual_Phenology][INFO] - Changed phenological stage 'emerging' to 'vegetative' on 1984-04-10
[2026-03-24 12:31:54,767][pcse.crop.phenology.Vernalisation][INFO] - Critical DVS for vernalization (VERNDVS) reached at day 1984-06-02, but vernalization requirements not yet fulfilled. Forcing vernalization now (VERN=47.688571).
[2026-03-24 12:31:54,782][pcse.crop.phenology.Vernalisation][INFO] - Critical DVS for vernalization (VERNDVS) reached at day 1984-06-03, but vernalization requirements not yet fulfilled. Forcing vernalization now (VERN=47.688571).
[2026-03-24 12:31:54,798][pcse.crop.phenology.Vernalisation][INFO] - Critical DVS for vernalization (VERNDVS) reached at day 1984-06-04, but vernalization requirements not yet fulfilled. Forcing vernalization now (VERN=47.688571).
[2026-03-24 12:31:54,812][pcse.crop.phenology.Vernalisation][INFO] - Critical DVS for vernalization (VERNDVS) reached at day 1984-06-05, but vernalization requirements not yet fulfilled. Forcing vernalization now (VERN=47.688571).
[2026-03-24 12:31:54,827][pcse.crop.phenology.Vernalisation][INFO] - Critical DVS for vernalization (VERNDVS) reached at day 1984-06-06, but vernalization requirements not yet fulfilled. Forcing vernalization now (VERN=47.688571).
[2026-03-24 12:31:54,842][pcse.crop.phenology.Vernalisation][INFO] - Critical DVS for vernalization (VERNDVS) reached at day 1984-06-07, but vernalization requirements not yet fulfilled. Forcing vernalization now (VERN=47.688571).
[2026-03-24 12:31:54,857][pcse.crop.phenology.Vernalisation][INFO] - Critical DVS for vernalization (VERNDVS) reached at day 1984-06-08, but vernalization requirements not yet fulfilled. Forcing vernalization now (VERN=47.688571).
[2026-03-24 12:31:54,871][pcse.crop.phenology.Vernalisation][INFO] - Critical DVS for vernalization (VERNDVS) reached at day 1984-06-09, but vernalization requirements not yet fulfilled. Forcing vernalization now (VERN=47.688571).
[2026-03-24 12:31:54,886][pcse.crop.phenology.Vernalisation][INFO] - Critical DVS for vernalization (VERNDVS) reached at day 1984-06-10, but vernalization requirements not yet fulfilled. Forcing vernalization now (VERN=47.688571).
[2026-03-24 12:31:54,901][pcse.crop.phenology.Vernalisation][INFO] - Critical DVS for vernalization (VERNDVS) reached at day 1984-06-11, but vernalization requirements not yet fulfilled. Forcing vernalization now (VERN=47.688571).
[2026-03-24 12:31:54,916][pcse.crop.phenology.Vernalisation][INFO] - Critical DVS for vernalization (VERNDVS) reached at day 1984-06-12, but vernalization requirements not yet fulfilled. Forcing vernalization now (VERN=47.688571).
[2026-03-24 12:31:54,930][pcse.crop.phenology.Vernalisation][INFO] - Critical DVS for vernalization (VERNDVS) reached at day 1984-06-13, but vernalization requirements not yet fulfilled. Forcing vernalization now (VERN=47.688571).
[2026-03-24 12:31:54,945][pcse.crop.phenology.Vernalisation][INFO] - Critical DVS for vernalization (VERNDVS) reached at day 1984-06-14, but vernalization requirements not yet fulfilled. Forcing vernalization now (VERN=47.688571).
[2026-03-24 12:31:54,960][pcse.crop.phenology.Vernalisation][INFO] - Critical DVS for vernalization (VERNDVS) reached at day 1984-06-15, but vernalization requirements not yet fulfilled. Forcing vernalization now (VERN=47.688571).
[2026-03-24 12:31:54,974][pcse.crop.phenology.Vernalisation][INFO] - Critical DVS for vernalization (VERNDVS) reached at day 1984-06-16, but vernalization requirements not yet fulfilled. Forcing vernalization now (VERN=47.688571).
[2026-03-24 12:31:54,989][pcse.crop.phenology.Vernalisation][INFO] - Critical DVS for vernalization (VERNDVS) reached at day 1984-06-17, but vernalization requirements not yet fulfilled. Forcing vernalization now (VERN=47.688571).
[2026-03-24 12:31:55,004][pcse.crop.phenology.Vernalisation][INFO] - Critical DVS for vernalization (VERNDVS) reached at day 1984-06-18, but vernalization requirements not yet fulfilled. Forcing vernalization now (VERN=47.688571).
[2026-03-24 12:31:55,019][pcse.crop.phenology.Vernalisation][INFO] - Critical DVS for vernalization (VERNDVS) reached at day 1984-06-19, but vernalization requirements not yet fulfilled. Forcing vernalization now (VERN=47.688571).
[2026-03-24 12:31:55,034][pcse.crop.phenology.Vernalisation][INFO] - Critical DVS for vernalization (VERNDVS) reached at day 1984-06-20, but vernalization requirements not yet fulfilled. Forcing vernalization now (VERN=47.688571).
[2026-03-24 12:31:55,048][pcse.crop.phenology.Vernalisation][INFO] - Critical DVS for vernalization (VERNDVS) reached at day 1984-06-21, but vernalization requirements not yet fulfilled. Forcing vernalization now (VERN=47.688571).
[2026-03-24 12:31:55,063][pcse.crop.phenology.Vernalisation][INFO] - Critical DVS for vernalization (VERNDVS) reached at day 1984-06-22, but vernalization requirements not yet fulfilled. Forcing vernalization now (VERN=47.688571).
[2026-03-24 12:31:55,078][pcse.crop.phenology.Vernalisation][INFO] - Critical DVS for vernalization (VERNDVS) reached at day 1984-06-23, but vernalization requirements not yet fulfilled. Forcing vernalization now (VERN=47.688571).
[2026-03-24 12:31:55,093][pcse.crop.phenology.Vernalisation][INFO] - Critical DVS for vernalization (VERNDVS) reached at day 1984-06-24, but vernalization requirements not yet fulfilled. Forcing vernalization now (VERN=47.688571).
[2026-03-24 12:31:55,107][pcse.crop.phenology.Vernalisation][INFO] - Critical DVS for vernalization (VERNDVS) reached at day 1984-06-25, but vernalization requirements not yet fulfilled. Forcing vernalization now (VERN=47.688571).
[2026-03-24 12:31:55,122][pcse.crop.phenology.Vernalisation][INFO] - Critical DVS for vernalization (VERNDVS) reached at day 1984-06-26, but vernalization requirements not yet fulfilled. Forcing vernalization now (VERN=47.688571).
[2026-03-24 12:31:55,136][pcse.crop.phenology.Vernalisation][INFO] - Critical DVS for vernalization (VERNDVS) reached at day 1984-06-27, but vernalization requirements not yet fulfilled. Forcing vernalization now (VERN=47.688571).
[2026-03-24 12:31:55,150][pcse.crop.phenology.Vernalisation][INFO] - Critical DVS for vernalization (VERNDVS) reached at day 1984-06-28, but vernalization requirements not yet fulfilled. Forcing vernalization now (VERN=47.688571).
[2026-03-24 12:31:55,164][pcse.crop.phenology.Vernalisation][INFO] - Critical DVS for vernalization (VERNDVS) reached at day 1984-06-29, but vernalization requirements not yet fulfilled. Forcing vernalization now (VERN=47.688571).
[2026-03-24 12:31:55,164][pcse.crop.phenology.Annual_Phenology][INFO] - Changed phenological stage 'vegetative' to 'reproductive' on 1984-06-29
[2026-03-24 12:31:56,396][pcse.crop.phenology.Annual_Phenology][INFO] - Changed phenological stage 'reproductive' to 'mature' on 1984-09-13
[2026-03-24 12:31:56,628][pcse.base.timer.Timer][INFO] - Reached end of simulation period as specified by END_DATE.
| train          | E: 101 | S: 24341 | R: -0.4372 | TR: 15.8611 | TF: 128 | LR: 0 | NR: 0 | D: 04.5 s | TD: 00.0 s | BR: -0.0003 | ALOSS: 11526.6841 | CLOSS: 1134334.8375 | TLOSS: -225.3077 | TVAL: 0.4911 | AENT: -459.8173 | BCLOSS: 0.0000
[EPISODE DBG] episode=101 step=24341 pred_return=-0.382128 true_return=12.083472 total_feedback=128 labeled_feedback=0
[2026-03-24 12:31:56,634][pcse.agromanager.SoilCalendar][INFO] - Starting soil (oregon) with variation (oregon_1) on day 1984-02-01
[2026-03-24 12:31:56,635][pcse.agromanager.CropCalendar][INFO] - Starting crop (wheat) with variety (wheat_1) on day 1984-02-01
[2026-03-24 12:31:57,790][pcse.crop.phenology.Annual_Phenology][INFO] - Changed phenological stage 'emerging' to 'vegetative' on 1984-04-10
[2026-03-24 12:31:58,506][pcse.crop.phenology.Vernalisation][INFO] - Critical DVS for vernalization (VERNDVS) reached at day 1984-06-02, but vernalization requirements not yet fulfilled. Forcing vernalization now (VERN=47.688571).
[2026-03-24 12:31:58,520][pcse.crop.phenology.Vernalisation][INFO] - Critical DVS for vernalization (VERNDVS) reached at day 1984-06-03, but vernalization requirements not yet fulfilled. Forcing vernalization now (VERN=47.688571).
[2026-03-24 12:31:58,534][pcse.crop.phenology.Vernalisation][INFO] - Critical DVS for vernalization (VERNDVS) reached at day 1984-06-04, but vernalization requirements not yet fulfilled. Forcing vernalization now (VERN=47.688571).
[2026-03-24 12:31:58,548][pcse.crop.phenology.Vernalisation][INFO] - Critical DVS for vernalization (VERNDVS) reached at day 1984-06-05, but vernalization requirements not yet fulfilled. Forcing vernalization now (VERN=47.688571).
[2026-03-24 12:31:58,562][pcse.crop.phenology.Vernalisation][INFO] - Critical DVS for vernalization (VERNDVS) reached at day 1984-06-06, but vernalization requirements not yet fulfilled. Forcing vernalization now (VERN=47.688571).
[2026-03-24 12:31:58,576][pcse.crop.phenology.Vernalisation][INFO] - Critical DVS for vernalization (VERNDVS) reached at day 1984-06-07, but vernalization requirements not yet fulfilled. Forcing vernalization now (VERN=47.688571).
[2026-03-24 12:31:58,589][pcse.crop.phenology.Vernalisation][INFO] - Critical DVS for vernalization (VERNDVS) reached at day 1984-06-08, but vernalization requirements not yet fulfilled. Forcing vernalization now (VERN=47.688571).
[2026-03-24 12:31:58,603][pcse.crop.phenology.Vernalisation][INFO] - Critical DVS for vernalization (VERNDVS) reached at day 1984-06-09, but vernalization requirements not yet fulfilled. Forcing vernalization now (VERN=47.688571).
[2026-03-24 12:31:58,617][pcse.crop.phenology.Vernalisation][INFO] - Critical DVS for vernalization (VERNDVS) reached at day 1984-06-10, but vernalization requirements not yet fulfilled. Forcing vernalization now (VERN=47.688571).
[2026-03-24 12:31:58,631][pcse.crop.phenology.Vernalisation][INFO] - Critical DVS for vernalization (VERNDVS) reached at day 1984-06-11, but vernalization requirements not yet fulfilled. Forcing vernalization now (VERN=47.688571).
[2026-03-24 12:31:58,645][pcse.crop.phenology.Vernalisation][INFO] - Critical DVS for vernalization (VERNDVS) reached at day 1984-06-12, but vernalization requirements not yet fulfilled. Forcing vernalization now (VERN=47.688571).
[2026-03-24 12:31:58,659][pcse.crop.phenology.Vernalisation][INFO] - Critical DVS for vernalization (VERNDVS) reached at day 1984-06-13, but vernalization requirements not yet fulfilled. Forcing vernalization now (VERN=47.688571).
[2026-03-24 12:31:58,672][pcse.crop.phenology.Vernalisation][INFO] - Critical DVS for vernalization (VERNDVS) reached at day 1984-06-14, but vernalization requirements not yet fulfilled. Forcing vernalization now (VERN=47.688571).
[2026-03-24 12:31:58,686][pcse.crop.phenology.Vernalisation][INFO] - Critical DVS for vernalization (VERNDVS) reached at day 1984-06-15, but vernalization requirements not yet fulfilled. Forcing vernalization now (VERN=47.688571).
[2026-03-24 12:31:58,700][pcse.crop.phenology.Vernalisation][INFO] - Critical DVS for vernalization (VERNDVS) reached at day 1984-06-16, but vernalization requirements not yet fulfilled. Forcing vernalization now (VERN=47.688571).
[2026-03-24 12:31:58,714][pcse.crop.phenology.Vernalisation][INFO] - Critical DVS for vernalization (VERNDVS) reached at day 1984-06-17, but vernalization requirements not yet fulfilled. Forcing vernalization now (VERN=47.688571).
[2026-03-24 12:31:58,728][pcse.crop.phenology.Vernalisation][INFO] - Critical DVS for vernalization (VERNDVS) reached at day 1984-06-18, but vernalization requirements not yet fulfilled. Forcing vernalization now (VERN=47.688571).
[2026-03-24 12:31:58,742][pcse.crop.phenology.Vernalisation][INFO] - Critical DVS for vernalization (VERNDVS) reached at day 1984-06-19, but vernalization requirements not yet fulfilled. Forcing vernalization now (VERN=47.688571).
[2026-03-24 12:31:58,755][pcse.crop.phenology.Vernalisation][INFO] - Critical DVS for vernalization (VERNDVS) reached at day 1984-06-20, but vernalization requirements not yet fulfilled. Forcing vernalization now (VERN=47.688571).
[2026-03-24 12:31:58,769][pcse.crop.phenology.Vernalisation][INFO] - Critical DVS for vernalization (VERNDVS) reached at day 1984-06-21, but vernalization requirements not yet fulfilled. Forcing vernalization now (VERN=47.688571).
[2026-03-24 12:31:58,783][pcse.crop.phenology.Vernalisation][INFO] - Critical DVS for vernalization (VERNDVS) reached at day 1984-06-22, but vernalization requirements not yet fulfilled. Forcing vernalization now (VERN=47.688571).
[2026-03-24 12:31:58,797][pcse.crop.phenology.Vernalisation][INFO] - Critical DVS for vernalization (VERNDVS) reached at day 1984-06-23, but vernalization requirements not yet fulfilled. Forcing vernalization now (VERN=47.688571).
[2026-03-24 12:31:58,811][pcse.crop.phenology.Vernalisation][INFO] - Critical DVS for vernalization (VERNDVS) reached at day 1984-06-24, but vernalization requirements not yet fulfilled. Forcing vernalization now (VERN=47.688571).
[2026-03-24 12:31:58,825][pcse.crop.phenology.Vernalisation][INFO] - Critical DVS for vernalization (VERNDVS) reached at day 1984-06-25, but vernalization requirements not yet fulfilled. Forcing vernalization now (VERN=47.688571).
[2026-03-24 12:31:58,839][pcse.crop.phenology.Vernalisation][INFO] - Critical DVS for vernalization (VERNDVS) reached at day 1984-06-26, but vernalization requirements not yet fulfilled. Forcing vernalization now (VERN=47.688571).
[2026-03-24 12:31:58,853][pcse.crop.phenology.Vernalisation][INFO] - Critical DVS for vernalization (VERNDVS) reached at day 1984-06-27, but vernalization requirements not yet fulfilled. Forcing vernalization now (VERN=47.688571).
[2026-03-24 12:31:58,867][pcse.crop.phenology.Vernalisation][INFO] - Critical DVS for vernalization (VERNDVS) reached at day 1984-06-28, but vernalization requirements not yet fulfilled. Forcing vernalization now (VERN=47.688571).
[2026-03-24 12:31:58,881][pcse.crop.phenology.Vernalisation][INFO] - Critical DVS for vernalization (VERNDVS) reached at day 1984-06-29, but vernalization requirements not yet fulfilled. Forcing vernalization now (VERN=47.688571).
[2026-03-24 12:31:58,881][pcse.crop.phenology.Annual_Phenology][INFO] - Changed phenological stage 'vegetative' to 'reproductive' on 1984-06-29
[REPLAY DBG] post-agent-update step=24500 n=24500 mean=-0.000319 std=0.007446 min=-0.043908 max=0.028845
[STEP DBG] step=24500 env_reward=0.232792 r_hat=-0.010482 done=False
[NORM DBG] count=24500 mean_abs_mean=62546.582031 mean_std=126.432037 min_std=0.001000 max_std=1637.352783
[2026-03-24 12:32:00,187][pcse.crop.phenology.Annual_Phenology][INFO] - Changed phenological stage 'reproductive' to 'mature' on 1984-09-13
[2026-03-24 12:32:00,446][pcse.base.timer.Timer][INFO] - Reached end of simulation period as specified by END_DATE.
| train          | E: 102 | S: 24582 | R: -0.3821 | TR: 12.0835 | TF: 128 | LR: 0 | NR: 0 | D: 03.8 s | TD: 00.0 s | BR: -0.0003 | ALOSS: 11580.9221 | CLOSS: 1120953.6903 | TLOSS: -227.5864 | TVAL: 0.5025 | AENT: -453.9121 | BCLOSS: 0.0000
[EPISODE DBG] episode=102 step=24582 pred_return=-0.392750 true_return=20.711114 total_feedback=128 labeled_feedback=0
[2026-03-24 12:32:00,453][pcse.agromanager.SoilCalendar][INFO] - Starting soil (oregon) with variation (oregon_1) on day 1984-02-01
[2026-03-24 12:32:00,456][pcse.agromanager.CropCalendar][INFO] - Starting crop (wheat) with variety (wheat_1) on day 1984-02-01
[2026-03-24 12:32:01,870][pcse.crop.phenology.Annual_Phenology][INFO] - Changed phenological stage 'emerging' to 'vegetative' on 1984-04-10
[2026-03-24 12:32:02,871][pcse.crop.phenology.Vernalisation][INFO] - Critical DVS for vernalization (VERNDVS) reached at day 1984-06-02, but vernalization requirements not yet fulfilled. Forcing vernalization now (VERN=47.688571).
[2026-03-24 12:32:02,890][pcse.crop.phenology.Vernalisation][INFO] - Critical DVS for vernalization (VERNDVS) reached at day 1984-06-03, but vernalization requirements not yet fulfilled. Forcing vernalization now (VERN=47.688571).
[2026-03-24 12:32:02,908][pcse.crop.phenology.Vernalisation][INFO] - Critical DVS for vernalization (VERNDVS) reached at day 1984-06-04, but vernalization requirements not yet fulfilled. Forcing vernalization now (VERN=47.688571).
[2026-03-24 12:32:02,925][pcse.crop.phenology.Vernalisation][INFO] - Critical DVS for vernalization (VERNDVS) reached at day 1984-06-05, but vernalization requirements not yet fulfilled. Forcing vernalization now (VERN=47.688571).
[2026-03-24 12:32:02,941][pcse.crop.phenology.Vernalisation][INFO] - Critical DVS for vernalization (VERNDVS) reached at day 1984-06-06, but vernalization requirements not yet fulfilled. Forcing vernalization now (VERN=47.688571).
[2026-03-24 12:32:02,957][pcse.crop.phenology.Vernalisation][INFO] - Critical DVS for vernalization (VERNDVS) reached at day 1984-06-07, but vernalization requirements not yet fulfilled. Forcing vernalization now (VERN=47.688571).
[2026-03-24 12:32:02,973][pcse.crop.phenology.Vernalisation][INFO] - Critical DVS for vernalization (VERNDVS) reached at day 1984-06-08, but vernalization requirements not yet fulfilled. Forcing vernalization now (VERN=47.688571).
[2026-03-24 12:32:02,988][pcse.crop.phenology.Vernalisation][INFO] - Critical DVS for vernalization (VERNDVS) reached at day 1984-06-09, but vernalization requirements not yet fulfilled. Forcing vernalization now (VERN=47.688571).
[2026-03-24 12:32:03,004][pcse.crop.phenology.Vernalisation][INFO] - Critical DVS for vernalization (VERNDVS) reached at day 1984-06-10, but vernalization requirements not yet fulfilled. Forcing vernalization now (VERN=47.688571).
[2026-03-24 12:32:03,020][pcse.crop.phenology.Vernalisation][INFO] - Critical DVS for vernalization (VERNDVS) reached at day 1984-06-11, but vernalization requirements not yet fulfilled. Forcing vernalization now (VERN=47.688571).
[2026-03-24 12:32:03,035][pcse.crop.phenology.Vernalisation][INFO] - Critical DVS for vernalization (VERNDVS) reached at day 1984-06-12, but vernalization requirements not yet fulfilled. Forcing vernalization now (VERN=47.688571).
[2026-03-24 12:32:03,051][pcse.crop.phenology.Vernalisation][INFO] - Critical DVS for vernalization (VERNDVS) reached at day 1984-06-13, but vernalization requirements not yet fulfilled. Forcing vernalization now (VERN=47.688571).
[2026-03-24 12:32:03,067][pcse.crop.phenology.Vernalisation][INFO] - Critical DVS for vernalization (VERNDVS) reached at day 1984-06-14, but vernalization requirements not yet fulfilled. Forcing vernalization now (VERN=47.688571).
[2026-03-24 12:32:03,083][pcse.crop.phenology.Vernalisation][INFO] - Critical DVS for vernalization (VERNDVS) reached at day 1984-06-15, but vernalization requirements not yet fulfilled. Forcing vernalization now (VERN=47.688571).
[2026-03-24 12:32:03,099][pcse.crop.phenology.Vernalisation][INFO] - Critical DVS for vernalization (VERNDVS) reached at day 1984-06-16, but vernalization requirements not yet fulfilled. Forcing vernalization now (VERN=47.688571).
[2026-03-24 12:32:03,114][pcse.crop.phenology.Vernalisation][INFO] - Critical DVS for vernalization (VERNDVS) reached at day 1984-06-17, but vernalization requirements not yet fulfilled. Forcing vernalization now (VERN=47.688571).
[2026-03-24 12:32:03,129][pcse.crop.phenology.Vernalisation][INFO] - Critical DVS for vernalization (VERNDVS) reached at day 1984-06-18, but vernalization requirements not yet fulfilled. Forcing vernalization now (VERN=47.688571).
[2026-03-24 12:32:03,145][pcse.crop.phenology.Vernalisation][INFO] - Critical DVS for vernalization (VERNDVS) reached at day 1984-06-19, but vernalization requirements not yet fulfilled. Forcing vernalization now (VERN=47.688571).
[2026-03-24 12:32:03,161][pcse.crop.phenology.Vernalisation][INFO] - Critical DVS for vernalization (VERNDVS) reached at day 1984-06-20, but vernalization requirements not yet fulfilled. Forcing vernalization now (VERN=47.688571).
[2026-03-24 12:32:03,176][pcse.crop.phenology.Vernalisation][INFO] - Critical DVS for vernalization (VERNDVS) reached at day 1984-06-21, but vernalization requirements not yet fulfilled. Forcing vernalization now (VERN=47.688571).
[2026-03-24 12:32:03,192][pcse.crop.phenology.Vernalisation][INFO] - Critical DVS for vernalization (VERNDVS) reached at day 1984-06-22, but vernalization requirements not yet fulfilled. Forcing vernalization now (VERN=47.688571).
[2026-03-24 12:32:03,208][pcse.crop.phenology.Vernalisation][INFO] - Critical DVS for vernalization (VERNDVS) reached at day 1984-06-23, but vernalization requirements not yet fulfilled. Forcing vernalization now (VERN=47.688571).
[2026-03-24 12:32:03,223][pcse.crop.phenology.Vernalisation][INFO] - Critical DVS for vernalization (VERNDVS) reached at day 1984-06-24, but vernalization requirements not yet fulfilled. Forcing vernalization now (VERN=47.688571).
[2026-03-24 12:32:03,239][pcse.crop.phenology.Vernalisation][INFO] - Critical DVS for vernalization (VERNDVS) reached at day 1984-06-25, but vernalization requirements not yet fulfilled. Forcing vernalization now (VERN=47.688571).
[2026-03-24 12:32:03,254][pcse.crop.phenology.Vernalisation][INFO] - Critical DVS for vernalization (VERNDVS) reached at day 1984-06-26, but vernalization requirements not yet fulfilled. Forcing vernalization now (VERN=47.688571).
[2026-03-24 12:32:03,270][pcse.crop.phenology.Vernalisation][INFO] - Critical DVS for vernalization (VERNDVS) reached at day 1984-06-27, but vernalization requirements not yet fulfilled. Forcing vernalization now (VERN=47.688571).
[2026-03-24 12:32:03,286][pcse.crop.phenology.Vernalisation][INFO] - Critical DVS for vernalization (VERNDVS) reached at day 1984-06-28, but vernalization requirements not yet fulfilled. Forcing vernalization now (VERN=47.688571).
[2026-03-24 12:32:03,301][pcse.crop.phenology.Vernalisation][INFO] - Critical DVS for vernalization (VERNDVS) reached at day 1984-06-29, but vernalization requirements not yet fulfilled. Forcing vernalization now (VERN=47.688571).
[2026-03-24 12:32:03,302][pcse.crop.phenology.Annual_Phenology][INFO] - Changed phenological stage 'vegetative' to 'reproductive' on 1984-06-29
[2026-03-24 12:32:04,655][pcse.crop.phenology.Annual_Phenology][INFO] - Changed phenological stage 'reproductive' to 'mature' on 1984-09-13
[2026-03-24 12:32:04,921][pcse.base.timer.Timer][INFO] - Reached end of simulation period as specified by END_DATE.
| train          | E: 103 | S: 24823 | R: -0.3927 | TR: 20.7111 | TF: 128 | LR: 0 | NR: 0 | D: 04.5 s | TD: 00.0 s | BR: -0.0003 | ALOSS: 11654.1346 | CLOSS: 1325550.8063 | TLOSS: -232.0838 | TVAL: 0.5145 | AENT: -452.1354 | BCLOSS: 0.0000
[EPISODE DBG] episode=103 step=24823 pred_return=-0.423477 true_return=19.897423 total_feedback=128 labeled_feedback=0
[2026-03-24 12:32:04,930][pcse.agromanager.SoilCalendar][INFO] - Starting soil (oregon) with variation (oregon_1) on day 1984-02-01
[2026-03-24 12:32:04,933][pcse.agromanager.CropCalendar][INFO] - Starting crop (wheat) with variety (wheat_1) on day 1984-02-01
[2026-03-24 12:32:06,179][pcse.crop.phenology.Annual_Phenology][INFO] - Changed phenological stage 'emerging' to 'vegetative' on 1984-04-10
[2026-03-24 12:32:07,096][pcse.crop.phenology.Vernalisation][INFO] - Critical DVS for vernalization (VERNDVS) reached at day 1984-06-02, but vernalization requirements not yet fulfilled. Forcing vernalization now (VERN=47.688571).
[2026-03-24 12:32:07,110][pcse.crop.phenology.Vernalisation][INFO] - Critical DVS for vernalization (VERNDVS) reached at day 1984-06-03, but vernalization requirements not yet fulfilled. Forcing vernalization now (VERN=47.688571).
[2026-03-24 12:32:07,124][pcse.crop.phenology.Vernalisation][INFO] - Critical DVS for vernalization (VERNDVS) reached at day 1984-06-04, but vernalization requirements not yet fulfilled. Forcing vernalization now (VERN=47.688571).
[2026-03-24 12:32:07,137][pcse.crop.phenology.Vernalisation][INFO] - Critical DVS for vernalization (VERNDVS) reached at day 1984-06-05, but vernalization requirements not yet fulfilled. Forcing vernalization now (VERN=47.688571).
[2026-03-24 12:32:07,151][pcse.crop.phenology.Vernalisation][INFO] - Critical DVS for vernalization (VERNDVS) reached at day 1984-06-06, but vernalization requirements not yet fulfilled. Forcing vernalization now (VERN=47.688571).
[2026-03-24 12:32:07,165][pcse.crop.phenology.Vernalisation][INFO] - Critical DVS for vernalization (VERNDVS) reached at day 1984-06-07, but vernalization requirements not yet fulfilled. Forcing vernalization now (VERN=47.688571).
[2026-03-24 12:32:07,179][pcse.crop.phenology.Vernalisation][INFO] - Critical DVS for vernalization (VERNDVS) reached at day 1984-06-08, but vernalization requirements not yet fulfilled. Forcing vernalization now (VERN=47.688571).
[2026-03-24 12:32:07,193][pcse.crop.phenology.Vernalisation][INFO] - Critical DVS for vernalization (VERNDVS) reached at day 1984-06-09, but vernalization requirements not yet fulfilled. Forcing vernalization now (VERN=47.688571).
[2026-03-24 12:32:07,206][pcse.crop.phenology.Vernalisation][INFO] - Critical DVS for vernalization (VERNDVS) reached at day 1984-06-10, but vernalization requirements not yet fulfilled. Forcing vernalization now (VERN=47.688571).
[2026-03-24 12:32:07,220][pcse.crop.phenology.Vernalisation][INFO] - Critical DVS for vernalization (VERNDVS) reached at day 1984-06-11, but vernalization requirements not yet fulfilled. Forcing vernalization now (VERN=47.688571).
[2026-03-24 12:32:07,235][pcse.crop.phenology.Vernalisation][INFO] - Critical DVS for vernalization (VERNDVS) reached at day 1984-06-12, but vernalization requirements not yet fulfilled. Forcing vernalization now (VERN=47.688571).
[2026-03-24 12:32:07,249][pcse.crop.phenology.Vernalisation][INFO] - Critical DVS for vernalization (VERNDVS) reached at day 1984-06-13, but vernalization requirements not yet fulfilled. Forcing vernalization now (VERN=47.688571).
[2026-03-24 12:32:07,263][pcse.crop.phenology.Vernalisation][INFO] - Critical DVS for vernalization (VERNDVS) reached at day 1984-06-14, but vernalization requirements not yet fulfilled. Forcing vernalization now (VERN=47.688571).
[2026-03-24 12:32:07,277][pcse.crop.phenology.Vernalisation][INFO] - Critical DVS for vernalization (VERNDVS) reached at day 1984-06-15, but vernalization requirements not yet fulfilled. Forcing vernalization now (VERN=47.688571).
[2026-03-24 12:32:07,290][pcse.crop.phenology.Vernalisation][INFO] - Critical DVS for vernalization (VERNDVS) reached at day 1984-06-16, but vernalization requirements not yet fulfilled. Forcing vernalization now (VERN=47.688571).
[2026-03-24 12:32:07,304][pcse.crop.phenology.Vernalisation][INFO] - Critical DVS for vernalization (VERNDVS) reached at day 1984-06-17, but vernalization requirements not yet fulfilled. Forcing vernalization now (VERN=47.688571).
[2026-03-24 12:32:07,318][pcse.crop.phenology.Vernalisation][INFO] - Critical DVS for vernalization (VERNDVS) reached at day 1984-06-18, but vernalization requirements not yet fulfilled. Forcing vernalization now (VERN=47.688571).
[2026-03-24 12:32:07,332][pcse.crop.phenology.Vernalisation][INFO] - Critical DVS for vernalization (VERNDVS) reached at day 1984-06-19, but vernalization requirements not yet fulfilled. Forcing vernalization now (VERN=47.688571).
[2026-03-24 12:32:07,346][pcse.crop.phenology.Vernalisation][INFO] - Critical DVS for vernalization (VERNDVS) reached at day 1984-06-20, but vernalization requirements not yet fulfilled. Forcing vernalization now (VERN=47.688571).
[2026-03-24 12:32:07,360][pcse.crop.phenology.Vernalisation][INFO] - Critical DVS for vernalization (VERNDVS) reached at day 1984-06-21, but vernalization requirements not yet fulfilled. Forcing vernalization now (VERN=47.688571).
[2026-03-24 12:32:07,374][pcse.crop.phenology.Vernalisation][INFO] - Critical DVS for vernalization (VERNDVS) reached at day 1984-06-22, but vernalization requirements not yet fulfilled. Forcing vernalization now (VERN=47.688571).
[2026-03-24 12:32:07,388][pcse.crop.phenology.Vernalisation][INFO] - Critical DVS for vernalization (VERNDVS) reached at day 1984-06-23, but vernalization requirements not yet fulfilled. Forcing vernalization now (VERN=47.688571).
[2026-03-24 12:32:07,402][pcse.crop.phenology.Vernalisation][INFO] - Critical DVS for vernalization (VERNDVS) reached at day 1984-06-24, but vernalization requirements not yet fulfilled. Forcing vernalization now (VERN=47.688571).
[2026-03-24 12:32:07,415][pcse.crop.phenology.Vernalisation][INFO] - Critical DVS for vernalization (VERNDVS) reached at day 1984-06-25, but vernalization requirements not yet fulfilled. Forcing vernalization now (VERN=47.688571).
[2026-03-24 12:32:07,429][pcse.crop.phenology.Vernalisation][INFO] - Critical DVS for vernalization (VERNDVS) reached at day 1984-06-26, but vernalization requirements not yet fulfilled. Forcing vernalization now (VERN=47.688571).
[2026-03-24 12:32:07,443][pcse.crop.phenology.Vernalisation][INFO] - Critical DVS for vernalization (VERNDVS) reached at day 1984-06-27, but vernalization requirements not yet fulfilled. Forcing vernalization now (VERN=47.688571).
[2026-03-24 12:32:07,457][pcse.crop.phenology.Vernalisation][INFO] - Critical DVS for vernalization (VERNDVS) reached at day 1984-06-28, but vernalization requirements not yet fulfilled. Forcing vernalization now (VERN=47.688571).
[2026-03-24 12:32:07,471][pcse.crop.phenology.Vernalisation][INFO] - Critical DVS for vernalization (VERNDVS) reached at day 1984-06-29, but vernalization requirements not yet fulfilled. Forcing vernalization now (VERN=47.688571).
[2026-03-24 12:32:07,471][pcse.crop.phenology.Annual_Phenology][INFO] - Changed phenological stage 'vegetative' to 'reproductive' on 1984-06-29
[REPLAY DBG] post-agent-update step=25000 n=25000 mean=-0.000351 std=0.007438 min=-0.043908 max=0.028845
[STEP DBG] step=25000 env_reward=0.178190 r_hat=-0.005440 done=False
[NORM DBG] count=25000 mean_abs_mean=62546.007812 mean_std=125.333427 min_std=0.001000 max_std=1621.839355
[2026-03-24 12:32:08,761][pcse.crop.phenology.Annual_Phenology][INFO] - Changed phenological stage 'reproductive' to 'mature' on 1984-09-13
[2026-03-24 12:32:09,027][pcse.base.timer.Timer][INFO] - Reached end of simulation period as specified by END_DATE.
| train          | E: 104 | S: 25064 | R: -0.4235 | TR: 19.8974 | TF: 128 | LR: 0 | NR: 0 | D: 04.1 s | TD: 00.0 s | BR: -0.0004 | ALOSS: 11700.8111 | CLOSS: 1408346.9200 | TLOSS: -234.4827 | TVAL: 0.5269 | AENT: -446.0410 | BCLOSS: 0.0000
[EPISODE DBG] episode=104 step=25064 pred_return=-0.443711 true_return=15.861067 total_feedback=128 labeled_feedback=0
[2026-03-24 12:32:09,034][pcse.agromanager.SoilCalendar][INFO] - Starting soil (oregon) with variation (oregon_1) on day 1984-02-01
[2026-03-24 12:32:09,036][pcse.agromanager.CropCalendar][INFO] - Starting crop (wheat) with variety (wheat_1) on day 1984-02-01
[2026-03-24 12:32:10,446][pcse.crop.phenology.Annual_Phenology][INFO] - Changed phenological stage 'emerging' to 'vegetative' on 1984-04-10
[2026-03-24 12:32:11,258][pcse.crop.phenology.Vernalisation][INFO] - Critical DVS for vernalization (VERNDVS) reached at day 1984-06-02, but vernalization requirements not yet fulfilled. Forcing vernalization now (VERN=47.688571).
[2026-03-24 12:32:11,274][pcse.crop.phenology.Vernalisation][INFO] - Critical DVS for vernalization (VERNDVS) reached at day 1984-06-03, but vernalization requirements not yet fulfilled. Forcing vernalization now (VERN=47.688571).
[2026-03-24 12:32:11,289][pcse.crop.phenology.Vernalisation][INFO] - Critical DVS for vernalization (VERNDVS) reached at day 1984-06-04, but vernalization requirements not yet fulfilled. Forcing vernalization now (VERN=47.688571).
[2026-03-24 12:32:11,304][pcse.crop.phenology.Vernalisation][INFO] - Critical DVS for vernalization (VERNDVS) reached at day 1984-06-05, but vernalization requirements not yet fulfilled. Forcing vernalization now (VERN=47.688571).
[2026-03-24 12:32:11,320][pcse.crop.phenology.Vernalisation][INFO] - Critical DVS for vernalization (VERNDVS) reached at day 1984-06-06, but vernalization requirements not yet fulfilled. Forcing vernalization now (VERN=47.688571).
[2026-03-24 12:32:11,335][pcse.crop.phenology.Vernalisation][INFO] - Critical DVS for vernalization (VERNDVS) reached at day 1984-06-07, but vernalization requirements not yet fulfilled. Forcing vernalization now (VERN=47.688571).
[2026-03-24 12:32:11,351][pcse.crop.phenology.Vernalisation][INFO] - Critical DVS for vernalization (VERNDVS) reached at day 1984-06-08, but vernalization requirements not yet fulfilled. Forcing vernalization now (VERN=47.688571).
[2026-03-24 12:32:11,366][pcse.crop.phenology.Vernalisation][INFO] - Critical DVS for vernalization (VERNDVS) reached at day 1984-06-09, but vernalization requirements not yet fulfilled. Forcing vernalization now (VERN=47.688571).
[2026-03-24 12:32:11,382][pcse.crop.phenology.Vernalisation][INFO] - Critical DVS for vernalization (VERNDVS) reached at day 1984-06-10, but vernalization requirements not yet fulfilled. Forcing vernalization now (VERN=47.688571).
[2026-03-24 12:32:11,397][pcse.crop.phenology.Vernalisation][INFO] - Critical DVS for vernalization (VERNDVS) reached at day 1984-06-11, but vernalization requirements not yet fulfilled. Forcing vernalization now (VERN=47.688571).
[2026-03-24 12:32:11,413][pcse.crop.phenology.Vernalisation][INFO] - Critical DVS for vernalization (VERNDVS) reached at day 1984-06-12, but vernalization requirements not yet fulfilled. Forcing vernalization now (VERN=47.688571).
[2026-03-24 12:32:11,428][pcse.crop.phenology.Vernalisation][INFO] - Critical DVS for vernalization (VERNDVS) reached at day 1984-06-13, but vernalization requirements not yet fulfilled. Forcing vernalization now (VERN=47.688571).
[2026-03-24 12:32:11,444][pcse.crop.phenology.Vernalisation][INFO] - Critical DVS for vernalization (VERNDVS) reached at day 1984-06-14, but vernalization requirements not yet fulfilled. Forcing vernalization now (VERN=47.688571).
[2026-03-24 12:32:11,459][pcse.crop.phenology.Vernalisation][INFO] - Critical DVS for vernalization (VERNDVS) reached at day 1984-06-15, but vernalization requirements not yet fulfilled. Forcing vernalization now (VERN=47.688571).
[2026-03-24 12:32:11,475][pcse.crop.phenology.Vernalisation][INFO] - Critical DVS for vernalization (VERNDVS) reached at day 1984-06-16, but vernalization requirements not yet fulfilled. Forcing vernalization now (VERN=47.688571).
[2026-03-24 12:32:11,490][pcse.crop.phenology.Vernalisation][INFO] - Critical DVS for vernalization (VERNDVS) reached at day 1984-06-17, but vernalization requirements not yet fulfilled. Forcing vernalization now (VERN=47.688571).
[2026-03-24 12:32:11,670][pcse.crop.phenology.Vernalisation][INFO] - Critical DVS for vernalization (VERNDVS) reached at day 1984-06-18, but vernalization requirements not yet fulfilled. Forcing vernalization now (VERN=47.688571).
[2026-03-24 12:32:11,689][pcse.crop.phenology.Vernalisation][INFO] - Critical DVS for vernalization (VERNDVS) reached at day 1984-06-19, but vernalization requirements not yet fulfilled. Forcing vernalization now (VERN=47.688571).
[2026-03-24 12:32:11,709][pcse.crop.phenology.Vernalisation][INFO] - Critical DVS for vernalization (VERNDVS) reached at day 1984-06-20, but vernalization requirements not yet fulfilled. Forcing vernalization now (VERN=47.688571).
[2026-03-24 12:32:11,728][pcse.crop.phenology.Vernalisation][INFO] - Critical DVS for vernalization (VERNDVS) reached at day 1984-06-21, but vernalization requirements not yet fulfilled. Forcing vernalization now (VERN=47.688571).
[2026-03-24 12:32:11,747][pcse.crop.phenology.Vernalisation][INFO] - Critical DVS for vernalization (VERNDVS) reached at day 1984-06-22, but vernalization requirements not yet fulfilled. Forcing vernalization now (VERN=47.688571).
[2026-03-24 12:32:11,763][pcse.crop.phenology.Vernalisation][INFO] - Critical DVS for vernalization (VERNDVS) reached at day 1984-06-23, but vernalization requirements not yet fulfilled. Forcing vernalization now (VERN=47.688571).
[2026-03-24 12:32:11,779][pcse.crop.phenology.Vernalisation][INFO] - Critical DVS for vernalization (VERNDVS) reached at day 1984-06-24, but vernalization requirements not yet fulfilled. Forcing vernalization now (VERN=47.688571).
[2026-03-24 12:32:11,794][pcse.crop.phenology.Vernalisation][INFO] - Critical DVS for vernalization (VERNDVS) reached at day 1984-06-25, but vernalization requirements not yet fulfilled. Forcing vernalization now (VERN=47.688571).
[2026-03-24 12:32:11,810][pcse.crop.phenology.Vernalisation][INFO] - Critical DVS for vernalization (VERNDVS) reached at day 1984-06-26, but vernalization requirements not yet fulfilled. Forcing vernalization now (VERN=47.688571).
[2026-03-24 12:32:11,826][pcse.crop.phenology.Vernalisation][INFO] - Critical DVS for vernalization (VERNDVS) reached at day 1984-06-27, but vernalization requirements not yet fulfilled. Forcing vernalization now (VERN=47.688571).
[2026-03-24 12:32:11,843][pcse.crop.phenology.Vernalisation][INFO] - Critical DVS for vernalization (VERNDVS) reached at day 1984-06-28, but vernalization requirements not yet fulfilled. Forcing vernalization now (VERN=47.688571).
[2026-03-24 12:32:11,859][pcse.crop.phenology.Vernalisation][INFO] - Critical DVS for vernalization (VERNDVS) reached at day 1984-06-29, but vernalization requirements not yet fulfilled. Forcing vernalization now (VERN=47.688571).
[2026-03-24 12:32:11,859][pcse.crop.phenology.Annual_Phenology][INFO] - Changed phenological stage 'vegetative' to 'reproductive' on 1984-06-29
[2026-03-24 12:32:13,051][pcse.crop.phenology.Annual_Phenology][INFO] - Changed phenological stage 'reproductive' to 'mature' on 1984-09-13
[2026-03-24 12:32:13,519][pcse.base.timer.Timer][INFO] - Reached end of simulation period as specified by END_DATE.
| train          | E: 105 | S: 25305 | R: -0.4437 | TR: 15.8611 | TF: 128 | LR: 0 | NR: 0 | D: 04.5 s | TD: 00.0 s | BR: -0.0004 | ALOSS: 11765.3896 | CLOSS: 1461111.6408 | TLOSS: -237.0816 | TVAL: 0.5397 | AENT: -440.2983 | BCLOSS: 0.0000
[EPISODE DBG] episode=105 step=25305 pred_return=-0.386959 true_return=12.083472 total_feedback=128 labeled_feedback=0
[2026-03-24 12:32:13,526][pcse.agromanager.SoilCalendar][INFO] - Starting soil (oregon) with variation (oregon_1) on day 1984-02-01
[2026-03-24 12:32:13,529][pcse.agromanager.CropCalendar][INFO] - Starting crop (wheat) with variety (wheat_1) on day 1984-02-01
[2026-03-24 12:32:14,789][pcse.crop.phenology.Annual_Phenology][INFO] - Changed phenological stage 'emerging' to 'vegetative' on 1984-04-10
[2026-03-24 12:32:15,793][pcse.crop.phenology.Vernalisation][INFO] - Critical DVS for vernalization (VERNDVS) reached at day 1984-06-02, but vernalization requirements not yet fulfilled. Forcing vernalization now (VERN=47.688571).
[2026-03-24 12:32:15,809][pcse.crop.phenology.Vernalisation][INFO] - Critical DVS for vernalization (VERNDVS) reached at day 1984-06-03, but vernalization requirements not yet fulfilled. Forcing vernalization now (VERN=47.688571).
[2026-03-24 12:32:15,824][pcse.crop.phenology.Vernalisation][INFO] - Critical DVS for vernalization (VERNDVS) reached at day 1984-06-04, but vernalization requirements not yet fulfilled. Forcing vernalization now (VERN=47.688571).
[2026-03-24 12:32:15,840][pcse.crop.phenology.Vernalisation][INFO] - Critical DVS for vernalization (VERNDVS) reached at day 1984-06-05, but vernalization requirements not yet fulfilled. Forcing vernalization now (VERN=47.688571).
[2026-03-24 12:32:15,855][pcse.crop.phenology.Vernalisation][INFO] - Critical DVS for vernalization (VERNDVS) reached at day 1984-06-06, but vernalization requirements not yet fulfilled. Forcing vernalization now (VERN=47.688571).
[2026-03-24 12:32:15,871][pcse.crop.phenology.Vernalisation][INFO] - Critical DVS for vernalization (VERNDVS) reached at day 1984-06-07, but vernalization requirements not yet fulfilled. Forcing vernalization now (VERN=47.688571).
[2026-03-24 12:32:15,886][pcse.crop.phenology.Vernalisation][INFO] - Critical DVS for vernalization (VERNDVS) reached at day 1984-06-08, but vernalization requirements not yet fulfilled. Forcing vernalization now (VERN=47.688571).
[2026-03-24 12:32:15,902][pcse.crop.phenology.Vernalisation][INFO] - Critical DVS for vernalization (VERNDVS) reached at day 1984-06-09, but vernalization requirements not yet fulfilled. Forcing vernalization now (VERN=47.688571).
[2026-03-24 12:32:15,918][pcse.crop.phenology.Vernalisation][INFO] - Critical DVS for vernalization (VERNDVS) reached at day 1984-06-10, but vernalization requirements not yet fulfilled. Forcing vernalization now (VERN=47.688571).
[2026-03-24 12:32:15,934][pcse.crop.phenology.Vernalisation][INFO] - Critical DVS for vernalization (VERNDVS) reached at day 1984-06-11, but vernalization requirements not yet fulfilled. Forcing vernalization now (VERN=47.688571).
[2026-03-24 12:32:15,949][pcse.crop.phenology.Vernalisation][INFO] - Critical DVS for vernalization (VERNDVS) reached at day 1984-06-12, but vernalization requirements not yet fulfilled. Forcing vernalization now (VERN=47.688571).
[2026-03-24 12:32:15,965][pcse.crop.phenology.Vernalisation][INFO] - Critical DVS for vernalization (VERNDVS) reached at day 1984-06-13, but vernalization requirements not yet fulfilled. Forcing vernalization now (VERN=47.688571).
[2026-03-24 12:32:15,981][pcse.crop.phenology.Vernalisation][INFO] - Critical DVS for vernalization (VERNDVS) reached at day 1984-06-14, but vernalization requirements not yet fulfilled. Forcing vernalization now (VERN=47.688571).
[2026-03-24 12:32:15,997][pcse.crop.phenology.Vernalisation][INFO] - Critical DVS for vernalization (VERNDVS) reached at day 1984-06-15, but vernalization requirements not yet fulfilled. Forcing vernalization now (VERN=47.688571).
[2026-03-24 12:32:16,013][pcse.crop.phenology.Vernalisation][INFO] - Critical DVS for vernalization (VERNDVS) reached at day 1984-06-16, but vernalization requirements not yet fulfilled. Forcing vernalization now (VERN=47.688571).
[2026-03-24 12:32:16,028][pcse.crop.phenology.Vernalisation][INFO] - Critical DVS for vernalization (VERNDVS) reached at day 1984-06-17, but vernalization requirements not yet fulfilled. Forcing vernalization now (VERN=47.688571).
[2026-03-24 12:32:16,044][pcse.crop.phenology.Vernalisation][INFO] - Critical DVS for vernalization (VERNDVS) reached at day 1984-06-18, but vernalization requirements not yet fulfilled. Forcing vernalization now (VERN=47.688571).
[2026-03-24 12:32:16,061][pcse.crop.phenology.Vernalisation][INFO] - Critical DVS for vernalization (VERNDVS) reached at day 1984-06-19, but vernalization requirements not yet fulfilled. Forcing vernalization now (VERN=47.688571).
[2026-03-24 12:32:16,077][pcse.crop.phenology.Vernalisation][INFO] - Critical DVS for vernalization (VERNDVS) reached at day 1984-06-20, but vernalization requirements not yet fulfilled. Forcing vernalization now (VERN=47.688571).
[2026-03-24 12:32:16,092][pcse.crop.phenology.Vernalisation][INFO] - Critical DVS for vernalization (VERNDVS) reached at day 1984-06-21, but vernalization requirements not yet fulfilled. Forcing vernalization now (VERN=47.688571).
[2026-03-24 12:32:16,108][pcse.crop.phenology.Vernalisation][INFO] - Critical DVS for vernalization (VERNDVS) reached at day 1984-06-22, but vernalization requirements not yet fulfilled. Forcing vernalization now (VERN=47.688571).
[2026-03-24 12:32:16,124][pcse.crop.phenology.Vernalisation][INFO] - Critical DVS for vernalization (VERNDVS) reached at day 1984-06-23, but vernalization requirements not yet fulfilled. Forcing vernalization now (VERN=47.688571).
[2026-03-24 12:32:16,140][pcse.crop.phenology.Vernalisation][INFO] - Critical DVS for vernalization (VERNDVS) reached at day 1984-06-24, but vernalization requirements not yet fulfilled. Forcing vernalization now (VERN=47.688571).
[2026-03-24 12:32:16,155][pcse.crop.phenology.Vernalisation][INFO] - Critical DVS for vernalization (VERNDVS) reached at day 1984-06-25, but vernalization requirements not yet fulfilled. Forcing vernalization now (VERN=47.688571).
[2026-03-24 12:32:16,171][pcse.crop.phenology.Vernalisation][INFO] - Critical DVS for vernalization (VERNDVS) reached at day 1984-06-26, but vernalization requirements not yet fulfilled. Forcing vernalization now (VERN=47.688571).
[2026-03-24 12:32:16,186][pcse.crop.phenology.Vernalisation][INFO] - Critical DVS for vernalization (VERNDVS) reached at day 1984-06-27, but vernalization requirements not yet fulfilled. Forcing vernalization now (VERN=47.688571).
[2026-03-24 12:32:16,202][pcse.crop.phenology.Vernalisation][INFO] - Critical DVS for vernalization (VERNDVS) reached at day 1984-06-28, but vernalization requirements not yet fulfilled. Forcing vernalization now (VERN=47.688571).
[2026-03-24 12:32:16,218][pcse.crop.phenology.Vernalisation][INFO] - Critical DVS for vernalization (VERNDVS) reached at day 1984-06-29, but vernalization requirements not yet fulfilled. Forcing vernalization now (VERN=47.688571).
[2026-03-24 12:32:16,218][pcse.crop.phenology.Annual_Phenology][INFO] - Changed phenological stage 'vegetative' to 'reproductive' on 1984-06-29
[REPLAY DBG] post-agent-update step=25500 n=25500 mean=-0.000379 std=0.007427 min=-0.043908 max=0.028845
[STEP DBG] step=25500 env_reward=0.232792 r_hat=-0.006929 done=False
[NORM DBG] count=25500 mean_abs_mean=62545.453125 mean_std=124.266388 min_std=0.001000 max_std=1606.752808
[2026-03-24 12:32:17,570][pcse.crop.phenology.Annual_Phenology][INFO] - Changed phenological stage 'reproductive' to 'mature' on 1984-09-13
[2026-03-24 12:32:17,835][pcse.base.timer.Timer][INFO] - Reached end of simulation period as specified by END_DATE.
| train          | E: 106 | S: 25546 | R: -0.3870 | TR: 12.0835 | TF: 128 | LR: 0 | NR: 0 | D: 04.3 s | TD: 00.0 s | BR: -0.0004 | ALOSS: 11817.1800 | CLOSS: 1529461.5378 | TLOSS: -239.6465 | TVAL: 0.5528 | AENT: -434.5426 | BCLOSS: 0.0000
[EPISODE DBG] episode=106 step=25546 pred_return=-0.398114 true_return=20.711114 total_feedback=128 labeled_feedback=0
[2026-03-24 12:32:17,842][pcse.agromanager.SoilCalendar][INFO] - Starting soil (oregon) with variation (oregon_1) on day 1984-02-01
[2026-03-24 12:32:17,844][pcse.agromanager.CropCalendar][INFO] - Starting crop (wheat) with variety (wheat_1) on day 1984-02-01
[2026-03-24 12:32:19,284][pcse.crop.phenology.Annual_Phenology][INFO] - Changed phenological stage 'emerging' to 'vegetative' on 1984-04-10
[2026-03-24 12:32:20,119][pcse.crop.phenology.Vernalisation][INFO] - Critical DVS for vernalization (VERNDVS) reached at day 1984-06-02, but vernalization requirements not yet fulfilled. Forcing vernalization now (VERN=47.688571).
[2026-03-24 12:32:20,134][pcse.crop.phenology.Vernalisation][INFO] - Critical DVS for vernalization (VERNDVS) reached at day 1984-06-03, but vernalization requirements not yet fulfilled. Forcing vernalization now (VERN=47.688571).
[2026-03-24 12:32:20,150][pcse.crop.phenology.Vernalisation][INFO] - Critical DVS for vernalization (VERNDVS) reached at day 1984-06-04, but vernalization requirements not yet fulfilled. Forcing vernalization now (VERN=47.688571).
[2026-03-24 12:32:20,166][pcse.crop.phenology.Vernalisation][INFO] - Critical DVS for vernalization (VERNDVS) reached at day 1984-06-05, but vernalization requirements not yet fulfilled. Forcing vernalization now (VERN=47.688571).
[2026-03-24 12:32:20,182][pcse.crop.phenology.Vernalisation][INFO] - Critical DVS for vernalization (VERNDVS) reached at day 1984-06-06, but vernalization requirements not yet fulfilled. Forcing vernalization now (VERN=47.688571).
[2026-03-24 12:32:20,198][pcse.crop.phenology.Vernalisation][INFO] - Critical DVS for vernalization (VERNDVS) reached at day 1984-06-07, but vernalization requirements not yet fulfilled. Forcing vernalization now (VERN=47.688571).
[2026-03-24 12:32:20,214][pcse.crop.phenology.Vernalisation][INFO] - Critical DVS for vernalization (VERNDVS) reached at day 1984-06-08, but vernalization requirements not yet fulfilled. Forcing vernalization now (VERN=47.688571).
[2026-03-24 12:32:20,230][pcse.crop.phenology.Vernalisation][INFO] - Critical DVS for vernalization (VERNDVS) reached at day 1984-06-09, but vernalization requirements not yet fulfilled. Forcing vernalization now (VERN=47.688571).
[2026-03-24 12:32:20,245][pcse.crop.phenology.Vernalisation][INFO] - Critical DVS for vernalization (VERNDVS) reached at day 1984-06-10, but vernalization requirements not yet fulfilled. Forcing vernalization now (VERN=47.688571).
[2026-03-24 12:32:20,261][pcse.crop.phenology.Vernalisation][INFO] - Critical DVS for vernalization (VERNDVS) reached at day 1984-06-11, but vernalization requirements not yet fulfilled. Forcing vernalization now (VERN=47.688571).
[2026-03-24 12:32:20,277][pcse.crop.phenology.Vernalisation][INFO] - Critical DVS for vernalization (VERNDVS) reached at day 1984-06-12, but vernalization requirements not yet fulfilled. Forcing vernalization now (VERN=47.688571).
[2026-03-24 12:32:20,293][pcse.crop.phenology.Vernalisation][INFO] - Critical DVS for vernalization (VERNDVS) reached at day 1984-06-13, but vernalization requirements not yet fulfilled. Forcing vernalization now (VERN=47.688571).
[2026-03-24 12:32:20,309][pcse.crop.phenology.Vernalisation][INFO] - Critical DVS for vernalization (VERNDVS) reached at day 1984-06-14, but vernalization requirements not yet fulfilled. Forcing vernalization now (VERN=47.688571).
[2026-03-24 12:32:20,325][pcse.crop.phenology.Vernalisation][INFO] - Critical DVS for vernalization (VERNDVS) reached at day 1984-06-15, but vernalization requirements not yet fulfilled. Forcing vernalization now (VERN=47.688571).
[2026-03-24 12:32:20,341][pcse.crop.phenology.Vernalisation][INFO] - Critical DVS for vernalization (VERNDVS) reached at day 1984-06-16, but vernalization requirements not yet fulfilled. Forcing vernalization now (VERN=47.688571).
[2026-03-24 12:32:20,357][pcse.crop.phenology.Vernalisation][INFO] - Critical DVS for vernalization (VERNDVS) reached at day 1984-06-17, but vernalization requirements not yet fulfilled. Forcing vernalization now (VERN=47.688571).
[2026-03-24 12:32:20,373][pcse.crop.phenology.Vernalisation][INFO] - Critical DVS for vernalization (VERNDVS) reached at day 1984-06-18, but vernalization requirements not yet fulfilled. Forcing vernalization now (VERN=47.688571).
[2026-03-24 12:32:20,389][pcse.crop.phenology.Vernalisation][INFO] - Critical DVS for vernalization (VERNDVS) reached at day 1984-06-19, but vernalization requirements not yet fulfilled. Forcing vernalization now (VERN=47.688571).
[2026-03-24 12:32:20,405][pcse.crop.phenology.Vernalisation][INFO] - Critical DVS for vernalization (VERNDVS) reached at day 1984-06-20, but vernalization requirements not yet fulfilled. Forcing vernalization now (VERN=47.688571).
[2026-03-24 12:32:20,420][pcse.crop.phenology.Vernalisation][INFO] - Critical DVS for vernalization (VERNDVS) reached at day 1984-06-21, but vernalization requirements not yet fulfilled. Forcing vernalization now (VERN=47.688571).
[2026-03-24 12:32:20,436][pcse.crop.phenology.Vernalisation][INFO] - Critical DVS for vernalization (VERNDVS) reached at day 1984-06-22, but vernalization requirements not yet fulfilled. Forcing vernalization now (VERN=47.688571).
[2026-03-24 12:32:20,452][pcse.crop.phenology.Vernalisation][INFO] - Critical DVS for vernalization (VERNDVS) reached at day 1984-06-23, but vernalization requirements not yet fulfilled. Forcing vernalization now (VERN=47.688571).
[2026-03-24 12:32:20,468][pcse.crop.phenology.Vernalisation][INFO] - Critical DVS for vernalization (VERNDVS) reached at day 1984-06-24, but vernalization requirements not yet fulfilled. Forcing vernalization now (VERN=47.688571).
[2026-03-24 12:32:20,484][pcse.crop.phenology.Vernalisation][INFO] - Critical DVS for vernalization (VERNDVS) reached at day 1984-06-25, but vernalization requirements not yet fulfilled. Forcing vernalization now (VERN=47.688571).
[2026-03-24 12:32:20,499][pcse.crop.phenology.Vernalisation][INFO] - Critical DVS for vernalization (VERNDVS) reached at day 1984-06-26, but vernalization requirements not yet fulfilled. Forcing vernalization now (VERN=47.688571).
[2026-03-24 12:32:20,515][pcse.crop.phenology.Vernalisation][INFO] - Critical DVS for vernalization (VERNDVS) reached at day 1984-06-27, but vernalization requirements not yet fulfilled. Forcing vernalization now (VERN=47.688571).
[2026-03-24 12:32:20,531][pcse.crop.phenology.Vernalisation][INFO] - Critical DVS for vernalization (VERNDVS) reached at day 1984-06-28, but vernalization requirements not yet fulfilled. Forcing vernalization now (VERN=47.688571).
[2026-03-24 12:32:20,546][pcse.crop.phenology.Vernalisation][INFO] - Critical DVS for vernalization (VERNDVS) reached at day 1984-06-29, but vernalization requirements not yet fulfilled. Forcing vernalization now (VERN=47.688571).
[2026-03-24 12:32:20,547][pcse.crop.phenology.Annual_Phenology][INFO] - Changed phenological stage 'vegetative' to 'reproductive' on 1984-06-29
[2026-03-24 12:32:21,823][pcse.crop.phenology.Annual_Phenology][INFO] - Changed phenological stage 'reproductive' to 'mature' on 1984-09-13
[2026-03-24 12:32:22,065][pcse.base.timer.Timer][INFO] - Reached end of simulation period as specified by END_DATE.
| train          | E: 107 | S: 25787 | R: -0.3981 | TR: 20.7111 | TF: 128 | LR: 0 | NR: 0 | D: 04.2 s | TD: 00.0 s | BR: -0.0004 | ALOSS: 11896.9907 | CLOSS: 1577578.3138 | TLOSS: -244.0693 | TVAL: 0.5661 | AENT: -432.1725 | BCLOSS: 0.0000
[EPISODE DBG] episode=107 step=25787 pred_return=-0.430611 true_return=19.897423 total_feedback=128 labeled_feedback=0
[2026-03-24 12:32:22,072][pcse.agromanager.SoilCalendar][INFO] - Starting soil (oregon) with variation (oregon_1) on day 1984-02-01
[2026-03-24 12:32:22,075][pcse.agromanager.CropCalendar][INFO] - Starting crop (wheat) with variety (wheat_1) on day 1984-02-01
[2026-03-24 12:32:23,511][pcse.crop.phenology.Annual_Phenology][INFO] - Changed phenological stage 'emerging' to 'vegetative' on 1984-04-10
[2026-03-24 12:32:24,508][pcse.crop.phenology.Vernalisation][INFO] - Critical DVS for vernalization (VERNDVS) reached at day 1984-06-02, but vernalization requirements not yet fulfilled. Forcing vernalization now (VERN=47.688571).
[2026-03-24 12:32:24,524][pcse.crop.phenology.Vernalisation][INFO] - Critical DVS for vernalization (VERNDVS) reached at day 1984-06-03, but vernalization requirements not yet fulfilled. Forcing vernalization now (VERN=47.688571).
[2026-03-24 12:32:24,540][pcse.crop.phenology.Vernalisation][INFO] - Critical DVS for vernalization (VERNDVS) reached at day 1984-06-04, but vernalization requirements not yet fulfilled. Forcing vernalization now (VERN=47.688571).
[2026-03-24 12:32:24,556][pcse.crop.phenology.Vernalisation][INFO] - Critical DVS for vernalization (VERNDVS) reached at day 1984-06-05, but vernalization requirements not yet fulfilled. Forcing vernalization now (VERN=47.688571).
[2026-03-24 12:32:24,571][pcse.crop.phenology.Vernalisation][INFO] - Critical DVS for vernalization (VERNDVS) reached at day 1984-06-06, but vernalization requirements not yet fulfilled. Forcing vernalization now (VERN=47.688571).
[2026-03-24 12:32:24,588][pcse.crop.phenology.Vernalisation][INFO] - Critical DVS for vernalization (VERNDVS) reached at day 1984-06-07, but vernalization requirements not yet fulfilled. Forcing vernalization now (VERN=47.688571).
[2026-03-24 12:32:24,603][pcse.crop.phenology.Vernalisation][INFO] - Critical DVS for vernalization (VERNDVS) reached at day 1984-06-08, but vernalization requirements not yet fulfilled. Forcing vernalization now (VERN=47.688571).
[2026-03-24 12:32:24,619][pcse.crop.phenology.Vernalisation][INFO] - Critical DVS for vernalization (VERNDVS) reached at day 1984-06-09, but vernalization requirements not yet fulfilled. Forcing vernalization now (VERN=47.688571).
[2026-03-24 12:32:24,634][pcse.crop.phenology.Vernalisation][INFO] - Critical DVS for vernalization (VERNDVS) reached at day 1984-06-10, but vernalization requirements not yet fulfilled. Forcing vernalization now (VERN=47.688571).
[2026-03-24 12:32:24,650][pcse.crop.phenology.Vernalisation][INFO] - Critical DVS for vernalization (VERNDVS) reached at day 1984-06-11, but vernalization requirements not yet fulfilled. Forcing vernalization now (VERN=47.688571).
[2026-03-24 12:32:24,666][pcse.crop.phenology.Vernalisation][INFO] - Critical DVS for vernalization (VERNDVS) reached at day 1984-06-12, but vernalization requirements not yet fulfilled. Forcing vernalization now (VERN=47.688571).
[2026-03-24 12:32:24,681][pcse.crop.phenology.Vernalisation][INFO] - Critical DVS for vernalization (VERNDVS) reached at day 1984-06-13, but vernalization requirements not yet fulfilled. Forcing vernalization now (VERN=47.688571).
[2026-03-24 12:32:24,697][pcse.crop.phenology.Vernalisation][INFO] - Critical DVS for vernalization (VERNDVS) reached at day 1984-06-14, but vernalization requirements not yet fulfilled. Forcing vernalization now (VERN=47.688571).
[2026-03-24 12:32:24,712][pcse.crop.phenology.Vernalisation][INFO] - Critical DVS for vernalization (VERNDVS) reached at day 1984-06-15, but vernalization requirements not yet fulfilled. Forcing vernalization now (VERN=47.688571).
[2026-03-24 12:32:24,728][pcse.crop.phenology.Vernalisation][INFO] - Critical DVS for vernalization (VERNDVS) reached at day 1984-06-16, but vernalization requirements not yet fulfilled. Forcing vernalization now (VERN=47.688571).
[2026-03-24 12:32:24,743][pcse.crop.phenology.Vernalisation][INFO] - Critical DVS for vernalization (VERNDVS) reached at day 1984-06-17, but vernalization requirements not yet fulfilled. Forcing vernalization now (VERN=47.688571).
[2026-03-24 12:32:24,759][pcse.crop.phenology.Vernalisation][INFO] - Critical DVS for vernalization (VERNDVS) reached at day 1984-06-18, but vernalization requirements not yet fulfilled. Forcing vernalization now (VERN=47.688571).
[2026-03-24 12:32:24,775][pcse.crop.phenology.Vernalisation][INFO] - Critical DVS for vernalization (VERNDVS) reached at day 1984-06-19, but vernalization requirements not yet fulfilled. Forcing vernalization now (VERN=47.688571).
[2026-03-24 12:32:24,790][pcse.crop.phenology.Vernalisation][INFO] - Critical DVS for vernalization (VERNDVS) reached at day 1984-06-20, but vernalization requirements not yet fulfilled. Forcing vernalization now (VERN=47.688571).
[2026-03-24 12:32:24,806][pcse.crop.phenology.Vernalisation][INFO] - Critical DVS for vernalization (VERNDVS) reached at day 1984-06-21, but vernalization requirements not yet fulfilled. Forcing vernalization now (VERN=47.688571).
[2026-03-24 12:32:24,821][pcse.crop.phenology.Vernalisation][INFO] - Critical DVS for vernalization (VERNDVS) reached at day 1984-06-22, but vernalization requirements not yet fulfilled. Forcing vernalization now (VERN=47.688571).
[2026-03-24 12:32:24,838][pcse.crop.phenology.Vernalisation][INFO] - Critical DVS for vernalization (VERNDVS) reached at day 1984-06-23, but vernalization requirements not yet fulfilled. Forcing vernalization now (VERN=47.688571).
[2026-03-24 12:32:24,854][pcse.crop.phenology.Vernalisation][INFO] - Critical DVS for vernalization (VERNDVS) reached at day 1984-06-24, but vernalization requirements not yet fulfilled. Forcing vernalization now (VERN=47.688571).
[2026-03-24 12:32:24,869][pcse.crop.phenology.Vernalisation][INFO] - Critical DVS for vernalization (VERNDVS) reached at day 1984-06-25, but vernalization requirements not yet fulfilled. Forcing vernalization now (VERN=47.688571).
[2026-03-24 12:32:24,885][pcse.crop.phenology.Vernalisation][INFO] - Critical DVS for vernalization (VERNDVS) reached at day 1984-06-26, but vernalization requirements not yet fulfilled. Forcing vernalization now (VERN=47.688571).
[2026-03-24 12:32:24,901][pcse.crop.phenology.Vernalisation][INFO] - Critical DVS for vernalization (VERNDVS) reached at day 1984-06-27, but vernalization requirements not yet fulfilled. Forcing vernalization now (VERN=47.688571).
[2026-03-24 12:32:24,918][pcse.crop.phenology.Vernalisation][INFO] - Critical DVS for vernalization (VERNDVS) reached at day 1984-06-28, but vernalization requirements not yet fulfilled. Forcing vernalization now (VERN=47.688571).
[2026-03-24 12:32:24,935][pcse.crop.phenology.Vernalisation][INFO] - Critical DVS for vernalization (VERNDVS) reached at day 1984-06-29, but vernalization requirements not yet fulfilled. Forcing vernalization now (VERN=47.688571).
[2026-03-24 12:32:24,935][pcse.crop.phenology.Annual_Phenology][INFO] - Changed phenological stage 'vegetative' to 'reproductive' on 1984-06-29
[REPLAY DBG] post-agent-update step=26000 n=26000 mean=-0.000409 std=0.007418 min=-0.043908 max=0.028845
[STEP DBG] step=26000 env_reward=0.178190 r_hat=-0.006171 done=False
[NORM DBG] count=26000 mean_abs_mean=62544.921875 mean_std=123.229668 min_std=0.001000 max_std=1592.079346
[2026-03-24 12:32:26,456][pcse.crop.phenology.Annual_Phenology][INFO] - Changed phenological stage 'reproductive' to 'mature' on 1984-09-13
[2026-03-24 12:32:26,727][pcse.base.timer.Timer][INFO] - Reached end of simulation period as specified by END_DATE.
| train          | E: 108 | S: 26028 | R: -0.4306 | TR: 19.8974 | TF: 128 | LR: 0 | NR: 0 | D: 04.7 s | TD: 00.0 s | BR: -0.0004 | ALOSS: 12000.0659 | CLOSS: 1391961.6581 | TLOSS: -249.1483 | TVAL: 0.5795 | AENT: -430.9103 | BCLOSS: 0.0000
[EPISODE DBG] episode=108 step=26028 pred_return=-0.449657 true_return=15.861067 total_feedback=128 labeled_feedback=0
[2026-03-24 12:32:26,734][pcse.agromanager.SoilCalendar][INFO] - Starting soil (oregon) with variation (oregon_1) on day 1984-02-01
[2026-03-24 12:32:26,737][pcse.agromanager.CropCalendar][INFO] - Starting crop (wheat) with variety (wheat_1) on day 1984-02-01
[2026-03-24 12:32:27,979][pcse.crop.phenology.Annual_Phenology][INFO] - Changed phenological stage 'emerging' to 'vegetative' on 1984-04-10
[2026-03-24 12:32:28,846][pcse.crop.phenology.Vernalisation][INFO] - Critical DVS for vernalization (VERNDVS) reached at day 1984-06-02, but vernalization requirements not yet fulfilled. Forcing vernalization now (VERN=47.688571).
[2026-03-24 12:32:28,858][pcse.crop.phenology.Vernalisation][INFO] - Critical DVS for vernalization (VERNDVS) reached at day 1984-06-03, but vernalization requirements not yet fulfilled. Forcing vernalization now (VERN=47.688571).
[2026-03-24 12:32:28,870][pcse.crop.phenology.Vernalisation][INFO] - Critical DVS for vernalization (VERNDVS) reached at day 1984-06-04, but vernalization requirements not yet fulfilled. Forcing vernalization now (VERN=47.688571).
[2026-03-24 12:32:28,881][pcse.crop.phenology.Vernalisation][INFO] - Critical DVS for vernalization (VERNDVS) reached at day 1984-06-05, but vernalization requirements not yet fulfilled. Forcing vernalization now (VERN=47.688571).
[2026-03-24 12:32:28,893][pcse.crop.phenology.Vernalisation][INFO] - Critical DVS for vernalization (VERNDVS) reached at day 1984-06-06, but vernalization requirements not yet fulfilled. Forcing vernalization now (VERN=47.688571).
[2026-03-24 12:32:28,905][pcse.crop.phenology.Vernalisation][INFO] - Critical DVS for vernalization (VERNDVS) reached at day 1984-06-07, but vernalization requirements not yet fulfilled. Forcing vernalization now (VERN=47.688571).
[2026-03-24 12:32:28,916][pcse.crop.phenology.Vernalisation][INFO] - Critical DVS for vernalization (VERNDVS) reached at day 1984-06-08, but vernalization requirements not yet fulfilled. Forcing vernalization now (VERN=47.688571).
[2026-03-24 12:32:28,928][pcse.crop.phenology.Vernalisation][INFO] - Critical DVS for vernalization (VERNDVS) reached at day 1984-06-09, but vernalization requirements not yet fulfilled. Forcing vernalization now (VERN=47.688571).
[2026-03-24 12:32:28,940][pcse.crop.phenology.Vernalisation][INFO] - Critical DVS for vernalization (VERNDVS) reached at day 1984-06-10, but vernalization requirements not yet fulfilled. Forcing vernalization now (VERN=47.688571).
[2026-03-24 12:32:28,952][pcse.crop.phenology.Vernalisation][INFO] - Critical DVS for vernalization (VERNDVS) reached at day 1984-06-11, but vernalization requirements not yet fulfilled. Forcing vernalization now (VERN=47.688571).
[2026-03-24 12:32:28,964][pcse.crop.phenology.Vernalisation][INFO] - Critical DVS for vernalization (VERNDVS) reached at day 1984-06-12, but vernalization requirements not yet fulfilled. Forcing vernalization now (VERN=47.688571).
[2026-03-24 12:32:28,975][pcse.crop.phenology.Vernalisation][INFO] - Critical DVS for vernalization (VERNDVS) reached at day 1984-06-13, but vernalization requirements not yet fulfilled. Forcing vernalization now (VERN=47.688571).
[2026-03-24 12:32:28,987][pcse.crop.phenology.Vernalisation][INFO] - Critical DVS for vernalization (VERNDVS) reached at day 1984-06-14, but vernalization requirements not yet fulfilled. Forcing vernalization now (VERN=47.688571).
[2026-03-24 12:32:28,999][pcse.crop.phenology.Vernalisation][INFO] - Critical DVS for vernalization (VERNDVS) reached at day 1984-06-15, but vernalization requirements not yet fulfilled. Forcing vernalization now (VERN=47.688571).
[2026-03-24 12:32:29,010][pcse.crop.phenology.Vernalisation][INFO] - Critical DVS for vernalization (VERNDVS) reached at day 1984-06-16, but vernalization requirements not yet fulfilled. Forcing vernalization now (VERN=47.688571).
[2026-03-24 12:32:29,022][pcse.crop.phenology.Vernalisation][INFO] - Critical DVS for vernalization (VERNDVS) reached at day 1984-06-17, but vernalization requirements not yet fulfilled. Forcing vernalization now (VERN=47.688571).
[2026-03-24 12:32:29,034][pcse.crop.phenology.Vernalisation][INFO] - Critical DVS for vernalization (VERNDVS) reached at day 1984-06-18, but vernalization requirements not yet fulfilled. Forcing vernalization now (VERN=47.688571).
[2026-03-24 12:32:29,046][pcse.crop.phenology.Vernalisation][INFO] - Critical DVS for vernalization (VERNDVS) reached at day 1984-06-19, but vernalization requirements not yet fulfilled. Forcing vernalization now (VERN=47.688571).
[2026-03-24 12:32:29,057][pcse.crop.phenology.Vernalisation][INFO] - Critical DVS for vernalization (VERNDVS) reached at day 1984-06-20, but vernalization requirements not yet fulfilled. Forcing vernalization now (VERN=47.688571).
[2026-03-24 12:32:29,069][pcse.crop.phenology.Vernalisation][INFO] - Critical DVS for vernalization (VERNDVS) reached at day 1984-06-21, but vernalization requirements not yet fulfilled. Forcing vernalization now (VERN=47.688571).
[2026-03-24 12:32:29,081][pcse.crop.phenology.Vernalisation][INFO] - Critical DVS for vernalization (VERNDVS) reached at day 1984-06-22, but vernalization requirements not yet fulfilled. Forcing vernalization now (VERN=47.688571).
[2026-03-24 12:32:29,093][pcse.crop.phenology.Vernalisation][INFO] - Critical DVS for vernalization (VERNDVS) reached at day 1984-06-23, but vernalization requirements not yet fulfilled. Forcing vernalization now (VERN=47.688571).
[2026-03-24 12:32:29,104][pcse.crop.phenology.Vernalisation][INFO] - Critical DVS for vernalization (VERNDVS) reached at day 1984-06-24, but vernalization requirements not yet fulfilled. Forcing vernalization now (VERN=47.688571).
[2026-03-24 12:32:29,116][pcse.crop.phenology.Vernalisation][INFO] - Critical DVS for vernalization (VERNDVS) reached at day 1984-06-25, but vernalization requirements not yet fulfilled. Forcing vernalization now (VERN=47.688571).
[2026-03-24 12:32:29,128][pcse.crop.phenology.Vernalisation][INFO] - Critical DVS for vernalization (VERNDVS) reached at day 1984-06-26, but vernalization requirements not yet fulfilled. Forcing vernalization now (VERN=47.688571).
[2026-03-24 12:32:29,139][pcse.crop.phenology.Vernalisation][INFO] - Critical DVS for vernalization (VERNDVS) reached at day 1984-06-27, but vernalization requirements not yet fulfilled. Forcing vernalization now (VERN=47.688571).
[2026-03-24 12:32:29,151][pcse.crop.phenology.Vernalisation][INFO] - Critical DVS for vernalization (VERNDVS) reached at day 1984-06-28, but vernalization requirements not yet fulfilled. Forcing vernalization now (VERN=47.688571).
[2026-03-24 12:32:29,163][pcse.crop.phenology.Vernalisation][INFO] - Critical DVS for vernalization (VERNDVS) reached at day 1984-06-29, but vernalization requirements not yet fulfilled. Forcing vernalization now (VERN=47.688571).
[2026-03-24 12:32:29,163][pcse.crop.phenology.Annual_Phenology][INFO] - Changed phenological stage 'vegetative' to 'reproductive' on 1984-06-29
[2026-03-24 12:32:30,458][pcse.crop.phenology.Annual_Phenology][INFO] - Changed phenological stage 'reproductive' to 'mature' on 1984-09-13
[2026-03-24 12:32:30,722][pcse.base.timer.Timer][INFO] - Reached end of simulation period as specified by END_DATE.
| train          | E: 109 | S: 26269 | R: -0.4497 | TR: 15.8611 | TF: 128 | LR: 0 | NR: 0 | D: 04.0 s | TD: 00.0 s | BR: -0.0004 | ALOSS: 12062.8965 | CLOSS: 1509970.0593 | TLOSS: -250.0387 | TVAL: 0.5932 | AENT: -422.4962 | BCLOSS: 0.0000
[EPISODE DBG] episode=109 step=26269 pred_return=-0.391515 true_return=12.083472 total_feedback=128 labeled_feedback=0
[2026-03-24 12:32:30,730][pcse.agromanager.SoilCalendar][INFO] - Starting soil (oregon) with variation (oregon_1) on day 1984-02-01
[2026-03-24 12:32:30,732][pcse.agromanager.CropCalendar][INFO] - Starting crop (wheat) with variety (wheat_1) on day 1984-02-01
[2026-03-24 12:32:32,155][pcse.crop.phenology.Annual_Phenology][INFO] - Changed phenological stage 'emerging' to 'vegetative' on 1984-04-10
[2026-03-24 12:32:32,978][pcse.crop.phenology.Vernalisation][INFO] - Critical DVS for vernalization (VERNDVS) reached at day 1984-06-02, but vernalization requirements not yet fulfilled. Forcing vernalization now (VERN=47.688571).
[2026-03-24 12:32:32,993][pcse.crop.phenology.Vernalisation][INFO] - Critical DVS for vernalization (VERNDVS) reached at day 1984-06-03, but vernalization requirements not yet fulfilled. Forcing vernalization now (VERN=47.688571).
[2026-03-24 12:32:33,008][pcse.crop.phenology.Vernalisation][INFO] - Critical DVS for vernalization (VERNDVS) reached at day 1984-06-04, but vernalization requirements not yet fulfilled. Forcing vernalization now (VERN=47.688571).
[2026-03-24 12:32:33,024][pcse.crop.phenology.Vernalisation][INFO] - Critical DVS for vernalization (VERNDVS) reached at day 1984-06-05, but vernalization requirements not yet fulfilled. Forcing vernalization now (VERN=47.688571).
[2026-03-24 12:32:33,039][pcse.crop.phenology.Vernalisation][INFO] - Critical DVS for vernalization (VERNDVS) reached at day 1984-06-06, but vernalization requirements not yet fulfilled. Forcing vernalization now (VERN=47.688571).
[2026-03-24 12:32:33,055][pcse.crop.phenology.Vernalisation][INFO] - Critical DVS for vernalization (VERNDVS) reached at day 1984-06-07, but vernalization requirements not yet fulfilled. Forcing vernalization now (VERN=47.688571).
[2026-03-24 12:32:33,070][pcse.crop.phenology.Vernalisation][INFO] - Critical DVS for vernalization (VERNDVS) reached at day 1984-06-08, but vernalization requirements not yet fulfilled. Forcing vernalization now (VERN=47.688571).
[2026-03-24 12:32:33,086][pcse.crop.phenology.Vernalisation][INFO] - Critical DVS for vernalization (VERNDVS) reached at day 1984-06-09, but vernalization requirements not yet fulfilled. Forcing vernalization now (VERN=47.688571).
[2026-03-24 12:32:33,101][pcse.crop.phenology.Vernalisation][INFO] - Critical DVS for vernalization (VERNDVS) reached at day 1984-06-10, but vernalization requirements not yet fulfilled. Forcing vernalization now (VERN=47.688571).
[2026-03-24 12:32:33,117][pcse.crop.phenology.Vernalisation][INFO] - Critical DVS for vernalization (VERNDVS) reached at day 1984-06-11, but vernalization requirements not yet fulfilled. Forcing vernalization now (VERN=47.688571).
[2026-03-24 12:32:33,132][pcse.crop.phenology.Vernalisation][INFO] - Critical DVS for vernalization (VERNDVS) reached at day 1984-06-12, but vernalization requirements not yet fulfilled. Forcing vernalization now (VERN=47.688571).
[2026-03-24 12:32:33,305][pcse.crop.phenology.Vernalisation][INFO] - Critical DVS for vernalization (VERNDVS) reached at day 1984-06-13, but vernalization requirements not yet fulfilled. Forcing vernalization now (VERN=47.688571).
[2026-03-24 12:32:33,322][pcse.crop.phenology.Vernalisation][INFO] - Critical DVS for vernalization (VERNDVS) reached at day 1984-06-14, but vernalization requirements not yet fulfilled. Forcing vernalization now (VERN=47.688571).
[2026-03-24 12:32:33,339][pcse.crop.phenology.Vernalisation][INFO] - Critical DVS for vernalization (VERNDVS) reached at day 1984-06-15, but vernalization requirements not yet fulfilled. Forcing vernalization now (VERN=47.688571).
[2026-03-24 12:32:33,356][pcse.crop.phenology.Vernalisation][INFO] - Critical DVS for vernalization (VERNDVS) reached at day 1984-06-16, but vernalization requirements not yet fulfilled. Forcing vernalization now (VERN=47.688571).
[2026-03-24 12:32:33,374][pcse.crop.phenology.Vernalisation][INFO] - Critical DVS for vernalization (VERNDVS) reached at day 1984-06-17, but vernalization requirements not yet fulfilled. Forcing vernalization now (VERN=47.688571).
[2026-03-24 12:32:33,390][pcse.crop.phenology.Vernalisation][INFO] - Critical DVS for vernalization (VERNDVS) reached at day 1984-06-18, but vernalization requirements not yet fulfilled. Forcing vernalization now (VERN=47.688571).
[2026-03-24 12:32:33,406][pcse.crop.phenology.Vernalisation][INFO] - Critical DVS for vernalization (VERNDVS) reached at day 1984-06-19, but vernalization requirements not yet fulfilled. Forcing vernalization now (VERN=47.688571).
[2026-03-24 12:32:33,423][pcse.crop.phenology.Vernalisation][INFO] - Critical DVS for vernalization (VERNDVS) reached at day 1984-06-20, but vernalization requirements not yet fulfilled. Forcing vernalization now (VERN=47.688571).
[2026-03-24 12:32:33,439][pcse.crop.phenology.Vernalisation][INFO] - Critical DVS for vernalization (VERNDVS) reached at day 1984-06-21, but vernalization requirements not yet fulfilled. Forcing vernalization now (VERN=47.688571).
[2026-03-24 12:32:33,454][pcse.crop.phenology.Vernalisation][INFO] - Critical DVS for vernalization (VERNDVS) reached at day 1984-06-22, but vernalization requirements not yet fulfilled. Forcing vernalization now (VERN=47.688571).
[2026-03-24 12:32:33,470][pcse.crop.phenology.Vernalisation][INFO] - Critical DVS for vernalization (VERNDVS) reached at day 1984-06-23, but vernalization requirements not yet fulfilled. Forcing vernalization now (VERN=47.688571).
[2026-03-24 12:32:33,486][pcse.crop.phenology.Vernalisation][INFO] - Critical DVS for vernalization (VERNDVS) reached at day 1984-06-24, but vernalization requirements not yet fulfilled. Forcing vernalization now (VERN=47.688571).
[2026-03-24 12:32:33,502][pcse.crop.phenology.Vernalisation][INFO] - Critical DVS for vernalization (VERNDVS) reached at day 1984-06-25, but vernalization requirements not yet fulfilled. Forcing vernalization now (VERN=47.688571).
[2026-03-24 12:32:33,519][pcse.crop.phenology.Vernalisation][INFO] - Critical DVS for vernalization (VERNDVS) reached at day 1984-06-26, but vernalization requirements not yet fulfilled. Forcing vernalization now (VERN=47.688571).
[2026-03-24 12:32:33,535][pcse.crop.phenology.Vernalisation][INFO] - Critical DVS for vernalization (VERNDVS) reached at day 1984-06-27, but vernalization requirements not yet fulfilled. Forcing vernalization now (VERN=47.688571).
[2026-03-24 12:32:33,550][pcse.crop.phenology.Vernalisation][INFO] - Critical DVS for vernalization (VERNDVS) reached at day 1984-06-28, but vernalization requirements not yet fulfilled. Forcing vernalization now (VERN=47.688571).
[2026-03-24 12:32:33,566][pcse.crop.phenology.Vernalisation][INFO] - Critical DVS for vernalization (VERNDVS) reached at day 1984-06-29, but vernalization requirements not yet fulfilled. Forcing vernalization now (VERN=47.688571).
[2026-03-24 12:32:33,566][pcse.crop.phenology.Annual_Phenology][INFO] - Changed phenological stage 'vegetative' to 'reproductive' on 1984-06-29
[2026-03-24 12:32:34,749][pcse.crop.phenology.Annual_Phenology][INFO] - Changed phenological stage 'reproductive' to 'mature' on 1984-09-13
[REPLAY DBG] post-agent-update step=26500 n=26500 mean=-0.000432 std=0.007408 min=-0.043908 max=0.028845
[STEP DBG] step=26500 env_reward=0.214762 r_hat=-0.002164 done=False
[NORM DBG] count=26500 mean_abs_mean=62544.410156 mean_std=122.222717 min_std=0.001000 max_std=1577.800781
[2026-03-24 12:32:35,213][pcse.base.timer.Timer][INFO] - Reached end of simulation period as specified by END_DATE.
| train          | E: 110 | S: 26510 | R: -0.3915 | TR: 12.0835 | TF: 128 | LR: 0 | NR: 0 | D: 04.5 s | TD: 00.0 s | BR: -0.0004 | ALOSS: 12106.3113 | CLOSS: 1633997.5328 | TLOSS: -251.5979 | TVAL: 0.6070 | AENT: -415.4948 | BCLOSS: 0.0000
[EPISODE DBG] episode=110 step=26510 pred_return=-0.403595 true_return=20.711114 total_feedback=128 labeled_feedback=0
[2026-03-24 12:32:35,220][pcse.agromanager.SoilCalendar][INFO] - Starting soil (oregon) with variation (oregon_1) on day 1984-02-01
[2026-03-24 12:32:35,222][pcse.agromanager.CropCalendar][INFO] - Starting crop (wheat) with variety (wheat_1) on day 1984-02-01
[2026-03-24 12:32:36,484][pcse.crop.phenology.Annual_Phenology][INFO] - Changed phenological stage 'emerging' to 'vegetative' on 1984-04-10
[2026-03-24 12:32:37,495][pcse.crop.phenology.Vernalisation][INFO] - Critical DVS for vernalization (VERNDVS) reached at day 1984-06-02, but vernalization requirements not yet fulfilled. Forcing vernalization now (VERN=47.688571).
[2026-03-24 12:32:37,510][pcse.crop.phenology.Vernalisation][INFO] - Critical DVS for vernalization (VERNDVS) reached at day 1984-06-03, but vernalization requirements not yet fulfilled. Forcing vernalization now (VERN=47.688571).
[2026-03-24 12:32:37,523][pcse.crop.phenology.Vernalisation][INFO] - Critical DVS for vernalization (VERNDVS) reached at day 1984-06-04, but vernalization requirements not yet fulfilled. Forcing vernalization now (VERN=47.688571).
[2026-03-24 12:32:37,536][pcse.crop.phenology.Vernalisation][INFO] - Critical DVS for vernalization (VERNDVS) reached at day 1984-06-05, but vernalization requirements not yet fulfilled. Forcing vernalization now (VERN=47.688571).
[2026-03-24 12:32:37,549][pcse.crop.phenology.Vernalisation][INFO] - Critical DVS for vernalization (VERNDVS) reached at day 1984-06-06, but vernalization requirements not yet fulfilled. Forcing vernalization now (VERN=47.688571).
[2026-03-24 12:32:37,562][pcse.crop.phenology.Vernalisation][INFO] - Critical DVS for vernalization (VERNDVS) reached at day 1984-06-07, but vernalization requirements not yet fulfilled. Forcing vernalization now (VERN=47.688571).
[2026-03-24 12:32:37,575][pcse.crop.phenology.Vernalisation][INFO] - Critical DVS for vernalization (VERNDVS) reached at day 1984-06-08, but vernalization requirements not yet fulfilled. Forcing vernalization now (VERN=47.688571).
[2026-03-24 12:32:37,588][pcse.crop.phenology.Vernalisation][INFO] - Critical DVS for vernalization (VERNDVS) reached at day 1984-06-09, but vernalization requirements not yet fulfilled. Forcing vernalization now (VERN=47.688571).
[2026-03-24 12:32:37,602][pcse.crop.phenology.Vernalisation][INFO] - Critical DVS for vernalization (VERNDVS) reached at day 1984-06-10, but vernalization requirements not yet fulfilled. Forcing vernalization now (VERN=47.688571).
[2026-03-24 12:32:37,616][pcse.crop.phenology.Vernalisation][INFO] - Critical DVS for vernalization (VERNDVS) reached at day 1984-06-11, but vernalization requirements not yet fulfilled. Forcing vernalization now (VERN=47.688571).
[2026-03-24 12:32:37,629][pcse.crop.phenology.Vernalisation][INFO] - Critical DVS for vernalization (VERNDVS) reached at day 1984-06-12, but vernalization requirements not yet fulfilled. Forcing vernalization now (VERN=47.688571).
[2026-03-24 12:32:37,643][pcse.crop.phenology.Vernalisation][INFO] - Critical DVS for vernalization (VERNDVS) reached at day 1984-06-13, but vernalization requirements not yet fulfilled. Forcing vernalization now (VERN=47.688571).
[2026-03-24 12:32:37,657][pcse.crop.phenology.Vernalisation][INFO] - Critical DVS for vernalization (VERNDVS) reached at day 1984-06-14, but vernalization requirements not yet fulfilled. Forcing vernalization now (VERN=47.688571).
[2026-03-24 12:32:37,671][pcse.crop.phenology.Vernalisation][INFO] - Critical DVS for vernalization (VERNDVS) reached at day 1984-06-15, but vernalization requirements not yet fulfilled. Forcing vernalization now (VERN=47.688571).
[2026-03-24 12:32:37,686][pcse.crop.phenology.Vernalisation][INFO] - Critical DVS for vernalization (VERNDVS) reached at day 1984-06-16, but vernalization requirements not yet fulfilled. Forcing vernalization now (VERN=47.688571).
[2026-03-24 12:32:37,699][pcse.crop.phenology.Vernalisation][INFO] - Critical DVS for vernalization (VERNDVS) reached at day 1984-06-17, but vernalization requirements not yet fulfilled. Forcing vernalization now (VERN=47.688571).
[2026-03-24 12:32:37,713][pcse.crop.phenology.Vernalisation][INFO] - Critical DVS for vernalization (VERNDVS) reached at day 1984-06-18, but vernalization requirements not yet fulfilled. Forcing vernalization now (VERN=47.688571).
[2026-03-24 12:32:37,727][pcse.crop.phenology.Vernalisation][INFO] - Critical DVS for vernalization (VERNDVS) reached at day 1984-06-19, but vernalization requirements not yet fulfilled. Forcing vernalization now (VERN=47.688571).
[2026-03-24 12:32:37,741][pcse.crop.phenology.Vernalisation][INFO] - Critical DVS for vernalization (VERNDVS) reached at day 1984-06-20, but vernalization requirements not yet fulfilled. Forcing vernalization now (VERN=47.688571).
[2026-03-24 12:32:37,754][pcse.crop.phenology.Vernalisation][INFO] - Critical DVS for vernalization (VERNDVS) reached at day 1984-06-21, but vernalization requirements not yet fulfilled. Forcing vernalization now (VERN=47.688571).
[2026-03-24 12:32:37,768][pcse.crop.phenology.Vernalisation][INFO] - Critical DVS for vernalization (VERNDVS) reached at day 1984-06-22, but vernalization requirements not yet fulfilled. Forcing vernalization now (VERN=47.688571).
[2026-03-24 12:32:37,782][pcse.crop.phenology.Vernalisation][INFO] - Critical DVS for vernalization (VERNDVS) reached at day 1984-06-23, but vernalization requirements not yet fulfilled. Forcing vernalization now (VERN=47.688571).
[2026-03-24 12:32:37,796][pcse.crop.phenology.Vernalisation][INFO] - Critical DVS for vernalization (VERNDVS) reached at day 1984-06-24, but vernalization requirements not yet fulfilled. Forcing vernalization now (VERN=47.688571).
[2026-03-24 12:32:37,809][pcse.crop.phenology.Vernalisation][INFO] - Critical DVS for vernalization (VERNDVS) reached at day 1984-06-25, but vernalization requirements not yet fulfilled. Forcing vernalization now (VERN=47.688571).
[2026-03-24 12:32:37,823][pcse.crop.phenology.Vernalisation][INFO] - Critical DVS for vernalization (VERNDVS) reached at day 1984-06-26, but vernalization requirements not yet fulfilled. Forcing vernalization now (VERN=47.688571).
[2026-03-24 12:32:37,836][pcse.crop.phenology.Vernalisation][INFO] - Critical DVS for vernalization (VERNDVS) reached at day 1984-06-27, but vernalization requirements not yet fulfilled. Forcing vernalization now (VERN=47.688571).
[2026-03-24 12:32:37,850][pcse.crop.phenology.Vernalisation][INFO] - Critical DVS for vernalization (VERNDVS) reached at day 1984-06-28, but vernalization requirements not yet fulfilled. Forcing vernalization now (VERN=47.688571).
[2026-03-24 12:32:37,864][pcse.crop.phenology.Vernalisation][INFO] - Critical DVS for vernalization (VERNDVS) reached at day 1984-06-29, but vernalization requirements not yet fulfilled. Forcing vernalization now (VERN=47.688571).
[2026-03-24 12:32:37,864][pcse.crop.phenology.Annual_Phenology][INFO] - Changed phenological stage 'vegetative' to 'reproductive' on 1984-06-29
[2026-03-24 12:32:39,128][pcse.crop.phenology.Annual_Phenology][INFO] - Changed phenological stage 'reproductive' to 'mature' on 1984-09-13
[2026-03-24 12:32:39,376][pcse.base.timer.Timer][INFO] - Reached end of simulation period as specified by END_DATE.
| train          | E: 111 | S: 26751 | R: -0.4036 | TR: 20.7111 | TF: 128 | LR: 0 | NR: 0 | D: 04.2 s | TD: 00.0 s | BR: -0.0004 | ALOSS: 12190.8684 | CLOSS: 1692141.9990 | TLOSS: -255.4613 | TVAL: 0.6209 | AENT: -412.4747 | BCLOSS: 0.0000
[EPISODE DBG] episode=111 step=26751 pred_return=-0.437747 true_return=19.897423 total_feedback=128 labeled_feedback=0
[2026-03-24 12:32:39,383][pcse.agromanager.SoilCalendar][INFO] - Starting soil (oregon) with variation (oregon_1) on day 1984-02-01
[2026-03-24 12:32:39,386][pcse.agromanager.CropCalendar][INFO] - Starting crop (wheat) with variety (wheat_1) on day 1984-02-01
[2026-03-24 12:32:40,591][pcse.crop.phenology.Annual_Phenology][INFO] - Changed phenological stage 'emerging' to 'vegetative' on 1984-04-10
[2026-03-24 12:32:41,300][pcse.crop.phenology.Vernalisation][INFO] - Critical DVS for vernalization (VERNDVS) reached at day 1984-06-02, but vernalization requirements not yet fulfilled. Forcing vernalization now (VERN=47.688571).
[2026-03-24 12:32:41,313][pcse.crop.phenology.Vernalisation][INFO] - Critical DVS for vernalization (VERNDVS) reached at day 1984-06-03, but vernalization requirements not yet fulfilled. Forcing vernalization now (VERN=47.688571).
[2026-03-24 12:32:41,327][pcse.crop.phenology.Vernalisation][INFO] - Critical DVS for vernalization (VERNDVS) reached at day 1984-06-04, but vernalization requirements not yet fulfilled. Forcing vernalization now (VERN=47.688571).
[2026-03-24 12:32:41,341][pcse.crop.phenology.Vernalisation][INFO] - Critical DVS for vernalization (VERNDVS) reached at day 1984-06-05, but vernalization requirements not yet fulfilled. Forcing vernalization now (VERN=47.688571).
[2026-03-24 12:32:41,355][pcse.crop.phenology.Vernalisation][INFO] - Critical DVS for vernalization (VERNDVS) reached at day 1984-06-06, but vernalization requirements not yet fulfilled. Forcing vernalization now (VERN=47.688571).
[2026-03-24 12:32:41,369][pcse.crop.phenology.Vernalisation][INFO] - Critical DVS for vernalization (VERNDVS) reached at day 1984-06-07, but vernalization requirements not yet fulfilled. Forcing vernalization now (VERN=47.688571).
[2026-03-24 12:32:41,382][pcse.crop.phenology.Vernalisation][INFO] - Critical DVS for vernalization (VERNDVS) reached at day 1984-06-08, but vernalization requirements not yet fulfilled. Forcing vernalization now (VERN=47.688571).
[2026-03-24 12:32:41,396][pcse.crop.phenology.Vernalisation][INFO] - Critical DVS for vernalization (VERNDVS) reached at day 1984-06-09, but vernalization requirements not yet fulfilled. Forcing vernalization now (VERN=47.688571).
[2026-03-24 12:32:41,411][pcse.crop.phenology.Vernalisation][INFO] - Critical DVS for vernalization (VERNDVS) reached at day 1984-06-10, but vernalization requirements not yet fulfilled. Forcing vernalization now (VERN=47.688571).
[2026-03-24 12:32:41,424][pcse.crop.phenology.Vernalisation][INFO] - Critical DVS for vernalization (VERNDVS) reached at day 1984-06-11, but vernalization requirements not yet fulfilled. Forcing vernalization now (VERN=47.688571).
[2026-03-24 12:32:41,438][pcse.crop.phenology.Vernalisation][INFO] - Critical DVS for vernalization (VERNDVS) reached at day 1984-06-12, but vernalization requirements not yet fulfilled. Forcing vernalization now (VERN=47.688571).
[2026-03-24 12:32:41,452][pcse.crop.phenology.Vernalisation][INFO] - Critical DVS for vernalization (VERNDVS) reached at day 1984-06-13, but vernalization requirements not yet fulfilled. Forcing vernalization now (VERN=47.688571).
[2026-03-24 12:32:41,465][pcse.crop.phenology.Vernalisation][INFO] - Critical DVS for vernalization (VERNDVS) reached at day 1984-06-14, but vernalization requirements not yet fulfilled. Forcing vernalization now (VERN=47.688571).
[2026-03-24 12:32:41,479][pcse.crop.phenology.Vernalisation][INFO] - Critical DVS for vernalization (VERNDVS) reached at day 1984-06-15, but vernalization requirements not yet fulfilled. Forcing vernalization now (VERN=47.688571).
[2026-03-24 12:32:41,492][pcse.crop.phenology.Vernalisation][INFO] - Critical DVS for vernalization (VERNDVS) reached at day 1984-06-16, but vernalization requirements not yet fulfilled. Forcing vernalization now (VERN=47.688571).
[2026-03-24 12:32:41,506][pcse.crop.phenology.Vernalisation][INFO] - Critical DVS for vernalization (VERNDVS) reached at day 1984-06-17, but vernalization requirements not yet fulfilled. Forcing vernalization now (VERN=47.688571).
[2026-03-24 12:32:41,520][pcse.crop.phenology.Vernalisation][INFO] - Critical DVS for vernalization (VERNDVS) reached at day 1984-06-18, but vernalization requirements not yet fulfilled. Forcing vernalization now (VERN=47.688571).
[2026-03-24 12:32:41,534][pcse.crop.phenology.Vernalisation][INFO] - Critical DVS for vernalization (VERNDVS) reached at day 1984-06-19, but vernalization requirements not yet fulfilled. Forcing vernalization now (VERN=47.688571).
[2026-03-24 12:32:41,547][pcse.crop.phenology.Vernalisation][INFO] - Critical DVS for vernalization (VERNDVS) reached at day 1984-06-20, but vernalization requirements not yet fulfilled. Forcing vernalization now (VERN=47.688571).
[2026-03-24 12:32:41,561][pcse.crop.phenology.Vernalisation][INFO] - Critical DVS for vernalization (VERNDVS) reached at day 1984-06-21, but vernalization requirements not yet fulfilled. Forcing vernalization now (VERN=47.688571).
[2026-03-24 12:32:41,575][pcse.crop.phenology.Vernalisation][INFO] - Critical DVS for vernalization (VERNDVS) reached at day 1984-06-22, but vernalization requirements not yet fulfilled. Forcing vernalization now (VERN=47.688571).
[2026-03-24 12:32:41,589][pcse.crop.phenology.Vernalisation][INFO] - Critical DVS for vernalization (VERNDVS) reached at day 1984-06-23, but vernalization requirements not yet fulfilled. Forcing vernalization now (VERN=47.688571).
[2026-03-24 12:32:41,603][pcse.crop.phenology.Vernalisation][INFO] - Critical DVS for vernalization (VERNDVS) reached at day 1984-06-24, but vernalization requirements not yet fulfilled. Forcing vernalization now (VERN=47.688571).
[2026-03-24 12:32:41,617][pcse.crop.phenology.Vernalisation][INFO] - Critical DVS for vernalization (VERNDVS) reached at day 1984-06-25, but vernalization requirements not yet fulfilled. Forcing vernalization now (VERN=47.688571).
[2026-03-24 12:32:41,630][pcse.crop.phenology.Vernalisation][INFO] - Critical DVS for vernalization (VERNDVS) reached at day 1984-06-26, but vernalization requirements not yet fulfilled. Forcing vernalization now (VERN=47.688571).
[2026-03-24 12:32:41,644][pcse.crop.phenology.Vernalisation][INFO] - Critical DVS for vernalization (VERNDVS) reached at day 1984-06-27, but vernalization requirements not yet fulfilled. Forcing vernalization now (VERN=47.688571).
[2026-03-24 12:32:41,658][pcse.crop.phenology.Vernalisation][INFO] - Critical DVS for vernalization (VERNDVS) reached at day 1984-06-28, but vernalization requirements not yet fulfilled. Forcing vernalization now (VERN=47.688571).
[2026-03-24 12:32:41,672][pcse.crop.phenology.Vernalisation][INFO] - Critical DVS for vernalization (VERNDVS) reached at day 1984-06-29, but vernalization requirements not yet fulfilled. Forcing vernalization now (VERN=47.688571).
[2026-03-24 12:32:41,672][pcse.crop.phenology.Annual_Phenology][INFO] - Changed phenological stage 'vegetative' to 'reproductive' on 1984-06-29
[2026-03-24 12:32:43,046][pcse.crop.phenology.Annual_Phenology][INFO] - Changed phenological stage 'reproductive' to 'mature' on 1984-09-13
[2026-03-24 12:32:43,311][pcse.base.timer.Timer][INFO] - Reached end of simulation period as specified by END_DATE.
| train          | E: 112 | S: 26992 | R: -0.4377 | TR: 19.8974 | TF: 128 | LR: 0 | NR: 0 | D: 03.9 s | TD: 00.0 s | BR: -0.0004 | ALOSS: 12248.8886 | CLOSS: 1702030.3352 | TLOSS: -257.9285 | TVAL: 0.6347 | AENT: -407.3923 | BCLOSS: 0.0000
[EPISODE DBG] episode=112 step=26992 pred_return=-0.455271 true_return=15.861067 total_feedback=128 labeled_feedback=0
[2026-03-24 12:32:43,318][pcse.agromanager.SoilCalendar][INFO] - Starting soil (oregon) with variation (oregon_1) on day 1984-02-01
[2026-03-24 12:32:43,320][pcse.agromanager.CropCalendar][INFO] - Starting crop (wheat) with variety (wheat_1) on day 1984-02-01
[REPLAY DBG] post-agent-update step=27000 n=27000 mean=-0.000461 std=0.007406 min=-0.043908 max=0.028845
[STEP DBG] step=27000 env_reward=0.000000 r_hat=0.003227 done=False
[NORM DBG] count=27000 mean_abs_mean=62543.906250 mean_std=121.242676 min_std=0.001000 max_std=1563.894531
[2026-03-24 12:32:44,514][pcse.crop.phenology.Annual_Phenology][INFO] - Changed phenological stage 'emerging' to 'vegetative' on 1984-04-10
[2026-03-24 12:32:45,427][pcse.crop.phenology.Vernalisation][INFO] - Critical DVS for vernalization (VERNDVS) reached at day 1984-06-02, but vernalization requirements not yet fulfilled. Forcing vernalization now (VERN=47.688571).
[2026-03-24 12:32:45,443][pcse.crop.phenology.Vernalisation][INFO] - Critical DVS for vernalization (VERNDVS) reached at day 1984-06-03, but vernalization requirements not yet fulfilled. Forcing vernalization now (VERN=47.688571).
[2026-03-24 12:32:45,459][pcse.crop.phenology.Vernalisation][INFO] - Critical DVS for vernalization (VERNDVS) reached at day 1984-06-04, but vernalization requirements not yet fulfilled. Forcing vernalization now (VERN=47.688571).
[2026-03-24 12:32:45,474][pcse.crop.phenology.Vernalisation][INFO] - Critical DVS for vernalization (VERNDVS) reached at day 1984-06-05, but vernalization requirements not yet fulfilled. Forcing vernalization now (VERN=47.688571).
[2026-03-24 12:32:45,490][pcse.crop.phenology.Vernalisation][INFO] - Critical DVS for vernalization (VERNDVS) reached at day 1984-06-06, but vernalization requirements not yet fulfilled. Forcing vernalization now (VERN=47.688571).
[2026-03-24 12:32:45,506][pcse.crop.phenology.Vernalisation][INFO] - Critical DVS for vernalization (VERNDVS) reached at day 1984-06-07, but vernalization requirements not yet fulfilled. Forcing vernalization now (VERN=47.688571).
[2026-03-24 12:32:45,522][pcse.crop.phenology.Vernalisation][INFO] - Critical DVS for vernalization (VERNDVS) reached at day 1984-06-08, but vernalization requirements not yet fulfilled. Forcing vernalization now (VERN=47.688571).
[2026-03-24 12:32:45,537][pcse.crop.phenology.Vernalisation][INFO] - Critical DVS for vernalization (VERNDVS) reached at day 1984-06-09, but vernalization requirements not yet fulfilled. Forcing vernalization now (VERN=47.688571).
[2026-03-24 12:32:45,553][pcse.crop.phenology.Vernalisation][INFO] - Critical DVS for vernalization (VERNDVS) reached at day 1984-06-10, but vernalization requirements not yet fulfilled. Forcing vernalization now (VERN=47.688571).
[2026-03-24 12:32:45,569][pcse.crop.phenology.Vernalisation][INFO] - Critical DVS for vernalization (VERNDVS) reached at day 1984-06-11, but vernalization requirements not yet fulfilled. Forcing vernalization now (VERN=47.688571).
[2026-03-24 12:32:45,584][pcse.crop.phenology.Vernalisation][INFO] - Critical DVS for vernalization (VERNDVS) reached at day 1984-06-12, but vernalization requirements not yet fulfilled. Forcing vernalization now (VERN=47.688571).
[2026-03-24 12:32:45,600][pcse.crop.phenology.Vernalisation][INFO] - Critical DVS for vernalization (VERNDVS) reached at day 1984-06-13, but vernalization requirements not yet fulfilled. Forcing vernalization now (VERN=47.688571).
[2026-03-24 12:32:45,616][pcse.crop.phenology.Vernalisation][INFO] - Critical DVS for vernalization (VERNDVS) reached at day 1984-06-14, but vernalization requirements not yet fulfilled. Forcing vernalization now (VERN=47.688571).
[2026-03-24 12:32:45,631][pcse.crop.phenology.Vernalisation][INFO] - Critical DVS for vernalization (VERNDVS) reached at day 1984-06-15, but vernalization requirements not yet fulfilled. Forcing vernalization now (VERN=47.688571).
[2026-03-24 12:32:45,647][pcse.crop.phenology.Vernalisation][INFO] - Critical DVS for vernalization (VERNDVS) reached at day 1984-06-16, but vernalization requirements not yet fulfilled. Forcing vernalization now (VERN=47.688571).
[2026-03-24 12:32:45,663][pcse.crop.phenology.Vernalisation][INFO] - Critical DVS for vernalization (VERNDVS) reached at day 1984-06-17, but vernalization requirements not yet fulfilled. Forcing vernalization now (VERN=47.688571).
[2026-03-24 12:32:45,678][pcse.crop.phenology.Vernalisation][INFO] - Critical DVS for vernalization (VERNDVS) reached at day 1984-06-18, but vernalization requirements not yet fulfilled. Forcing vernalization now (VERN=47.688571).
[2026-03-24 12:32:45,694][pcse.crop.phenology.Vernalisation][INFO] - Critical DVS for vernalization (VERNDVS) reached at day 1984-06-19, but vernalization requirements not yet fulfilled. Forcing vernalization now (VERN=47.688571).
[2026-03-24 12:32:45,710][pcse.crop.phenology.Vernalisation][INFO] - Critical DVS for vernalization (VERNDVS) reached at day 1984-06-20, but vernalization requirements not yet fulfilled. Forcing vernalization now (VERN=47.688571).
[2026-03-24 12:32:45,725][pcse.crop.phenology.Vernalisation][INFO] - Critical DVS for vernalization (VERNDVS) reached at day 1984-06-21, but vernalization requirements not yet fulfilled. Forcing vernalization now (VERN=47.688571).
[2026-03-24 12:32:45,741][pcse.crop.phenology.Vernalisation][INFO] - Critical DVS for vernalization (VERNDVS) reached at day 1984-06-22, but vernalization requirements not yet fulfilled. Forcing vernalization now (VERN=47.688571).
[2026-03-24 12:32:45,756][pcse.crop.phenology.Vernalisation][INFO] - Critical DVS for vernalization (VERNDVS) reached at day 1984-06-23, but vernalization requirements not yet fulfilled. Forcing vernalization now (VERN=47.688571).
[2026-03-24 12:32:45,772][pcse.crop.phenology.Vernalisation][INFO] - Critical DVS for vernalization (VERNDVS) reached at day 1984-06-24, but vernalization requirements not yet fulfilled. Forcing vernalization now (VERN=47.688571).
[2026-03-24 12:32:45,788][pcse.crop.phenology.Vernalisation][INFO] - Critical DVS for vernalization (VERNDVS) reached at day 1984-06-25, but vernalization requirements not yet fulfilled. Forcing vernalization now (VERN=47.688571).
[2026-03-24 12:32:45,804][pcse.crop.phenology.Vernalisation][INFO] - Critical DVS for vernalization (VERNDVS) reached at day 1984-06-26, but vernalization requirements not yet fulfilled. Forcing vernalization now (VERN=47.688571).
[2026-03-24 12:32:45,819][pcse.crop.phenology.Vernalisation][INFO] - Critical DVS for vernalization (VERNDVS) reached at day 1984-06-27, but vernalization requirements not yet fulfilled. Forcing vernalization now (VERN=47.688571).
[2026-03-24 12:32:45,835][pcse.crop.phenology.Vernalisation][INFO] - Critical DVS for vernalization (VERNDVS) reached at day 1984-06-28, but vernalization requirements not yet fulfilled. Forcing vernalization now (VERN=47.688571).
[2026-03-24 12:32:45,850][pcse.crop.phenology.Vernalisation][INFO] - Critical DVS for vernalization (VERNDVS) reached at day 1984-06-29, but vernalization requirements not yet fulfilled. Forcing vernalization now (VERN=47.688571).
[2026-03-24 12:32:45,851][pcse.crop.phenology.Annual_Phenology][INFO] - Changed phenological stage 'vegetative' to 'reproductive' on 1984-06-29
[2026-03-24 12:32:47,235][pcse.crop.phenology.Annual_Phenology][INFO] - Changed phenological stage 'reproductive' to 'mature' on 1984-09-13
[2026-03-24 12:32:47,500][pcse.base.timer.Timer][INFO] - Reached end of simulation period as specified by END_DATE.
| train          | E: 113 | S: 27233 | R: -0.4553 | TR: 15.8611 | TF: 128 | LR: 0 | NR: 0 | D: 04.2 s | TD: 00.0 s | BR: -0.0004 | ALOSS: 12299.8414 | CLOSS: 1594512.2376 | TLOSS: -257.5574 | TVAL: 0.6484 | AENT: -398.2210 | BCLOSS: 0.0000
[EPISODE DBG] episode=113 step=27233 pred_return=-0.396051 true_return=12.083472 total_feedback=128 labeled_feedback=0
[2026-03-24 12:32:47,507][pcse.agromanager.SoilCalendar][INFO] - Starting soil (oregon) with variation (oregon_1) on day 1984-02-01
[2026-03-24 12:32:47,510][pcse.agromanager.CropCalendar][INFO] - Starting crop (wheat) with variety (wheat_1) on day 1984-02-01
[2026-03-24 12:32:48,923][pcse.crop.phenology.Annual_Phenology][INFO] - Changed phenological stage 'emerging' to 'vegetative' on 1984-04-10
[2026-03-24 12:32:49,740][pcse.crop.phenology.Vernalisation][INFO] - Critical DVS for vernalization (VERNDVS) reached at day 1984-06-02, but vernalization requirements not yet fulfilled. Forcing vernalization now (VERN=47.688571).
[2026-03-24 12:32:49,756][pcse.crop.phenology.Vernalisation][INFO] - Critical DVS for vernalization (VERNDVS) reached at day 1984-06-03, but vernalization requirements not yet fulfilled. Forcing vernalization now (VERN=47.688571).
[2026-03-24 12:32:49,771][pcse.crop.phenology.Vernalisation][INFO] - Critical DVS for vernalization (VERNDVS) reached at day 1984-06-04, but vernalization requirements not yet fulfilled. Forcing vernalization now (VERN=47.688571).
[2026-03-24 12:32:49,787][pcse.crop.phenology.Vernalisation][INFO] - Critical DVS for vernalization (VERNDVS) reached at day 1984-06-05, but vernalization requirements not yet fulfilled. Forcing vernalization now (VERN=47.688571).
[2026-03-24 12:32:49,802][pcse.crop.phenology.Vernalisation][INFO] - Critical DVS for vernalization (VERNDVS) reached at day 1984-06-06, but vernalization requirements not yet fulfilled. Forcing vernalization now (VERN=47.688571).
[2026-03-24 12:32:49,818][pcse.crop.phenology.Vernalisation][INFO] - Critical DVS for vernalization (VERNDVS) reached at day 1984-06-07, but vernalization requirements not yet fulfilled. Forcing vernalization now (VERN=47.688571).
[2026-03-24 12:32:49,833][pcse.crop.phenology.Vernalisation][INFO] - Critical DVS for vernalization (VERNDVS) reached at day 1984-06-08, but vernalization requirements not yet fulfilled. Forcing vernalization now (VERN=47.688571).
[2026-03-24 12:32:49,849][pcse.crop.phenology.Vernalisation][INFO] - Critical DVS for vernalization (VERNDVS) reached at day 1984-06-09, but vernalization requirements not yet fulfilled. Forcing vernalization now (VERN=47.688571).
[2026-03-24 12:32:49,864][pcse.crop.phenology.Vernalisation][INFO] - Critical DVS for vernalization (VERNDVS) reached at day 1984-06-10, but vernalization requirements not yet fulfilled. Forcing vernalization now (VERN=47.688571).
[2026-03-24 12:32:49,880][pcse.crop.phenology.Vernalisation][INFO] - Critical DVS for vernalization (VERNDVS) reached at day 1984-06-11, but vernalization requirements not yet fulfilled. Forcing vernalization now (VERN=47.688571).
[2026-03-24 12:32:49,895][pcse.crop.phenology.Vernalisation][INFO] - Critical DVS for vernalization (VERNDVS) reached at day 1984-06-12, but vernalization requirements not yet fulfilled. Forcing vernalization now (VERN=47.688571).
[2026-03-24 12:32:49,911][pcse.crop.phenology.Vernalisation][INFO] - Critical DVS for vernalization (VERNDVS) reached at day 1984-06-13, but vernalization requirements not yet fulfilled. Forcing vernalization now (VERN=47.688571).
[2026-03-24 12:32:49,926][pcse.crop.phenology.Vernalisation][INFO] - Critical DVS for vernalization (VERNDVS) reached at day 1984-06-14, but vernalization requirements not yet fulfilled. Forcing vernalization now (VERN=47.688571).
[2026-03-24 12:32:49,942][pcse.crop.phenology.Vernalisation][INFO] - Critical DVS for vernalization (VERNDVS) reached at day 1984-06-15, but vernalization requirements not yet fulfilled. Forcing vernalization now (VERN=47.688571).
[2026-03-24 12:32:49,958][pcse.crop.phenology.Vernalisation][INFO] - Critical DVS for vernalization (VERNDVS) reached at day 1984-06-16, but vernalization requirements not yet fulfilled. Forcing vernalization now (VERN=47.688571).
[2026-03-24 12:32:49,973][pcse.crop.phenology.Vernalisation][INFO] - Critical DVS for vernalization (VERNDVS) reached at day 1984-06-17, but vernalization requirements not yet fulfilled. Forcing vernalization now (VERN=47.688571).
[2026-03-24 12:32:49,989][pcse.crop.phenology.Vernalisation][INFO] - Critical DVS for vernalization (VERNDVS) reached at day 1984-06-18, but vernalization requirements not yet fulfilled. Forcing vernalization now (VERN=47.688571).
[2026-03-24 12:32:50,004][pcse.crop.phenology.Vernalisation][INFO] - Critical DVS for vernalization (VERNDVS) reached at day 1984-06-19, but vernalization requirements not yet fulfilled. Forcing vernalization now (VERN=47.688571).
[2026-03-24 12:32:50,020][pcse.crop.phenology.Vernalisation][INFO] - Critical DVS for vernalization (VERNDVS) reached at day 1984-06-20, but vernalization requirements not yet fulfilled. Forcing vernalization now (VERN=47.688571).
[2026-03-24 12:32:50,035][pcse.crop.phenology.Vernalisation][INFO] - Critical DVS for vernalization (VERNDVS) reached at day 1984-06-21, but vernalization requirements not yet fulfilled. Forcing vernalization now (VERN=47.688571).
[2026-03-24 12:32:50,050][pcse.crop.phenology.Vernalisation][INFO] - Critical DVS for vernalization (VERNDVS) reached at day 1984-06-22, but vernalization requirements not yet fulfilled. Forcing vernalization now (VERN=47.688571).
[2026-03-24 12:32:50,066][pcse.crop.phenology.Vernalisation][INFO] - Critical DVS for vernalization (VERNDVS) reached at day 1984-06-23, but vernalization requirements not yet fulfilled. Forcing vernalization now (VERN=47.688571).
[2026-03-24 12:32:50,081][pcse.crop.phenology.Vernalisation][INFO] - Critical DVS for vernalization (VERNDVS) reached at day 1984-06-24, but vernalization requirements not yet fulfilled. Forcing vernalization now (VERN=47.688571).
[2026-03-24 12:32:50,097][pcse.crop.phenology.Vernalisation][INFO] - Critical DVS for vernalization (VERNDVS) reached at day 1984-06-25, but vernalization requirements not yet fulfilled. Forcing vernalization now (VERN=47.688571).
[2026-03-24 12:32:50,112][pcse.crop.phenology.Vernalisation][INFO] - Critical DVS for vernalization (VERNDVS) reached at day 1984-06-26, but vernalization requirements not yet fulfilled. Forcing vernalization now (VERN=47.688571).
[2026-03-24 12:32:50,128][pcse.crop.phenology.Vernalisation][INFO] - Critical DVS for vernalization (VERNDVS) reached at day 1984-06-27, but vernalization requirements not yet fulfilled. Forcing vernalization now (VERN=47.688571).
[2026-03-24 12:32:50,143][pcse.crop.phenology.Vernalisation][INFO] - Critical DVS for vernalization (VERNDVS) reached at day 1984-06-28, but vernalization requirements not yet fulfilled. Forcing vernalization now (VERN=47.688571).
[2026-03-24 12:32:50,159][pcse.crop.phenology.Vernalisation][INFO] - Critical DVS for vernalization (VERNDVS) reached at day 1984-06-29, but vernalization requirements not yet fulfilled. Forcing vernalization now (VERN=47.688571).
[2026-03-24 12:32:50,159][pcse.crop.phenology.Annual_Phenology][INFO] - Changed phenological stage 'vegetative' to 'reproductive' on 1984-06-29
[2026-03-24 12:32:51,504][pcse.crop.phenology.Annual_Phenology][INFO] - Changed phenological stage 'reproductive' to 'mature' on 1984-09-13
[2026-03-24 12:32:51,765][pcse.base.timer.Timer][INFO] - Reached end of simulation period as specified by END_DATE.
| train          | E: 114 | S: 27474 | R: -0.3961 | TR: 12.0835 | TF: 128 | LR: 0 | NR: 0 | D: 04.3 s | TD: 00.0 s | BR: -0.0004 | ALOSS: 13056.1980 | CLOSS: 3529993.1896 | TLOSS: -528.5480 | TVAL: 0.6663 | AENT: -793.3312 | BCLOSS: 0.0000
[EPISODE DBG] episode=114 step=27474 pred_return=-0.359707 true_return=54.992106 total_feedback=128 labeled_feedback=0
[2026-03-24 12:32:51,772][pcse.agromanager.SoilCalendar][INFO] - Starting soil (oregon) with variation (oregon_1) on day 1984-02-01
[2026-03-24 12:32:51,775][pcse.agromanager.CropCalendar][INFO] - Starting crop (wheat) with variety (wheat_1) on day 1984-02-01
[REPLAY DBG] post-agent-update step=27500 n=27500 mean=-0.000478 std=0.007397 min=-0.043908 max=0.028845
[STEP DBG] step=27500 env_reward=0.000000 r_hat=0.007805 done=False
[NORM DBG] count=27500 mean_abs_mean=62543.421875 mean_std=120.285332 min_std=0.001000 max_std=1550.349731
[2026-03-24 12:32:53,029][pcse.crop.phenology.Annual_Phenology][INFO] - Changed phenological stage 'emerging' to 'vegetative' on 1984-04-10
[2026-03-24 12:32:53,745][pcse.crop.phenology.Vernalisation][INFO] - Critical DVS for vernalization (VERNDVS) reached at day 1984-06-02, but vernalization requirements not yet fulfilled. Forcing vernalization now (VERN=47.688571).
[2026-03-24 12:32:53,759][pcse.crop.phenology.Vernalisation][INFO] - Critical DVS for vernalization (VERNDVS) reached at day 1984-06-03, but vernalization requirements not yet fulfilled. Forcing vernalization now (VERN=47.688571).
[2026-03-24 12:32:53,772][pcse.crop.phenology.Vernalisation][INFO] - Critical DVS for vernalization (VERNDVS) reached at day 1984-06-04, but vernalization requirements not yet fulfilled. Forcing vernalization now (VERN=47.688571).
[2026-03-24 12:32:53,785][pcse.crop.phenology.Vernalisation][INFO] - Critical DVS for vernalization (VERNDVS) reached at day 1984-06-05, but vernalization requirements not yet fulfilled. Forcing vernalization now (VERN=47.688571).
[2026-03-24 12:32:53,799][pcse.crop.phenology.Vernalisation][INFO] - Critical DVS for vernalization (VERNDVS) reached at day 1984-06-06, but vernalization requirements not yet fulfilled. Forcing vernalization now (VERN=47.688571).
[2026-03-24 12:32:53,812][pcse.crop.phenology.Vernalisation][INFO] - Critical DVS for vernalization (VERNDVS) reached at day 1984-06-07, but vernalization requirements not yet fulfilled. Forcing vernalization now (VERN=47.688571).
[2026-03-24 12:32:53,964][pcse.crop.phenology.Vernalisation][INFO] - Critical DVS for vernalization (VERNDVS) reached at day 1984-06-08, but vernalization requirements not yet fulfilled. Forcing vernalization now (VERN=47.688571).
[2026-03-24 12:32:53,988][pcse.crop.phenology.Vernalisation][INFO] - Critical DVS for vernalization (VERNDVS) reached at day 1984-06-09, but vernalization requirements not yet fulfilled. Forcing vernalization now (VERN=47.688571).
[2026-03-24 12:32:54,004][pcse.crop.phenology.Vernalisation][INFO] - Critical DVS for vernalization (VERNDVS) reached at day 1984-06-10, but vernalization requirements not yet fulfilled. Forcing vernalization now (VERN=47.688571).
[2026-03-24 12:32:54,019][pcse.crop.phenology.Vernalisation][INFO] - Critical DVS for vernalization (VERNDVS) reached at day 1984-06-11, but vernalization requirements not yet fulfilled. Forcing vernalization now (VERN=47.688571).
[2026-03-24 12:32:54,035][pcse.crop.phenology.Vernalisation][INFO] - Critical DVS for vernalization (VERNDVS) reached at day 1984-06-12, but vernalization requirements not yet fulfilled. Forcing vernalization now (VERN=47.688571).
[2026-03-24 12:32:54,050][pcse.crop.phenology.Vernalisation][INFO] - Critical DVS for vernalization (VERNDVS) reached at day 1984-06-13, but vernalization requirements not yet fulfilled. Forcing vernalization now (VERN=47.688571).
[2026-03-24 12:32:54,065][pcse.crop.phenology.Vernalisation][INFO] - Critical DVS for vernalization (VERNDVS) reached at day 1984-06-14, but vernalization requirements not yet fulfilled. Forcing vernalization now (VERN=47.688571).
[2026-03-24 12:32:54,078][pcse.crop.phenology.Vernalisation][INFO] - Critical DVS for vernalization (VERNDVS) reached at day 1984-06-15, but vernalization requirements not yet fulfilled. Forcing vernalization now (VERN=47.688571).
[2026-03-24 12:32:54,092][pcse.crop.phenology.Vernalisation][INFO] - Critical DVS for vernalization (VERNDVS) reached at day 1984-06-16, but vernalization requirements not yet fulfilled. Forcing vernalization now (VERN=47.688571).
[2026-03-24 12:32:54,106][pcse.crop.phenology.Vernalisation][INFO] - Critical DVS for vernalization (VERNDVS) reached at day 1984-06-17, but vernalization requirements not yet fulfilled. Forcing vernalization now (VERN=47.688571).
[2026-03-24 12:32:54,119][pcse.crop.phenology.Vernalisation][INFO] - Critical DVS for vernalization (VERNDVS) reached at day 1984-06-18, but vernalization requirements not yet fulfilled. Forcing vernalization now (VERN=47.688571).
[2026-03-24 12:32:54,133][pcse.crop.phenology.Vernalisation][INFO] - Critical DVS for vernalization (VERNDVS) reached at day 1984-06-19, but vernalization requirements not yet fulfilled. Forcing vernalization now (VERN=47.688571).
[2026-03-24 12:32:54,147][pcse.crop.phenology.Vernalisation][INFO] - Critical DVS for vernalization (VERNDVS) reached at day 1984-06-20, but vernalization requirements not yet fulfilled. Forcing vernalization now (VERN=47.688571).
[2026-03-24 12:32:54,161][pcse.crop.phenology.Vernalisation][INFO] - Critical DVS for vernalization (VERNDVS) reached at day 1984-06-21, but vernalization requirements not yet fulfilled. Forcing vernalization now (VERN=47.688571).
[2026-03-24 12:32:54,174][pcse.crop.phenology.Vernalisation][INFO] - Critical DVS for vernalization (VERNDVS) reached at day 1984-06-22, but vernalization requirements not yet fulfilled. Forcing vernalization now (VERN=47.688571).
[2026-03-24 12:32:54,188][pcse.crop.phenology.Vernalisation][INFO] - Critical DVS for vernalization (VERNDVS) reached at day 1984-06-23, but vernalization requirements not yet fulfilled. Forcing vernalization now (VERN=47.688571).
[2026-03-24 12:32:54,202][pcse.crop.phenology.Vernalisation][INFO] - Critical DVS for vernalization (VERNDVS) reached at day 1984-06-24, but vernalization requirements not yet fulfilled. Forcing vernalization now (VERN=47.688571).
[2026-03-24 12:32:54,215][pcse.crop.phenology.Vernalisation][INFO] - Critical DVS for vernalization (VERNDVS) reached at day 1984-06-25, but vernalization requirements not yet fulfilled. Forcing vernalization now (VERN=47.688571).
[2026-03-24 12:32:54,230][pcse.crop.phenology.Vernalisation][INFO] - Critical DVS for vernalization (VERNDVS) reached at day 1984-06-26, but vernalization requirements not yet fulfilled. Forcing vernalization now (VERN=47.688571).
[2026-03-24 12:32:54,244][pcse.crop.phenology.Vernalisation][INFO] - Critical DVS for vernalization (VERNDVS) reached at day 1984-06-27, but vernalization requirements not yet fulfilled. Forcing vernalization now (VERN=47.688571).
[2026-03-24 12:32:54,258][pcse.crop.phenology.Vernalisation][INFO] - Critical DVS for vernalization (VERNDVS) reached at day 1984-06-28, but vernalization requirements not yet fulfilled. Forcing vernalization now (VERN=47.688571).
[2026-03-24 12:32:54,272][pcse.crop.phenology.Vernalisation][INFO] - Critical DVS for vernalization (VERNDVS) reached at day 1984-06-29, but vernalization requirements not yet fulfilled. Forcing vernalization now (VERN=47.688571).
[2026-03-24 12:32:54,272][pcse.crop.phenology.Annual_Phenology][INFO] - Changed phenological stage 'vegetative' to 'reproductive' on 1984-06-29
[2026-03-24 12:32:55,303][pcse.crop.phenology.Annual_Phenology][INFO] - Changed phenological stage 'reproductive' to 'mature' on 1984-09-13
[2026-03-24 12:32:55,702][pcse.base.timer.Timer][INFO] - Reached end of simulation period as specified by END_DATE.
| train          | E: 115 | S: 27715 | R: -0.3597 | TR: 54.9921 | TF: 128 | LR: 0 | NR: 0 | D: 03.9 s | TD: 00.0 s | BR: -0.0005 | ALOSS: 13455.6479 | CLOSS: 3481185.9448 | TLOSS: -564.5949 | TVAL: 0.6901 | AENT: -820.6384 | BCLOSS: 0.0000
[EPISODE DBG] episode=115 step=27715 pred_return=-0.461438 true_return=20.369164 total_feedback=128 labeled_feedback=0
[2026-03-24 12:32:55,707][pcse.agromanager.SoilCalendar][INFO] - Starting soil (oregon) with variation (oregon_1) on day 1984-02-01
[2026-03-24 12:32:55,708][pcse.agromanager.CropCalendar][INFO] - Starting crop (wheat) with variety (wheat_1) on day 1984-02-01
[2026-03-24 12:32:56,722][pcse.crop.phenology.Annual_Phenology][INFO] - Changed phenological stage 'emerging' to 'vegetative' on 1984-04-10
[2026-03-24 12:32:57,695][pcse.crop.phenology.Vernalisation][INFO] - Critical DVS for vernalization (VERNDVS) reached at day 1984-06-02, but vernalization requirements not yet fulfilled. Forcing vernalization now (VERN=47.688571).
[2026-03-24 12:32:57,711][pcse.crop.phenology.Vernalisation][INFO] - Critical DVS for vernalization (VERNDVS) reached at day 1984-06-03, but vernalization requirements not yet fulfilled. Forcing vernalization now (VERN=47.688571).
[2026-03-24 12:32:57,727][pcse.crop.phenology.Vernalisation][INFO] - Critical DVS for vernalization (VERNDVS) reached at day 1984-06-04, but vernalization requirements not yet fulfilled. Forcing vernalization now (VERN=47.688571).
[2026-03-24 12:32:57,743][pcse.crop.phenology.Vernalisation][INFO] - Critical DVS for vernalization (VERNDVS) reached at day 1984-06-05, but vernalization requirements not yet fulfilled. Forcing vernalization now (VERN=47.688571).
[2026-03-24 12:32:57,759][pcse.crop.phenology.Vernalisation][INFO] - Critical DVS for vernalization (VERNDVS) reached at day 1984-06-06, but vernalization requirements not yet fulfilled. Forcing vernalization now (VERN=47.688571).
[2026-03-24 12:32:57,775][pcse.crop.phenology.Vernalisation][INFO] - Critical DVS for vernalization (VERNDVS) reached at day 1984-06-07, but vernalization requirements not yet fulfilled. Forcing vernalization now (VERN=47.688571).
[2026-03-24 12:32:57,790][pcse.crop.phenology.Vernalisation][INFO] - Critical DVS for vernalization (VERNDVS) reached at day 1984-06-08, but vernalization requirements not yet fulfilled. Forcing vernalization now (VERN=47.688571).
[2026-03-24 12:32:57,806][pcse.crop.phenology.Vernalisation][INFO] - Critical DVS for vernalization (VERNDVS) reached at day 1984-06-09, but vernalization requirements not yet fulfilled. Forcing vernalization now (VERN=47.688571).
[2026-03-24 12:32:57,822][pcse.crop.phenology.Vernalisation][INFO] - Critical DVS for vernalization (VERNDVS) reached at day 1984-06-10, but vernalization requirements not yet fulfilled. Forcing vernalization now (VERN=47.688571).
[2026-03-24 12:32:57,838][pcse.crop.phenology.Vernalisation][INFO] - Critical DVS for vernalization (VERNDVS) reached at day 1984-06-11, but vernalization requirements not yet fulfilled. Forcing vernalization now (VERN=47.688571).
[2026-03-24 12:32:57,854][pcse.crop.phenology.Vernalisation][INFO] - Critical DVS for vernalization (VERNDVS) reached at day 1984-06-12, but vernalization requirements not yet fulfilled. Forcing vernalization now (VERN=47.688571).
[2026-03-24 12:32:57,870][pcse.crop.phenology.Vernalisation][INFO] - Critical DVS for vernalization (VERNDVS) reached at day 1984-06-13, but vernalization requirements not yet fulfilled. Forcing vernalization now (VERN=47.688571).
[2026-03-24 12:32:57,886][pcse.crop.phenology.Vernalisation][INFO] - Critical DVS for vernalization (VERNDVS) reached at day 1984-06-14, but vernalization requirements not yet fulfilled. Forcing vernalization now (VERN=47.688571).
[2026-03-24 12:32:57,902][pcse.crop.phenology.Vernalisation][INFO] - Critical DVS for vernalization (VERNDVS) reached at day 1984-06-15, but vernalization requirements not yet fulfilled. Forcing vernalization now (VERN=47.688571).
[2026-03-24 12:32:57,917][pcse.crop.phenology.Vernalisation][INFO] - Critical DVS for vernalization (VERNDVS) reached at day 1984-06-16, but vernalization requirements not yet fulfilled. Forcing vernalization now (VERN=47.688571).
[2026-03-24 12:32:57,933][pcse.crop.phenology.Vernalisation][INFO] - Critical DVS for vernalization (VERNDVS) reached at day 1984-06-17, but vernalization requirements not yet fulfilled. Forcing vernalization now (VERN=47.688571).
[2026-03-24 12:32:57,949][pcse.crop.phenology.Vernalisation][INFO] - Critical DVS for vernalization (VERNDVS) reached at day 1984-06-18, but vernalization requirements not yet fulfilled. Forcing vernalization now (VERN=47.688571).
[2026-03-24 12:32:57,965][pcse.crop.phenology.Vernalisation][INFO] - Critical DVS for vernalization (VERNDVS) reached at day 1984-06-19, but vernalization requirements not yet fulfilled. Forcing vernalization now (VERN=47.688571).
[2026-03-24 12:32:57,981][pcse.crop.phenology.Vernalisation][INFO] - Critical DVS for vernalization (VERNDVS) reached at day 1984-06-20, but vernalization requirements not yet fulfilled. Forcing vernalization now (VERN=47.688571).
[2026-03-24 12:32:57,997][pcse.crop.phenology.Vernalisation][INFO] - Critical DVS for vernalization (VERNDVS) reached at day 1984-06-21, but vernalization requirements not yet fulfilled. Forcing vernalization now (VERN=47.688571).
[2026-03-24 12:32:58,012][pcse.crop.phenology.Vernalisation][INFO] - Critical DVS for vernalization (VERNDVS) reached at day 1984-06-22, but vernalization requirements not yet fulfilled. Forcing vernalization now (VERN=47.688571).
[2026-03-24 12:32:58,028][pcse.crop.phenology.Vernalisation][INFO] - Critical DVS for vernalization (VERNDVS) reached at day 1984-06-23, but vernalization requirements not yet fulfilled. Forcing vernalization now (VERN=47.688571).
[2026-03-24 12:32:58,044][pcse.crop.phenology.Vernalisation][INFO] - Critical DVS for vernalization (VERNDVS) reached at day 1984-06-24, but vernalization requirements not yet fulfilled. Forcing vernalization now (VERN=47.688571).
[2026-03-24 12:32:58,060][pcse.crop.phenology.Vernalisation][INFO] - Critical DVS for vernalization (VERNDVS) reached at day 1984-06-25, but vernalization requirements not yet fulfilled. Forcing vernalization now (VERN=47.688571).
[2026-03-24 12:32:58,076][pcse.crop.phenology.Vernalisation][INFO] - Critical DVS for vernalization (VERNDVS) reached at day 1984-06-26, but vernalization requirements not yet fulfilled. Forcing vernalization now (VERN=47.688571).
[2026-03-24 12:32:58,092][pcse.crop.phenology.Vernalisation][INFO] - Critical DVS for vernalization (VERNDVS) reached at day 1984-06-27, but vernalization requirements not yet fulfilled. Forcing vernalization now (VERN=47.688571).
[2026-03-24 12:32:58,108][pcse.crop.phenology.Vernalisation][INFO] - Critical DVS for vernalization (VERNDVS) reached at day 1984-06-28, but vernalization requirements not yet fulfilled. Forcing vernalization now (VERN=47.688571).
[2026-03-24 12:32:58,124][pcse.crop.phenology.Vernalisation][INFO] - Critical DVS for vernalization (VERNDVS) reached at day 1984-06-29, but vernalization requirements not yet fulfilled. Forcing vernalization now (VERN=47.688571).
[2026-03-24 12:32:58,124][pcse.crop.phenology.Annual_Phenology][INFO] - Changed phenological stage 'vegetative' to 'reproductive' on 1984-06-29
[2026-03-24 12:32:59,424][pcse.crop.phenology.Annual_Phenology][INFO] - Changed phenological stage 'reproductive' to 'mature' on 1984-09-13
[2026-03-24 12:32:59,651][pcse.base.timer.Timer][INFO] - Reached end of simulation period as specified by END_DATE.
| train          | E: 116 | S: 27956 | R: -0.4614 | TR: 20.3692 | TF: 128 | LR: 0 | NR: 0 | D: 03.9 s | TD: 00.0 s | BR: -0.0005 | ALOSS: 13200.6174 | CLOSS: 1929159.1406 | TLOSS: -387.8323 | TVAL: 0.7058 | AENT: -550.5219 | BCLOSS: 0.0000
[EPISODE DBG] episode=116 step=27956 pred_return=-0.499205 true_return=7.723501 total_feedback=128 labeled_feedback=0
[2026-03-24 12:32:59,656][pcse.agromanager.SoilCalendar][INFO] - Starting soil (oregon) with variation (oregon_1) on day 1984-02-01
[2026-03-24 12:32:59,658][pcse.agromanager.CropCalendar][INFO] - Starting crop (wheat) with variety (wheat_1) on day 1984-02-01
[REPLAY DBG] post-agent-update step=28000 n=28000 mean=-0.000501 std=0.007394 min=-0.043908 max=0.028845
[STEP DBG] step=28000 env_reward=0.000000 r_hat=0.010510 done=False
[NORM DBG] count=28000 mean_abs_mean=62542.949219 mean_std=119.350388 min_std=0.001000 max_std=1537.149902
[2026-03-24 12:33:00,951][pcse.crop.phenology.Annual_Phenology][INFO] - Changed phenological stage 'emerging' to 'vegetative' on 1984-04-10
[2026-03-24 12:33:01,765][pcse.crop.phenology.Vernalisation][INFO] - Critical DVS for vernalization (VERNDVS) reached at day 1984-06-02, but vernalization requirements not yet fulfilled. Forcing vernalization now (VERN=47.688571).
[2026-03-24 12:33:01,780][pcse.crop.phenology.Vernalisation][INFO] - Critical DVS for vernalization (VERNDVS) reached at day 1984-06-03, but vernalization requirements not yet fulfilled. Forcing vernalization now (VERN=47.688571).
[2026-03-24 12:33:01,796][pcse.crop.phenology.Vernalisation][INFO] - Critical DVS for vernalization (VERNDVS) reached at day 1984-06-04, but vernalization requirements not yet fulfilled. Forcing vernalization now (VERN=47.688571).
[2026-03-24 12:33:01,812][pcse.crop.phenology.Vernalisation][INFO] - Critical DVS for vernalization (VERNDVS) reached at day 1984-06-05, but vernalization requirements not yet fulfilled. Forcing vernalization now (VERN=47.688571).
[2026-03-24 12:33:01,827][pcse.crop.phenology.Vernalisation][INFO] - Critical DVS for vernalization (VERNDVS) reached at day 1984-06-06, but vernalization requirements not yet fulfilled. Forcing vernalization now (VERN=47.688571).
[2026-03-24 12:33:01,843][pcse.crop.phenology.Vernalisation][INFO] - Critical DVS for vernalization (VERNDVS) reached at day 1984-06-07, but vernalization requirements not yet fulfilled. Forcing vernalization now (VERN=47.688571).
[2026-03-24 12:33:01,858][pcse.crop.phenology.Vernalisation][INFO] - Critical DVS for vernalization (VERNDVS) reached at day 1984-06-08, but vernalization requirements not yet fulfilled. Forcing vernalization now (VERN=47.688571).
[2026-03-24 12:33:01,873][pcse.crop.phenology.Vernalisation][INFO] - Critical DVS for vernalization (VERNDVS) reached at day 1984-06-09, but vernalization requirements not yet fulfilled. Forcing vernalization now (VERN=47.688571).
[2026-03-24 12:33:01,890][pcse.crop.phenology.Vernalisation][INFO] - Critical DVS for vernalization (VERNDVS) reached at day 1984-06-10, but vernalization requirements not yet fulfilled. Forcing vernalization now (VERN=47.688571).
[2026-03-24 12:33:01,905][pcse.crop.phenology.Vernalisation][INFO] - Critical DVS for vernalization (VERNDVS) reached at day 1984-06-11, but vernalization requirements not yet fulfilled. Forcing vernalization now (VERN=47.688571).
[2026-03-24 12:33:01,921][pcse.crop.phenology.Vernalisation][INFO] - Critical DVS for vernalization (VERNDVS) reached at day 1984-06-12, but vernalization requirements not yet fulfilled. Forcing vernalization now (VERN=47.688571).
[2026-03-24 12:33:01,937][pcse.crop.phenology.Vernalisation][INFO] - Critical DVS for vernalization (VERNDVS) reached at day 1984-06-13, but vernalization requirements not yet fulfilled. Forcing vernalization now (VERN=47.688571).
[2026-03-24 12:33:01,953][pcse.crop.phenology.Vernalisation][INFO] - Critical DVS for vernalization (VERNDVS) reached at day 1984-06-14, but vernalization requirements not yet fulfilled. Forcing vernalization now (VERN=47.688571).
[2026-03-24 12:33:01,968][pcse.crop.phenology.Vernalisation][INFO] - Critical DVS for vernalization (VERNDVS) reached at day 1984-06-15, but vernalization requirements not yet fulfilled. Forcing vernalization now (VERN=47.688571).
[2026-03-24 12:33:01,984][pcse.crop.phenology.Vernalisation][INFO] - Critical DVS for vernalization (VERNDVS) reached at day 1984-06-16, but vernalization requirements not yet fulfilled. Forcing vernalization now (VERN=47.688571).
[2026-03-24 12:33:01,999][pcse.crop.phenology.Vernalisation][INFO] - Critical DVS for vernalization (VERNDVS) reached at day 1984-06-17, but vernalization requirements not yet fulfilled. Forcing vernalization now (VERN=47.688571).
[2026-03-24 12:33:02,015][pcse.crop.phenology.Vernalisation][INFO] - Critical DVS for vernalization (VERNDVS) reached at day 1984-06-18, but vernalization requirements not yet fulfilled. Forcing vernalization now (VERN=47.688571).
[2026-03-24 12:33:02,031][pcse.crop.phenology.Vernalisation][INFO] - Critical DVS for vernalization (VERNDVS) reached at day 1984-06-19, but vernalization requirements not yet fulfilled. Forcing vernalization now (VERN=47.688571).
[2026-03-24 12:33:02,047][pcse.crop.phenology.Vernalisation][INFO] - Critical DVS for vernalization (VERNDVS) reached at day 1984-06-20, but vernalization requirements not yet fulfilled. Forcing vernalization now (VERN=47.688571).
[2026-03-24 12:33:02,063][pcse.crop.phenology.Vernalisation][INFO] - Critical DVS for vernalization (VERNDVS) reached at day 1984-06-21, but vernalization requirements not yet fulfilled. Forcing vernalization now (VERN=47.688571).
[2026-03-24 12:33:02,078][pcse.crop.phenology.Vernalisation][INFO] - Critical DVS for vernalization (VERNDVS) reached at day 1984-06-22, but vernalization requirements not yet fulfilled. Forcing vernalization now (VERN=47.688571).
[2026-03-24 12:33:02,094][pcse.crop.phenology.Vernalisation][INFO] - Critical DVS for vernalization (VERNDVS) reached at day 1984-06-23, but vernalization requirements not yet fulfilled. Forcing vernalization now (VERN=47.688571).
[2026-03-24 12:33:02,110][pcse.crop.phenology.Vernalisation][INFO] - Critical DVS for vernalization (VERNDVS) reached at day 1984-06-24, but vernalization requirements not yet fulfilled. Forcing vernalization now (VERN=47.688571).
[2026-03-24 12:33:02,125][pcse.crop.phenology.Vernalisation][INFO] - Critical DVS for vernalization (VERNDVS) reached at day 1984-06-25, but vernalization requirements not yet fulfilled. Forcing vernalization now (VERN=47.688571).
[2026-03-24 12:33:02,296][pcse.crop.phenology.Vernalisation][INFO] - Critical DVS for vernalization (VERNDVS) reached at day 1984-06-26, but vernalization requirements not yet fulfilled. Forcing vernalization now (VERN=47.688571).
[2026-03-24 12:33:02,314][pcse.crop.phenology.Vernalisation][INFO] - Critical DVS for vernalization (VERNDVS) reached at day 1984-06-27, but vernalization requirements not yet fulfilled. Forcing vernalization now (VERN=47.688571).
[2026-03-24 12:33:02,332][pcse.crop.phenology.Vernalisation][INFO] - Critical DVS for vernalization (VERNDVS) reached at day 1984-06-28, but vernalization requirements not yet fulfilled. Forcing vernalization now (VERN=47.688571).
[2026-03-24 12:33:02,349][pcse.crop.phenology.Vernalisation][INFO] - Critical DVS for vernalization (VERNDVS) reached at day 1984-06-29, but vernalization requirements not yet fulfilled. Forcing vernalization now (VERN=47.688571).
[2026-03-24 12:33:02,350][pcse.crop.phenology.Annual_Phenology][INFO] - Changed phenological stage 'vegetative' to 'reproductive' on 1984-06-29
[2026-03-24 12:33:03,541][pcse.crop.phenology.Annual_Phenology][INFO] - Changed phenological stage 'reproductive' to 'mature' on 1984-09-13
[2026-03-24 12:33:03,806][pcse.base.timer.Timer][INFO] - Reached end of simulation period as specified by END_DATE.
| train          | E: 117 | S: 28197 | R: -0.4992 | TR: 7.7235 | TF: 128 | LR: 0 | NR: 0 | D: 04.2 s | TD: 00.0 s | BR: -0.0005 | ALOSS: 13461.1645 | CLOSS: 2364331.1874 | TLOSS: -443.9349 | TVAL: 0.7195 | AENT: -617.3420 | BCLOSS: 0.0000
[EPISODE DBG] episode=117 step=28197 pred_return=-0.427780 true_return=19.523194 total_feedback=128 labeled_feedback=0
[2026-03-24 12:33:03,813][pcse.agromanager.SoilCalendar][INFO] - Starting soil (oregon) with variation (oregon_1) on day 1984-02-01
[2026-03-24 12:33:03,816][pcse.agromanager.CropCalendar][INFO] - Starting crop (wheat) with variety (wheat_1) on day 1984-02-01
[2026-03-24 12:33:05,288][pcse.crop.phenology.Annual_Phenology][INFO] - Changed phenological stage 'emerging' to 'vegetative' on 1984-04-10
[2026-03-24 12:33:06,301][pcse.crop.phenology.Vernalisation][INFO] - Critical DVS for vernalization (VERNDVS) reached at day 1984-06-02, but vernalization requirements not yet fulfilled. Forcing vernalization now (VERN=47.688571).
[2026-03-24 12:33:06,317][pcse.crop.phenology.Vernalisation][INFO] - Critical DVS for vernalization (VERNDVS) reached at day 1984-06-03, but vernalization requirements not yet fulfilled. Forcing vernalization now (VERN=47.688571).
[2026-03-24 12:33:06,333][pcse.crop.phenology.Vernalisation][INFO] - Critical DVS for vernalization (VERNDVS) reached at day 1984-06-04, but vernalization requirements not yet fulfilled. Forcing vernalization now (VERN=47.688571).
[2026-03-24 12:33:06,349][pcse.crop.phenology.Vernalisation][INFO] - Critical DVS for vernalization (VERNDVS) reached at day 1984-06-05, but vernalization requirements not yet fulfilled. Forcing vernalization now (VERN=47.688571).
[2026-03-24 12:33:06,365][pcse.crop.phenology.Vernalisation][INFO] - Critical DVS for vernalization (VERNDVS) reached at day 1984-06-06, but vernalization requirements not yet fulfilled. Forcing vernalization now (VERN=47.688571).
[2026-03-24 12:33:06,381][pcse.crop.phenology.Vernalisation][INFO] - Critical DVS for vernalization (VERNDVS) reached at day 1984-06-07, but vernalization requirements not yet fulfilled. Forcing vernalization now (VERN=47.688571).
[2026-03-24 12:33:06,397][pcse.crop.phenology.Vernalisation][INFO] - Critical DVS for vernalization (VERNDVS) reached at day 1984-06-08, but vernalization requirements not yet fulfilled. Forcing vernalization now (VERN=47.688571).
[2026-03-24 12:33:06,413][pcse.crop.phenology.Vernalisation][INFO] - Critical DVS for vernalization (VERNDVS) reached at day 1984-06-09, but vernalization requirements not yet fulfilled. Forcing vernalization now (VERN=47.688571).
[2026-03-24 12:33:06,428][pcse.crop.phenology.Vernalisation][INFO] - Critical DVS for vernalization (VERNDVS) reached at day 1984-06-10, but vernalization requirements not yet fulfilled. Forcing vernalization now (VERN=47.688571).
[2026-03-24 12:33:06,444][pcse.crop.phenology.Vernalisation][INFO] - Critical DVS for vernalization (VERNDVS) reached at day 1984-06-11, but vernalization requirements not yet fulfilled. Forcing vernalization now (VERN=47.688571).
[2026-03-24 12:33:06,460][pcse.crop.phenology.Vernalisation][INFO] - Critical DVS for vernalization (VERNDVS) reached at day 1984-06-12, but vernalization requirements not yet fulfilled. Forcing vernalization now (VERN=47.688571).
[2026-03-24 12:33:06,476][pcse.crop.phenology.Vernalisation][INFO] - Critical DVS for vernalization (VERNDVS) reached at day 1984-06-13, but vernalization requirements not yet fulfilled. Forcing vernalization now (VERN=47.688571).
[2026-03-24 12:33:06,492][pcse.crop.phenology.Vernalisation][INFO] - Critical DVS for vernalization (VERNDVS) reached at day 1984-06-14, but vernalization requirements not yet fulfilled. Forcing vernalization now (VERN=47.688571).
[2026-03-24 12:33:06,508][pcse.crop.phenology.Vernalisation][INFO] - Critical DVS for vernalization (VERNDVS) reached at day 1984-06-15, but vernalization requirements not yet fulfilled. Forcing vernalization now (VERN=47.688571).
[2026-03-24 12:33:06,524][pcse.crop.phenology.Vernalisation][INFO] - Critical DVS for vernalization (VERNDVS) reached at day 1984-06-16, but vernalization requirements not yet fulfilled. Forcing vernalization now (VERN=47.688571).
[2026-03-24 12:33:06,539][pcse.crop.phenology.Vernalisation][INFO] - Critical DVS for vernalization (VERNDVS) reached at day 1984-06-17, but vernalization requirements not yet fulfilled. Forcing vernalization now (VERN=47.688571).
[2026-03-24 12:33:06,555][pcse.crop.phenology.Vernalisation][INFO] - Critical DVS for vernalization (VERNDVS) reached at day 1984-06-18, but vernalization requirements not yet fulfilled. Forcing vernalization now (VERN=47.688571).
[2026-03-24 12:33:06,571][pcse.crop.phenology.Vernalisation][INFO] - Critical DVS for vernalization (VERNDVS) reached at day 1984-06-19, but vernalization requirements not yet fulfilled. Forcing vernalization now (VERN=47.688571).
[2026-03-24 12:33:06,586][pcse.crop.phenology.Vernalisation][INFO] - Critical DVS for vernalization (VERNDVS) reached at day 1984-06-20, but vernalization requirements not yet fulfilled. Forcing vernalization now (VERN=47.688571).
[2026-03-24 12:33:06,603][pcse.crop.phenology.Vernalisation][INFO] - Critical DVS for vernalization (VERNDVS) reached at day 1984-06-21, but vernalization requirements not yet fulfilled. Forcing vernalization now (VERN=47.688571).
[2026-03-24 12:33:06,619][pcse.crop.phenology.Vernalisation][INFO] - Critical DVS for vernalization (VERNDVS) reached at day 1984-06-22, but vernalization requirements not yet fulfilled. Forcing vernalization now (VERN=47.688571).
[2026-03-24 12:33:06,634][pcse.crop.phenology.Vernalisation][INFO] - Critical DVS for vernalization (VERNDVS) reached at day 1984-06-23, but vernalization requirements not yet fulfilled. Forcing vernalization now (VERN=47.688571).
[2026-03-24 12:33:06,650][pcse.crop.phenology.Vernalisation][INFO] - Critical DVS for vernalization (VERNDVS) reached at day 1984-06-24, but vernalization requirements not yet fulfilled. Forcing vernalization now (VERN=47.688571).
[2026-03-24 12:33:06,666][pcse.crop.phenology.Vernalisation][INFO] - Critical DVS for vernalization (VERNDVS) reached at day 1984-06-25, but vernalization requirements not yet fulfilled. Forcing vernalization now (VERN=47.688571).
[2026-03-24 12:33:06,682][pcse.crop.phenology.Vernalisation][INFO] - Critical DVS for vernalization (VERNDVS) reached at day 1984-06-26, but vernalization requirements not yet fulfilled. Forcing vernalization now (VERN=47.688571).
[2026-03-24 12:33:06,698][pcse.crop.phenology.Vernalisation][INFO] - Critical DVS for vernalization (VERNDVS) reached at day 1984-06-27, but vernalization requirements not yet fulfilled. Forcing vernalization now (VERN=47.688571).
[2026-03-24 12:33:06,714][pcse.crop.phenology.Vernalisation][INFO] - Critical DVS for vernalization (VERNDVS) reached at day 1984-06-28, but vernalization requirements not yet fulfilled. Forcing vernalization now (VERN=47.688571).
[2026-03-24 12:33:06,730][pcse.crop.phenology.Vernalisation][INFO] - Critical DVS for vernalization (VERNDVS) reached at day 1984-06-29, but vernalization requirements not yet fulfilled. Forcing vernalization now (VERN=47.688571).
[2026-03-24 12:33:06,730][pcse.crop.phenology.Annual_Phenology][INFO] - Changed phenological stage 'vegetative' to 'reproductive' on 1984-06-29
[2026-03-24 12:33:08,121][pcse.crop.phenology.Annual_Phenology][INFO] - Changed phenological stage 'reproductive' to 'mature' on 1984-09-13
[2026-03-24 12:33:08,387][pcse.base.timer.Timer][INFO] - Reached end of simulation period as specified by END_DATE.
| train          | E: 118 | S: 28438 | R: -0.4278 | TR: 19.5232 | TF: 128 | LR: 0 | NR: 0 | D: 04.6 s | TD: 00.0 s | BR: -0.0005 | ALOSS: 14402.1535 | CLOSS: 3422396.5771 | TLOSS: -742.0304 | TVAL: 0.7413 | AENT: -1004.7652 | BCLOSS: 0.0000
[EPISODE DBG] episode=118 step=28438 pred_return=-0.467975 true_return=60.902582 total_feedback=128 labeled_feedback=0
[2026-03-24 12:33:08,394][pcse.agromanager.SoilCalendar][INFO] - Starting soil (oregon) with variation (oregon_1) on day 1984-02-01
[2026-03-24 12:33:08,396][pcse.agromanager.CropCalendar][INFO] - Starting crop (wheat) with variety (wheat_1) on day 1984-02-01
[REPLAY DBG] post-agent-update step=28500 n=28500 mean=-0.000519 std=0.007388 min=-0.043908 max=0.028845
[STEP DBG] step=28500 env_reward=0.000000 r_hat=0.015630 done=False
[NORM DBG] count=28500 mean_abs_mean=62542.496094 mean_std=118.436829 min_std=0.001000 max_std=1524.280518
[2026-03-24 12:33:09,812][pcse.crop.phenology.Annual_Phenology][INFO] - Changed phenological stage 'emerging' to 'vegetative' on 1984-04-10
[2026-03-24 12:33:10,628][pcse.crop.phenology.Vernalisation][INFO] - Critical DVS for vernalization (VERNDVS) reached at day 1984-06-02, but vernalization requirements not yet fulfilled. Forcing vernalization now (VERN=47.688571).
[2026-03-24 12:33:10,644][pcse.crop.phenology.Vernalisation][INFO] - Critical DVS for vernalization (VERNDVS) reached at day 1984-06-03, but vernalization requirements not yet fulfilled. Forcing vernalization now (VERN=47.688571).
[2026-03-24 12:33:10,660][pcse.crop.phenology.Vernalisation][INFO] - Critical DVS for vernalization (VERNDVS) reached at day 1984-06-04, but vernalization requirements not yet fulfilled. Forcing vernalization now (VERN=47.688571).
[2026-03-24 12:33:10,676][pcse.crop.phenology.Vernalisation][INFO] - Critical DVS for vernalization (VERNDVS) reached at day 1984-06-05, but vernalization requirements not yet fulfilled. Forcing vernalization now (VERN=47.688571).
[2026-03-24 12:33:10,691][pcse.crop.phenology.Vernalisation][INFO] - Critical DVS for vernalization (VERNDVS) reached at day 1984-06-06, but vernalization requirements not yet fulfilled. Forcing vernalization now (VERN=47.688571).
[2026-03-24 12:33:10,706][pcse.crop.phenology.Vernalisation][INFO] - Critical DVS for vernalization (VERNDVS) reached at day 1984-06-07, but vernalization requirements not yet fulfilled. Forcing vernalization now (VERN=47.688571).
[2026-03-24 12:33:10,722][pcse.crop.phenology.Vernalisation][INFO] - Critical DVS for vernalization (VERNDVS) reached at day 1984-06-08, but vernalization requirements not yet fulfilled. Forcing vernalization now (VERN=47.688571).
[2026-03-24 12:33:10,737][pcse.crop.phenology.Vernalisation][INFO] - Critical DVS for vernalization (VERNDVS) reached at day 1984-06-09, but vernalization requirements not yet fulfilled. Forcing vernalization now (VERN=47.688571).
[2026-03-24 12:33:10,753][pcse.crop.phenology.Vernalisation][INFO] - Critical DVS for vernalization (VERNDVS) reached at day 1984-06-10, but vernalization requirements not yet fulfilled. Forcing vernalization now (VERN=47.688571).
[2026-03-24 12:33:10,768][pcse.crop.phenology.Vernalisation][INFO] - Critical DVS for vernalization (VERNDVS) reached at day 1984-06-11, but vernalization requirements not yet fulfilled. Forcing vernalization now (VERN=47.688571).
[2026-03-24 12:33:10,784][pcse.crop.phenology.Vernalisation][INFO] - Critical DVS for vernalization (VERNDVS) reached at day 1984-06-12, but vernalization requirements not yet fulfilled. Forcing vernalization now (VERN=47.688571).
[2026-03-24 12:33:10,799][pcse.crop.phenology.Vernalisation][INFO] - Critical DVS for vernalization (VERNDVS) reached at day 1984-06-13, but vernalization requirements not yet fulfilled. Forcing vernalization now (VERN=47.688571).
[2026-03-24 12:33:10,815][pcse.crop.phenology.Vernalisation][INFO] - Critical DVS for vernalization (VERNDVS) reached at day 1984-06-14, but vernalization requirements not yet fulfilled. Forcing vernalization now (VERN=47.688571).
[2026-03-24 12:33:10,830][pcse.crop.phenology.Vernalisation][INFO] - Critical DVS for vernalization (VERNDVS) reached at day 1984-06-15, but vernalization requirements not yet fulfilled. Forcing vernalization now (VERN=47.688571).
[2026-03-24 12:33:10,846][pcse.crop.phenology.Vernalisation][INFO] - Critical DVS for vernalization (VERNDVS) reached at day 1984-06-16, but vernalization requirements not yet fulfilled. Forcing vernalization now (VERN=47.688571).
[2026-03-24 12:33:10,861][pcse.crop.phenology.Vernalisation][INFO] - Critical DVS for vernalization (VERNDVS) reached at day 1984-06-17, but vernalization requirements not yet fulfilled. Forcing vernalization now (VERN=47.688571).
[2026-03-24 12:33:10,877][pcse.crop.phenology.Vernalisation][INFO] - Critical DVS for vernalization (VERNDVS) reached at day 1984-06-18, but vernalization requirements not yet fulfilled. Forcing vernalization now (VERN=47.688571).
[2026-03-24 12:33:10,892][pcse.crop.phenology.Vernalisation][INFO] - Critical DVS for vernalization (VERNDVS) reached at day 1984-06-19, but vernalization requirements not yet fulfilled. Forcing vernalization now (VERN=47.688571).
[2026-03-24 12:33:10,907][pcse.crop.phenology.Vernalisation][INFO] - Critical DVS for vernalization (VERNDVS) reached at day 1984-06-20, but vernalization requirements not yet fulfilled. Forcing vernalization now (VERN=47.688571).
[2026-03-24 12:33:10,923][pcse.crop.phenology.Vernalisation][INFO] - Critical DVS for vernalization (VERNDVS) reached at day 1984-06-21, but vernalization requirements not yet fulfilled. Forcing vernalization now (VERN=47.688571).
[2026-03-24 12:33:10,939][pcse.crop.phenology.Vernalisation][INFO] - Critical DVS for vernalization (VERNDVS) reached at day 1984-06-22, but vernalization requirements not yet fulfilled. Forcing vernalization now (VERN=47.688571).
[2026-03-24 12:33:10,954][pcse.crop.phenology.Vernalisation][INFO] - Critical DVS for vernalization (VERNDVS) reached at day 1984-06-23, but vernalization requirements not yet fulfilled. Forcing vernalization now (VERN=47.688571).
[2026-03-24 12:33:10,970][pcse.crop.phenology.Vernalisation][INFO] - Critical DVS for vernalization (VERNDVS) reached at day 1984-06-24, but vernalization requirements not yet fulfilled. Forcing vernalization now (VERN=47.688571).
[2026-03-24 12:33:10,986][pcse.crop.phenology.Vernalisation][INFO] - Critical DVS for vernalization (VERNDVS) reached at day 1984-06-25, but vernalization requirements not yet fulfilled. Forcing vernalization now (VERN=47.688571).
[2026-03-24 12:33:11,002][pcse.crop.phenology.Vernalisation][INFO] - Critical DVS for vernalization (VERNDVS) reached at day 1984-06-26, but vernalization requirements not yet fulfilled. Forcing vernalization now (VERN=47.688571).
[2026-03-24 12:33:11,018][pcse.crop.phenology.Vernalisation][INFO] - Critical DVS for vernalization (VERNDVS) reached at day 1984-06-27, but vernalization requirements not yet fulfilled. Forcing vernalization now (VERN=47.688571).
[2026-03-24 12:33:11,033][pcse.crop.phenology.Vernalisation][INFO] - Critical DVS for vernalization (VERNDVS) reached at day 1984-06-28, but vernalization requirements not yet fulfilled. Forcing vernalization now (VERN=47.688571).
[2026-03-24 12:33:11,049][pcse.crop.phenology.Vernalisation][INFO] - Critical DVS for vernalization (VERNDVS) reached at day 1984-06-29, but vernalization requirements not yet fulfilled. Forcing vernalization now (VERN=47.688571).
[2026-03-24 12:33:11,049][pcse.crop.phenology.Annual_Phenology][INFO] - Changed phenological stage 'vegetative' to 'reproductive' on 1984-06-29
[2026-03-24 12:33:12,416][pcse.crop.phenology.Annual_Phenology][INFO] - Changed phenological stage 'reproductive' to 'mature' on 1984-09-13
[2026-03-24 12:33:12,680][pcse.base.timer.Timer][INFO] - Reached end of simulation period as specified by END_DATE.
| train          | E: 119 | S: 28679 | R: -0.4680 | TR: 60.9026 | TF: 128 | LR: 0 | NR: 0 | D: 04.3 s | TD: 00.0 s | BR: -0.0005 | ALOSS: 13848.0967 | CLOSS: 1859098.2947 | TLOSS: -385.1120 | TVAL: 0.7566 | AENT: -510.0695 | BCLOSS: 0.0000
[EPISODE DBG] episode=119 step=28679 pred_return=-0.342204 true_return=14.207120 total_feedback=128 labeled_feedback=0
[2026-03-24 12:33:12,687][pcse.agromanager.SoilCalendar][INFO] - Starting soil (oregon) with variation (oregon_1) on day 1984-02-01
[2026-03-24 12:33:12,690][pcse.agromanager.CropCalendar][INFO] - Starting crop (wheat) with variety (wheat_1) on day 1984-02-01
[2026-03-24 12:33:13,968][pcse.crop.phenology.Annual_Phenology][INFO] - Changed phenological stage 'emerging' to 'vegetative' on 1984-04-10
[2026-03-24 12:33:14,682][pcse.crop.phenology.Vernalisation][INFO] - Critical DVS for vernalization (VERNDVS) reached at day 1984-06-02, but vernalization requirements not yet fulfilled. Forcing vernalization now (VERN=47.688571).
[2026-03-24 12:33:14,842][pcse.crop.phenology.Vernalisation][INFO] - Critical DVS for vernalization (VERNDVS) reached at day 1984-06-03, but vernalization requirements not yet fulfilled. Forcing vernalization now (VERN=47.688571).
[2026-03-24 12:33:14,869][pcse.crop.phenology.Vernalisation][INFO] - Critical DVS for vernalization (VERNDVS) reached at day 1984-06-04, but vernalization requirements not yet fulfilled. Forcing vernalization now (VERN=47.688571).
[2026-03-24 12:33:14,887][pcse.crop.phenology.Vernalisation][INFO] - Critical DVS for vernalization (VERNDVS) reached at day 1984-06-05, but vernalization requirements not yet fulfilled. Forcing vernalization now (VERN=47.688571).
[2026-03-24 12:33:14,906][pcse.crop.phenology.Vernalisation][INFO] - Critical DVS for vernalization (VERNDVS) reached at day 1984-06-06, but vernalization requirements not yet fulfilled. Forcing vernalization now (VERN=47.688571).
[2026-03-24 12:33:14,924][pcse.crop.phenology.Vernalisation][INFO] - Critical DVS for vernalization (VERNDVS) reached at day 1984-06-07, but vernalization requirements not yet fulfilled. Forcing vernalization now (VERN=47.688571).
[2026-03-24 12:33:14,941][pcse.crop.phenology.Vernalisation][INFO] - Critical DVS for vernalization (VERNDVS) reached at day 1984-06-08, but vernalization requirements not yet fulfilled. Forcing vernalization now (VERN=47.688571).
[2026-03-24 12:33:14,957][pcse.crop.phenology.Vernalisation][INFO] - Critical DVS for vernalization (VERNDVS) reached at day 1984-06-09, but vernalization requirements not yet fulfilled. Forcing vernalization now (VERN=47.688571).
[2026-03-24 12:33:14,974][pcse.crop.phenology.Vernalisation][INFO] - Critical DVS for vernalization (VERNDVS) reached at day 1984-06-10, but vernalization requirements not yet fulfilled. Forcing vernalization now (VERN=47.688571).
[2026-03-24 12:33:14,990][pcse.crop.phenology.Vernalisation][INFO] - Critical DVS for vernalization (VERNDVS) reached at day 1984-06-11, but vernalization requirements not yet fulfilled. Forcing vernalization now (VERN=47.688571).
[2026-03-24 12:33:15,006][pcse.crop.phenology.Vernalisation][INFO] - Critical DVS for vernalization (VERNDVS) reached at day 1984-06-12, but vernalization requirements not yet fulfilled. Forcing vernalization now (VERN=47.688571).
[2026-03-24 12:33:15,023][pcse.crop.phenology.Vernalisation][INFO] - Critical DVS for vernalization (VERNDVS) reached at day 1984-06-13, but vernalization requirements not yet fulfilled. Forcing vernalization now (VERN=47.688571).
[2026-03-24 12:33:15,039][pcse.crop.phenology.Vernalisation][INFO] - Critical DVS for vernalization (VERNDVS) reached at day 1984-06-14, but vernalization requirements not yet fulfilled. Forcing vernalization now (VERN=47.688571).
[2026-03-24 12:33:15,054][pcse.crop.phenology.Vernalisation][INFO] - Critical DVS for vernalization (VERNDVS) reached at day 1984-06-15, but vernalization requirements not yet fulfilled. Forcing vernalization now (VERN=47.688571).
[2026-03-24 12:33:15,070][pcse.crop.phenology.Vernalisation][INFO] - Critical DVS for vernalization (VERNDVS) reached at day 1984-06-16, but vernalization requirements not yet fulfilled. Forcing vernalization now (VERN=47.688571).
[2026-03-24 12:33:15,085][pcse.crop.phenology.Vernalisation][INFO] - Critical DVS for vernalization (VERNDVS) reached at day 1984-06-17, but vernalization requirements not yet fulfilled. Forcing vernalization now (VERN=47.688571).
[2026-03-24 12:33:15,101][pcse.crop.phenology.Vernalisation][INFO] - Critical DVS for vernalization (VERNDVS) reached at day 1984-06-18, but vernalization requirements not yet fulfilled. Forcing vernalization now (VERN=47.688571).
[2026-03-24 12:33:15,116][pcse.crop.phenology.Vernalisation][INFO] - Critical DVS for vernalization (VERNDVS) reached at day 1984-06-19, but vernalization requirements not yet fulfilled. Forcing vernalization now (VERN=47.688571).
[2026-03-24 12:33:15,132][pcse.crop.phenology.Vernalisation][INFO] - Critical DVS for vernalization (VERNDVS) reached at day 1984-06-20, but vernalization requirements not yet fulfilled. Forcing vernalization now (VERN=47.688571).
[2026-03-24 12:33:15,148][pcse.crop.phenology.Vernalisation][INFO] - Critical DVS for vernalization (VERNDVS) reached at day 1984-06-21, but vernalization requirements not yet fulfilled. Forcing vernalization now (VERN=47.688571).
[2026-03-24 12:33:15,163][pcse.crop.phenology.Vernalisation][INFO] - Critical DVS for vernalization (VERNDVS) reached at day 1984-06-22, but vernalization requirements not yet fulfilled. Forcing vernalization now (VERN=47.688571).
[2026-03-24 12:33:15,179][pcse.crop.phenology.Vernalisation][INFO] - Critical DVS for vernalization (VERNDVS) reached at day 1984-06-23, but vernalization requirements not yet fulfilled. Forcing vernalization now (VERN=47.688571).
[2026-03-24 12:33:15,195][pcse.crop.phenology.Vernalisation][INFO] - Critical DVS for vernalization (VERNDVS) reached at day 1984-06-24, but vernalization requirements not yet fulfilled. Forcing vernalization now (VERN=47.688571).
[2026-03-24 12:33:15,211][pcse.crop.phenology.Vernalisation][INFO] - Critical DVS for vernalization (VERNDVS) reached at day 1984-06-25, but vernalization requirements not yet fulfilled. Forcing vernalization now (VERN=47.688571).
[2026-03-24 12:33:15,226][pcse.crop.phenology.Vernalisation][INFO] - Critical DVS for vernalization (VERNDVS) reached at day 1984-06-26, but vernalization requirements not yet fulfilled. Forcing vernalization now (VERN=47.688571).
[2026-03-24 12:33:15,242][pcse.crop.phenology.Vernalisation][INFO] - Critical DVS for vernalization (VERNDVS) reached at day 1984-06-27, but vernalization requirements not yet fulfilled. Forcing vernalization now (VERN=47.688571).
[2026-03-24 12:33:15,257][pcse.crop.phenology.Vernalisation][INFO] - Critical DVS for vernalization (VERNDVS) reached at day 1984-06-28, but vernalization requirements not yet fulfilled. Forcing vernalization now (VERN=47.688571).
[2026-03-24 12:33:15,272][pcse.crop.phenology.Vernalisation][INFO] - Critical DVS for vernalization (VERNDVS) reached at day 1984-06-29, but vernalization requirements not yet fulfilled. Forcing vernalization now (VERN=47.688571).
[2026-03-24 12:33:15,273][pcse.crop.phenology.Annual_Phenology][INFO] - Changed phenological stage 'vegetative' to 'reproductive' on 1984-06-29
[2026-03-24 12:33:16,634][pcse.crop.phenology.Annual_Phenology][INFO] - Changed phenological stage 'reproductive' to 'mature' on 1984-09-13
[2026-03-24 12:33:16,874][pcse.base.timer.Timer][INFO] - Reached end of simulation period as specified by END_DATE.
| train          | E: 120 | S: 28920 | R: -0.3422 | TR: 14.2071 | TF: 128 | LR: 0 | NR: 0 | D: 04.2 s | TD: 00.0 s | BR: -0.0005 | ALOSS: 13959.4547 | CLOSS: 2014668.9981 | TLOSS: -384.0262 | TVAL: 0.7685 | AENT: -500.7630 | BCLOSS: 0.0000
[EPISODE DBG] episode=120 step=28920 pred_return=-0.375924 true_return=10.404722 total_feedback=128 labeled_feedback=0
[2026-03-24 12:33:16,879][pcse.agromanager.SoilCalendar][INFO] - Starting soil (oregon) with variation (oregon_1) on day 1984-02-01
[2026-03-24 12:33:16,881][pcse.agromanager.CropCalendar][INFO] - Starting crop (wheat) with variety (wheat_1) on day 1984-02-01
[2026-03-24 12:33:17,903][pcse.crop.phenology.Annual_Phenology][INFO] - Changed phenological stage 'emerging' to 'vegetative' on 1984-04-10
[REPLAY DBG] post-agent-update step=29000 n=29000 mean=-0.000535 std=0.007385 min=-0.043908 max=0.028845
[STEP DBG] step=29000 env_reward=0.000000 r_hat=-0.006858 done=False
[NORM DBG] count=29000 mean_abs_mean=62542.058594 mean_std=117.544746 min_std=0.001000 max_std=1511.728027
[2026-03-24 12:33:18,881][pcse.crop.phenology.Vernalisation][INFO] - Critical DVS for vernalization (VERNDVS) reached at day 1984-06-02, but vernalization requirements not yet fulfilled. Forcing vernalization now (VERN=47.688571).
[2026-03-24 12:33:18,897][pcse.crop.phenology.Vernalisation][INFO] - Critical DVS for vernalization (VERNDVS) reached at day 1984-06-03, but vernalization requirements not yet fulfilled. Forcing vernalization now (VERN=47.688571).
[2026-03-24 12:33:18,912][pcse.crop.phenology.Vernalisation][INFO] - Critical DVS for vernalization (VERNDVS) reached at day 1984-06-04, but vernalization requirements not yet fulfilled. Forcing vernalization now (VERN=47.688571).
[2026-03-24 12:33:18,928][pcse.crop.phenology.Vernalisation][INFO] - Critical DVS for vernalization (VERNDVS) reached at day 1984-06-05, but vernalization requirements not yet fulfilled. Forcing vernalization now (VERN=47.688571).
[2026-03-24 12:33:18,944][pcse.crop.phenology.Vernalisation][INFO] - Critical DVS for vernalization (VERNDVS) reached at day 1984-06-06, but vernalization requirements not yet fulfilled. Forcing vernalization now (VERN=47.688571).
[2026-03-24 12:33:18,960][pcse.crop.phenology.Vernalisation][INFO] - Critical DVS for vernalization (VERNDVS) reached at day 1984-06-07, but vernalization requirements not yet fulfilled. Forcing vernalization now (VERN=47.688571).
[2026-03-24 12:33:18,976][pcse.crop.phenology.Vernalisation][INFO] - Critical DVS for vernalization (VERNDVS) reached at day 1984-06-08, but vernalization requirements not yet fulfilled. Forcing vernalization now (VERN=47.688571).
[2026-03-24 12:33:18,991][pcse.crop.phenology.Vernalisation][INFO] - Critical DVS for vernalization (VERNDVS) reached at day 1984-06-09, but vernalization requirements not yet fulfilled. Forcing vernalization now (VERN=47.688571).
[2026-03-24 12:33:19,007][pcse.crop.phenology.Vernalisation][INFO] - Critical DVS for vernalization (VERNDVS) reached at day 1984-06-10, but vernalization requirements not yet fulfilled. Forcing vernalization now (VERN=47.688571).
[2026-03-24 12:33:19,023][pcse.crop.phenology.Vernalisation][INFO] - Critical DVS for vernalization (VERNDVS) reached at day 1984-06-11, but vernalization requirements not yet fulfilled. Forcing vernalization now (VERN=47.688571).
[2026-03-24 12:33:19,039][pcse.crop.phenology.Vernalisation][INFO] - Critical DVS for vernalization (VERNDVS) reached at day 1984-06-12, but vernalization requirements not yet fulfilled. Forcing vernalization now (VERN=47.688571).
[2026-03-24 12:33:19,055][pcse.crop.phenology.Vernalisation][INFO] - Critical DVS for vernalization (VERNDVS) reached at day 1984-06-13, but vernalization requirements not yet fulfilled. Forcing vernalization now (VERN=47.688571).
[2026-03-24 12:33:19,071][pcse.crop.phenology.Vernalisation][INFO] - Critical DVS for vernalization (VERNDVS) reached at day 1984-06-14, but vernalization requirements not yet fulfilled. Forcing vernalization now (VERN=47.688571).
[2026-03-24 12:33:19,087][pcse.crop.phenology.Vernalisation][INFO] - Critical DVS for vernalization (VERNDVS) reached at day 1984-06-15, but vernalization requirements not yet fulfilled. Forcing vernalization now (VERN=47.688571).
[2026-03-24 12:33:19,103][pcse.crop.phenology.Vernalisation][INFO] - Critical DVS for vernalization (VERNDVS) reached at day 1984-06-16, but vernalization requirements not yet fulfilled. Forcing vernalization now (VERN=47.688571).
[2026-03-24 12:33:19,119][pcse.crop.phenology.Vernalisation][INFO] - Critical DVS for vernalization (VERNDVS) reached at day 1984-06-17, but vernalization requirements not yet fulfilled. Forcing vernalization now (VERN=47.688571).
[2026-03-24 12:33:19,135][pcse.crop.phenology.Vernalisation][INFO] - Critical DVS for vernalization (VERNDVS) reached at day 1984-06-18, but vernalization requirements not yet fulfilled. Forcing vernalization now (VERN=47.688571).
[2026-03-24 12:33:19,151][pcse.crop.phenology.Vernalisation][INFO] - Critical DVS for vernalization (VERNDVS) reached at day 1984-06-19, but vernalization requirements not yet fulfilled. Forcing vernalization now (VERN=47.688571).
[2026-03-24 12:33:19,167][pcse.crop.phenology.Vernalisation][INFO] - Critical DVS for vernalization (VERNDVS) reached at day 1984-06-20, but vernalization requirements not yet fulfilled. Forcing vernalization now (VERN=47.688571).
[2026-03-24 12:33:19,183][pcse.crop.phenology.Vernalisation][INFO] - Critical DVS for vernalization (VERNDVS) reached at day 1984-06-21, but vernalization requirements not yet fulfilled. Forcing vernalization now (VERN=47.688571).
[2026-03-24 12:33:19,200][pcse.crop.phenology.Vernalisation][INFO] - Critical DVS for vernalization (VERNDVS) reached at day 1984-06-22, but vernalization requirements not yet fulfilled. Forcing vernalization now (VERN=47.688571).
[2026-03-24 12:33:19,216][pcse.crop.phenology.Vernalisation][INFO] - Critical DVS for vernalization (VERNDVS) reached at day 1984-06-23, but vernalization requirements not yet fulfilled. Forcing vernalization now (VERN=47.688571).
[2026-03-24 12:33:19,231][pcse.crop.phenology.Vernalisation][INFO] - Critical DVS for vernalization (VERNDVS) reached at day 1984-06-24, but vernalization requirements not yet fulfilled. Forcing vernalization now (VERN=47.688571).
[2026-03-24 12:33:19,247][pcse.crop.phenology.Vernalisation][INFO] - Critical DVS for vernalization (VERNDVS) reached at day 1984-06-25, but vernalization requirements not yet fulfilled. Forcing vernalization now (VERN=47.688571).
[2026-03-24 12:33:19,263][pcse.crop.phenology.Vernalisation][INFO] - Critical DVS for vernalization (VERNDVS) reached at day 1984-06-26, but vernalization requirements not yet fulfilled. Forcing vernalization now (VERN=47.688571).
[2026-03-24 12:33:19,279][pcse.crop.phenology.Vernalisation][INFO] - Critical DVS for vernalization (VERNDVS) reached at day 1984-06-27, but vernalization requirements not yet fulfilled. Forcing vernalization now (VERN=47.688571).
[2026-03-24 12:33:19,295][pcse.crop.phenology.Vernalisation][INFO] - Critical DVS for vernalization (VERNDVS) reached at day 1984-06-28, but vernalization requirements not yet fulfilled. Forcing vernalization now (VERN=47.688571).
[2026-03-24 12:33:19,312][pcse.crop.phenology.Vernalisation][INFO] - Critical DVS for vernalization (VERNDVS) reached at day 1984-06-29, but vernalization requirements not yet fulfilled. Forcing vernalization now (VERN=47.688571).
[2026-03-24 12:33:19,312][pcse.crop.phenology.Annual_Phenology][INFO] - Changed phenological stage 'vegetative' to 'reproductive' on 1984-06-29
[2026-03-24 12:33:20,693][pcse.crop.phenology.Annual_Phenology][INFO] - Changed phenological stage 'reproductive' to 'mature' on 1984-09-13
[2026-03-24 12:33:20,960][pcse.base.timer.Timer][INFO] - Reached end of simulation period as specified by END_DATE.
| train          | E: 121 | S: 29161 | R: -0.3759 | TR: 10.4047 | TF: 128 | LR: 0 | NR: 0 | D: 04.1 s | TD: 00.0 s | BR: -0.0005 | ALOSS: 14101.2637 | CLOSS: 2548386.6351 | TLOSS: -385.0270 | TVAL: 0.7811 | AENT: -493.9819 | BCLOSS: 0.0000
[EPISODE DBG] episode=121 step=29161 pred_return=-0.370323 true_return=11.418835 total_feedback=128 labeled_feedback=0
[2026-03-24 12:33:20,967][pcse.agromanager.SoilCalendar][INFO] - Starting soil (oregon) with variation (oregon_1) on day 1984-02-01
[2026-03-24 12:33:20,970][pcse.agromanager.CropCalendar][INFO] - Starting crop (wheat) with variety (wheat_1) on day 1984-02-01
[2026-03-24 12:33:22,394][pcse.crop.phenology.Annual_Phenology][INFO] - Changed phenological stage 'emerging' to 'vegetative' on 1984-04-10
[2026-03-24 12:33:23,214][pcse.crop.phenology.Vernalisation][INFO] - Critical DVS for vernalization (VERNDVS) reached at day 1984-06-02, but vernalization requirements not yet fulfilled. Forcing vernalization now (VERN=47.688571).
[2026-03-24 12:33:23,230][pcse.crop.phenology.Vernalisation][INFO] - Critical DVS for vernalization (VERNDVS) reached at day 1984-06-03, but vernalization requirements not yet fulfilled. Forcing vernalization now (VERN=47.688571).
[2026-03-24 12:33:23,245][pcse.crop.phenology.Vernalisation][INFO] - Critical DVS for vernalization (VERNDVS) reached at day 1984-06-04, but vernalization requirements not yet fulfilled. Forcing vernalization now (VERN=47.688571).
[2026-03-24 12:33:23,261][pcse.crop.phenology.Vernalisation][INFO] - Critical DVS for vernalization (VERNDVS) reached at day 1984-06-05, but vernalization requirements not yet fulfilled. Forcing vernalization now (VERN=47.688571).
[2026-03-24 12:33:23,276][pcse.crop.phenology.Vernalisation][INFO] - Critical DVS for vernalization (VERNDVS) reached at day 1984-06-06, but vernalization requirements not yet fulfilled. Forcing vernalization now (VERN=47.688571).
[2026-03-24 12:33:23,292][pcse.crop.phenology.Vernalisation][INFO] - Critical DVS for vernalization (VERNDVS) reached at day 1984-06-07, but vernalization requirements not yet fulfilled. Forcing vernalization now (VERN=47.688571).
[2026-03-24 12:33:23,307][pcse.crop.phenology.Vernalisation][INFO] - Critical DVS for vernalization (VERNDVS) reached at day 1984-06-08, but vernalization requirements not yet fulfilled. Forcing vernalization now (VERN=47.688571).
[2026-03-24 12:33:23,323][pcse.crop.phenology.Vernalisation][INFO] - Critical DVS for vernalization (VERNDVS) reached at day 1984-06-09, but vernalization requirements not yet fulfilled. Forcing vernalization now (VERN=47.688571).
[2026-03-24 12:33:23,338][pcse.crop.phenology.Vernalisation][INFO] - Critical DVS for vernalization (VERNDVS) reached at day 1984-06-10, but vernalization requirements not yet fulfilled. Forcing vernalization now (VERN=47.688571).
[2026-03-24 12:33:23,354][pcse.crop.phenology.Vernalisation][INFO] - Critical DVS for vernalization (VERNDVS) reached at day 1984-06-11, but vernalization requirements not yet fulfilled. Forcing vernalization now (VERN=47.688571).
[2026-03-24 12:33:23,369][pcse.crop.phenology.Vernalisation][INFO] - Critical DVS for vernalization (VERNDVS) reached at day 1984-06-12, but vernalization requirements not yet fulfilled. Forcing vernalization now (VERN=47.688571).
[2026-03-24 12:33:23,384][pcse.crop.phenology.Vernalisation][INFO] - Critical DVS for vernalization (VERNDVS) reached at day 1984-06-13, but vernalization requirements not yet fulfilled. Forcing vernalization now (VERN=47.688571).
[2026-03-24 12:33:23,400][pcse.crop.phenology.Vernalisation][INFO] - Critical DVS for vernalization (VERNDVS) reached at day 1984-06-14, but vernalization requirements not yet fulfilled. Forcing vernalization now (VERN=47.688571).
[2026-03-24 12:33:23,415][pcse.crop.phenology.Vernalisation][INFO] - Critical DVS for vernalization (VERNDVS) reached at day 1984-06-15, but vernalization requirements not yet fulfilled. Forcing vernalization now (VERN=47.688571).
[2026-03-24 12:33:23,430][pcse.crop.phenology.Vernalisation][INFO] - Critical DVS for vernalization (VERNDVS) reached at day 1984-06-16, but vernalization requirements not yet fulfilled. Forcing vernalization now (VERN=47.688571).
[2026-03-24 12:33:23,446][pcse.crop.phenology.Vernalisation][INFO] - Critical DVS for vernalization (VERNDVS) reached at day 1984-06-17, but vernalization requirements not yet fulfilled. Forcing vernalization now (VERN=47.688571).
[2026-03-24 12:33:23,461][pcse.crop.phenology.Vernalisation][INFO] - Critical DVS for vernalization (VERNDVS) reached at day 1984-06-18, but vernalization requirements not yet fulfilled. Forcing vernalization now (VERN=47.688571).
[2026-03-24 12:33:23,477][pcse.crop.phenology.Vernalisation][INFO] - Critical DVS for vernalization (VERNDVS) reached at day 1984-06-19, but vernalization requirements not yet fulfilled. Forcing vernalization now (VERN=47.688571).
[2026-03-24 12:33:23,493][pcse.crop.phenology.Vernalisation][INFO] - Critical DVS for vernalization (VERNDVS) reached at day 1984-06-20, but vernalization requirements not yet fulfilled. Forcing vernalization now (VERN=47.688571).
[2026-03-24 12:33:23,780][pcse.crop.phenology.Vernalisation][INFO] - Critical DVS for vernalization (VERNDVS) reached at day 1984-06-21, but vernalization requirements not yet fulfilled. Forcing vernalization now (VERN=47.688571).
[2026-03-24 12:33:23,806][pcse.crop.phenology.Vernalisation][INFO] - Critical DVS for vernalization (VERNDVS) reached at day 1984-06-22, but vernalization requirements not yet fulfilled. Forcing vernalization now (VERN=47.688571).
[2026-03-24 12:33:23,829][pcse.crop.phenology.Vernalisation][INFO] - Critical DVS for vernalization (VERNDVS) reached at day 1984-06-23, but vernalization requirements not yet fulfilled. Forcing vernalization now (VERN=47.688571).
[2026-03-24 12:33:23,854][pcse.crop.phenology.Vernalisation][INFO] - Critical DVS for vernalization (VERNDVS) reached at day 1984-06-24, but vernalization requirements not yet fulfilled. Forcing vernalization now (VERN=47.688571).
[2026-03-24 12:33:23,870][pcse.crop.phenology.Vernalisation][INFO] - Critical DVS for vernalization (VERNDVS) reached at day 1984-06-25, but vernalization requirements not yet fulfilled. Forcing vernalization now (VERN=47.688571).
[2026-03-24 12:33:23,886][pcse.crop.phenology.Vernalisation][INFO] - Critical DVS for vernalization (VERNDVS) reached at day 1984-06-26, but vernalization requirements not yet fulfilled. Forcing vernalization now (VERN=47.688571).
[2026-03-24 12:33:23,902][pcse.crop.phenology.Vernalisation][INFO] - Critical DVS for vernalization (VERNDVS) reached at day 1984-06-27, but vernalization requirements not yet fulfilled. Forcing vernalization now (VERN=47.688571).
[2026-03-24 12:33:23,918][pcse.crop.phenology.Vernalisation][INFO] - Critical DVS for vernalization (VERNDVS) reached at day 1984-06-28, but vernalization requirements not yet fulfilled. Forcing vernalization now (VERN=47.688571).
[2026-03-24 12:33:23,934][pcse.crop.phenology.Vernalisation][INFO] - Critical DVS for vernalization (VERNDVS) reached at day 1984-06-29, but vernalization requirements not yet fulfilled. Forcing vernalization now (VERN=47.688571).
[2026-03-24 12:33:23,934][pcse.crop.phenology.Annual_Phenology][INFO] - Changed phenological stage 'vegetative' to 'reproductive' on 1984-06-29
[2026-03-24 12:33:25,116][pcse.crop.phenology.Annual_Phenology][INFO] - Changed phenological stage 'reproductive' to 'mature' on 1984-09-13
[2026-03-24 12:33:25,556][pcse.base.timer.Timer][INFO] - Reached end of simulation period as specified by END_DATE.
| train          | E: 122 | S: 29402 | R: -0.3703 | TR: 11.4188 | TF: 128 | LR: 0 | NR: 0 | D: 04.6 s | TD: 00.0 s | BR: -0.0005 | ALOSS: 14325.6339 | CLOSS: 2497762.8659 | TLOSS: -433.3734 | TVAL: 0.7947 | AENT: -546.0617 | BCLOSS: 0.0000
[EPISODE DBG] episode=122 step=29402 pred_return=-0.575429 true_return=72.094322 total_feedback=128 labeled_feedback=0
[2026-03-24 12:33:25,567][pcse.agromanager.SoilCalendar][INFO] - Starting soil (oregon) with variation (oregon_1) on day 1984-02-01
[2026-03-24 12:33:25,571][pcse.agromanager.CropCalendar][INFO] - Starting crop (wheat) with variety (wheat_1) on day 1984-02-01
[2026-03-24 12:33:26,846][pcse.crop.phenology.Annual_Phenology][INFO] - Changed phenological stage 'emerging' to 'vegetative' on 1984-04-10
[REPLAY DBG] post-agent-update step=29500 n=29500 mean=-0.000561 std=0.007378 min=-0.043908 max=0.028845
[STEP DBG] step=29500 env_reward=0.000000 r_hat=0.004475 done=False
[NORM DBG] count=29500 mean_abs_mean=62541.636719 mean_std=116.673157 min_std=0.001000 max_std=1499.478149
[2026-03-24 12:33:27,912][pcse.crop.phenology.Vernalisation][INFO] - Critical DVS for vernalization (VERNDVS) reached at day 1984-06-02, but vernalization requirements not yet fulfilled. Forcing vernalization now (VERN=47.688571).
[2026-03-24 12:33:27,927][pcse.crop.phenology.Vernalisation][INFO] - Critical DVS for vernalization (VERNDVS) reached at day 1984-06-03, but vernalization requirements not yet fulfilled. Forcing vernalization now (VERN=47.688571).
[2026-03-24 12:33:27,943][pcse.crop.phenology.Vernalisation][INFO] - Critical DVS for vernalization (VERNDVS) reached at day 1984-06-04, but vernalization requirements not yet fulfilled. Forcing vernalization now (VERN=47.688571).
[2026-03-24 12:33:27,959][pcse.crop.phenology.Vernalisation][INFO] - Critical DVS for vernalization (VERNDVS) reached at day 1984-06-05, but vernalization requirements not yet fulfilled. Forcing vernalization now (VERN=47.688571).
[2026-03-24 12:33:27,974][pcse.crop.phenology.Vernalisation][INFO] - Critical DVS for vernalization (VERNDVS) reached at day 1984-06-06, but vernalization requirements not yet fulfilled. Forcing vernalization now (VERN=47.688571).
[2026-03-24 12:33:27,990][pcse.crop.phenology.Vernalisation][INFO] - Critical DVS for vernalization (VERNDVS) reached at day 1984-06-07, but vernalization requirements not yet fulfilled. Forcing vernalization now (VERN=47.688571).
[2026-03-24 12:33:28,006][pcse.crop.phenology.Vernalisation][INFO] - Critical DVS for vernalization (VERNDVS) reached at day 1984-06-08, but vernalization requirements not yet fulfilled. Forcing vernalization now (VERN=47.688571).
[2026-03-24 12:33:28,021][pcse.crop.phenology.Vernalisation][INFO] - Critical DVS for vernalization (VERNDVS) reached at day 1984-06-09, but vernalization requirements not yet fulfilled. Forcing vernalization now (VERN=47.688571).
[2026-03-24 12:33:28,037][pcse.crop.phenology.Vernalisation][INFO] - Critical DVS for vernalization (VERNDVS) reached at day 1984-06-10, but vernalization requirements not yet fulfilled. Forcing vernalization now (VERN=47.688571).
[2026-03-24 12:33:28,053][pcse.crop.phenology.Vernalisation][INFO] - Critical DVS for vernalization (VERNDVS) reached at day 1984-06-11, but vernalization requirements not yet fulfilled. Forcing vernalization now (VERN=47.688571).
[2026-03-24 12:33:28,069][pcse.crop.phenology.Vernalisation][INFO] - Critical DVS for vernalization (VERNDVS) reached at day 1984-06-12, but vernalization requirements not yet fulfilled. Forcing vernalization now (VERN=47.688571).
[2026-03-24 12:33:28,084][pcse.crop.phenology.Vernalisation][INFO] - Critical DVS for vernalization (VERNDVS) reached at day 1984-06-13, but vernalization requirements not yet fulfilled. Forcing vernalization now (VERN=47.688571).
[2026-03-24 12:33:28,100][pcse.crop.phenology.Vernalisation][INFO] - Critical DVS for vernalization (VERNDVS) reached at day 1984-06-14, but vernalization requirements not yet fulfilled. Forcing vernalization now (VERN=47.688571).
[2026-03-24 12:33:28,116][pcse.crop.phenology.Vernalisation][INFO] - Critical DVS for vernalization (VERNDVS) reached at day 1984-06-15, but vernalization requirements not yet fulfilled. Forcing vernalization now (VERN=47.688571).
[2026-03-24 12:33:28,132][pcse.crop.phenology.Vernalisation][INFO] - Critical DVS for vernalization (VERNDVS) reached at day 1984-06-16, but vernalization requirements not yet fulfilled. Forcing vernalization now (VERN=47.688571).
[2026-03-24 12:33:28,147][pcse.crop.phenology.Vernalisation][INFO] - Critical DVS for vernalization (VERNDVS) reached at day 1984-06-17, but vernalization requirements not yet fulfilled. Forcing vernalization now (VERN=47.688571).
[2026-03-24 12:33:28,163][pcse.crop.phenology.Vernalisation][INFO] - Critical DVS for vernalization (VERNDVS) reached at day 1984-06-18, but vernalization requirements not yet fulfilled. Forcing vernalization now (VERN=47.688571).
[2026-03-24 12:33:28,179][pcse.crop.phenology.Vernalisation][INFO] - Critical DVS for vernalization (VERNDVS) reached at day 1984-06-19, but vernalization requirements not yet fulfilled. Forcing vernalization now (VERN=47.688571).
[2026-03-24 12:33:28,194][pcse.crop.phenology.Vernalisation][INFO] - Critical DVS for vernalization (VERNDVS) reached at day 1984-06-20, but vernalization requirements not yet fulfilled. Forcing vernalization now (VERN=47.688571).
[2026-03-24 12:33:28,210][pcse.crop.phenology.Vernalisation][INFO] - Critical DVS for vernalization (VERNDVS) reached at day 1984-06-21, but vernalization requirements not yet fulfilled. Forcing vernalization now (VERN=47.688571).
[2026-03-24 12:33:28,226][pcse.crop.phenology.Vernalisation][INFO] - Critical DVS for vernalization (VERNDVS) reached at day 1984-06-22, but vernalization requirements not yet fulfilled. Forcing vernalization now (VERN=47.688571).
[2026-03-24 12:33:28,241][pcse.crop.phenology.Vernalisation][INFO] - Critical DVS for vernalization (VERNDVS) reached at day 1984-06-23, but vernalization requirements not yet fulfilled. Forcing vernalization now (VERN=47.688571).
[2026-03-24 12:33:28,257][pcse.crop.phenology.Vernalisation][INFO] - Critical DVS for vernalization (VERNDVS) reached at day 1984-06-24, but vernalization requirements not yet fulfilled. Forcing vernalization now (VERN=47.688571).
[2026-03-24 12:33:28,273][pcse.crop.phenology.Vernalisation][INFO] - Critical DVS for vernalization (VERNDVS) reached at day 1984-06-25, but vernalization requirements not yet fulfilled. Forcing vernalization now (VERN=47.688571).
[2026-03-24 12:33:28,289][pcse.crop.phenology.Vernalisation][INFO] - Critical DVS for vernalization (VERNDVS) reached at day 1984-06-26, but vernalization requirements not yet fulfilled. Forcing vernalization now (VERN=47.688571).
[2026-03-24 12:33:28,304][pcse.crop.phenology.Vernalisation][INFO] - Critical DVS for vernalization (VERNDVS) reached at day 1984-06-27, but vernalization requirements not yet fulfilled. Forcing vernalization now (VERN=47.688571).
[2026-03-24 12:33:28,320][pcse.crop.phenology.Vernalisation][INFO] - Critical DVS for vernalization (VERNDVS) reached at day 1984-06-28, but vernalization requirements not yet fulfilled. Forcing vernalization now (VERN=47.688571).
[2026-03-24 12:33:28,336][pcse.crop.phenology.Vernalisation][INFO] - Critical DVS for vernalization (VERNDVS) reached at day 1984-06-29, but vernalization requirements not yet fulfilled. Forcing vernalization now (VERN=47.688571).
[2026-03-24 12:33:28,336][pcse.crop.phenology.Annual_Phenology][INFO] - Changed phenological stage 'vegetative' to 'reproductive' on 1984-06-29
[2026-03-24 12:33:29,687][pcse.crop.phenology.Annual_Phenology][INFO] - Changed phenological stage 'reproductive' to 'mature' on 1984-09-13
[2026-03-24 12:33:29,953][pcse.base.timer.Timer][INFO] - Reached end of simulation period as specified by END_DATE.
| train          | E: 123 | S: 29643 | R: -0.5754 | TR: 72.0943 | TF: 128 | LR: 0 | NR: 0 | D: 04.4 s | TD: 00.0 s | BR: -0.0006 | ALOSS: 14527.4457 | CLOSS: 2563265.8111 | TLOSS: -461.0555 | TVAL: 0.8111 | AENT: -569.5014 | BCLOSS: 0.0000
[EPISODE DBG] episode=123 step=29643 pred_return=-0.509985 true_return=57.718482 total_feedback=128 labeled_feedback=0
[2026-03-24 12:33:29,960][pcse.agromanager.SoilCalendar][INFO] - Starting soil (oregon) with variation (oregon_1) on day 1984-02-01
[2026-03-24 12:33:29,962][pcse.agromanager.CropCalendar][INFO] - Starting crop (wheat) with variety (wheat_1) on day 1984-02-01
[2026-03-24 12:33:31,398][pcse.crop.phenology.Annual_Phenology][INFO] - Changed phenological stage 'emerging' to 'vegetative' on 1984-04-10
[2026-03-24 12:33:32,194][pcse.crop.phenology.Vernalisation][INFO] - Critical DVS for vernalization (VERNDVS) reached at day 1984-06-02, but vernalization requirements not yet fulfilled. Forcing vernalization now (VERN=47.688571).
[2026-03-24 12:33:32,208][pcse.crop.phenology.Vernalisation][INFO] - Critical DVS for vernalization (VERNDVS) reached at day 1984-06-03, but vernalization requirements not yet fulfilled. Forcing vernalization now (VERN=47.688571).
[2026-03-24 12:33:32,222][pcse.crop.phenology.Vernalisation][INFO] - Critical DVS for vernalization (VERNDVS) reached at day 1984-06-04, but vernalization requirements not yet fulfilled. Forcing vernalization now (VERN=47.688571).
[2026-03-24 12:33:32,237][pcse.crop.phenology.Vernalisation][INFO] - Critical DVS for vernalization (VERNDVS) reached at day 1984-06-05, but vernalization requirements not yet fulfilled. Forcing vernalization now (VERN=47.688571).
[2026-03-24 12:33:32,251][pcse.crop.phenology.Vernalisation][INFO] - Critical DVS for vernalization (VERNDVS) reached at day 1984-06-06, but vernalization requirements not yet fulfilled. Forcing vernalization now (VERN=47.688571).
[2026-03-24 12:33:32,265][pcse.crop.phenology.Vernalisation][INFO] - Critical DVS for vernalization (VERNDVS) reached at day 1984-06-07, but vernalization requirements not yet fulfilled. Forcing vernalization now (VERN=47.688571).
[2026-03-24 12:33:32,279][pcse.crop.phenology.Vernalisation][INFO] - Critical DVS for vernalization (VERNDVS) reached at day 1984-06-08, but vernalization requirements not yet fulfilled. Forcing vernalization now (VERN=47.688571).
[2026-03-24 12:33:32,293][pcse.crop.phenology.Vernalisation][INFO] - Critical DVS for vernalization (VERNDVS) reached at day 1984-06-09, but vernalization requirements not yet fulfilled. Forcing vernalization now (VERN=47.688571).
[2026-03-24 12:33:32,309][pcse.crop.phenology.Vernalisation][INFO] - Critical DVS for vernalization (VERNDVS) reached at day 1984-06-10, but vernalization requirements not yet fulfilled. Forcing vernalization now (VERN=47.688571).
[2026-03-24 12:33:32,325][pcse.crop.phenology.Vernalisation][INFO] - Critical DVS for vernalization (VERNDVS) reached at day 1984-06-11, but vernalization requirements not yet fulfilled. Forcing vernalization now (VERN=47.688571).
[2026-03-24 12:33:32,341][pcse.crop.phenology.Vernalisation][INFO] - Critical DVS for vernalization (VERNDVS) reached at day 1984-06-12, but vernalization requirements not yet fulfilled. Forcing vernalization now (VERN=47.688571).
[2026-03-24 12:33:32,355][pcse.crop.phenology.Vernalisation][INFO] - Critical DVS for vernalization (VERNDVS) reached at day 1984-06-13, but vernalization requirements not yet fulfilled. Forcing vernalization now (VERN=47.688571).
[2026-03-24 12:33:32,369][pcse.crop.phenology.Vernalisation][INFO] - Critical DVS for vernalization (VERNDVS) reached at day 1984-06-14, but vernalization requirements not yet fulfilled. Forcing vernalization now (VERN=47.688571).
[2026-03-24 12:33:32,383][pcse.crop.phenology.Vernalisation][INFO] - Critical DVS for vernalization (VERNDVS) reached at day 1984-06-15, but vernalization requirements not yet fulfilled. Forcing vernalization now (VERN=47.688571).
[2026-03-24 12:33:32,397][pcse.crop.phenology.Vernalisation][INFO] - Critical DVS for vernalization (VERNDVS) reached at day 1984-06-16, but vernalization requirements not yet fulfilled. Forcing vernalization now (VERN=47.688571).
[2026-03-24 12:33:32,412][pcse.crop.phenology.Vernalisation][INFO] - Critical DVS for vernalization (VERNDVS) reached at day 1984-06-17, but vernalization requirements not yet fulfilled. Forcing vernalization now (VERN=47.688571).
[2026-03-24 12:33:32,428][pcse.crop.phenology.Vernalisation][INFO] - Critical DVS for vernalization (VERNDVS) reached at day 1984-06-18, but vernalization requirements not yet fulfilled. Forcing vernalization now (VERN=47.688571).
[2026-03-24 12:33:32,444][pcse.crop.phenology.Vernalisation][INFO] - Critical DVS for vernalization (VERNDVS) reached at day 1984-06-19, but vernalization requirements not yet fulfilled. Forcing vernalization now (VERN=47.688571).
[2026-03-24 12:33:32,459][pcse.crop.phenology.Vernalisation][INFO] - Critical DVS for vernalization (VERNDVS) reached at day 1984-06-20, but vernalization requirements not yet fulfilled. Forcing vernalization now (VERN=47.688571).
[2026-03-24 12:33:32,473][pcse.crop.phenology.Vernalisation][INFO] - Critical DVS for vernalization (VERNDVS) reached at day 1984-06-21, but vernalization requirements not yet fulfilled. Forcing vernalization now (VERN=47.688571).
[2026-03-24 12:33:32,488][pcse.crop.phenology.Vernalisation][INFO] - Critical DVS for vernalization (VERNDVS) reached at day 1984-06-22, but vernalization requirements not yet fulfilled. Forcing vernalization now (VERN=47.688571).
[2026-03-24 12:33:32,502][pcse.crop.phenology.Vernalisation][INFO] - Critical DVS for vernalization (VERNDVS) reached at day 1984-06-23, but vernalization requirements not yet fulfilled. Forcing vernalization now (VERN=47.688571).
[2026-03-24 12:33:32,517][pcse.crop.phenology.Vernalisation][INFO] - Critical DVS for vernalization (VERNDVS) reached at day 1984-06-24, but vernalization requirements not yet fulfilled. Forcing vernalization now (VERN=47.688571).
[2026-03-24 12:33:32,531][pcse.crop.phenology.Vernalisation][INFO] - Critical DVS for vernalization (VERNDVS) reached at day 1984-06-25, but vernalization requirements not yet fulfilled. Forcing vernalization now (VERN=47.688571).
[2026-03-24 12:33:32,545][pcse.crop.phenology.Vernalisation][INFO] - Critical DVS for vernalization (VERNDVS) reached at day 1984-06-26, but vernalization requirements not yet fulfilled. Forcing vernalization now (VERN=47.688571).
[2026-03-24 12:33:32,559][pcse.crop.phenology.Vernalisation][INFO] - Critical DVS for vernalization (VERNDVS) reached at day 1984-06-27, but vernalization requirements not yet fulfilled. Forcing vernalization now (VERN=47.688571).
[2026-03-24 12:33:32,574][pcse.crop.phenology.Vernalisation][INFO] - Critical DVS for vernalization (VERNDVS) reached at day 1984-06-28, but vernalization requirements not yet fulfilled. Forcing vernalization now (VERN=47.688571).
[2026-03-24 12:33:32,588][pcse.crop.phenology.Vernalisation][INFO] - Critical DVS for vernalization (VERNDVS) reached at day 1984-06-29, but vernalization requirements not yet fulfilled. Forcing vernalization now (VERN=47.688571).
[2026-03-24 12:33:32,588][pcse.crop.phenology.Annual_Phenology][INFO] - Changed phenological stage 'vegetative' to 'reproductive' on 1984-06-29
[2026-03-24 12:33:33,814][pcse.crop.phenology.Annual_Phenology][INFO] - Changed phenological stage 'reproductive' to 'mature' on 1984-09-13
[2026-03-24 12:33:34,042][pcse.base.timer.Timer][INFO] - Reached end of simulation period as specified by END_DATE.
| train          | E: 124 | S: 29884 | R: -0.5100 | TR: 57.7185 | TF: 128 | LR: 0 | NR: 0 | D: 04.1 s | TD: 00.0 s | BR: -0.0006 | ALOSS: 14561.1182 | CLOSS: 2393131.8343 | TLOSS: -382.0338 | TVAL: 0.8268 | AENT: -463.2407 | BCLOSS: 0.0000
[EPISODE DBG] episode=124 step=29884 pred_return=-0.418005 true_return=12.281458 total_feedback=128 labeled_feedback=0
[2026-03-24 12:33:34,047][pcse.agromanager.SoilCalendar][INFO] - Starting soil (oregon) with variation (oregon_1) on day 1984-02-01
[2026-03-24 12:33:34,049][pcse.agromanager.CropCalendar][INFO] - Starting crop (wheat) with variety (wheat_1) on day 1984-02-01
[2026-03-24 12:33:35,391][pcse.crop.phenology.Annual_Phenology][INFO] - Changed phenological stage 'emerging' to 'vegetative' on 1984-04-10
