Gym has been unmaintained since 2022 and does not support NumPy 2.0 amongst other critical functionality.
Please upgrade to Gymnasium, the maintained drop-in replacement of Gym, or contact the authors of your software and request that they upgrade.
Users of this version of Gym should be able to simply replace 'import gym' with 'import gymnasium as gym' in the vast majority of cases.
See the migration guide at https://gymnasium.farama.org/introduction/migration_guide/ for additional information.
/home/sohams/BPref/train_PEBBLE.py:576: UserWarning: 
The version_base parameter is not specified.
Please specify a compatability version level, or None.
Will assume defaults for version 1.1
  @hydra.main(config_path='config', config_name='train_PEBBLE')
/home/sohams/anaconda3/envs/bpref-wofost/lib/python3.12/site-packages/hydra/_internal/defaults_list.py:251: UserWarning: In 'train_PEBBLE': Defaults list is missing `_self_`. See https://hydra.cc/docs/1.2/upgrades/1.0_to_1.1/default_composition_order for more information
  warnings.warn(msg, UserWarning)
/home/sohams/anaconda3/envs/bpref-wofost/lib/python3.12/site-packages/hydra/_internal/hydra.py:119: UserWarning: Future Hydra versions will no longer change working directory at job runtime by default.
See https://hydra.cc/docs/1.2/upgrades/1.1_to_1.2/changes_to_job_working_dir/ for more information.
  ret = run_job(
/home/sohams/anaconda3/envs/bpref-wofost/lib/python3.12/site-packages/pygame/pkgdata.py:25: UserWarning: pkg_resources is deprecated as an API. See https://setuptools.pypa.io/en/latest/pkg_resources.html. The pkg_resources package is slated for removal as early as 2025-11-30. Refrain from using this package or pin to Setuptools<81.
  from pkg_resources import resource_stream, resource_exists
workspace: /home/sohams/BPref/exp/wofost-lnpkw-v0/PEBBLE_maxfeed128_seg241_seed20
[WOFOSTEnv] Dropping unknown Agro_Args keys: ['site_end_date', 'site_name', 'site_start_date', 'site_variation']
[WOFOSTEnv] Dropping unsupported env kwargs: ['site_fpath']
[2026-03-23 21:52:35,228][pcse.nasapower.NASAPowerWeatherDataProvider][INFO] - Retrieving weather data from NASA Power for lat/lon: (50.000000, 5.000000).
[2026-03-23 21:52:35,299][pcse.agromanager.SoilCalendar][INFO] - Starting soil (oregon) with variation (oregon_1) on day 1985-02-01
[2026-03-23 21:52:35,301][pcse.agromanager.CropCalendar][INFO] - Starting crop (wheat) with variety (wheat_1) on day 1985-02-01
[2026-03-23 21:52:35,311][pcse.agromanager.SoilCalendar][INFO] - Starting soil (oregon) with variation (oregon_1) on day 1984-02-01
[2026-03-23 21:52:35,313][pcse.agromanager.CropCalendar][INFO] - Starting crop (wheat) with variety (wheat_1) on day 1984-02-01
/home/sohams/anaconda3/envs/bpref-wofost/lib/python3.12/site-packages/gymnasium/utils/passive_env_checker.py:135: UserWarning: [33mWARN: The obs returned by the `reset()` method was expecting numpy array dtype to be float32, actual type: float64[0m
  logger.warn(
/home/sohams/anaconda3/envs/bpref-wofost/lib/python3.12/site-packages/gymnasium/utils/passive_env_checker.py:159: UserWarning: [33mWARN: The obs returned by the `reset()` method is not within the observation space.[0m
  logger.warn(f"{pre} is not within the observation space.")
cfg.agent:
 agent:
  name: sac
  class: agent.sac.SACAgent
  params:
    obs_dim: 15
    action_dim: 1
    action_range:
    - -1.0
    - 1.0
    device: ${device}
    critic_cfg:
      class: agent.critic.DoubleQCritic
      params:
        obs_dim: ${agent.params.obs_dim}
        action_dim: ${agent.params.action_dim}
        hidden_dim: 1024
        hidden_depth: 2
    actor_cfg:
      class: agent.actor.DiagGaussianActor
      params:
        obs_dim: ${agent.params.obs_dim}
        action_dim: ${agent.params.action_dim}
        hidden_depth: 2
        hidden_dim: 1024
        log_std_bounds:
        - -5
        - 2
    discount: 0.99
    init_temperature: 0.1
    alpha_lr: 0.0001
    alpha_betas:
    - 0.9
    - 0.999
    actor_lr: 0.0001
    actor_betas:
    - 0.9
    - 0.999
    actor_update_frequency: 1
    critic_lr: 0.0001
    critic_betas:
    - 0.9
    - 0.999
    critic_tau: 0.005
    critic_target_update_frequency: 2
    batch_size: 1024
    learnable_temperature: true
    normalize_state_entropy: true
params:
  obs_dim: 15
  action_dim: 1
  action_range:
  - -1.0
  - 1.0

[INIT DBG] obs_dim=15 action_dim=1 max_episode_steps=365 segment=241 activation=linear
[EPISODE DBG] episode=0 step=0 pred_return=0.000000 true_return=0.000000 total_feedback=0 labeled_feedback=0
[2026-03-23 21:52:36,460][pcse.agromanager.SoilCalendar][INFO] - Starting soil (oregon) with variation (oregon_1) on day 1984-02-01
[2026-03-23 21:52:36,462][pcse.agromanager.CropCalendar][INFO] - Starting crop (wheat) with variety (wheat_1) on day 1984-02-01
/home/sohams/anaconda3/envs/bpref-wofost/lib/python3.12/site-packages/gymnasium/utils/passive_env_checker.py:135: UserWarning: [33mWARN: The obs returned by the `step()` method was expecting numpy array dtype to be float32, actual type: float64[0m
  logger.warn(
/home/sohams/anaconda3/envs/bpref-wofost/lib/python3.12/site-packages/gymnasium/utils/passive_env_checker.py:159: UserWarning: [33mWARN: The obs returned by the `step()` method is not within the observation space.[0m
  logger.warn(f"{pre} is not within the observation space.")
[STEP DBG] step=0 env_reward=0.000000 r_hat=-866.621277 done=False
[NORM DBG] count=0 mean_abs_mean=0.000000 mean_std=1.000000 min_std=1.000000 max_std=1.000000
[2026-03-23 21:52:36,762][pcse.crop.phenology.Annual_Phenology][INFO] - Changed phenological stage 'emerging' to 'vegetative' on 1984-04-10
[2026-03-23 21:52:36,888][pcse.crop.phenology.Vernalisation][INFO] - Critical DVS for vernalization (VERNDVS) reached at day 1984-06-02, but vernalization requirements not yet fulfilled. Forcing vernalization now (VERN=47.688571).
[2026-03-23 21:52:36,890][pcse.crop.phenology.Vernalisation][INFO] - Critical DVS for vernalization (VERNDVS) reached at day 1984-06-03, but vernalization requirements not yet fulfilled. Forcing vernalization now (VERN=47.688571).
[2026-03-23 21:52:36,893][pcse.crop.phenology.Vernalisation][INFO] - Critical DVS for vernalization (VERNDVS) reached at day 1984-06-04, but vernalization requirements not yet fulfilled. Forcing vernalization now (VERN=47.688571).
[2026-03-23 21:52:36,895][pcse.crop.phenology.Vernalisation][INFO] - Critical DVS for vernalization (VERNDVS) reached at day 1984-06-05, but vernalization requirements not yet fulfilled. Forcing vernalization now (VERN=47.688571).
[2026-03-23 21:52:36,898][pcse.crop.phenology.Vernalisation][INFO] - Critical DVS for vernalization (VERNDVS) reached at day 1984-06-06, but vernalization requirements not yet fulfilled. Forcing vernalization now (VERN=47.688571).
[2026-03-23 21:52:36,900][pcse.crop.phenology.Vernalisation][INFO] - Critical DVS for vernalization (VERNDVS) reached at day 1984-06-07, but vernalization requirements not yet fulfilled. Forcing vernalization now (VERN=47.688571).
[2026-03-23 21:52:36,903][pcse.crop.phenology.Vernalisation][INFO] - Critical DVS for vernalization (VERNDVS) reached at day 1984-06-08, but vernalization requirements not yet fulfilled. Forcing vernalization now (VERN=47.688571).
[2026-03-23 21:52:36,905][pcse.crop.phenology.Vernalisation][INFO] - Critical DVS for vernalization (VERNDVS) reached at day 1984-06-09, but vernalization requirements not yet fulfilled. Forcing vernalization now (VERN=47.688571).
[2026-03-23 21:52:36,908][pcse.crop.phenology.Vernalisation][INFO] - Critical DVS for vernalization (VERNDVS) reached at day 1984-06-10, but vernalization requirements not yet fulfilled. Forcing vernalization now (VERN=47.688571).
[2026-03-23 21:52:36,911][pcse.crop.phenology.Vernalisation][INFO] - Critical DVS for vernalization (VERNDVS) reached at day 1984-06-11, but vernalization requirements not yet fulfilled. Forcing vernalization now (VERN=47.688571).
[2026-03-23 21:52:36,913][pcse.crop.phenology.Vernalisation][INFO] - Critical DVS for vernalization (VERNDVS) reached at day 1984-06-12, but vernalization requirements not yet fulfilled. Forcing vernalization now (VERN=47.688571).
[2026-03-23 21:52:36,916][pcse.crop.phenology.Vernalisation][INFO] - Critical DVS for vernalization (VERNDVS) reached at day 1984-06-13, but vernalization requirements not yet fulfilled. Forcing vernalization now (VERN=47.688571).
[2026-03-23 21:52:36,918][pcse.crop.phenology.Vernalisation][INFO] - Critical DVS for vernalization (VERNDVS) reached at day 1984-06-14, but vernalization requirements not yet fulfilled. Forcing vernalization now (VERN=47.688571).
[2026-03-23 21:52:36,921][pcse.crop.phenology.Vernalisation][INFO] - Critical DVS for vernalization (VERNDVS) reached at day 1984-06-15, but vernalization requirements not yet fulfilled. Forcing vernalization now (VERN=47.688571).
[2026-03-23 21:52:36,923][pcse.crop.phenology.Vernalisation][INFO] - Critical DVS for vernalization (VERNDVS) reached at day 1984-06-16, but vernalization requirements not yet fulfilled. Forcing vernalization now (VERN=47.688571).
[2026-03-23 21:52:36,926][pcse.crop.phenology.Vernalisation][INFO] - Critical DVS for vernalization (VERNDVS) reached at day 1984-06-17, but vernalization requirements not yet fulfilled. Forcing vernalization now (VERN=47.688571).
[2026-03-23 21:52:36,928][pcse.crop.phenology.Vernalisation][INFO] - Critical DVS for vernalization (VERNDVS) reached at day 1984-06-18, but vernalization requirements not yet fulfilled. Forcing vernalization now (VERN=47.688571).
[2026-03-23 21:52:36,931][pcse.crop.phenology.Vernalisation][INFO] - Critical DVS for vernalization (VERNDVS) reached at day 1984-06-19, but vernalization requirements not yet fulfilled. Forcing vernalization now (VERN=47.688571).
[2026-03-23 21:52:36,934][pcse.crop.phenology.Vernalisation][INFO] - Critical DVS for vernalization (VERNDVS) reached at day 1984-06-20, but vernalization requirements not yet fulfilled. Forcing vernalization now (VERN=47.688571).
[2026-03-23 21:52:36,937][pcse.crop.phenology.Vernalisation][INFO] - Critical DVS for vernalization (VERNDVS) reached at day 1984-06-21, but vernalization requirements not yet fulfilled. Forcing vernalization now (VERN=47.688571).
[2026-03-23 21:52:36,939][pcse.crop.phenology.Vernalisation][INFO] - Critical DVS for vernalization (VERNDVS) reached at day 1984-06-22, but vernalization requirements not yet fulfilled. Forcing vernalization now (VERN=47.688571).
[2026-03-23 21:52:36,942][pcse.crop.phenology.Vernalisation][INFO] - Critical DVS for vernalization (VERNDVS) reached at day 1984-06-23, but vernalization requirements not yet fulfilled. Forcing vernalization now (VERN=47.688571).
[2026-03-23 21:52:36,944][pcse.crop.phenology.Vernalisation][INFO] - Critical DVS for vernalization (VERNDVS) reached at day 1984-06-24, but vernalization requirements not yet fulfilled. Forcing vernalization now (VERN=47.688571).
[2026-03-23 21:52:36,947][pcse.crop.phenology.Vernalisation][INFO] - Critical DVS for vernalization (VERNDVS) reached at day 1984-06-25, but vernalization requirements not yet fulfilled. Forcing vernalization now (VERN=47.688571).
[2026-03-23 21:52:36,950][pcse.crop.phenology.Vernalisation][INFO] - Critical DVS for vernalization (VERNDVS) reached at day 1984-06-26, but vernalization requirements not yet fulfilled. Forcing vernalization now (VERN=47.688571).
[2026-03-23 21:52:36,952][pcse.crop.phenology.Vernalisation][INFO] - Critical DVS for vernalization (VERNDVS) reached at day 1984-06-27, but vernalization requirements not yet fulfilled. Forcing vernalization now (VERN=47.688571).
[2026-03-23 21:52:36,955][pcse.crop.phenology.Vernalisation][INFO] - Critical DVS for vernalization (VERNDVS) reached at day 1984-06-28, but vernalization requirements not yet fulfilled. Forcing vernalization now (VERN=47.688571).
[2026-03-23 21:52:36,957][pcse.crop.phenology.Vernalisation][INFO] - Critical DVS for vernalization (VERNDVS) reached at day 1984-06-29, but vernalization requirements not yet fulfilled. Forcing vernalization now (VERN=47.688571).
[2026-03-23 21:52:36,958][pcse.crop.phenology.Annual_Phenology][INFO] - Changed phenological stage 'vegetative' to 'reproductive' on 1984-06-29
[2026-03-23 21:52:37,140][pcse.crop.phenology.Annual_Phenology][INFO] - Changed phenological stage 'reproductive' to 'mature' on 1984-09-13
[2026-03-23 21:52:37,181][pcse.base.timer.Timer][INFO] - Reached end of simulation period as specified by END_DATE.
[EPISODE DBG] episode=1 step=241 pred_return=-1676.335613 true_return=623792.032406 total_feedback=0 labeled_feedback=0
[2026-03-23 21:52:37,186][pcse.agromanager.SoilCalendar][INFO] - Starting soil (oregon) with variation (oregon_1) on day 1984-02-01
[2026-03-23 21:52:37,188][pcse.agromanager.CropCalendar][INFO] - Starting crop (wheat) with variety (wheat_1) on day 1984-02-01
[2026-03-23 21:52:37,429][pcse.crop.phenology.Annual_Phenology][INFO] - Changed phenological stage 'emerging' to 'vegetative' on 1984-04-10
[2026-03-23 21:52:37,553][pcse.crop.phenology.Vernalisation][INFO] - Critical DVS for vernalization (VERNDVS) reached at day 1984-06-02, but vernalization requirements not yet fulfilled. Forcing vernalization now (VERN=47.688571).
[2026-03-23 21:52:37,555][pcse.crop.phenology.Vernalisation][INFO] - Critical DVS for vernalization (VERNDVS) reached at day 1984-06-03, but vernalization requirements not yet fulfilled. Forcing vernalization now (VERN=47.688571).
[2026-03-23 21:52:37,558][pcse.crop.phenology.Vernalisation][INFO] - Critical DVS for vernalization (VERNDVS) reached at day 1984-06-04, but vernalization requirements not yet fulfilled. Forcing vernalization now (VERN=47.688571).
[2026-03-23 21:52:37,561][pcse.crop.phenology.Vernalisation][INFO] - Critical DVS for vernalization (VERNDVS) reached at day 1984-06-05, but vernalization requirements not yet fulfilled. Forcing vernalization now (VERN=47.688571).
[2026-03-23 21:52:37,564][pcse.crop.phenology.Vernalisation][INFO] - Critical DVS for vernalization (VERNDVS) reached at day 1984-06-06, but vernalization requirements not yet fulfilled. Forcing vernalization now (VERN=47.688571).
[2026-03-23 21:52:37,566][pcse.crop.phenology.Vernalisation][INFO] - Critical DVS for vernalization (VERNDVS) reached at day 1984-06-07, but vernalization requirements not yet fulfilled. Forcing vernalization now (VERN=47.688571).
[2026-03-23 21:52:37,569][pcse.crop.phenology.Vernalisation][INFO] - Critical DVS for vernalization (VERNDVS) reached at day 1984-06-08, but vernalization requirements not yet fulfilled. Forcing vernalization now (VERN=47.688571).
[2026-03-23 21:52:37,571][pcse.crop.phenology.Vernalisation][INFO] - Critical DVS for vernalization (VERNDVS) reached at day 1984-06-09, but vernalization requirements not yet fulfilled. Forcing vernalization now (VERN=47.688571).
[2026-03-23 21:52:37,574][pcse.crop.phenology.Vernalisation][INFO] - Critical DVS for vernalization (VERNDVS) reached at day 1984-06-10, but vernalization requirements not yet fulfilled. Forcing vernalization now (VERN=47.688571).
[2026-03-23 21:52:37,576][pcse.crop.phenology.Vernalisation][INFO] - Critical DVS for vernalization (VERNDVS) reached at day 1984-06-11, but vernalization requirements not yet fulfilled. Forcing vernalization now (VERN=47.688571).
[2026-03-23 21:52:37,579][pcse.crop.phenology.Vernalisation][INFO] - Critical DVS for vernalization (VERNDVS) reached at day 1984-06-12, but vernalization requirements not yet fulfilled. Forcing vernalization now (VERN=47.688571).
[2026-03-23 21:52:37,581][pcse.crop.phenology.Vernalisation][INFO] - Critical DVS for vernalization (VERNDVS) reached at day 1984-06-13, but vernalization requirements not yet fulfilled. Forcing vernalization now (VERN=47.688571).
[2026-03-23 21:52:37,584][pcse.crop.phenology.Vernalisation][INFO] - Critical DVS for vernalization (VERNDVS) reached at day 1984-06-14, but vernalization requirements not yet fulfilled. Forcing vernalization now (VERN=47.688571).
[2026-03-23 21:52:37,587][pcse.crop.phenology.Vernalisation][INFO] - Critical DVS for vernalization (VERNDVS) reached at day 1984-06-15, but vernalization requirements not yet fulfilled. Forcing vernalization now (VERN=47.688571).
[2026-03-23 21:52:37,590][pcse.crop.phenology.Vernalisation][INFO] - Critical DVS for vernalization (VERNDVS) reached at day 1984-06-16, but vernalization requirements not yet fulfilled. Forcing vernalization now (VERN=47.688571).
[2026-03-23 21:52:37,592][pcse.crop.phenology.Vernalisation][INFO] - Critical DVS for vernalization (VERNDVS) reached at day 1984-06-17, but vernalization requirements not yet fulfilled. Forcing vernalization now (VERN=47.688571).
[2026-03-23 21:52:37,595][pcse.crop.phenology.Vernalisation][INFO] - Critical DVS for vernalization (VERNDVS) reached at day 1984-06-18, but vernalization requirements not yet fulfilled. Forcing vernalization now (VERN=47.688571).
[2026-03-23 21:52:37,597][pcse.crop.phenology.Vernalisation][INFO] - Critical DVS for vernalization (VERNDVS) reached at day 1984-06-19, but vernalization requirements not yet fulfilled. Forcing vernalization now (VERN=47.688571).
[2026-03-23 21:52:37,600][pcse.crop.phenology.Vernalisation][INFO] - Critical DVS for vernalization (VERNDVS) reached at day 1984-06-20, but vernalization requirements not yet fulfilled. Forcing vernalization now (VERN=47.688571).
[2026-03-23 21:52:37,603][pcse.crop.phenology.Vernalisation][INFO] - Critical DVS for vernalization (VERNDVS) reached at day 1984-06-21, but vernalization requirements not yet fulfilled. Forcing vernalization now (VERN=47.688571).
[2026-03-23 21:52:37,605][pcse.crop.phenology.Vernalisation][INFO] - Critical DVS for vernalization (VERNDVS) reached at day 1984-06-22, but vernalization requirements not yet fulfilled. Forcing vernalization now (VERN=47.688571).
[2026-03-23 21:52:37,608][pcse.crop.phenology.Vernalisation][INFO] - Critical DVS for vernalization (VERNDVS) reached at day 1984-06-23, but vernalization requirements not yet fulfilled. Forcing vernalization now (VERN=47.688571).
[2026-03-23 21:52:37,610][pcse.crop.phenology.Vernalisation][INFO] - Critical DVS for vernalization (VERNDVS) reached at day 1984-06-24, but vernalization requirements not yet fulfilled. Forcing vernalization now (VERN=47.688571).
[2026-03-23 21:52:37,613][pcse.crop.phenology.Vernalisation][INFO] - Critical DVS for vernalization (VERNDVS) reached at day 1984-06-25, but vernalization requirements not yet fulfilled. Forcing vernalization now (VERN=47.688571).
[2026-03-23 21:52:37,615][pcse.crop.phenology.Vernalisation][INFO] - Critical DVS for vernalization (VERNDVS) reached at day 1984-06-26, but vernalization requirements not yet fulfilled. Forcing vernalization now (VERN=47.688571).
[2026-03-23 21:52:37,618][pcse.crop.phenology.Vernalisation][INFO] - Critical DVS for vernalization (VERNDVS) reached at day 1984-06-27, but vernalization requirements not yet fulfilled. Forcing vernalization now (VERN=47.688571).
[2026-03-23 21:52:37,620][pcse.crop.phenology.Vernalisation][INFO] - Critical DVS for vernalization (VERNDVS) reached at day 1984-06-28, but vernalization requirements not yet fulfilled. Forcing vernalization now (VERN=47.688571).
[2026-03-23 21:52:37,623][pcse.crop.phenology.Vernalisation][INFO] - Critical DVS for vernalization (VERNDVS) reached at day 1984-06-29, but vernalization requirements not yet fulfilled. Forcing vernalization now (VERN=47.688571).
[2026-03-23 21:52:37,623][pcse.crop.phenology.Annual_Phenology][INFO] - Changed phenological stage 'vegetative' to 'reproductive' on 1984-06-29
[2026-03-23 21:52:37,804][pcse.crop.phenology.Annual_Phenology][INFO] - Changed phenological stage 'reproductive' to 'mature' on 1984-09-13
[2026-03-23 21:52:37,845][pcse.base.timer.Timer][INFO] - Reached end of simulation period as specified by END_DATE.
[EPISODE DBG] episode=2 step=482 pred_return=3.344717 true_return=541866.764876 total_feedback=0 labeled_feedback=0
[2026-03-23 21:52:37,850][pcse.agromanager.SoilCalendar][INFO] - Starting soil (oregon) with variation (oregon_1) on day 1984-02-01
[2026-03-23 21:52:37,852][pcse.agromanager.CropCalendar][INFO] - Starting crop (wheat) with variety (wheat_1) on day 1984-02-01
[STEP DBG] step=500 env_reward=0.000000 r_hat=-0.002357 done=False
[NORM DBG] count=500 mean_abs_mean=62689.593750 mean_std=238.000809 min_std=0.001000 max_std=3378.509766
[2026-03-23 21:52:38,092][pcse.crop.phenology.Annual_Phenology][INFO] - Changed phenological stage 'emerging' to 'vegetative' on 1984-04-10
[2026-03-23 21:52:38,216][pcse.crop.phenology.Vernalisation][INFO] - Critical DVS for vernalization (VERNDVS) reached at day 1984-06-02, but vernalization requirements not yet fulfilled. Forcing vernalization now (VERN=47.688571).
[2026-03-23 21:52:38,218][pcse.crop.phenology.Vernalisation][INFO] - Critical DVS for vernalization (VERNDVS) reached at day 1984-06-03, but vernalization requirements not yet fulfilled. Forcing vernalization now (VERN=47.688571).
[2026-03-23 21:52:38,221][pcse.crop.phenology.Vernalisation][INFO] - Critical DVS for vernalization (VERNDVS) reached at day 1984-06-04, but vernalization requirements not yet fulfilled. Forcing vernalization now (VERN=47.688571).
[2026-03-23 21:52:38,224][pcse.crop.phenology.Vernalisation][INFO] - Critical DVS for vernalization (VERNDVS) reached at day 1984-06-05, but vernalization requirements not yet fulfilled. Forcing vernalization now (VERN=47.688571).
[2026-03-23 21:52:38,226][pcse.crop.phenology.Vernalisation][INFO] - Critical DVS for vernalization (VERNDVS) reached at day 1984-06-06, but vernalization requirements not yet fulfilled. Forcing vernalization now (VERN=47.688571).
[2026-03-23 21:52:38,229][pcse.crop.phenology.Vernalisation][INFO] - Critical DVS for vernalization (VERNDVS) reached at day 1984-06-07, but vernalization requirements not yet fulfilled. Forcing vernalization now (VERN=47.688571).
[2026-03-23 21:52:38,231][pcse.crop.phenology.Vernalisation][INFO] - Critical DVS for vernalization (VERNDVS) reached at day 1984-06-08, but vernalization requirements not yet fulfilled. Forcing vernalization now (VERN=47.688571).
[2026-03-23 21:52:38,234][pcse.crop.phenology.Vernalisation][INFO] - Critical DVS for vernalization (VERNDVS) reached at day 1984-06-09, but vernalization requirements not yet fulfilled. Forcing vernalization now (VERN=47.688571).
[2026-03-23 21:52:38,236][pcse.crop.phenology.Vernalisation][INFO] - Critical DVS for vernalization (VERNDVS) reached at day 1984-06-10, but vernalization requirements not yet fulfilled. Forcing vernalization now (VERN=47.688571).
[2026-03-23 21:52:38,239][pcse.crop.phenology.Vernalisation][INFO] - Critical DVS for vernalization (VERNDVS) reached at day 1984-06-11, but vernalization requirements not yet fulfilled. Forcing vernalization now (VERN=47.688571).
[2026-03-23 21:52:38,241][pcse.crop.phenology.Vernalisation][INFO] - Critical DVS for vernalization (VERNDVS) reached at day 1984-06-12, but vernalization requirements not yet fulfilled. Forcing vernalization now (VERN=47.688571).
[2026-03-23 21:52:38,244][pcse.crop.phenology.Vernalisation][INFO] - Critical DVS for vernalization (VERNDVS) reached at day 1984-06-13, but vernalization requirements not yet fulfilled. Forcing vernalization now (VERN=47.688571).
[2026-03-23 21:52:38,246][pcse.crop.phenology.Vernalisation][INFO] - Critical DVS for vernalization (VERNDVS) reached at day 1984-06-14, but vernalization requirements not yet fulfilled. Forcing vernalization now (VERN=47.688571).
[2026-03-23 21:52:38,249][pcse.crop.phenology.Vernalisation][INFO] - Critical DVS for vernalization (VERNDVS) reached at day 1984-06-15, but vernalization requirements not yet fulfilled. Forcing vernalization now (VERN=47.688571).
[2026-03-23 21:52:38,251][pcse.crop.phenology.Vernalisation][INFO] - Critical DVS for vernalization (VERNDVS) reached at day 1984-06-16, but vernalization requirements not yet fulfilled. Forcing vernalization now (VERN=47.688571).
[2026-03-23 21:52:38,254][pcse.crop.phenology.Vernalisation][INFO] - Critical DVS for vernalization (VERNDVS) reached at day 1984-06-17, but vernalization requirements not yet fulfilled. Forcing vernalization now (VERN=47.688571).
[2026-03-23 21:52:38,256][pcse.crop.phenology.Vernalisation][INFO] - Critical DVS for vernalization (VERNDVS) reached at day 1984-06-18, but vernalization requirements not yet fulfilled. Forcing vernalization now (VERN=47.688571).
[2026-03-23 21:52:38,259][pcse.crop.phenology.Vernalisation][INFO] - Critical DVS for vernalization (VERNDVS) reached at day 1984-06-19, but vernalization requirements not yet fulfilled. Forcing vernalization now (VERN=47.688571).
[2026-03-23 21:52:38,262][pcse.crop.phenology.Vernalisation][INFO] - Critical DVS for vernalization (VERNDVS) reached at day 1984-06-20, but vernalization requirements not yet fulfilled. Forcing vernalization now (VERN=47.688571).
[2026-03-23 21:52:38,264][pcse.crop.phenology.Vernalisation][INFO] - Critical DVS for vernalization (VERNDVS) reached at day 1984-06-21, but vernalization requirements not yet fulfilled. Forcing vernalization now (VERN=47.688571).
[2026-03-23 21:52:38,267][pcse.crop.phenology.Vernalisation][INFO] - Critical DVS for vernalization (VERNDVS) reached at day 1984-06-22, but vernalization requirements not yet fulfilled. Forcing vernalization now (VERN=47.688571).
[2026-03-23 21:52:38,270][pcse.crop.phenology.Vernalisation][INFO] - Critical DVS for vernalization (VERNDVS) reached at day 1984-06-23, but vernalization requirements not yet fulfilled. Forcing vernalization now (VERN=47.688571).
[2026-03-23 21:52:38,272][pcse.crop.phenology.Vernalisation][INFO] - Critical DVS for vernalization (VERNDVS) reached at day 1984-06-24, but vernalization requirements not yet fulfilled. Forcing vernalization now (VERN=47.688571).
[2026-03-23 21:52:38,275][pcse.crop.phenology.Vernalisation][INFO] - Critical DVS for vernalization (VERNDVS) reached at day 1984-06-25, but vernalization requirements not yet fulfilled. Forcing vernalization now (VERN=47.688571).
[2026-03-23 21:52:38,278][pcse.crop.phenology.Vernalisation][INFO] - Critical DVS for vernalization (VERNDVS) reached at day 1984-06-26, but vernalization requirements not yet fulfilled. Forcing vernalization now (VERN=47.688571).
[2026-03-23 21:52:38,280][pcse.crop.phenology.Vernalisation][INFO] - Critical DVS for vernalization (VERNDVS) reached at day 1984-06-27, but vernalization requirements not yet fulfilled. Forcing vernalization now (VERN=47.688571).
[2026-03-23 21:52:38,283][pcse.crop.phenology.Vernalisation][INFO] - Critical DVS for vernalization (VERNDVS) reached at day 1984-06-28, but vernalization requirements not yet fulfilled. Forcing vernalization now (VERN=47.688571).
[2026-03-23 21:52:38,285][pcse.crop.phenology.Vernalisation][INFO] - Critical DVS for vernalization (VERNDVS) reached at day 1984-06-29, but vernalization requirements not yet fulfilled. Forcing vernalization now (VERN=47.688571).
[2026-03-23 21:52:38,285][pcse.crop.phenology.Annual_Phenology][INFO] - Changed phenological stage 'vegetative' to 'reproductive' on 1984-06-29
[2026-03-23 21:52:38,466][pcse.crop.phenology.Annual_Phenology][INFO] - Changed phenological stage 'reproductive' to 'mature' on 1984-09-13
[2026-03-23 21:52:38,511][pcse.base.timer.Timer][INFO] - Reached end of simulation period as specified by END_DATE.
[EPISODE DBG] episode=3 step=723 pred_return=3.369219 true_return=567585.168279 total_feedback=0 labeled_feedback=0
[2026-03-23 21:52:38,516][pcse.agromanager.SoilCalendar][INFO] - Starting soil (oregon) with variation (oregon_1) on day 1984-02-01
[2026-03-23 21:52:38,518][pcse.agromanager.CropCalendar][INFO] - Starting crop (wheat) with variety (wheat_1) on day 1984-02-01
[2026-03-23 21:52:38,764][pcse.crop.phenology.Annual_Phenology][INFO] - Changed phenological stage 'emerging' to 'vegetative' on 1984-04-10
[2026-03-23 21:52:38,888][pcse.crop.phenology.Vernalisation][INFO] - Critical DVS for vernalization (VERNDVS) reached at day 1984-06-02, but vernalization requirements not yet fulfilled. Forcing vernalization now (VERN=47.688571).
[2026-03-23 21:52:38,890][pcse.crop.phenology.Vernalisation][INFO] - Critical DVS for vernalization (VERNDVS) reached at day 1984-06-03, but vernalization requirements not yet fulfilled. Forcing vernalization now (VERN=47.688571).
[2026-03-23 21:52:38,893][pcse.crop.phenology.Vernalisation][INFO] - Critical DVS for vernalization (VERNDVS) reached at day 1984-06-04, but vernalization requirements not yet fulfilled. Forcing vernalization now (VERN=47.688571).
[2026-03-23 21:52:38,895][pcse.crop.phenology.Vernalisation][INFO] - Critical DVS for vernalization (VERNDVS) reached at day 1984-06-05, but vernalization requirements not yet fulfilled. Forcing vernalization now (VERN=47.688571).
[2026-03-23 21:52:38,898][pcse.crop.phenology.Vernalisation][INFO] - Critical DVS for vernalization (VERNDVS) reached at day 1984-06-06, but vernalization requirements not yet fulfilled. Forcing vernalization now (VERN=47.688571).
[2026-03-23 21:52:38,901][pcse.crop.phenology.Vernalisation][INFO] - Critical DVS for vernalization (VERNDVS) reached at day 1984-06-07, but vernalization requirements not yet fulfilled. Forcing vernalization now (VERN=47.688571).
[2026-03-23 21:52:38,903][pcse.crop.phenology.Vernalisation][INFO] - Critical DVS for vernalization (VERNDVS) reached at day 1984-06-08, but vernalization requirements not yet fulfilled. Forcing vernalization now (VERN=47.688571).
[2026-03-23 21:52:38,906][pcse.crop.phenology.Vernalisation][INFO] - Critical DVS for vernalization (VERNDVS) reached at day 1984-06-09, but vernalization requirements not yet fulfilled. Forcing vernalization now (VERN=47.688571).
[2026-03-23 21:52:38,908][pcse.crop.phenology.Vernalisation][INFO] - Critical DVS for vernalization (VERNDVS) reached at day 1984-06-10, but vernalization requirements not yet fulfilled. Forcing vernalization now (VERN=47.688571).
[2026-03-23 21:52:38,911][pcse.crop.phenology.Vernalisation][INFO] - Critical DVS for vernalization (VERNDVS) reached at day 1984-06-11, but vernalization requirements not yet fulfilled. Forcing vernalization now (VERN=47.688571).
[2026-03-23 21:52:38,913][pcse.crop.phenology.Vernalisation][INFO] - Critical DVS for vernalization (VERNDVS) reached at day 1984-06-12, but vernalization requirements not yet fulfilled. Forcing vernalization now (VERN=47.688571).
[2026-03-23 21:52:38,916][pcse.crop.phenology.Vernalisation][INFO] - Critical DVS for vernalization (VERNDVS) reached at day 1984-06-13, but vernalization requirements not yet fulfilled. Forcing vernalization now (VERN=47.688571).
[2026-03-23 21:52:38,918][pcse.crop.phenology.Vernalisation][INFO] - Critical DVS for vernalization (VERNDVS) reached at day 1984-06-14, but vernalization requirements not yet fulfilled. Forcing vernalization now (VERN=47.688571).
[2026-03-23 21:52:38,921][pcse.crop.phenology.Vernalisation][INFO] - Critical DVS for vernalization (VERNDVS) reached at day 1984-06-15, but vernalization requirements not yet fulfilled. Forcing vernalization now (VERN=47.688571).
[2026-03-23 21:52:38,923][pcse.crop.phenology.Vernalisation][INFO] - Critical DVS for vernalization (VERNDVS) reached at day 1984-06-16, but vernalization requirements not yet fulfilled. Forcing vernalization now (VERN=47.688571).
[2026-03-23 21:52:38,926][pcse.crop.phenology.Vernalisation][INFO] - Critical DVS for vernalization (VERNDVS) reached at day 1984-06-17, but vernalization requirements not yet fulfilled. Forcing vernalization now (VERN=47.688571).
[2026-03-23 21:52:38,928][pcse.crop.phenology.Vernalisation][INFO] - Critical DVS for vernalization (VERNDVS) reached at day 1984-06-18, but vernalization requirements not yet fulfilled. Forcing vernalization now (VERN=47.688571).
[2026-03-23 21:52:38,931][pcse.crop.phenology.Vernalisation][INFO] - Critical DVS for vernalization (VERNDVS) reached at day 1984-06-19, but vernalization requirements not yet fulfilled. Forcing vernalization now (VERN=47.688571).
[2026-03-23 21:52:38,934][pcse.crop.phenology.Vernalisation][INFO] - Critical DVS for vernalization (VERNDVS) reached at day 1984-06-20, but vernalization requirements not yet fulfilled. Forcing vernalization now (VERN=47.688571).
[2026-03-23 21:52:38,936][pcse.crop.phenology.Vernalisation][INFO] - Critical DVS for vernalization (VERNDVS) reached at day 1984-06-21, but vernalization requirements not yet fulfilled. Forcing vernalization now (VERN=47.688571).
[2026-03-23 21:52:38,939][pcse.crop.phenology.Vernalisation][INFO] - Critical DVS for vernalization (VERNDVS) reached at day 1984-06-22, but vernalization requirements not yet fulfilled. Forcing vernalization now (VERN=47.688571).
[2026-03-23 21:52:38,942][pcse.crop.phenology.Vernalisation][INFO] - Critical DVS for vernalization (VERNDVS) reached at day 1984-06-23, but vernalization requirements not yet fulfilled. Forcing vernalization now (VERN=47.688571).
[2026-03-23 21:52:38,944][pcse.crop.phenology.Vernalisation][INFO] - Critical DVS for vernalization (VERNDVS) reached at day 1984-06-24, but vernalization requirements not yet fulfilled. Forcing vernalization now (VERN=47.688571).
[2026-03-23 21:52:38,947][pcse.crop.phenology.Vernalisation][INFO] - Critical DVS for vernalization (VERNDVS) reached at day 1984-06-25, but vernalization requirements not yet fulfilled. Forcing vernalization now (VERN=47.688571).
[2026-03-23 21:52:38,949][pcse.crop.phenology.Vernalisation][INFO] - Critical DVS for vernalization (VERNDVS) reached at day 1984-06-26, but vernalization requirements not yet fulfilled. Forcing vernalization now (VERN=47.688571).
[2026-03-23 21:52:38,952][pcse.crop.phenology.Vernalisation][INFO] - Critical DVS for vernalization (VERNDVS) reached at day 1984-06-27, but vernalization requirements not yet fulfilled. Forcing vernalization now (VERN=47.688571).
[2026-03-23 21:52:38,955][pcse.crop.phenology.Vernalisation][INFO] - Critical DVS for vernalization (VERNDVS) reached at day 1984-06-28, but vernalization requirements not yet fulfilled. Forcing vernalization now (VERN=47.688571).
[2026-03-23 21:52:38,957][pcse.crop.phenology.Vernalisation][INFO] - Critical DVS for vernalization (VERNDVS) reached at day 1984-06-29, but vernalization requirements not yet fulfilled. Forcing vernalization now (VERN=47.688571).
[2026-03-23 21:52:38,958][pcse.crop.phenology.Annual_Phenology][INFO] - Changed phenological stage 'vegetative' to 'reproductive' on 1984-06-29
[2026-03-23 21:52:39,138][pcse.crop.phenology.Annual_Phenology][INFO] - Changed phenological stage 'reproductive' to 'mature' on 1984-09-13
[2026-03-23 21:52:39,178][pcse.base.timer.Timer][INFO] - Reached end of simulation period as specified by END_DATE.
[EPISODE DBG] episode=4 step=964 pred_return=2.882036 true_return=487092.942087 total_feedback=0 labeled_feedback=0
[2026-03-23 21:52:39,183][pcse.agromanager.SoilCalendar][INFO] - Starting soil (oregon) with variation (oregon_1) on day 1984-02-01
[2026-03-23 21:52:39,184][pcse.agromanager.CropCalendar][INFO] - Starting crop (wheat) with variety (wheat_1) on day 1984-02-01
[STEP DBG] step=1000 env_reward=0.000000 r_hat=-0.008536 done=False
[NORM DBG] count=1000 mean_abs_mean=62681.742188 mean_std=227.140244 min_std=0.001000 max_std=3215.889893
[2026-03-23 21:52:39,424][pcse.crop.phenology.Annual_Phenology][INFO] - Changed phenological stage 'emerging' to 'vegetative' on 1984-04-10
[2026-03-23 21:52:39,548][pcse.crop.phenology.Vernalisation][INFO] - Critical DVS for vernalization (VERNDVS) reached at day 1984-06-02, but vernalization requirements not yet fulfilled. Forcing vernalization now (VERN=47.688571).
[2026-03-23 21:52:39,550][pcse.crop.phenology.Vernalisation][INFO] - Critical DVS for vernalization (VERNDVS) reached at day 1984-06-03, but vernalization requirements not yet fulfilled. Forcing vernalization now (VERN=47.688571).
[2026-03-23 21:52:39,553][pcse.crop.phenology.Vernalisation][INFO] - Critical DVS for vernalization (VERNDVS) reached at day 1984-06-04, but vernalization requirements not yet fulfilled. Forcing vernalization now (VERN=47.688571).
[2026-03-23 21:52:39,556][pcse.crop.phenology.Vernalisation][INFO] - Critical DVS for vernalization (VERNDVS) reached at day 1984-06-05, but vernalization requirements not yet fulfilled. Forcing vernalization now (VERN=47.688571).
[2026-03-23 21:52:39,558][pcse.crop.phenology.Vernalisation][INFO] - Critical DVS for vernalization (VERNDVS) reached at day 1984-06-06, but vernalization requirements not yet fulfilled. Forcing vernalization now (VERN=47.688571).
[2026-03-23 21:52:39,561][pcse.crop.phenology.Vernalisation][INFO] - Critical DVS for vernalization (VERNDVS) reached at day 1984-06-07, but vernalization requirements not yet fulfilled. Forcing vernalization now (VERN=47.688571).
[2026-03-23 21:52:39,564][pcse.crop.phenology.Vernalisation][INFO] - Critical DVS for vernalization (VERNDVS) reached at day 1984-06-08, but vernalization requirements not yet fulfilled. Forcing vernalization now (VERN=47.688571).
[2026-03-23 21:52:39,566][pcse.crop.phenology.Vernalisation][INFO] - Critical DVS for vernalization (VERNDVS) reached at day 1984-06-09, but vernalization requirements not yet fulfilled. Forcing vernalization now (VERN=47.688571).
[2026-03-23 21:52:39,569][pcse.crop.phenology.Vernalisation][INFO] - Critical DVS for vernalization (VERNDVS) reached at day 1984-06-10, but vernalization requirements not yet fulfilled. Forcing vernalization now (VERN=47.688571).
[2026-03-23 21:52:39,572][pcse.crop.phenology.Vernalisation][INFO] - Critical DVS for vernalization (VERNDVS) reached at day 1984-06-11, but vernalization requirements not yet fulfilled. Forcing vernalization now (VERN=47.688571).
[2026-03-23 21:52:39,574][pcse.crop.phenology.Vernalisation][INFO] - Critical DVS for vernalization (VERNDVS) reached at day 1984-06-12, but vernalization requirements not yet fulfilled. Forcing vernalization now (VERN=47.688571).
[2026-03-23 21:52:39,577][pcse.crop.phenology.Vernalisation][INFO] - Critical DVS for vernalization (VERNDVS) reached at day 1984-06-13, but vernalization requirements not yet fulfilled. Forcing vernalization now (VERN=47.688571).
[2026-03-23 21:52:39,579][pcse.crop.phenology.Vernalisation][INFO] - Critical DVS for vernalization (VERNDVS) reached at day 1984-06-14, but vernalization requirements not yet fulfilled. Forcing vernalization now (VERN=47.688571).
[2026-03-23 21:52:39,582][pcse.crop.phenology.Vernalisation][INFO] - Critical DVS for vernalization (VERNDVS) reached at day 1984-06-15, but vernalization requirements not yet fulfilled. Forcing vernalization now (VERN=47.688571).
[2026-03-23 21:52:39,584][pcse.crop.phenology.Vernalisation][INFO] - Critical DVS for vernalization (VERNDVS) reached at day 1984-06-16, but vernalization requirements not yet fulfilled. Forcing vernalization now (VERN=47.688571).
[2026-03-23 21:52:39,587][pcse.crop.phenology.Vernalisation][INFO] - Critical DVS for vernalization (VERNDVS) reached at day 1984-06-17, but vernalization requirements not yet fulfilled. Forcing vernalization now (VERN=47.688571).
[2026-03-23 21:52:39,590][pcse.crop.phenology.Vernalisation][INFO] - Critical DVS for vernalization (VERNDVS) reached at day 1984-06-18, but vernalization requirements not yet fulfilled. Forcing vernalization now (VERN=47.688571).
[2026-03-23 21:52:39,592][pcse.crop.phenology.Vernalisation][INFO] - Critical DVS for vernalization (VERNDVS) reached at day 1984-06-19, but vernalization requirements not yet fulfilled. Forcing vernalization now (VERN=47.688571).
[2026-03-23 21:52:39,595][pcse.crop.phenology.Vernalisation][INFO] - Critical DVS for vernalization (VERNDVS) reached at day 1984-06-20, but vernalization requirements not yet fulfilled. Forcing vernalization now (VERN=47.688571).
[2026-03-23 21:52:39,598][pcse.crop.phenology.Vernalisation][INFO] - Critical DVS for vernalization (VERNDVS) reached at day 1984-06-21, but vernalization requirements not yet fulfilled. Forcing vernalization now (VERN=47.688571).
[2026-03-23 21:52:39,600][pcse.crop.phenology.Vernalisation][INFO] - Critical DVS for vernalization (VERNDVS) reached at day 1984-06-22, but vernalization requirements not yet fulfilled. Forcing vernalization now (VERN=47.688571).
[2026-03-23 21:52:39,603][pcse.crop.phenology.Vernalisation][INFO] - Critical DVS for vernalization (VERNDVS) reached at day 1984-06-23, but vernalization requirements not yet fulfilled. Forcing vernalization now (VERN=47.688571).
[2026-03-23 21:52:39,606][pcse.crop.phenology.Vernalisation][INFO] - Critical DVS for vernalization (VERNDVS) reached at day 1984-06-24, but vernalization requirements not yet fulfilled. Forcing vernalization now (VERN=47.688571).
[2026-03-23 21:52:39,608][pcse.crop.phenology.Vernalisation][INFO] - Critical DVS for vernalization (VERNDVS) reached at day 1984-06-25, but vernalization requirements not yet fulfilled. Forcing vernalization now (VERN=47.688571).
[2026-03-23 21:52:39,611][pcse.crop.phenology.Vernalisation][INFO] - Critical DVS for vernalization (VERNDVS) reached at day 1984-06-26, but vernalization requirements not yet fulfilled. Forcing vernalization now (VERN=47.688571).
[2026-03-23 21:52:39,613][pcse.crop.phenology.Vernalisation][INFO] - Critical DVS for vernalization (VERNDVS) reached at day 1984-06-27, but vernalization requirements not yet fulfilled. Forcing vernalization now (VERN=47.688571).
[2026-03-23 21:52:39,616][pcse.crop.phenology.Vernalisation][INFO] - Critical DVS for vernalization (VERNDVS) reached at day 1984-06-28, but vernalization requirements not yet fulfilled. Forcing vernalization now (VERN=47.688571).
[2026-03-23 21:52:39,618][pcse.crop.phenology.Vernalisation][INFO] - Critical DVS for vernalization (VERNDVS) reached at day 1984-06-29, but vernalization requirements not yet fulfilled. Forcing vernalization now (VERN=47.688571).
[2026-03-23 21:52:39,618][pcse.crop.phenology.Annual_Phenology][INFO] - Changed phenological stage 'vegetative' to 'reproductive' on 1984-06-29
[2026-03-23 21:52:39,798][pcse.crop.phenology.Annual_Phenology][INFO] - Changed phenological stage 'reproductive' to 'mature' on 1984-09-13
[2026-03-23 21:52:39,839][pcse.base.timer.Timer][INFO] - Reached end of simulation period as specified by END_DATE.
[EPISODE DBG] episode=5 step=1205 pred_return=3.099701 true_return=612882.229664 total_feedback=0 labeled_feedback=0
[2026-03-23 21:52:39,844][pcse.agromanager.SoilCalendar][INFO] - Starting soil (oregon) with variation (oregon_1) on day 1984-02-01
[2026-03-23 21:52:39,846][pcse.agromanager.CropCalendar][INFO] - Starting crop (wheat) with variety (wheat_1) on day 1984-02-01
[2026-03-23 21:52:40,093][pcse.crop.phenology.Annual_Phenology][INFO] - Changed phenological stage 'emerging' to 'vegetative' on 1984-04-10
[2026-03-23 21:52:40,218][pcse.crop.phenology.Vernalisation][INFO] - Critical DVS for vernalization (VERNDVS) reached at day 1984-06-02, but vernalization requirements not yet fulfilled. Forcing vernalization now (VERN=47.688571).
[2026-03-23 21:52:40,221][pcse.crop.phenology.Vernalisation][INFO] - Critical DVS for vernalization (VERNDVS) reached at day 1984-06-03, but vernalization requirements not yet fulfilled. Forcing vernalization now (VERN=47.688571).
[2026-03-23 21:52:40,223][pcse.crop.phenology.Vernalisation][INFO] - Critical DVS for vernalization (VERNDVS) reached at day 1984-06-04, but vernalization requirements not yet fulfilled. Forcing vernalization now (VERN=47.688571).
[2026-03-23 21:52:40,226][pcse.crop.phenology.Vernalisation][INFO] - Critical DVS for vernalization (VERNDVS) reached at day 1984-06-05, but vernalization requirements not yet fulfilled. Forcing vernalization now (VERN=47.688571).
[2026-03-23 21:52:40,228][pcse.crop.phenology.Vernalisation][INFO] - Critical DVS for vernalization (VERNDVS) reached at day 1984-06-06, but vernalization requirements not yet fulfilled. Forcing vernalization now (VERN=47.688571).
[2026-03-23 21:52:40,231][pcse.crop.phenology.Vernalisation][INFO] - Critical DVS for vernalization (VERNDVS) reached at day 1984-06-07, but vernalization requirements not yet fulfilled. Forcing vernalization now (VERN=47.688571).
[2026-03-23 21:52:40,233][pcse.crop.phenology.Vernalisation][INFO] - Critical DVS for vernalization (VERNDVS) reached at day 1984-06-08, but vernalization requirements not yet fulfilled. Forcing vernalization now (VERN=47.688571).
[2026-03-23 21:52:40,236][pcse.crop.phenology.Vernalisation][INFO] - Critical DVS for vernalization (VERNDVS) reached at day 1984-06-09, but vernalization requirements not yet fulfilled. Forcing vernalization now (VERN=47.688571).
[2026-03-23 21:52:40,239][pcse.crop.phenology.Vernalisation][INFO] - Critical DVS for vernalization (VERNDVS) reached at day 1984-06-10, but vernalization requirements not yet fulfilled. Forcing vernalization now (VERN=47.688571).
[2026-03-23 21:52:40,241][pcse.crop.phenology.Vernalisation][INFO] - Critical DVS for vernalization (VERNDVS) reached at day 1984-06-11, but vernalization requirements not yet fulfilled. Forcing vernalization now (VERN=47.688571).
[2026-03-23 21:52:40,244][pcse.crop.phenology.Vernalisation][INFO] - Critical DVS for vernalization (VERNDVS) reached at day 1984-06-12, but vernalization requirements not yet fulfilled. Forcing vernalization now (VERN=47.688571).
[2026-03-23 21:52:40,246][pcse.crop.phenology.Vernalisation][INFO] - Critical DVS for vernalization (VERNDVS) reached at day 1984-06-13, but vernalization requirements not yet fulfilled. Forcing vernalization now (VERN=47.688571).
[2026-03-23 21:52:40,249][pcse.crop.phenology.Vernalisation][INFO] - Critical DVS for vernalization (VERNDVS) reached at day 1984-06-14, but vernalization requirements not yet fulfilled. Forcing vernalization now (VERN=47.688571).
[2026-03-23 21:52:40,251][pcse.crop.phenology.Vernalisation][INFO] - Critical DVS for vernalization (VERNDVS) reached at day 1984-06-15, but vernalization requirements not yet fulfilled. Forcing vernalization now (VERN=47.688571).
[2026-03-23 21:52:40,254][pcse.crop.phenology.Vernalisation][INFO] - Critical DVS for vernalization (VERNDVS) reached at day 1984-06-16, but vernalization requirements not yet fulfilled. Forcing vernalization now (VERN=47.688571).
[2026-03-23 21:52:40,256][pcse.crop.phenology.Vernalisation][INFO] - Critical DVS for vernalization (VERNDVS) reached at day 1984-06-17, but vernalization requirements not yet fulfilled. Forcing vernalization now (VERN=47.688571).
[2026-03-23 21:52:40,262][pcse.crop.phenology.Vernalisation][INFO] - Critical DVS for vernalization (VERNDVS) reached at day 1984-06-18, but vernalization requirements not yet fulfilled. Forcing vernalization now (VERN=47.688571).
[2026-03-23 21:52:40,264][pcse.crop.phenology.Vernalisation][INFO] - Critical DVS for vernalization (VERNDVS) reached at day 1984-06-19, but vernalization requirements not yet fulfilled. Forcing vernalization now (VERN=47.688571).
[2026-03-23 21:52:40,267][pcse.crop.phenology.Vernalisation][INFO] - Critical DVS for vernalization (VERNDVS) reached at day 1984-06-20, but vernalization requirements not yet fulfilled. Forcing vernalization now (VERN=47.688571).
[2026-03-23 21:52:40,270][pcse.crop.phenology.Vernalisation][INFO] - Critical DVS for vernalization (VERNDVS) reached at day 1984-06-21, but vernalization requirements not yet fulfilled. Forcing vernalization now (VERN=47.688571).
[2026-03-23 21:52:40,272][pcse.crop.phenology.Vernalisation][INFO] - Critical DVS for vernalization (VERNDVS) reached at day 1984-06-22, but vernalization requirements not yet fulfilled. Forcing vernalization now (VERN=47.688571).
[2026-03-23 21:52:40,275][pcse.crop.phenology.Vernalisation][INFO] - Critical DVS for vernalization (VERNDVS) reached at day 1984-06-23, but vernalization requirements not yet fulfilled. Forcing vernalization now (VERN=47.688571).
[2026-03-23 21:52:40,278][pcse.crop.phenology.Vernalisation][INFO] - Critical DVS for vernalization (VERNDVS) reached at day 1984-06-24, but vernalization requirements not yet fulfilled. Forcing vernalization now (VERN=47.688571).
[2026-03-23 21:52:40,280][pcse.crop.phenology.Vernalisation][INFO] - Critical DVS for vernalization (VERNDVS) reached at day 1984-06-25, but vernalization requirements not yet fulfilled. Forcing vernalization now (VERN=47.688571).
[2026-03-23 21:52:40,283][pcse.crop.phenology.Vernalisation][INFO] - Critical DVS for vernalization (VERNDVS) reached at day 1984-06-26, but vernalization requirements not yet fulfilled. Forcing vernalization now (VERN=47.688571).
[2026-03-23 21:52:40,286][pcse.crop.phenology.Vernalisation][INFO] - Critical DVS for vernalization (VERNDVS) reached at day 1984-06-27, but vernalization requirements not yet fulfilled. Forcing vernalization now (VERN=47.688571).
[2026-03-23 21:52:40,288][pcse.crop.phenology.Vernalisation][INFO] - Critical DVS for vernalization (VERNDVS) reached at day 1984-06-28, but vernalization requirements not yet fulfilled. Forcing vernalization now (VERN=47.688571).
[2026-03-23 21:52:40,291][pcse.crop.phenology.Vernalisation][INFO] - Critical DVS for vernalization (VERNDVS) reached at day 1984-06-29, but vernalization requirements not yet fulfilled. Forcing vernalization now (VERN=47.688571).
[2026-03-23 21:52:40,291][pcse.crop.phenology.Annual_Phenology][INFO] - Changed phenological stage 'vegetative' to 'reproductive' on 1984-06-29
[2026-03-23 21:52:40,472][pcse.crop.phenology.Annual_Phenology][INFO] - Changed phenological stage 'reproductive' to 'mature' on 1984-09-13
[2026-03-23 21:52:40,513][pcse.base.timer.Timer][INFO] - Reached end of simulation period as specified by END_DATE.
[EPISODE DBG] episode=6 step=1446 pred_return=2.721645 true_return=611498.617126 total_feedback=0 labeled_feedback=0
[2026-03-23 21:52:40,518][pcse.agromanager.SoilCalendar][INFO] - Starting soil (oregon) with variation (oregon_1) on day 1984-02-01
[2026-03-23 21:52:40,519][pcse.agromanager.CropCalendar][INFO] - Starting crop (wheat) with variety (wheat_1) on day 1984-02-01
[STEP DBG] step=1500 env_reward=0.000000 r_hat=-0.007478 done=False
[NORM DBG] count=1500 mean_abs_mean=62686.410156 mean_std=234.433472 min_std=0.001000 max_std=3332.167725
[2026-03-23 21:52:40,760][pcse.crop.phenology.Annual_Phenology][INFO] - Changed phenological stage 'emerging' to 'vegetative' on 1984-04-10
[2026-03-23 21:52:40,883][pcse.crop.phenology.Vernalisation][INFO] - Critical DVS for vernalization (VERNDVS) reached at day 1984-06-02, but vernalization requirements not yet fulfilled. Forcing vernalization now (VERN=47.688571).
[2026-03-23 21:52:40,886][pcse.crop.phenology.Vernalisation][INFO] - Critical DVS for vernalization (VERNDVS) reached at day 1984-06-03, but vernalization requirements not yet fulfilled. Forcing vernalization now (VERN=47.688571).
[2026-03-23 21:52:40,889][pcse.crop.phenology.Vernalisation][INFO] - Critical DVS for vernalization (VERNDVS) reached at day 1984-06-04, but vernalization requirements not yet fulfilled. Forcing vernalization now (VERN=47.688571).
[2026-03-23 21:52:40,891][pcse.crop.phenology.Vernalisation][INFO] - Critical DVS for vernalization (VERNDVS) reached at day 1984-06-05, but vernalization requirements not yet fulfilled. Forcing vernalization now (VERN=47.688571).
[2026-03-23 21:52:40,894][pcse.crop.phenology.Vernalisation][INFO] - Critical DVS for vernalization (VERNDVS) reached at day 1984-06-06, but vernalization requirements not yet fulfilled. Forcing vernalization now (VERN=47.688571).
[2026-03-23 21:52:40,897][pcse.crop.phenology.Vernalisation][INFO] - Critical DVS for vernalization (VERNDVS) reached at day 1984-06-07, but vernalization requirements not yet fulfilled. Forcing vernalization now (VERN=47.688571).
[2026-03-23 21:52:40,899][pcse.crop.phenology.Vernalisation][INFO] - Critical DVS for vernalization (VERNDVS) reached at day 1984-06-08, but vernalization requirements not yet fulfilled. Forcing vernalization now (VERN=47.688571).
[2026-03-23 21:52:40,902][pcse.crop.phenology.Vernalisation][INFO] - Critical DVS for vernalization (VERNDVS) reached at day 1984-06-09, but vernalization requirements not yet fulfilled. Forcing vernalization now (VERN=47.688571).
[2026-03-23 21:52:40,904][pcse.crop.phenology.Vernalisation][INFO] - Critical DVS for vernalization (VERNDVS) reached at day 1984-06-10, but vernalization requirements not yet fulfilled. Forcing vernalization now (VERN=47.688571).
[2026-03-23 21:52:40,907][pcse.crop.phenology.Vernalisation][INFO] - Critical DVS for vernalization (VERNDVS) reached at day 1984-06-11, but vernalization requirements not yet fulfilled. Forcing vernalization now (VERN=47.688571).
[2026-03-23 21:52:40,909][pcse.crop.phenology.Vernalisation][INFO] - Critical DVS for vernalization (VERNDVS) reached at day 1984-06-12, but vernalization requirements not yet fulfilled. Forcing vernalization now (VERN=47.688571).
[2026-03-23 21:52:40,912][pcse.crop.phenology.Vernalisation][INFO] - Critical DVS for vernalization (VERNDVS) reached at day 1984-06-13, but vernalization requirements not yet fulfilled. Forcing vernalization now (VERN=47.688571).
[2026-03-23 21:52:40,914][pcse.crop.phenology.Vernalisation][INFO] - Critical DVS for vernalization (VERNDVS) reached at day 1984-06-14, but vernalization requirements not yet fulfilled. Forcing vernalization now (VERN=47.688571).
[2026-03-23 21:52:40,917][pcse.crop.phenology.Vernalisation][INFO] - Critical DVS for vernalization (VERNDVS) reached at day 1984-06-15, but vernalization requirements not yet fulfilled. Forcing vernalization now (VERN=47.688571).
[2026-03-23 21:52:40,919][pcse.crop.phenology.Vernalisation][INFO] - Critical DVS for vernalization (VERNDVS) reached at day 1984-06-16, but vernalization requirements not yet fulfilled. Forcing vernalization now (VERN=47.688571).
[2026-03-23 21:52:40,922][pcse.crop.phenology.Vernalisation][INFO] - Critical DVS for vernalization (VERNDVS) reached at day 1984-06-17, but vernalization requirements not yet fulfilled. Forcing vernalization now (VERN=47.688571).
[2026-03-23 21:52:40,924][pcse.crop.phenology.Vernalisation][INFO] - Critical DVS for vernalization (VERNDVS) reached at day 1984-06-18, but vernalization requirements not yet fulfilled. Forcing vernalization now (VERN=47.688571).
[2026-03-23 21:52:40,927][pcse.crop.phenology.Vernalisation][INFO] - Critical DVS for vernalization (VERNDVS) reached at day 1984-06-19, but vernalization requirements not yet fulfilled. Forcing vernalization now (VERN=47.688571).
[2026-03-23 21:52:40,930][pcse.crop.phenology.Vernalisation][INFO] - Critical DVS for vernalization (VERNDVS) reached at day 1984-06-20, but vernalization requirements not yet fulfilled. Forcing vernalization now (VERN=47.688571).
[2026-03-23 21:52:40,932][pcse.crop.phenology.Vernalisation][INFO] - Critical DVS for vernalization (VERNDVS) reached at day 1984-06-21, but vernalization requirements not yet fulfilled. Forcing vernalization now (VERN=47.688571).
[2026-03-23 21:52:40,935][pcse.crop.phenology.Vernalisation][INFO] - Critical DVS for vernalization (VERNDVS) reached at day 1984-06-22, but vernalization requirements not yet fulfilled. Forcing vernalization now (VERN=47.688571).
[2026-03-23 21:52:40,937][pcse.crop.phenology.Vernalisation][INFO] - Critical DVS for vernalization (VERNDVS) reached at day 1984-06-23, but vernalization requirements not yet fulfilled. Forcing vernalization now (VERN=47.688571).
[2026-03-23 21:52:40,940][pcse.crop.phenology.Vernalisation][INFO] - Critical DVS for vernalization (VERNDVS) reached at day 1984-06-24, but vernalization requirements not yet fulfilled. Forcing vernalization now (VERN=47.688571).
[2026-03-23 21:52:40,942][pcse.crop.phenology.Vernalisation][INFO] - Critical DVS for vernalization (VERNDVS) reached at day 1984-06-25, but vernalization requirements not yet fulfilled. Forcing vernalization now (VERN=47.688571).
[2026-03-23 21:52:40,945][pcse.crop.phenology.Vernalisation][INFO] - Critical DVS for vernalization (VERNDVS) reached at day 1984-06-26, but vernalization requirements not yet fulfilled. Forcing vernalization now (VERN=47.688571).
[2026-03-23 21:52:40,948][pcse.crop.phenology.Vernalisation][INFO] - Critical DVS for vernalization (VERNDVS) reached at day 1984-06-27, but vernalization requirements not yet fulfilled. Forcing vernalization now (VERN=47.688571).
[2026-03-23 21:52:40,951][pcse.crop.phenology.Vernalisation][INFO] - Critical DVS for vernalization (VERNDVS) reached at day 1984-06-28, but vernalization requirements not yet fulfilled. Forcing vernalization now (VERN=47.688571).
[2026-03-23 21:52:40,953][pcse.crop.phenology.Vernalisation][INFO] - Critical DVS for vernalization (VERNDVS) reached at day 1984-06-29, but vernalization requirements not yet fulfilled. Forcing vernalization now (VERN=47.688571).
[2026-03-23 21:52:40,953][pcse.crop.phenology.Annual_Phenology][INFO] - Changed phenological stage 'vegetative' to 'reproductive' on 1984-06-29
[2026-03-23 21:52:41,133][pcse.crop.phenology.Annual_Phenology][INFO] - Changed phenological stage 'reproductive' to 'mature' on 1984-09-13
[2026-03-23 21:52:41,174][pcse.base.timer.Timer][INFO] - Reached end of simulation period as specified by END_DATE.
[EPISODE DBG] episode=7 step=1687 pred_return=2.779281 true_return=614306.314333 total_feedback=0 labeled_feedback=0
[2026-03-23 21:52:41,178][pcse.agromanager.SoilCalendar][INFO] - Starting soil (oregon) with variation (oregon_1) on day 1984-02-01
[2026-03-23 21:52:41,180][pcse.agromanager.CropCalendar][INFO] - Starting crop (wheat) with variety (wheat_1) on day 1984-02-01
[2026-03-23 21:52:41,423][pcse.crop.phenology.Annual_Phenology][INFO] - Changed phenological stage 'emerging' to 'vegetative' on 1984-04-10
[2026-03-23 21:52:41,546][pcse.crop.phenology.Vernalisation][INFO] - Critical DVS for vernalization (VERNDVS) reached at day 1984-06-02, but vernalization requirements not yet fulfilled. Forcing vernalization now (VERN=47.688571).
[2026-03-23 21:52:41,549][pcse.crop.phenology.Vernalisation][INFO] - Critical DVS for vernalization (VERNDVS) reached at day 1984-06-03, but vernalization requirements not yet fulfilled. Forcing vernalization now (VERN=47.688571).
[2026-03-23 21:52:41,551][pcse.crop.phenology.Vernalisation][INFO] - Critical DVS for vernalization (VERNDVS) reached at day 1984-06-04, but vernalization requirements not yet fulfilled. Forcing vernalization now (VERN=47.688571).
[2026-03-23 21:52:41,553][pcse.crop.phenology.Vernalisation][INFO] - Critical DVS for vernalization (VERNDVS) reached at day 1984-06-05, but vernalization requirements not yet fulfilled. Forcing vernalization now (VERN=47.688571).
[2026-03-23 21:52:41,556][pcse.crop.phenology.Vernalisation][INFO] - Critical DVS for vernalization (VERNDVS) reached at day 1984-06-06, but vernalization requirements not yet fulfilled. Forcing vernalization now (VERN=47.688571).
[2026-03-23 21:52:41,558][pcse.crop.phenology.Vernalisation][INFO] - Critical DVS for vernalization (VERNDVS) reached at day 1984-06-07, but vernalization requirements not yet fulfilled. Forcing vernalization now (VERN=47.688571).
[2026-03-23 21:52:41,561][pcse.crop.phenology.Vernalisation][INFO] - Critical DVS for vernalization (VERNDVS) reached at day 1984-06-08, but vernalization requirements not yet fulfilled. Forcing vernalization now (VERN=47.688571).
[2026-03-23 21:52:41,563][pcse.crop.phenology.Vernalisation][INFO] - Critical DVS for vernalization (VERNDVS) reached at day 1984-06-09, but vernalization requirements not yet fulfilled. Forcing vernalization now (VERN=47.688571).
[2026-03-23 21:52:41,566][pcse.crop.phenology.Vernalisation][INFO] - Critical DVS for vernalization (VERNDVS) reached at day 1984-06-10, but vernalization requirements not yet fulfilled. Forcing vernalization now (VERN=47.688571).
[2026-03-23 21:52:41,568][pcse.crop.phenology.Vernalisation][INFO] - Critical DVS for vernalization (VERNDVS) reached at day 1984-06-11, but vernalization requirements not yet fulfilled. Forcing vernalization now (VERN=47.688571).
[2026-03-23 21:52:41,570][pcse.crop.phenology.Vernalisation][INFO] - Critical DVS for vernalization (VERNDVS) reached at day 1984-06-12, but vernalization requirements not yet fulfilled. Forcing vernalization now (VERN=47.688571).
[2026-03-23 21:52:41,573][pcse.crop.phenology.Vernalisation][INFO] - Critical DVS for vernalization (VERNDVS) reached at day 1984-06-13, but vernalization requirements not yet fulfilled. Forcing vernalization now (VERN=47.688571).
[2026-03-23 21:52:41,576][pcse.crop.phenology.Vernalisation][INFO] - Critical DVS for vernalization (VERNDVS) reached at day 1984-06-14, but vernalization requirements not yet fulfilled. Forcing vernalization now (VERN=47.688571).
[2026-03-23 21:52:41,578][pcse.crop.phenology.Vernalisation][INFO] - Critical DVS for vernalization (VERNDVS) reached at day 1984-06-15, but vernalization requirements not yet fulfilled. Forcing vernalization now (VERN=47.688571).
[2026-03-23 21:52:41,581][pcse.crop.phenology.Vernalisation][INFO] - Critical DVS for vernalization (VERNDVS) reached at day 1984-06-16, but vernalization requirements not yet fulfilled. Forcing vernalization now (VERN=47.688571).
[2026-03-23 21:52:41,583][pcse.crop.phenology.Vernalisation][INFO] - Critical DVS for vernalization (VERNDVS) reached at day 1984-06-17, but vernalization requirements not yet fulfilled. Forcing vernalization now (VERN=47.688571).
[2026-03-23 21:52:41,586][pcse.crop.phenology.Vernalisation][INFO] - Critical DVS for vernalization (VERNDVS) reached at day 1984-06-18, but vernalization requirements not yet fulfilled. Forcing vernalization now (VERN=47.688571).
[2026-03-23 21:52:41,588][pcse.crop.phenology.Vernalisation][INFO] - Critical DVS for vernalization (VERNDVS) reached at day 1984-06-19, but vernalization requirements not yet fulfilled. Forcing vernalization now (VERN=47.688571).
[2026-03-23 21:52:41,591][pcse.crop.phenology.Vernalisation][INFO] - Critical DVS for vernalization (VERNDVS) reached at day 1984-06-20, but vernalization requirements not yet fulfilled. Forcing vernalization now (VERN=47.688571).
[2026-03-23 21:52:41,594][pcse.crop.phenology.Vernalisation][INFO] - Critical DVS for vernalization (VERNDVS) reached at day 1984-06-21, but vernalization requirements not yet fulfilled. Forcing vernalization now (VERN=47.688571).
[2026-03-23 21:52:41,597][pcse.crop.phenology.Vernalisation][INFO] - Critical DVS for vernalization (VERNDVS) reached at day 1984-06-22, but vernalization requirements not yet fulfilled. Forcing vernalization now (VERN=47.688571).
[2026-03-23 21:52:41,599][pcse.crop.phenology.Vernalisation][INFO] - Critical DVS for vernalization (VERNDVS) reached at day 1984-06-23, but vernalization requirements not yet fulfilled. Forcing vernalization now (VERN=47.688571).
[2026-03-23 21:52:41,602][pcse.crop.phenology.Vernalisation][INFO] - Critical DVS for vernalization (VERNDVS) reached at day 1984-06-24, but vernalization requirements not yet fulfilled. Forcing vernalization now (VERN=47.688571).
[2026-03-23 21:52:41,604][pcse.crop.phenology.Vernalisation][INFO] - Critical DVS for vernalization (VERNDVS) reached at day 1984-06-25, but vernalization requirements not yet fulfilled. Forcing vernalization now (VERN=47.688571).
[2026-03-23 21:52:41,607][pcse.crop.phenology.Vernalisation][INFO] - Critical DVS for vernalization (VERNDVS) reached at day 1984-06-26, but vernalization requirements not yet fulfilled. Forcing vernalization now (VERN=47.688571).
[2026-03-23 21:52:41,609][pcse.crop.phenology.Vernalisation][INFO] - Critical DVS for vernalization (VERNDVS) reached at day 1984-06-27, but vernalization requirements not yet fulfilled. Forcing vernalization now (VERN=47.688571).
[2026-03-23 21:52:41,612][pcse.crop.phenology.Vernalisation][INFO] - Critical DVS for vernalization (VERNDVS) reached at day 1984-06-28, but vernalization requirements not yet fulfilled. Forcing vernalization now (VERN=47.688571).
[2026-03-23 21:52:41,615][pcse.crop.phenology.Vernalisation][INFO] - Critical DVS for vernalization (VERNDVS) reached at day 1984-06-29, but vernalization requirements not yet fulfilled. Forcing vernalization now (VERN=47.688571).
[2026-03-23 21:52:41,615][pcse.crop.phenology.Annual_Phenology][INFO] - Changed phenological stage 'vegetative' to 'reproductive' on 1984-06-29
[2026-03-23 21:52:41,795][pcse.crop.phenology.Annual_Phenology][INFO] - Changed phenological stage 'reproductive' to 'mature' on 1984-09-13
[2026-03-23 21:52:41,836][pcse.base.timer.Timer][INFO] - Reached end of simulation period as specified by END_DATE.
[EPISODE DBG] episode=8 step=1928 pred_return=2.871635 true_return=613412.146162 total_feedback=0 labeled_feedback=0
[2026-03-23 21:52:41,840][pcse.agromanager.SoilCalendar][INFO] - Starting soil (oregon) with variation (oregon_1) on day 1984-02-01
[2026-03-23 21:52:41,842][pcse.agromanager.CropCalendar][INFO] - Starting crop (wheat) with variety (wheat_1) on day 1984-02-01
[2026-03-23 21:52:42,083][pcse.crop.phenology.Annual_Phenology][INFO] - Changed phenological stage 'emerging' to 'vegetative' on 1984-04-10
[STEP DBG] step=2000 env_reward=0.000000 r_hat=0.017577 done=False
[NORM DBG] count=2000 mean_abs_mean=62688.714844 mean_std=237.845657 min_std=0.001000 max_std=3387.802734
[2026-03-23 21:52:42,206][pcse.crop.phenology.Vernalisation][INFO] - Critical DVS for vernalization (VERNDVS) reached at day 1984-06-02, but vernalization requirements not yet fulfilled. Forcing vernalization now (VERN=47.688571).
[2026-03-23 21:52:42,208][pcse.crop.phenology.Vernalisation][INFO] - Critical DVS for vernalization (VERNDVS) reached at day 1984-06-03, but vernalization requirements not yet fulfilled. Forcing vernalization now (VERN=47.688571).
[2026-03-23 21:52:42,211][pcse.crop.phenology.Vernalisation][INFO] - Critical DVS for vernalization (VERNDVS) reached at day 1984-06-04, but vernalization requirements not yet fulfilled. Forcing vernalization now (VERN=47.688571).
[2026-03-23 21:52:42,213][pcse.crop.phenology.Vernalisation][INFO] - Critical DVS for vernalization (VERNDVS) reached at day 1984-06-05, but vernalization requirements not yet fulfilled. Forcing vernalization now (VERN=47.688571).
[2026-03-23 21:52:42,216][pcse.crop.phenology.Vernalisation][INFO] - Critical DVS for vernalization (VERNDVS) reached at day 1984-06-06, but vernalization requirements not yet fulfilled. Forcing vernalization now (VERN=47.688571).
[2026-03-23 21:52:42,218][pcse.crop.phenology.Vernalisation][INFO] - Critical DVS for vernalization (VERNDVS) reached at day 1984-06-07, but vernalization requirements not yet fulfilled. Forcing vernalization now (VERN=47.688571).
[2026-03-23 21:52:42,220][pcse.crop.phenology.Vernalisation][INFO] - Critical DVS for vernalization (VERNDVS) reached at day 1984-06-08, but vernalization requirements not yet fulfilled. Forcing vernalization now (VERN=47.688571).
[2026-03-23 21:52:42,223][pcse.crop.phenology.Vernalisation][INFO] - Critical DVS for vernalization (VERNDVS) reached at day 1984-06-09, but vernalization requirements not yet fulfilled. Forcing vernalization now (VERN=47.688571).
[2026-03-23 21:52:42,225][pcse.crop.phenology.Vernalisation][INFO] - Critical DVS for vernalization (VERNDVS) reached at day 1984-06-10, but vernalization requirements not yet fulfilled. Forcing vernalization now (VERN=47.688571).
[2026-03-23 21:52:42,228][pcse.crop.phenology.Vernalisation][INFO] - Critical DVS for vernalization (VERNDVS) reached at day 1984-06-11, but vernalization requirements not yet fulfilled. Forcing vernalization now (VERN=47.688571).
[2026-03-23 21:52:42,230][pcse.crop.phenology.Vernalisation][INFO] - Critical DVS for vernalization (VERNDVS) reached at day 1984-06-12, but vernalization requirements not yet fulfilled. Forcing vernalization now (VERN=47.688571).
[2026-03-23 21:52:42,233][pcse.crop.phenology.Vernalisation][INFO] - Critical DVS for vernalization (VERNDVS) reached at day 1984-06-13, but vernalization requirements not yet fulfilled. Forcing vernalization now (VERN=47.688571).
[2026-03-23 21:52:42,235][pcse.crop.phenology.Vernalisation][INFO] - Critical DVS for vernalization (VERNDVS) reached at day 1984-06-14, but vernalization requirements not yet fulfilled. Forcing vernalization now (VERN=47.688571).
[2026-03-23 21:52:42,238][pcse.crop.phenology.Vernalisation][INFO] - Critical DVS for vernalization (VERNDVS) reached at day 1984-06-15, but vernalization requirements not yet fulfilled. Forcing vernalization now (VERN=47.688571).
[2026-03-23 21:52:42,240][pcse.crop.phenology.Vernalisation][INFO] - Critical DVS for vernalization (VERNDVS) reached at day 1984-06-16, but vernalization requirements not yet fulfilled. Forcing vernalization now (VERN=47.688571).
[2026-03-23 21:52:42,243][pcse.crop.phenology.Vernalisation][INFO] - Critical DVS for vernalization (VERNDVS) reached at day 1984-06-17, but vernalization requirements not yet fulfilled. Forcing vernalization now (VERN=47.688571).
[2026-03-23 21:52:42,245][pcse.crop.phenology.Vernalisation][INFO] - Critical DVS for vernalization (VERNDVS) reached at day 1984-06-18, but vernalization requirements not yet fulfilled. Forcing vernalization now (VERN=47.688571).
[2026-03-23 21:52:42,248][pcse.crop.phenology.Vernalisation][INFO] - Critical DVS for vernalization (VERNDVS) reached at day 1984-06-19, but vernalization requirements not yet fulfilled. Forcing vernalization now (VERN=47.688571).
[2026-03-23 21:52:42,250][pcse.crop.phenology.Vernalisation][INFO] - Critical DVS for vernalization (VERNDVS) reached at day 1984-06-20, but vernalization requirements not yet fulfilled. Forcing vernalization now (VERN=47.688571).
[2026-03-23 21:52:42,253][pcse.crop.phenology.Vernalisation][INFO] - Critical DVS for vernalization (VERNDVS) reached at day 1984-06-21, but vernalization requirements not yet fulfilled. Forcing vernalization now (VERN=47.688571).
[2026-03-23 21:52:42,255][pcse.crop.phenology.Vernalisation][INFO] - Critical DVS for vernalization (VERNDVS) reached at day 1984-06-22, but vernalization requirements not yet fulfilled. Forcing vernalization now (VERN=47.688571).
[2026-03-23 21:52:42,258][pcse.crop.phenology.Vernalisation][INFO] - Critical DVS for vernalization (VERNDVS) reached at day 1984-06-23, but vernalization requirements not yet fulfilled. Forcing vernalization now (VERN=47.688571).
[2026-03-23 21:52:42,260][pcse.crop.phenology.Vernalisation][INFO] - Critical DVS for vernalization (VERNDVS) reached at day 1984-06-24, but vernalization requirements not yet fulfilled. Forcing vernalization now (VERN=47.688571).
[2026-03-23 21:52:42,263][pcse.crop.phenology.Vernalisation][INFO] - Critical DVS for vernalization (VERNDVS) reached at day 1984-06-25, but vernalization requirements not yet fulfilled. Forcing vernalization now (VERN=47.688571).
[2026-03-23 21:52:42,265][pcse.crop.phenology.Vernalisation][INFO] - Critical DVS for vernalization (VERNDVS) reached at day 1984-06-26, but vernalization requirements not yet fulfilled. Forcing vernalization now (VERN=47.688571).
[2026-03-23 21:52:42,268][pcse.crop.phenology.Vernalisation][INFO] - Critical DVS for vernalization (VERNDVS) reached at day 1984-06-27, but vernalization requirements not yet fulfilled. Forcing vernalization now (VERN=47.688571).
[2026-03-23 21:52:42,270][pcse.crop.phenology.Vernalisation][INFO] - Critical DVS for vernalization (VERNDVS) reached at day 1984-06-28, but vernalization requirements not yet fulfilled. Forcing vernalization now (VERN=47.688571).
[2026-03-23 21:52:42,273][pcse.crop.phenology.Vernalisation][INFO] - Critical DVS for vernalization (VERNDVS) reached at day 1984-06-29, but vernalization requirements not yet fulfilled. Forcing vernalization now (VERN=47.688571).
[2026-03-23 21:52:42,273][pcse.crop.phenology.Annual_Phenology][INFO] - Changed phenological stage 'vegetative' to 'reproductive' on 1984-06-29
[2026-03-23 21:52:42,453][pcse.crop.phenology.Annual_Phenology][INFO] - Changed phenological stage 'reproductive' to 'mature' on 1984-09-13
[2026-03-23 21:52:42,493][pcse.base.timer.Timer][INFO] - Reached end of simulation period as specified by END_DATE.
[EPISODE DBG] episode=9 step=2169 pred_return=2.959098 true_return=496802.952180 total_feedback=0 labeled_feedback=0
[2026-03-23 21:52:42,497][pcse.agromanager.SoilCalendar][INFO] - Starting soil (oregon) with variation (oregon_1) on day 1984-02-01
[2026-03-23 21:52:42,499][pcse.agromanager.CropCalendar][INFO] - Starting crop (wheat) with variety (wheat_1) on day 1984-02-01
[2026-03-23 21:52:42,741][pcse.crop.phenology.Annual_Phenology][INFO] - Changed phenological stage 'emerging' to 'vegetative' on 1984-04-10
[2026-03-23 21:52:42,864][pcse.crop.phenology.Vernalisation][INFO] - Critical DVS for vernalization (VERNDVS) reached at day 1984-06-02, but vernalization requirements not yet fulfilled. Forcing vernalization now (VERN=47.688571).
[2026-03-23 21:52:42,867][pcse.crop.phenology.Vernalisation][INFO] - Critical DVS for vernalization (VERNDVS) reached at day 1984-06-03, but vernalization requirements not yet fulfilled. Forcing vernalization now (VERN=47.688571).
[2026-03-23 21:52:42,869][pcse.crop.phenology.Vernalisation][INFO] - Critical DVS for vernalization (VERNDVS) reached at day 1984-06-04, but vernalization requirements not yet fulfilled. Forcing vernalization now (VERN=47.688571).
[2026-03-23 21:52:42,872][pcse.crop.phenology.Vernalisation][INFO] - Critical DVS for vernalization (VERNDVS) reached at day 1984-06-05, but vernalization requirements not yet fulfilled. Forcing vernalization now (VERN=47.688571).
[2026-03-23 21:52:42,874][pcse.crop.phenology.Vernalisation][INFO] - Critical DVS for vernalization (VERNDVS) reached at day 1984-06-06, but vernalization requirements not yet fulfilled. Forcing vernalization now (VERN=47.688571).
[2026-03-23 21:52:42,877][pcse.crop.phenology.Vernalisation][INFO] - Critical DVS for vernalization (VERNDVS) reached at day 1984-06-07, but vernalization requirements not yet fulfilled. Forcing vernalization now (VERN=47.688571).
[2026-03-23 21:52:42,879][pcse.crop.phenology.Vernalisation][INFO] - Critical DVS for vernalization (VERNDVS) reached at day 1984-06-08, but vernalization requirements not yet fulfilled. Forcing vernalization now (VERN=47.688571).
[2026-03-23 21:52:42,881][pcse.crop.phenology.Vernalisation][INFO] - Critical DVS for vernalization (VERNDVS) reached at day 1984-06-09, but vernalization requirements not yet fulfilled. Forcing vernalization now (VERN=47.688571).
[2026-03-23 21:52:42,884][pcse.crop.phenology.Vernalisation][INFO] - Critical DVS for vernalization (VERNDVS) reached at day 1984-06-10, but vernalization requirements not yet fulfilled. Forcing vernalization now (VERN=47.688571).
[2026-03-23 21:52:42,886][pcse.crop.phenology.Vernalisation][INFO] - Critical DVS for vernalization (VERNDVS) reached at day 1984-06-11, but vernalization requirements not yet fulfilled. Forcing vernalization now (VERN=47.688571).
[2026-03-23 21:52:42,889][pcse.crop.phenology.Vernalisation][INFO] - Critical DVS for vernalization (VERNDVS) reached at day 1984-06-12, but vernalization requirements not yet fulfilled. Forcing vernalization now (VERN=47.688571).
[2026-03-23 21:52:42,891][pcse.crop.phenology.Vernalisation][INFO] - Critical DVS for vernalization (VERNDVS) reached at day 1984-06-13, but vernalization requirements not yet fulfilled. Forcing vernalization now (VERN=47.688571).
[2026-03-23 21:52:42,894][pcse.crop.phenology.Vernalisation][INFO] - Critical DVS for vernalization (VERNDVS) reached at day 1984-06-14, but vernalization requirements not yet fulfilled. Forcing vernalization now (VERN=47.688571).
[2026-03-23 21:52:42,896][pcse.crop.phenology.Vernalisation][INFO] - Critical DVS for vernalization (VERNDVS) reached at day 1984-06-15, but vernalization requirements not yet fulfilled. Forcing vernalization now (VERN=47.688571).
[2026-03-23 21:52:42,898][pcse.crop.phenology.Vernalisation][INFO] - Critical DVS for vernalization (VERNDVS) reached at day 1984-06-16, but vernalization requirements not yet fulfilled. Forcing vernalization now (VERN=47.688571).
[2026-03-23 21:52:42,901][pcse.crop.phenology.Vernalisation][INFO] - Critical DVS for vernalization (VERNDVS) reached at day 1984-06-17, but vernalization requirements not yet fulfilled. Forcing vernalization now (VERN=47.688571).
[2026-03-23 21:52:42,903][pcse.crop.phenology.Vernalisation][INFO] - Critical DVS for vernalization (VERNDVS) reached at day 1984-06-18, but vernalization requirements not yet fulfilled. Forcing vernalization now (VERN=47.688571).
[2026-03-23 21:52:42,906][pcse.crop.phenology.Vernalisation][INFO] - Critical DVS for vernalization (VERNDVS) reached at day 1984-06-19, but vernalization requirements not yet fulfilled. Forcing vernalization now (VERN=47.688571).
[2026-03-23 21:52:42,908][pcse.crop.phenology.Vernalisation][INFO] - Critical DVS for vernalization (VERNDVS) reached at day 1984-06-20, but vernalization requirements not yet fulfilled. Forcing vernalization now (VERN=47.688571).
[2026-03-23 21:52:42,911][pcse.crop.phenology.Vernalisation][INFO] - Critical DVS for vernalization (VERNDVS) reached at day 1984-06-21, but vernalization requirements not yet fulfilled. Forcing vernalization now (VERN=47.688571).
[2026-03-23 21:52:42,913][pcse.crop.phenology.Vernalisation][INFO] - Critical DVS for vernalization (VERNDVS) reached at day 1984-06-22, but vernalization requirements not yet fulfilled. Forcing vernalization now (VERN=47.688571).
[2026-03-23 21:52:42,916][pcse.crop.phenology.Vernalisation][INFO] - Critical DVS for vernalization (VERNDVS) reached at day 1984-06-23, but vernalization requirements not yet fulfilled. Forcing vernalization now (VERN=47.688571).
[2026-03-23 21:52:42,918][pcse.crop.phenology.Vernalisation][INFO] - Critical DVS for vernalization (VERNDVS) reached at day 1984-06-24, but vernalization requirements not yet fulfilled. Forcing vernalization now (VERN=47.688571).
[2026-03-23 21:52:42,921][pcse.crop.phenology.Vernalisation][INFO] - Critical DVS for vernalization (VERNDVS) reached at day 1984-06-25, but vernalization requirements not yet fulfilled. Forcing vernalization now (VERN=47.688571).
[2026-03-23 21:52:42,923][pcse.crop.phenology.Vernalisation][INFO] - Critical DVS for vernalization (VERNDVS) reached at day 1984-06-26, but vernalization requirements not yet fulfilled. Forcing vernalization now (VERN=47.688571).
[2026-03-23 21:52:42,925][pcse.crop.phenology.Vernalisation][INFO] - Critical DVS for vernalization (VERNDVS) reached at day 1984-06-27, but vernalization requirements not yet fulfilled. Forcing vernalization now (VERN=47.688571).
[2026-03-23 21:52:42,928][pcse.crop.phenology.Vernalisation][INFO] - Critical DVS for vernalization (VERNDVS) reached at day 1984-06-28, but vernalization requirements not yet fulfilled. Forcing vernalization now (VERN=47.688571).
[2026-03-23 21:52:42,930][pcse.crop.phenology.Vernalisation][INFO] - Critical DVS for vernalization (VERNDVS) reached at day 1984-06-29, but vernalization requirements not yet fulfilled. Forcing vernalization now (VERN=47.688571).
[2026-03-23 21:52:42,931][pcse.crop.phenology.Annual_Phenology][INFO] - Changed phenological stage 'vegetative' to 'reproductive' on 1984-06-29
[2026-03-23 21:52:43,111][pcse.crop.phenology.Annual_Phenology][INFO] - Changed phenological stage 'reproductive' to 'mature' on 1984-09-13
[2026-03-23 21:52:43,151][pcse.base.timer.Timer][INFO] - Reached end of simulation period as specified by END_DATE.
[EPISODE DBG] episode=10 step=2410 pred_return=3.029151 true_return=585549.518427 total_feedback=0 labeled_feedback=0
[2026-03-23 21:52:43,156][pcse.agromanager.SoilCalendar][INFO] - Starting soil (oregon) with variation (oregon_1) on day 1984-02-01
[2026-03-23 21:52:43,158][pcse.agromanager.CropCalendar][INFO] - Starting crop (wheat) with variety (wheat_1) on day 1984-02-01
[2026-03-23 21:52:43,399][pcse.crop.phenology.Annual_Phenology][INFO] - Changed phenological stage 'emerging' to 'vegetative' on 1984-04-10
[STEP DBG] step=2500 env_reward=0.000000 r_hat=0.007300 done=False
[NORM DBG] count=2500 mean_abs_mean=62686.378906 mean_std=234.644745 min_std=0.001000 max_std=3340.878418
[2026-03-23 21:52:43,527][pcse.crop.phenology.Vernalisation][INFO] - Critical DVS for vernalization (VERNDVS) reached at day 1984-06-02, but vernalization requirements not yet fulfilled. Forcing vernalization now (VERN=47.688571).
[2026-03-23 21:52:43,530][pcse.crop.phenology.Vernalisation][INFO] - Critical DVS for vernalization (VERNDVS) reached at day 1984-06-03, but vernalization requirements not yet fulfilled. Forcing vernalization now (VERN=47.688571).
[2026-03-23 21:52:43,533][pcse.crop.phenology.Vernalisation][INFO] - Critical DVS for vernalization (VERNDVS) reached at day 1984-06-04, but vernalization requirements not yet fulfilled. Forcing vernalization now (VERN=47.688571).
[2026-03-23 21:52:43,536][pcse.crop.phenology.Vernalisation][INFO] - Critical DVS for vernalization (VERNDVS) reached at day 1984-06-05, but vernalization requirements not yet fulfilled. Forcing vernalization now (VERN=47.688571).
[2026-03-23 21:52:43,539][pcse.crop.phenology.Vernalisation][INFO] - Critical DVS for vernalization (VERNDVS) reached at day 1984-06-06, but vernalization requirements not yet fulfilled. Forcing vernalization now (VERN=47.688571).
[2026-03-23 21:52:43,542][pcse.crop.phenology.Vernalisation][INFO] - Critical DVS for vernalization (VERNDVS) reached at day 1984-06-07, but vernalization requirements not yet fulfilled. Forcing vernalization now (VERN=47.688571).
[2026-03-23 21:52:43,545][pcse.crop.phenology.Vernalisation][INFO] - Critical DVS for vernalization (VERNDVS) reached at day 1984-06-08, but vernalization requirements not yet fulfilled. Forcing vernalization now (VERN=47.688571).
[2026-03-23 21:52:43,548][pcse.crop.phenology.Vernalisation][INFO] - Critical DVS for vernalization (VERNDVS) reached at day 1984-06-09, but vernalization requirements not yet fulfilled. Forcing vernalization now (VERN=47.688571).
[2026-03-23 21:52:43,551][pcse.crop.phenology.Vernalisation][INFO] - Critical DVS for vernalization (VERNDVS) reached at day 1984-06-10, but vernalization requirements not yet fulfilled. Forcing vernalization now (VERN=47.688571).
[2026-03-23 21:52:43,554][pcse.crop.phenology.Vernalisation][INFO] - Critical DVS for vernalization (VERNDVS) reached at day 1984-06-11, but vernalization requirements not yet fulfilled. Forcing vernalization now (VERN=47.688571).
[2026-03-23 21:52:43,556][pcse.crop.phenology.Vernalisation][INFO] - Critical DVS for vernalization (VERNDVS) reached at day 1984-06-12, but vernalization requirements not yet fulfilled. Forcing vernalization now (VERN=47.688571).
[2026-03-23 21:52:43,559][pcse.crop.phenology.Vernalisation][INFO] - Critical DVS for vernalization (VERNDVS) reached at day 1984-06-13, but vernalization requirements not yet fulfilled. Forcing vernalization now (VERN=47.688571).
[2026-03-23 21:52:43,562][pcse.crop.phenology.Vernalisation][INFO] - Critical DVS for vernalization (VERNDVS) reached at day 1984-06-14, but vernalization requirements not yet fulfilled. Forcing vernalization now (VERN=47.688571).
[2026-03-23 21:52:43,564][pcse.crop.phenology.Vernalisation][INFO] - Critical DVS for vernalization (VERNDVS) reached at day 1984-06-15, but vernalization requirements not yet fulfilled. Forcing vernalization now (VERN=47.688571).
[2026-03-23 21:52:43,567][pcse.crop.phenology.Vernalisation][INFO] - Critical DVS for vernalization (VERNDVS) reached at day 1984-06-16, but vernalization requirements not yet fulfilled. Forcing vernalization now (VERN=47.688571).
[2026-03-23 21:52:43,570][pcse.crop.phenology.Vernalisation][INFO] - Critical DVS for vernalization (VERNDVS) reached at day 1984-06-17, but vernalization requirements not yet fulfilled. Forcing vernalization now (VERN=47.688571).
[2026-03-23 21:52:43,573][pcse.crop.phenology.Vernalisation][INFO] - Critical DVS for vernalization (VERNDVS) reached at day 1984-06-18, but vernalization requirements not yet fulfilled. Forcing vernalization now (VERN=47.688571).
[2026-03-23 21:52:43,575][pcse.crop.phenology.Vernalisation][INFO] - Critical DVS for vernalization (VERNDVS) reached at day 1984-06-19, but vernalization requirements not yet fulfilled. Forcing vernalization now (VERN=47.688571).
[2026-03-23 21:52:43,578][pcse.crop.phenology.Vernalisation][INFO] - Critical DVS for vernalization (VERNDVS) reached at day 1984-06-20, but vernalization requirements not yet fulfilled. Forcing vernalization now (VERN=47.688571).
[2026-03-23 21:52:43,581][pcse.crop.phenology.Vernalisation][INFO] - Critical DVS for vernalization (VERNDVS) reached at day 1984-06-21, but vernalization requirements not yet fulfilled. Forcing vernalization now (VERN=47.688571).
[2026-03-23 21:52:43,584][pcse.crop.phenology.Vernalisation][INFO] - Critical DVS for vernalization (VERNDVS) reached at day 1984-06-22, but vernalization requirements not yet fulfilled. Forcing vernalization now (VERN=47.688571).
[2026-03-23 21:52:43,586][pcse.crop.phenology.Vernalisation][INFO] - Critical DVS for vernalization (VERNDVS) reached at day 1984-06-23, but vernalization requirements not yet fulfilled. Forcing vernalization now (VERN=47.688571).
[2026-03-23 21:52:43,589][pcse.crop.phenology.Vernalisation][INFO] - Critical DVS for vernalization (VERNDVS) reached at day 1984-06-24, but vernalization requirements not yet fulfilled. Forcing vernalization now (VERN=47.688571).
[2026-03-23 21:52:43,592][pcse.crop.phenology.Vernalisation][INFO] - Critical DVS for vernalization (VERNDVS) reached at day 1984-06-25, but vernalization requirements not yet fulfilled. Forcing vernalization now (VERN=47.688571).
[2026-03-23 21:52:43,595][pcse.crop.phenology.Vernalisation][INFO] - Critical DVS for vernalization (VERNDVS) reached at day 1984-06-26, but vernalization requirements not yet fulfilled. Forcing vernalization now (VERN=47.688571).
[2026-03-23 21:52:43,598][pcse.crop.phenology.Vernalisation][INFO] - Critical DVS for vernalization (VERNDVS) reached at day 1984-06-27, but vernalization requirements not yet fulfilled. Forcing vernalization now (VERN=47.688571).
[2026-03-23 21:52:43,601][pcse.crop.phenology.Vernalisation][INFO] - Critical DVS for vernalization (VERNDVS) reached at day 1984-06-28, but vernalization requirements not yet fulfilled. Forcing vernalization now (VERN=47.688571).
[2026-03-23 21:52:43,604][pcse.crop.phenology.Vernalisation][INFO] - Critical DVS for vernalization (VERNDVS) reached at day 1984-06-29, but vernalization requirements not yet fulfilled. Forcing vernalization now (VERN=47.688571).
[2026-03-23 21:52:43,604][pcse.crop.phenology.Annual_Phenology][INFO] - Changed phenological stage 'vegetative' to 'reproductive' on 1984-06-29
[2026-03-23 21:52:43,788][pcse.crop.phenology.Annual_Phenology][INFO] - Changed phenological stage 'reproductive' to 'mature' on 1984-09-13
[2026-03-23 21:52:43,829][pcse.base.timer.Timer][INFO] - Reached end of simulation period as specified by END_DATE.
[EPISODE DBG] episode=11 step=2651 pred_return=2.899788 true_return=605072.872006 total_feedback=0 labeled_feedback=0
[2026-03-23 21:52:43,834][pcse.agromanager.SoilCalendar][INFO] - Starting soil (oregon) with variation (oregon_1) on day 1984-02-01
[2026-03-23 21:52:43,836][pcse.agromanager.CropCalendar][INFO] - Starting crop (wheat) with variety (wheat_1) on day 1984-02-01
[2026-03-23 21:52:44,081][pcse.crop.phenology.Annual_Phenology][INFO] - Changed phenological stage 'emerging' to 'vegetative' on 1984-04-10
[2026-03-23 21:52:44,205][pcse.crop.phenology.Vernalisation][INFO] - Critical DVS for vernalization (VERNDVS) reached at day 1984-06-02, but vernalization requirements not yet fulfilled. Forcing vernalization now (VERN=47.688571).
[2026-03-23 21:52:44,208][pcse.crop.phenology.Vernalisation][INFO] - Critical DVS for vernalization (VERNDVS) reached at day 1984-06-03, but vernalization requirements not yet fulfilled. Forcing vernalization now (VERN=47.688571).
[2026-03-23 21:52:44,210][pcse.crop.phenology.Vernalisation][INFO] - Critical DVS for vernalization (VERNDVS) reached at day 1984-06-04, but vernalization requirements not yet fulfilled. Forcing vernalization now (VERN=47.688571).
[2026-03-23 21:52:44,213][pcse.crop.phenology.Vernalisation][INFO] - Critical DVS for vernalization (VERNDVS) reached at day 1984-06-05, but vernalization requirements not yet fulfilled. Forcing vernalization now (VERN=47.688571).
[2026-03-23 21:52:44,215][pcse.crop.phenology.Vernalisation][INFO] - Critical DVS for vernalization (VERNDVS) reached at day 1984-06-06, but vernalization requirements not yet fulfilled. Forcing vernalization now (VERN=47.688571).
[2026-03-23 21:52:44,218][pcse.crop.phenology.Vernalisation][INFO] - Critical DVS for vernalization (VERNDVS) reached at day 1984-06-07, but vernalization requirements not yet fulfilled. Forcing vernalization now (VERN=47.688571).
[2026-03-23 21:52:44,220][pcse.crop.phenology.Vernalisation][INFO] - Critical DVS for vernalization (VERNDVS) reached at day 1984-06-08, but vernalization requirements not yet fulfilled. Forcing vernalization now (VERN=47.688571).
[2026-03-23 21:52:44,223][pcse.crop.phenology.Vernalisation][INFO] - Critical DVS for vernalization (VERNDVS) reached at day 1984-06-09, but vernalization requirements not yet fulfilled. Forcing vernalization now (VERN=47.688571).
[2026-03-23 21:52:44,225][pcse.crop.phenology.Vernalisation][INFO] - Critical DVS for vernalization (VERNDVS) reached at day 1984-06-10, but vernalization requirements not yet fulfilled. Forcing vernalization now (VERN=47.688571).
[2026-03-23 21:52:44,228][pcse.crop.phenology.Vernalisation][INFO] - Critical DVS for vernalization (VERNDVS) reached at day 1984-06-11, but vernalization requirements not yet fulfilled. Forcing vernalization now (VERN=47.688571).
[2026-03-23 21:52:44,230][pcse.crop.phenology.Vernalisation][INFO] - Critical DVS for vernalization (VERNDVS) reached at day 1984-06-12, but vernalization requirements not yet fulfilled. Forcing vernalization now (VERN=47.688571).
[2026-03-23 21:52:44,233][pcse.crop.phenology.Vernalisation][INFO] - Critical DVS for vernalization (VERNDVS) reached at day 1984-06-13, but vernalization requirements not yet fulfilled. Forcing vernalization now (VERN=47.688571).
[2026-03-23 21:52:44,236][pcse.crop.phenology.Vernalisation][INFO] - Critical DVS for vernalization (VERNDVS) reached at day 1984-06-14, but vernalization requirements not yet fulfilled. Forcing vernalization now (VERN=47.688571).
[2026-03-23 21:52:44,238][pcse.crop.phenology.Vernalisation][INFO] - Critical DVS for vernalization (VERNDVS) reached at day 1984-06-15, but vernalization requirements not yet fulfilled. Forcing vernalization now (VERN=47.688571).
[2026-03-23 21:52:44,241][pcse.crop.phenology.Vernalisation][INFO] - Critical DVS for vernalization (VERNDVS) reached at day 1984-06-16, but vernalization requirements not yet fulfilled. Forcing vernalization now (VERN=47.688571).
[2026-03-23 21:52:44,243][pcse.crop.phenology.Vernalisation][INFO] - Critical DVS for vernalization (VERNDVS) reached at day 1984-06-17, but vernalization requirements not yet fulfilled. Forcing vernalization now (VERN=47.688571).
[2026-03-23 21:52:44,246][pcse.crop.phenology.Vernalisation][INFO] - Critical DVS for vernalization (VERNDVS) reached at day 1984-06-18, but vernalization requirements not yet fulfilled. Forcing vernalization now (VERN=47.688571).
[2026-03-23 21:52:44,248][pcse.crop.phenology.Vernalisation][INFO] - Critical DVS for vernalization (VERNDVS) reached at day 1984-06-19, but vernalization requirements not yet fulfilled. Forcing vernalization now (VERN=47.688571).
[2026-03-23 21:52:44,251][pcse.crop.phenology.Vernalisation][INFO] - Critical DVS for vernalization (VERNDVS) reached at day 1984-06-20, but vernalization requirements not yet fulfilled. Forcing vernalization now (VERN=47.688571).
[2026-03-23 21:52:44,253][pcse.crop.phenology.Vernalisation][INFO] - Critical DVS for vernalization (VERNDVS) reached at day 1984-06-21, but vernalization requirements not yet fulfilled. Forcing vernalization now (VERN=47.688571).
[2026-03-23 21:52:44,256][pcse.crop.phenology.Vernalisation][INFO] - Critical DVS for vernalization (VERNDVS) reached at day 1984-06-22, but vernalization requirements not yet fulfilled. Forcing vernalization now (VERN=47.688571).
[2026-03-23 21:52:44,258][pcse.crop.phenology.Vernalisation][INFO] - Critical DVS for vernalization (VERNDVS) reached at day 1984-06-23, but vernalization requirements not yet fulfilled. Forcing vernalization now (VERN=47.688571).
[2026-03-23 21:52:44,261][pcse.crop.phenology.Vernalisation][INFO] - Critical DVS for vernalization (VERNDVS) reached at day 1984-06-24, but vernalization requirements not yet fulfilled. Forcing vernalization now (VERN=47.688571).
[2026-03-23 21:52:44,263][pcse.crop.phenology.Vernalisation][INFO] - Critical DVS for vernalization (VERNDVS) reached at day 1984-06-25, but vernalization requirements not yet fulfilled. Forcing vernalization now (VERN=47.688571).
[2026-03-23 21:52:44,266][pcse.crop.phenology.Vernalisation][INFO] - Critical DVS for vernalization (VERNDVS) reached at day 1984-06-26, but vernalization requirements not yet fulfilled. Forcing vernalization now (VERN=47.688571).
[2026-03-23 21:52:44,269][pcse.crop.phenology.Vernalisation][INFO] - Critical DVS for vernalization (VERNDVS) reached at day 1984-06-27, but vernalization requirements not yet fulfilled. Forcing vernalization now (VERN=47.688571).
[2026-03-23 21:52:44,271][pcse.crop.phenology.Vernalisation][INFO] - Critical DVS for vernalization (VERNDVS) reached at day 1984-06-28, but vernalization requirements not yet fulfilled. Forcing vernalization now (VERN=47.688571).
[2026-03-23 21:52:44,274][pcse.crop.phenology.Vernalisation][INFO] - Critical DVS for vernalization (VERNDVS) reached at day 1984-06-29, but vernalization requirements not yet fulfilled. Forcing vernalization now (VERN=47.688571).
[2026-03-23 21:52:44,274][pcse.crop.phenology.Annual_Phenology][INFO] - Changed phenological stage 'vegetative' to 'reproductive' on 1984-06-29
[2026-03-23 21:52:44,456][pcse.crop.phenology.Annual_Phenology][INFO] - Changed phenological stage 'reproductive' to 'mature' on 1984-09-13
[2026-03-23 21:52:44,497][pcse.base.timer.Timer][INFO] - Reached end of simulation period as specified by END_DATE.
[EPISODE DBG] episode=12 step=2892 pred_return=3.272549 true_return=595149.676229 total_feedback=0 labeled_feedback=0
[2026-03-23 21:52:44,501][pcse.agromanager.SoilCalendar][INFO] - Starting soil (oregon) with variation (oregon_1) on day 1984-02-01
[2026-03-23 21:52:44,503][pcse.agromanager.CropCalendar][INFO] - Starting crop (wheat) with variety (wheat_1) on day 1984-02-01
[2026-03-23 21:52:44,749][pcse.crop.phenology.Annual_Phenology][INFO] - Changed phenological stage 'emerging' to 'vegetative' on 1984-04-10
[STEP DBG] step=3000 env_reward=0.000000 r_hat=-0.006554 done=False
[NORM DBG] count=3000 mean_abs_mean=62687.460938 mean_std=235.757080 min_std=0.001000 max_std=3360.850098
[2026-03-23 21:52:44,873][pcse.crop.phenology.Vernalisation][INFO] - Critical DVS for vernalization (VERNDVS) reached at day 1984-06-02, but vernalization requirements not yet fulfilled. Forcing vernalization now (VERN=47.688571).
[2026-03-23 21:52:44,876][pcse.crop.phenology.Vernalisation][INFO] - Critical DVS for vernalization (VERNDVS) reached at day 1984-06-03, but vernalization requirements not yet fulfilled. Forcing vernalization now (VERN=47.688571).
[2026-03-23 21:52:44,879][pcse.crop.phenology.Vernalisation][INFO] - Critical DVS for vernalization (VERNDVS) reached at day 1984-06-04, but vernalization requirements not yet fulfilled. Forcing vernalization now (VERN=47.688571).
[2026-03-23 21:52:44,881][pcse.crop.phenology.Vernalisation][INFO] - Critical DVS for vernalization (VERNDVS) reached at day 1984-06-05, but vernalization requirements not yet fulfilled. Forcing vernalization now (VERN=47.688571).
[2026-03-23 21:52:44,884][pcse.crop.phenology.Vernalisation][INFO] - Critical DVS for vernalization (VERNDVS) reached at day 1984-06-06, but vernalization requirements not yet fulfilled. Forcing vernalization now (VERN=47.688571).
[2026-03-23 21:52:44,886][pcse.crop.phenology.Vernalisation][INFO] - Critical DVS for vernalization (VERNDVS) reached at day 1984-06-07, but vernalization requirements not yet fulfilled. Forcing vernalization now (VERN=47.688571).
[2026-03-23 21:52:44,889][pcse.crop.phenology.Vernalisation][INFO] - Critical DVS for vernalization (VERNDVS) reached at day 1984-06-08, but vernalization requirements not yet fulfilled. Forcing vernalization now (VERN=47.688571).
[2026-03-23 21:52:44,891][pcse.crop.phenology.Vernalisation][INFO] - Critical DVS for vernalization (VERNDVS) reached at day 1984-06-09, but vernalization requirements not yet fulfilled. Forcing vernalization now (VERN=47.688571).
[2026-03-23 21:52:44,894][pcse.crop.phenology.Vernalisation][INFO] - Critical DVS for vernalization (VERNDVS) reached at day 1984-06-10, but vernalization requirements not yet fulfilled. Forcing vernalization now (VERN=47.688571).
[2026-03-23 21:52:44,896][pcse.crop.phenology.Vernalisation][INFO] - Critical DVS for vernalization (VERNDVS) reached at day 1984-06-11, but vernalization requirements not yet fulfilled. Forcing vernalization now (VERN=47.688571).
[2026-03-23 21:52:44,899][pcse.crop.phenology.Vernalisation][INFO] - Critical DVS for vernalization (VERNDVS) reached at day 1984-06-12, but vernalization requirements not yet fulfilled. Forcing vernalization now (VERN=47.688571).
[2026-03-23 21:52:44,902][pcse.crop.phenology.Vernalisation][INFO] - Critical DVS for vernalization (VERNDVS) reached at day 1984-06-13, but vernalization requirements not yet fulfilled. Forcing vernalization now (VERN=47.688571).
[2026-03-23 21:52:44,904][pcse.crop.phenology.Vernalisation][INFO] - Critical DVS for vernalization (VERNDVS) reached at day 1984-06-14, but vernalization requirements not yet fulfilled. Forcing vernalization now (VERN=47.688571).
[2026-03-23 21:52:44,907][pcse.crop.phenology.Vernalisation][INFO] - Critical DVS for vernalization (VERNDVS) reached at day 1984-06-15, but vernalization requirements not yet fulfilled. Forcing vernalization now (VERN=47.688571).
[2026-03-23 21:52:44,909][pcse.crop.phenology.Vernalisation][INFO] - Critical DVS for vernalization (VERNDVS) reached at day 1984-06-16, but vernalization requirements not yet fulfilled. Forcing vernalization now (VERN=47.688571).
[2026-03-23 21:52:44,912][pcse.crop.phenology.Vernalisation][INFO] - Critical DVS for vernalization (VERNDVS) reached at day 1984-06-17, but vernalization requirements not yet fulfilled. Forcing vernalization now (VERN=47.688571).
[2026-03-23 21:52:44,914][pcse.crop.phenology.Vernalisation][INFO] - Critical DVS for vernalization (VERNDVS) reached at day 1984-06-18, but vernalization requirements not yet fulfilled. Forcing vernalization now (VERN=47.688571).
[2026-03-23 21:52:44,917][pcse.crop.phenology.Vernalisation][INFO] - Critical DVS for vernalization (VERNDVS) reached at day 1984-06-19, but vernalization requirements not yet fulfilled. Forcing vernalization now (VERN=47.688571).
[2026-03-23 21:52:44,919][pcse.crop.phenology.Vernalisation][INFO] - Critical DVS for vernalization (VERNDVS) reached at day 1984-06-20, but vernalization requirements not yet fulfilled. Forcing vernalization now (VERN=47.688571).
[2026-03-23 21:52:44,922][pcse.crop.phenology.Vernalisation][INFO] - Critical DVS for vernalization (VERNDVS) reached at day 1984-06-21, but vernalization requirements not yet fulfilled. Forcing vernalization now (VERN=47.688571).
[2026-03-23 21:52:44,924][pcse.crop.phenology.Vernalisation][INFO] - Critical DVS for vernalization (VERNDVS) reached at day 1984-06-22, but vernalization requirements not yet fulfilled. Forcing vernalization now (VERN=47.688571).
[2026-03-23 21:52:44,927][pcse.crop.phenology.Vernalisation][INFO] - Critical DVS for vernalization (VERNDVS) reached at day 1984-06-23, but vernalization requirements not yet fulfilled. Forcing vernalization now (VERN=47.688571).
[2026-03-23 21:52:44,930][pcse.crop.phenology.Vernalisation][INFO] - Critical DVS for vernalization (VERNDVS) reached at day 1984-06-24, but vernalization requirements not yet fulfilled. Forcing vernalization now (VERN=47.688571).
[2026-03-23 21:52:44,932][pcse.crop.phenology.Vernalisation][INFO] - Critical DVS for vernalization (VERNDVS) reached at day 1984-06-25, but vernalization requirements not yet fulfilled. Forcing vernalization now (VERN=47.688571).
[2026-03-23 21:52:44,935][pcse.crop.phenology.Vernalisation][INFO] - Critical DVS for vernalization (VERNDVS) reached at day 1984-06-26, but vernalization requirements not yet fulfilled. Forcing vernalization now (VERN=47.688571).
[2026-03-23 21:52:44,937][pcse.crop.phenology.Vernalisation][INFO] - Critical DVS for vernalization (VERNDVS) reached at day 1984-06-27, but vernalization requirements not yet fulfilled. Forcing vernalization now (VERN=47.688571).
[2026-03-23 21:52:44,940][pcse.crop.phenology.Vernalisation][INFO] - Critical DVS for vernalization (VERNDVS) reached at day 1984-06-28, but vernalization requirements not yet fulfilled. Forcing vernalization now (VERN=47.688571).
[2026-03-23 21:52:44,942][pcse.crop.phenology.Vernalisation][INFO] - Critical DVS for vernalization (VERNDVS) reached at day 1984-06-29, but vernalization requirements not yet fulfilled. Forcing vernalization now (VERN=47.688571).
[2026-03-23 21:52:44,942][pcse.crop.phenology.Annual_Phenology][INFO] - Changed phenological stage 'vegetative' to 'reproductive' on 1984-06-29
[2026-03-23 21:52:45,124][pcse.crop.phenology.Annual_Phenology][INFO] - Changed phenological stage 'reproductive' to 'mature' on 1984-09-13
[2026-03-23 21:52:45,164][pcse.base.timer.Timer][INFO] - Reached end of simulation period as specified by END_DATE.
[EPISODE DBG] episode=13 step=3133 pred_return=2.682205 true_return=581665.213431 total_feedback=0 labeled_feedback=0
[2026-03-23 21:52:45,168][pcse.agromanager.SoilCalendar][INFO] - Starting soil (oregon) with variation (oregon_1) on day 1984-02-01
[2026-03-23 21:52:45,170][pcse.agromanager.CropCalendar][INFO] - Starting crop (wheat) with variety (wheat_1) on day 1984-02-01
[2026-03-23 21:52:45,411][pcse.crop.phenology.Annual_Phenology][INFO] - Changed phenological stage 'emerging' to 'vegetative' on 1984-04-10
[2026-03-23 21:52:45,535][pcse.crop.phenology.Vernalisation][INFO] - Critical DVS for vernalization (VERNDVS) reached at day 1984-06-02, but vernalization requirements not yet fulfilled. Forcing vernalization now (VERN=47.688571).
[2026-03-23 21:52:45,537][pcse.crop.phenology.Vernalisation][INFO] - Critical DVS for vernalization (VERNDVS) reached at day 1984-06-03, but vernalization requirements not yet fulfilled. Forcing vernalization now (VERN=47.688571).
[2026-03-23 21:52:45,540][pcse.crop.phenology.Vernalisation][INFO] - Critical DVS for vernalization (VERNDVS) reached at day 1984-06-04, but vernalization requirements not yet fulfilled. Forcing vernalization now (VERN=47.688571).
[2026-03-23 21:52:45,542][pcse.crop.phenology.Vernalisation][INFO] - Critical DVS for vernalization (VERNDVS) reached at day 1984-06-05, but vernalization requirements not yet fulfilled. Forcing vernalization now (VERN=47.688571).
[2026-03-23 21:52:45,545][pcse.crop.phenology.Vernalisation][INFO] - Critical DVS for vernalization (VERNDVS) reached at day 1984-06-06, but vernalization requirements not yet fulfilled. Forcing vernalization now (VERN=47.688571).
[2026-03-23 21:52:45,547][pcse.crop.phenology.Vernalisation][INFO] - Critical DVS for vernalization (VERNDVS) reached at day 1984-06-07, but vernalization requirements not yet fulfilled. Forcing vernalization now (VERN=47.688571).
[2026-03-23 21:52:45,550][pcse.crop.phenology.Vernalisation][INFO] - Critical DVS for vernalization (VERNDVS) reached at day 1984-06-08, but vernalization requirements not yet fulfilled. Forcing vernalization now (VERN=47.688571).
[2026-03-23 21:52:45,552][pcse.crop.phenology.Vernalisation][INFO] - Critical DVS for vernalization (VERNDVS) reached at day 1984-06-09, but vernalization requirements not yet fulfilled. Forcing vernalization now (VERN=47.688571).
[2026-03-23 21:52:45,555][pcse.crop.phenology.Vernalisation][INFO] - Critical DVS for vernalization (VERNDVS) reached at day 1984-06-10, but vernalization requirements not yet fulfilled. Forcing vernalization now (VERN=47.688571).
[2026-03-23 21:52:45,558][pcse.crop.phenology.Vernalisation][INFO] - Critical DVS for vernalization (VERNDVS) reached at day 1984-06-11, but vernalization requirements not yet fulfilled. Forcing vernalization now (VERN=47.688571).
[2026-03-23 21:52:45,560][pcse.crop.phenology.Vernalisation][INFO] - Critical DVS for vernalization (VERNDVS) reached at day 1984-06-12, but vernalization requirements not yet fulfilled. Forcing vernalization now (VERN=47.688571).
[2026-03-23 21:52:45,563][pcse.crop.phenology.Vernalisation][INFO] - Critical DVS for vernalization (VERNDVS) reached at day 1984-06-13, but vernalization requirements not yet fulfilled. Forcing vernalization now (VERN=47.688571).
[2026-03-23 21:52:45,565][pcse.crop.phenology.Vernalisation][INFO] - Critical DVS for vernalization (VERNDVS) reached at day 1984-06-14, but vernalization requirements not yet fulfilled. Forcing vernalization now (VERN=47.688571).
[2026-03-23 21:52:45,568][pcse.crop.phenology.Vernalisation][INFO] - Critical DVS for vernalization (VERNDVS) reached at day 1984-06-15, but vernalization requirements not yet fulfilled. Forcing vernalization now (VERN=47.688571).
[2026-03-23 21:52:45,570][pcse.crop.phenology.Vernalisation][INFO] - Critical DVS for vernalization (VERNDVS) reached at day 1984-06-16, but vernalization requirements not yet fulfilled. Forcing vernalization now (VERN=47.688571).
[2026-03-23 21:52:45,573][pcse.crop.phenology.Vernalisation][INFO] - Critical DVS for vernalization (VERNDVS) reached at day 1984-06-17, but vernalization requirements not yet fulfilled. Forcing vernalization now (VERN=47.688571).
[2026-03-23 21:52:45,575][pcse.crop.phenology.Vernalisation][INFO] - Critical DVS for vernalization (VERNDVS) reached at day 1984-06-18, but vernalization requirements not yet fulfilled. Forcing vernalization now (VERN=47.688571).
[2026-03-23 21:52:45,578][pcse.crop.phenology.Vernalisation][INFO] - Critical DVS for vernalization (VERNDVS) reached at day 1984-06-19, but vernalization requirements not yet fulfilled. Forcing vernalization now (VERN=47.688571).
[2026-03-23 21:52:45,580][pcse.crop.phenology.Vernalisation][INFO] - Critical DVS for vernalization (VERNDVS) reached at day 1984-06-20, but vernalization requirements not yet fulfilled. Forcing vernalization now (VERN=47.688571).
[2026-03-23 21:52:45,583][pcse.crop.phenology.Vernalisation][INFO] - Critical DVS for vernalization (VERNDVS) reached at day 1984-06-21, but vernalization requirements not yet fulfilled. Forcing vernalization now (VERN=47.688571).
[2026-03-23 21:52:45,585][pcse.crop.phenology.Vernalisation][INFO] - Critical DVS for vernalization (VERNDVS) reached at day 1984-06-22, but vernalization requirements not yet fulfilled. Forcing vernalization now (VERN=47.688571).
[2026-03-23 21:52:45,588][pcse.crop.phenology.Vernalisation][INFO] - Critical DVS for vernalization (VERNDVS) reached at day 1984-06-23, but vernalization requirements not yet fulfilled. Forcing vernalization now (VERN=47.688571).
[2026-03-23 21:52:45,590][pcse.crop.phenology.Vernalisation][INFO] - Critical DVS for vernalization (VERNDVS) reached at day 1984-06-24, but vernalization requirements not yet fulfilled. Forcing vernalization now (VERN=47.688571).
[2026-03-23 21:52:45,593][pcse.crop.phenology.Vernalisation][INFO] - Critical DVS for vernalization (VERNDVS) reached at day 1984-06-25, but vernalization requirements not yet fulfilled. Forcing vernalization now (VERN=47.688571).
[2026-03-23 21:52:45,595][pcse.crop.phenology.Vernalisation][INFO] - Critical DVS for vernalization (VERNDVS) reached at day 1984-06-26, but vernalization requirements not yet fulfilled. Forcing vernalization now (VERN=47.688571).
[2026-03-23 21:52:45,598][pcse.crop.phenology.Vernalisation][INFO] - Critical DVS for vernalization (VERNDVS) reached at day 1984-06-27, but vernalization requirements not yet fulfilled. Forcing vernalization now (VERN=47.688571).
[2026-03-23 21:52:45,601][pcse.crop.phenology.Vernalisation][INFO] - Critical DVS for vernalization (VERNDVS) reached at day 1984-06-28, but vernalization requirements not yet fulfilled. Forcing vernalization now (VERN=47.688571).
[2026-03-23 21:52:45,603][pcse.crop.phenology.Vernalisation][INFO] - Critical DVS for vernalization (VERNDVS) reached at day 1984-06-29, but vernalization requirements not yet fulfilled. Forcing vernalization now (VERN=47.688571).
[2026-03-23 21:52:45,603][pcse.crop.phenology.Annual_Phenology][INFO] - Changed phenological stage 'vegetative' to 'reproductive' on 1984-06-29
[2026-03-23 21:52:45,784][pcse.crop.phenology.Annual_Phenology][INFO] - Changed phenological stage 'reproductive' to 'mature' on 1984-09-13
[2026-03-23 21:52:45,824][pcse.base.timer.Timer][INFO] - Reached end of simulation period as specified by END_DATE.
[EPISODE DBG] episode=14 step=3374 pred_return=2.795788 true_return=595641.025206 total_feedback=0 labeled_feedback=0
[2026-03-23 21:52:45,829][pcse.agromanager.SoilCalendar][INFO] - Starting soil (oregon) with variation (oregon_1) on day 1984-02-01
[2026-03-23 21:52:45,831][pcse.agromanager.CropCalendar][INFO] - Starting crop (wheat) with variety (wheat_1) on day 1984-02-01
[2026-03-23 21:52:46,071][pcse.crop.phenology.Annual_Phenology][INFO] - Changed phenological stage 'emerging' to 'vegetative' on 1984-04-10
[2026-03-23 21:52:46,195][pcse.crop.phenology.Vernalisation][INFO] - Critical DVS for vernalization (VERNDVS) reached at day 1984-06-02, but vernalization requirements not yet fulfilled. Forcing vernalization now (VERN=47.688571).
[2026-03-23 21:52:46,198][pcse.crop.phenology.Vernalisation][INFO] - Critical DVS for vernalization (VERNDVS) reached at day 1984-06-03, but vernalization requirements not yet fulfilled. Forcing vernalization now (VERN=47.688571).
[2026-03-23 21:52:46,200][pcse.crop.phenology.Vernalisation][INFO] - Critical DVS for vernalization (VERNDVS) reached at day 1984-06-04, but vernalization requirements not yet fulfilled. Forcing vernalization now (VERN=47.688571).
[2026-03-23 21:52:46,203][pcse.crop.phenology.Vernalisation][INFO] - Critical DVS for vernalization (VERNDVS) reached at day 1984-06-05, but vernalization requirements not yet fulfilled. Forcing vernalization now (VERN=47.688571).
[2026-03-23 21:52:46,206][pcse.crop.phenology.Vernalisation][INFO] - Critical DVS for vernalization (VERNDVS) reached at day 1984-06-06, but vernalization requirements not yet fulfilled. Forcing vernalization now (VERN=47.688571).
[2026-03-23 21:52:46,208][pcse.crop.phenology.Vernalisation][INFO] - Critical DVS for vernalization (VERNDVS) reached at day 1984-06-07, but vernalization requirements not yet fulfilled. Forcing vernalization now (VERN=47.688571).
[2026-03-23 21:52:46,211][pcse.crop.phenology.Vernalisation][INFO] - Critical DVS for vernalization (VERNDVS) reached at day 1984-06-08, but vernalization requirements not yet fulfilled. Forcing vernalization now (VERN=47.688571).
[STEP DBG] step=3500 env_reward=0.000000 r_hat=0.012600 done=False
[NORM DBG] count=3500 mean_abs_mean=62688.000000 mean_std=236.509186 min_std=0.001000 max_std=3374.287598
[2026-03-23 21:52:46,213][pcse.crop.phenology.Vernalisation][INFO] - Critical DVS for vernalization (VERNDVS) reached at day 1984-06-09, but vernalization requirements not yet fulfilled. Forcing vernalization now (VERN=47.688571).
[2026-03-23 21:52:46,216][pcse.crop.phenology.Vernalisation][INFO] - Critical DVS for vernalization (VERNDVS) reached at day 1984-06-10, but vernalization requirements not yet fulfilled. Forcing vernalization now (VERN=47.688571).
[2026-03-23 21:52:46,218][pcse.crop.phenology.Vernalisation][INFO] - Critical DVS for vernalization (VERNDVS) reached at day 1984-06-11, but vernalization requirements not yet fulfilled. Forcing vernalization now (VERN=47.688571).
[2026-03-23 21:52:46,221][pcse.crop.phenology.Vernalisation][INFO] - Critical DVS for vernalization (VERNDVS) reached at day 1984-06-12, but vernalization requirements not yet fulfilled. Forcing vernalization now (VERN=47.688571).
[2026-03-23 21:52:46,223][pcse.crop.phenology.Vernalisation][INFO] - Critical DVS for vernalization (VERNDVS) reached at day 1984-06-13, but vernalization requirements not yet fulfilled. Forcing vernalization now (VERN=47.688571).
[2026-03-23 21:52:46,226][pcse.crop.phenology.Vernalisation][INFO] - Critical DVS for vernalization (VERNDVS) reached at day 1984-06-14, but vernalization requirements not yet fulfilled. Forcing vernalization now (VERN=47.688571).
[2026-03-23 21:52:46,228][pcse.crop.phenology.Vernalisation][INFO] - Critical DVS for vernalization (VERNDVS) reached at day 1984-06-15, but vernalization requirements not yet fulfilled. Forcing vernalization now (VERN=47.688571).
[2026-03-23 21:52:46,231][pcse.crop.phenology.Vernalisation][INFO] - Critical DVS for vernalization (VERNDVS) reached at day 1984-06-16, but vernalization requirements not yet fulfilled. Forcing vernalization now (VERN=47.688571).
[2026-03-23 21:52:46,233][pcse.crop.phenology.Vernalisation][INFO] - Critical DVS for vernalization (VERNDVS) reached at day 1984-06-17, but vernalization requirements not yet fulfilled. Forcing vernalization now (VERN=47.688571).
[2026-03-23 21:52:46,236][pcse.crop.phenology.Vernalisation][INFO] - Critical DVS for vernalization (VERNDVS) reached at day 1984-06-18, but vernalization requirements not yet fulfilled. Forcing vernalization now (VERN=47.688571).
[2026-03-23 21:52:46,238][pcse.crop.phenology.Vernalisation][INFO] - Critical DVS for vernalization (VERNDVS) reached at day 1984-06-19, but vernalization requirements not yet fulfilled. Forcing vernalization now (VERN=47.688571).
[2026-03-23 21:52:46,241][pcse.crop.phenology.Vernalisation][INFO] - Critical DVS for vernalization (VERNDVS) reached at day 1984-06-20, but vernalization requirements not yet fulfilled. Forcing vernalization now (VERN=47.688571).
[2026-03-23 21:52:46,243][pcse.crop.phenology.Vernalisation][INFO] - Critical DVS for vernalization (VERNDVS) reached at day 1984-06-21, but vernalization requirements not yet fulfilled. Forcing vernalization now (VERN=47.688571).
[2026-03-23 21:52:46,246][pcse.crop.phenology.Vernalisation][INFO] - Critical DVS for vernalization (VERNDVS) reached at day 1984-06-22, but vernalization requirements not yet fulfilled. Forcing vernalization now (VERN=47.688571).
[2026-03-23 21:52:46,249][pcse.crop.phenology.Vernalisation][INFO] - Critical DVS for vernalization (VERNDVS) reached at day 1984-06-23, but vernalization requirements not yet fulfilled. Forcing vernalization now (VERN=47.688571).
[2026-03-23 21:52:46,251][pcse.crop.phenology.Vernalisation][INFO] - Critical DVS for vernalization (VERNDVS) reached at day 1984-06-24, but vernalization requirements not yet fulfilled. Forcing vernalization now (VERN=47.688571).
[2026-03-23 21:52:46,254][pcse.crop.phenology.Vernalisation][INFO] - Critical DVS for vernalization (VERNDVS) reached at day 1984-06-25, but vernalization requirements not yet fulfilled. Forcing vernalization now (VERN=47.688571).
[2026-03-23 21:52:46,257][pcse.crop.phenology.Vernalisation][INFO] - Critical DVS for vernalization (VERNDVS) reached at day 1984-06-26, but vernalization requirements not yet fulfilled. Forcing vernalization now (VERN=47.688571).
[2026-03-23 21:52:46,259][pcse.crop.phenology.Vernalisation][INFO] - Critical DVS for vernalization (VERNDVS) reached at day 1984-06-27, but vernalization requirements not yet fulfilled. Forcing vernalization now (VERN=47.688571).
[2026-03-23 21:52:46,262][pcse.crop.phenology.Vernalisation][INFO] - Critical DVS for vernalization (VERNDVS) reached at day 1984-06-28, but vernalization requirements not yet fulfilled. Forcing vernalization now (VERN=47.688571).
[2026-03-23 21:52:46,264][pcse.crop.phenology.Vernalisation][INFO] - Critical DVS for vernalization (VERNDVS) reached at day 1984-06-29, but vernalization requirements not yet fulfilled. Forcing vernalization now (VERN=47.688571).
[2026-03-23 21:52:46,264][pcse.crop.phenology.Annual_Phenology][INFO] - Changed phenological stage 'vegetative' to 'reproductive' on 1984-06-29
[2026-03-23 21:52:46,445][pcse.crop.phenology.Annual_Phenology][INFO] - Changed phenological stage 'reproductive' to 'mature' on 1984-09-13
[2026-03-23 21:52:46,485][pcse.base.timer.Timer][INFO] - Reached end of simulation period as specified by END_DATE.
[EPISODE DBG] episode=15 step=3615 pred_return=3.052189 true_return=614794.864810 total_feedback=0 labeled_feedback=0
[2026-03-23 21:52:46,489][pcse.agromanager.SoilCalendar][INFO] - Starting soil (oregon) with variation (oregon_1) on day 1984-02-01
[2026-03-23 21:52:46,491][pcse.agromanager.CropCalendar][INFO] - Starting crop (wheat) with variety (wheat_1) on day 1984-02-01
[2026-03-23 21:52:46,732][pcse.crop.phenology.Annual_Phenology][INFO] - Changed phenological stage 'emerging' to 'vegetative' on 1984-04-10
[2026-03-23 21:52:46,856][pcse.crop.phenology.Vernalisation][INFO] - Critical DVS for vernalization (VERNDVS) reached at day 1984-06-02, but vernalization requirements not yet fulfilled. Forcing vernalization now (VERN=47.688571).
[2026-03-23 21:52:46,859][pcse.crop.phenology.Vernalisation][INFO] - Critical DVS for vernalization (VERNDVS) reached at day 1984-06-03, but vernalization requirements not yet fulfilled. Forcing vernalization now (VERN=47.688571).
[2026-03-23 21:52:46,861][pcse.crop.phenology.Vernalisation][INFO] - Critical DVS for vernalization (VERNDVS) reached at day 1984-06-04, but vernalization requirements not yet fulfilled. Forcing vernalization now (VERN=47.688571).
[2026-03-23 21:52:46,864][pcse.crop.phenology.Vernalisation][INFO] - Critical DVS for vernalization (VERNDVS) reached at day 1984-06-05, but vernalization requirements not yet fulfilled. Forcing vernalization now (VERN=47.688571).
[2026-03-23 21:52:46,867][pcse.crop.phenology.Vernalisation][INFO] - Critical DVS for vernalization (VERNDVS) reached at day 1984-06-06, but vernalization requirements not yet fulfilled. Forcing vernalization now (VERN=47.688571).
[2026-03-23 21:52:46,869][pcse.crop.phenology.Vernalisation][INFO] - Critical DVS for vernalization (VERNDVS) reached at day 1984-06-07, but vernalization requirements not yet fulfilled. Forcing vernalization now (VERN=47.688571).
[2026-03-23 21:52:46,872][pcse.crop.phenology.Vernalisation][INFO] - Critical DVS for vernalization (VERNDVS) reached at day 1984-06-08, but vernalization requirements not yet fulfilled. Forcing vernalization now (VERN=47.688571).
[2026-03-23 21:52:46,874][pcse.crop.phenology.Vernalisation][INFO] - Critical DVS for vernalization (VERNDVS) reached at day 1984-06-09, but vernalization requirements not yet fulfilled. Forcing vernalization now (VERN=47.688571).
[2026-03-23 21:52:46,877][pcse.crop.phenology.Vernalisation][INFO] - Critical DVS for vernalization (VERNDVS) reached at day 1984-06-10, but vernalization requirements not yet fulfilled. Forcing vernalization now (VERN=47.688571).
[2026-03-23 21:52:46,879][pcse.crop.phenology.Vernalisation][INFO] - Critical DVS for vernalization (VERNDVS) reached at day 1984-06-11, but vernalization requirements not yet fulfilled. Forcing vernalization now (VERN=47.688571).
[2026-03-23 21:52:46,882][pcse.crop.phenology.Vernalisation][INFO] - Critical DVS for vernalization (VERNDVS) reached at day 1984-06-12, but vernalization requirements not yet fulfilled. Forcing vernalization now (VERN=47.688571).
[2026-03-23 21:52:46,884][pcse.crop.phenology.Vernalisation][INFO] - Critical DVS for vernalization (VERNDVS) reached at day 1984-06-13, but vernalization requirements not yet fulfilled. Forcing vernalization now (VERN=47.688571).
[2026-03-23 21:52:46,887][pcse.crop.phenology.Vernalisation][INFO] - Critical DVS for vernalization (VERNDVS) reached at day 1984-06-14, but vernalization requirements not yet fulfilled. Forcing vernalization now (VERN=47.688571).
[2026-03-23 21:52:46,889][pcse.crop.phenology.Vernalisation][INFO] - Critical DVS for vernalization (VERNDVS) reached at day 1984-06-15, but vernalization requirements not yet fulfilled. Forcing vernalization now (VERN=47.688571).
[2026-03-23 21:52:46,892][pcse.crop.phenology.Vernalisation][INFO] - Critical DVS for vernalization (VERNDVS) reached at day 1984-06-16, but vernalization requirements not yet fulfilled. Forcing vernalization now (VERN=47.688571).
[2026-03-23 21:52:46,894][pcse.crop.phenology.Vernalisation][INFO] - Critical DVS for vernalization (VERNDVS) reached at day 1984-06-17, but vernalization requirements not yet fulfilled. Forcing vernalization now (VERN=47.688571).
[2026-03-23 21:52:46,897][pcse.crop.phenology.Vernalisation][INFO] - Critical DVS for vernalization (VERNDVS) reached at day 1984-06-18, but vernalization requirements not yet fulfilled. Forcing vernalization now (VERN=47.688571).
[2026-03-23 21:52:46,899][pcse.crop.phenology.Vernalisation][INFO] - Critical DVS for vernalization (VERNDVS) reached at day 1984-06-19, but vernalization requirements not yet fulfilled. Forcing vernalization now (VERN=47.688571).
[2026-03-23 21:52:46,902][pcse.crop.phenology.Vernalisation][INFO] - Critical DVS for vernalization (VERNDVS) reached at day 1984-06-20, but vernalization requirements not yet fulfilled. Forcing vernalization now (VERN=47.688571).
[2026-03-23 21:52:46,905][pcse.crop.phenology.Vernalisation][INFO] - Critical DVS for vernalization (VERNDVS) reached at day 1984-06-21, but vernalization requirements not yet fulfilled. Forcing vernalization now (VERN=47.688571).
[2026-03-23 21:52:46,907][pcse.crop.phenology.Vernalisation][INFO] - Critical DVS for vernalization (VERNDVS) reached at day 1984-06-22, but vernalization requirements not yet fulfilled. Forcing vernalization now (VERN=47.688571).
[2026-03-23 21:52:46,910][pcse.crop.phenology.Vernalisation][INFO] - Critical DVS for vernalization (VERNDVS) reached at day 1984-06-23, but vernalization requirements not yet fulfilled. Forcing vernalization now (VERN=47.688571).
[2026-03-23 21:52:46,912][pcse.crop.phenology.Vernalisation][INFO] - Critical DVS for vernalization (VERNDVS) reached at day 1984-06-24, but vernalization requirements not yet fulfilled. Forcing vernalization now (VERN=47.688571).
[2026-03-23 21:52:46,915][pcse.crop.phenology.Vernalisation][INFO] - Critical DVS for vernalization (VERNDVS) reached at day 1984-06-25, but vernalization requirements not yet fulfilled. Forcing vernalization now (VERN=47.688571).
[2026-03-23 21:52:46,917][pcse.crop.phenology.Vernalisation][INFO] - Critical DVS for vernalization (VERNDVS) reached at day 1984-06-26, but vernalization requirements not yet fulfilled. Forcing vernalization now (VERN=47.688571).
[2026-03-23 21:52:46,920][pcse.crop.phenology.Vernalisation][INFO] - Critical DVS for vernalization (VERNDVS) reached at day 1984-06-27, but vernalization requirements not yet fulfilled. Forcing vernalization now (VERN=47.688571).
[2026-03-23 21:52:46,922][pcse.crop.phenology.Vernalisation][INFO] - Critical DVS for vernalization (VERNDVS) reached at day 1984-06-28, but vernalization requirements not yet fulfilled. Forcing vernalization now (VERN=47.688571).
[2026-03-23 21:52:46,925][pcse.crop.phenology.Vernalisation][INFO] - Critical DVS for vernalization (VERNDVS) reached at day 1984-06-29, but vernalization requirements not yet fulfilled. Forcing vernalization now (VERN=47.688571).
[2026-03-23 21:52:46,925][pcse.crop.phenology.Annual_Phenology][INFO] - Changed phenological stage 'vegetative' to 'reproductive' on 1984-06-29
[2026-03-23 21:52:47,109][pcse.crop.phenology.Annual_Phenology][INFO] - Changed phenological stage 'reproductive' to 'mature' on 1984-09-13
[2026-03-23 21:52:47,152][pcse.base.timer.Timer][INFO] - Reached end of simulation period as specified by END_DATE.
[EPISODE DBG] episode=16 step=3856 pred_return=2.756769 true_return=564084.682425 total_feedback=0 labeled_feedback=0
[2026-03-23 21:52:47,156][pcse.agromanager.SoilCalendar][INFO] - Starting soil (oregon) with variation (oregon_1) on day 1984-02-01
[2026-03-23 21:52:47,158][pcse.agromanager.CropCalendar][INFO] - Starting crop (wheat) with variety (wheat_1) on day 1984-02-01
[2026-03-23 21:52:47,402][pcse.crop.phenology.Annual_Phenology][INFO] - Changed phenological stage 'emerging' to 'vegetative' on 1984-04-10
[2026-03-23 21:52:47,526][pcse.crop.phenology.Vernalisation][INFO] - Critical DVS for vernalization (VERNDVS) reached at day 1984-06-02, but vernalization requirements not yet fulfilled. Forcing vernalization now (VERN=47.688571).
[2026-03-23 21:52:47,529][pcse.crop.phenology.Vernalisation][INFO] - Critical DVS for vernalization (VERNDVS) reached at day 1984-06-03, but vernalization requirements not yet fulfilled. Forcing vernalization now (VERN=47.688571).
[2026-03-23 21:52:47,531][pcse.crop.phenology.Vernalisation][INFO] - Critical DVS for vernalization (VERNDVS) reached at day 1984-06-04, but vernalization requirements not yet fulfilled. Forcing vernalization now (VERN=47.688571).
[2026-03-23 21:52:47,534][pcse.crop.phenology.Vernalisation][INFO] - Critical DVS for vernalization (VERNDVS) reached at day 1984-06-05, but vernalization requirements not yet fulfilled. Forcing vernalization now (VERN=47.688571).
[2026-03-23 21:52:47,537][pcse.crop.phenology.Vernalisation][INFO] - Critical DVS for vernalization (VERNDVS) reached at day 1984-06-06, but vernalization requirements not yet fulfilled. Forcing vernalization now (VERN=47.688571).
[2026-03-23 21:52:47,539][pcse.crop.phenology.Vernalisation][INFO] - Critical DVS for vernalization (VERNDVS) reached at day 1984-06-07, but vernalization requirements not yet fulfilled. Forcing vernalization now (VERN=47.688571).
[2026-03-23 21:52:47,542][pcse.crop.phenology.Vernalisation][INFO] - Critical DVS for vernalization (VERNDVS) reached at day 1984-06-08, but vernalization requirements not yet fulfilled. Forcing vernalization now (VERN=47.688571).
[2026-03-23 21:52:47,544][pcse.crop.phenology.Vernalisation][INFO] - Critical DVS for vernalization (VERNDVS) reached at day 1984-06-09, but vernalization requirements not yet fulfilled. Forcing vernalization now (VERN=47.688571).
[2026-03-23 21:52:47,547][pcse.crop.phenology.Vernalisation][INFO] - Critical DVS for vernalization (VERNDVS) reached at day 1984-06-10, but vernalization requirements not yet fulfilled. Forcing vernalization now (VERN=47.688571).
[2026-03-23 21:52:47,549][pcse.crop.phenology.Vernalisation][INFO] - Critical DVS for vernalization (VERNDVS) reached at day 1984-06-11, but vernalization requirements not yet fulfilled. Forcing vernalization now (VERN=47.688571).
[2026-03-23 21:52:47,552][pcse.crop.phenology.Vernalisation][INFO] - Critical DVS for vernalization (VERNDVS) reached at day 1984-06-12, but vernalization requirements not yet fulfilled. Forcing vernalization now (VERN=47.688571).
[2026-03-23 21:52:47,554][pcse.crop.phenology.Vernalisation][INFO] - Critical DVS for vernalization (VERNDVS) reached at day 1984-06-13, but vernalization requirements not yet fulfilled. Forcing vernalization now (VERN=47.688571).
[2026-03-23 21:52:47,557][pcse.crop.phenology.Vernalisation][INFO] - Critical DVS for vernalization (VERNDVS) reached at day 1984-06-14, but vernalization requirements not yet fulfilled. Forcing vernalization now (VERN=47.688571).
[2026-03-23 21:52:47,559][pcse.crop.phenology.Vernalisation][INFO] - Critical DVS for vernalization (VERNDVS) reached at day 1984-06-15, but vernalization requirements not yet fulfilled. Forcing vernalization now (VERN=47.688571).
[2026-03-23 21:52:47,562][pcse.crop.phenology.Vernalisation][INFO] - Critical DVS for vernalization (VERNDVS) reached at day 1984-06-16, but vernalization requirements not yet fulfilled. Forcing vernalization now (VERN=47.688571).
[2026-03-23 21:52:47,564][pcse.crop.phenology.Vernalisation][INFO] - Critical DVS for vernalization (VERNDVS) reached at day 1984-06-17, but vernalization requirements not yet fulfilled. Forcing vernalization now (VERN=47.688571).
[2026-03-23 21:52:47,567][pcse.crop.phenology.Vernalisation][INFO] - Critical DVS for vernalization (VERNDVS) reached at day 1984-06-18, but vernalization requirements not yet fulfilled. Forcing vernalization now (VERN=47.688571).
[2026-03-23 21:52:47,569][pcse.crop.phenology.Vernalisation][INFO] - Critical DVS for vernalization (VERNDVS) reached at day 1984-06-19, but vernalization requirements not yet fulfilled. Forcing vernalization now (VERN=47.688571).
[2026-03-23 21:52:47,572][pcse.crop.phenology.Vernalisation][INFO] - Critical DVS for vernalization (VERNDVS) reached at day 1984-06-20, but vernalization requirements not yet fulfilled. Forcing vernalization now (VERN=47.688571).
[2026-03-23 21:52:47,574][pcse.crop.phenology.Vernalisation][INFO] - Critical DVS for vernalization (VERNDVS) reached at day 1984-06-21, but vernalization requirements not yet fulfilled. Forcing vernalization now (VERN=47.688571).
[2026-03-23 21:52:47,577][pcse.crop.phenology.Vernalisation][INFO] - Critical DVS for vernalization (VERNDVS) reached at day 1984-06-22, but vernalization requirements not yet fulfilled. Forcing vernalization now (VERN=47.688571).
[2026-03-23 21:52:47,580][pcse.crop.phenology.Vernalisation][INFO] - Critical DVS for vernalization (VERNDVS) reached at day 1984-06-23, but vernalization requirements not yet fulfilled. Forcing vernalization now (VERN=47.688571).
[2026-03-23 21:52:47,582][pcse.crop.phenology.Vernalisation][INFO] - Critical DVS for vernalization (VERNDVS) reached at day 1984-06-24, but vernalization requirements not yet fulfilled. Forcing vernalization now (VERN=47.688571).
[2026-03-23 21:52:47,585][pcse.crop.phenology.Vernalisation][INFO] - Critical DVS for vernalization (VERNDVS) reached at day 1984-06-25, but vernalization requirements not yet fulfilled. Forcing vernalization now (VERN=47.688571).

[DEBUG PREF DATASET]
pair 0: ret1=564084.6875, ret2=614794.9375, diff=-50710.2500
pair 1: ret1=567585.1875, ret2=613412.1250, diff=-45826.9375
pair 2: ret1=595149.6250, ret2=567585.1875, diff=27564.4375
pair 3: ret1=487092.9375, ret2=613412.1250, diff=-126319.1875
pair 4: ret1=487092.9375, ret2=623792.0000, diff=-136699.0625
labels sample: [1, 1, 0, 1, 1]
[pref] step=4000 mb=16 n=16 seg1=7 seg2=9 tie=0 p1=0.438 p2=0.562 ptie=0.000
[RM SCORE DEBUG | train_reward]
pair 0: score1=-0.0658, score2=-0.0619, label=0
pair 1: score1=-0.0685, score2=-0.0680, label=1
pair 2: score1=-0.0685, score2=-0.0685, label=0
pair 3: score1=-0.0613, score2=-0.0619, label=0
pair 4: score1=-0.0626, score2=-0.0718, label=1
[RM TRAIN | train_reward] epoch=0 loss=2.079051 grad_norm=7.548598e-02 params_with_grad=24
[RM SCORE DEBUG | train_reward]
pair 0: score1=-0.0561, score2=-0.0599, label=1
pair 1: score1=-0.0546, score2=-0.0568, label=0
pair 2: score1=-0.0605, score2=-0.0642, label=0
pair 3: score1=-0.0554, score2=-0.0588, label=1
pair 4: score1=-0.0554, score2=-0.0531, label=1
[RM TRAIN | train_reward] epoch=0 loss=2.072206 grad_norm=7.465874e-02 params_with_grad=24
[RM SCORE DEBUG | train_reward]
pair 0: score1=-0.0630, score2=-0.0463, label=1
pair 1: score1=-0.0436, score2=-0.0515, label=0
pair 2: score1=-0.0523, score2=-0.0523, label=0
pair 3: score1=-0.0460, score2=-0.0501, label=0
pair 4: score1=-0.0508, score2=-0.0499, label=1
[RM TRAIN | train_reward] epoch=0 loss=2.065669 grad_norm=7.617988e-02 params_with_grad=24
Reward function is updated!! ACC: 1.0
[REPLAY DBG] before first relabel n=4000 mean=-0.407891 std=19.397049 min=-866.625977 max=41.096046
[REPLAY DBG] after first relabel n=4000 mean=0.028035 std=0.040420 min=-0.066586 max=0.180503
[2026-03-23 21:53:03,391][pcse.crop.phenology.Vernalisation][INFO] - Critical DVS for vernalization (VERNDVS) reached at day 1984-06-26, but vernalization requirements not yet fulfilled. Forcing vernalization now (VERN=47.688571).
[STEP DBG] step=4000 env_reward=0.000000 r_hat=0.044221 done=False
[NORM DBG] count=4000 mean_abs_mean=62688.429688 mean_std=236.988297 min_std=0.001000 max_std=3380.554443
[2026-03-23 21:53:03,411][pcse.crop.phenology.Vernalisation][INFO] - Critical DVS for vernalization (VERNDVS) reached at day 1984-06-27, but vernalization requirements not yet fulfilled. Forcing vernalization now (VERN=47.688571).
[2026-03-23 21:53:03,430][pcse.crop.phenology.Vernalisation][INFO] - Critical DVS for vernalization (VERNDVS) reached at day 1984-06-28, but vernalization requirements not yet fulfilled. Forcing vernalization now (VERN=47.688571).
[2026-03-23 21:53:03,449][pcse.crop.phenology.Vernalisation][INFO] - Critical DVS for vernalization (VERNDVS) reached at day 1984-06-29, but vernalization requirements not yet fulfilled. Forcing vernalization now (VERN=47.688571).
[2026-03-23 21:53:03,449][pcse.crop.phenology.Annual_Phenology][INFO] - Changed phenological stage 'vegetative' to 'reproductive' on 1984-06-29
[2026-03-23 21:53:04,519][pcse.crop.phenology.Annual_Phenology][INFO] - Changed phenological stage 'reproductive' to 'mature' on 1984-09-13
[2026-03-23 21:53:04,752][pcse.base.timer.Timer][INFO] - Reached end of simulation period as specified by END_DATE.
| train          | E: 17 | S: 4097 | R: 2.7568 | TR: 564084.6824 | TF: 0 | LR: 0 | NR: 0 | D: 17.6 s | TD: 00.0 s | BR: 0.0276 | ALOSS: -11053.7330 | CLOSS: 2612945.1418 | TLOSS: -531.8503 | TVAL: 0.1010 | AENT: -5264.8150 | BCLOSS: 0.0000
| pref           | N: 16 | seg1: 7 | seg2: 9 | tie: 0 | p1: 0.4375 | p2: 0.5625 | ptie: 0.0000
[EPISODE DBG] episode=17 step=4097 pred_return=-1.297306 true_return=291976.156772 total_feedback=16 labeled_feedback=16
[2026-03-23 21:53:04,758][pcse.agromanager.SoilCalendar][INFO] - Starting soil (oregon) with variation (oregon_1) on day 1984-02-01
[2026-03-23 21:53:04,760][pcse.agromanager.CropCalendar][INFO] - Starting crop (wheat) with variety (wheat_1) on day 1984-02-01
[2026-03-23 21:53:05,949][pcse.crop.phenology.Annual_Phenology][INFO] - Changed phenological stage 'emerging' to 'vegetative' on 1984-04-10
[2026-03-23 21:53:06,872][pcse.crop.phenology.Vernalisation][INFO] - Critical DVS for vernalization (VERNDVS) reached at day 1984-06-02, but vernalization requirements not yet fulfilled. Forcing vernalization now (VERN=47.688571).
[2026-03-23 21:53:06,886][pcse.crop.phenology.Vernalisation][INFO] - Critical DVS for vernalization (VERNDVS) reached at day 1984-06-03, but vernalization requirements not yet fulfilled. Forcing vernalization now (VERN=47.688571).
[2026-03-23 21:53:06,899][pcse.crop.phenology.Vernalisation][INFO] - Critical DVS for vernalization (VERNDVS) reached at day 1984-06-04, but vernalization requirements not yet fulfilled. Forcing vernalization now (VERN=47.688571).
[2026-03-23 21:53:06,913][pcse.crop.phenology.Vernalisation][INFO] - Critical DVS for vernalization (VERNDVS) reached at day 1984-06-05, but vernalization requirements not yet fulfilled. Forcing vernalization now (VERN=47.688571).
[2026-03-23 21:53:06,927][pcse.crop.phenology.Vernalisation][INFO] - Critical DVS for vernalization (VERNDVS) reached at day 1984-06-06, but vernalization requirements not yet fulfilled. Forcing vernalization now (VERN=47.688571).
[2026-03-23 21:53:06,940][pcse.crop.phenology.Vernalisation][INFO] - Critical DVS for vernalization (VERNDVS) reached at day 1984-06-07, but vernalization requirements not yet fulfilled. Forcing vernalization now (VERN=47.688571).
[2026-03-23 21:53:06,954][pcse.crop.phenology.Vernalisation][INFO] - Critical DVS for vernalization (VERNDVS) reached at day 1984-06-08, but vernalization requirements not yet fulfilled. Forcing vernalization now (VERN=47.688571).
[2026-03-23 21:53:06,968][pcse.crop.phenology.Vernalisation][INFO] - Critical DVS for vernalization (VERNDVS) reached at day 1984-06-09, but vernalization requirements not yet fulfilled. Forcing vernalization now (VERN=47.688571).
[2026-03-23 21:53:06,982][pcse.crop.phenology.Vernalisation][INFO] - Critical DVS for vernalization (VERNDVS) reached at day 1984-06-10, but vernalization requirements not yet fulfilled. Forcing vernalization now (VERN=47.688571).
[2026-03-23 21:53:06,996][pcse.crop.phenology.Vernalisation][INFO] - Critical DVS for vernalization (VERNDVS) reached at day 1984-06-11, but vernalization requirements not yet fulfilled. Forcing vernalization now (VERN=47.688571).
[2026-03-23 21:53:07,010][pcse.crop.phenology.Vernalisation][INFO] - Critical DVS for vernalization (VERNDVS) reached at day 1984-06-12, but vernalization requirements not yet fulfilled. Forcing vernalization now (VERN=47.688571).
[2026-03-23 21:53:07,023][pcse.crop.phenology.Vernalisation][INFO] - Critical DVS for vernalization (VERNDVS) reached at day 1984-06-13, but vernalization requirements not yet fulfilled. Forcing vernalization now (VERN=47.688571).
[2026-03-23 21:53:07,037][pcse.crop.phenology.Vernalisation][INFO] - Critical DVS for vernalization (VERNDVS) reached at day 1984-06-14, but vernalization requirements not yet fulfilled. Forcing vernalization now (VERN=47.688571).
[2026-03-23 21:53:07,051][pcse.crop.phenology.Vernalisation][INFO] - Critical DVS for vernalization (VERNDVS) reached at day 1984-06-15, but vernalization requirements not yet fulfilled. Forcing vernalization now (VERN=47.688571).
[2026-03-23 21:53:07,065][pcse.crop.phenology.Vernalisation][INFO] - Critical DVS for vernalization (VERNDVS) reached at day 1984-06-16, but vernalization requirements not yet fulfilled. Forcing vernalization now (VERN=47.688571).
[2026-03-23 21:53:07,079][pcse.crop.phenology.Vernalisation][INFO] - Critical DVS for vernalization (VERNDVS) reached at day 1984-06-17, but vernalization requirements not yet fulfilled. Forcing vernalization now (VERN=47.688571).
[2026-03-23 21:53:07,093][pcse.crop.phenology.Vernalisation][INFO] - Critical DVS for vernalization (VERNDVS) reached at day 1984-06-18, but vernalization requirements not yet fulfilled. Forcing vernalization now (VERN=47.688571).
[2026-03-23 21:53:07,106][pcse.crop.phenology.Vernalisation][INFO] - Critical DVS for vernalization (VERNDVS) reached at day 1984-06-19, but vernalization requirements not yet fulfilled. Forcing vernalization now (VERN=47.688571).
[2026-03-23 21:53:07,120][pcse.crop.phenology.Vernalisation][INFO] - Critical DVS for vernalization (VERNDVS) reached at day 1984-06-20, but vernalization requirements not yet fulfilled. Forcing vernalization now (VERN=47.688571).
[2026-03-23 21:53:07,134][pcse.crop.phenology.Vernalisation][INFO] - Critical DVS for vernalization (VERNDVS) reached at day 1984-06-21, but vernalization requirements not yet fulfilled. Forcing vernalization now (VERN=47.688571).
[2026-03-23 21:53:07,147][pcse.crop.phenology.Vernalisation][INFO] - Critical DVS for vernalization (VERNDVS) reached at day 1984-06-22, but vernalization requirements not yet fulfilled. Forcing vernalization now (VERN=47.688571).
[2026-03-23 21:53:07,161][pcse.crop.phenology.Vernalisation][INFO] - Critical DVS for vernalization (VERNDVS) reached at day 1984-06-23, but vernalization requirements not yet fulfilled. Forcing vernalization now (VERN=47.688571).
[2026-03-23 21:53:07,175][pcse.crop.phenology.Vernalisation][INFO] - Critical DVS for vernalization (VERNDVS) reached at day 1984-06-24, but vernalization requirements not yet fulfilled. Forcing vernalization now (VERN=47.688571).
[2026-03-23 21:53:07,189][pcse.crop.phenology.Vernalisation][INFO] - Critical DVS for vernalization (VERNDVS) reached at day 1984-06-25, but vernalization requirements not yet fulfilled. Forcing vernalization now (VERN=47.688571).
[2026-03-23 21:53:07,203][pcse.crop.phenology.Vernalisation][INFO] - Critical DVS for vernalization (VERNDVS) reached at day 1984-06-26, but vernalization requirements not yet fulfilled. Forcing vernalization now (VERN=47.688571).
[2026-03-23 21:53:07,217][pcse.crop.phenology.Vernalisation][INFO] - Critical DVS for vernalization (VERNDVS) reached at day 1984-06-27, but vernalization requirements not yet fulfilled. Forcing vernalization now (VERN=47.688571).
[2026-03-23 21:53:07,230][pcse.crop.phenology.Vernalisation][INFO] - Critical DVS for vernalization (VERNDVS) reached at day 1984-06-28, but vernalization requirements not yet fulfilled. Forcing vernalization now (VERN=47.688571).
[2026-03-23 21:53:07,244][pcse.crop.phenology.Vernalisation][INFO] - Critical DVS for vernalization (VERNDVS) reached at day 1984-06-29, but vernalization requirements not yet fulfilled. Forcing vernalization now (VERN=47.688571).
[2026-03-23 21:53:07,244][pcse.crop.phenology.Annual_Phenology][INFO] - Changed phenological stage 'vegetative' to 'reproductive' on 1984-06-29
[2026-03-23 21:53:08,425][pcse.crop.phenology.Annual_Phenology][INFO] - Changed phenological stage 'reproductive' to 'mature' on 1984-09-13
[2026-03-23 21:53:08,659][pcse.base.timer.Timer][INFO] - Reached end of simulation period as specified by END_DATE.
| train          | E: 18 | S: 4338 | R: -1.2973 | TR: 291976.1568 | TF: 16 | LR: 16 | NR: 0 | D: 03.9 s | TD: 00.0 s | BR: 0.0268 | ALOSS: -11741.0741 | CLOSS: 1465239.4093 | TLOSS: -166.8576 | TVAL: 0.1019 | AENT: -1640.5123 | BCLOSS: 0.0000
[EPISODE DBG] episode=18 step=4338 pred_return=2.339277 true_return=3.575801 total_feedback=16 labeled_feedback=16
[2026-03-23 21:53:08,664][pcse.agromanager.SoilCalendar][INFO] - Starting soil (oregon) with variation (oregon_1) on day 1984-02-01
[2026-03-23 21:53:08,666][pcse.agromanager.CropCalendar][INFO] - Starting crop (wheat) with variety (wheat_1) on day 1984-02-01

[DEBUG PREF DATASET]
pair 0: ret1=611498.5625, ret2=613412.1250, diff=-1913.5625
pair 1: ret1=595149.6250, ret2=611498.5625, diff=-16348.9375
pair 2: ret1=541866.7500, ret2=605072.8125, diff=-63206.0625
pair 3: ret1=613412.1250, ret2=612882.2500, diff=529.8750
pair 4: ret1=585549.5625, ret2=605072.8125, diff=-19523.2500
labels sample: [1, 1, 1, 0, 1]
[pref] step=4400 mb=16 n=16 seg1=5 seg2=11 tie=0 p1=0.312 p2=0.688 ptie=0.000
Reward function is updated!! ACC: 0.9166666666666666
[REPLAY DBG] before relabel step=4400 n=4400 mean=0.026111 std=0.039945 min=-0.066586 max=0.180503
[REPLAY DBG] after relabel step=4400 n=4400 mean=0.037689 std=0.095787 min=-0.286671 max=0.318578
[2026-03-23 21:53:09,875][pcse.crop.phenology.Annual_Phenology][INFO] - Changed phenological stage 'emerging' to 'vegetative' on 1984-04-10
[2026-03-23 21:53:10,612][pcse.crop.phenology.Vernalisation][INFO] - Critical DVS for vernalization (VERNDVS) reached at day 1984-06-02, but vernalization requirements not yet fulfilled. Forcing vernalization now (VERN=47.688571).
[2026-03-23 21:53:10,626][pcse.crop.phenology.Vernalisation][INFO] - Critical DVS for vernalization (VERNDVS) reached at day 1984-06-03, but vernalization requirements not yet fulfilled. Forcing vernalization now (VERN=47.688571).
[2026-03-23 21:53:10,640][pcse.crop.phenology.Vernalisation][INFO] - Critical DVS for vernalization (VERNDVS) reached at day 1984-06-04, but vernalization requirements not yet fulfilled. Forcing vernalization now (VERN=47.688571).
[2026-03-23 21:53:10,654][pcse.crop.phenology.Vernalisation][INFO] - Critical DVS for vernalization (VERNDVS) reached at day 1984-06-05, but vernalization requirements not yet fulfilled. Forcing vernalization now (VERN=47.688571).
[2026-03-23 21:53:10,669][pcse.crop.phenology.Vernalisation][INFO] - Critical DVS for vernalization (VERNDVS) reached at day 1984-06-06, but vernalization requirements not yet fulfilled. Forcing vernalization now (VERN=47.688571).
[2026-03-23 21:53:10,683][pcse.crop.phenology.Vernalisation][INFO] - Critical DVS for vernalization (VERNDVS) reached at day 1984-06-07, but vernalization requirements not yet fulfilled. Forcing vernalization now (VERN=47.688571).
[2026-03-23 21:53:10,697][pcse.crop.phenology.Vernalisation][INFO] - Critical DVS for vernalization (VERNDVS) reached at day 1984-06-08, but vernalization requirements not yet fulfilled. Forcing vernalization now (VERN=47.688571).
[2026-03-23 21:53:10,711][pcse.crop.phenology.Vernalisation][INFO] - Critical DVS for vernalization (VERNDVS) reached at day 1984-06-09, but vernalization requirements not yet fulfilled. Forcing vernalization now (VERN=47.688571).
[2026-03-23 21:53:10,725][pcse.crop.phenology.Vernalisation][INFO] - Critical DVS for vernalization (VERNDVS) reached at day 1984-06-10, but vernalization requirements not yet fulfilled. Forcing vernalization now (VERN=47.688571).
[2026-03-23 21:53:10,738][pcse.crop.phenology.Vernalisation][INFO] - Critical DVS for vernalization (VERNDVS) reached at day 1984-06-11, but vernalization requirements not yet fulfilled. Forcing vernalization now (VERN=47.688571).
[2026-03-23 21:53:10,752][pcse.crop.phenology.Vernalisation][INFO] - Critical DVS for vernalization (VERNDVS) reached at day 1984-06-12, but vernalization requirements not yet fulfilled. Forcing vernalization now (VERN=47.688571).
[2026-03-23 21:53:10,766][pcse.crop.phenology.Vernalisation][INFO] - Critical DVS for vernalization (VERNDVS) reached at day 1984-06-13, but vernalization requirements not yet fulfilled. Forcing vernalization now (VERN=47.688571).
[2026-03-23 21:53:10,780][pcse.crop.phenology.Vernalisation][INFO] - Critical DVS for vernalization (VERNDVS) reached at day 1984-06-14, but vernalization requirements not yet fulfilled. Forcing vernalization now (VERN=47.688571).
[2026-03-23 21:53:10,794][pcse.crop.phenology.Vernalisation][INFO] - Critical DVS for vernalization (VERNDVS) reached at day 1984-06-15, but vernalization requirements not yet fulfilled. Forcing vernalization now (VERN=47.688571).
[2026-03-23 21:53:10,808][pcse.crop.phenology.Vernalisation][INFO] - Critical DVS for vernalization (VERNDVS) reached at day 1984-06-16, but vernalization requirements not yet fulfilled. Forcing vernalization now (VERN=47.688571).
[2026-03-23 21:53:10,822][pcse.crop.phenology.Vernalisation][INFO] - Critical DVS for vernalization (VERNDVS) reached at day 1984-06-17, but vernalization requirements not yet fulfilled. Forcing vernalization now (VERN=47.688571).
[2026-03-23 21:53:10,836][pcse.crop.phenology.Vernalisation][INFO] - Critical DVS for vernalization (VERNDVS) reached at day 1984-06-18, but vernalization requirements not yet fulfilled. Forcing vernalization now (VERN=47.688571).
[2026-03-23 21:53:10,850][pcse.crop.phenology.Vernalisation][INFO] - Critical DVS for vernalization (VERNDVS) reached at day 1984-06-19, but vernalization requirements not yet fulfilled. Forcing vernalization now (VERN=47.688571).
[2026-03-23 21:53:10,865][pcse.crop.phenology.Vernalisation][INFO] - Critical DVS for vernalization (VERNDVS) reached at day 1984-06-20, but vernalization requirements not yet fulfilled. Forcing vernalization now (VERN=47.688571).
[2026-03-23 21:53:10,879][pcse.crop.phenology.Vernalisation][INFO] - Critical DVS for vernalization (VERNDVS) reached at day 1984-06-21, but vernalization requirements not yet fulfilled. Forcing vernalization now (VERN=47.688571).
[2026-03-23 21:53:10,892][pcse.crop.phenology.Vernalisation][INFO] - Critical DVS for vernalization (VERNDVS) reached at day 1984-06-22, but vernalization requirements not yet fulfilled. Forcing vernalization now (VERN=47.688571).
[2026-03-23 21:53:10,906][pcse.crop.phenology.Vernalisation][INFO] - Critical DVS for vernalization (VERNDVS) reached at day 1984-06-23, but vernalization requirements not yet fulfilled. Forcing vernalization now (VERN=47.688571).
[2026-03-23 21:53:10,920][pcse.crop.phenology.Vernalisation][INFO] - Critical DVS for vernalization (VERNDVS) reached at day 1984-06-24, but vernalization requirements not yet fulfilled. Forcing vernalization now (VERN=47.688571).
[2026-03-23 21:53:10,934][pcse.crop.phenology.Vernalisation][INFO] - Critical DVS for vernalization (VERNDVS) reached at day 1984-06-25, but vernalization requirements not yet fulfilled. Forcing vernalization now (VERN=47.688571).
[2026-03-23 21:53:10,947][pcse.crop.phenology.Vernalisation][INFO] - Critical DVS for vernalization (VERNDVS) reached at day 1984-06-26, but vernalization requirements not yet fulfilled. Forcing vernalization now (VERN=47.688571).
[2026-03-23 21:53:10,962][pcse.crop.phenology.Vernalisation][INFO] - Critical DVS for vernalization (VERNDVS) reached at day 1984-06-27, but vernalization requirements not yet fulfilled. Forcing vernalization now (VERN=47.688571).
[2026-03-23 21:53:10,975][pcse.crop.phenology.Vernalisation][INFO] - Critical DVS for vernalization (VERNDVS) reached at day 1984-06-28, but vernalization requirements not yet fulfilled. Forcing vernalization now (VERN=47.688571).
[2026-03-23 21:53:10,989][pcse.crop.phenology.Vernalisation][INFO] - Critical DVS for vernalization (VERNDVS) reached at day 1984-06-29, but vernalization requirements not yet fulfilled. Forcing vernalization now (VERN=47.688571).
[2026-03-23 21:53:10,989][pcse.crop.phenology.Annual_Phenology][INFO] - Changed phenological stage 'vegetative' to 'reproductive' on 1984-06-29
[REPLAY DBG] post-agent-update step=4500 n=4500 mean=0.033821 std=0.098268 min=-0.286671 max=0.318578
[STEP DBG] step=4500 env_reward=0.000000 r_hat=-0.201133 done=False
[NORM DBG] count=4500 mean_abs_mean=62674.042969 mean_std=231.707932 min_std=0.001000 max_std=3260.436768
[2026-03-23 21:53:12,169][pcse.crop.phenology.Annual_Phenology][INFO] - Changed phenological stage 'reproductive' to 'mature' on 1984-09-13
[2026-03-23 21:53:12,406][pcse.base.timer.Timer][INFO] - Reached end of simulation period as specified by END_DATE.
| train          | E: 19 | S: 4579 | R: 2.3393 | TR: 3.5758 | TF: 16 | LR: 16 | NR: 0 | D: 03.7 s | TD: 00.0 s | BR: 0.0319 | ALOSS: -11810.4751 | CLOSS: 1123692.9804 | TLOSS: -90.2216 | TVAL: 0.1024 | AENT: -881.8265 | BCLOSS: 0.0000
| pref           | N: 16 | seg1: 5 | seg2: 11 | tie: 0 | p1: 0.3125 | p2: 0.6875 | ptie: 0.0000
[EPISODE DBG] episode=19 step=4579 pred_return=-28.041621 true_return=0.000000 total_feedback=32 labeled_feedback=32
[2026-03-23 21:53:12,411][pcse.agromanager.SoilCalendar][INFO] - Starting soil (oregon) with variation (oregon_1) on day 1984-02-01
[2026-03-23 21:53:12,413][pcse.agromanager.CropCalendar][INFO] - Starting crop (wheat) with variety (wheat_1) on day 1984-02-01
[2026-03-23 21:53:13,658][pcse.crop.phenology.Annual_Phenology][INFO] - Changed phenological stage 'emerging' to 'vegetative' on 1984-04-10
[2026-03-23 21:53:14,411][pcse.crop.phenology.Vernalisation][INFO] - Critical DVS for vernalization (VERNDVS) reached at day 1984-06-02, but vernalization requirements not yet fulfilled. Forcing vernalization now (VERN=47.688571).
[2026-03-23 21:53:14,569][pcse.crop.phenology.Vernalisation][INFO] - Critical DVS for vernalization (VERNDVS) reached at day 1984-06-03, but vernalization requirements not yet fulfilled. Forcing vernalization now (VERN=47.688571).
[2026-03-23 21:53:14,585][pcse.crop.phenology.Vernalisation][INFO] - Critical DVS for vernalization (VERNDVS) reached at day 1984-06-04, but vernalization requirements not yet fulfilled. Forcing vernalization now (VERN=47.688571).
[2026-03-23 21:53:14,600][pcse.crop.phenology.Vernalisation][INFO] - Critical DVS for vernalization (VERNDVS) reached at day 1984-06-05, but vernalization requirements not yet fulfilled. Forcing vernalization now (VERN=47.688571).
[2026-03-23 21:53:14,615][pcse.crop.phenology.Vernalisation][INFO] - Critical DVS for vernalization (VERNDVS) reached at day 1984-06-06, but vernalization requirements not yet fulfilled. Forcing vernalization now (VERN=47.688571).
[2026-03-23 21:53:14,630][pcse.crop.phenology.Vernalisation][INFO] - Critical DVS for vernalization (VERNDVS) reached at day 1984-06-07, but vernalization requirements not yet fulfilled. Forcing vernalization now (VERN=47.688571).
[2026-03-23 21:53:14,644][pcse.crop.phenology.Vernalisation][INFO] - Critical DVS for vernalization (VERNDVS) reached at day 1984-06-08, but vernalization requirements not yet fulfilled. Forcing vernalization now (VERN=47.688571).
[2026-03-23 21:53:14,659][pcse.crop.phenology.Vernalisation][INFO] - Critical DVS for vernalization (VERNDVS) reached at day 1984-06-09, but vernalization requirements not yet fulfilled. Forcing vernalization now (VERN=47.688571).
[2026-03-23 21:53:14,672][pcse.crop.phenology.Vernalisation][INFO] - Critical DVS for vernalization (VERNDVS) reached at day 1984-06-10, but vernalization requirements not yet fulfilled. Forcing vernalization now (VERN=47.688571).
[2026-03-23 21:53:14,686][pcse.crop.phenology.Vernalisation][INFO] - Critical DVS for vernalization (VERNDVS) reached at day 1984-06-11, but vernalization requirements not yet fulfilled. Forcing vernalization now (VERN=47.688571).
[2026-03-23 21:53:14,700][pcse.crop.phenology.Vernalisation][INFO] - Critical DVS for vernalization (VERNDVS) reached at day 1984-06-12, but vernalization requirements not yet fulfilled. Forcing vernalization now (VERN=47.688571).
[2026-03-23 21:53:14,714][pcse.crop.phenology.Vernalisation][INFO] - Critical DVS for vernalization (VERNDVS) reached at day 1984-06-13, but vernalization requirements not yet fulfilled. Forcing vernalization now (VERN=47.688571).
[2026-03-23 21:53:14,728][pcse.crop.phenology.Vernalisation][INFO] - Critical DVS for vernalization (VERNDVS) reached at day 1984-06-14, but vernalization requirements not yet fulfilled. Forcing vernalization now (VERN=47.688571).
[2026-03-23 21:53:14,742][pcse.crop.phenology.Vernalisation][INFO] - Critical DVS for vernalization (VERNDVS) reached at day 1984-06-15, but vernalization requirements not yet fulfilled. Forcing vernalization now (VERN=47.688571).
[2026-03-23 21:53:14,756][pcse.crop.phenology.Vernalisation][INFO] - Critical DVS for vernalization (VERNDVS) reached at day 1984-06-16, but vernalization requirements not yet fulfilled. Forcing vernalization now (VERN=47.688571).
[2026-03-23 21:53:14,770][pcse.crop.phenology.Vernalisation][INFO] - Critical DVS for vernalization (VERNDVS) reached at day 1984-06-17, but vernalization requirements not yet fulfilled. Forcing vernalization now (VERN=47.688571).
[2026-03-23 21:53:14,784][pcse.crop.phenology.Vernalisation][INFO] - Critical DVS for vernalization (VERNDVS) reached at day 1984-06-18, but vernalization requirements not yet fulfilled. Forcing vernalization now (VERN=47.688571).
[2026-03-23 21:53:14,798][pcse.crop.phenology.Vernalisation][INFO] - Critical DVS for vernalization (VERNDVS) reached at day 1984-06-19, but vernalization requirements not yet fulfilled. Forcing vernalization now (VERN=47.688571).
[2026-03-23 21:53:14,812][pcse.crop.phenology.Vernalisation][INFO] - Critical DVS for vernalization (VERNDVS) reached at day 1984-06-20, but vernalization requirements not yet fulfilled. Forcing vernalization now (VERN=47.688571).
[2026-03-23 21:53:14,826][pcse.crop.phenology.Vernalisation][INFO] - Critical DVS for vernalization (VERNDVS) reached at day 1984-06-21, but vernalization requirements not yet fulfilled. Forcing vernalization now (VERN=47.688571).
[2026-03-23 21:53:14,840][pcse.crop.phenology.Vernalisation][INFO] - Critical DVS for vernalization (VERNDVS) reached at day 1984-06-22, but vernalization requirements not yet fulfilled. Forcing vernalization now (VERN=47.688571).
[2026-03-23 21:53:14,854][pcse.crop.phenology.Vernalisation][INFO] - Critical DVS for vernalization (VERNDVS) reached at day 1984-06-23, but vernalization requirements not yet fulfilled. Forcing vernalization now (VERN=47.688571).
[2026-03-23 21:53:14,867][pcse.crop.phenology.Vernalisation][INFO] - Critical DVS for vernalization (VERNDVS) reached at day 1984-06-24, but vernalization requirements not yet fulfilled. Forcing vernalization now (VERN=47.688571).
[2026-03-23 21:53:14,881][pcse.crop.phenology.Vernalisation][INFO] - Critical DVS for vernalization (VERNDVS) reached at day 1984-06-25, but vernalization requirements not yet fulfilled. Forcing vernalization now (VERN=47.688571).
[2026-03-23 21:53:14,895][pcse.crop.phenology.Vernalisation][INFO] - Critical DVS for vernalization (VERNDVS) reached at day 1984-06-26, but vernalization requirements not yet fulfilled. Forcing vernalization now (VERN=47.688571).
[2026-03-23 21:53:14,909][pcse.crop.phenology.Vernalisation][INFO] - Critical DVS for vernalization (VERNDVS) reached at day 1984-06-27, but vernalization requirements not yet fulfilled. Forcing vernalization now (VERN=47.688571).
[2026-03-23 21:53:14,923][pcse.crop.phenology.Vernalisation][INFO] - Critical DVS for vernalization (VERNDVS) reached at day 1984-06-28, but vernalization requirements not yet fulfilled. Forcing vernalization now (VERN=47.688571).
[2026-03-23 21:53:14,937][pcse.crop.phenology.Vernalisation][INFO] - Critical DVS for vernalization (VERNDVS) reached at day 1984-06-29, but vernalization requirements not yet fulfilled. Forcing vernalization now (VERN=47.688571).
[2026-03-23 21:53:14,937][pcse.crop.phenology.Annual_Phenology][INFO] - Changed phenological stage 'vegetative' to 'reproductive' on 1984-06-29

[DEBUG PREF DATASET]
pair 0: ret1=614794.9375, ret2=564084.6875, diff=50710.2500
pair 1: ret1=564084.6875, ret2=567585.1875, diff=-3500.5000
pair 2: ret1=564084.6875, ret2=585549.5625, diff=-21464.8750
pair 3: ret1=613412.1250, ret2=612882.2500, diff=529.8750
pair 4: ret1=623792.0000, ret2=623792.0000, diff=0.0000
labels sample: [0, 1, 1, 0, 0]
[pref] step=4800 mb=16 n=16 seg1=8 seg2=8 tie=0 p1=0.500 p2=0.500 ptie=0.000
Reward function is updated!! ACC: 0.8958333333333334
[REPLAY DBG] before relabel step=4800 n=4800 mean=0.022932 std=0.105201 min=-0.286671 max=0.318578
[REPLAY DBG] after relabel step=4800 n=4800 mean=0.039789 std=0.189037 min=-0.463953 max=0.485603
[2026-03-23 21:53:16,184][pcse.crop.phenology.Annual_Phenology][INFO] - Changed phenological stage 'reproductive' to 'mature' on 1984-09-13
[2026-03-23 21:53:16,424][pcse.base.timer.Timer][INFO] - Reached end of simulation period as specified by END_DATE.
| train          | E: 20 | S: 4820 | R: -28.0416 | TR: 0.0000 | TF: 32 | LR: 32 | NR: 0 | D: 04.0 s | TD: 00.0 s | BR: 0.0283 | ALOSS: -11669.9876 | CLOSS: 1112418.1788 | TLOSS: -90.4601 | TVAL: 0.1031 | AENT: -878.8311 | BCLOSS: 0.0000
| pref           | N: 16 | seg1: 8 | seg2: 8 | tie: 0 | p1: 0.5000 | p2: 0.5000 | ptie: 0.0000
[EPISODE DBG] episode=20 step=4820 pred_return=-34.123356 true_return=0.228308 total_feedback=48 labeled_feedback=48
[2026-03-23 21:53:16,431][pcse.agromanager.SoilCalendar][INFO] - Starting soil (oregon) with variation (oregon_1) on day 1984-02-01
[2026-03-23 21:53:16,433][pcse.agromanager.CropCalendar][INFO] - Starting crop (wheat) with variety (wheat_1) on day 1984-02-01
[2026-03-23 21:53:17,454][pcse.crop.phenology.Annual_Phenology][INFO] - Changed phenological stage 'emerging' to 'vegetative' on 1984-04-10
[2026-03-23 21:53:18,320][pcse.crop.phenology.Vernalisation][INFO] - Critical DVS for vernalization (VERNDVS) reached at day 1984-06-02, but vernalization requirements not yet fulfilled. Forcing vernalization now (VERN=47.688571).
[2026-03-23 21:53:18,334][pcse.crop.phenology.Vernalisation][INFO] - Critical DVS for vernalization (VERNDVS) reached at day 1984-06-03, but vernalization requirements not yet fulfilled. Forcing vernalization now (VERN=47.688571).
[2026-03-23 21:53:18,348][pcse.crop.phenology.Vernalisation][INFO] - Critical DVS for vernalization (VERNDVS) reached at day 1984-06-04, but vernalization requirements not yet fulfilled. Forcing vernalization now (VERN=47.688571).
[2026-03-23 21:53:18,362][pcse.crop.phenology.Vernalisation][INFO] - Critical DVS for vernalization (VERNDVS) reached at day 1984-06-05, but vernalization requirements not yet fulfilled. Forcing vernalization now (VERN=47.688571).
[2026-03-23 21:53:18,376][pcse.crop.phenology.Vernalisation][INFO] - Critical DVS for vernalization (VERNDVS) reached at day 1984-06-06, but vernalization requirements not yet fulfilled. Forcing vernalization now (VERN=47.688571).
[2026-03-23 21:53:18,390][pcse.crop.phenology.Vernalisation][INFO] - Critical DVS for vernalization (VERNDVS) reached at day 1984-06-07, but vernalization requirements not yet fulfilled. Forcing vernalization now (VERN=47.688571).
[2026-03-23 21:53:18,404][pcse.crop.phenology.Vernalisation][INFO] - Critical DVS for vernalization (VERNDVS) reached at day 1984-06-08, but vernalization requirements not yet fulfilled. Forcing vernalization now (VERN=47.688571).
[2026-03-23 21:53:18,418][pcse.crop.phenology.Vernalisation][INFO] - Critical DVS for vernalization (VERNDVS) reached at day 1984-06-09, but vernalization requirements not yet fulfilled. Forcing vernalization now (VERN=47.688571).
[2026-03-23 21:53:18,433][pcse.crop.phenology.Vernalisation][INFO] - Critical DVS for vernalization (VERNDVS) reached at day 1984-06-10, but vernalization requirements not yet fulfilled. Forcing vernalization now (VERN=47.688571).
[2026-03-23 21:53:18,447][pcse.crop.phenology.Vernalisation][INFO] - Critical DVS for vernalization (VERNDVS) reached at day 1984-06-11, but vernalization requirements not yet fulfilled. Forcing vernalization now (VERN=47.688571).
[2026-03-23 21:53:18,461][pcse.crop.phenology.Vernalisation][INFO] - Critical DVS for vernalization (VERNDVS) reached at day 1984-06-12, but vernalization requirements not yet fulfilled. Forcing vernalization now (VERN=47.688571).
[2026-03-23 21:53:18,475][pcse.crop.phenology.Vernalisation][INFO] - Critical DVS for vernalization (VERNDVS) reached at day 1984-06-13, but vernalization requirements not yet fulfilled. Forcing vernalization now (VERN=47.688571).
[2026-03-23 21:53:18,489][pcse.crop.phenology.Vernalisation][INFO] - Critical DVS for vernalization (VERNDVS) reached at day 1984-06-14, but vernalization requirements not yet fulfilled. Forcing vernalization now (VERN=47.688571).
[2026-03-23 21:53:18,503][pcse.crop.phenology.Vernalisation][INFO] - Critical DVS for vernalization (VERNDVS) reached at day 1984-06-15, but vernalization requirements not yet fulfilled. Forcing vernalization now (VERN=47.688571).
[2026-03-23 21:53:18,517][pcse.crop.phenology.Vernalisation][INFO] - Critical DVS for vernalization (VERNDVS) reached at day 1984-06-16, but vernalization requirements not yet fulfilled. Forcing vernalization now (VERN=47.688571).
[2026-03-23 21:53:18,531][pcse.crop.phenology.Vernalisation][INFO] - Critical DVS for vernalization (VERNDVS) reached at day 1984-06-17, but vernalization requirements not yet fulfilled. Forcing vernalization now (VERN=47.688571).
[2026-03-23 21:53:18,546][pcse.crop.phenology.Vernalisation][INFO] - Critical DVS for vernalization (VERNDVS) reached at day 1984-06-18, but vernalization requirements not yet fulfilled. Forcing vernalization now (VERN=47.688571).
[2026-03-23 21:53:18,560][pcse.crop.phenology.Vernalisation][INFO] - Critical DVS for vernalization (VERNDVS) reached at day 1984-06-19, but vernalization requirements not yet fulfilled. Forcing vernalization now (VERN=47.688571).
[2026-03-23 21:53:18,574][pcse.crop.phenology.Vernalisation][INFO] - Critical DVS for vernalization (VERNDVS) reached at day 1984-06-20, but vernalization requirements not yet fulfilled. Forcing vernalization now (VERN=47.688571).
[2026-03-23 21:53:18,588][pcse.crop.phenology.Vernalisation][INFO] - Critical DVS for vernalization (VERNDVS) reached at day 1984-06-21, but vernalization requirements not yet fulfilled. Forcing vernalization now (VERN=47.688571).
[2026-03-23 21:53:18,603][pcse.crop.phenology.Vernalisation][INFO] - Critical DVS for vernalization (VERNDVS) reached at day 1984-06-22, but vernalization requirements not yet fulfilled. Forcing vernalization now (VERN=47.688571).
[2026-03-23 21:53:18,617][pcse.crop.phenology.Vernalisation][INFO] - Critical DVS for vernalization (VERNDVS) reached at day 1984-06-23, but vernalization requirements not yet fulfilled. Forcing vernalization now (VERN=47.688571).
[2026-03-23 21:53:18,631][pcse.crop.phenology.Vernalisation][INFO] - Critical DVS for vernalization (VERNDVS) reached at day 1984-06-24, but vernalization requirements not yet fulfilled. Forcing vernalization now (VERN=47.688571).
[2026-03-23 21:53:18,646][pcse.crop.phenology.Vernalisation][INFO] - Critical DVS for vernalization (VERNDVS) reached at day 1984-06-25, but vernalization requirements not yet fulfilled. Forcing vernalization now (VERN=47.688571).
[2026-03-23 21:53:18,660][pcse.crop.phenology.Vernalisation][INFO] - Critical DVS for vernalization (VERNDVS) reached at day 1984-06-26, but vernalization requirements not yet fulfilled. Forcing vernalization now (VERN=47.688571).
[2026-03-23 21:53:18,674][pcse.crop.phenology.Vernalisation][INFO] - Critical DVS for vernalization (VERNDVS) reached at day 1984-06-27, but vernalization requirements not yet fulfilled. Forcing vernalization now (VERN=47.688571).
[2026-03-23 21:53:18,688][pcse.crop.phenology.Vernalisation][INFO] - Critical DVS for vernalization (VERNDVS) reached at day 1984-06-28, but vernalization requirements not yet fulfilled. Forcing vernalization now (VERN=47.688571).
[2026-03-23 21:53:18,702][pcse.crop.phenology.Vernalisation][INFO] - Critical DVS for vernalization (VERNDVS) reached at day 1984-06-29, but vernalization requirements not yet fulfilled. Forcing vernalization now (VERN=47.688571).
[2026-03-23 21:53:18,702][pcse.crop.phenology.Annual_Phenology][INFO] - Changed phenological stage 'vegetative' to 'reproductive' on 1984-06-29
[REPLAY DBG] post-agent-update step=5000 n=5000 mean=0.028302 std=0.194374 min=-0.463953 max=0.485603
[STEP DBG] step=5000 env_reward=0.000000 r_hat=-0.353246 done=False
[NORM DBG] count=5000 mean_abs_mean=62658.421875 mean_std=226.886887 min_std=0.001000 max_std=3157.199951
[2026-03-23 21:53:19,920][pcse.crop.phenology.Annual_Phenology][INFO] - Changed phenological stage 'reproductive' to 'mature' on 1984-09-13
[2026-03-23 21:53:20,155][pcse.base.timer.Timer][INFO] - Reached end of simulation period as specified by END_DATE.
| train          | E: 21 | S: 5061 | R: -34.1234 | TR: 0.2283 | TF: 48 | LR: 48 | NR: 0 | D: 03.7 s | TD: 00.0 s | BR: 0.0318 | ALOSS: -11536.3588 | CLOSS: 1101874.4616 | TLOSS: -89.7524 | TVAL: 0.1038 | AENT: -865.5975 | BCLOSS: 0.0000
[EPISODE DBG] episode=21 step=5061 pred_return=-63.625014 true_return=0.000000 total_feedback=48 labeled_feedback=48
[2026-03-23 21:53:20,160][pcse.agromanager.SoilCalendar][INFO] - Starting soil (oregon) with variation (oregon_1) on day 1984-02-01
[2026-03-23 21:53:20,162][pcse.agromanager.CropCalendar][INFO] - Starting crop (wheat) with variety (wheat_1) on day 1984-02-01
[2026-03-23 21:53:21,396][pcse.crop.phenology.Annual_Phenology][INFO] - Changed phenological stage 'emerging' to 'vegetative' on 1984-04-10
[2026-03-23 21:53:22,224][pcse.crop.phenology.Vernalisation][INFO] - Critical DVS for vernalization (VERNDVS) reached at day 1984-06-02, but vernalization requirements not yet fulfilled. Forcing vernalization now (VERN=47.688571).
[2026-03-23 21:53:22,239][pcse.crop.phenology.Vernalisation][INFO] - Critical DVS for vernalization (VERNDVS) reached at day 1984-06-03, but vernalization requirements not yet fulfilled. Forcing vernalization now (VERN=47.688571).
[2026-03-23 21:53:22,255][pcse.crop.phenology.Vernalisation][INFO] - Critical DVS for vernalization (VERNDVS) reached at day 1984-06-04, but vernalization requirements not yet fulfilled. Forcing vernalization now (VERN=47.688571).
[2026-03-23 21:53:22,270][pcse.crop.phenology.Vernalisation][INFO] - Critical DVS for vernalization (VERNDVS) reached at day 1984-06-05, but vernalization requirements not yet fulfilled. Forcing vernalization now (VERN=47.688571).
[2026-03-23 21:53:22,286][pcse.crop.phenology.Vernalisation][INFO] - Critical DVS for vernalization (VERNDVS) reached at day 1984-06-06, but vernalization requirements not yet fulfilled. Forcing vernalization now (VERN=47.688571).
[2026-03-23 21:53:22,301][pcse.crop.phenology.Vernalisation][INFO] - Critical DVS for vernalization (VERNDVS) reached at day 1984-06-07, but vernalization requirements not yet fulfilled. Forcing vernalization now (VERN=47.688571).
[2026-03-23 21:53:22,316][pcse.crop.phenology.Vernalisation][INFO] - Critical DVS for vernalization (VERNDVS) reached at day 1984-06-08, but vernalization requirements not yet fulfilled. Forcing vernalization now (VERN=47.688571).
[2026-03-23 21:53:22,332][pcse.crop.phenology.Vernalisation][INFO] - Critical DVS for vernalization (VERNDVS) reached at day 1984-06-09, but vernalization requirements not yet fulfilled. Forcing vernalization now (VERN=47.688571).
[2026-03-23 21:53:22,347][pcse.crop.phenology.Vernalisation][INFO] - Critical DVS for vernalization (VERNDVS) reached at day 1984-06-10, but vernalization requirements not yet fulfilled. Forcing vernalization now (VERN=47.688571).
[2026-03-23 21:53:22,363][pcse.crop.phenology.Vernalisation][INFO] - Critical DVS for vernalization (VERNDVS) reached at day 1984-06-11, but vernalization requirements not yet fulfilled. Forcing vernalization now (VERN=47.688571).
[2026-03-23 21:53:22,379][pcse.crop.phenology.Vernalisation][INFO] - Critical DVS for vernalization (VERNDVS) reached at day 1984-06-12, but vernalization requirements not yet fulfilled. Forcing vernalization now (VERN=47.688571).
[2026-03-23 21:53:22,394][pcse.crop.phenology.Vernalisation][INFO] - Critical DVS for vernalization (VERNDVS) reached at day 1984-06-13, but vernalization requirements not yet fulfilled. Forcing vernalization now (VERN=47.688571).
[2026-03-23 21:53:22,410][pcse.crop.phenology.Vernalisation][INFO] - Critical DVS for vernalization (VERNDVS) reached at day 1984-06-14, but vernalization requirements not yet fulfilled. Forcing vernalization now (VERN=47.688571).
[2026-03-23 21:53:22,425][pcse.crop.phenology.Vernalisation][INFO] - Critical DVS for vernalization (VERNDVS) reached at day 1984-06-15, but vernalization requirements not yet fulfilled. Forcing vernalization now (VERN=47.688571).
[2026-03-23 21:53:22,440][pcse.crop.phenology.Vernalisation][INFO] - Critical DVS for vernalization (VERNDVS) reached at day 1984-06-16, but vernalization requirements not yet fulfilled. Forcing vernalization now (VERN=47.688571).
[2026-03-23 21:53:22,456][pcse.crop.phenology.Vernalisation][INFO] - Critical DVS for vernalization (VERNDVS) reached at day 1984-06-17, but vernalization requirements not yet fulfilled. Forcing vernalization now (VERN=47.688571).
[2026-03-23 21:53:22,471][pcse.crop.phenology.Vernalisation][INFO] - Critical DVS for vernalization (VERNDVS) reached at day 1984-06-18, but vernalization requirements not yet fulfilled. Forcing vernalization now (VERN=47.688571).
[2026-03-23 21:53:22,486][pcse.crop.phenology.Vernalisation][INFO] - Critical DVS for vernalization (VERNDVS) reached at day 1984-06-19, but vernalization requirements not yet fulfilled. Forcing vernalization now (VERN=47.688571).
[2026-03-23 21:53:22,500][pcse.crop.phenology.Vernalisation][INFO] - Critical DVS for vernalization (VERNDVS) reached at day 1984-06-20, but vernalization requirements not yet fulfilled. Forcing vernalization now (VERN=47.688571).

[DEBUG PREF DATASET]
pair 0: ret1=623792.0000, ret2=611498.5625, diff=12293.4375
pair 1: ret1=3.5758, ret2=581665.2500, diff=-581661.6742
pair 2: ret1=564084.6875, ret2=614794.9375, diff=-50710.2500
pair 3: ret1=595149.6250, ret2=595640.9375, diff=-491.3125
pair 4: ret1=0.0000, ret2=614794.9375, diff=-614794.9375
labels sample: [0, 1, 1, 1, 1]
[pref] step=5200 mb=16 n=16 seg1=8 seg2=8 tie=0 p1=0.500 p2=0.500 ptie=0.000
Reward function is updated!! ACC: 0.8854166666666666
[REPLAY DBG] before relabel step=5200 n=5200 mean=0.017989 std=0.198389 min=-0.463953 max=0.485603
[REPLAY DBG] after relabel step=5200 n=5200 mean=0.040503 std=0.310405 min=-0.682188 max=0.707839
[2026-03-23 21:53:22,730][pcse.crop.phenology.Vernalisation][INFO] - Critical DVS for vernalization (VERNDVS) reached at day 1984-06-21, but vernalization requirements not yet fulfilled. Forcing vernalization now (VERN=47.688571).
[2026-03-23 21:53:22,751][pcse.crop.phenology.Vernalisation][INFO] - Critical DVS for vernalization (VERNDVS) reached at day 1984-06-22, but vernalization requirements not yet fulfilled. Forcing vernalization now (VERN=47.688571).
[2026-03-23 21:53:22,766][pcse.crop.phenology.Vernalisation][INFO] - Critical DVS for vernalization (VERNDVS) reached at day 1984-06-23, but vernalization requirements not yet fulfilled. Forcing vernalization now (VERN=47.688571).
[2026-03-23 21:53:22,783][pcse.crop.phenology.Vernalisation][INFO] - Critical DVS for vernalization (VERNDVS) reached at day 1984-06-24, but vernalization requirements not yet fulfilled. Forcing vernalization now (VERN=47.688571).
[2026-03-23 21:53:22,799][pcse.crop.phenology.Vernalisation][INFO] - Critical DVS for vernalization (VERNDVS) reached at day 1984-06-25, but vernalization requirements not yet fulfilled. Forcing vernalization now (VERN=47.688571).
[2026-03-23 21:53:22,815][pcse.crop.phenology.Vernalisation][INFO] - Critical DVS for vernalization (VERNDVS) reached at day 1984-06-26, but vernalization requirements not yet fulfilled. Forcing vernalization now (VERN=47.688571).
[2026-03-23 21:53:22,830][pcse.crop.phenology.Vernalisation][INFO] - Critical DVS for vernalization (VERNDVS) reached at day 1984-06-27, but vernalization requirements not yet fulfilled. Forcing vernalization now (VERN=47.688571).
[2026-03-23 21:53:22,843][pcse.crop.phenology.Vernalisation][INFO] - Critical DVS for vernalization (VERNDVS) reached at day 1984-06-28, but vernalization requirements not yet fulfilled. Forcing vernalization now (VERN=47.688571).
[2026-03-23 21:53:22,858][pcse.crop.phenology.Vernalisation][INFO] - Critical DVS for vernalization (VERNDVS) reached at day 1984-06-29, but vernalization requirements not yet fulfilled. Forcing vernalization now (VERN=47.688571).
[2026-03-23 21:53:22,858][pcse.crop.phenology.Annual_Phenology][INFO] - Changed phenological stage 'vegetative' to 'reproductive' on 1984-06-29
[2026-03-23 21:53:23,959][pcse.crop.phenology.Annual_Phenology][INFO] - Changed phenological stage 'reproductive' to 'mature' on 1984-09-13
[2026-03-23 21:53:24,325][pcse.base.timer.Timer][INFO] - Reached end of simulation period as specified by END_DATE.
| train          | E: 22 | S: 5302 | R: -63.6250 | TR: 0.0000 | TF: 48 | LR: 48 | NR: 0 | D: 04.2 s | TD: 00.0 s | BR: 0.0269 | ALOSS: -11419.9955 | CLOSS: 1181163.0496 | TLOSS: -90.2687 | TVAL: 0.1047 | AENT: -863.1450 | BCLOSS: 0.0000
| pref           | N: 16 | seg1: 8 | seg2: 8 | tie: 0 | p1: 0.5000 | p2: 0.5000 | ptie: 0.0000
[EPISODE DBG] episode=22 step=5302 pred_return=-80.851876 true_return=0.228308 total_feedback=64 labeled_feedback=64
[2026-03-23 21:53:24,334][pcse.agromanager.SoilCalendar][INFO] - Starting soil (oregon) with variation (oregon_1) on day 1984-02-01
[2026-03-23 21:53:24,337][pcse.agromanager.CropCalendar][INFO] - Starting crop (wheat) with variety (wheat_1) on day 1984-02-01
[2026-03-23 21:53:25,387][pcse.crop.phenology.Annual_Phenology][INFO] - Changed phenological stage 'emerging' to 'vegetative' on 1984-04-10
[2026-03-23 21:53:26,433][pcse.crop.phenology.Vernalisation][INFO] - Critical DVS for vernalization (VERNDVS) reached at day 1984-06-02, but vernalization requirements not yet fulfilled. Forcing vernalization now (VERN=47.688571).
[2026-03-23 21:53:26,447][pcse.crop.phenology.Vernalisation][INFO] - Critical DVS for vernalization (VERNDVS) reached at day 1984-06-03, but vernalization requirements not yet fulfilled. Forcing vernalization now (VERN=47.688571).
[2026-03-23 21:53:26,461][pcse.crop.phenology.Vernalisation][INFO] - Critical DVS for vernalization (VERNDVS) reached at day 1984-06-04, but vernalization requirements not yet fulfilled. Forcing vernalization now (VERN=47.688571).
[2026-03-23 21:53:26,474][pcse.crop.phenology.Vernalisation][INFO] - Critical DVS for vernalization (VERNDVS) reached at day 1984-06-05, but vernalization requirements not yet fulfilled. Forcing vernalization now (VERN=47.688571).
[2026-03-23 21:53:26,489][pcse.crop.phenology.Vernalisation][INFO] - Critical DVS for vernalization (VERNDVS) reached at day 1984-06-06, but vernalization requirements not yet fulfilled. Forcing vernalization now (VERN=47.688571).
[2026-03-23 21:53:26,503][pcse.crop.phenology.Vernalisation][INFO] - Critical DVS for vernalization (VERNDVS) reached at day 1984-06-07, but vernalization requirements not yet fulfilled. Forcing vernalization now (VERN=47.688571).
[2026-03-23 21:53:26,517][pcse.crop.phenology.Vernalisation][INFO] - Critical DVS for vernalization (VERNDVS) reached at day 1984-06-08, but vernalization requirements not yet fulfilled. Forcing vernalization now (VERN=47.688571).
[2026-03-23 21:53:26,531][pcse.crop.phenology.Vernalisation][INFO] - Critical DVS for vernalization (VERNDVS) reached at day 1984-06-09, but vernalization requirements not yet fulfilled. Forcing vernalization now (VERN=47.688571).
[2026-03-23 21:53:26,545][pcse.crop.phenology.Vernalisation][INFO] - Critical DVS for vernalization (VERNDVS) reached at day 1984-06-10, but vernalization requirements not yet fulfilled. Forcing vernalization now (VERN=47.688571).
[2026-03-23 21:53:26,559][pcse.crop.phenology.Vernalisation][INFO] - Critical DVS for vernalization (VERNDVS) reached at day 1984-06-11, but vernalization requirements not yet fulfilled. Forcing vernalization now (VERN=47.688571).
[2026-03-23 21:53:26,573][pcse.crop.phenology.Vernalisation][INFO] - Critical DVS for vernalization (VERNDVS) reached at day 1984-06-12, but vernalization requirements not yet fulfilled. Forcing vernalization now (VERN=47.688571).
[2026-03-23 21:53:26,587][pcse.crop.phenology.Vernalisation][INFO] - Critical DVS for vernalization (VERNDVS) reached at day 1984-06-13, but vernalization requirements not yet fulfilled. Forcing vernalization now (VERN=47.688571).
[2026-03-23 21:53:26,601][pcse.crop.phenology.Vernalisation][INFO] - Critical DVS for vernalization (VERNDVS) reached at day 1984-06-14, but vernalization requirements not yet fulfilled. Forcing vernalization now (VERN=47.688571).
[2026-03-23 21:53:26,616][pcse.crop.phenology.Vernalisation][INFO] - Critical DVS for vernalization (VERNDVS) reached at day 1984-06-15, but vernalization requirements not yet fulfilled. Forcing vernalization now (VERN=47.688571).
[2026-03-23 21:53:26,630][pcse.crop.phenology.Vernalisation][INFO] - Critical DVS for vernalization (VERNDVS) reached at day 1984-06-16, but vernalization requirements not yet fulfilled. Forcing vernalization now (VERN=47.688571).
[2026-03-23 21:53:26,644][pcse.crop.phenology.Vernalisation][INFO] - Critical DVS for vernalization (VERNDVS) reached at day 1984-06-17, but vernalization requirements not yet fulfilled. Forcing vernalization now (VERN=47.688571).
[2026-03-23 21:53:26,658][pcse.crop.phenology.Vernalisation][INFO] - Critical DVS for vernalization (VERNDVS) reached at day 1984-06-18, but vernalization requirements not yet fulfilled. Forcing vernalization now (VERN=47.688571).
[2026-03-23 21:53:26,672][pcse.crop.phenology.Vernalisation][INFO] - Critical DVS for vernalization (VERNDVS) reached at day 1984-06-19, but vernalization requirements not yet fulfilled. Forcing vernalization now (VERN=47.688571).
[2026-03-23 21:53:26,686][pcse.crop.phenology.Vernalisation][INFO] - Critical DVS for vernalization (VERNDVS) reached at day 1984-06-20, but vernalization requirements not yet fulfilled. Forcing vernalization now (VERN=47.688571).
[2026-03-23 21:53:26,701][pcse.crop.phenology.Vernalisation][INFO] - Critical DVS for vernalization (VERNDVS) reached at day 1984-06-21, but vernalization requirements not yet fulfilled. Forcing vernalization now (VERN=47.688571).
[2026-03-23 21:53:26,715][pcse.crop.phenology.Vernalisation][INFO] - Critical DVS for vernalization (VERNDVS) reached at day 1984-06-22, but vernalization requirements not yet fulfilled. Forcing vernalization now (VERN=47.688571).
[2026-03-23 21:53:26,729][pcse.crop.phenology.Vernalisation][INFO] - Critical DVS for vernalization (VERNDVS) reached at day 1984-06-23, but vernalization requirements not yet fulfilled. Forcing vernalization now (VERN=47.688571).
[2026-03-23 21:53:26,744][pcse.crop.phenology.Vernalisation][INFO] - Critical DVS for vernalization (VERNDVS) reached at day 1984-06-24, but vernalization requirements not yet fulfilled. Forcing vernalization now (VERN=47.688571).
[2026-03-23 21:53:26,758][pcse.crop.phenology.Vernalisation][INFO] - Critical DVS for vernalization (VERNDVS) reached at day 1984-06-25, but vernalization requirements not yet fulfilled. Forcing vernalization now (VERN=47.688571).
[2026-03-23 21:53:26,773][pcse.crop.phenology.Vernalisation][INFO] - Critical DVS for vernalization (VERNDVS) reached at day 1984-06-26, but vernalization requirements not yet fulfilled. Forcing vernalization now (VERN=47.688571).
[2026-03-23 21:53:26,787][pcse.crop.phenology.Vernalisation][INFO] - Critical DVS for vernalization (VERNDVS) reached at day 1984-06-27, but vernalization requirements not yet fulfilled. Forcing vernalization now (VERN=47.688571).
[2026-03-23 21:53:26,801][pcse.crop.phenology.Vernalisation][INFO] - Critical DVS for vernalization (VERNDVS) reached at day 1984-06-28, but vernalization requirements not yet fulfilled. Forcing vernalization now (VERN=47.688571).
[2026-03-23 21:53:26,815][pcse.crop.phenology.Vernalisation][INFO] - Critical DVS for vernalization (VERNDVS) reached at day 1984-06-29, but vernalization requirements not yet fulfilled. Forcing vernalization now (VERN=47.688571).
[2026-03-23 21:53:26,815][pcse.crop.phenology.Annual_Phenology][INFO] - Changed phenological stage 'vegetative' to 'reproductive' on 1984-06-29
[REPLAY DBG] post-agent-update step=5500 n=5500 mean=0.015119 std=0.321039 min=-0.682188 max=0.707839
[STEP DBG] step=5500 env_reward=0.000000 r_hat=-0.532822 done=False
[NORM DBG] count=5500 mean_abs_mean=62645.652344 mean_std=221.602905 min_std=0.001000 max_std=3059.350342
[2026-03-23 21:53:28,032][pcse.crop.phenology.Annual_Phenology][INFO] - Changed phenological stage 'reproductive' to 'mature' on 1984-09-13
[2026-03-23 21:53:28,267][pcse.base.timer.Timer][INFO] - Reached end of simulation period as specified by END_DATE.
| train          | E: 23 | S: 5543 | R: -80.8519 | TR: 0.2283 | TF: 64 | LR: 64 | NR: 0 | D: 03.9 s | TD: 00.0 s | BR: 0.0213 | ALOSS: -11329.6936 | CLOSS: 1179823.8671 | TLOSS: -89.9547 | TVAL: 0.1057 | AENT: -851.7673 | BCLOSS: 0.0000
[EPISODE DBG] episode=23 step=5543 pred_return=-96.012739 true_return=0.000000 total_feedback=64 labeled_feedback=64
[2026-03-23 21:53:28,272][pcse.agromanager.SoilCalendar][INFO] - Starting soil (oregon) with variation (oregon_1) on day 1984-02-01
[2026-03-23 21:53:28,274][pcse.agromanager.CropCalendar][INFO] - Starting crop (wheat) with variety (wheat_1) on day 1984-02-01

[DEBUG PREF DATASET]
pair 0: ret1=0.2283, ret2=0.0000, diff=0.2283
pair 1: ret1=291976.1562, ret2=605072.8125, diff=-313096.6562
pair 2: ret1=564084.6875, ret2=581665.2500, diff=-17580.5625
pair 3: ret1=541866.7500, ret2=585549.5625, diff=-43682.8125
pair 4: ret1=0.0000, ret2=614794.9375, diff=-614794.9375
labels sample: [0, 1, 1, 1, 1]
[pref] step=5600 mb=16 n=16 seg1=8 seg2=8 tie=0 p1=0.500 p2=0.500 ptie=0.000
Reward function is updated!! ACC: 0.8791666666666668
[REPLAY DBG] before relabel step=5600 n=5600 mean=0.008188 std=0.323065 min=-0.682188 max=0.707839
[REPLAY DBG] after relabel step=5600 n=5600 mean=0.041970 std=0.474487 min=-0.930294 max=1.014039
[2026-03-23 21:53:29,574][pcse.crop.phenology.Annual_Phenology][INFO] - Changed phenological stage 'emerging' to 'vegetative' on 1984-04-10
[2026-03-23 21:53:30,310][pcse.crop.phenology.Vernalisation][INFO] - Critical DVS for vernalization (VERNDVS) reached at day 1984-06-02, but vernalization requirements not yet fulfilled. Forcing vernalization now (VERN=47.688571).
[2026-03-23 21:53:30,324][pcse.crop.phenology.Vernalisation][INFO] - Critical DVS for vernalization (VERNDVS) reached at day 1984-06-03, but vernalization requirements not yet fulfilled. Forcing vernalization now (VERN=47.688571).
[2026-03-23 21:53:30,338][pcse.crop.phenology.Vernalisation][INFO] - Critical DVS for vernalization (VERNDVS) reached at day 1984-06-04, but vernalization requirements not yet fulfilled. Forcing vernalization now (VERN=47.688571).
[2026-03-23 21:53:30,352][pcse.crop.phenology.Vernalisation][INFO] - Critical DVS for vernalization (VERNDVS) reached at day 1984-06-05, but vernalization requirements not yet fulfilled. Forcing vernalization now (VERN=47.688571).
[2026-03-23 21:53:30,366][pcse.crop.phenology.Vernalisation][INFO] - Critical DVS for vernalization (VERNDVS) reached at day 1984-06-06, but vernalization requirements not yet fulfilled. Forcing vernalization now (VERN=47.688571).
[2026-03-23 21:53:30,380][pcse.crop.phenology.Vernalisation][INFO] - Critical DVS for vernalization (VERNDVS) reached at day 1984-06-07, but vernalization requirements not yet fulfilled. Forcing vernalization now (VERN=47.688571).
[2026-03-23 21:53:30,394][pcse.crop.phenology.Vernalisation][INFO] - Critical DVS for vernalization (VERNDVS) reached at day 1984-06-08, but vernalization requirements not yet fulfilled. Forcing vernalization now (VERN=47.688571).
[2026-03-23 21:53:30,408][pcse.crop.phenology.Vernalisation][INFO] - Critical DVS for vernalization (VERNDVS) reached at day 1984-06-09, but vernalization requirements not yet fulfilled. Forcing vernalization now (VERN=47.688571).
[2026-03-23 21:53:30,422][pcse.crop.phenology.Vernalisation][INFO] - Critical DVS for vernalization (VERNDVS) reached at day 1984-06-10, but vernalization requirements not yet fulfilled. Forcing vernalization now (VERN=47.688571).
[2026-03-23 21:53:30,436][pcse.crop.phenology.Vernalisation][INFO] - Critical DVS for vernalization (VERNDVS) reached at day 1984-06-11, but vernalization requirements not yet fulfilled. Forcing vernalization now (VERN=47.688571).
[2026-03-23 21:53:30,450][pcse.crop.phenology.Vernalisation][INFO] - Critical DVS for vernalization (VERNDVS) reached at day 1984-06-12, but vernalization requirements not yet fulfilled. Forcing vernalization now (VERN=47.688571).
[2026-03-23 21:53:30,464][pcse.crop.phenology.Vernalisation][INFO] - Critical DVS for vernalization (VERNDVS) reached at day 1984-06-13, but vernalization requirements not yet fulfilled. Forcing vernalization now (VERN=47.688571).
[2026-03-23 21:53:30,477][pcse.crop.phenology.Vernalisation][INFO] - Critical DVS for vernalization (VERNDVS) reached at day 1984-06-14, but vernalization requirements not yet fulfilled. Forcing vernalization now (VERN=47.688571).
[2026-03-23 21:53:30,491][pcse.crop.phenology.Vernalisation][INFO] - Critical DVS for vernalization (VERNDVS) reached at day 1984-06-15, but vernalization requirements not yet fulfilled. Forcing vernalization now (VERN=47.688571).
[2026-03-23 21:53:30,505][pcse.crop.phenology.Vernalisation][INFO] - Critical DVS for vernalization (VERNDVS) reached at day 1984-06-16, but vernalization requirements not yet fulfilled. Forcing vernalization now (VERN=47.688571).
[2026-03-23 21:53:30,519][pcse.crop.phenology.Vernalisation][INFO] - Critical DVS for vernalization (VERNDVS) reached at day 1984-06-17, but vernalization requirements not yet fulfilled. Forcing vernalization now (VERN=47.688571).
[2026-03-23 21:53:30,532][pcse.crop.phenology.Vernalisation][INFO] - Critical DVS for vernalization (VERNDVS) reached at day 1984-06-18, but vernalization requirements not yet fulfilled. Forcing vernalization now (VERN=47.688571).
[2026-03-23 21:53:30,547][pcse.crop.phenology.Vernalisation][INFO] - Critical DVS for vernalization (VERNDVS) reached at day 1984-06-19, but vernalization requirements not yet fulfilled. Forcing vernalization now (VERN=47.688571).
[2026-03-23 21:53:30,561][pcse.crop.phenology.Vernalisation][INFO] - Critical DVS for vernalization (VERNDVS) reached at day 1984-06-20, but vernalization requirements not yet fulfilled. Forcing vernalization now (VERN=47.688571).
[2026-03-23 21:53:30,575][pcse.crop.phenology.Vernalisation][INFO] - Critical DVS for vernalization (VERNDVS) reached at day 1984-06-21, but vernalization requirements not yet fulfilled. Forcing vernalization now (VERN=47.688571).
[2026-03-23 21:53:30,588][pcse.crop.phenology.Vernalisation][INFO] - Critical DVS for vernalization (VERNDVS) reached at day 1984-06-22, but vernalization requirements not yet fulfilled. Forcing vernalization now (VERN=47.688571).
[2026-03-23 21:53:30,602][pcse.crop.phenology.Vernalisation][INFO] - Critical DVS for vernalization (VERNDVS) reached at day 1984-06-23, but vernalization requirements not yet fulfilled. Forcing vernalization now (VERN=47.688571).
[2026-03-23 21:53:30,616][pcse.crop.phenology.Vernalisation][INFO] - Critical DVS for vernalization (VERNDVS) reached at day 1984-06-24, but vernalization requirements not yet fulfilled. Forcing vernalization now (VERN=47.688571).
[2026-03-23 21:53:30,630][pcse.crop.phenology.Vernalisation][INFO] - Critical DVS for vernalization (VERNDVS) reached at day 1984-06-25, but vernalization requirements not yet fulfilled. Forcing vernalization now (VERN=47.688571).
[2026-03-23 21:53:30,644][pcse.crop.phenology.Vernalisation][INFO] - Critical DVS for vernalization (VERNDVS) reached at day 1984-06-26, but vernalization requirements not yet fulfilled. Forcing vernalization now (VERN=47.688571).
[2026-03-23 21:53:30,659][pcse.crop.phenology.Vernalisation][INFO] - Critical DVS for vernalization (VERNDVS) reached at day 1984-06-27, but vernalization requirements not yet fulfilled. Forcing vernalization now (VERN=47.688571).
[2026-03-23 21:53:30,673][pcse.crop.phenology.Vernalisation][INFO] - Critical DVS for vernalization (VERNDVS) reached at day 1984-06-28, but vernalization requirements not yet fulfilled. Forcing vernalization now (VERN=47.688571).
[2026-03-23 21:53:30,687][pcse.crop.phenology.Vernalisation][INFO] - Critical DVS for vernalization (VERNDVS) reached at day 1984-06-29, but vernalization requirements not yet fulfilled. Forcing vernalization now (VERN=47.688571).
[2026-03-23 21:53:30,687][pcse.crop.phenology.Annual_Phenology][INFO] - Changed phenological stage 'vegetative' to 'reproductive' on 1984-06-29
[2026-03-23 21:53:31,888][pcse.crop.phenology.Annual_Phenology][INFO] - Changed phenological stage 'reproductive' to 'mature' on 1984-09-13
[2026-03-23 21:53:32,127][pcse.base.timer.Timer][INFO] - Reached end of simulation period as specified by END_DATE.
| train          | E: 24 | S: 5784 | R: -96.0127 | TR: 0.0000 | TF: 64 | LR: 64 | NR: 0 | D: 03.9 s | TD: 00.0 s | BR: 0.0270 | ALOSS: -11253.0321 | CLOSS: 1345984.8317 | TLOSS: -91.4036 | TVAL: 0.1069 | AENT: -855.9747 | BCLOSS: 0.0000
| pref           | N: 16 | seg1: 8 | seg2: 8 | tie: 0 | p1: 0.5000 | p2: 0.5000 | ptie: 0.0000
[EPISODE DBG] episode=24 step=5784 pred_return=-132.262137 true_return=0.228308 total_feedback=80 labeled_feedback=80
[2026-03-23 21:53:32,132][pcse.agromanager.SoilCalendar][INFO] - Starting soil (oregon) with variation (oregon_1) on day 1984-02-01
[2026-03-23 21:53:32,133][pcse.agromanager.CropCalendar][INFO] - Starting crop (wheat) with variety (wheat_1) on day 1984-02-01
[2026-03-23 21:53:33,280][pcse.crop.phenology.Annual_Phenology][INFO] - Changed phenological stage 'emerging' to 'vegetative' on 1984-04-10
[2026-03-23 21:53:34,145][pcse.crop.phenology.Vernalisation][INFO] - Critical DVS for vernalization (VERNDVS) reached at day 1984-06-02, but vernalization requirements not yet fulfilled. Forcing vernalization now (VERN=47.688571).
[2026-03-23 21:53:34,163][pcse.crop.phenology.Vernalisation][INFO] - Critical DVS for vernalization (VERNDVS) reached at day 1984-06-03, but vernalization requirements not yet fulfilled. Forcing vernalization now (VERN=47.688571).
[2026-03-23 21:53:34,180][pcse.crop.phenology.Vernalisation][INFO] - Critical DVS for vernalization (VERNDVS) reached at day 1984-06-04, but vernalization requirements not yet fulfilled. Forcing vernalization now (VERN=47.688571).
[2026-03-23 21:53:34,196][pcse.crop.phenology.Vernalisation][INFO] - Critical DVS for vernalization (VERNDVS) reached at day 1984-06-05, but vernalization requirements not yet fulfilled. Forcing vernalization now (VERN=47.688571).
[2026-03-23 21:53:34,211][pcse.crop.phenology.Vernalisation][INFO] - Critical DVS for vernalization (VERNDVS) reached at day 1984-06-06, but vernalization requirements not yet fulfilled. Forcing vernalization now (VERN=47.688571).
[2026-03-23 21:53:34,227][pcse.crop.phenology.Vernalisation][INFO] - Critical DVS for vernalization (VERNDVS) reached at day 1984-06-07, but vernalization requirements not yet fulfilled. Forcing vernalization now (VERN=47.688571).
[2026-03-23 21:53:34,242][pcse.crop.phenology.Vernalisation][INFO] - Critical DVS for vernalization (VERNDVS) reached at day 1984-06-08, but vernalization requirements not yet fulfilled. Forcing vernalization now (VERN=47.688571).
[2026-03-23 21:53:34,258][pcse.crop.phenology.Vernalisation][INFO] - Critical DVS for vernalization (VERNDVS) reached at day 1984-06-09, but vernalization requirements not yet fulfilled. Forcing vernalization now (VERN=47.688571).
[2026-03-23 21:53:34,274][pcse.crop.phenology.Vernalisation][INFO] - Critical DVS for vernalization (VERNDVS) reached at day 1984-06-10, but vernalization requirements not yet fulfilled. Forcing vernalization now (VERN=47.688571).
[2026-03-23 21:53:34,289][pcse.crop.phenology.Vernalisation][INFO] - Critical DVS for vernalization (VERNDVS) reached at day 1984-06-11, but vernalization requirements not yet fulfilled. Forcing vernalization now (VERN=47.688571).
[2026-03-23 21:53:34,304][pcse.crop.phenology.Vernalisation][INFO] - Critical DVS for vernalization (VERNDVS) reached at day 1984-06-12, but vernalization requirements not yet fulfilled. Forcing vernalization now (VERN=47.688571).
[2026-03-23 21:53:34,320][pcse.crop.phenology.Vernalisation][INFO] - Critical DVS for vernalization (VERNDVS) reached at day 1984-06-13, but vernalization requirements not yet fulfilled. Forcing vernalization now (VERN=47.688571).
[2026-03-23 21:53:34,335][pcse.crop.phenology.Vernalisation][INFO] - Critical DVS for vernalization (VERNDVS) reached at day 1984-06-14, but vernalization requirements not yet fulfilled. Forcing vernalization now (VERN=47.688571).
[2026-03-23 21:53:34,351][pcse.crop.phenology.Vernalisation][INFO] - Critical DVS for vernalization (VERNDVS) reached at day 1984-06-15, but vernalization requirements not yet fulfilled. Forcing vernalization now (VERN=47.688571).
[2026-03-23 21:53:34,367][pcse.crop.phenology.Vernalisation][INFO] - Critical DVS for vernalization (VERNDVS) reached at day 1984-06-16, but vernalization requirements not yet fulfilled. Forcing vernalization now (VERN=47.688571).
[2026-03-23 21:53:34,382][pcse.crop.phenology.Vernalisation][INFO] - Critical DVS for vernalization (VERNDVS) reached at day 1984-06-17, but vernalization requirements not yet fulfilled. Forcing vernalization now (VERN=47.688571).
[2026-03-23 21:53:34,398][pcse.crop.phenology.Vernalisation][INFO] - Critical DVS for vernalization (VERNDVS) reached at day 1984-06-18, but vernalization requirements not yet fulfilled. Forcing vernalization now (VERN=47.688571).
[2026-03-23 21:53:34,413][pcse.crop.phenology.Vernalisation][INFO] - Critical DVS for vernalization (VERNDVS) reached at day 1984-06-19, but vernalization requirements not yet fulfilled. Forcing vernalization now (VERN=47.688571).
[2026-03-23 21:53:34,429][pcse.crop.phenology.Vernalisation][INFO] - Critical DVS for vernalization (VERNDVS) reached at day 1984-06-20, but vernalization requirements not yet fulfilled. Forcing vernalization now (VERN=47.688571).
[2026-03-23 21:53:34,444][pcse.crop.phenology.Vernalisation][INFO] - Critical DVS for vernalization (VERNDVS) reached at day 1984-06-21, but vernalization requirements not yet fulfilled. Forcing vernalization now (VERN=47.688571).
[2026-03-23 21:53:34,460][pcse.crop.phenology.Vernalisation][INFO] - Critical DVS for vernalization (VERNDVS) reached at day 1984-06-22, but vernalization requirements not yet fulfilled. Forcing vernalization now (VERN=47.688571).
[2026-03-23 21:53:34,475][pcse.crop.phenology.Vernalisation][INFO] - Critical DVS for vernalization (VERNDVS) reached at day 1984-06-23, but vernalization requirements not yet fulfilled. Forcing vernalization now (VERN=47.688571).
[2026-03-23 21:53:34,491][pcse.crop.phenology.Vernalisation][INFO] - Critical DVS for vernalization (VERNDVS) reached at day 1984-06-24, but vernalization requirements not yet fulfilled. Forcing vernalization now (VERN=47.688571).
[2026-03-23 21:53:34,506][pcse.crop.phenology.Vernalisation][INFO] - Critical DVS for vernalization (VERNDVS) reached at day 1984-06-25, but vernalization requirements not yet fulfilled. Forcing vernalization now (VERN=47.688571).
[2026-03-23 21:53:34,522][pcse.crop.phenology.Vernalisation][INFO] - Critical DVS for vernalization (VERNDVS) reached at day 1984-06-26, but vernalization requirements not yet fulfilled. Forcing vernalization now (VERN=47.688571).
[2026-03-23 21:53:34,537][pcse.crop.phenology.Vernalisation][INFO] - Critical DVS for vernalization (VERNDVS) reached at day 1984-06-27, but vernalization requirements not yet fulfilled. Forcing vernalization now (VERN=47.688571).
[2026-03-23 21:53:34,553][pcse.crop.phenology.Vernalisation][INFO] - Critical DVS for vernalization (VERNDVS) reached at day 1984-06-28, but vernalization requirements not yet fulfilled. Forcing vernalization now (VERN=47.688571).
[2026-03-23 21:53:34,568][pcse.crop.phenology.Vernalisation][INFO] - Critical DVS for vernalization (VERNDVS) reached at day 1984-06-29, but vernalization requirements not yet fulfilled. Forcing vernalization now (VERN=47.688571).
[2026-03-23 21:53:34,568][pcse.crop.phenology.Annual_Phenology][INFO] - Changed phenological stage 'vegetative' to 'reproductive' on 1984-06-29
[pref] step=6000 mb=16 n=16 seg1=6 seg2=10 tie=0 p1=0.375 p2=0.625 ptie=0.000
Reward function is updated!! ACC: 0.8958333333333334
[REPLAY DBG] before relabel step=6000 n=6000 mean=0.000173 std=0.485832 min=-0.930294 max=1.014039
[REPLAY DBG] after relabel step=6000 n=6000 mean=0.043870 std=0.691441 min=-1.264756 max=1.431362
[REPLAY DBG] post-agent-update step=6000 n=6000 mean=0.043870 std=0.691441 min=-1.264756 max=1.431362
[STEP DBG] step=6000 env_reward=0.000000 r_hat=-1.090280 done=False
[NORM DBG] count=6000 mean_abs_mean=62635.011719 mean_std=216.287918 min_std=0.001000 max_std=2967.692871
[2026-03-23 21:53:36,006][pcse.crop.phenology.Annual_Phenology][INFO] - Changed phenological stage 'reproductive' to 'mature' on 1984-09-13
[2026-03-23 21:53:36,236][pcse.base.timer.Timer][INFO] - Reached end of simulation period as specified by END_DATE.
| train          | E: 25 | S: 6025 | R: -132.2621 | TR: 0.2283 | TF: 80 | LR: 80 | NR: 0 | D: 04.1 s | TD: 00.0 s | BR: 0.0153 | ALOSS: -11266.7948 | CLOSS: 1353332.4295 | TLOSS: -90.9374 | TVAL: 0.1082 | AENT: -841.2610 | BCLOSS: 0.0000
| pref           | N: 16 | seg1: 6 | seg2: 10 | tie: 0 | p1: 0.3750 | p2: 0.6250 | ptie: 0.0000
[EPISODE DBG] episode=25 step=6025 pred_return=-143.488986 true_return=0.000000 total_feedback=96 labeled_feedback=96
[2026-03-23 21:53:36,241][pcse.agromanager.SoilCalendar][INFO] - Starting soil (oregon) with variation (oregon_1) on day 1984-02-01
[2026-03-23 21:53:36,243][pcse.agromanager.CropCalendar][INFO] - Starting crop (wheat) with variety (wheat_1) on day 1984-02-01
[2026-03-23 21:53:37,247][pcse.crop.phenology.Annual_Phenology][INFO] - Changed phenological stage 'emerging' to 'vegetative' on 1984-04-10
[2026-03-23 21:53:38,215][pcse.crop.phenology.Vernalisation][INFO] - Critical DVS for vernalization (VERNDVS) reached at day 1984-06-02, but vernalization requirements not yet fulfilled. Forcing vernalization now (VERN=47.688571).
[2026-03-23 21:53:38,231][pcse.crop.phenology.Vernalisation][INFO] - Critical DVS for vernalization (VERNDVS) reached at day 1984-06-03, but vernalization requirements not yet fulfilled. Forcing vernalization now (VERN=47.688571).
[2026-03-23 21:53:38,246][pcse.crop.phenology.Vernalisation][INFO] - Critical DVS for vernalization (VERNDVS) reached at day 1984-06-04, but vernalization requirements not yet fulfilled. Forcing vernalization now (VERN=47.688571).
[2026-03-23 21:53:38,262][pcse.crop.phenology.Vernalisation][INFO] - Critical DVS for vernalization (VERNDVS) reached at day 1984-06-05, but vernalization requirements not yet fulfilled. Forcing vernalization now (VERN=47.688571).
[2026-03-23 21:53:38,278][pcse.crop.phenology.Vernalisation][INFO] - Critical DVS for vernalization (VERNDVS) reached at day 1984-06-06, but vernalization requirements not yet fulfilled. Forcing vernalization now (VERN=47.688571).
[2026-03-23 21:53:38,293][pcse.crop.phenology.Vernalisation][INFO] - Critical DVS for vernalization (VERNDVS) reached at day 1984-06-07, but vernalization requirements not yet fulfilled. Forcing vernalization now (VERN=47.688571).
[2026-03-23 21:53:38,309][pcse.crop.phenology.Vernalisation][INFO] - Critical DVS for vernalization (VERNDVS) reached at day 1984-06-08, but vernalization requirements not yet fulfilled. Forcing vernalization now (VERN=47.688571).
[2026-03-23 21:53:38,324][pcse.crop.phenology.Vernalisation][INFO] - Critical DVS for vernalization (VERNDVS) reached at day 1984-06-09, but vernalization requirements not yet fulfilled. Forcing vernalization now (VERN=47.688571).
[2026-03-23 21:53:38,340][pcse.crop.phenology.Vernalisation][INFO] - Critical DVS for vernalization (VERNDVS) reached at day 1984-06-10, but vernalization requirements not yet fulfilled. Forcing vernalization now (VERN=47.688571).
[2026-03-23 21:53:38,355][pcse.crop.phenology.Vernalisation][INFO] - Critical DVS for vernalization (VERNDVS) reached at day 1984-06-11, but vernalization requirements not yet fulfilled. Forcing vernalization now (VERN=47.688571).
[2026-03-23 21:53:38,371][pcse.crop.phenology.Vernalisation][INFO] - Critical DVS for vernalization (VERNDVS) reached at day 1984-06-12, but vernalization requirements not yet fulfilled. Forcing vernalization now (VERN=47.688571).
[2026-03-23 21:53:38,386][pcse.crop.phenology.Vernalisation][INFO] - Critical DVS for vernalization (VERNDVS) reached at day 1984-06-13, but vernalization requirements not yet fulfilled. Forcing vernalization now (VERN=47.688571).
[2026-03-23 21:53:38,402][pcse.crop.phenology.Vernalisation][INFO] - Critical DVS for vernalization (VERNDVS) reached at day 1984-06-14, but vernalization requirements not yet fulfilled. Forcing vernalization now (VERN=47.688571).
[2026-03-23 21:53:38,417][pcse.crop.phenology.Vernalisation][INFO] - Critical DVS for vernalization (VERNDVS) reached at day 1984-06-15, but vernalization requirements not yet fulfilled. Forcing vernalization now (VERN=47.688571).
[2026-03-23 21:53:38,432][pcse.crop.phenology.Vernalisation][INFO] - Critical DVS for vernalization (VERNDVS) reached at day 1984-06-16, but vernalization requirements not yet fulfilled. Forcing vernalization now (VERN=47.688571).
[2026-03-23 21:53:38,448][pcse.crop.phenology.Vernalisation][INFO] - Critical DVS for vernalization (VERNDVS) reached at day 1984-06-17, but vernalization requirements not yet fulfilled. Forcing vernalization now (VERN=47.688571).
[2026-03-23 21:53:38,463][pcse.crop.phenology.Vernalisation][INFO] - Critical DVS for vernalization (VERNDVS) reached at day 1984-06-18, but vernalization requirements not yet fulfilled. Forcing vernalization now (VERN=47.688571).
[2026-03-23 21:53:38,479][pcse.crop.phenology.Vernalisation][INFO] - Critical DVS for vernalization (VERNDVS) reached at day 1984-06-19, but vernalization requirements not yet fulfilled. Forcing vernalization now (VERN=47.688571).
[2026-03-23 21:53:38,494][pcse.crop.phenology.Vernalisation][INFO] - Critical DVS for vernalization (VERNDVS) reached at day 1984-06-20, but vernalization requirements not yet fulfilled. Forcing vernalization now (VERN=47.688571).
[2026-03-23 21:53:38,510][pcse.crop.phenology.Vernalisation][INFO] - Critical DVS for vernalization (VERNDVS) reached at day 1984-06-21, but vernalization requirements not yet fulfilled. Forcing vernalization now (VERN=47.688571).
[2026-03-23 21:53:38,525][pcse.crop.phenology.Vernalisation][INFO] - Critical DVS for vernalization (VERNDVS) reached at day 1984-06-22, but vernalization requirements not yet fulfilled. Forcing vernalization now (VERN=47.688571).
[2026-03-23 21:53:38,541][pcse.crop.phenology.Vernalisation][INFO] - Critical DVS for vernalization (VERNDVS) reached at day 1984-06-23, but vernalization requirements not yet fulfilled. Forcing vernalization now (VERN=47.688571).
[2026-03-23 21:53:38,556][pcse.crop.phenology.Vernalisation][INFO] - Critical DVS for vernalization (VERNDVS) reached at day 1984-06-24, but vernalization requirements not yet fulfilled. Forcing vernalization now (VERN=47.688571).
[2026-03-23 21:53:38,571][pcse.crop.phenology.Vernalisation][INFO] - Critical DVS for vernalization (VERNDVS) reached at day 1984-06-25, but vernalization requirements not yet fulfilled. Forcing vernalization now (VERN=47.688571).
[2026-03-23 21:53:38,587][pcse.crop.phenology.Vernalisation][INFO] - Critical DVS for vernalization (VERNDVS) reached at day 1984-06-26, but vernalization requirements not yet fulfilled. Forcing vernalization now (VERN=47.688571).
[2026-03-23 21:53:38,602][pcse.crop.phenology.Vernalisation][INFO] - Critical DVS for vernalization (VERNDVS) reached at day 1984-06-27, but vernalization requirements not yet fulfilled. Forcing vernalization now (VERN=47.688571).
[2026-03-23 21:53:38,618][pcse.crop.phenology.Vernalisation][INFO] - Critical DVS for vernalization (VERNDVS) reached at day 1984-06-28, but vernalization requirements not yet fulfilled. Forcing vernalization now (VERN=47.688571).
[2026-03-23 21:53:38,633][pcse.crop.phenology.Vernalisation][INFO] - Critical DVS for vernalization (VERNDVS) reached at day 1984-06-29, but vernalization requirements not yet fulfilled. Forcing vernalization now (VERN=47.688571).
[2026-03-23 21:53:38,633][pcse.crop.phenology.Annual_Phenology][INFO] - Changed phenological stage 'vegetative' to 'reproductive' on 1984-06-29
[2026-03-23 21:53:39,966][pcse.crop.phenology.Annual_Phenology][INFO] - Changed phenological stage 'reproductive' to 'mature' on 1984-09-13
[2026-03-23 21:53:40,232][pcse.base.timer.Timer][INFO] - Reached end of simulation period as specified by END_DATE.
| train          | E: 26 | S: 6266 | R: -143.4890 | TR: 0.0000 | TF: 96 | LR: 96 | NR: 0 | D: 04.0 s | TD: 00.0 s | BR: 0.0235 | ALOSS: -11314.4071 | CLOSS: 1563545.8394 | TLOSS: -91.7749 | TVAL: 0.1097 | AENT: -837.7465 | BCLOSS: 0.0000
[EPISODE DBG] episode=26 step=6266 pred_return=-190.089728 true_return=0.228308 total_feedback=96 labeled_feedback=96
[2026-03-23 21:53:40,239][pcse.agromanager.SoilCalendar][INFO] - Starting soil (oregon) with variation (oregon_1) on day 1984-02-01
[2026-03-23 21:53:40,242][pcse.agromanager.CropCalendar][INFO] - Starting crop (wheat) with variety (wheat_1) on day 1984-02-01
[2026-03-23 21:53:41,643][pcse.crop.phenology.Annual_Phenology][INFO] - Changed phenological stage 'emerging' to 'vegetative' on 1984-04-10
[2026-03-23 21:53:42,459][pcse.crop.phenology.Vernalisation][INFO] - Critical DVS for vernalization (VERNDVS) reached at day 1984-06-02, but vernalization requirements not yet fulfilled. Forcing vernalization now (VERN=47.688571).
[2026-03-23 21:53:42,474][pcse.crop.phenology.Vernalisation][INFO] - Critical DVS for vernalization (VERNDVS) reached at day 1984-06-03, but vernalization requirements not yet fulfilled. Forcing vernalization now (VERN=47.688571).
[2026-03-23 21:53:42,489][pcse.crop.phenology.Vernalisation][INFO] - Critical DVS for vernalization (VERNDVS) reached at day 1984-06-04, but vernalization requirements not yet fulfilled. Forcing vernalization now (VERN=47.688571).
[2026-03-23 21:53:42,505][pcse.crop.phenology.Vernalisation][INFO] - Critical DVS for vernalization (VERNDVS) reached at day 1984-06-05, but vernalization requirements not yet fulfilled. Forcing vernalization now (VERN=47.688571).
[2026-03-23 21:53:42,520][pcse.crop.phenology.Vernalisation][INFO] - Critical DVS for vernalization (VERNDVS) reached at day 1984-06-06, but vernalization requirements not yet fulfilled. Forcing vernalization now (VERN=47.688571).
[2026-03-23 21:53:42,536][pcse.crop.phenology.Vernalisation][INFO] - Critical DVS for vernalization (VERNDVS) reached at day 1984-06-07, but vernalization requirements not yet fulfilled. Forcing vernalization now (VERN=47.688571).
[2026-03-23 21:53:42,551][pcse.crop.phenology.Vernalisation][INFO] - Critical DVS for vernalization (VERNDVS) reached at day 1984-06-08, but vernalization requirements not yet fulfilled. Forcing vernalization now (VERN=47.688571).
[2026-03-23 21:53:42,567][pcse.crop.phenology.Vernalisation][INFO] - Critical DVS for vernalization (VERNDVS) reached at day 1984-06-09, but vernalization requirements not yet fulfilled. Forcing vernalization now (VERN=47.688571).
[2026-03-23 21:53:42,582][pcse.crop.phenology.Vernalisation][INFO] - Critical DVS for vernalization (VERNDVS) reached at day 1984-06-10, but vernalization requirements not yet fulfilled. Forcing vernalization now (VERN=47.688571).
[2026-03-23 21:53:42,598][pcse.crop.phenology.Vernalisation][INFO] - Critical DVS for vernalization (VERNDVS) reached at day 1984-06-11, but vernalization requirements not yet fulfilled. Forcing vernalization now (VERN=47.688571).
[2026-03-23 21:53:42,613][pcse.crop.phenology.Vernalisation][INFO] - Critical DVS for vernalization (VERNDVS) reached at day 1984-06-12, but vernalization requirements not yet fulfilled. Forcing vernalization now (VERN=47.688571).
[2026-03-23 21:53:42,629][pcse.crop.phenology.Vernalisation][INFO] - Critical DVS for vernalization (VERNDVS) reached at day 1984-06-13, but vernalization requirements not yet fulfilled. Forcing vernalization now (VERN=47.688571).
[2026-03-23 21:53:42,644][pcse.crop.phenology.Vernalisation][INFO] - Critical DVS for vernalization (VERNDVS) reached at day 1984-06-14, but vernalization requirements not yet fulfilled. Forcing vernalization now (VERN=47.688571).
[2026-03-23 21:53:42,659][pcse.crop.phenology.Vernalisation][INFO] - Critical DVS for vernalization (VERNDVS) reached at day 1984-06-15, but vernalization requirements not yet fulfilled. Forcing vernalization now (VERN=47.688571).
[pref] step=6400 mb=16 n=16 seg1=12 seg2=4 tie=0 p1=0.750 p2=0.250 ptie=0.000
Reward function is updated!! ACC: 0.8809523809523809
[REPLAY DBG] before relabel step=6400 n=6400 mean=-0.005717 std=0.698726 min=-1.264756 max=1.431362
[REPLAY DBG] after relabel step=6400 n=6400 mean=0.043083 std=0.970464 min=-1.704822 max=1.991445
[2026-03-23 21:53:42,924][pcse.crop.phenology.Vernalisation][INFO] - Critical DVS for vernalization (VERNDVS) reached at day 1984-06-16, but vernalization requirements not yet fulfilled. Forcing vernalization now (VERN=47.688571).
[2026-03-23 21:53:42,954][pcse.crop.phenology.Vernalisation][INFO] - Critical DVS for vernalization (VERNDVS) reached at day 1984-06-17, but vernalization requirements not yet fulfilled. Forcing vernalization now (VERN=47.688571).
[2026-03-23 21:53:42,976][pcse.crop.phenology.Vernalisation][INFO] - Critical DVS for vernalization (VERNDVS) reached at day 1984-06-18, but vernalization requirements not yet fulfilled. Forcing vernalization now (VERN=47.688571).
[2026-03-23 21:53:42,994][pcse.crop.phenology.Vernalisation][INFO] - Critical DVS for vernalization (VERNDVS) reached at day 1984-06-19, but vernalization requirements not yet fulfilled. Forcing vernalization now (VERN=47.688571).
[2026-03-23 21:53:43,012][pcse.crop.phenology.Vernalisation][INFO] - Critical DVS for vernalization (VERNDVS) reached at day 1984-06-20, but vernalization requirements not yet fulfilled. Forcing vernalization now (VERN=47.688571).
[2026-03-23 21:53:43,029][pcse.crop.phenology.Vernalisation][INFO] - Critical DVS for vernalization (VERNDVS) reached at day 1984-06-21, but vernalization requirements not yet fulfilled. Forcing vernalization now (VERN=47.688571).
[2026-03-23 21:53:43,042][pcse.crop.phenology.Vernalisation][INFO] - Critical DVS for vernalization (VERNDVS) reached at day 1984-06-22, but vernalization requirements not yet fulfilled. Forcing vernalization now (VERN=47.688571).
[2026-03-23 21:53:43,055][pcse.crop.phenology.Vernalisation][INFO] - Critical DVS for vernalization (VERNDVS) reached at day 1984-06-23, but vernalization requirements not yet fulfilled. Forcing vernalization now (VERN=47.688571).
[2026-03-23 21:53:43,069][pcse.crop.phenology.Vernalisation][INFO] - Critical DVS for vernalization (VERNDVS) reached at day 1984-06-24, but vernalization requirements not yet fulfilled. Forcing vernalization now (VERN=47.688571).
[2026-03-23 21:53:43,083][pcse.crop.phenology.Vernalisation][INFO] - Critical DVS for vernalization (VERNDVS) reached at day 1984-06-25, but vernalization requirements not yet fulfilled. Forcing vernalization now (VERN=47.688571).
[2026-03-23 21:53:43,097][pcse.crop.phenology.Vernalisation][INFO] - Critical DVS for vernalization (VERNDVS) reached at day 1984-06-26, but vernalization requirements not yet fulfilled. Forcing vernalization now (VERN=47.688571).
[2026-03-23 21:53:43,111][pcse.crop.phenology.Vernalisation][INFO] - Critical DVS for vernalization (VERNDVS) reached at day 1984-06-27, but vernalization requirements not yet fulfilled. Forcing vernalization now (VERN=47.688571).
[2026-03-23 21:53:43,124][pcse.crop.phenology.Vernalisation][INFO] - Critical DVS for vernalization (VERNDVS) reached at day 1984-06-28, but vernalization requirements not yet fulfilled. Forcing vernalization now (VERN=47.688571).
[2026-03-23 21:53:43,138][pcse.crop.phenology.Vernalisation][INFO] - Critical DVS for vernalization (VERNDVS) reached at day 1984-06-29, but vernalization requirements not yet fulfilled. Forcing vernalization now (VERN=47.688571).
[2026-03-23 21:53:43,138][pcse.crop.phenology.Annual_Phenology][INFO] - Changed phenological stage 'vegetative' to 'reproductive' on 1984-06-29
[2026-03-23 21:53:44,156][pcse.crop.phenology.Annual_Phenology][INFO] - Changed phenological stage 'reproductive' to 'mature' on 1984-09-13
[REPLAY DBG] post-agent-update step=6500 n=6500 mean=0.022289 std=0.977374 min=-1.704822 max=1.991445
[STEP DBG] step=6500 env_reward=0.000000 r_hat=-1.567935 done=False
[NORM DBG] count=6500 mean_abs_mean=62626.019531 mean_std=211.118286 min_std=0.001000 max_std=2882.264160
[2026-03-23 21:53:44,558][pcse.base.timer.Timer][INFO] - Reached end of simulation period as specified by END_DATE.
| train          | E: 27 | S: 6507 | R: -190.0897 | TR: 0.2283 | TF: 96 | LR: 96 | NR: 0 | D: 04.3 s | TD: 00.0 s | BR: 0.0136 | ALOSS: -11362.1649 | CLOSS: 1410638.8390 | TLOSS: -92.0549 | TVAL: 0.1113 | AENT: -828.2417 | BCLOSS: 0.0000
| pref           | N: 16 | seg1: 12 | seg2: 4 | tie: 0 | p1: 0.7500 | p2: 0.2500 | ptie: 0.0000
[EPISODE DBG] episode=27 step=6507 pred_return=-222.700344 true_return=0.000000 total_feedback=112 labeled_feedback=112
[2026-03-23 21:53:44,563][pcse.agromanager.SoilCalendar][INFO] - Starting soil (oregon) with variation (oregon_1) on day 1984-02-01
[2026-03-23 21:53:44,564][pcse.agromanager.CropCalendar][INFO] - Starting crop (wheat) with variety (wheat_1) on day 1984-02-01
[2026-03-23 21:53:45,554][pcse.crop.phenology.Annual_Phenology][INFO] - Changed phenological stage 'emerging' to 'vegetative' on 1984-04-10
[2026-03-23 21:53:46,399][pcse.crop.phenology.Vernalisation][INFO] - Critical DVS for vernalization (VERNDVS) reached at day 1984-06-02, but vernalization requirements not yet fulfilled. Forcing vernalization now (VERN=47.688571).
[2026-03-23 21:53:46,413][pcse.crop.phenology.Vernalisation][INFO] - Critical DVS for vernalization (VERNDVS) reached at day 1984-06-03, but vernalization requirements not yet fulfilled. Forcing vernalization now (VERN=47.688571).
[2026-03-23 21:53:46,427][pcse.crop.phenology.Vernalisation][INFO] - Critical DVS for vernalization (VERNDVS) reached at day 1984-06-04, but vernalization requirements not yet fulfilled. Forcing vernalization now (VERN=47.688571).
[2026-03-23 21:53:46,441][pcse.crop.phenology.Vernalisation][INFO] - Critical DVS for vernalization (VERNDVS) reached at day 1984-06-05, but vernalization requirements not yet fulfilled. Forcing vernalization now (VERN=47.688571).
[2026-03-23 21:53:46,455][pcse.crop.phenology.Vernalisation][INFO] - Critical DVS for vernalization (VERNDVS) reached at day 1984-06-06, but vernalization requirements not yet fulfilled. Forcing vernalization now (VERN=47.688571).
[2026-03-23 21:53:46,469][pcse.crop.phenology.Vernalisation][INFO] - Critical DVS for vernalization (VERNDVS) reached at day 1984-06-07, but vernalization requirements not yet fulfilled. Forcing vernalization now (VERN=47.688571).
[2026-03-23 21:53:46,483][pcse.crop.phenology.Vernalisation][INFO] - Critical DVS for vernalization (VERNDVS) reached at day 1984-06-08, but vernalization requirements not yet fulfilled. Forcing vernalization now (VERN=47.688571).
[2026-03-23 21:53:46,496][pcse.crop.phenology.Vernalisation][INFO] - Critical DVS for vernalization (VERNDVS) reached at day 1984-06-09, but vernalization requirements not yet fulfilled. Forcing vernalization now (VERN=47.688571).
[2026-03-23 21:53:46,510][pcse.crop.phenology.Vernalisation][INFO] - Critical DVS for vernalization (VERNDVS) reached at day 1984-06-10, but vernalization requirements not yet fulfilled. Forcing vernalization now (VERN=47.688571).
[2026-03-23 21:53:46,523][pcse.crop.phenology.Vernalisation][INFO] - Critical DVS for vernalization (VERNDVS) reached at day 1984-06-11, but vernalization requirements not yet fulfilled. Forcing vernalization now (VERN=47.688571).
[2026-03-23 21:53:46,538][pcse.crop.phenology.Vernalisation][INFO] - Critical DVS for vernalization (VERNDVS) reached at day 1984-06-12, but vernalization requirements not yet fulfilled. Forcing vernalization now (VERN=47.688571).
[2026-03-23 21:53:46,557][pcse.crop.phenology.Vernalisation][INFO] - Critical DVS for vernalization (VERNDVS) reached at day 1984-06-13, but vernalization requirements not yet fulfilled. Forcing vernalization now (VERN=47.688571).
[2026-03-23 21:53:46,571][pcse.crop.phenology.Vernalisation][INFO] - Critical DVS for vernalization (VERNDVS) reached at day 1984-06-14, but vernalization requirements not yet fulfilled. Forcing vernalization now (VERN=47.688571).
[2026-03-23 21:53:46,584][pcse.crop.phenology.Vernalisation][INFO] - Critical DVS for vernalization (VERNDVS) reached at day 1984-06-15, but vernalization requirements not yet fulfilled. Forcing vernalization now (VERN=47.688571).
[2026-03-23 21:53:46,598][pcse.crop.phenology.Vernalisation][INFO] - Critical DVS for vernalization (VERNDVS) reached at day 1984-06-16, but vernalization requirements not yet fulfilled. Forcing vernalization now (VERN=47.688571).
[2026-03-23 21:53:46,612][pcse.crop.phenology.Vernalisation][INFO] - Critical DVS for vernalization (VERNDVS) reached at day 1984-06-17, but vernalization requirements not yet fulfilled. Forcing vernalization now (VERN=47.688571).
[2026-03-23 21:53:46,626][pcse.crop.phenology.Vernalisation][INFO] - Critical DVS for vernalization (VERNDVS) reached at day 1984-06-18, but vernalization requirements not yet fulfilled. Forcing vernalization now (VERN=47.688571).
[2026-03-23 21:53:46,639][pcse.crop.phenology.Vernalisation][INFO] - Critical DVS for vernalization (VERNDVS) reached at day 1984-06-19, but vernalization requirements not yet fulfilled. Forcing vernalization now (VERN=47.688571).
[2026-03-23 21:53:46,653][pcse.crop.phenology.Vernalisation][INFO] - Critical DVS for vernalization (VERNDVS) reached at day 1984-06-20, but vernalization requirements not yet fulfilled. Forcing vernalization now (VERN=47.688571).
[2026-03-23 21:53:46,667][pcse.crop.phenology.Vernalisation][INFO] - Critical DVS for vernalization (VERNDVS) reached at day 1984-06-21, but vernalization requirements not yet fulfilled. Forcing vernalization now (VERN=47.688571).
[2026-03-23 21:53:46,680][pcse.crop.phenology.Vernalisation][INFO] - Critical DVS for vernalization (VERNDVS) reached at day 1984-06-22, but vernalization requirements not yet fulfilled. Forcing vernalization now (VERN=47.688571).
[2026-03-23 21:53:46,694][pcse.crop.phenology.Vernalisation][INFO] - Critical DVS for vernalization (VERNDVS) reached at day 1984-06-23, but vernalization requirements not yet fulfilled. Forcing vernalization now (VERN=47.688571).
[2026-03-23 21:53:46,708][pcse.crop.phenology.Vernalisation][INFO] - Critical DVS for vernalization (VERNDVS) reached at day 1984-06-24, but vernalization requirements not yet fulfilled. Forcing vernalization now (VERN=47.688571).
[2026-03-23 21:53:46,722][pcse.crop.phenology.Vernalisation][INFO] - Critical DVS for vernalization (VERNDVS) reached at day 1984-06-25, but vernalization requirements not yet fulfilled. Forcing vernalization now (VERN=47.688571).
[2026-03-23 21:53:46,735][pcse.crop.phenology.Vernalisation][INFO] - Critical DVS for vernalization (VERNDVS) reached at day 1984-06-26, but vernalization requirements not yet fulfilled. Forcing vernalization now (VERN=47.688571).
[2026-03-23 21:53:46,749][pcse.crop.phenology.Vernalisation][INFO] - Critical DVS for vernalization (VERNDVS) reached at day 1984-06-27, but vernalization requirements not yet fulfilled. Forcing vernalization now (VERN=47.688571).
[2026-03-23 21:53:46,762][pcse.crop.phenology.Vernalisation][INFO] - Critical DVS for vernalization (VERNDVS) reached at day 1984-06-28, but vernalization requirements not yet fulfilled. Forcing vernalization now (VERN=47.688571).
[2026-03-23 21:53:46,776][pcse.crop.phenology.Vernalisation][INFO] - Critical DVS for vernalization (VERNDVS) reached at day 1984-06-29, but vernalization requirements not yet fulfilled. Forcing vernalization now (VERN=47.688571).
[2026-03-23 21:53:46,776][pcse.crop.phenology.Annual_Phenology][INFO] - Changed phenological stage 'vegetative' to 'reproductive' on 1984-06-29
[2026-03-23 21:53:47,930][pcse.crop.phenology.Annual_Phenology][INFO] - Changed phenological stage 'reproductive' to 'mature' on 1984-09-13
[2026-03-23 21:53:48,159][pcse.base.timer.Timer][INFO] - Reached end of simulation period as specified by END_DATE.
| train          | E: 28 | S: 6748 | R: -222.7003 | TR: 0.0000 | TF: 112 | LR: 112 | NR: 0 | D: 03.6 s | TD: 00.0 s | BR: 0.0038 | ALOSS: -11394.6981 | CLOSS: 1519955.6505 | TLOSS: -93.5782 | TVAL: 0.1130 | AENT: -828.9331 | BCLOSS: 0.0000
[EPISODE DBG] episode=28 step=6748 pred_return=-249.996187 true_return=0.228308 total_feedback=112 labeled_feedback=112
[2026-03-23 21:53:48,164][pcse.agromanager.SoilCalendar][INFO] - Starting soil (oregon) with variation (oregon_1) on day 1984-02-01
[2026-03-23 21:53:48,166][pcse.agromanager.CropCalendar][INFO] - Starting crop (wheat) with variety (wheat_1) on day 1984-02-01
[pref] step=6800 mb=16 n=16 seg1=9 seg2=7 tie=0 p1=0.562 p2=0.438 ptie=0.000
Reward function is updated!! ACC: 0.8645833333333334
[REPLAY DBG] before relabel step=6800 n=6800 mean=-0.022276 std=0.979897 min=-1.704822 max=1.991445
[REPLAY DBG] after relabel step=6800 n=6800 mean=0.031549 std=1.320716 min=-2.242645 max=2.729301
[2026-03-23 21:53:49,420][pcse.crop.phenology.Annual_Phenology][INFO] - Changed phenological stage 'emerging' to 'vegetative' on 1984-04-10
[2026-03-23 21:53:50,133][pcse.crop.phenology.Vernalisation][INFO] - Critical DVS for vernalization (VERNDVS) reached at day 1984-06-02, but vernalization requirements not yet fulfilled. Forcing vernalization now (VERN=47.688571).
[2026-03-23 21:53:50,146][pcse.crop.phenology.Vernalisation][INFO] - Critical DVS for vernalization (VERNDVS) reached at day 1984-06-03, but vernalization requirements not yet fulfilled. Forcing vernalization now (VERN=47.688571).
[2026-03-23 21:53:50,159][pcse.crop.phenology.Vernalisation][INFO] - Critical DVS for vernalization (VERNDVS) reached at day 1984-06-04, but vernalization requirements not yet fulfilled. Forcing vernalization now (VERN=47.688571).
[2026-03-23 21:53:50,173][pcse.crop.phenology.Vernalisation][INFO] - Critical DVS for vernalization (VERNDVS) reached at day 1984-06-05, but vernalization requirements not yet fulfilled. Forcing vernalization now (VERN=47.688571).
[2026-03-23 21:53:50,187][pcse.crop.phenology.Vernalisation][INFO] - Critical DVS for vernalization (VERNDVS) reached at day 1984-06-06, but vernalization requirements not yet fulfilled. Forcing vernalization now (VERN=47.688571).
[2026-03-23 21:53:50,200][pcse.crop.phenology.Vernalisation][INFO] - Critical DVS for vernalization (VERNDVS) reached at day 1984-06-07, but vernalization requirements not yet fulfilled. Forcing vernalization now (VERN=47.688571).
[2026-03-23 21:53:50,213][pcse.crop.phenology.Vernalisation][INFO] - Critical DVS for vernalization (VERNDVS) reached at day 1984-06-08, but vernalization requirements not yet fulfilled. Forcing vernalization now (VERN=47.688571).
[2026-03-23 21:53:50,227][pcse.crop.phenology.Vernalisation][INFO] - Critical DVS for vernalization (VERNDVS) reached at day 1984-06-09, but vernalization requirements not yet fulfilled. Forcing vernalization now (VERN=47.688571).
[2026-03-23 21:53:50,240][pcse.crop.phenology.Vernalisation][INFO] - Critical DVS for vernalization (VERNDVS) reached at day 1984-06-10, but vernalization requirements not yet fulfilled. Forcing vernalization now (VERN=47.688571).
[2026-03-23 21:53:50,254][pcse.crop.phenology.Vernalisation][INFO] - Critical DVS for vernalization (VERNDVS) reached at day 1984-06-11, but vernalization requirements not yet fulfilled. Forcing vernalization now (VERN=47.688571).
[2026-03-23 21:53:50,268][pcse.crop.phenology.Vernalisation][INFO] - Critical DVS for vernalization (VERNDVS) reached at day 1984-06-12, but vernalization requirements not yet fulfilled. Forcing vernalization now (VERN=47.688571).
[2026-03-23 21:53:50,281][pcse.crop.phenology.Vernalisation][INFO] - Critical DVS for vernalization (VERNDVS) reached at day 1984-06-13, but vernalization requirements not yet fulfilled. Forcing vernalization now (VERN=47.688571).
[2026-03-23 21:53:50,295][pcse.crop.phenology.Vernalisation][INFO] - Critical DVS for vernalization (VERNDVS) reached at day 1984-06-14, but vernalization requirements not yet fulfilled. Forcing vernalization now (VERN=47.688571).
[2026-03-23 21:53:50,308][pcse.crop.phenology.Vernalisation][INFO] - Critical DVS for vernalization (VERNDVS) reached at day 1984-06-15, but vernalization requirements not yet fulfilled. Forcing vernalization now (VERN=47.688571).
[2026-03-23 21:53:50,321][pcse.crop.phenology.Vernalisation][INFO] - Critical DVS for vernalization (VERNDVS) reached at day 1984-06-16, but vernalization requirements not yet fulfilled. Forcing vernalization now (VERN=47.688571).
[2026-03-23 21:53:50,334][pcse.crop.phenology.Vernalisation][INFO] - Critical DVS for vernalization (VERNDVS) reached at day 1984-06-17, but vernalization requirements not yet fulfilled. Forcing vernalization now (VERN=47.688571).
[2026-03-23 21:53:50,349][pcse.crop.phenology.Vernalisation][INFO] - Critical DVS for vernalization (VERNDVS) reached at day 1984-06-18, but vernalization requirements not yet fulfilled. Forcing vernalization now (VERN=47.688571).
[2026-03-23 21:53:50,362][pcse.crop.phenology.Vernalisation][INFO] - Critical DVS for vernalization (VERNDVS) reached at day 1984-06-19, but vernalization requirements not yet fulfilled. Forcing vernalization now (VERN=47.688571).
[2026-03-23 21:53:50,376][pcse.crop.phenology.Vernalisation][INFO] - Critical DVS for vernalization (VERNDVS) reached at day 1984-06-20, but vernalization requirements not yet fulfilled. Forcing vernalization now (VERN=47.688571).
[2026-03-23 21:53:50,390][pcse.crop.phenology.Vernalisation][INFO] - Critical DVS for vernalization (VERNDVS) reached at day 1984-06-21, but vernalization requirements not yet fulfilled. Forcing vernalization now (VERN=47.688571).
[2026-03-23 21:53:50,404][pcse.crop.phenology.Vernalisation][INFO] - Critical DVS for vernalization (VERNDVS) reached at day 1984-06-22, but vernalization requirements not yet fulfilled. Forcing vernalization now (VERN=47.688571).
[2026-03-23 21:53:50,417][pcse.crop.phenology.Vernalisation][INFO] - Critical DVS for vernalization (VERNDVS) reached at day 1984-06-23, but vernalization requirements not yet fulfilled. Forcing vernalization now (VERN=47.688571).
[2026-03-23 21:53:50,430][pcse.crop.phenology.Vernalisation][INFO] - Critical DVS for vernalization (VERNDVS) reached at day 1984-06-24, but vernalization requirements not yet fulfilled. Forcing vernalization now (VERN=47.688571).
[2026-03-23 21:53:50,444][pcse.crop.phenology.Vernalisation][INFO] - Critical DVS for vernalization (VERNDVS) reached at day 1984-06-25, but vernalization requirements not yet fulfilled. Forcing vernalization now (VERN=47.688571).
[2026-03-23 21:53:50,458][pcse.crop.phenology.Vernalisation][INFO] - Critical DVS for vernalization (VERNDVS) reached at day 1984-06-26, but vernalization requirements not yet fulfilled. Forcing vernalization now (VERN=47.688571).
[2026-03-23 21:53:50,471][pcse.crop.phenology.Vernalisation][INFO] - Critical DVS for vernalization (VERNDVS) reached at day 1984-06-27, but vernalization requirements not yet fulfilled. Forcing vernalization now (VERN=47.688571).
[2026-03-23 21:53:50,485][pcse.crop.phenology.Vernalisation][INFO] - Critical DVS for vernalization (VERNDVS) reached at day 1984-06-28, but vernalization requirements not yet fulfilled. Forcing vernalization now (VERN=47.688571).
[2026-03-23 21:53:50,498][pcse.crop.phenology.Vernalisation][INFO] - Critical DVS for vernalization (VERNDVS) reached at day 1984-06-29, but vernalization requirements not yet fulfilled. Forcing vernalization now (VERN=47.688571).
[2026-03-23 21:53:50,499][pcse.crop.phenology.Annual_Phenology][INFO] - Changed phenological stage 'vegetative' to 'reproductive' on 1984-06-29
[2026-03-23 21:53:51,821][pcse.crop.phenology.Annual_Phenology][INFO] - Changed phenological stage 'reproductive' to 'mature' on 1984-09-13
[2026-03-23 21:53:52,086][pcse.base.timer.Timer][INFO] - Reached end of simulation period as specified by END_DATE.
| train          | E: 29 | S: 6989 | R: -249.9962 | TR: 0.2283 | TF: 112 | LR: 112 | NR: 0 | D: 03.9 s | TD: 00.0 s | BR: 0.0034 | ALOSS: -11350.5613 | CLOSS: 1486686.5632 | TLOSS: -94.1277 | TVAL: 0.1149 | AENT: -820.0505 | BCLOSS: 0.0000
| pref           | N: 16 | seg1: 9 | seg2: 7 | tie: 0 | p1: 0.5625 | p2: 0.4375 | ptie: 0.0000
[EPISODE DBG] episode=29 step=6989 pred_return=-316.422400 true_return=0.000000 total_feedback=128 labeled_feedback=128
[2026-03-23 21:53:52,093][pcse.agromanager.SoilCalendar][INFO] - Starting soil (oregon) with variation (oregon_1) on day 1984-02-01
[2026-03-23 21:53:52,096][pcse.agromanager.CropCalendar][INFO] - Starting crop (wheat) with variety (wheat_1) on day 1984-02-01
[REPLAY DBG] post-agent-update step=7000 n=7000 mean=-0.010844 std=1.326240 min=-2.242645 max=2.729301
[STEP DBG] step=7000 env_reward=0.000000 r_hat=-0.772838 done=False
[NORM DBG] count=7000 mean_abs_mean=62618.269531 mean_std=206.152191 min_std=0.001000 max_std=2802.768066
[2026-03-23 21:53:53,487][pcse.crop.phenology.Annual_Phenology][INFO] - Changed phenological stage 'emerging' to 'vegetative' on 1984-04-10
[2026-03-23 21:53:54,494][pcse.crop.phenology.Vernalisation][INFO] - Critical DVS for vernalization (VERNDVS) reached at day 1984-06-02, but vernalization requirements not yet fulfilled. Forcing vernalization now (VERN=47.688571).
[2026-03-23 21:53:54,510][pcse.crop.phenology.Vernalisation][INFO] - Critical DVS for vernalization (VERNDVS) reached at day 1984-06-03, but vernalization requirements not yet fulfilled. Forcing vernalization now (VERN=47.688571).
[2026-03-23 21:53:54,526][pcse.crop.phenology.Vernalisation][INFO] - Critical DVS for vernalization (VERNDVS) reached at day 1984-06-04, but vernalization requirements not yet fulfilled. Forcing vernalization now (VERN=47.688571).
[2026-03-23 21:53:54,542][pcse.crop.phenology.Vernalisation][INFO] - Critical DVS for vernalization (VERNDVS) reached at day 1984-06-05, but vernalization requirements not yet fulfilled. Forcing vernalization now (VERN=47.688571).
[2026-03-23 21:53:54,557][pcse.crop.phenology.Vernalisation][INFO] - Critical DVS for vernalization (VERNDVS) reached at day 1984-06-06, but vernalization requirements not yet fulfilled. Forcing vernalization now (VERN=47.688571).
[2026-03-23 21:53:54,573][pcse.crop.phenology.Vernalisation][INFO] - Critical DVS for vernalization (VERNDVS) reached at day 1984-06-07, but vernalization requirements not yet fulfilled. Forcing vernalization now (VERN=47.688571).
[2026-03-23 21:53:54,589][pcse.crop.phenology.Vernalisation][INFO] - Critical DVS for vernalization (VERNDVS) reached at day 1984-06-08, but vernalization requirements not yet fulfilled. Forcing vernalization now (VERN=47.688571).
[2026-03-23 21:53:54,605][pcse.crop.phenology.Vernalisation][INFO] - Critical DVS for vernalization (VERNDVS) reached at day 1984-06-09, but vernalization requirements not yet fulfilled. Forcing vernalization now (VERN=47.688571).
[2026-03-23 21:53:54,620][pcse.crop.phenology.Vernalisation][INFO] - Critical DVS for vernalization (VERNDVS) reached at day 1984-06-10, but vernalization requirements not yet fulfilled. Forcing vernalization now (VERN=47.688571).
[2026-03-23 21:53:54,637][pcse.crop.phenology.Vernalisation][INFO] - Critical DVS for vernalization (VERNDVS) reached at day 1984-06-11, but vernalization requirements not yet fulfilled. Forcing vernalization now (VERN=47.688571).
[2026-03-23 21:53:54,653][pcse.crop.phenology.Vernalisation][INFO] - Critical DVS for vernalization (VERNDVS) reached at day 1984-06-12, but vernalization requirements not yet fulfilled. Forcing vernalization now (VERN=47.688571).
[2026-03-23 21:53:54,668][pcse.crop.phenology.Vernalisation][INFO] - Critical DVS for vernalization (VERNDVS) reached at day 1984-06-13, but vernalization requirements not yet fulfilled. Forcing vernalization now (VERN=47.688571).
[2026-03-23 21:53:54,684][pcse.crop.phenology.Vernalisation][INFO] - Critical DVS for vernalization (VERNDVS) reached at day 1984-06-14, but vernalization requirements not yet fulfilled. Forcing vernalization now (VERN=47.688571).
[2026-03-23 21:53:54,700][pcse.crop.phenology.Vernalisation][INFO] - Critical DVS for vernalization (VERNDVS) reached at day 1984-06-15, but vernalization requirements not yet fulfilled. Forcing vernalization now (VERN=47.688571).
[2026-03-23 21:53:54,715][pcse.crop.phenology.Vernalisation][INFO] - Critical DVS for vernalization (VERNDVS) reached at day 1984-06-16, but vernalization requirements not yet fulfilled. Forcing vernalization now (VERN=47.688571).
[2026-03-23 21:53:54,732][pcse.crop.phenology.Vernalisation][INFO] - Critical DVS for vernalization (VERNDVS) reached at day 1984-06-17, but vernalization requirements not yet fulfilled. Forcing vernalization now (VERN=47.688571).
[2026-03-23 21:53:54,748][pcse.crop.phenology.Vernalisation][INFO] - Critical DVS for vernalization (VERNDVS) reached at day 1984-06-18, but vernalization requirements not yet fulfilled. Forcing vernalization now (VERN=47.688571).
[2026-03-23 21:53:54,764][pcse.crop.phenology.Vernalisation][INFO] - Critical DVS for vernalization (VERNDVS) reached at day 1984-06-19, but vernalization requirements not yet fulfilled. Forcing vernalization now (VERN=47.688571).
[2026-03-23 21:53:54,779][pcse.crop.phenology.Vernalisation][INFO] - Critical DVS for vernalization (VERNDVS) reached at day 1984-06-20, but vernalization requirements not yet fulfilled. Forcing vernalization now (VERN=47.688571).
[2026-03-23 21:53:54,795][pcse.crop.phenology.Vernalisation][INFO] - Critical DVS for vernalization (VERNDVS) reached at day 1984-06-21, but vernalization requirements not yet fulfilled. Forcing vernalization now (VERN=47.688571).
[2026-03-23 21:53:54,811][pcse.crop.phenology.Vernalisation][INFO] - Critical DVS for vernalization (VERNDVS) reached at day 1984-06-22, but vernalization requirements not yet fulfilled. Forcing vernalization now (VERN=47.688571).
[2026-03-23 21:53:54,827][pcse.crop.phenology.Vernalisation][INFO] - Critical DVS for vernalization (VERNDVS) reached at day 1984-06-23, but vernalization requirements not yet fulfilled. Forcing vernalization now (VERN=47.688571).
[2026-03-23 21:53:54,843][pcse.crop.phenology.Vernalisation][INFO] - Critical DVS for vernalization (VERNDVS) reached at day 1984-06-24, but vernalization requirements not yet fulfilled. Forcing vernalization now (VERN=47.688571).
[2026-03-23 21:53:54,859][pcse.crop.phenology.Vernalisation][INFO] - Critical DVS for vernalization (VERNDVS) reached at day 1984-06-25, but vernalization requirements not yet fulfilled. Forcing vernalization now (VERN=47.688571).
[2026-03-23 21:53:54,875][pcse.crop.phenology.Vernalisation][INFO] - Critical DVS for vernalization (VERNDVS) reached at day 1984-06-26, but vernalization requirements not yet fulfilled. Forcing vernalization now (VERN=47.688571).
[2026-03-23 21:53:54,891][pcse.crop.phenology.Vernalisation][INFO] - Critical DVS for vernalization (VERNDVS) reached at day 1984-06-27, but vernalization requirements not yet fulfilled. Forcing vernalization now (VERN=47.688571).
[2026-03-23 21:53:54,907][pcse.crop.phenology.Vernalisation][INFO] - Critical DVS for vernalization (VERNDVS) reached at day 1984-06-28, but vernalization requirements not yet fulfilled. Forcing vernalization now (VERN=47.688571).
[2026-03-23 21:53:54,923][pcse.crop.phenology.Vernalisation][INFO] - Critical DVS for vernalization (VERNDVS) reached at day 1984-06-29, but vernalization requirements not yet fulfilled. Forcing vernalization now (VERN=47.688571).
[2026-03-23 21:53:54,923][pcse.crop.phenology.Annual_Phenology][INFO] - Changed phenological stage 'vegetative' to 'reproductive' on 1984-06-29
[2026-03-23 21:53:56,279][pcse.crop.phenology.Annual_Phenology][INFO] - Changed phenological stage 'reproductive' to 'mature' on 1984-09-13
[2026-03-23 21:53:56,546][pcse.base.timer.Timer][INFO] - Reached end of simulation period as specified by END_DATE.
| train          | E: 30 | S: 7230 | R: -316.4224 | TR: 0.0000 | TF: 128 | LR: 128 | NR: 0 | D: 04.5 s | TD: 00.0 s | BR: -0.0282 | ALOSS: -11391.2023 | CLOSS: 1361154.6721 | TLOSS: -95.8027 | TVAL: 0.1170 | AENT: -820.0394 | BCLOSS: 0.0000
[EPISODE DBG] episode=30 step=7230 pred_return=-322.606530 true_return=0.228308 total_feedback=128 labeled_feedback=128
[2026-03-23 21:53:56,553][pcse.agromanager.SoilCalendar][INFO] - Starting soil (oregon) with variation (oregon_1) on day 1984-02-01
[2026-03-23 21:53:56,555][pcse.agromanager.CropCalendar][INFO] - Starting crop (wheat) with variety (wheat_1) on day 1984-02-01
[2026-03-23 21:53:57,793][pcse.crop.phenology.Annual_Phenology][INFO] - Changed phenological stage 'emerging' to 'vegetative' on 1984-04-10
[2026-03-23 21:53:58,795][pcse.crop.phenology.Vernalisation][INFO] - Critical DVS for vernalization (VERNDVS) reached at day 1984-06-02, but vernalization requirements not yet fulfilled. Forcing vernalization now (VERN=47.688571).
[2026-03-23 21:53:58,811][pcse.crop.phenology.Vernalisation][INFO] - Critical DVS for vernalization (VERNDVS) reached at day 1984-06-03, but vernalization requirements not yet fulfilled. Forcing vernalization now (VERN=47.688571).
[2026-03-23 21:53:58,826][pcse.crop.phenology.Vernalisation][INFO] - Critical DVS for vernalization (VERNDVS) reached at day 1984-06-04, but vernalization requirements not yet fulfilled. Forcing vernalization now (VERN=47.688571).
[2026-03-23 21:53:58,842][pcse.crop.phenology.Vernalisation][INFO] - Critical DVS for vernalization (VERNDVS) reached at day 1984-06-05, but vernalization requirements not yet fulfilled. Forcing vernalization now (VERN=47.688571).
[2026-03-23 21:53:58,857][pcse.crop.phenology.Vernalisation][INFO] - Critical DVS for vernalization (VERNDVS) reached at day 1984-06-06, but vernalization requirements not yet fulfilled. Forcing vernalization now (VERN=47.688571).
[2026-03-23 21:53:58,872][pcse.crop.phenology.Vernalisation][INFO] - Critical DVS for vernalization (VERNDVS) reached at day 1984-06-07, but vernalization requirements not yet fulfilled. Forcing vernalization now (VERN=47.688571).
[2026-03-23 21:53:58,888][pcse.crop.phenology.Vernalisation][INFO] - Critical DVS for vernalization (VERNDVS) reached at day 1984-06-08, but vernalization requirements not yet fulfilled. Forcing vernalization now (VERN=47.688571).
[2026-03-23 21:53:58,904][pcse.crop.phenology.Vernalisation][INFO] - Critical DVS for vernalization (VERNDVS) reached at day 1984-06-09, but vernalization requirements not yet fulfilled. Forcing vernalization now (VERN=47.688571).
[2026-03-23 21:53:58,919][pcse.crop.phenology.Vernalisation][INFO] - Critical DVS for vernalization (VERNDVS) reached at day 1984-06-10, but vernalization requirements not yet fulfilled. Forcing vernalization now (VERN=47.688571).
[2026-03-23 21:53:58,934][pcse.crop.phenology.Vernalisation][INFO] - Critical DVS for vernalization (VERNDVS) reached at day 1984-06-11, but vernalization requirements not yet fulfilled. Forcing vernalization now (VERN=47.688571).
[2026-03-23 21:53:58,950][pcse.crop.phenology.Vernalisation][INFO] - Critical DVS for vernalization (VERNDVS) reached at day 1984-06-12, but vernalization requirements not yet fulfilled. Forcing vernalization now (VERN=47.688571).
[2026-03-23 21:53:58,966][pcse.crop.phenology.Vernalisation][INFO] - Critical DVS for vernalization (VERNDVS) reached at day 1984-06-13, but vernalization requirements not yet fulfilled. Forcing vernalization now (VERN=47.688571).
[2026-03-23 21:53:58,981][pcse.crop.phenology.Vernalisation][INFO] - Critical DVS for vernalization (VERNDVS) reached at day 1984-06-14, but vernalization requirements not yet fulfilled. Forcing vernalization now (VERN=47.688571).
[2026-03-23 21:53:58,997][pcse.crop.phenology.Vernalisation][INFO] - Critical DVS for vernalization (VERNDVS) reached at day 1984-06-15, but vernalization requirements not yet fulfilled. Forcing vernalization now (VERN=47.688571).
[2026-03-23 21:53:59,012][pcse.crop.phenology.Vernalisation][INFO] - Critical DVS for vernalization (VERNDVS) reached at day 1984-06-16, but vernalization requirements not yet fulfilled. Forcing vernalization now (VERN=47.688571).
[2026-03-23 21:53:59,028][pcse.crop.phenology.Vernalisation][INFO] - Critical DVS for vernalization (VERNDVS) reached at day 1984-06-17, but vernalization requirements not yet fulfilled. Forcing vernalization now (VERN=47.688571).
[2026-03-23 21:53:59,043][pcse.crop.phenology.Vernalisation][INFO] - Critical DVS for vernalization (VERNDVS) reached at day 1984-06-18, but vernalization requirements not yet fulfilled. Forcing vernalization now (VERN=47.688571).
[2026-03-23 21:53:59,059][pcse.crop.phenology.Vernalisation][INFO] - Critical DVS for vernalization (VERNDVS) reached at day 1984-06-19, but vernalization requirements not yet fulfilled. Forcing vernalization now (VERN=47.688571).
[2026-03-23 21:53:59,074][pcse.crop.phenology.Vernalisation][INFO] - Critical DVS for vernalization (VERNDVS) reached at day 1984-06-20, but vernalization requirements not yet fulfilled. Forcing vernalization now (VERN=47.688571).
[2026-03-23 21:53:59,090][pcse.crop.phenology.Vernalisation][INFO] - Critical DVS for vernalization (VERNDVS) reached at day 1984-06-21, but vernalization requirements not yet fulfilled. Forcing vernalization now (VERN=47.688571).
[2026-03-23 21:53:59,105][pcse.crop.phenology.Vernalisation][INFO] - Critical DVS for vernalization (VERNDVS) reached at day 1984-06-22, but vernalization requirements not yet fulfilled. Forcing vernalization now (VERN=47.688571).
[2026-03-23 21:53:59,121][pcse.crop.phenology.Vernalisation][INFO] - Critical DVS for vernalization (VERNDVS) reached at day 1984-06-23, but vernalization requirements not yet fulfilled. Forcing vernalization now (VERN=47.688571).
[2026-03-23 21:53:59,137][pcse.crop.phenology.Vernalisation][INFO] - Critical DVS for vernalization (VERNDVS) reached at day 1984-06-24, but vernalization requirements not yet fulfilled. Forcing vernalization now (VERN=47.688571).
[2026-03-23 21:53:59,152][pcse.crop.phenology.Vernalisation][INFO] - Critical DVS for vernalization (VERNDVS) reached at day 1984-06-25, but vernalization requirements not yet fulfilled. Forcing vernalization now (VERN=47.688571).
[2026-03-23 21:53:59,168][pcse.crop.phenology.Vernalisation][INFO] - Critical DVS for vernalization (VERNDVS) reached at day 1984-06-26, but vernalization requirements not yet fulfilled. Forcing vernalization now (VERN=47.688571).
[2026-03-23 21:53:59,183][pcse.crop.phenology.Vernalisation][INFO] - Critical DVS for vernalization (VERNDVS) reached at day 1984-06-27, but vernalization requirements not yet fulfilled. Forcing vernalization now (VERN=47.688571).
[2026-03-23 21:53:59,199][pcse.crop.phenology.Vernalisation][INFO] - Critical DVS for vernalization (VERNDVS) reached at day 1984-06-28, but vernalization requirements not yet fulfilled. Forcing vernalization now (VERN=47.688571).
[2026-03-23 21:53:59,214][pcse.crop.phenology.Vernalisation][INFO] - Critical DVS for vernalization (VERNDVS) reached at day 1984-06-29, but vernalization requirements not yet fulfilled. Forcing vernalization now (VERN=47.688571).
[2026-03-23 21:53:59,214][pcse.crop.phenology.Annual_Phenology][INFO] - Changed phenological stage 'vegetative' to 'reproductive' on 1984-06-29
[2026-03-23 21:54:00,631][pcse.crop.phenology.Annual_Phenology][INFO] - Changed phenological stage 'reproductive' to 'mature' on 1984-09-13
[2026-03-23 21:54:00,898][pcse.base.timer.Timer][INFO] - Reached end of simulation period as specified by END_DATE.
| train          | E: 31 | S: 7471 | R: -322.6065 | TR: 0.2283 | TF: 128 | LR: 128 | NR: 0 | D: 04.4 s | TD: 00.0 s | BR: -0.0730 | ALOSS: -11370.9315 | CLOSS: 1424515.3298 | TLOSS: -96.5897 | TVAL: 0.1192 | AENT: -811.5346 | BCLOSS: 0.0000
[EPISODE DBG] episode=31 step=7471 pred_return=-313.866564 true_return=0.000000 total_feedback=128 labeled_feedback=128
[2026-03-23 21:54:00,905][pcse.agromanager.SoilCalendar][INFO] - Starting soil (oregon) with variation (oregon_1) on day 1984-02-01
[2026-03-23 21:54:00,909][pcse.agromanager.CropCalendar][INFO] - Starting crop (wheat) with variety (wheat_1) on day 1984-02-01
[REPLAY DBG] post-agent-update step=7500 n=7500 mean=-0.096976 std=1.324660 min=-2.242645 max=2.729301
[STEP DBG] step=7500 env_reward=0.000000 r_hat=-0.699113 done=False
[NORM DBG] count=7500 mean_abs_mean=62611.523438 mean_std=201.417099 min_std=0.001000 max_std=2728.776611
[2026-03-23 21:54:02,340][pcse.crop.phenology.Annual_Phenology][INFO] - Changed phenological stage 'emerging' to 'vegetative' on 1984-04-10
[2026-03-23 21:54:03,155][pcse.crop.phenology.Vernalisation][INFO] - Critical DVS for vernalization (VERNDVS) reached at day 1984-06-02, but vernalization requirements not yet fulfilled. Forcing vernalization now (VERN=47.688571).
[2026-03-23 21:54:03,171][pcse.crop.phenology.Vernalisation][INFO] - Critical DVS for vernalization (VERNDVS) reached at day 1984-06-03, but vernalization requirements not yet fulfilled. Forcing vernalization now (VERN=47.688571).
[2026-03-23 21:54:03,186][pcse.crop.phenology.Vernalisation][INFO] - Critical DVS for vernalization (VERNDVS) reached at day 1984-06-04, but vernalization requirements not yet fulfilled. Forcing vernalization now (VERN=47.688571).
[2026-03-23 21:54:03,202][pcse.crop.phenology.Vernalisation][INFO] - Critical DVS for vernalization (VERNDVS) reached at day 1984-06-05, but vernalization requirements not yet fulfilled. Forcing vernalization now (VERN=47.688571).
[2026-03-23 21:54:03,217][pcse.crop.phenology.Vernalisation][INFO] - Critical DVS for vernalization (VERNDVS) reached at day 1984-06-06, but vernalization requirements not yet fulfilled. Forcing vernalization now (VERN=47.688571).
[2026-03-23 21:54:03,233][pcse.crop.phenology.Vernalisation][INFO] - Critical DVS for vernalization (VERNDVS) reached at day 1984-06-07, but vernalization requirements not yet fulfilled. Forcing vernalization now (VERN=47.688571).
[2026-03-23 21:54:03,249][pcse.crop.phenology.Vernalisation][INFO] - Critical DVS for vernalization (VERNDVS) reached at day 1984-06-08, but vernalization requirements not yet fulfilled. Forcing vernalization now (VERN=47.688571).
[2026-03-23 21:54:03,264][pcse.crop.phenology.Vernalisation][INFO] - Critical DVS for vernalization (VERNDVS) reached at day 1984-06-09, but vernalization requirements not yet fulfilled. Forcing vernalization now (VERN=47.688571).
[2026-03-23 21:54:03,279][pcse.crop.phenology.Vernalisation][INFO] - Critical DVS for vernalization (VERNDVS) reached at day 1984-06-10, but vernalization requirements not yet fulfilled. Forcing vernalization now (VERN=47.688571).
[2026-03-23 21:54:03,448][pcse.crop.phenology.Vernalisation][INFO] - Critical DVS for vernalization (VERNDVS) reached at day 1984-06-11, but vernalization requirements not yet fulfilled. Forcing vernalization now (VERN=47.688571).
[2026-03-23 21:54:03,466][pcse.crop.phenology.Vernalisation][INFO] - Critical DVS for vernalization (VERNDVS) reached at day 1984-06-12, but vernalization requirements not yet fulfilled. Forcing vernalization now (VERN=47.688571).
[2026-03-23 21:54:03,485][pcse.crop.phenology.Vernalisation][INFO] - Critical DVS for vernalization (VERNDVS) reached at day 1984-06-13, but vernalization requirements not yet fulfilled. Forcing vernalization now (VERN=47.688571).
[2026-03-23 21:54:03,503][pcse.crop.phenology.Vernalisation][INFO] - Critical DVS for vernalization (VERNDVS) reached at day 1984-06-14, but vernalization requirements not yet fulfilled. Forcing vernalization now (VERN=47.688571).
[2026-03-23 21:54:03,521][pcse.crop.phenology.Vernalisation][INFO] - Critical DVS for vernalization (VERNDVS) reached at day 1984-06-15, but vernalization requirements not yet fulfilled. Forcing vernalization now (VERN=47.688571).
[2026-03-23 21:54:03,539][pcse.crop.phenology.Vernalisation][INFO] - Critical DVS for vernalization (VERNDVS) reached at day 1984-06-16, but vernalization requirements not yet fulfilled. Forcing vernalization now (VERN=47.688571).
[2026-03-23 21:54:03,554][pcse.crop.phenology.Vernalisation][INFO] - Critical DVS for vernalization (VERNDVS) reached at day 1984-06-17, but vernalization requirements not yet fulfilled. Forcing vernalization now (VERN=47.688571).
[2026-03-23 21:54:03,569][pcse.crop.phenology.Vernalisation][INFO] - Critical DVS for vernalization (VERNDVS) reached at day 1984-06-18, but vernalization requirements not yet fulfilled. Forcing vernalization now (VERN=47.688571).
[2026-03-23 21:54:03,585][pcse.crop.phenology.Vernalisation][INFO] - Critical DVS for vernalization (VERNDVS) reached at day 1984-06-19, but vernalization requirements not yet fulfilled. Forcing vernalization now (VERN=47.688571).
[2026-03-23 21:54:03,601][pcse.crop.phenology.Vernalisation][INFO] - Critical DVS for vernalization (VERNDVS) reached at day 1984-06-20, but vernalization requirements not yet fulfilled. Forcing vernalization now (VERN=47.688571).
[2026-03-23 21:54:03,617][pcse.crop.phenology.Vernalisation][INFO] - Critical DVS for vernalization (VERNDVS) reached at day 1984-06-21, but vernalization requirements not yet fulfilled. Forcing vernalization now (VERN=47.688571).
[2026-03-23 21:54:03,633][pcse.crop.phenology.Vernalisation][INFO] - Critical DVS for vernalization (VERNDVS) reached at day 1984-06-22, but vernalization requirements not yet fulfilled. Forcing vernalization now (VERN=47.688571).
[2026-03-23 21:54:03,649][pcse.crop.phenology.Vernalisation][INFO] - Critical DVS for vernalization (VERNDVS) reached at day 1984-06-23, but vernalization requirements not yet fulfilled. Forcing vernalization now (VERN=47.688571).
[2026-03-23 21:54:03,664][pcse.crop.phenology.Vernalisation][INFO] - Critical DVS for vernalization (VERNDVS) reached at day 1984-06-24, but vernalization requirements not yet fulfilled. Forcing vernalization now (VERN=47.688571).
[2026-03-23 21:54:03,680][pcse.crop.phenology.Vernalisation][INFO] - Critical DVS for vernalization (VERNDVS) reached at day 1984-06-25, but vernalization requirements not yet fulfilled. Forcing vernalization now (VERN=47.688571).
[2026-03-23 21:54:03,696][pcse.crop.phenology.Vernalisation][INFO] - Critical DVS for vernalization (VERNDVS) reached at day 1984-06-26, but vernalization requirements not yet fulfilled. Forcing vernalization now (VERN=47.688571).
[2026-03-23 21:54:03,712][pcse.crop.phenology.Vernalisation][INFO] - Critical DVS for vernalization (VERNDVS) reached at day 1984-06-27, but vernalization requirements not yet fulfilled. Forcing vernalization now (VERN=47.688571).
[2026-03-23 21:54:03,727][pcse.crop.phenology.Vernalisation][INFO] - Critical DVS for vernalization (VERNDVS) reached at day 1984-06-28, but vernalization requirements not yet fulfilled. Forcing vernalization now (VERN=47.688571).
[2026-03-23 21:54:03,743][pcse.crop.phenology.Vernalisation][INFO] - Critical DVS for vernalization (VERNDVS) reached at day 1984-06-29, but vernalization requirements not yet fulfilled. Forcing vernalization now (VERN=47.688571).
[2026-03-23 21:54:03,743][pcse.crop.phenology.Annual_Phenology][INFO] - Changed phenological stage 'vegetative' to 'reproductive' on 1984-06-29
[2026-03-23 21:54:04,941][pcse.crop.phenology.Annual_Phenology][INFO] - Changed phenological stage 'reproductive' to 'mature' on 1984-09-13
[2026-03-23 21:54:05,360][pcse.base.timer.Timer][INFO] - Reached end of simulation period as specified by END_DATE.
| train          | E: 32 | S: 7712 | R: -313.8666 | TR: 0.0000 | TF: 128 | LR: 128 | NR: 0 | D: 04.5 s | TD: 00.0 s | BR: -0.1156 | ALOSS: -11406.4626 | CLOSS: 1533019.6234 | TLOSS: -98.3535 | TVAL: 0.1215 | AENT: -810.3778 | BCLOSS: 0.0000
[EPISODE DBG] episode=32 step=7712 pred_return=-306.334848 true_return=0.228308 total_feedback=128 labeled_feedback=128
[2026-03-23 21:54:05,365][pcse.agromanager.SoilCalendar][INFO] - Starting soil (oregon) with variation (oregon_1) on day 1984-02-01
[2026-03-23 21:54:05,367][pcse.agromanager.CropCalendar][INFO] - Starting crop (wheat) with variety (wheat_1) on day 1984-02-01
[2026-03-23 21:54:06,525][pcse.crop.phenology.Annual_Phenology][INFO] - Changed phenological stage 'emerging' to 'vegetative' on 1984-04-10
[2026-03-23 21:54:07,436][pcse.crop.phenology.Vernalisation][INFO] - Critical DVS for vernalization (VERNDVS) reached at day 1984-06-02, but vernalization requirements not yet fulfilled. Forcing vernalization now (VERN=47.688571).
[2026-03-23 21:54:07,449][pcse.crop.phenology.Vernalisation][INFO] - Critical DVS for vernalization (VERNDVS) reached at day 1984-06-03, but vernalization requirements not yet fulfilled. Forcing vernalization now (VERN=47.688571).
[2026-03-23 21:54:07,463][pcse.crop.phenology.Vernalisation][INFO] - Critical DVS for vernalization (VERNDVS) reached at day 1984-06-04, but vernalization requirements not yet fulfilled. Forcing vernalization now (VERN=47.688571).
[2026-03-23 21:54:07,477][pcse.crop.phenology.Vernalisation][INFO] - Critical DVS for vernalization (VERNDVS) reached at day 1984-06-05, but vernalization requirements not yet fulfilled. Forcing vernalization now (VERN=47.688571).
[2026-03-23 21:54:07,491][pcse.crop.phenology.Vernalisation][INFO] - Critical DVS for vernalization (VERNDVS) reached at day 1984-06-06, but vernalization requirements not yet fulfilled. Forcing vernalization now (VERN=47.688571).
[2026-03-23 21:54:07,504][pcse.crop.phenology.Vernalisation][INFO] - Critical DVS for vernalization (VERNDVS) reached at day 1984-06-07, but vernalization requirements not yet fulfilled. Forcing vernalization now (VERN=47.688571).
[2026-03-23 21:54:07,518][pcse.crop.phenology.Vernalisation][INFO] - Critical DVS for vernalization (VERNDVS) reached at day 1984-06-08, but vernalization requirements not yet fulfilled. Forcing vernalization now (VERN=47.688571).
[2026-03-23 21:54:07,532][pcse.crop.phenology.Vernalisation][INFO] - Critical DVS for vernalization (VERNDVS) reached at day 1984-06-09, but vernalization requirements not yet fulfilled. Forcing vernalization now (VERN=47.688571).
[2026-03-23 21:54:07,545][pcse.crop.phenology.Vernalisation][INFO] - Critical DVS for vernalization (VERNDVS) reached at day 1984-06-10, but vernalization requirements not yet fulfilled. Forcing vernalization now (VERN=47.688571).
[2026-03-23 21:54:07,559][pcse.crop.phenology.Vernalisation][INFO] - Critical DVS for vernalization (VERNDVS) reached at day 1984-06-11, but vernalization requirements not yet fulfilled. Forcing vernalization now (VERN=47.688571).
[2026-03-23 21:54:07,572][pcse.crop.phenology.Vernalisation][INFO] - Critical DVS for vernalization (VERNDVS) reached at day 1984-06-12, but vernalization requirements not yet fulfilled. Forcing vernalization now (VERN=47.688571).
[2026-03-23 21:54:07,585][pcse.crop.phenology.Vernalisation][INFO] - Critical DVS for vernalization (VERNDVS) reached at day 1984-06-13, but vernalization requirements not yet fulfilled. Forcing vernalization now (VERN=47.688571).
[2026-03-23 21:54:07,599][pcse.crop.phenology.Vernalisation][INFO] - Critical DVS for vernalization (VERNDVS) reached at day 1984-06-14, but vernalization requirements not yet fulfilled. Forcing vernalization now (VERN=47.688571).
[2026-03-23 21:54:07,613][pcse.crop.phenology.Vernalisation][INFO] - Critical DVS for vernalization (VERNDVS) reached at day 1984-06-15, but vernalization requirements not yet fulfilled. Forcing vernalization now (VERN=47.688571).
[2026-03-23 21:54:07,627][pcse.crop.phenology.Vernalisation][INFO] - Critical DVS for vernalization (VERNDVS) reached at day 1984-06-16, but vernalization requirements not yet fulfilled. Forcing vernalization now (VERN=47.688571).
[2026-03-23 21:54:07,640][pcse.crop.phenology.Vernalisation][INFO] - Critical DVS for vernalization (VERNDVS) reached at day 1984-06-17, but vernalization requirements not yet fulfilled. Forcing vernalization now (VERN=47.688571).
[2026-03-23 21:54:07,654][pcse.crop.phenology.Vernalisation][INFO] - Critical DVS for vernalization (VERNDVS) reached at day 1984-06-18, but vernalization requirements not yet fulfilled. Forcing vernalization now (VERN=47.688571).
[2026-03-23 21:54:07,667][pcse.crop.phenology.Vernalisation][INFO] - Critical DVS for vernalization (VERNDVS) reached at day 1984-06-19, but vernalization requirements not yet fulfilled. Forcing vernalization now (VERN=47.688571).
[2026-03-23 21:54:07,681][pcse.crop.phenology.Vernalisation][INFO] - Critical DVS for vernalization (VERNDVS) reached at day 1984-06-20, but vernalization requirements not yet fulfilled. Forcing vernalization now (VERN=47.688571).
[2026-03-23 21:54:07,695][pcse.crop.phenology.Vernalisation][INFO] - Critical DVS for vernalization (VERNDVS) reached at day 1984-06-21, but vernalization requirements not yet fulfilled. Forcing vernalization now (VERN=47.688571).
[2026-03-23 21:54:07,709][pcse.crop.phenology.Vernalisation][INFO] - Critical DVS for vernalization (VERNDVS) reached at day 1984-06-22, but vernalization requirements not yet fulfilled. Forcing vernalization now (VERN=47.688571).
[2026-03-23 21:54:07,722][pcse.crop.phenology.Vernalisation][INFO] - Critical DVS for vernalization (VERNDVS) reached at day 1984-06-23, but vernalization requirements not yet fulfilled. Forcing vernalization now (VERN=47.688571).
[2026-03-23 21:54:07,736][pcse.crop.phenology.Vernalisation][INFO] - Critical DVS for vernalization (VERNDVS) reached at day 1984-06-24, but vernalization requirements not yet fulfilled. Forcing vernalization now (VERN=47.688571).
[2026-03-23 21:54:07,749][pcse.crop.phenology.Vernalisation][INFO] - Critical DVS for vernalization (VERNDVS) reached at day 1984-06-25, but vernalization requirements not yet fulfilled. Forcing vernalization now (VERN=47.688571).
[2026-03-23 21:54:07,762][pcse.crop.phenology.Vernalisation][INFO] - Critical DVS for vernalization (VERNDVS) reached at day 1984-06-26, but vernalization requirements not yet fulfilled. Forcing vernalization now (VERN=47.688571).
[2026-03-23 21:54:07,776][pcse.crop.phenology.Vernalisation][INFO] - Critical DVS for vernalization (VERNDVS) reached at day 1984-06-27, but vernalization requirements not yet fulfilled. Forcing vernalization now (VERN=47.688571).
[2026-03-23 21:54:07,790][pcse.crop.phenology.Vernalisation][INFO] - Critical DVS for vernalization (VERNDVS) reached at day 1984-06-28, but vernalization requirements not yet fulfilled. Forcing vernalization now (VERN=47.688571).
[2026-03-23 21:54:07,804][pcse.crop.phenology.Vernalisation][INFO] - Critical DVS for vernalization (VERNDVS) reached at day 1984-06-29, but vernalization requirements not yet fulfilled. Forcing vernalization now (VERN=47.688571).
[2026-03-23 21:54:07,804][pcse.crop.phenology.Annual_Phenology][INFO] - Changed phenological stage 'vegetative' to 'reproductive' on 1984-06-29
[2026-03-23 21:54:09,033][pcse.crop.phenology.Annual_Phenology][INFO] - Changed phenological stage 'reproductive' to 'mature' on 1984-09-13
[2026-03-23 21:54:09,300][pcse.base.timer.Timer][INFO] - Reached end of simulation period as specified by END_DATE.
| train          | E: 33 | S: 7953 | R: -306.3348 | TR: 0.2283 | TF: 128 | LR: 128 | NR: 0 | D: 03.9 s | TD: 00.0 s | BR: -0.1441 | ALOSS: -11339.2304 | CLOSS: 1447250.5297 | TLOSS: -99.5736 | TVAL: 0.1240 | AENT: -803.8819 | BCLOSS: 0.0000
[EPISODE DBG] episode=33 step=7953 pred_return=-298.867029 true_return=0.000000 total_feedback=128 labeled_feedback=128
[2026-03-23 21:54:09,307][pcse.agromanager.SoilCalendar][INFO] - Starting soil (oregon) with variation (oregon_1) on day 1984-02-01
[2026-03-23 21:54:09,309][pcse.agromanager.CropCalendar][INFO] - Starting crop (wheat) with variety (wheat_1) on day 1984-02-01
[REPLAY DBG] post-agent-update step=8000 n=8000 mean=-0.168111 std=1.315271 min=-2.242645 max=2.729301
[STEP DBG] step=8000 env_reward=0.000000 r_hat=-0.577235 done=False
[NORM DBG] count=8000 mean_abs_mean=62605.628906 mean_std=196.930115 min_std=0.001000 max_std=2659.828369
[2026-03-23 21:54:10,640][pcse.crop.phenology.Annual_Phenology][INFO] - Changed phenological stage 'emerging' to 'vegetative' on 1984-04-10
[2026-03-23 21:54:11,348][pcse.crop.phenology.Vernalisation][INFO] - Critical DVS for vernalization (VERNDVS) reached at day 1984-06-02, but vernalization requirements not yet fulfilled. Forcing vernalization now (VERN=47.688571).
[2026-03-23 21:54:11,362][pcse.crop.phenology.Vernalisation][INFO] - Critical DVS for vernalization (VERNDVS) reached at day 1984-06-03, but vernalization requirements not yet fulfilled. Forcing vernalization now (VERN=47.688571).
[2026-03-23 21:54:11,375][pcse.crop.phenology.Vernalisation][INFO] - Critical DVS for vernalization (VERNDVS) reached at day 1984-06-04, but vernalization requirements not yet fulfilled. Forcing vernalization now (VERN=47.688571).
[2026-03-23 21:54:11,389][pcse.crop.phenology.Vernalisation][INFO] - Critical DVS for vernalization (VERNDVS) reached at day 1984-06-05, but vernalization requirements not yet fulfilled. Forcing vernalization now (VERN=47.688571).
[2026-03-23 21:54:11,403][pcse.crop.phenology.Vernalisation][INFO] - Critical DVS for vernalization (VERNDVS) reached at day 1984-06-06, but vernalization requirements not yet fulfilled. Forcing vernalization now (VERN=47.688571).
[2026-03-23 21:54:11,417][pcse.crop.phenology.Vernalisation][INFO] - Critical DVS for vernalization (VERNDVS) reached at day 1984-06-07, but vernalization requirements not yet fulfilled. Forcing vernalization now (VERN=47.688571).
[2026-03-23 21:54:11,431][pcse.crop.phenology.Vernalisation][INFO] - Critical DVS for vernalization (VERNDVS) reached at day 1984-06-08, but vernalization requirements not yet fulfilled. Forcing vernalization now (VERN=47.688571).
[2026-03-23 21:54:11,444][pcse.crop.phenology.Vernalisation][INFO] - Critical DVS for vernalization (VERNDVS) reached at day 1984-06-09, but vernalization requirements not yet fulfilled. Forcing vernalization now (VERN=47.688571).
[2026-03-23 21:54:11,458][pcse.crop.phenology.Vernalisation][INFO] - Critical DVS for vernalization (VERNDVS) reached at day 1984-06-10, but vernalization requirements not yet fulfilled. Forcing vernalization now (VERN=47.688571).
[2026-03-23 21:54:11,471][pcse.crop.phenology.Vernalisation][INFO] - Critical DVS for vernalization (VERNDVS) reached at day 1984-06-11, but vernalization requirements not yet fulfilled. Forcing vernalization now (VERN=47.688571).
[2026-03-23 21:54:11,485][pcse.crop.phenology.Vernalisation][INFO] - Critical DVS for vernalization (VERNDVS) reached at day 1984-06-12, but vernalization requirements not yet fulfilled. Forcing vernalization now (VERN=47.688571).
[2026-03-23 21:54:11,498][pcse.crop.phenology.Vernalisation][INFO] - Critical DVS for vernalization (VERNDVS) reached at day 1984-06-13, but vernalization requirements not yet fulfilled. Forcing vernalization now (VERN=47.688571).
[2026-03-23 21:54:11,511][pcse.crop.phenology.Vernalisation][INFO] - Critical DVS for vernalization (VERNDVS) reached at day 1984-06-14, but vernalization requirements not yet fulfilled. Forcing vernalization now (VERN=47.688571).
[2026-03-23 21:54:11,525][pcse.crop.phenology.Vernalisation][INFO] - Critical DVS for vernalization (VERNDVS) reached at day 1984-06-15, but vernalization requirements not yet fulfilled. Forcing vernalization now (VERN=47.688571).
[2026-03-23 21:54:11,539][pcse.crop.phenology.Vernalisation][INFO] - Critical DVS for vernalization (VERNDVS) reached at day 1984-06-16, but vernalization requirements not yet fulfilled. Forcing vernalization now (VERN=47.688571).
[2026-03-23 21:54:11,553][pcse.crop.phenology.Vernalisation][INFO] - Critical DVS for vernalization (VERNDVS) reached at day 1984-06-17, but vernalization requirements not yet fulfilled. Forcing vernalization now (VERN=47.688571).
[2026-03-23 21:54:11,566][pcse.crop.phenology.Vernalisation][INFO] - Critical DVS for vernalization (VERNDVS) reached at day 1984-06-18, but vernalization requirements not yet fulfilled. Forcing vernalization now (VERN=47.688571).
[2026-03-23 21:54:11,580][pcse.crop.phenology.Vernalisation][INFO] - Critical DVS for vernalization (VERNDVS) reached at day 1984-06-19, but vernalization requirements not yet fulfilled. Forcing vernalization now (VERN=47.688571).
[2026-03-23 21:54:11,593][pcse.crop.phenology.Vernalisation][INFO] - Critical DVS for vernalization (VERNDVS) reached at day 1984-06-20, but vernalization requirements not yet fulfilled. Forcing vernalization now (VERN=47.688571).
[2026-03-23 21:54:11,607][pcse.crop.phenology.Vernalisation][INFO] - Critical DVS for vernalization (VERNDVS) reached at day 1984-06-21, but vernalization requirements not yet fulfilled. Forcing vernalization now (VERN=47.688571).
[2026-03-23 21:54:11,621][pcse.crop.phenology.Vernalisation][INFO] - Critical DVS for vernalization (VERNDVS) reached at day 1984-06-22, but vernalization requirements not yet fulfilled. Forcing vernalization now (VERN=47.688571).
[2026-03-23 21:54:11,636][pcse.crop.phenology.Vernalisation][INFO] - Critical DVS for vernalization (VERNDVS) reached at day 1984-06-23, but vernalization requirements not yet fulfilled. Forcing vernalization now (VERN=47.688571).
[2026-03-23 21:54:11,649][pcse.crop.phenology.Vernalisation][INFO] - Critical DVS for vernalization (VERNDVS) reached at day 1984-06-24, but vernalization requirements not yet fulfilled. Forcing vernalization now (VERN=47.688571).
[2026-03-23 21:54:11,663][pcse.crop.phenology.Vernalisation][INFO] - Critical DVS for vernalization (VERNDVS) reached at day 1984-06-25, but vernalization requirements not yet fulfilled. Forcing vernalization now (VERN=47.688571).
[2026-03-23 21:54:11,677][pcse.crop.phenology.Vernalisation][INFO] - Critical DVS for vernalization (VERNDVS) reached at day 1984-06-26, but vernalization requirements not yet fulfilled. Forcing vernalization now (VERN=47.688571).
[2026-03-23 21:54:11,691][pcse.crop.phenology.Vernalisation][INFO] - Critical DVS for vernalization (VERNDVS) reached at day 1984-06-27, but vernalization requirements not yet fulfilled. Forcing vernalization now (VERN=47.688571).
[2026-03-23 21:54:11,705][pcse.crop.phenology.Vernalisation][INFO] - Critical DVS for vernalization (VERNDVS) reached at day 1984-06-28, but vernalization requirements not yet fulfilled. Forcing vernalization now (VERN=47.688571).
[2026-03-23 21:54:11,857][pcse.crop.phenology.Vernalisation][INFO] - Critical DVS for vernalization (VERNDVS) reached at day 1984-06-29, but vernalization requirements not yet fulfilled. Forcing vernalization now (VERN=47.688571).
[2026-03-23 21:54:11,857][pcse.crop.phenology.Annual_Phenology][INFO] - Changed phenological stage 'vegetative' to 'reproductive' on 1984-06-29
[2026-03-23 21:54:12,892][pcse.crop.phenology.Annual_Phenology][INFO] - Changed phenological stage 'reproductive' to 'mature' on 1984-09-13
[2026-03-23 21:54:13,121][pcse.base.timer.Timer][INFO] - Reached end of simulation period as specified by END_DATE.
| train          | E: 34 | S: 8194 | R: -298.8670 | TR: 0.0000 | TF: 128 | LR: 128 | NR: 0 | D: 03.8 s | TD: 00.0 s | BR: -0.1816 | ALOSS: -11331.3587 | CLOSS: 1362100.2196 | TLOSS: -101.3852 | TVAL: 0.1267 | AENT: -801.3694 | BCLOSS: 0.0000
[EPISODE DBG] episode=34 step=8194 pred_return=-292.463978 true_return=0.228308 total_feedback=128 labeled_feedback=128
[2026-03-23 21:54:13,127][pcse.agromanager.SoilCalendar][INFO] - Starting soil (oregon) with variation (oregon_1) on day 1984-02-01
[2026-03-23 21:54:13,128][pcse.agromanager.CropCalendar][INFO] - Starting crop (wheat) with variety (wheat_1) on day 1984-02-01
[2026-03-23 21:54:14,289][pcse.crop.phenology.Annual_Phenology][INFO] - Changed phenological stage 'emerging' to 'vegetative' on 1984-04-10
[2026-03-23 21:54:15,191][pcse.crop.phenology.Vernalisation][INFO] - Critical DVS for vernalization (VERNDVS) reached at day 1984-06-02, but vernalization requirements not yet fulfilled. Forcing vernalization now (VERN=47.688571).
[2026-03-23 21:54:15,206][pcse.crop.phenology.Vernalisation][INFO] - Critical DVS for vernalization (VERNDVS) reached at day 1984-06-03, but vernalization requirements not yet fulfilled. Forcing vernalization now (VERN=47.688571).
[2026-03-23 21:54:15,221][pcse.crop.phenology.Vernalisation][INFO] - Critical DVS for vernalization (VERNDVS) reached at day 1984-06-04, but vernalization requirements not yet fulfilled. Forcing vernalization now (VERN=47.688571).
[2026-03-23 21:54:15,237][pcse.crop.phenology.Vernalisation][INFO] - Critical DVS for vernalization (VERNDVS) reached at day 1984-06-05, but vernalization requirements not yet fulfilled. Forcing vernalization now (VERN=47.688571).
[2026-03-23 21:54:15,252][pcse.crop.phenology.Vernalisation][INFO] - Critical DVS for vernalization (VERNDVS) reached at day 1984-06-06, but vernalization requirements not yet fulfilled. Forcing vernalization now (VERN=47.688571).
[2026-03-23 21:54:15,268][pcse.crop.phenology.Vernalisation][INFO] - Critical DVS for vernalization (VERNDVS) reached at day 1984-06-07, but vernalization requirements not yet fulfilled. Forcing vernalization now (VERN=47.688571).
[2026-03-23 21:54:15,283][pcse.crop.phenology.Vernalisation][INFO] - Critical DVS for vernalization (VERNDVS) reached at day 1984-06-08, but vernalization requirements not yet fulfilled. Forcing vernalization now (VERN=47.688571).
[2026-03-23 21:54:15,299][pcse.crop.phenology.Vernalisation][INFO] - Critical DVS for vernalization (VERNDVS) reached at day 1984-06-09, but vernalization requirements not yet fulfilled. Forcing vernalization now (VERN=47.688571).
[2026-03-23 21:54:15,314][pcse.crop.phenology.Vernalisation][INFO] - Critical DVS for vernalization (VERNDVS) reached at day 1984-06-10, but vernalization requirements not yet fulfilled. Forcing vernalization now (VERN=47.688571).
[2026-03-23 21:54:15,330][pcse.crop.phenology.Vernalisation][INFO] - Critical DVS for vernalization (VERNDVS) reached at day 1984-06-11, but vernalization requirements not yet fulfilled. Forcing vernalization now (VERN=47.688571).
[2026-03-23 21:54:15,345][pcse.crop.phenology.Vernalisation][INFO] - Critical DVS for vernalization (VERNDVS) reached at day 1984-06-12, but vernalization requirements not yet fulfilled. Forcing vernalization now (VERN=47.688571).
[2026-03-23 21:54:15,360][pcse.crop.phenology.Vernalisation][INFO] - Critical DVS for vernalization (VERNDVS) reached at day 1984-06-13, but vernalization requirements not yet fulfilled. Forcing vernalization now (VERN=47.688571).
[2026-03-23 21:54:15,376][pcse.crop.phenology.Vernalisation][INFO] - Critical DVS for vernalization (VERNDVS) reached at day 1984-06-14, but vernalization requirements not yet fulfilled. Forcing vernalization now (VERN=47.688571).
[2026-03-23 21:54:15,391][pcse.crop.phenology.Vernalisation][INFO] - Critical DVS for vernalization (VERNDVS) reached at day 1984-06-15, but vernalization requirements not yet fulfilled. Forcing vernalization now (VERN=47.688571).
[2026-03-23 21:54:15,407][pcse.crop.phenology.Vernalisation][INFO] - Critical DVS for vernalization (VERNDVS) reached at day 1984-06-16, but vernalization requirements not yet fulfilled. Forcing vernalization now (VERN=47.688571).
[2026-03-23 21:54:15,422][pcse.crop.phenology.Vernalisation][INFO] - Critical DVS for vernalization (VERNDVS) reached at day 1984-06-17, but vernalization requirements not yet fulfilled. Forcing vernalization now (VERN=47.688571).
[2026-03-23 21:54:15,438][pcse.crop.phenology.Vernalisation][INFO] - Critical DVS for vernalization (VERNDVS) reached at day 1984-06-18, but vernalization requirements not yet fulfilled. Forcing vernalization now (VERN=47.688571).
[2026-03-23 21:54:15,453][pcse.crop.phenology.Vernalisation][INFO] - Critical DVS for vernalization (VERNDVS) reached at day 1984-06-19, but vernalization requirements not yet fulfilled. Forcing vernalization now (VERN=47.688571).
[2026-03-23 21:54:15,469][pcse.crop.phenology.Vernalisation][INFO] - Critical DVS for vernalization (VERNDVS) reached at day 1984-06-20, but vernalization requirements not yet fulfilled. Forcing vernalization now (VERN=47.688571).
[2026-03-23 21:54:15,484][pcse.crop.phenology.Vernalisation][INFO] - Critical DVS for vernalization (VERNDVS) reached at day 1984-06-21, but vernalization requirements not yet fulfilled. Forcing vernalization now (VERN=47.688571).
[2026-03-23 21:54:15,500][pcse.crop.phenology.Vernalisation][INFO] - Critical DVS for vernalization (VERNDVS) reached at day 1984-06-22, but vernalization requirements not yet fulfilled. Forcing vernalization now (VERN=47.688571).
[2026-03-23 21:54:15,515][pcse.crop.phenology.Vernalisation][INFO] - Critical DVS for vernalization (VERNDVS) reached at day 1984-06-23, but vernalization requirements not yet fulfilled. Forcing vernalization now (VERN=47.688571).
[2026-03-23 21:54:15,531][pcse.crop.phenology.Vernalisation][INFO] - Critical DVS for vernalization (VERNDVS) reached at day 1984-06-24, but vernalization requirements not yet fulfilled. Forcing vernalization now (VERN=47.688571).
[2026-03-23 21:54:15,546][pcse.crop.phenology.Vernalisation][INFO] - Critical DVS for vernalization (VERNDVS) reached at day 1984-06-25, but vernalization requirements not yet fulfilled. Forcing vernalization now (VERN=47.688571).
[2026-03-23 21:54:15,562][pcse.crop.phenology.Vernalisation][INFO] - Critical DVS for vernalization (VERNDVS) reached at day 1984-06-26, but vernalization requirements not yet fulfilled. Forcing vernalization now (VERN=47.688571).
[2026-03-23 21:54:15,577][pcse.crop.phenology.Vernalisation][INFO] - Critical DVS for vernalization (VERNDVS) reached at day 1984-06-27, but vernalization requirements not yet fulfilled. Forcing vernalization now (VERN=47.688571).
[2026-03-23 21:54:15,592][pcse.crop.phenology.Vernalisation][INFO] - Critical DVS for vernalization (VERNDVS) reached at day 1984-06-28, but vernalization requirements not yet fulfilled. Forcing vernalization now (VERN=47.688571).
[2026-03-23 21:54:15,608][pcse.crop.phenology.Vernalisation][INFO] - Critical DVS for vernalization (VERNDVS) reached at day 1984-06-29, but vernalization requirements not yet fulfilled. Forcing vernalization now (VERN=47.688571).
[2026-03-23 21:54:15,608][pcse.crop.phenology.Annual_Phenology][INFO] - Changed phenological stage 'vegetative' to 'reproductive' on 1984-06-29
[2026-03-23 21:54:16,925][pcse.crop.phenology.Annual_Phenology][INFO] - Changed phenological stage 'reproductive' to 'mature' on 1984-09-13
[2026-03-23 21:54:17,158][pcse.base.timer.Timer][INFO] - Reached end of simulation period as specified by END_DATE.
| train          | E: 35 | S: 8435 | R: -292.4640 | TR: 0.2283 | TF: 128 | LR: 128 | NR: 0 | D: 04.0 s | TD: 00.0 s | BR: -0.2057 | ALOSS: -11297.6883 | CLOSS: 1352066.7659 | TLOSS: -102.8208 | TVAL: 0.1295 | AENT: -795.1452 | BCLOSS: 0.0000
[EPISODE DBG] episode=35 step=8435 pred_return=-285.968394 true_return=0.000000 total_feedback=128 labeled_feedback=128
[2026-03-23 21:54:17,163][pcse.agromanager.SoilCalendar][INFO] - Starting soil (oregon) with variation (oregon_1) on day 1984-02-01
[2026-03-23 21:54:17,165][pcse.agromanager.CropCalendar][INFO] - Starting crop (wheat) with variety (wheat_1) on day 1984-02-01
[REPLAY DBG] post-agent-update step=8500 n=8500 mean=-0.227718 std=1.301383 min=-2.242645 max=2.729301
[STEP DBG] step=8500 env_reward=0.000000 r_hat=-0.984666 done=False
[NORM DBG] count=8500 mean_abs_mean=62600.429688 mean_std=192.688309 min_std=0.001000 max_std=2595.470947
[2026-03-23 21:54:18,343][pcse.crop.phenology.Annual_Phenology][INFO] - Changed phenological stage 'emerging' to 'vegetative' on 1984-04-10
[2026-03-23 21:54:19,171][pcse.crop.phenology.Vernalisation][INFO] - Critical DVS for vernalization (VERNDVS) reached at day 1984-06-02, but vernalization requirements not yet fulfilled. Forcing vernalization now (VERN=47.688571).
[2026-03-23 21:54:19,187][pcse.crop.phenology.Vernalisation][INFO] - Critical DVS for vernalization (VERNDVS) reached at day 1984-06-03, but vernalization requirements not yet fulfilled. Forcing vernalization now (VERN=47.688571).
[2026-03-23 21:54:19,202][pcse.crop.phenology.Vernalisation][INFO] - Critical DVS for vernalization (VERNDVS) reached at day 1984-06-04, but vernalization requirements not yet fulfilled. Forcing vernalization now (VERN=47.688571).
[2026-03-23 21:54:19,218][pcse.crop.phenology.Vernalisation][INFO] - Critical DVS for vernalization (VERNDVS) reached at day 1984-06-05, but vernalization requirements not yet fulfilled. Forcing vernalization now (VERN=47.688571).
[2026-03-23 21:54:19,233][pcse.crop.phenology.Vernalisation][INFO] - Critical DVS for vernalization (VERNDVS) reached at day 1984-06-06, but vernalization requirements not yet fulfilled. Forcing vernalization now (VERN=47.688571).
[2026-03-23 21:54:19,249][pcse.crop.phenology.Vernalisation][INFO] - Critical DVS for vernalization (VERNDVS) reached at day 1984-06-07, but vernalization requirements not yet fulfilled. Forcing vernalization now (VERN=47.688571).
[2026-03-23 21:54:19,264][pcse.crop.phenology.Vernalisation][INFO] - Critical DVS for vernalization (VERNDVS) reached at day 1984-06-08, but vernalization requirements not yet fulfilled. Forcing vernalization now (VERN=47.688571).
[2026-03-23 21:54:19,280][pcse.crop.phenology.Vernalisation][INFO] - Critical DVS for vernalization (VERNDVS) reached at day 1984-06-09, but vernalization requirements not yet fulfilled. Forcing vernalization now (VERN=47.688571).
[2026-03-23 21:54:19,295][pcse.crop.phenology.Vernalisation][INFO] - Critical DVS for vernalization (VERNDVS) reached at day 1984-06-10, but vernalization requirements not yet fulfilled. Forcing vernalization now (VERN=47.688571).
[2026-03-23 21:54:19,311][pcse.crop.phenology.Vernalisation][INFO] - Critical DVS for vernalization (VERNDVS) reached at day 1984-06-11, but vernalization requirements not yet fulfilled. Forcing vernalization now (VERN=47.688571).
[2026-03-23 21:54:19,327][pcse.crop.phenology.Vernalisation][INFO] - Critical DVS for vernalization (VERNDVS) reached at day 1984-06-12, but vernalization requirements not yet fulfilled. Forcing vernalization now (VERN=47.688571).
[2026-03-23 21:54:19,342][pcse.crop.phenology.Vernalisation][INFO] - Critical DVS for vernalization (VERNDVS) reached at day 1984-06-13, but vernalization requirements not yet fulfilled. Forcing vernalization now (VERN=47.688571).
[2026-03-23 21:54:19,358][pcse.crop.phenology.Vernalisation][INFO] - Critical DVS for vernalization (VERNDVS) reached at day 1984-06-14, but vernalization requirements not yet fulfilled. Forcing vernalization now (VERN=47.688571).
[2026-03-23 21:54:19,374][pcse.crop.phenology.Vernalisation][INFO] - Critical DVS for vernalization (VERNDVS) reached at day 1984-06-15, but vernalization requirements not yet fulfilled. Forcing vernalization now (VERN=47.688571).
[2026-03-23 21:54:19,389][pcse.crop.phenology.Vernalisation][INFO] - Critical DVS for vernalization (VERNDVS) reached at day 1984-06-16, but vernalization requirements not yet fulfilled. Forcing vernalization now (VERN=47.688571).
[2026-03-23 21:54:19,405][pcse.crop.phenology.Vernalisation][INFO] - Critical DVS for vernalization (VERNDVS) reached at day 1984-06-17, but vernalization requirements not yet fulfilled. Forcing vernalization now (VERN=47.688571).
[2026-03-23 21:54:19,421][pcse.crop.phenology.Vernalisation][INFO] - Critical DVS for vernalization (VERNDVS) reached at day 1984-06-18, but vernalization requirements not yet fulfilled. Forcing vernalization now (VERN=47.688571).
[2026-03-23 21:54:19,436][pcse.crop.phenology.Vernalisation][INFO] - Critical DVS for vernalization (VERNDVS) reached at day 1984-06-19, but vernalization requirements not yet fulfilled. Forcing vernalization now (VERN=47.688571).
[2026-03-23 21:54:19,452][pcse.crop.phenology.Vernalisation][INFO] - Critical DVS for vernalization (VERNDVS) reached at day 1984-06-20, but vernalization requirements not yet fulfilled. Forcing vernalization now (VERN=47.688571).
[2026-03-23 21:54:19,468][pcse.crop.phenology.Vernalisation][INFO] - Critical DVS for vernalization (VERNDVS) reached at day 1984-06-21, but vernalization requirements not yet fulfilled. Forcing vernalization now (VERN=47.688571).
[2026-03-23 21:54:19,483][pcse.crop.phenology.Vernalisation][INFO] - Critical DVS for vernalization (VERNDVS) reached at day 1984-06-22, but vernalization requirements not yet fulfilled. Forcing vernalization now (VERN=47.688571).
[2026-03-23 21:54:19,499][pcse.crop.phenology.Vernalisation][INFO] - Critical DVS for vernalization (VERNDVS) reached at day 1984-06-23, but vernalization requirements not yet fulfilled. Forcing vernalization now (VERN=47.688571).
[2026-03-23 21:54:19,514][pcse.crop.phenology.Vernalisation][INFO] - Critical DVS for vernalization (VERNDVS) reached at day 1984-06-24, but vernalization requirements not yet fulfilled. Forcing vernalization now (VERN=47.688571).
[2026-03-23 21:54:19,530][pcse.crop.phenology.Vernalisation][INFO] - Critical DVS for vernalization (VERNDVS) reached at day 1984-06-25, but vernalization requirements not yet fulfilled. Forcing vernalization now (VERN=47.688571).
[2026-03-23 21:54:19,546][pcse.crop.phenology.Vernalisation][INFO] - Critical DVS for vernalization (VERNDVS) reached at day 1984-06-26, but vernalization requirements not yet fulfilled. Forcing vernalization now (VERN=47.688571).
[2026-03-23 21:54:19,561][pcse.crop.phenology.Vernalisation][INFO] - Critical DVS for vernalization (VERNDVS) reached at day 1984-06-27, but vernalization requirements not yet fulfilled. Forcing vernalization now (VERN=47.688571).
[2026-03-23 21:54:19,577][pcse.crop.phenology.Vernalisation][INFO] - Critical DVS for vernalization (VERNDVS) reached at day 1984-06-28, but vernalization requirements not yet fulfilled. Forcing vernalization now (VERN=47.688571).
[2026-03-23 21:54:19,593][pcse.crop.phenology.Vernalisation][INFO] - Critical DVS for vernalization (VERNDVS) reached at day 1984-06-29, but vernalization requirements not yet fulfilled. Forcing vernalization now (VERN=47.688571).
[2026-03-23 21:54:19,593][pcse.crop.phenology.Annual_Phenology][INFO] - Changed phenological stage 'vegetative' to 'reproductive' on 1984-06-29
[2026-03-23 21:54:20,832][pcse.crop.phenology.Annual_Phenology][INFO] - Changed phenological stage 'reproductive' to 'mature' on 1984-09-13
[2026-03-23 21:54:21,094][pcse.base.timer.Timer][INFO] - Reached end of simulation period as specified by END_DATE.
| train          | E: 36 | S: 8676 | R: -285.9684 | TR: 0.0000 | TF: 128 | LR: 128 | NR: 0 | D: 03.9 s | TD: 00.0 s | BR: -0.2352 | ALOSS: -11227.2770 | CLOSS: 1367025.4134 | TLOSS: -104.2982 | TVAL: 0.1324 | AENT: -788.6722 | BCLOSS: 0.0000
[EPISODE DBG] episode=36 step=8676 pred_return=-280.446638 true_return=0.228308 total_feedback=128 labeled_feedback=128
[2026-03-23 21:54:21,101][pcse.agromanager.SoilCalendar][INFO] - Starting soil (oregon) with variation (oregon_1) on day 1984-02-01
[2026-03-23 21:54:21,103][pcse.agromanager.CropCalendar][INFO] - Starting crop (wheat) with variety (wheat_1) on day 1984-02-01
[2026-03-23 21:54:22,568][pcse.crop.phenology.Annual_Phenology][INFO] - Changed phenological stage 'emerging' to 'vegetative' on 1984-04-10
[2026-03-23 21:54:23,392][pcse.crop.phenology.Vernalisation][INFO] - Critical DVS for vernalization (VERNDVS) reached at day 1984-06-02, but vernalization requirements not yet fulfilled. Forcing vernalization now (VERN=47.688571).
[2026-03-23 21:54:23,408][pcse.crop.phenology.Vernalisation][INFO] - Critical DVS for vernalization (VERNDVS) reached at day 1984-06-03, but vernalization requirements not yet fulfilled. Forcing vernalization now (VERN=47.688571).
[2026-03-23 21:54:23,425][pcse.crop.phenology.Vernalisation][INFO] - Critical DVS for vernalization (VERNDVS) reached at day 1984-06-04, but vernalization requirements not yet fulfilled. Forcing vernalization now (VERN=47.688571).
[2026-03-23 21:54:23,441][pcse.crop.phenology.Vernalisation][INFO] - Critical DVS for vernalization (VERNDVS) reached at day 1984-06-05, but vernalization requirements not yet fulfilled. Forcing vernalization now (VERN=47.688571).
[2026-03-23 21:54:23,628][pcse.crop.phenology.Vernalisation][INFO] - Critical DVS for vernalization (VERNDVS) reached at day 1984-06-06, but vernalization requirements not yet fulfilled. Forcing vernalization now (VERN=47.688571).
[2026-03-23 21:54:23,648][pcse.crop.phenology.Vernalisation][INFO] - Critical DVS for vernalization (VERNDVS) reached at day 1984-06-07, but vernalization requirements not yet fulfilled. Forcing vernalization now (VERN=47.688571).
[2026-03-23 21:54:23,668][pcse.crop.phenology.Vernalisation][INFO] - Critical DVS for vernalization (VERNDVS) reached at day 1984-06-08, but vernalization requirements not yet fulfilled. Forcing vernalization now (VERN=47.688571).
[2026-03-23 21:54:23,687][pcse.crop.phenology.Vernalisation][INFO] - Critical DVS for vernalization (VERNDVS) reached at day 1984-06-09, but vernalization requirements not yet fulfilled. Forcing vernalization now (VERN=47.688571).
[2026-03-23 21:54:23,706][pcse.crop.phenology.Vernalisation][INFO] - Critical DVS for vernalization (VERNDVS) reached at day 1984-06-10, but vernalization requirements not yet fulfilled. Forcing vernalization now (VERN=47.688571).
[2026-03-23 21:54:23,723][pcse.crop.phenology.Vernalisation][INFO] - Critical DVS for vernalization (VERNDVS) reached at day 1984-06-11, but vernalization requirements not yet fulfilled. Forcing vernalization now (VERN=47.688571).
[2026-03-23 21:54:23,736][pcse.crop.phenology.Vernalisation][INFO] - Critical DVS for vernalization (VERNDVS) reached at day 1984-06-12, but vernalization requirements not yet fulfilled. Forcing vernalization now (VERN=47.688571).
[2026-03-23 21:54:23,749][pcse.crop.phenology.Vernalisation][INFO] - Critical DVS for vernalization (VERNDVS) reached at day 1984-06-13, but vernalization requirements not yet fulfilled. Forcing vernalization now (VERN=47.688571).
[2026-03-23 21:54:23,763][pcse.crop.phenology.Vernalisation][INFO] - Critical DVS for vernalization (VERNDVS) reached at day 1984-06-14, but vernalization requirements not yet fulfilled. Forcing vernalization now (VERN=47.688571).
[2026-03-23 21:54:23,776][pcse.crop.phenology.Vernalisation][INFO] - Critical DVS for vernalization (VERNDVS) reached at day 1984-06-15, but vernalization requirements not yet fulfilled. Forcing vernalization now (VERN=47.688571).
[2026-03-23 21:54:23,790][pcse.crop.phenology.Vernalisation][INFO] - Critical DVS for vernalization (VERNDVS) reached at day 1984-06-16, but vernalization requirements not yet fulfilled. Forcing vernalization now (VERN=47.688571).
[2026-03-23 21:54:23,804][pcse.crop.phenology.Vernalisation][INFO] - Critical DVS for vernalization (VERNDVS) reached at day 1984-06-17, but vernalization requirements not yet fulfilled. Forcing vernalization now (VERN=47.688571).
[2026-03-23 21:54:23,818][pcse.crop.phenology.Vernalisation][INFO] - Critical DVS for vernalization (VERNDVS) reached at day 1984-06-18, but vernalization requirements not yet fulfilled. Forcing vernalization now (VERN=47.688571).
[2026-03-23 21:54:23,832][pcse.crop.phenology.Vernalisation][INFO] - Critical DVS for vernalization (VERNDVS) reached at day 1984-06-19, but vernalization requirements not yet fulfilled. Forcing vernalization now (VERN=47.688571).
[2026-03-23 21:54:23,847][pcse.crop.phenology.Vernalisation][INFO] - Critical DVS for vernalization (VERNDVS) reached at day 1984-06-20, but vernalization requirements not yet fulfilled. Forcing vernalization now (VERN=47.688571).
[2026-03-23 21:54:23,861][pcse.crop.phenology.Vernalisation][INFO] - Critical DVS for vernalization (VERNDVS) reached at day 1984-06-21, but vernalization requirements not yet fulfilled. Forcing vernalization now (VERN=47.688571).
[2026-03-23 21:54:23,875][pcse.crop.phenology.Vernalisation][INFO] - Critical DVS for vernalization (VERNDVS) reached at day 1984-06-22, but vernalization requirements not yet fulfilled. Forcing vernalization now (VERN=47.688571).
[2026-03-23 21:54:23,889][pcse.crop.phenology.Vernalisation][INFO] - Critical DVS for vernalization (VERNDVS) reached at day 1984-06-23, but vernalization requirements not yet fulfilled. Forcing vernalization now (VERN=47.688571).
[2026-03-23 21:54:23,903][pcse.crop.phenology.Vernalisation][INFO] - Critical DVS for vernalization (VERNDVS) reached at day 1984-06-24, but vernalization requirements not yet fulfilled. Forcing vernalization now (VERN=47.688571).
[2026-03-23 21:54:23,916][pcse.crop.phenology.Vernalisation][INFO] - Critical DVS for vernalization (VERNDVS) reached at day 1984-06-25, but vernalization requirements not yet fulfilled. Forcing vernalization now (VERN=47.688571).
[2026-03-23 21:54:23,930][pcse.crop.phenology.Vernalisation][INFO] - Critical DVS for vernalization (VERNDVS) reached at day 1984-06-26, but vernalization requirements not yet fulfilled. Forcing vernalization now (VERN=47.688571).
[2026-03-23 21:54:23,944][pcse.crop.phenology.Vernalisation][INFO] - Critical DVS for vernalization (VERNDVS) reached at day 1984-06-27, but vernalization requirements not yet fulfilled. Forcing vernalization now (VERN=47.688571).
[2026-03-23 21:54:23,958][pcse.crop.phenology.Vernalisation][INFO] - Critical DVS for vernalization (VERNDVS) reached at day 1984-06-28, but vernalization requirements not yet fulfilled. Forcing vernalization now (VERN=47.688571).
[2026-03-23 21:54:23,972][pcse.crop.phenology.Vernalisation][INFO] - Critical DVS for vernalization (VERNDVS) reached at day 1984-06-29, but vernalization requirements not yet fulfilled. Forcing vernalization now (VERN=47.688571).
[2026-03-23 21:54:23,972][pcse.crop.phenology.Annual_Phenology][INFO] - Changed phenological stage 'vegetative' to 'reproductive' on 1984-06-29
[2026-03-23 21:54:25,005][pcse.crop.phenology.Annual_Phenology][INFO] - Changed phenological stage 'reproductive' to 'mature' on 1984-09-13
[2026-03-23 21:54:25,442][pcse.base.timer.Timer][INFO] - Reached end of simulation period as specified by END_DATE.
| train          | E: 37 | S: 8917 | R: -280.4466 | TR: 0.2283 | TF: 128 | LR: 128 | NR: 0 | D: 04.3 s | TD: 00.0 s | BR: -0.2636 | ALOSS: -11261.8301 | CLOSS: 1351185.5577 | TLOSS: -105.6320 | TVAL: 0.1355 | AENT: -780.6270 | BCLOSS: 0.0000
[EPISODE DBG] episode=37 step=8917 pred_return=-274.709576 true_return=0.000000 total_feedback=128 labeled_feedback=128
[2026-03-23 21:54:25,450][pcse.agromanager.SoilCalendar][INFO] - Starting soil (oregon) with variation (oregon_1) on day 1984-02-01
[2026-03-23 21:54:25,452][pcse.agromanager.CropCalendar][INFO] - Starting crop (wheat) with variety (wheat_1) on day 1984-02-01
[2026-03-23 21:54:26,589][pcse.crop.phenology.Annual_Phenology][INFO] - Changed phenological stage 'emerging' to 'vegetative' on 1984-04-10
[REPLAY DBG] post-agent-update step=9000 n=9000 mean=-0.278028 std=1.284835 min=-2.242645 max=2.729301
[STEP DBG] step=9000 env_reward=0.000000 r_hat=-0.709531 done=False
[NORM DBG] count=9000 mean_abs_mean=62595.820312 mean_std=188.681320 min_std=0.001000 max_std=2535.281738
[2026-03-23 21:54:27,677][pcse.crop.phenology.Vernalisation][INFO] - Critical DVS for vernalization (VERNDVS) reached at day 1984-06-02, but vernalization requirements not yet fulfilled. Forcing vernalization now (VERN=47.688571).
[2026-03-23 21:54:27,693][pcse.crop.phenology.Vernalisation][INFO] - Critical DVS for vernalization (VERNDVS) reached at day 1984-06-03, but vernalization requirements not yet fulfilled. Forcing vernalization now (VERN=47.688571).
[2026-03-23 21:54:27,708][pcse.crop.phenology.Vernalisation][INFO] - Critical DVS for vernalization (VERNDVS) reached at day 1984-06-04, but vernalization requirements not yet fulfilled. Forcing vernalization now (VERN=47.688571).
[2026-03-23 21:54:27,724][pcse.crop.phenology.Vernalisation][INFO] - Critical DVS for vernalization (VERNDVS) reached at day 1984-06-05, but vernalization requirements not yet fulfilled. Forcing vernalization now (VERN=47.688571).
[2026-03-23 21:54:27,739][pcse.crop.phenology.Vernalisation][INFO] - Critical DVS for vernalization (VERNDVS) reached at day 1984-06-06, but vernalization requirements not yet fulfilled. Forcing vernalization now (VERN=47.688571).
[2026-03-23 21:54:27,755][pcse.crop.phenology.Vernalisation][INFO] - Critical DVS for vernalization (VERNDVS) reached at day 1984-06-07, but vernalization requirements not yet fulfilled. Forcing vernalization now (VERN=47.688571).
[2026-03-23 21:54:27,771][pcse.crop.phenology.Vernalisation][INFO] - Critical DVS for vernalization (VERNDVS) reached at day 1984-06-08, but vernalization requirements not yet fulfilled. Forcing vernalization now (VERN=47.688571).
[2026-03-23 21:54:27,786][pcse.crop.phenology.Vernalisation][INFO] - Critical DVS for vernalization (VERNDVS) reached at day 1984-06-09, but vernalization requirements not yet fulfilled. Forcing vernalization now (VERN=47.688571).
[2026-03-23 21:54:27,802][pcse.crop.phenology.Vernalisation][INFO] - Critical DVS for vernalization (VERNDVS) reached at day 1984-06-10, but vernalization requirements not yet fulfilled. Forcing vernalization now (VERN=47.688571).
[2026-03-23 21:54:27,817][pcse.crop.phenology.Vernalisation][INFO] - Critical DVS for vernalization (VERNDVS) reached at day 1984-06-11, but vernalization requirements not yet fulfilled. Forcing vernalization now (VERN=47.688571).
[2026-03-23 21:54:27,833][pcse.crop.phenology.Vernalisation][INFO] - Critical DVS for vernalization (VERNDVS) reached at day 1984-06-12, but vernalization requirements not yet fulfilled. Forcing vernalization now (VERN=47.688571).
[2026-03-23 21:54:27,848][pcse.crop.phenology.Vernalisation][INFO] - Critical DVS for vernalization (VERNDVS) reached at day 1984-06-13, but vernalization requirements not yet fulfilled. Forcing vernalization now (VERN=47.688571).
[2026-03-23 21:54:27,864][pcse.crop.phenology.Vernalisation][INFO] - Critical DVS for vernalization (VERNDVS) reached at day 1984-06-14, but vernalization requirements not yet fulfilled. Forcing vernalization now (VERN=47.688571).
[2026-03-23 21:54:27,880][pcse.crop.phenology.Vernalisation][INFO] - Critical DVS for vernalization (VERNDVS) reached at day 1984-06-15, but vernalization requirements not yet fulfilled. Forcing vernalization now (VERN=47.688571).
[2026-03-23 21:54:27,896][pcse.crop.phenology.Vernalisation][INFO] - Critical DVS for vernalization (VERNDVS) reached at day 1984-06-16, but vernalization requirements not yet fulfilled. Forcing vernalization now (VERN=47.688571).
[2026-03-23 21:54:27,911][pcse.crop.phenology.Vernalisation][INFO] - Critical DVS for vernalization (VERNDVS) reached at day 1984-06-17, but vernalization requirements not yet fulfilled. Forcing vernalization now (VERN=47.688571).
[2026-03-23 21:54:27,927][pcse.crop.phenology.Vernalisation][INFO] - Critical DVS for vernalization (VERNDVS) reached at day 1984-06-18, but vernalization requirements not yet fulfilled. Forcing vernalization now (VERN=47.688571).
[2026-03-23 21:54:27,943][pcse.crop.phenology.Vernalisation][INFO] - Critical DVS for vernalization (VERNDVS) reached at day 1984-06-19, but vernalization requirements not yet fulfilled. Forcing vernalization now (VERN=47.688571).
[2026-03-23 21:54:27,959][pcse.crop.phenology.Vernalisation][INFO] - Critical DVS for vernalization (VERNDVS) reached at day 1984-06-20, but vernalization requirements not yet fulfilled. Forcing vernalization now (VERN=47.688571).
[2026-03-23 21:54:27,975][pcse.crop.phenology.Vernalisation][INFO] - Critical DVS for vernalization (VERNDVS) reached at day 1984-06-21, but vernalization requirements not yet fulfilled. Forcing vernalization now (VERN=47.688571).
[2026-03-23 21:54:27,991][pcse.crop.phenology.Vernalisation][INFO] - Critical DVS for vernalization (VERNDVS) reached at day 1984-06-22, but vernalization requirements not yet fulfilled. Forcing vernalization now (VERN=47.688571).
[2026-03-23 21:54:28,006][pcse.crop.phenology.Vernalisation][INFO] - Critical DVS for vernalization (VERNDVS) reached at day 1984-06-23, but vernalization requirements not yet fulfilled. Forcing vernalization now (VERN=47.688571).
[2026-03-23 21:54:28,022][pcse.crop.phenology.Vernalisation][INFO] - Critical DVS for vernalization (VERNDVS) reached at day 1984-06-24, but vernalization requirements not yet fulfilled. Forcing vernalization now (VERN=47.688571).
[2026-03-23 21:54:28,038][pcse.crop.phenology.Vernalisation][INFO] - Critical DVS for vernalization (VERNDVS) reached at day 1984-06-25, but vernalization requirements not yet fulfilled. Forcing vernalization now (VERN=47.688571).
[2026-03-23 21:54:28,054][pcse.crop.phenology.Vernalisation][INFO] - Critical DVS for vernalization (VERNDVS) reached at day 1984-06-26, but vernalization requirements not yet fulfilled. Forcing vernalization now (VERN=47.688571).
[2026-03-23 21:54:28,070][pcse.crop.phenology.Vernalisation][INFO] - Critical DVS for vernalization (VERNDVS) reached at day 1984-06-27, but vernalization requirements not yet fulfilled. Forcing vernalization now (VERN=47.688571).
[2026-03-23 21:54:28,085][pcse.crop.phenology.Vernalisation][INFO] - Critical DVS for vernalization (VERNDVS) reached at day 1984-06-28, but vernalization requirements not yet fulfilled. Forcing vernalization now (VERN=47.688571).
[2026-03-23 21:54:28,101][pcse.crop.phenology.Vernalisation][INFO] - Critical DVS for vernalization (VERNDVS) reached at day 1984-06-29, but vernalization requirements not yet fulfilled. Forcing vernalization now (VERN=47.688571).
[2026-03-23 21:54:28,101][pcse.crop.phenology.Annual_Phenology][INFO] - Changed phenological stage 'vegetative' to 'reproductive' on 1984-06-29
[2026-03-23 21:54:29,487][pcse.crop.phenology.Annual_Phenology][INFO] - Changed phenological stage 'reproductive' to 'mature' on 1984-09-13
[2026-03-23 21:54:29,755][pcse.base.timer.Timer][INFO] - Reached end of simulation period as specified by END_DATE.
| train          | E: 38 | S: 9158 | R: -274.7096 | TR: 0.0000 | TF: 128 | LR: 128 | NR: 0 | D: 04.3 s | TD: 00.0 s | BR: -0.2829 | ALOSS: -11112.0216 | CLOSS: 1247314.5483 | TLOSS: -107.3256 | TVAL: 0.1387 | AENT: -774.7494 | BCLOSS: 0.0000
[EPISODE DBG] episode=38 step=9158 pred_return=-269.887707 true_return=0.228308 total_feedback=128 labeled_feedback=128
[2026-03-23 21:54:29,762][pcse.agromanager.SoilCalendar][INFO] - Starting soil (oregon) with variation (oregon_1) on day 1984-02-01
[2026-03-23 21:54:29,765][pcse.agromanager.CropCalendar][INFO] - Starting crop (wheat) with variety (wheat_1) on day 1984-02-01
[2026-03-23 21:54:31,188][pcse.crop.phenology.Annual_Phenology][INFO] - Changed phenological stage 'emerging' to 'vegetative' on 1984-04-10
[2026-03-23 21:54:32,022][pcse.crop.phenology.Vernalisation][INFO] - Critical DVS for vernalization (VERNDVS) reached at day 1984-06-02, but vernalization requirements not yet fulfilled. Forcing vernalization now (VERN=47.688571).
[2026-03-23 21:54:32,038][pcse.crop.phenology.Vernalisation][INFO] - Critical DVS for vernalization (VERNDVS) reached at day 1984-06-03, but vernalization requirements not yet fulfilled. Forcing vernalization now (VERN=47.688571).
[2026-03-23 21:54:32,054][pcse.crop.phenology.Vernalisation][INFO] - Critical DVS for vernalization (VERNDVS) reached at day 1984-06-04, but vernalization requirements not yet fulfilled. Forcing vernalization now (VERN=47.688571).
[2026-03-23 21:54:32,071][pcse.crop.phenology.Vernalisation][INFO] - Critical DVS for vernalization (VERNDVS) reached at day 1984-06-05, but vernalization requirements not yet fulfilled. Forcing vernalization now (VERN=47.688571).
[2026-03-23 21:54:32,087][pcse.crop.phenology.Vernalisation][INFO] - Critical DVS for vernalization (VERNDVS) reached at day 1984-06-06, but vernalization requirements not yet fulfilled. Forcing vernalization now (VERN=47.688571).
[2026-03-23 21:54:32,103][pcse.crop.phenology.Vernalisation][INFO] - Critical DVS for vernalization (VERNDVS) reached at day 1984-06-07, but vernalization requirements not yet fulfilled. Forcing vernalization now (VERN=47.688571).
[2026-03-23 21:54:32,119][pcse.crop.phenology.Vernalisation][INFO] - Critical DVS for vernalization (VERNDVS) reached at day 1984-06-08, but vernalization requirements not yet fulfilled. Forcing vernalization now (VERN=47.688571).
[2026-03-23 21:54:32,135][pcse.crop.phenology.Vernalisation][INFO] - Critical DVS for vernalization (VERNDVS) reached at day 1984-06-09, but vernalization requirements not yet fulfilled. Forcing vernalization now (VERN=47.688571).
[2026-03-23 21:54:32,151][pcse.crop.phenology.Vernalisation][INFO] - Critical DVS for vernalization (VERNDVS) reached at day 1984-06-10, but vernalization requirements not yet fulfilled. Forcing vernalization now (VERN=47.688571).
[2026-03-23 21:54:32,167][pcse.crop.phenology.Vernalisation][INFO] - Critical DVS for vernalization (VERNDVS) reached at day 1984-06-11, but vernalization requirements not yet fulfilled. Forcing vernalization now (VERN=47.688571).
[2026-03-23 21:54:32,183][pcse.crop.phenology.Vernalisation][INFO] - Critical DVS for vernalization (VERNDVS) reached at day 1984-06-12, but vernalization requirements not yet fulfilled. Forcing vernalization now (VERN=47.688571).
[2026-03-23 21:54:32,199][pcse.crop.phenology.Vernalisation][INFO] - Critical DVS for vernalization (VERNDVS) reached at day 1984-06-13, but vernalization requirements not yet fulfilled. Forcing vernalization now (VERN=47.688571).
[2026-03-23 21:54:32,215][pcse.crop.phenology.Vernalisation][INFO] - Critical DVS for vernalization (VERNDVS) reached at day 1984-06-14, but vernalization requirements not yet fulfilled. Forcing vernalization now (VERN=47.688571).
[2026-03-23 21:54:32,231][pcse.crop.phenology.Vernalisation][INFO] - Critical DVS for vernalization (VERNDVS) reached at day 1984-06-15, but vernalization requirements not yet fulfilled. Forcing vernalization now (VERN=47.688571).
[2026-03-23 21:54:32,247][pcse.crop.phenology.Vernalisation][INFO] - Critical DVS for vernalization (VERNDVS) reached at day 1984-06-16, but vernalization requirements not yet fulfilled. Forcing vernalization now (VERN=47.688571).
[2026-03-23 21:54:32,262][pcse.crop.phenology.Vernalisation][INFO] - Critical DVS for vernalization (VERNDVS) reached at day 1984-06-17, but vernalization requirements not yet fulfilled. Forcing vernalization now (VERN=47.688571).
[2026-03-23 21:54:32,278][pcse.crop.phenology.Vernalisation][INFO] - Critical DVS for vernalization (VERNDVS) reached at day 1984-06-18, but vernalization requirements not yet fulfilled. Forcing vernalization now (VERN=47.688571).
[2026-03-23 21:54:32,294][pcse.crop.phenology.Vernalisation][INFO] - Critical DVS for vernalization (VERNDVS) reached at day 1984-06-19, but vernalization requirements not yet fulfilled. Forcing vernalization now (VERN=47.688571).
[2026-03-23 21:54:32,310][pcse.crop.phenology.Vernalisation][INFO] - Critical DVS for vernalization (VERNDVS) reached at day 1984-06-20, but vernalization requirements not yet fulfilled. Forcing vernalization now (VERN=47.688571).
[2026-03-23 21:54:32,326][pcse.crop.phenology.Vernalisation][INFO] - Critical DVS for vernalization (VERNDVS) reached at day 1984-06-21, but vernalization requirements not yet fulfilled. Forcing vernalization now (VERN=47.688571).
[2026-03-23 21:54:32,342][pcse.crop.phenology.Vernalisation][INFO] - Critical DVS for vernalization (VERNDVS) reached at day 1984-06-22, but vernalization requirements not yet fulfilled. Forcing vernalization now (VERN=47.688571).
[2026-03-23 21:54:32,358][pcse.crop.phenology.Vernalisation][INFO] - Critical DVS for vernalization (VERNDVS) reached at day 1984-06-23, but vernalization requirements not yet fulfilled. Forcing vernalization now (VERN=47.688571).
[2026-03-23 21:54:32,542][pcse.crop.phenology.Vernalisation][INFO] - Critical DVS for vernalization (VERNDVS) reached at day 1984-06-24, but vernalization requirements not yet fulfilled. Forcing vernalization now (VERN=47.688571).
[2026-03-23 21:54:32,563][pcse.crop.phenology.Vernalisation][INFO] - Critical DVS for vernalization (VERNDVS) reached at day 1984-06-25, but vernalization requirements not yet fulfilled. Forcing vernalization now (VERN=47.688571).
[2026-03-23 21:54:32,582][pcse.crop.phenology.Vernalisation][INFO] - Critical DVS for vernalization (VERNDVS) reached at day 1984-06-26, but vernalization requirements not yet fulfilled. Forcing vernalization now (VERN=47.688571).
[2026-03-23 21:54:32,600][pcse.crop.phenology.Vernalisation][INFO] - Critical DVS for vernalization (VERNDVS) reached at day 1984-06-27, but vernalization requirements not yet fulfilled. Forcing vernalization now (VERN=47.688571).
[2026-03-23 21:54:32,619][pcse.crop.phenology.Vernalisation][INFO] - Critical DVS for vernalization (VERNDVS) reached at day 1984-06-28, but vernalization requirements not yet fulfilled. Forcing vernalization now (VERN=47.688571).
[2026-03-23 21:54:32,636][pcse.crop.phenology.Vernalisation][INFO] - Critical DVS for vernalization (VERNDVS) reached at day 1984-06-29, but vernalization requirements not yet fulfilled. Forcing vernalization now (VERN=47.688571).
[2026-03-23 21:54:32,636][pcse.crop.phenology.Annual_Phenology][INFO] - Changed phenological stage 'vegetative' to 'reproductive' on 1984-06-29
[2026-03-23 21:54:33,817][pcse.crop.phenology.Annual_Phenology][INFO] - Changed phenological stage 'reproductive' to 'mature' on 1984-09-13
[2026-03-23 21:54:34,083][pcse.base.timer.Timer][INFO] - Reached end of simulation period as specified by END_DATE.
| train          | E: 39 | S: 9399 | R: -269.8877 | TR: 0.2283 | TF: 128 | LR: 128 | NR: 0 | D: 04.3 s | TD: 00.0 s | BR: -0.3062 | ALOSS: -10977.2029 | CLOSS: 1360132.5852 | TLOSS: -109.3162 | TVAL: 0.1421 | AENT: -770.4420 | BCLOSS: 0.0000
[EPISODE DBG] episode=39 step=9399 pred_return=-264.763894 true_return=0.000000 total_feedback=128 labeled_feedback=128
[2026-03-23 21:54:34,090][pcse.agromanager.SoilCalendar][INFO] - Starting soil (oregon) with variation (oregon_1) on day 1984-02-01
[2026-03-23 21:54:34,092][pcse.agromanager.CropCalendar][INFO] - Starting crop (wheat) with variety (wheat_1) on day 1984-02-01
[2026-03-23 21:54:35,535][pcse.crop.phenology.Annual_Phenology][INFO] - Changed phenological stage 'emerging' to 'vegetative' on 1984-04-10
[REPLAY DBG] post-agent-update step=9500 n=9500 mean=-0.320789 std=1.266827 min=-2.242645 max=2.729301
[STEP DBG] step=9500 env_reward=0.000000 r_hat=-0.959821 done=False
[NORM DBG] count=9500 mean_abs_mean=62591.695312 mean_std=184.896149 min_std=0.001000 max_std=2478.874023
[2026-03-23 21:54:36,538][pcse.crop.phenology.Vernalisation][INFO] - Critical DVS for vernalization (VERNDVS) reached at day 1984-06-02, but vernalization requirements not yet fulfilled. Forcing vernalization now (VERN=47.688571).
[2026-03-23 21:54:36,553][pcse.crop.phenology.Vernalisation][INFO] - Critical DVS for vernalization (VERNDVS) reached at day 1984-06-03, but vernalization requirements not yet fulfilled. Forcing vernalization now (VERN=47.688571).
[2026-03-23 21:54:36,569][pcse.crop.phenology.Vernalisation][INFO] - Critical DVS for vernalization (VERNDVS) reached at day 1984-06-04, but vernalization requirements not yet fulfilled. Forcing vernalization now (VERN=47.688571).
[2026-03-23 21:54:36,585][pcse.crop.phenology.Vernalisation][INFO] - Critical DVS for vernalization (VERNDVS) reached at day 1984-06-05, but vernalization requirements not yet fulfilled. Forcing vernalization now (VERN=47.688571).
[2026-03-23 21:54:36,601][pcse.crop.phenology.Vernalisation][INFO] - Critical DVS for vernalization (VERNDVS) reached at day 1984-06-06, but vernalization requirements not yet fulfilled. Forcing vernalization now (VERN=47.688571).
[2026-03-23 21:54:36,617][pcse.crop.phenology.Vernalisation][INFO] - Critical DVS for vernalization (VERNDVS) reached at day 1984-06-07, but vernalization requirements not yet fulfilled. Forcing vernalization now (VERN=47.688571).
[2026-03-23 21:54:36,632][pcse.crop.phenology.Vernalisation][INFO] - Critical DVS for vernalization (VERNDVS) reached at day 1984-06-08, but vernalization requirements not yet fulfilled. Forcing vernalization now (VERN=47.688571).
[2026-03-23 21:54:36,648][pcse.crop.phenology.Vernalisation][INFO] - Critical DVS for vernalization (VERNDVS) reached at day 1984-06-09, but vernalization requirements not yet fulfilled. Forcing vernalization now (VERN=47.688571).
[2026-03-23 21:54:36,664][pcse.crop.phenology.Vernalisation][INFO] - Critical DVS for vernalization (VERNDVS) reached at day 1984-06-10, but vernalization requirements not yet fulfilled. Forcing vernalization now (VERN=47.688571).
[2026-03-23 21:54:36,680][pcse.crop.phenology.Vernalisation][INFO] - Critical DVS for vernalization (VERNDVS) reached at day 1984-06-11, but vernalization requirements not yet fulfilled. Forcing vernalization now (VERN=47.688571).
[2026-03-23 21:54:36,695][pcse.crop.phenology.Vernalisation][INFO] - Critical DVS for vernalization (VERNDVS) reached at day 1984-06-12, but vernalization requirements not yet fulfilled. Forcing vernalization now (VERN=47.688571).
[2026-03-23 21:54:36,711][pcse.crop.phenology.Vernalisation][INFO] - Critical DVS for vernalization (VERNDVS) reached at day 1984-06-13, but vernalization requirements not yet fulfilled. Forcing vernalization now (VERN=47.688571).
[2026-03-23 21:54:36,727][pcse.crop.phenology.Vernalisation][INFO] - Critical DVS for vernalization (VERNDVS) reached at day 1984-06-14, but vernalization requirements not yet fulfilled. Forcing vernalization now (VERN=47.688571).
[2026-03-23 21:54:36,743][pcse.crop.phenology.Vernalisation][INFO] - Critical DVS for vernalization (VERNDVS) reached at day 1984-06-15, but vernalization requirements not yet fulfilled. Forcing vernalization now (VERN=47.688571).
[2026-03-23 21:54:36,759][pcse.crop.phenology.Vernalisation][INFO] - Critical DVS for vernalization (VERNDVS) reached at day 1984-06-16, but vernalization requirements not yet fulfilled. Forcing vernalization now (VERN=47.688571).
[2026-03-23 21:54:36,774][pcse.crop.phenology.Vernalisation][INFO] - Critical DVS for vernalization (VERNDVS) reached at day 1984-06-17, but vernalization requirements not yet fulfilled. Forcing vernalization now (VERN=47.688571).
[2026-03-23 21:54:36,790][pcse.crop.phenology.Vernalisation][INFO] - Critical DVS for vernalization (VERNDVS) reached at day 1984-06-18, but vernalization requirements not yet fulfilled. Forcing vernalization now (VERN=47.688571).
[2026-03-23 21:54:36,806][pcse.crop.phenology.Vernalisation][INFO] - Critical DVS for vernalization (VERNDVS) reached at day 1984-06-19, but vernalization requirements not yet fulfilled. Forcing vernalization now (VERN=47.688571).
[2026-03-23 21:54:36,822][pcse.crop.phenology.Vernalisation][INFO] - Critical DVS for vernalization (VERNDVS) reached at day 1984-06-20, but vernalization requirements not yet fulfilled. Forcing vernalization now (VERN=47.688571).
[2026-03-23 21:54:36,838][pcse.crop.phenology.Vernalisation][INFO] - Critical DVS for vernalization (VERNDVS) reached at day 1984-06-21, but vernalization requirements not yet fulfilled. Forcing vernalization now (VERN=47.688571).
[2026-03-23 21:54:36,854][pcse.crop.phenology.Vernalisation][INFO] - Critical DVS for vernalization (VERNDVS) reached at day 1984-06-22, but vernalization requirements not yet fulfilled. Forcing vernalization now (VERN=47.688571).
[2026-03-23 21:54:36,870][pcse.crop.phenology.Vernalisation][INFO] - Critical DVS for vernalization (VERNDVS) reached at day 1984-06-23, but vernalization requirements not yet fulfilled. Forcing vernalization now (VERN=47.688571).
[2026-03-23 21:54:36,886][pcse.crop.phenology.Vernalisation][INFO] - Critical DVS for vernalization (VERNDVS) reached at day 1984-06-24, but vernalization requirements not yet fulfilled. Forcing vernalization now (VERN=47.688571).
[2026-03-23 21:54:36,903][pcse.crop.phenology.Vernalisation][INFO] - Critical DVS for vernalization (VERNDVS) reached at day 1984-06-25, but vernalization requirements not yet fulfilled. Forcing vernalization now (VERN=47.688571).
[2026-03-23 21:54:36,919][pcse.crop.phenology.Vernalisation][INFO] - Critical DVS for vernalization (VERNDVS) reached at day 1984-06-26, but vernalization requirements not yet fulfilled. Forcing vernalization now (VERN=47.688571).
[2026-03-23 21:54:36,935][pcse.crop.phenology.Vernalisation][INFO] - Critical DVS for vernalization (VERNDVS) reached at day 1984-06-27, but vernalization requirements not yet fulfilled. Forcing vernalization now (VERN=47.688571).
[2026-03-23 21:54:36,951][pcse.crop.phenology.Vernalisation][INFO] - Critical DVS for vernalization (VERNDVS) reached at day 1984-06-28, but vernalization requirements not yet fulfilled. Forcing vernalization now (VERN=47.688571).
[2026-03-23 21:54:36,968][pcse.crop.phenology.Vernalisation][INFO] - Critical DVS for vernalization (VERNDVS) reached at day 1984-06-29, but vernalization requirements not yet fulfilled. Forcing vernalization now (VERN=47.688571).
[2026-03-23 21:54:36,968][pcse.crop.phenology.Annual_Phenology][INFO] - Changed phenological stage 'vegetative' to 'reproductive' on 1984-06-29
[2026-03-23 21:54:38,352][pcse.crop.phenology.Annual_Phenology][INFO] - Changed phenological stage 'reproductive' to 'mature' on 1984-09-13
[2026-03-23 21:54:38,617][pcse.base.timer.Timer][INFO] - Reached end of simulation period as specified by END_DATE.
| train          | E: 40 | S: 9640 | R: -264.7639 | TR: 0.0000 | TF: 128 | LR: 128 | NR: 0 | D: 04.5 s | TD: 00.0 s | BR: -0.3224 | ALOSS: -10742.4288 | CLOSS: 1343297.5184 | TLOSS: -111.1881 | TVAL: 0.1456 | AENT: -764.7890 | BCLOSS: 0.0000
[EPISODE DBG] episode=40 step=9640 pred_return=-260.503205 true_return=0.228308 total_feedback=128 labeled_feedback=128
[2026-03-23 21:54:38,624][pcse.agromanager.SoilCalendar][INFO] - Starting soil (oregon) with variation (oregon_1) on day 1984-02-01
[2026-03-23 21:54:38,627][pcse.agromanager.CropCalendar][INFO] - Starting crop (wheat) with variety (wheat_1) on day 1984-02-01
[2026-03-23 21:54:40,022][pcse.crop.phenology.Annual_Phenology][INFO] - Changed phenological stage 'emerging' to 'vegetative' on 1984-04-10
[2026-03-23 21:54:40,849][pcse.crop.phenology.Vernalisation][INFO] - Critical DVS for vernalization (VERNDVS) reached at day 1984-06-02, but vernalization requirements not yet fulfilled. Forcing vernalization now (VERN=47.688571).
[2026-03-23 21:54:40,865][pcse.crop.phenology.Vernalisation][INFO] - Critical DVS for vernalization (VERNDVS) reached at day 1984-06-03, but vernalization requirements not yet fulfilled. Forcing vernalization now (VERN=47.688571).
[2026-03-23 21:54:40,881][pcse.crop.phenology.Vernalisation][INFO] - Critical DVS for vernalization (VERNDVS) reached at day 1984-06-04, but vernalization requirements not yet fulfilled. Forcing vernalization now (VERN=47.688571).
[2026-03-23 21:54:40,897][pcse.crop.phenology.Vernalisation][INFO] - Critical DVS for vernalization (VERNDVS) reached at day 1984-06-05, but vernalization requirements not yet fulfilled. Forcing vernalization now (VERN=47.688571).
[2026-03-23 21:54:40,914][pcse.crop.phenology.Vernalisation][INFO] - Critical DVS for vernalization (VERNDVS) reached at day 1984-06-06, but vernalization requirements not yet fulfilled. Forcing vernalization now (VERN=47.688571).
[2026-03-23 21:54:40,930][pcse.crop.phenology.Vernalisation][INFO] - Critical DVS for vernalization (VERNDVS) reached at day 1984-06-07, but vernalization requirements not yet fulfilled. Forcing vernalization now (VERN=47.688571).
[2026-03-23 21:54:40,945][pcse.crop.phenology.Vernalisation][INFO] - Critical DVS for vernalization (VERNDVS) reached at day 1984-06-08, but vernalization requirements not yet fulfilled. Forcing vernalization now (VERN=47.688571).
[2026-03-23 21:54:40,961][pcse.crop.phenology.Vernalisation][INFO] - Critical DVS for vernalization (VERNDVS) reached at day 1984-06-09, but vernalization requirements not yet fulfilled. Forcing vernalization now (VERN=47.688571).
[2026-03-23 21:54:40,978][pcse.crop.phenology.Vernalisation][INFO] - Critical DVS for vernalization (VERNDVS) reached at day 1984-06-10, but vernalization requirements not yet fulfilled. Forcing vernalization now (VERN=47.688571).
[2026-03-23 21:54:40,994][pcse.crop.phenology.Vernalisation][INFO] - Critical DVS for vernalization (VERNDVS) reached at day 1984-06-11, but vernalization requirements not yet fulfilled. Forcing vernalization now (VERN=47.688571).
[2026-03-23 21:54:41,010][pcse.crop.phenology.Vernalisation][INFO] - Critical DVS for vernalization (VERNDVS) reached at day 1984-06-12, but vernalization requirements not yet fulfilled. Forcing vernalization now (VERN=47.688571).
[2026-03-23 21:54:41,025][pcse.crop.phenology.Vernalisation][INFO] - Critical DVS for vernalization (VERNDVS) reached at day 1984-06-13, but vernalization requirements not yet fulfilled. Forcing vernalization now (VERN=47.688571).
[2026-03-23 21:54:41,041][pcse.crop.phenology.Vernalisation][INFO] - Critical DVS for vernalization (VERNDVS) reached at day 1984-06-14, but vernalization requirements not yet fulfilled. Forcing vernalization now (VERN=47.688571).
[2026-03-23 21:54:41,058][pcse.crop.phenology.Vernalisation][INFO] - Critical DVS for vernalization (VERNDVS) reached at day 1984-06-15, but vernalization requirements not yet fulfilled. Forcing vernalization now (VERN=47.688571).
[2026-03-23 21:54:41,074][pcse.crop.phenology.Vernalisation][INFO] - Critical DVS for vernalization (VERNDVS) reached at day 1984-06-16, but vernalization requirements not yet fulfilled. Forcing vernalization now (VERN=47.688571).
[2026-03-23 21:54:41,090][pcse.crop.phenology.Vernalisation][INFO] - Critical DVS for vernalization (VERNDVS) reached at day 1984-06-17, but vernalization requirements not yet fulfilled. Forcing vernalization now (VERN=47.688571).
[2026-03-23 21:54:41,106][pcse.crop.phenology.Vernalisation][INFO] - Critical DVS for vernalization (VERNDVS) reached at day 1984-06-18, but vernalization requirements not yet fulfilled. Forcing vernalization now (VERN=47.688571).
[2026-03-23 21:54:41,122][pcse.crop.phenology.Vernalisation][INFO] - Critical DVS for vernalization (VERNDVS) reached at day 1984-06-19, but vernalization requirements not yet fulfilled. Forcing vernalization now (VERN=47.688571).
[2026-03-23 21:54:41,138][pcse.crop.phenology.Vernalisation][INFO] - Critical DVS for vernalization (VERNDVS) reached at day 1984-06-20, but vernalization requirements not yet fulfilled. Forcing vernalization now (VERN=47.688571).
[2026-03-23 21:54:41,154][pcse.crop.phenology.Vernalisation][INFO] - Critical DVS for vernalization (VERNDVS) reached at day 1984-06-21, but vernalization requirements not yet fulfilled. Forcing vernalization now (VERN=47.688571).
[2026-03-23 21:54:41,170][pcse.crop.phenology.Vernalisation][INFO] - Critical DVS for vernalization (VERNDVS) reached at day 1984-06-22, but vernalization requirements not yet fulfilled. Forcing vernalization now (VERN=47.688571).
[2026-03-23 21:54:41,185][pcse.crop.phenology.Vernalisation][INFO] - Critical DVS for vernalization (VERNDVS) reached at day 1984-06-23, but vernalization requirements not yet fulfilled. Forcing vernalization now (VERN=47.688571).
[2026-03-23 21:54:41,202][pcse.crop.phenology.Vernalisation][INFO] - Critical DVS for vernalization (VERNDVS) reached at day 1984-06-24, but vernalization requirements not yet fulfilled. Forcing vernalization now (VERN=47.688571).
[2026-03-23 21:54:41,218][pcse.crop.phenology.Vernalisation][INFO] - Critical DVS for vernalization (VERNDVS) reached at day 1984-06-25, but vernalization requirements not yet fulfilled. Forcing vernalization now (VERN=47.688571).
[2026-03-23 21:54:41,234][pcse.crop.phenology.Vernalisation][INFO] - Critical DVS for vernalization (VERNDVS) reached at day 1984-06-26, but vernalization requirements not yet fulfilled. Forcing vernalization now (VERN=47.688571).
[2026-03-23 21:54:41,250][pcse.crop.phenology.Vernalisation][INFO] - Critical DVS for vernalization (VERNDVS) reached at day 1984-06-27, but vernalization requirements not yet fulfilled. Forcing vernalization now (VERN=47.688571).
[2026-03-23 21:54:41,266][pcse.crop.phenology.Vernalisation][INFO] - Critical DVS for vernalization (VERNDVS) reached at day 1984-06-28, but vernalization requirements not yet fulfilled. Forcing vernalization now (VERN=47.688571).
[2026-03-23 21:54:41,283][pcse.crop.phenology.Vernalisation][INFO] - Critical DVS for vernalization (VERNDVS) reached at day 1984-06-29, but vernalization requirements not yet fulfilled. Forcing vernalization now (VERN=47.688571).
[2026-03-23 21:54:41,283][pcse.crop.phenology.Annual_Phenology][INFO] - Changed phenological stage 'vegetative' to 'reproductive' on 1984-06-29
[2026-03-23 21:54:42,650][pcse.crop.phenology.Annual_Phenology][INFO] - Changed phenological stage 'reproductive' to 'mature' on 1984-09-13
[2026-03-23 21:54:42,912][pcse.base.timer.Timer][INFO] - Reached end of simulation period as specified by END_DATE.
| train          | E: 41 | S: 9881 | R: -260.5032 | TR: 0.2283 | TF: 128 | LR: 128 | NR: 0 | D: 04.3 s | TD: 00.0 s | BR: -0.3437 | ALOSS: -10405.2433 | CLOSS: 1154914.9463 | TLOSS: -113.2905 | TVAL: 0.1492 | AENT: -760.3015 | BCLOSS: 0.0000
[EPISODE DBG] episode=41 step=9881 pred_return=-255.889933 true_return=0.000000 total_feedback=128 labeled_feedback=128
[2026-03-23 21:54:42,919][pcse.agromanager.SoilCalendar][INFO] - Starting soil (oregon) with variation (oregon_1) on day 1984-02-01
[2026-03-23 21:54:42,922][pcse.agromanager.CropCalendar][INFO] - Starting crop (wheat) with variety (wheat_1) on day 1984-02-01
[2026-03-23 21:54:44,331][pcse.crop.phenology.Annual_Phenology][INFO] - Changed phenological stage 'emerging' to 'vegetative' on 1984-04-10
[REPLAY DBG] post-agent-update step=10000 n=10000 mean=-0.357876 std=1.248360 min=-2.242645 max=2.729301
[STEP DBG] step=10000 env_reward=0.000000 r_hat=-1.055210 done=False
[NORM DBG] count=10000 mean_abs_mean=62587.988281 mean_std=181.318726 min_std=0.001000 max_std=2425.900635
[2026-03-23 21:54:45,322][pcse.crop.phenology.Vernalisation][INFO] - Critical DVS for vernalization (VERNDVS) reached at day 1984-06-02, but vernalization requirements not yet fulfilled. Forcing vernalization now (VERN=47.688571).
[2026-03-23 21:54:45,341][pcse.crop.phenology.Vernalisation][INFO] - Critical DVS for vernalization (VERNDVS) reached at day 1984-06-03, but vernalization requirements not yet fulfilled. Forcing vernalization now (VERN=47.688571).
[2026-03-23 21:54:45,359][pcse.crop.phenology.Vernalisation][INFO] - Critical DVS for vernalization (VERNDVS) reached at day 1984-06-04, but vernalization requirements not yet fulfilled. Forcing vernalization now (VERN=47.688571).
[2026-03-23 21:54:45,378][pcse.crop.phenology.Vernalisation][INFO] - Critical DVS for vernalization (VERNDVS) reached at day 1984-06-05, but vernalization requirements not yet fulfilled. Forcing vernalization now (VERN=47.688571).
[2026-03-23 21:54:45,395][pcse.crop.phenology.Vernalisation][INFO] - Critical DVS for vernalization (VERNDVS) reached at day 1984-06-06, but vernalization requirements not yet fulfilled. Forcing vernalization now (VERN=47.688571).
[2026-03-23 21:54:45,410][pcse.crop.phenology.Vernalisation][INFO] - Critical DVS for vernalization (VERNDVS) reached at day 1984-06-07, but vernalization requirements not yet fulfilled. Forcing vernalization now (VERN=47.688571).
[2026-03-23 21:54:45,426][pcse.crop.phenology.Vernalisation][INFO] - Critical DVS for vernalization (VERNDVS) reached at day 1984-06-08, but vernalization requirements not yet fulfilled. Forcing vernalization now (VERN=47.688571).
[2026-03-23 21:54:45,442][pcse.crop.phenology.Vernalisation][INFO] - Critical DVS for vernalization (VERNDVS) reached at day 1984-06-09, but vernalization requirements not yet fulfilled. Forcing vernalization now (VERN=47.688571).
[2026-03-23 21:54:45,458][pcse.crop.phenology.Vernalisation][INFO] - Critical DVS for vernalization (VERNDVS) reached at day 1984-06-10, but vernalization requirements not yet fulfilled. Forcing vernalization now (VERN=47.688571).
[2026-03-23 21:54:45,474][pcse.crop.phenology.Vernalisation][INFO] - Critical DVS for vernalization (VERNDVS) reached at day 1984-06-11, but vernalization requirements not yet fulfilled. Forcing vernalization now (VERN=47.688571).
[2026-03-23 21:54:45,490][pcse.crop.phenology.Vernalisation][INFO] - Critical DVS for vernalization (VERNDVS) reached at day 1984-06-12, but vernalization requirements not yet fulfilled. Forcing vernalization now (VERN=47.688571).
[2026-03-23 21:54:45,506][pcse.crop.phenology.Vernalisation][INFO] - Critical DVS for vernalization (VERNDVS) reached at day 1984-06-13, but vernalization requirements not yet fulfilled. Forcing vernalization now (VERN=47.688571).
[2026-03-23 21:54:45,522][pcse.crop.phenology.Vernalisation][INFO] - Critical DVS for vernalization (VERNDVS) reached at day 1984-06-14, but vernalization requirements not yet fulfilled. Forcing vernalization now (VERN=47.688571).
[2026-03-23 21:54:45,538][pcse.crop.phenology.Vernalisation][INFO] - Critical DVS for vernalization (VERNDVS) reached at day 1984-06-15, but vernalization requirements not yet fulfilled. Forcing vernalization now (VERN=47.688571).
[2026-03-23 21:54:45,553][pcse.crop.phenology.Vernalisation][INFO] - Critical DVS for vernalization (VERNDVS) reached at day 1984-06-16, but vernalization requirements not yet fulfilled. Forcing vernalization now (VERN=47.688571).
[2026-03-23 21:54:45,569][pcse.crop.phenology.Vernalisation][INFO] - Critical DVS for vernalization (VERNDVS) reached at day 1984-06-17, but vernalization requirements not yet fulfilled. Forcing vernalization now (VERN=47.688571).
[2026-03-23 21:54:45,585][pcse.crop.phenology.Vernalisation][INFO] - Critical DVS for vernalization (VERNDVS) reached at day 1984-06-18, but vernalization requirements not yet fulfilled. Forcing vernalization now (VERN=47.688571).
[2026-03-23 21:54:45,601][pcse.crop.phenology.Vernalisation][INFO] - Critical DVS for vernalization (VERNDVS) reached at day 1984-06-19, but vernalization requirements not yet fulfilled. Forcing vernalization now (VERN=47.688571).
[2026-03-23 21:54:45,616][pcse.crop.phenology.Vernalisation][INFO] - Critical DVS for vernalization (VERNDVS) reached at day 1984-06-20, but vernalization requirements not yet fulfilled. Forcing vernalization now (VERN=47.688571).
[2026-03-23 21:54:45,632][pcse.crop.phenology.Vernalisation][INFO] - Critical DVS for vernalization (VERNDVS) reached at day 1984-06-21, but vernalization requirements not yet fulfilled. Forcing vernalization now (VERN=47.688571).
[2026-03-23 21:54:45,648][pcse.crop.phenology.Vernalisation][INFO] - Critical DVS for vernalization (VERNDVS) reached at day 1984-06-22, but vernalization requirements not yet fulfilled. Forcing vernalization now (VERN=47.688571).
[2026-03-23 21:54:45,663][pcse.crop.phenology.Vernalisation][INFO] - Critical DVS for vernalization (VERNDVS) reached at day 1984-06-23, but vernalization requirements not yet fulfilled. Forcing vernalization now (VERN=47.688571).
[2026-03-23 21:54:45,679][pcse.crop.phenology.Vernalisation][INFO] - Critical DVS for vernalization (VERNDVS) reached at day 1984-06-24, but vernalization requirements not yet fulfilled. Forcing vernalization now (VERN=47.688571).
[2026-03-23 21:54:45,695][pcse.crop.phenology.Vernalisation][INFO] - Critical DVS for vernalization (VERNDVS) reached at day 1984-06-25, but vernalization requirements not yet fulfilled. Forcing vernalization now (VERN=47.688571).
[2026-03-23 21:54:45,710][pcse.crop.phenology.Vernalisation][INFO] - Critical DVS for vernalization (VERNDVS) reached at day 1984-06-26, but vernalization requirements not yet fulfilled. Forcing vernalization now (VERN=47.688571).
[2026-03-23 21:54:45,726][pcse.crop.phenology.Vernalisation][INFO] - Critical DVS for vernalization (VERNDVS) reached at day 1984-06-27, but vernalization requirements not yet fulfilled. Forcing vernalization now (VERN=47.688571).
[2026-03-23 21:54:45,741][pcse.crop.phenology.Vernalisation][INFO] - Critical DVS for vernalization (VERNDVS) reached at day 1984-06-28, but vernalization requirements not yet fulfilled. Forcing vernalization now (VERN=47.688571).
[2026-03-23 21:54:45,757][pcse.crop.phenology.Vernalisation][INFO] - Critical DVS for vernalization (VERNDVS) reached at day 1984-06-29, but vernalization requirements not yet fulfilled. Forcing vernalization now (VERN=47.688571).
[2026-03-23 21:54:45,757][pcse.crop.phenology.Annual_Phenology][INFO] - Changed phenological stage 'vegetative' to 'reproductive' on 1984-06-29
[2026-03-23 21:54:47,136][pcse.crop.phenology.Annual_Phenology][INFO] - Changed phenological stage 'reproductive' to 'mature' on 1984-09-13
[2026-03-23 21:54:47,403][pcse.base.timer.Timer][INFO] - Reached end of simulation period as specified by END_DATE.
| train          | E: 42 | S: 10122 | R: -255.8899 | TR: 0.0000 | TF: 128 | LR: 128 | NR: 0 | D: 04.5 s | TD: 00.0 s | BR: -0.3583 | ALOSS: -10046.2196 | CLOSS: 1333286.7238 | TLOSS: -115.0798 | TVAL: 0.1529 | AENT: -753.4434 | BCLOSS: 0.0000
[EPISODE DBG] episode=42 step=10122 pred_return=-252.083933 true_return=0.228308 total_feedback=128 labeled_feedback=128
[2026-03-23 21:54:47,410][pcse.agromanager.SoilCalendar][INFO] - Starting soil (oregon) with variation (oregon_1) on day 1984-02-01
[2026-03-23 21:54:47,415][pcse.agromanager.CropCalendar][INFO] - Starting crop (wheat) with variety (wheat_1) on day 1984-02-01
[2026-03-23 21:54:48,616][pcse.crop.phenology.Annual_Phenology][INFO] - Changed phenological stage 'emerging' to 'vegetative' on 1984-04-10
[2026-03-23 21:54:49,607][pcse.crop.phenology.Vernalisation][INFO] - Critical DVS for vernalization (VERNDVS) reached at day 1984-06-02, but vernalization requirements not yet fulfilled. Forcing vernalization now (VERN=47.688571).
[2026-03-23 21:54:49,623][pcse.crop.phenology.Vernalisation][INFO] - Critical DVS for vernalization (VERNDVS) reached at day 1984-06-03, but vernalization requirements not yet fulfilled. Forcing vernalization now (VERN=47.688571).
[2026-03-23 21:54:49,639][pcse.crop.phenology.Vernalisation][INFO] - Critical DVS for vernalization (VERNDVS) reached at day 1984-06-04, but vernalization requirements not yet fulfilled. Forcing vernalization now (VERN=47.688571).
[2026-03-23 21:54:49,655][pcse.crop.phenology.Vernalisation][INFO] - Critical DVS for vernalization (VERNDVS) reached at day 1984-06-05, but vernalization requirements not yet fulfilled. Forcing vernalization now (VERN=47.688571).
[2026-03-23 21:54:49,671][pcse.crop.phenology.Vernalisation][INFO] - Critical DVS for vernalization (VERNDVS) reached at day 1984-06-06, but vernalization requirements not yet fulfilled. Forcing vernalization now (VERN=47.688571).
[2026-03-23 21:54:49,687][pcse.crop.phenology.Vernalisation][INFO] - Critical DVS for vernalization (VERNDVS) reached at day 1984-06-07, but vernalization requirements not yet fulfilled. Forcing vernalization now (VERN=47.688571).
[2026-03-23 21:54:49,703][pcse.crop.phenology.Vernalisation][INFO] - Critical DVS for vernalization (VERNDVS) reached at day 1984-06-08, but vernalization requirements not yet fulfilled. Forcing vernalization now (VERN=47.688571).
[2026-03-23 21:54:49,718][pcse.crop.phenology.Vernalisation][INFO] - Critical DVS for vernalization (VERNDVS) reached at day 1984-06-09, but vernalization requirements not yet fulfilled. Forcing vernalization now (VERN=47.688571).
[2026-03-23 21:54:49,734][pcse.crop.phenology.Vernalisation][INFO] - Critical DVS for vernalization (VERNDVS) reached at day 1984-06-10, but vernalization requirements not yet fulfilled. Forcing vernalization now (VERN=47.688571).
[2026-03-23 21:54:49,750][pcse.crop.phenology.Vernalisation][INFO] - Critical DVS for vernalization (VERNDVS) reached at day 1984-06-11, but vernalization requirements not yet fulfilled. Forcing vernalization now (VERN=47.688571).
[2026-03-23 21:54:49,765][pcse.crop.phenology.Vernalisation][INFO] - Critical DVS for vernalization (VERNDVS) reached at day 1984-06-12, but vernalization requirements not yet fulfilled. Forcing vernalization now (VERN=47.688571).
[2026-03-23 21:54:49,781][pcse.crop.phenology.Vernalisation][INFO] - Critical DVS for vernalization (VERNDVS) reached at day 1984-06-13, but vernalization requirements not yet fulfilled. Forcing vernalization now (VERN=47.688571).
[2026-03-23 21:54:49,797][pcse.crop.phenology.Vernalisation][INFO] - Critical DVS for vernalization (VERNDVS) reached at day 1984-06-14, but vernalization requirements not yet fulfilled. Forcing vernalization now (VERN=47.688571).
[2026-03-23 21:54:49,813][pcse.crop.phenology.Vernalisation][INFO] - Critical DVS for vernalization (VERNDVS) reached at day 1984-06-15, but vernalization requirements not yet fulfilled. Forcing vernalization now (VERN=47.688571).
[2026-03-23 21:54:49,830][pcse.crop.phenology.Vernalisation][INFO] - Critical DVS for vernalization (VERNDVS) reached at day 1984-06-16, but vernalization requirements not yet fulfilled. Forcing vernalization now (VERN=47.688571).
[2026-03-23 21:54:49,846][pcse.crop.phenology.Vernalisation][INFO] - Critical DVS for vernalization (VERNDVS) reached at day 1984-06-17, but vernalization requirements not yet fulfilled. Forcing vernalization now (VERN=47.688571).
[2026-03-23 21:54:49,862][pcse.crop.phenology.Vernalisation][INFO] - Critical DVS for vernalization (VERNDVS) reached at day 1984-06-18, but vernalization requirements not yet fulfilled. Forcing vernalization now (VERN=47.688571).
[2026-03-23 21:54:49,878][pcse.crop.phenology.Vernalisation][INFO] - Critical DVS for vernalization (VERNDVS) reached at day 1984-06-19, but vernalization requirements not yet fulfilled. Forcing vernalization now (VERN=47.688571).
[2026-03-23 21:54:49,894][pcse.crop.phenology.Vernalisation][INFO] - Critical DVS for vernalization (VERNDVS) reached at day 1984-06-20, but vernalization requirements not yet fulfilled. Forcing vernalization now (VERN=47.688571).
[2026-03-23 21:54:49,910][pcse.crop.phenology.Vernalisation][INFO] - Critical DVS for vernalization (VERNDVS) reached at day 1984-06-21, but vernalization requirements not yet fulfilled. Forcing vernalization now (VERN=47.688571).
[2026-03-23 21:54:49,926][pcse.crop.phenology.Vernalisation][INFO] - Critical DVS for vernalization (VERNDVS) reached at day 1984-06-22, but vernalization requirements not yet fulfilled. Forcing vernalization now (VERN=47.688571).
[2026-03-23 21:54:49,941][pcse.crop.phenology.Vernalisation][INFO] - Critical DVS for vernalization (VERNDVS) reached at day 1984-06-23, but vernalization requirements not yet fulfilled. Forcing vernalization now (VERN=47.688571).
[2026-03-23 21:54:49,957][pcse.crop.phenology.Vernalisation][INFO] - Critical DVS for vernalization (VERNDVS) reached at day 1984-06-24, but vernalization requirements not yet fulfilled. Forcing vernalization now (VERN=47.688571).
[2026-03-23 21:54:49,973][pcse.crop.phenology.Vernalisation][INFO] - Critical DVS for vernalization (VERNDVS) reached at day 1984-06-25, but vernalization requirements not yet fulfilled. Forcing vernalization now (VERN=47.688571).
[2026-03-23 21:54:49,989][pcse.crop.phenology.Vernalisation][INFO] - Critical DVS for vernalization (VERNDVS) reached at day 1984-06-26, but vernalization requirements not yet fulfilled. Forcing vernalization now (VERN=47.688571).
[2026-03-23 21:54:50,004][pcse.crop.phenology.Vernalisation][INFO] - Critical DVS for vernalization (VERNDVS) reached at day 1984-06-27, but vernalization requirements not yet fulfilled. Forcing vernalization now (VERN=47.688571).
[2026-03-23 21:54:50,020][pcse.crop.phenology.Vernalisation][INFO] - Critical DVS for vernalization (VERNDVS) reached at day 1984-06-28, but vernalization requirements not yet fulfilled. Forcing vernalization now (VERN=47.688571).
[2026-03-23 21:54:50,035][pcse.crop.phenology.Vernalisation][INFO] - Critical DVS for vernalization (VERNDVS) reached at day 1984-06-29, but vernalization requirements not yet fulfilled. Forcing vernalization now (VERN=47.688571).
[2026-03-23 21:54:50,036][pcse.crop.phenology.Annual_Phenology][INFO] - Changed phenological stage 'vegetative' to 'reproductive' on 1984-06-29
[2026-03-23 21:54:51,303][pcse.crop.phenology.Annual_Phenology][INFO] - Changed phenological stage 'reproductive' to 'mature' on 1984-09-13
[2026-03-23 21:54:51,530][pcse.base.timer.Timer][INFO] - Reached end of simulation period as specified by END_DATE.
| train          | E: 43 | S: 10363 | R: -252.0839 | TR: 0.2283 | TF: 128 | LR: 128 | NR: 0 | D: 04.1 s | TD: 00.0 s | BR: -0.3722 | ALOSS: -9772.4544 | CLOSS: 1036806.7417 | TLOSS: -117.3914 | TVAL: 0.1568 | AENT: -749.7977 | BCLOSS: 0.0000
[EPISODE DBG] episode=43 step=10363 pred_return=-247.888976 true_return=0.000000 total_feedback=128 labeled_feedback=128
[2026-03-23 21:54:51,535][pcse.agromanager.SoilCalendar][INFO] - Starting soil (oregon) with variation (oregon_1) on day 1984-02-01
[2026-03-23 21:54:51,536][pcse.agromanager.CropCalendar][INFO] - Starting crop (wheat) with variety (wheat_1) on day 1984-02-01
[2026-03-23 21:54:52,785][pcse.crop.phenology.Annual_Phenology][INFO] - Changed phenological stage 'emerging' to 'vegetative' on 1984-04-10
[2026-03-23 21:54:53,604][pcse.crop.phenology.Vernalisation][INFO] - Critical DVS for vernalization (VERNDVS) reached at day 1984-06-02, but vernalization requirements not yet fulfilled. Forcing vernalization now (VERN=47.688571).
[2026-03-23 21:54:53,620][pcse.crop.phenology.Vernalisation][INFO] - Critical DVS for vernalization (VERNDVS) reached at day 1984-06-03, but vernalization requirements not yet fulfilled. Forcing vernalization now (VERN=47.688571).
[2026-03-23 21:54:53,636][pcse.crop.phenology.Vernalisation][INFO] - Critical DVS for vernalization (VERNDVS) reached at day 1984-06-04, but vernalization requirements not yet fulfilled. Forcing vernalization now (VERN=47.688571).
[2026-03-23 21:54:53,651][pcse.crop.phenology.Vernalisation][INFO] - Critical DVS for vernalization (VERNDVS) reached at day 1984-06-05, but vernalization requirements not yet fulfilled. Forcing vernalization now (VERN=47.688571).
[2026-03-23 21:54:53,667][pcse.crop.phenology.Vernalisation][INFO] - Critical DVS for vernalization (VERNDVS) reached at day 1984-06-06, but vernalization requirements not yet fulfilled. Forcing vernalization now (VERN=47.688571).
[2026-03-23 21:54:53,683][pcse.crop.phenology.Vernalisation][INFO] - Critical DVS for vernalization (VERNDVS) reached at day 1984-06-07, but vernalization requirements not yet fulfilled. Forcing vernalization now (VERN=47.688571).
[2026-03-23 21:54:53,699][pcse.crop.phenology.Vernalisation][INFO] - Critical DVS for vernalization (VERNDVS) reached at day 1984-06-08, but vernalization requirements not yet fulfilled. Forcing vernalization now (VERN=47.688571).
[2026-03-23 21:54:53,714][pcse.crop.phenology.Vernalisation][INFO] - Critical DVS for vernalization (VERNDVS) reached at day 1984-06-09, but vernalization requirements not yet fulfilled. Forcing vernalization now (VERN=47.688571).
[2026-03-23 21:54:53,730][pcse.crop.phenology.Vernalisation][INFO] - Critical DVS for vernalization (VERNDVS) reached at day 1984-06-10, but vernalization requirements not yet fulfilled. Forcing vernalization now (VERN=47.688571).
[2026-03-23 21:54:53,746][pcse.crop.phenology.Vernalisation][INFO] - Critical DVS for vernalization (VERNDVS) reached at day 1984-06-11, but vernalization requirements not yet fulfilled. Forcing vernalization now (VERN=47.688571).
[2026-03-23 21:54:53,761][pcse.crop.phenology.Vernalisation][INFO] - Critical DVS for vernalization (VERNDVS) reached at day 1984-06-12, but vernalization requirements not yet fulfilled. Forcing vernalization now (VERN=47.688571).
[2026-03-23 21:54:53,777][pcse.crop.phenology.Vernalisation][INFO] - Critical DVS for vernalization (VERNDVS) reached at day 1984-06-13, but vernalization requirements not yet fulfilled. Forcing vernalization now (VERN=47.688571).
[2026-03-23 21:54:53,792][pcse.crop.phenology.Vernalisation][INFO] - Critical DVS for vernalization (VERNDVS) reached at day 1984-06-14, but vernalization requirements not yet fulfilled. Forcing vernalization now (VERN=47.688571).
[2026-03-23 21:54:53,808][pcse.crop.phenology.Vernalisation][INFO] - Critical DVS for vernalization (VERNDVS) reached at day 1984-06-15, but vernalization requirements not yet fulfilled. Forcing vernalization now (VERN=47.688571).
[2026-03-23 21:54:53,824][pcse.crop.phenology.Vernalisation][INFO] - Critical DVS for vernalization (VERNDVS) reached at day 1984-06-16, but vernalization requirements not yet fulfilled. Forcing vernalization now (VERN=47.688571).
[2026-03-23 21:54:53,840][pcse.crop.phenology.Vernalisation][INFO] - Critical DVS for vernalization (VERNDVS) reached at day 1984-06-17, but vernalization requirements not yet fulfilled. Forcing vernalization now (VERN=47.688571).
[2026-03-23 21:54:53,855][pcse.crop.phenology.Vernalisation][INFO] - Critical DVS for vernalization (VERNDVS) reached at day 1984-06-18, but vernalization requirements not yet fulfilled. Forcing vernalization now (VERN=47.688571).
[REPLAY DBG] post-agent-update step=10500 n=10500 mean=-0.389848 std=1.229663 min=-2.242645 max=2.729301
[2026-03-23 21:54:54,026][pcse.crop.phenology.Vernalisation][INFO] - Critical DVS for vernalization (VERNDVS) reached at day 1984-06-19, but vernalization requirements not yet fulfilled. Forcing vernalization now (VERN=47.688571).
[STEP DBG] step=10500 env_reward=0.000000 r_hat=-1.092165 done=False
[NORM DBG] count=10500 mean_abs_mean=62584.636719 mean_std=177.934875 min_std=0.001000 max_std=2376.050537
[2026-03-23 21:54:54,043][pcse.crop.phenology.Vernalisation][INFO] - Critical DVS for vernalization (VERNDVS) reached at day 1984-06-20, but vernalization requirements not yet fulfilled. Forcing vernalization now (VERN=47.688571).
[2026-03-23 21:54:54,060][pcse.crop.phenology.Vernalisation][INFO] - Critical DVS for vernalization (VERNDVS) reached at day 1984-06-21, but vernalization requirements not yet fulfilled. Forcing vernalization now (VERN=47.688571).
[2026-03-23 21:54:54,077][pcse.crop.phenology.Vernalisation][INFO] - Critical DVS for vernalization (VERNDVS) reached at day 1984-06-22, but vernalization requirements not yet fulfilled. Forcing vernalization now (VERN=47.688571).
[2026-03-23 21:54:54,095][pcse.crop.phenology.Vernalisation][INFO] - Critical DVS for vernalization (VERNDVS) reached at day 1984-06-23, but vernalization requirements not yet fulfilled. Forcing vernalization now (VERN=47.688571).
[2026-03-23 21:54:54,112][pcse.crop.phenology.Vernalisation][INFO] - Critical DVS for vernalization (VERNDVS) reached at day 1984-06-24, but vernalization requirements not yet fulfilled. Forcing vernalization now (VERN=47.688571).
[2026-03-23 21:54:54,127][pcse.crop.phenology.Vernalisation][INFO] - Critical DVS for vernalization (VERNDVS) reached at day 1984-06-25, but vernalization requirements not yet fulfilled. Forcing vernalization now (VERN=47.688571).
[2026-03-23 21:54:54,144][pcse.crop.phenology.Vernalisation][INFO] - Critical DVS for vernalization (VERNDVS) reached at day 1984-06-26, but vernalization requirements not yet fulfilled. Forcing vernalization now (VERN=47.688571).
[2026-03-23 21:54:54,159][pcse.crop.phenology.Vernalisation][INFO] - Critical DVS for vernalization (VERNDVS) reached at day 1984-06-27, but vernalization requirements not yet fulfilled. Forcing vernalization now (VERN=47.688571).
[2026-03-23 21:54:54,175][pcse.crop.phenology.Vernalisation][INFO] - Critical DVS for vernalization (VERNDVS) reached at day 1984-06-28, but vernalization requirements not yet fulfilled. Forcing vernalization now (VERN=47.688571).
[2026-03-23 21:54:54,191][pcse.crop.phenology.Vernalisation][INFO] - Critical DVS for vernalization (VERNDVS) reached at day 1984-06-29, but vernalization requirements not yet fulfilled. Forcing vernalization now (VERN=47.688571).
[2026-03-23 21:54:54,192][pcse.crop.phenology.Annual_Phenology][INFO] - Changed phenological stage 'vegetative' to 'reproductive' on 1984-06-29
[2026-03-23 21:54:55,370][pcse.crop.phenology.Annual_Phenology][INFO] - Changed phenological stage 'reproductive' to 'mature' on 1984-09-13
[2026-03-23 21:54:55,874][pcse.base.timer.Timer][INFO] - Reached end of simulation period as specified by END_DATE.
| train          | E: 44 | S: 10604 | R: -247.8890 | TR: 0.0000 | TF: 128 | LR: 128 | NR: 0 | D: 04.3 s | TD: 00.0 s | BR: -0.3900 | ALOSS: -9457.0025 | CLOSS: 1050677.4863 | TLOSS: -119.0632 | TVAL: 0.1607 | AENT: -742.0133 | BCLOSS: 0.0000
[EPISODE DBG] episode=44 step=10604 pred_return=-244.472890 true_return=0.228308 total_feedback=128 labeled_feedback=128
[2026-03-23 21:54:55,885][pcse.agromanager.SoilCalendar][INFO] - Starting soil (oregon) with variation (oregon_1) on day 1984-02-01
[2026-03-23 21:54:55,889][pcse.agromanager.CropCalendar][INFO] - Starting crop (wheat) with variety (wheat_1) on day 1984-02-01
[2026-03-23 21:54:57,125][pcse.crop.phenology.Annual_Phenology][INFO] - Changed phenological stage 'emerging' to 'vegetative' on 1984-04-10
[2026-03-23 21:54:58,105][pcse.crop.phenology.Vernalisation][INFO] - Critical DVS for vernalization (VERNDVS) reached at day 1984-06-02, but vernalization requirements not yet fulfilled. Forcing vernalization now (VERN=47.688571).
[2026-03-23 21:54:58,120][pcse.crop.phenology.Vernalisation][INFO] - Critical DVS for vernalization (VERNDVS) reached at day 1984-06-03, but vernalization requirements not yet fulfilled. Forcing vernalization now (VERN=47.688571).
[2026-03-23 21:54:58,136][pcse.crop.phenology.Vernalisation][INFO] - Critical DVS for vernalization (VERNDVS) reached at day 1984-06-04, but vernalization requirements not yet fulfilled. Forcing vernalization now (VERN=47.688571).
[2026-03-23 21:54:58,151][pcse.crop.phenology.Vernalisation][INFO] - Critical DVS for vernalization (VERNDVS) reached at day 1984-06-05, but vernalization requirements not yet fulfilled. Forcing vernalization now (VERN=47.688571).
[2026-03-23 21:54:58,167][pcse.crop.phenology.Vernalisation][INFO] - Critical DVS for vernalization (VERNDVS) reached at day 1984-06-06, but vernalization requirements not yet fulfilled. Forcing vernalization now (VERN=47.688571).
[2026-03-23 21:54:58,182][pcse.crop.phenology.Vernalisation][INFO] - Critical DVS for vernalization (VERNDVS) reached at day 1984-06-07, but vernalization requirements not yet fulfilled. Forcing vernalization now (VERN=47.688571).
[2026-03-23 21:54:58,198][pcse.crop.phenology.Vernalisation][INFO] - Critical DVS for vernalization (VERNDVS) reached at day 1984-06-08, but vernalization requirements not yet fulfilled. Forcing vernalization now (VERN=47.688571).
[2026-03-23 21:54:58,213][pcse.crop.phenology.Vernalisation][INFO] - Critical DVS for vernalization (VERNDVS) reached at day 1984-06-09, but vernalization requirements not yet fulfilled. Forcing vernalization now (VERN=47.688571).
[2026-03-23 21:54:58,229][pcse.crop.phenology.Vernalisation][INFO] - Critical DVS for vernalization (VERNDVS) reached at day 1984-06-10, but vernalization requirements not yet fulfilled. Forcing vernalization now (VERN=47.688571).
[2026-03-23 21:54:58,244][pcse.crop.phenology.Vernalisation][INFO] - Critical DVS for vernalization (VERNDVS) reached at day 1984-06-11, but vernalization requirements not yet fulfilled. Forcing vernalization now (VERN=47.688571).
[2026-03-23 21:54:58,260][pcse.crop.phenology.Vernalisation][INFO] - Critical DVS for vernalization (VERNDVS) reached at day 1984-06-12, but vernalization requirements not yet fulfilled. Forcing vernalization now (VERN=47.688571).
[2026-03-23 21:54:58,275][pcse.crop.phenology.Vernalisation][INFO] - Critical DVS for vernalization (VERNDVS) reached at day 1984-06-13, but vernalization requirements not yet fulfilled. Forcing vernalization now (VERN=47.688571).
[2026-03-23 21:54:58,291][pcse.crop.phenology.Vernalisation][INFO] - Critical DVS for vernalization (VERNDVS) reached at day 1984-06-14, but vernalization requirements not yet fulfilled. Forcing vernalization now (VERN=47.688571).
[2026-03-23 21:54:58,306][pcse.crop.phenology.Vernalisation][INFO] - Critical DVS for vernalization (VERNDVS) reached at day 1984-06-15, but vernalization requirements not yet fulfilled. Forcing vernalization now (VERN=47.688571).
[2026-03-23 21:54:58,322][pcse.crop.phenology.Vernalisation][INFO] - Critical DVS for vernalization (VERNDVS) reached at day 1984-06-16, but vernalization requirements not yet fulfilled. Forcing vernalization now (VERN=47.688571).
[2026-03-23 21:54:58,337][pcse.crop.phenology.Vernalisation][INFO] - Critical DVS for vernalization (VERNDVS) reached at day 1984-06-17, but vernalization requirements not yet fulfilled. Forcing vernalization now (VERN=47.688571).
[2026-03-23 21:54:58,353][pcse.crop.phenology.Vernalisation][INFO] - Critical DVS for vernalization (VERNDVS) reached at day 1984-06-18, but vernalization requirements not yet fulfilled. Forcing vernalization now (VERN=47.688571).
[2026-03-23 21:54:58,368][pcse.crop.phenology.Vernalisation][INFO] - Critical DVS for vernalization (VERNDVS) reached at day 1984-06-19, but vernalization requirements not yet fulfilled. Forcing vernalization now (VERN=47.688571).
[2026-03-23 21:54:58,384][pcse.crop.phenology.Vernalisation][INFO] - Critical DVS for vernalization (VERNDVS) reached at day 1984-06-20, but vernalization requirements not yet fulfilled. Forcing vernalization now (VERN=47.688571).
[2026-03-23 21:54:58,399][pcse.crop.phenology.Vernalisation][INFO] - Critical DVS for vernalization (VERNDVS) reached at day 1984-06-21, but vernalization requirements not yet fulfilled. Forcing vernalization now (VERN=47.688571).
[2026-03-23 21:54:58,414][pcse.crop.phenology.Vernalisation][INFO] - Critical DVS for vernalization (VERNDVS) reached at day 1984-06-22, but vernalization requirements not yet fulfilled. Forcing vernalization now (VERN=47.688571).
[2026-03-23 21:54:58,430][pcse.crop.phenology.Vernalisation][INFO] - Critical DVS for vernalization (VERNDVS) reached at day 1984-06-23, but vernalization requirements not yet fulfilled. Forcing vernalization now (VERN=47.688571).
[2026-03-23 21:54:58,445][pcse.crop.phenology.Vernalisation][INFO] - Critical DVS for vernalization (VERNDVS) reached at day 1984-06-24, but vernalization requirements not yet fulfilled. Forcing vernalization now (VERN=47.688571).
[2026-03-23 21:54:58,460][pcse.crop.phenology.Vernalisation][INFO] - Critical DVS for vernalization (VERNDVS) reached at day 1984-06-25, but vernalization requirements not yet fulfilled. Forcing vernalization now (VERN=47.688571).
[2026-03-23 21:54:58,476][pcse.crop.phenology.Vernalisation][INFO] - Critical DVS for vernalization (VERNDVS) reached at day 1984-06-26, but vernalization requirements not yet fulfilled. Forcing vernalization now (VERN=47.688571).
[2026-03-23 21:54:58,491][pcse.crop.phenology.Vernalisation][INFO] - Critical DVS for vernalization (VERNDVS) reached at day 1984-06-27, but vernalization requirements not yet fulfilled. Forcing vernalization now (VERN=47.688571).
[2026-03-23 21:54:58,506][pcse.crop.phenology.Vernalisation][INFO] - Critical DVS for vernalization (VERNDVS) reached at day 1984-06-28, but vernalization requirements not yet fulfilled. Forcing vernalization now (VERN=47.688571).
[2026-03-23 21:54:58,522][pcse.crop.phenology.Vernalisation][INFO] - Critical DVS for vernalization (VERNDVS) reached at day 1984-06-29, but vernalization requirements not yet fulfilled. Forcing vernalization now (VERN=47.688571).
[2026-03-23 21:54:58,522][pcse.crop.phenology.Annual_Phenology][INFO] - Changed phenological stage 'vegetative' to 'reproductive' on 1984-06-29
[2026-03-23 21:54:59,817][pcse.crop.phenology.Annual_Phenology][INFO] - Changed phenological stage 'reproductive' to 'mature' on 1984-09-13
[2026-03-23 21:55:00,045][pcse.base.timer.Timer][INFO] - Reached end of simulation period as specified by END_DATE.
| train          | E: 45 | S: 10845 | R: -244.4729 | TR: 0.2283 | TF: 128 | LR: 128 | NR: 0 | D: 04.2 s | TD: 00.0 s | BR: -0.3978 | ALOSS: -9039.1936 | CLOSS: 1087698.0786 | TLOSS: -121.3331 | TVAL: 0.1646 | AENT: -738.0270 | BCLOSS: 0.0000
[EPISODE DBG] episode=45 step=10845 pred_return=-240.627390 true_return=0.000000 total_feedback=128 labeled_feedback=128
[2026-03-23 21:55:00,049][pcse.agromanager.SoilCalendar][INFO] - Starting soil (oregon) with variation (oregon_1) on day 1984-02-01
[2026-03-23 21:55:00,051][pcse.agromanager.CropCalendar][INFO] - Starting crop (wheat) with variety (wheat_1) on day 1984-02-01
[2026-03-23 21:55:01,201][pcse.crop.phenology.Annual_Phenology][INFO] - Changed phenological stage 'emerging' to 'vegetative' on 1984-04-10
[2026-03-23 21:55:01,917][pcse.crop.phenology.Vernalisation][INFO] - Critical DVS for vernalization (VERNDVS) reached at day 1984-06-02, but vernalization requirements not yet fulfilled. Forcing vernalization now (VERN=47.688571).
[2026-03-23 21:55:01,931][pcse.crop.phenology.Vernalisation][INFO] - Critical DVS for vernalization (VERNDVS) reached at day 1984-06-03, but vernalization requirements not yet fulfilled. Forcing vernalization now (VERN=47.688571).
[2026-03-23 21:55:01,944][pcse.crop.phenology.Vernalisation][INFO] - Critical DVS for vernalization (VERNDVS) reached at day 1984-06-04, but vernalization requirements not yet fulfilled. Forcing vernalization now (VERN=47.688571).
[2026-03-23 21:55:01,958][pcse.crop.phenology.Vernalisation][INFO] - Critical DVS for vernalization (VERNDVS) reached at day 1984-06-05, but vernalization requirements not yet fulfilled. Forcing vernalization now (VERN=47.688571).
[2026-03-23 21:55:01,971][pcse.crop.phenology.Vernalisation][INFO] - Critical DVS for vernalization (VERNDVS) reached at day 1984-06-06, but vernalization requirements not yet fulfilled. Forcing vernalization now (VERN=47.688571).
[2026-03-23 21:55:01,985][pcse.crop.phenology.Vernalisation][INFO] - Critical DVS for vernalization (VERNDVS) reached at day 1984-06-07, but vernalization requirements not yet fulfilled. Forcing vernalization now (VERN=47.688571).
[2026-03-23 21:55:01,999][pcse.crop.phenology.Vernalisation][INFO] - Critical DVS for vernalization (VERNDVS) reached at day 1984-06-08, but vernalization requirements not yet fulfilled. Forcing vernalization now (VERN=47.688571).
[2026-03-23 21:55:02,012][pcse.crop.phenology.Vernalisation][INFO] - Critical DVS for vernalization (VERNDVS) reached at day 1984-06-09, but vernalization requirements not yet fulfilled. Forcing vernalization now (VERN=47.688571).
[2026-03-23 21:55:02,026][pcse.crop.phenology.Vernalisation][INFO] - Critical DVS for vernalization (VERNDVS) reached at day 1984-06-10, but vernalization requirements not yet fulfilled. Forcing vernalization now (VERN=47.688571).
[2026-03-23 21:55:02,040][pcse.crop.phenology.Vernalisation][INFO] - Critical DVS for vernalization (VERNDVS) reached at day 1984-06-11, but vernalization requirements not yet fulfilled. Forcing vernalization now (VERN=47.688571).
[2026-03-23 21:55:02,053][pcse.crop.phenology.Vernalisation][INFO] - Critical DVS for vernalization (VERNDVS) reached at day 1984-06-12, but vernalization requirements not yet fulfilled. Forcing vernalization now (VERN=47.688571).
[2026-03-23 21:55:02,067][pcse.crop.phenology.Vernalisation][INFO] - Critical DVS for vernalization (VERNDVS) reached at day 1984-06-13, but vernalization requirements not yet fulfilled. Forcing vernalization now (VERN=47.688571).
[2026-03-23 21:55:02,081][pcse.crop.phenology.Vernalisation][INFO] - Critical DVS for vernalization (VERNDVS) reached at day 1984-06-14, but vernalization requirements not yet fulfilled. Forcing vernalization now (VERN=47.688571).
[2026-03-23 21:55:02,095][pcse.crop.phenology.Vernalisation][INFO] - Critical DVS for vernalization (VERNDVS) reached at day 1984-06-15, but vernalization requirements not yet fulfilled. Forcing vernalization now (VERN=47.688571).
[2026-03-23 21:55:02,108][pcse.crop.phenology.Vernalisation][INFO] - Critical DVS for vernalization (VERNDVS) reached at day 1984-06-16, but vernalization requirements not yet fulfilled. Forcing vernalization now (VERN=47.688571).
[2026-03-23 21:55:02,122][pcse.crop.phenology.Vernalisation][INFO] - Critical DVS for vernalization (VERNDVS) reached at day 1984-06-17, but vernalization requirements not yet fulfilled. Forcing vernalization now (VERN=47.688571).
[2026-03-23 21:55:02,136][pcse.crop.phenology.Vernalisation][INFO] - Critical DVS for vernalization (VERNDVS) reached at day 1984-06-18, but vernalization requirements not yet fulfilled. Forcing vernalization now (VERN=47.688571).
[2026-03-23 21:55:02,149][pcse.crop.phenology.Vernalisation][INFO] - Critical DVS for vernalization (VERNDVS) reached at day 1984-06-19, but vernalization requirements not yet fulfilled. Forcing vernalization now (VERN=47.688571).
[2026-03-23 21:55:02,162][pcse.crop.phenology.Vernalisation][INFO] - Critical DVS for vernalization (VERNDVS) reached at day 1984-06-20, but vernalization requirements not yet fulfilled. Forcing vernalization now (VERN=47.688571).
[2026-03-23 21:55:02,176][pcse.crop.phenology.Vernalisation][INFO] - Critical DVS for vernalization (VERNDVS) reached at day 1984-06-21, but vernalization requirements not yet fulfilled. Forcing vernalization now (VERN=47.688571).
[2026-03-23 21:55:02,190][pcse.crop.phenology.Vernalisation][INFO] - Critical DVS for vernalization (VERNDVS) reached at day 1984-06-22, but vernalization requirements not yet fulfilled. Forcing vernalization now (VERN=47.688571).
[2026-03-23 21:55:02,204][pcse.crop.phenology.Vernalisation][INFO] - Critical DVS for vernalization (VERNDVS) reached at day 1984-06-23, but vernalization requirements not yet fulfilled. Forcing vernalization now (VERN=47.688571).
[2026-03-23 21:55:02,217][pcse.crop.phenology.Vernalisation][INFO] - Critical DVS for vernalization (VERNDVS) reached at day 1984-06-24, but vernalization requirements not yet fulfilled. Forcing vernalization now (VERN=47.688571).
[2026-03-23 21:55:02,230][pcse.crop.phenology.Vernalisation][INFO] - Critical DVS for vernalization (VERNDVS) reached at day 1984-06-25, but vernalization requirements not yet fulfilled. Forcing vernalization now (VERN=47.688571).
[2026-03-23 21:55:02,244][pcse.crop.phenology.Vernalisation][INFO] - Critical DVS for vernalization (VERNDVS) reached at day 1984-06-26, but vernalization requirements not yet fulfilled. Forcing vernalization now (VERN=47.688571).
[2026-03-23 21:55:02,258][pcse.crop.phenology.Vernalisation][INFO] - Critical DVS for vernalization (VERNDVS) reached at day 1984-06-27, but vernalization requirements not yet fulfilled. Forcing vernalization now (VERN=47.688571).
[2026-03-23 21:55:02,271][pcse.crop.phenology.Vernalisation][INFO] - Critical DVS for vernalization (VERNDVS) reached at day 1984-06-28, but vernalization requirements not yet fulfilled. Forcing vernalization now (VERN=47.688571).
[2026-03-23 21:55:02,285][pcse.crop.phenology.Vernalisation][INFO] - Critical DVS for vernalization (VERNDVS) reached at day 1984-06-29, but vernalization requirements not yet fulfilled. Forcing vernalization now (VERN=47.688571).
[2026-03-23 21:55:02,285][pcse.crop.phenology.Annual_Phenology][INFO] - Changed phenological stage 'vegetative' to 'reproductive' on 1984-06-29
[REPLAY DBG] post-agent-update step=11000 n=11000 mean=-0.417622 std=1.211110 min=-2.242645 max=2.729301
[STEP DBG] step=11000 env_reward=0.002469 r_hat=-1.131871 done=False
[NORM DBG] count=11000 mean_abs_mean=62581.597656 mean_std=174.731079 min_std=0.001000 max_std=2329.045166
[2026-03-23 21:55:03,603][pcse.crop.phenology.Annual_Phenology][INFO] - Changed phenological stage 'reproductive' to 'mature' on 1984-09-13
[2026-03-23 21:55:03,868][pcse.base.timer.Timer][INFO] - Reached end of simulation period as specified by END_DATE.
| train          | E: 46 | S: 11086 | R: -240.6274 | TR: 0.0000 | TF: 128 | LR: 128 | NR: 0 | D: 03.8 s | TD: 00.0 s | BR: -0.4168 | ALOSS: -8668.7784 | CLOSS: 1087202.5410 | TLOSS: -122.2066 | TVAL: 0.1686 | AENT: -725.9224 | BCLOSS: 0.0000
[EPISODE DBG] episode=46 step=11086 pred_return=-237.550502 true_return=0.228308 total_feedback=128 labeled_feedback=128
[2026-03-23 21:55:03,875][pcse.agromanager.SoilCalendar][INFO] - Starting soil (oregon) with variation (oregon_1) on day 1984-02-01
[2026-03-23 21:55:03,877][pcse.agromanager.CropCalendar][INFO] - Starting crop (wheat) with variety (wheat_1) on day 1984-02-01
[2026-03-23 21:55:05,145][pcse.crop.phenology.Annual_Phenology][INFO] - Changed phenological stage 'emerging' to 'vegetative' on 1984-04-10
[2026-03-23 21:55:06,031][pcse.crop.phenology.Vernalisation][INFO] - Critical DVS for vernalization (VERNDVS) reached at day 1984-06-02, but vernalization requirements not yet fulfilled. Forcing vernalization now (VERN=47.688571).
[2026-03-23 21:55:06,044][pcse.crop.phenology.Vernalisation][INFO] - Critical DVS for vernalization (VERNDVS) reached at day 1984-06-03, but vernalization requirements not yet fulfilled. Forcing vernalization now (VERN=47.688571).
[2026-03-23 21:55:06,057][pcse.crop.phenology.Vernalisation][INFO] - Critical DVS for vernalization (VERNDVS) reached at day 1984-06-04, but vernalization requirements not yet fulfilled. Forcing vernalization now (VERN=47.688571).
[2026-03-23 21:55:06,072][pcse.crop.phenology.Vernalisation][INFO] - Critical DVS for vernalization (VERNDVS) reached at day 1984-06-05, but vernalization requirements not yet fulfilled. Forcing vernalization now (VERN=47.688571).
[2026-03-23 21:55:06,086][pcse.crop.phenology.Vernalisation][INFO] - Critical DVS for vernalization (VERNDVS) reached at day 1984-06-06, but vernalization requirements not yet fulfilled. Forcing vernalization now (VERN=47.688571).
[2026-03-23 21:55:06,099][pcse.crop.phenology.Vernalisation][INFO] - Critical DVS for vernalization (VERNDVS) reached at day 1984-06-07, but vernalization requirements not yet fulfilled. Forcing vernalization now (VERN=47.688571).
[2026-03-23 21:55:06,113][pcse.crop.phenology.Vernalisation][INFO] - Critical DVS for vernalization (VERNDVS) reached at day 1984-06-08, but vernalization requirements not yet fulfilled. Forcing vernalization now (VERN=47.688571).
[2026-03-23 21:55:06,127][pcse.crop.phenology.Vernalisation][INFO] - Critical DVS for vernalization (VERNDVS) reached at day 1984-06-09, but vernalization requirements not yet fulfilled. Forcing vernalization now (VERN=47.688571).
[2026-03-23 21:55:06,141][pcse.crop.phenology.Vernalisation][INFO] - Critical DVS for vernalization (VERNDVS) reached at day 1984-06-10, but vernalization requirements not yet fulfilled. Forcing vernalization now (VERN=47.688571).
[2026-03-23 21:55:06,155][pcse.crop.phenology.Vernalisation][INFO] - Critical DVS for vernalization (VERNDVS) reached at day 1984-06-11, but vernalization requirements not yet fulfilled. Forcing vernalization now (VERN=47.688571).
[2026-03-23 21:55:06,169][pcse.crop.phenology.Vernalisation][INFO] - Critical DVS for vernalization (VERNDVS) reached at day 1984-06-12, but vernalization requirements not yet fulfilled. Forcing vernalization now (VERN=47.688571).
[2026-03-23 21:55:06,183][pcse.crop.phenology.Vernalisation][INFO] - Critical DVS for vernalization (VERNDVS) reached at day 1984-06-13, but vernalization requirements not yet fulfilled. Forcing vernalization now (VERN=47.688571).
[2026-03-23 21:55:06,197][pcse.crop.phenology.Vernalisation][INFO] - Critical DVS for vernalization (VERNDVS) reached at day 1984-06-14, but vernalization requirements not yet fulfilled. Forcing vernalization now (VERN=47.688571).
[2026-03-23 21:55:06,210][pcse.crop.phenology.Vernalisation][INFO] - Critical DVS for vernalization (VERNDVS) reached at day 1984-06-15, but vernalization requirements not yet fulfilled. Forcing vernalization now (VERN=47.688571).
[2026-03-23 21:55:06,224][pcse.crop.phenology.Vernalisation][INFO] - Critical DVS for vernalization (VERNDVS) reached at day 1984-06-16, but vernalization requirements not yet fulfilled. Forcing vernalization now (VERN=47.688571).
[2026-03-23 21:55:06,237][pcse.crop.phenology.Vernalisation][INFO] - Critical DVS for vernalization (VERNDVS) reached at day 1984-06-17, but vernalization requirements not yet fulfilled. Forcing vernalization now (VERN=47.688571).
[2026-03-23 21:55:06,251][pcse.crop.phenology.Vernalisation][INFO] - Critical DVS for vernalization (VERNDVS) reached at day 1984-06-18, but vernalization requirements not yet fulfilled. Forcing vernalization now (VERN=47.688571).
[2026-03-23 21:55:06,265][pcse.crop.phenology.Vernalisation][INFO] - Critical DVS for vernalization (VERNDVS) reached at day 1984-06-19, but vernalization requirements not yet fulfilled. Forcing vernalization now (VERN=47.688571).
[2026-03-23 21:55:06,278][pcse.crop.phenology.Vernalisation][INFO] - Critical DVS for vernalization (VERNDVS) reached at day 1984-06-20, but vernalization requirements not yet fulfilled. Forcing vernalization now (VERN=47.688571).
[2026-03-23 21:55:06,292][pcse.crop.phenology.Vernalisation][INFO] - Critical DVS for vernalization (VERNDVS) reached at day 1984-06-21, but vernalization requirements not yet fulfilled. Forcing vernalization now (VERN=47.688571).
[2026-03-23 21:55:06,306][pcse.crop.phenology.Vernalisation][INFO] - Critical DVS for vernalization (VERNDVS) reached at day 1984-06-22, but vernalization requirements not yet fulfilled. Forcing vernalization now (VERN=47.688571).
[2026-03-23 21:55:06,320][pcse.crop.phenology.Vernalisation][INFO] - Critical DVS for vernalization (VERNDVS) reached at day 1984-06-23, but vernalization requirements not yet fulfilled. Forcing vernalization now (VERN=47.688571).
[2026-03-23 21:55:06,334][pcse.crop.phenology.Vernalisation][INFO] - Critical DVS for vernalization (VERNDVS) reached at day 1984-06-24, but vernalization requirements not yet fulfilled. Forcing vernalization now (VERN=47.688571).
[2026-03-23 21:55:06,348][pcse.crop.phenology.Vernalisation][INFO] - Critical DVS for vernalization (VERNDVS) reached at day 1984-06-25, but vernalization requirements not yet fulfilled. Forcing vernalization now (VERN=47.688571).
[2026-03-23 21:55:06,362][pcse.crop.phenology.Vernalisation][INFO] - Critical DVS for vernalization (VERNDVS) reached at day 1984-06-26, but vernalization requirements not yet fulfilled. Forcing vernalization now (VERN=47.688571).
[2026-03-23 21:55:06,376][pcse.crop.phenology.Vernalisation][INFO] - Critical DVS for vernalization (VERNDVS) reached at day 1984-06-27, but vernalization requirements not yet fulfilled. Forcing vernalization now (VERN=47.688571).
[2026-03-23 21:55:06,390][pcse.crop.phenology.Vernalisation][INFO] - Critical DVS for vernalization (VERNDVS) reached at day 1984-06-28, but vernalization requirements not yet fulfilled. Forcing vernalization now (VERN=47.688571).
[2026-03-23 21:55:06,404][pcse.crop.phenology.Vernalisation][INFO] - Critical DVS for vernalization (VERNDVS) reached at day 1984-06-29, but vernalization requirements not yet fulfilled. Forcing vernalization now (VERN=47.688571).
[2026-03-23 21:55:06,404][pcse.crop.phenology.Annual_Phenology][INFO] - Changed phenological stage 'vegetative' to 'reproductive' on 1984-06-29
[2026-03-23 21:55:07,629][pcse.crop.phenology.Annual_Phenology][INFO] - Changed phenological stage 'reproductive' to 'mature' on 1984-09-13
[2026-03-23 21:55:07,896][pcse.base.timer.Timer][INFO] - Reached end of simulation period as specified by END_DATE.
| train          | E: 47 | S: 11327 | R: -237.5505 | TR: 0.2283 | TF: 128 | LR: 128 | NR: 0 | D: 04.0 s | TD: 00.0 s | BR: -0.4239 | ALOSS: -8253.1914 | CLOSS: 1011520.9117 | TLOSS: -124.5454 | TVAL: 0.1725 | AENT: -723.0070 | BCLOSS: 0.0000
[EPISODE DBG] episode=47 step=11327 pred_return=-234.001362 true_return=0.000000 total_feedback=128 labeled_feedback=128
[2026-03-23 21:55:07,903][pcse.agromanager.SoilCalendar][INFO] - Starting soil (oregon) with variation (oregon_1) on day 1984-02-01
[2026-03-23 21:55:07,906][pcse.agromanager.CropCalendar][INFO] - Starting crop (wheat) with variety (wheat_1) on day 1984-02-01
[2026-03-23 21:55:09,075][pcse.crop.phenology.Annual_Phenology][INFO] - Changed phenological stage 'emerging' to 'vegetative' on 1984-04-10
[2026-03-23 21:55:10,064][pcse.crop.phenology.Vernalisation][INFO] - Critical DVS for vernalization (VERNDVS) reached at day 1984-06-02, but vernalization requirements not yet fulfilled. Forcing vernalization now (VERN=47.688571).
[2026-03-23 21:55:10,080][pcse.crop.phenology.Vernalisation][INFO] - Critical DVS for vernalization (VERNDVS) reached at day 1984-06-03, but vernalization requirements not yet fulfilled. Forcing vernalization now (VERN=47.688571).
[2026-03-23 21:55:10,095][pcse.crop.phenology.Vernalisation][INFO] - Critical DVS for vernalization (VERNDVS) reached at day 1984-06-04, but vernalization requirements not yet fulfilled. Forcing vernalization now (VERN=47.688571).
[2026-03-23 21:55:10,111][pcse.crop.phenology.Vernalisation][INFO] - Critical DVS for vernalization (VERNDVS) reached at day 1984-06-05, but vernalization requirements not yet fulfilled. Forcing vernalization now (VERN=47.688571).
[2026-03-23 21:55:10,126][pcse.crop.phenology.Vernalisation][INFO] - Critical DVS for vernalization (VERNDVS) reached at day 1984-06-06, but vernalization requirements not yet fulfilled. Forcing vernalization now (VERN=47.688571).
[2026-03-23 21:55:10,142][pcse.crop.phenology.Vernalisation][INFO] - Critical DVS for vernalization (VERNDVS) reached at day 1984-06-07, but vernalization requirements not yet fulfilled. Forcing vernalization now (VERN=47.688571).
[2026-03-23 21:55:10,158][pcse.crop.phenology.Vernalisation][INFO] - Critical DVS for vernalization (VERNDVS) reached at day 1984-06-08, but vernalization requirements not yet fulfilled. Forcing vernalization now (VERN=47.688571).
[2026-03-23 21:55:10,174][pcse.crop.phenology.Vernalisation][INFO] - Critical DVS for vernalization (VERNDVS) reached at day 1984-06-09, but vernalization requirements not yet fulfilled. Forcing vernalization now (VERN=47.688571).
[2026-03-23 21:55:10,189][pcse.crop.phenology.Vernalisation][INFO] - Critical DVS for vernalization (VERNDVS) reached at day 1984-06-10, but vernalization requirements not yet fulfilled. Forcing vernalization now (VERN=47.688571).
[2026-03-23 21:55:10,205][pcse.crop.phenology.Vernalisation][INFO] - Critical DVS for vernalization (VERNDVS) reached at day 1984-06-11, but vernalization requirements not yet fulfilled. Forcing vernalization now (VERN=47.688571).
[2026-03-23 21:55:10,221][pcse.crop.phenology.Vernalisation][INFO] - Critical DVS for vernalization (VERNDVS) reached at day 1984-06-12, but vernalization requirements not yet fulfilled. Forcing vernalization now (VERN=47.688571).
[2026-03-23 21:55:10,237][pcse.crop.phenology.Vernalisation][INFO] - Critical DVS for vernalization (VERNDVS) reached at day 1984-06-13, but vernalization requirements not yet fulfilled. Forcing vernalization now (VERN=47.688571).
[2026-03-23 21:55:10,252][pcse.crop.phenology.Vernalisation][INFO] - Critical DVS for vernalization (VERNDVS) reached at day 1984-06-14, but vernalization requirements not yet fulfilled. Forcing vernalization now (VERN=47.688571).
[2026-03-23 21:55:10,268][pcse.crop.phenology.Vernalisation][INFO] - Critical DVS for vernalization (VERNDVS) reached at day 1984-06-15, but vernalization requirements not yet fulfilled. Forcing vernalization now (VERN=47.688571).
[2026-03-23 21:55:10,284][pcse.crop.phenology.Vernalisation][INFO] - Critical DVS for vernalization (VERNDVS) reached at day 1984-06-16, but vernalization requirements not yet fulfilled. Forcing vernalization now (VERN=47.688571).
[2026-03-23 21:55:10,299][pcse.crop.phenology.Vernalisation][INFO] - Critical DVS for vernalization (VERNDVS) reached at day 1984-06-17, but vernalization requirements not yet fulfilled. Forcing vernalization now (VERN=47.688571).
[2026-03-23 21:55:10,315][pcse.crop.phenology.Vernalisation][INFO] - Critical DVS for vernalization (VERNDVS) reached at day 1984-06-18, but vernalization requirements not yet fulfilled. Forcing vernalization now (VERN=47.688571).
[2026-03-23 21:55:10,332][pcse.crop.phenology.Vernalisation][INFO] - Critical DVS for vernalization (VERNDVS) reached at day 1984-06-19, but vernalization requirements not yet fulfilled. Forcing vernalization now (VERN=47.688571).
[2026-03-23 21:55:10,348][pcse.crop.phenology.Vernalisation][INFO] - Critical DVS for vernalization (VERNDVS) reached at day 1984-06-20, but vernalization requirements not yet fulfilled. Forcing vernalization now (VERN=47.688571).
[2026-03-23 21:55:10,364][pcse.crop.phenology.Vernalisation][INFO] - Critical DVS for vernalization (VERNDVS) reached at day 1984-06-21, but vernalization requirements not yet fulfilled. Forcing vernalization now (VERN=47.688571).
[2026-03-23 21:55:10,380][pcse.crop.phenology.Vernalisation][INFO] - Critical DVS for vernalization (VERNDVS) reached at day 1984-06-22, but vernalization requirements not yet fulfilled. Forcing vernalization now (VERN=47.688571).
[2026-03-23 21:55:10,396][pcse.crop.phenology.Vernalisation][INFO] - Critical DVS for vernalization (VERNDVS) reached at day 1984-06-23, but vernalization requirements not yet fulfilled. Forcing vernalization now (VERN=47.688571).
[2026-03-23 21:55:10,412][pcse.crop.phenology.Vernalisation][INFO] - Critical DVS for vernalization (VERNDVS) reached at day 1984-06-24, but vernalization requirements not yet fulfilled. Forcing vernalization now (VERN=47.688571).
[2026-03-23 21:55:10,429][pcse.crop.phenology.Vernalisation][INFO] - Critical DVS for vernalization (VERNDVS) reached at day 1984-06-25, but vernalization requirements not yet fulfilled. Forcing vernalization now (VERN=47.688571).
[2026-03-23 21:55:10,444][pcse.crop.phenology.Vernalisation][INFO] - Critical DVS for vernalization (VERNDVS) reached at day 1984-06-26, but vernalization requirements not yet fulfilled. Forcing vernalization now (VERN=47.688571).
[2026-03-23 21:55:10,460][pcse.crop.phenology.Vernalisation][INFO] - Critical DVS for vernalization (VERNDVS) reached at day 1984-06-27, but vernalization requirements not yet fulfilled. Forcing vernalization now (VERN=47.688571).
[2026-03-23 21:55:10,476][pcse.crop.phenology.Vernalisation][INFO] - Critical DVS for vernalization (VERNDVS) reached at day 1984-06-28, but vernalization requirements not yet fulfilled. Forcing vernalization now (VERN=47.688571).
[2026-03-23 21:55:10,492][pcse.crop.phenology.Vernalisation][INFO] - Critical DVS for vernalization (VERNDVS) reached at day 1984-06-29, but vernalization requirements not yet fulfilled. Forcing vernalization now (VERN=47.688571).
[2026-03-23 21:55:10,492][pcse.crop.phenology.Annual_Phenology][INFO] - Changed phenological stage 'vegetative' to 'reproductive' on 1984-06-29
[REPLAY DBG] post-agent-update step=11500 n=11500 mean=-0.441785 std=1.192946 min=-2.242645 max=2.729301
[STEP DBG] step=11500 env_reward=0.100749 r_hat=-1.265228 done=False
[NORM DBG] count=11500 mean_abs_mean=62578.824219 mean_std=171.695038 min_std=0.001000 max_std=2284.638184
[2026-03-23 21:55:11,828][pcse.crop.phenology.Annual_Phenology][INFO] - Changed phenological stage 'reproductive' to 'mature' on 1984-09-13
[2026-03-23 21:55:12,092][pcse.base.timer.Timer][INFO] - Reached end of simulation period as specified by END_DATE.
| train          | E: 48 | S: 11568 | R: -234.0014 | TR: 0.0000 | TF: 128 | LR: 128 | NR: 0 | D: 04.2 s | TD: 00.0 s | BR: -0.4396 | ALOSS: -7701.2529 | CLOSS: 839530.9310 | TLOSS: -212.3711 | TVAL: 0.1771 | AENT: -1198.1018 | BCLOSS: 0.0000
[EPISODE DBG] episode=48 step=11568 pred_return=-228.920304 true_return=8.997583 total_feedback=128 labeled_feedback=128
[2026-03-23 21:55:12,097][pcse.agromanager.SoilCalendar][INFO] - Starting soil (oregon) with variation (oregon_1) on day 1984-02-01
[2026-03-23 21:55:12,099][pcse.agromanager.CropCalendar][INFO] - Starting crop (wheat) with variety (wheat_1) on day 1984-02-01
[2026-03-23 21:55:13,391][pcse.crop.phenology.Annual_Phenology][INFO] - Changed phenological stage 'emerging' to 'vegetative' on 1984-04-10
[2026-03-23 21:55:14,103][pcse.crop.phenology.Vernalisation][INFO] - Critical DVS for vernalization (VERNDVS) reached at day 1984-06-02, but vernalization requirements not yet fulfilled. Forcing vernalization now (VERN=47.688571).
[2026-03-23 21:55:14,116][pcse.crop.phenology.Vernalisation][INFO] - Critical DVS for vernalization (VERNDVS) reached at day 1984-06-03, but vernalization requirements not yet fulfilled. Forcing vernalization now (VERN=47.688571).
[2026-03-23 21:55:14,130][pcse.crop.phenology.Vernalisation][INFO] - Critical DVS for vernalization (VERNDVS) reached at day 1984-06-04, but vernalization requirements not yet fulfilled. Forcing vernalization now (VERN=47.688571).
[2026-03-23 21:55:14,144][pcse.crop.phenology.Vernalisation][INFO] - Critical DVS for vernalization (VERNDVS) reached at day 1984-06-05, but vernalization requirements not yet fulfilled. Forcing vernalization now (VERN=47.688571).
[2026-03-23 21:55:14,159][pcse.crop.phenology.Vernalisation][INFO] - Critical DVS for vernalization (VERNDVS) reached at day 1984-06-06, but vernalization requirements not yet fulfilled. Forcing vernalization now (VERN=47.688571).
[2026-03-23 21:55:14,172][pcse.crop.phenology.Vernalisation][INFO] - Critical DVS for vernalization (VERNDVS) reached at day 1984-06-07, but vernalization requirements not yet fulfilled. Forcing vernalization now (VERN=47.688571).
[2026-03-23 21:55:14,186][pcse.crop.phenology.Vernalisation][INFO] - Critical DVS for vernalization (VERNDVS) reached at day 1984-06-08, but vernalization requirements not yet fulfilled. Forcing vernalization now (VERN=47.688571).
[2026-03-23 21:55:14,200][pcse.crop.phenology.Vernalisation][INFO] - Critical DVS for vernalization (VERNDVS) reached at day 1984-06-09, but vernalization requirements not yet fulfilled. Forcing vernalization now (VERN=47.688571).
[2026-03-23 21:55:14,214][pcse.crop.phenology.Vernalisation][INFO] - Critical DVS for vernalization (VERNDVS) reached at day 1984-06-10, but vernalization requirements not yet fulfilled. Forcing vernalization now (VERN=47.688571).
[2026-03-23 21:55:14,227][pcse.crop.phenology.Vernalisation][INFO] - Critical DVS for vernalization (VERNDVS) reached at day 1984-06-11, but vernalization requirements not yet fulfilled. Forcing vernalization now (VERN=47.688571).
[2026-03-23 21:55:14,241][pcse.crop.phenology.Vernalisation][INFO] - Critical DVS for vernalization (VERNDVS) reached at day 1984-06-12, but vernalization requirements not yet fulfilled. Forcing vernalization now (VERN=47.688571).
[2026-03-23 21:55:14,255][pcse.crop.phenology.Vernalisation][INFO] - Critical DVS for vernalization (VERNDVS) reached at day 1984-06-13, but vernalization requirements not yet fulfilled. Forcing vernalization now (VERN=47.688571).
[2026-03-23 21:55:14,426][pcse.crop.phenology.Vernalisation][INFO] - Critical DVS for vernalization (VERNDVS) reached at day 1984-06-14, but vernalization requirements not yet fulfilled. Forcing vernalization now (VERN=47.688571).
[2026-03-23 21:55:14,446][pcse.crop.phenology.Vernalisation][INFO] - Critical DVS for vernalization (VERNDVS) reached at day 1984-06-15, but vernalization requirements not yet fulfilled. Forcing vernalization now (VERN=47.688571).
[2026-03-23 21:55:14,465][pcse.crop.phenology.Vernalisation][INFO] - Critical DVS for vernalization (VERNDVS) reached at day 1984-06-16, but vernalization requirements not yet fulfilled. Forcing vernalization now (VERN=47.688571).
[2026-03-23 21:55:14,485][pcse.crop.phenology.Vernalisation][INFO] - Critical DVS for vernalization (VERNDVS) reached at day 1984-06-17, but vernalization requirements not yet fulfilled. Forcing vernalization now (VERN=47.688571).
[2026-03-23 21:55:14,504][pcse.crop.phenology.Vernalisation][INFO] - Critical DVS for vernalization (VERNDVS) reached at day 1984-06-18, but vernalization requirements not yet fulfilled. Forcing vernalization now (VERN=47.688571).
[2026-03-23 21:55:14,521][pcse.crop.phenology.Vernalisation][INFO] - Critical DVS for vernalization (VERNDVS) reached at day 1984-06-19, but vernalization requirements not yet fulfilled. Forcing vernalization now (VERN=47.688571).
[2026-03-23 21:55:14,535][pcse.crop.phenology.Vernalisation][INFO] - Critical DVS for vernalization (VERNDVS) reached at day 1984-06-20, but vernalization requirements not yet fulfilled. Forcing vernalization now (VERN=47.688571).
[2026-03-23 21:55:14,550][pcse.crop.phenology.Vernalisation][INFO] - Critical DVS for vernalization (VERNDVS) reached at day 1984-06-21, but vernalization requirements not yet fulfilled. Forcing vernalization now (VERN=47.688571).
[2026-03-23 21:55:14,564][pcse.crop.phenology.Vernalisation][INFO] - Critical DVS for vernalization (VERNDVS) reached at day 1984-06-22, but vernalization requirements not yet fulfilled. Forcing vernalization now (VERN=47.688571).
[2026-03-23 21:55:14,577][pcse.crop.phenology.Vernalisation][INFO] - Critical DVS for vernalization (VERNDVS) reached at day 1984-06-23, but vernalization requirements not yet fulfilled. Forcing vernalization now (VERN=47.688571).
[2026-03-23 21:55:14,591][pcse.crop.phenology.Vernalisation][INFO] - Critical DVS for vernalization (VERNDVS) reached at day 1984-06-24, but vernalization requirements not yet fulfilled. Forcing vernalization now (VERN=47.688571).
[2026-03-23 21:55:14,605][pcse.crop.phenology.Vernalisation][INFO] - Critical DVS for vernalization (VERNDVS) reached at day 1984-06-25, but vernalization requirements not yet fulfilled. Forcing vernalization now (VERN=47.688571).
[2026-03-23 21:55:14,619][pcse.crop.phenology.Vernalisation][INFO] - Critical DVS for vernalization (VERNDVS) reached at day 1984-06-26, but vernalization requirements not yet fulfilled. Forcing vernalization now (VERN=47.688571).
[2026-03-23 21:55:14,633][pcse.crop.phenology.Vernalisation][INFO] - Critical DVS for vernalization (VERNDVS) reached at day 1984-06-27, but vernalization requirements not yet fulfilled. Forcing vernalization now (VERN=47.688571).
[2026-03-23 21:55:14,647][pcse.crop.phenology.Vernalisation][INFO] - Critical DVS for vernalization (VERNDVS) reached at day 1984-06-28, but vernalization requirements not yet fulfilled. Forcing vernalization now (VERN=47.688571).
[2026-03-23 21:55:14,661][pcse.crop.phenology.Vernalisation][INFO] - Critical DVS for vernalization (VERNDVS) reached at day 1984-06-29, but vernalization requirements not yet fulfilled. Forcing vernalization now (VERN=47.688571).
[2026-03-23 21:55:14,661][pcse.crop.phenology.Annual_Phenology][INFO] - Changed phenological stage 'vegetative' to 'reproductive' on 1984-06-29
[2026-03-23 21:55:15,703][pcse.crop.phenology.Annual_Phenology][INFO] - Changed phenological stage 'reproductive' to 'mature' on 1984-09-13
[2026-03-23 21:55:16,083][pcse.base.timer.Timer][INFO] - Reached end of simulation period as specified by END_DATE.
| train          | E: 49 | S: 11809 | R: -228.9203 | TR: 8.9976 | TF: 128 | LR: 128 | NR: 0 | D: 04.0 s | TD: 00.0 s | BR: -0.4496 | ALOSS: -7354.7019 | CLOSS: 710049.8540 | TLOSS: -256.4714 | TVAL: 0.1833 | AENT: -1400.6902 | BCLOSS: 0.0000
[EPISODE DBG] episode=49 step=11809 pred_return=-218.111755 true_return=19.897423 total_feedback=128 labeled_feedback=128
[2026-03-23 21:55:16,090][pcse.agromanager.SoilCalendar][INFO] - Starting soil (oregon) with variation (oregon_1) on day 1984-02-01
[2026-03-23 21:55:16,092][pcse.agromanager.CropCalendar][INFO] - Starting crop (wheat) with variety (wheat_1) on day 1984-02-01
[2026-03-23 21:55:17,301][pcse.crop.phenology.Annual_Phenology][INFO] - Changed phenological stage 'emerging' to 'vegetative' on 1984-04-10
[2026-03-23 21:55:18,231][pcse.crop.phenology.Vernalisation][INFO] - Critical DVS for vernalization (VERNDVS) reached at day 1984-06-02, but vernalization requirements not yet fulfilled. Forcing vernalization now (VERN=47.688571).
[2026-03-23 21:55:18,244][pcse.crop.phenology.Vernalisation][INFO] - Critical DVS for vernalization (VERNDVS) reached at day 1984-06-03, but vernalization requirements not yet fulfilled. Forcing vernalization now (VERN=47.688571).
[2026-03-23 21:55:18,258][pcse.crop.phenology.Vernalisation][INFO] - Critical DVS for vernalization (VERNDVS) reached at day 1984-06-04, but vernalization requirements not yet fulfilled. Forcing vernalization now (VERN=47.688571).
[2026-03-23 21:55:18,272][pcse.crop.phenology.Vernalisation][INFO] - Critical DVS for vernalization (VERNDVS) reached at day 1984-06-05, but vernalization requirements not yet fulfilled. Forcing vernalization now (VERN=47.688571).
[2026-03-23 21:55:18,286][pcse.crop.phenology.Vernalisation][INFO] - Critical DVS for vernalization (VERNDVS) reached at day 1984-06-06, but vernalization requirements not yet fulfilled. Forcing vernalization now (VERN=47.688571).
[2026-03-23 21:55:18,301][pcse.crop.phenology.Vernalisation][INFO] - Critical DVS for vernalization (VERNDVS) reached at day 1984-06-07, but vernalization requirements not yet fulfilled. Forcing vernalization now (VERN=47.688571).
[2026-03-23 21:55:18,314][pcse.crop.phenology.Vernalisation][INFO] - Critical DVS for vernalization (VERNDVS) reached at day 1984-06-08, but vernalization requirements not yet fulfilled. Forcing vernalization now (VERN=47.688571).
[2026-03-23 21:55:18,328][pcse.crop.phenology.Vernalisation][INFO] - Critical DVS for vernalization (VERNDVS) reached at day 1984-06-09, but vernalization requirements not yet fulfilled. Forcing vernalization now (VERN=47.688571).
[2026-03-23 21:55:18,342][pcse.crop.phenology.Vernalisation][INFO] - Critical DVS for vernalization (VERNDVS) reached at day 1984-06-10, but vernalization requirements not yet fulfilled. Forcing vernalization now (VERN=47.688571).
[2026-03-23 21:55:18,357][pcse.crop.phenology.Vernalisation][INFO] - Critical DVS for vernalization (VERNDVS) reached at day 1984-06-11, but vernalization requirements not yet fulfilled. Forcing vernalization now (VERN=47.688571).
[2026-03-23 21:55:18,370][pcse.crop.phenology.Vernalisation][INFO] - Critical DVS for vernalization (VERNDVS) reached at day 1984-06-12, but vernalization requirements not yet fulfilled. Forcing vernalization now (VERN=47.688571).
[2026-03-23 21:55:18,384][pcse.crop.phenology.Vernalisation][INFO] - Critical DVS for vernalization (VERNDVS) reached at day 1984-06-13, but vernalization requirements not yet fulfilled. Forcing vernalization now (VERN=47.688571).
[2026-03-23 21:55:18,397][pcse.crop.phenology.Vernalisation][INFO] - Critical DVS for vernalization (VERNDVS) reached at day 1984-06-14, but vernalization requirements not yet fulfilled. Forcing vernalization now (VERN=47.688571).
[2026-03-23 21:55:18,412][pcse.crop.phenology.Vernalisation][INFO] - Critical DVS for vernalization (VERNDVS) reached at day 1984-06-15, but vernalization requirements not yet fulfilled. Forcing vernalization now (VERN=47.688571).
[2026-03-23 21:55:18,426][pcse.crop.phenology.Vernalisation][INFO] - Critical DVS for vernalization (VERNDVS) reached at day 1984-06-16, but vernalization requirements not yet fulfilled. Forcing vernalization now (VERN=47.688571).
[2026-03-23 21:55:18,440][pcse.crop.phenology.Vernalisation][INFO] - Critical DVS for vernalization (VERNDVS) reached at day 1984-06-17, but vernalization requirements not yet fulfilled. Forcing vernalization now (VERN=47.688571).
[2026-03-23 21:55:18,454][pcse.crop.phenology.Vernalisation][INFO] - Critical DVS for vernalization (VERNDVS) reached at day 1984-06-18, but vernalization requirements not yet fulfilled. Forcing vernalization now (VERN=47.688571).
[2026-03-23 21:55:18,468][pcse.crop.phenology.Vernalisation][INFO] - Critical DVS for vernalization (VERNDVS) reached at day 1984-06-19, but vernalization requirements not yet fulfilled. Forcing vernalization now (VERN=47.688571).
[2026-03-23 21:55:18,482][pcse.crop.phenology.Vernalisation][INFO] - Critical DVS for vernalization (VERNDVS) reached at day 1984-06-20, but vernalization requirements not yet fulfilled. Forcing vernalization now (VERN=47.688571).
[2026-03-23 21:55:18,495][pcse.crop.phenology.Vernalisation][INFO] - Critical DVS for vernalization (VERNDVS) reached at day 1984-06-21, but vernalization requirements not yet fulfilled. Forcing vernalization now (VERN=47.688571).
[2026-03-23 21:55:18,509][pcse.crop.phenology.Vernalisation][INFO] - Critical DVS for vernalization (VERNDVS) reached at day 1984-06-22, but vernalization requirements not yet fulfilled. Forcing vernalization now (VERN=47.688571).
[2026-03-23 21:55:18,523][pcse.crop.phenology.Vernalisation][INFO] - Critical DVS for vernalization (VERNDVS) reached at day 1984-06-23, but vernalization requirements not yet fulfilled. Forcing vernalization now (VERN=47.688571).
[2026-03-23 21:55:18,537][pcse.crop.phenology.Vernalisation][INFO] - Critical DVS for vernalization (VERNDVS) reached at day 1984-06-24, but vernalization requirements not yet fulfilled. Forcing vernalization now (VERN=47.688571).
[2026-03-23 21:55:18,551][pcse.crop.phenology.Vernalisation][INFO] - Critical DVS for vernalization (VERNDVS) reached at day 1984-06-25, but vernalization requirements not yet fulfilled. Forcing vernalization now (VERN=47.688571).
[2026-03-23 21:55:18,564][pcse.crop.phenology.Vernalisation][INFO] - Critical DVS for vernalization (VERNDVS) reached at day 1984-06-26, but vernalization requirements not yet fulfilled. Forcing vernalization now (VERN=47.688571).
[2026-03-23 21:55:18,578][pcse.crop.phenology.Vernalisation][INFO] - Critical DVS for vernalization (VERNDVS) reached at day 1984-06-27, but vernalization requirements not yet fulfilled. Forcing vernalization now (VERN=47.688571).
[2026-03-23 21:55:18,591][pcse.crop.phenology.Vernalisation][INFO] - Critical DVS for vernalization (VERNDVS) reached at day 1984-06-28, but vernalization requirements not yet fulfilled. Forcing vernalization now (VERN=47.688571).
[2026-03-23 21:55:18,605][pcse.crop.phenology.Vernalisation][INFO] - Critical DVS for vernalization (VERNDVS) reached at day 1984-06-29, but vernalization requirements not yet fulfilled. Forcing vernalization now (VERN=47.688571).
[2026-03-23 21:55:18,605][pcse.crop.phenology.Annual_Phenology][INFO] - Changed phenological stage 'vegetative' to 'reproductive' on 1984-06-29
[REPLAY DBG] post-agent-update step=12000 n=12000 mean=-0.461373 std=1.175518 min=-2.242645 max=2.729301
[STEP DBG] step=12000 env_reward=0.156228 r_hat=-1.293858 done=False
[NORM DBG] count=12000 mean_abs_mean=62576.277344 mean_std=168.815155 min_std=0.001000 max_std=2242.607178
[2026-03-23 21:55:20,018][pcse.crop.phenology.Annual_Phenology][INFO] - Changed phenological stage 'reproductive' to 'mature' on 1984-09-13
[2026-03-23 21:55:20,288][pcse.base.timer.Timer][INFO] - Reached end of simulation period as specified by END_DATE.
| train          | E: 50 | S: 12050 | R: -218.1118 | TR: 19.8974 | TF: 128 | LR: 128 | NR: 0 | D: 04.2 s | TD: 00.0 s | BR: -0.4567 | ALOSS: -6625.4165 | CLOSS: 2272270.4063 | TLOSS: -286.8242 | TVAL: 0.1889 | AENT: -1520.1186 | BCLOSS: 0.0000
[EPISODE DBG] episode=50 step=12050 pred_return=-213.561016 true_return=13.911185 total_feedback=128 labeled_feedback=128
[2026-03-23 21:55:20,295][pcse.agromanager.SoilCalendar][INFO] - Starting soil (oregon) with variation (oregon_1) on day 1984-02-01
[2026-03-23 21:55:20,297][pcse.agromanager.CropCalendar][INFO] - Starting crop (wheat) with variety (wheat_1) on day 1984-02-01
[2026-03-23 21:55:21,722][pcse.crop.phenology.Annual_Phenology][INFO] - Changed phenological stage 'emerging' to 'vegetative' on 1984-04-10
[2026-03-23 21:55:22,537][pcse.crop.phenology.Vernalisation][INFO] - Critical DVS for vernalization (VERNDVS) reached at day 1984-06-02, but vernalization requirements not yet fulfilled. Forcing vernalization now (VERN=47.688571).
[2026-03-23 21:55:22,552][pcse.crop.phenology.Vernalisation][INFO] - Critical DVS for vernalization (VERNDVS) reached at day 1984-06-03, but vernalization requirements not yet fulfilled. Forcing vernalization now (VERN=47.688571).
[2026-03-23 21:55:22,568][pcse.crop.phenology.Vernalisation][INFO] - Critical DVS for vernalization (VERNDVS) reached at day 1984-06-04, but vernalization requirements not yet fulfilled. Forcing vernalization now (VERN=47.688571).
[2026-03-23 21:55:22,583][pcse.crop.phenology.Vernalisation][INFO] - Critical DVS for vernalization (VERNDVS) reached at day 1984-06-05, but vernalization requirements not yet fulfilled. Forcing vernalization now (VERN=47.688571).
[2026-03-23 21:55:22,599][pcse.crop.phenology.Vernalisation][INFO] - Critical DVS for vernalization (VERNDVS) reached at day 1984-06-06, but vernalization requirements not yet fulfilled. Forcing vernalization now (VERN=47.688571).
[2026-03-23 21:55:22,615][pcse.crop.phenology.Vernalisation][INFO] - Critical DVS for vernalization (VERNDVS) reached at day 1984-06-07, but vernalization requirements not yet fulfilled. Forcing vernalization now (VERN=47.688571).
[2026-03-23 21:55:22,630][pcse.crop.phenology.Vernalisation][INFO] - Critical DVS for vernalization (VERNDVS) reached at day 1984-06-08, but vernalization requirements not yet fulfilled. Forcing vernalization now (VERN=47.688571).
[2026-03-23 21:55:22,646][pcse.crop.phenology.Vernalisation][INFO] - Critical DVS for vernalization (VERNDVS) reached at day 1984-06-09, but vernalization requirements not yet fulfilled. Forcing vernalization now (VERN=47.688571).
[2026-03-23 21:55:22,662][pcse.crop.phenology.Vernalisation][INFO] - Critical DVS for vernalization (VERNDVS) reached at day 1984-06-10, but vernalization requirements not yet fulfilled. Forcing vernalization now (VERN=47.688571).
[2026-03-23 21:55:22,678][pcse.crop.phenology.Vernalisation][INFO] - Critical DVS for vernalization (VERNDVS) reached at day 1984-06-11, but vernalization requirements not yet fulfilled. Forcing vernalization now (VERN=47.688571).
[2026-03-23 21:55:22,694][pcse.crop.phenology.Vernalisation][INFO] - Critical DVS for vernalization (VERNDVS) reached at day 1984-06-12, but vernalization requirements not yet fulfilled. Forcing vernalization now (VERN=47.688571).
[2026-03-23 21:55:22,709][pcse.crop.phenology.Vernalisation][INFO] - Critical DVS for vernalization (VERNDVS) reached at day 1984-06-13, but vernalization requirements not yet fulfilled. Forcing vernalization now (VERN=47.688571).
[2026-03-23 21:55:22,725][pcse.crop.phenology.Vernalisation][INFO] - Critical DVS for vernalization (VERNDVS) reached at day 1984-06-14, but vernalization requirements not yet fulfilled. Forcing vernalization now (VERN=47.688571).
[2026-03-23 21:55:22,741][pcse.crop.phenology.Vernalisation][INFO] - Critical DVS for vernalization (VERNDVS) reached at day 1984-06-15, but vernalization requirements not yet fulfilled. Forcing vernalization now (VERN=47.688571).
[2026-03-23 21:55:22,756][pcse.crop.phenology.Vernalisation][INFO] - Critical DVS for vernalization (VERNDVS) reached at day 1984-06-16, but vernalization requirements not yet fulfilled. Forcing vernalization now (VERN=47.688571).
[2026-03-23 21:55:22,773][pcse.crop.phenology.Vernalisation][INFO] - Critical DVS for vernalization (VERNDVS) reached at day 1984-06-17, but vernalization requirements not yet fulfilled. Forcing vernalization now (VERN=47.688571).
[2026-03-23 21:55:22,789][pcse.crop.phenology.Vernalisation][INFO] - Critical DVS for vernalization (VERNDVS) reached at day 1984-06-18, but vernalization requirements not yet fulfilled. Forcing vernalization now (VERN=47.688571).
[2026-03-23 21:55:22,805][pcse.crop.phenology.Vernalisation][INFO] - Critical DVS for vernalization (VERNDVS) reached at day 1984-06-19, but vernalization requirements not yet fulfilled. Forcing vernalization now (VERN=47.688571).
[2026-03-23 21:55:22,821][pcse.crop.phenology.Vernalisation][INFO] - Critical DVS for vernalization (VERNDVS) reached at day 1984-06-20, but vernalization requirements not yet fulfilled. Forcing vernalization now (VERN=47.688571).
[2026-03-23 21:55:22,836][pcse.crop.phenology.Vernalisation][INFO] - Critical DVS for vernalization (VERNDVS) reached at day 1984-06-21, but vernalization requirements not yet fulfilled. Forcing vernalization now (VERN=47.688571).
[2026-03-23 21:55:22,852][pcse.crop.phenology.Vernalisation][INFO] - Critical DVS for vernalization (VERNDVS) reached at day 1984-06-22, but vernalization requirements not yet fulfilled. Forcing vernalization now (VERN=47.688571).
[2026-03-23 21:55:22,868][pcse.crop.phenology.Vernalisation][INFO] - Critical DVS for vernalization (VERNDVS) reached at day 1984-06-23, but vernalization requirements not yet fulfilled. Forcing vernalization now (VERN=47.688571).
[2026-03-23 21:55:22,885][pcse.crop.phenology.Vernalisation][INFO] - Critical DVS for vernalization (VERNDVS) reached at day 1984-06-24, but vernalization requirements not yet fulfilled. Forcing vernalization now (VERN=47.688571).
[2026-03-23 21:55:22,904][pcse.crop.phenology.Vernalisation][INFO] - Critical DVS for vernalization (VERNDVS) reached at day 1984-06-25, but vernalization requirements not yet fulfilled. Forcing vernalization now (VERN=47.688571).
[2026-03-23 21:55:22,919][pcse.crop.phenology.Vernalisation][INFO] - Critical DVS for vernalization (VERNDVS) reached at day 1984-06-26, but vernalization requirements not yet fulfilled. Forcing vernalization now (VERN=47.688571).
[2026-03-23 21:55:22,935][pcse.crop.phenology.Vernalisation][INFO] - Critical DVS for vernalization (VERNDVS) reached at day 1984-06-27, but vernalization requirements not yet fulfilled. Forcing vernalization now (VERN=47.688571).
[2026-03-23 21:55:22,951][pcse.crop.phenology.Vernalisation][INFO] - Critical DVS for vernalization (VERNDVS) reached at day 1984-06-28, but vernalization requirements not yet fulfilled. Forcing vernalization now (VERN=47.688571).
[2026-03-23 21:55:22,966][pcse.crop.phenology.Vernalisation][INFO] - Critical DVS for vernalization (VERNDVS) reached at day 1984-06-29, but vernalization requirements not yet fulfilled. Forcing vernalization now (VERN=47.688571).
[2026-03-23 21:55:22,967][pcse.crop.phenology.Annual_Phenology][INFO] - Changed phenological stage 'vegetative' to 'reproductive' on 1984-06-29
[2026-03-23 21:55:24,202][pcse.crop.phenology.Annual_Phenology][INFO] - Changed phenological stage 'reproductive' to 'mature' on 1984-09-13
[2026-03-23 21:55:24,437][pcse.base.timer.Timer][INFO] - Reached end of simulation period as specified by END_DATE.
| train          | E: 51 | S: 12291 | R: -213.5610 | TR: 13.9112 | TF: 128 | LR: 128 | NR: 0 | D: 04.1 s | TD: 00.0 s | BR: -0.4681 | ALOSS: -6389.5963 | CLOSS: 1192982.7895 | TLOSS: -258.2854 | TVAL: 0.1939 | AENT: -1333.1491 | BCLOSS: 0.0000
[EPISODE DBG] episode=51 step=12291 pred_return=-215.676085 true_return=12.083472 total_feedback=128 labeled_feedback=128
[2026-03-23 21:55:24,442][pcse.agromanager.SoilCalendar][INFO] - Starting soil (oregon) with variation (oregon_1) on day 1984-02-01
[2026-03-23 21:55:24,444][pcse.agromanager.CropCalendar][INFO] - Starting crop (wheat) with variety (wheat_1) on day 1984-02-01
[2026-03-23 21:55:25,833][pcse.crop.phenology.Annual_Phenology][INFO] - Changed phenological stage 'emerging' to 'vegetative' on 1984-04-10
[2026-03-23 21:55:26,970][pcse.crop.phenology.Vernalisation][INFO] - Critical DVS for vernalization (VERNDVS) reached at day 1984-06-02, but vernalization requirements not yet fulfilled. Forcing vernalization now (VERN=47.688571).
[2026-03-23 21:55:26,984][pcse.crop.phenology.Vernalisation][INFO] - Critical DVS for vernalization (VERNDVS) reached at day 1984-06-03, but vernalization requirements not yet fulfilled. Forcing vernalization now (VERN=47.688571).
[2026-03-23 21:55:26,998][pcse.crop.phenology.Vernalisation][INFO] - Critical DVS for vernalization (VERNDVS) reached at day 1984-06-04, but vernalization requirements not yet fulfilled. Forcing vernalization now (VERN=47.688571).
[2026-03-23 21:55:27,013][pcse.crop.phenology.Vernalisation][INFO] - Critical DVS for vernalization (VERNDVS) reached at day 1984-06-05, but vernalization requirements not yet fulfilled. Forcing vernalization now (VERN=47.688571).
[2026-03-23 21:55:27,027][pcse.crop.phenology.Vernalisation][INFO] - Critical DVS for vernalization (VERNDVS) reached at day 1984-06-06, but vernalization requirements not yet fulfilled. Forcing vernalization now (VERN=47.688571).
[2026-03-23 21:55:27,041][pcse.crop.phenology.Vernalisation][INFO] - Critical DVS for vernalization (VERNDVS) reached at day 1984-06-07, but vernalization requirements not yet fulfilled. Forcing vernalization now (VERN=47.688571).
[2026-03-23 21:55:27,055][pcse.crop.phenology.Vernalisation][INFO] - Critical DVS for vernalization (VERNDVS) reached at day 1984-06-08, but vernalization requirements not yet fulfilled. Forcing vernalization now (VERN=47.688571).
[2026-03-23 21:55:27,070][pcse.crop.phenology.Vernalisation][INFO] - Critical DVS for vernalization (VERNDVS) reached at day 1984-06-09, but vernalization requirements not yet fulfilled. Forcing vernalization now (VERN=47.688571).
[2026-03-23 21:55:27,085][pcse.crop.phenology.Vernalisation][INFO] - Critical DVS for vernalization (VERNDVS) reached at day 1984-06-10, but vernalization requirements not yet fulfilled. Forcing vernalization now (VERN=47.688571).
[2026-03-23 21:55:27,099][pcse.crop.phenology.Vernalisation][INFO] - Critical DVS for vernalization (VERNDVS) reached at day 1984-06-11, but vernalization requirements not yet fulfilled. Forcing vernalization now (VERN=47.688571).
[2026-03-23 21:55:27,113][pcse.crop.phenology.Vernalisation][INFO] - Critical DVS for vernalization (VERNDVS) reached at day 1984-06-12, but vernalization requirements not yet fulfilled. Forcing vernalization now (VERN=47.688571).
[2026-03-23 21:55:27,128][pcse.crop.phenology.Vernalisation][INFO] - Critical DVS for vernalization (VERNDVS) reached at day 1984-06-13, but vernalization requirements not yet fulfilled. Forcing vernalization now (VERN=47.688571).
[2026-03-23 21:55:27,142][pcse.crop.phenology.Vernalisation][INFO] - Critical DVS for vernalization (VERNDVS) reached at day 1984-06-14, but vernalization requirements not yet fulfilled. Forcing vernalization now (VERN=47.688571).
[2026-03-23 21:55:27,157][pcse.crop.phenology.Vernalisation][INFO] - Critical DVS for vernalization (VERNDVS) reached at day 1984-06-15, but vernalization requirements not yet fulfilled. Forcing vernalization now (VERN=47.688571).
[2026-03-23 21:55:27,171][pcse.crop.phenology.Vernalisation][INFO] - Critical DVS for vernalization (VERNDVS) reached at day 1984-06-16, but vernalization requirements not yet fulfilled. Forcing vernalization now (VERN=47.688571).
[2026-03-23 21:55:27,185][pcse.crop.phenology.Vernalisation][INFO] - Critical DVS for vernalization (VERNDVS) reached at day 1984-06-17, but vernalization requirements not yet fulfilled. Forcing vernalization now (VERN=47.688571).
[2026-03-23 21:55:27,200][pcse.crop.phenology.Vernalisation][INFO] - Critical DVS for vernalization (VERNDVS) reached at day 1984-06-18, but vernalization requirements not yet fulfilled. Forcing vernalization now (VERN=47.688571).
[2026-03-23 21:55:27,214][pcse.crop.phenology.Vernalisation][INFO] - Critical DVS for vernalization (VERNDVS) reached at day 1984-06-19, but vernalization requirements not yet fulfilled. Forcing vernalization now (VERN=47.688571).
[2026-03-23 21:55:27,228][pcse.crop.phenology.Vernalisation][INFO] - Critical DVS for vernalization (VERNDVS) reached at day 1984-06-20, but vernalization requirements not yet fulfilled. Forcing vernalization now (VERN=47.688571).
[2026-03-23 21:55:27,243][pcse.crop.phenology.Vernalisation][INFO] - Critical DVS for vernalization (VERNDVS) reached at day 1984-06-21, but vernalization requirements not yet fulfilled. Forcing vernalization now (VERN=47.688571).
[2026-03-23 21:55:27,257][pcse.crop.phenology.Vernalisation][INFO] - Critical DVS for vernalization (VERNDVS) reached at day 1984-06-22, but vernalization requirements not yet fulfilled. Forcing vernalization now (VERN=47.688571).
[2026-03-23 21:55:27,272][pcse.crop.phenology.Vernalisation][INFO] - Critical DVS for vernalization (VERNDVS) reached at day 1984-06-23, but vernalization requirements not yet fulfilled. Forcing vernalization now (VERN=47.688571).
[2026-03-23 21:55:27,286][pcse.crop.phenology.Vernalisation][INFO] - Critical DVS for vernalization (VERNDVS) reached at day 1984-06-24, but vernalization requirements not yet fulfilled. Forcing vernalization now (VERN=47.688571).
[2026-03-23 21:55:27,301][pcse.crop.phenology.Vernalisation][INFO] - Critical DVS for vernalization (VERNDVS) reached at day 1984-06-25, but vernalization requirements not yet fulfilled. Forcing vernalization now (VERN=47.688571).
[2026-03-23 21:55:27,315][pcse.crop.phenology.Vernalisation][INFO] - Critical DVS for vernalization (VERNDVS) reached at day 1984-06-26, but vernalization requirements not yet fulfilled. Forcing vernalization now (VERN=47.688571).
[2026-03-23 21:55:27,329][pcse.crop.phenology.Vernalisation][INFO] - Critical DVS for vernalization (VERNDVS) reached at day 1984-06-27, but vernalization requirements not yet fulfilled. Forcing vernalization now (VERN=47.688571).
[2026-03-23 21:55:27,344][pcse.crop.phenology.Vernalisation][INFO] - Critical DVS for vernalization (VERNDVS) reached at day 1984-06-28, but vernalization requirements not yet fulfilled. Forcing vernalization now (VERN=47.688571).
[2026-03-23 21:55:27,359][pcse.crop.phenology.Vernalisation][INFO] - Critical DVS for vernalization (VERNDVS) reached at day 1984-06-29, but vernalization requirements not yet fulfilled. Forcing vernalization now (VERN=47.688571).
[2026-03-23 21:55:27,359][pcse.crop.phenology.Annual_Phenology][INFO] - Changed phenological stage 'vegetative' to 'reproductive' on 1984-06-29
[REPLAY DBG] post-agent-update step=12500 n=12500 mean=-0.479082 std=1.158923 min=-2.242645 max=2.729301
[STEP DBG] step=12500 env_reward=0.232792 r_hat=-1.426356 done=False
[NORM DBG] count=12500 mean_abs_mean=62573.937500 mean_std=166.082474 min_std=0.001000 max_std=2202.756836
[2026-03-23 21:55:28,566][pcse.crop.phenology.Annual_Phenology][INFO] - Changed phenological stage 'reproductive' to 'mature' on 1984-09-13
[2026-03-23 21:55:28,797][pcse.base.timer.Timer][INFO] - Reached end of simulation period as specified by END_DATE.
| train          | E: 52 | S: 12532 | R: -215.6761 | TR: 12.0835 | TF: 128 | LR: 128 | NR: 0 | D: 04.4 s | TD: 00.0 s | BR: -0.4752 | ALOSS: -6102.1080 | CLOSS: 1170847.9362 | TLOSS: -257.9191 | TVAL: 0.1985 | AENT: -1300.1310 | BCLOSS: 0.0000
[EPISODE DBG] episode=52 step=12532 pred_return=-211.608753 true_return=20.711114 total_feedback=128 labeled_feedback=128
[2026-03-23 21:55:28,802][pcse.agromanager.SoilCalendar][INFO] - Starting soil (oregon) with variation (oregon_1) on day 1984-02-01
[2026-03-23 21:55:28,804][pcse.agromanager.CropCalendar][INFO] - Starting crop (wheat) with variety (wheat_1) on day 1984-02-01
[2026-03-23 21:55:29,816][pcse.crop.phenology.Annual_Phenology][INFO] - Changed phenological stage 'emerging' to 'vegetative' on 1984-04-10
[2026-03-23 21:55:30,745][pcse.crop.phenology.Vernalisation][INFO] - Critical DVS for vernalization (VERNDVS) reached at day 1984-06-02, but vernalization requirements not yet fulfilled. Forcing vernalization now (VERN=47.688571).
[2026-03-23 21:55:30,759][pcse.crop.phenology.Vernalisation][INFO] - Critical DVS for vernalization (VERNDVS) reached at day 1984-06-03, but vernalization requirements not yet fulfilled. Forcing vernalization now (VERN=47.688571).
[2026-03-23 21:55:30,773][pcse.crop.phenology.Vernalisation][INFO] - Critical DVS for vernalization (VERNDVS) reached at day 1984-06-04, but vernalization requirements not yet fulfilled. Forcing vernalization now (VERN=47.688571).
[2026-03-23 21:55:30,787][pcse.crop.phenology.Vernalisation][INFO] - Critical DVS for vernalization (VERNDVS) reached at day 1984-06-05, but vernalization requirements not yet fulfilled. Forcing vernalization now (VERN=47.688571).
[2026-03-23 21:55:30,801][pcse.crop.phenology.Vernalisation][INFO] - Critical DVS for vernalization (VERNDVS) reached at day 1984-06-06, but vernalization requirements not yet fulfilled. Forcing vernalization now (VERN=47.688571).
[2026-03-23 21:55:30,816][pcse.crop.phenology.Vernalisation][INFO] - Critical DVS for vernalization (VERNDVS) reached at day 1984-06-07, but vernalization requirements not yet fulfilled. Forcing vernalization now (VERN=47.688571).
[2026-03-23 21:55:30,831][pcse.crop.phenology.Vernalisation][INFO] - Critical DVS for vernalization (VERNDVS) reached at day 1984-06-08, but vernalization requirements not yet fulfilled. Forcing vernalization now (VERN=47.688571).
[2026-03-23 21:55:30,845][pcse.crop.phenology.Vernalisation][INFO] - Critical DVS for vernalization (VERNDVS) reached at day 1984-06-09, but vernalization requirements not yet fulfilled. Forcing vernalization now (VERN=47.688571).
[2026-03-23 21:55:30,859][pcse.crop.phenology.Vernalisation][INFO] - Critical DVS for vernalization (VERNDVS) reached at day 1984-06-10, but vernalization requirements not yet fulfilled. Forcing vernalization now (VERN=47.688571).
[2026-03-23 21:55:30,873][pcse.crop.phenology.Vernalisation][INFO] - Critical DVS for vernalization (VERNDVS) reached at day 1984-06-11, but vernalization requirements not yet fulfilled. Forcing vernalization now (VERN=47.688571).
[2026-03-23 21:55:30,887][pcse.crop.phenology.Vernalisation][INFO] - Critical DVS for vernalization (VERNDVS) reached at day 1984-06-12, but vernalization requirements not yet fulfilled. Forcing vernalization now (VERN=47.688571).
[2026-03-23 21:55:30,901][pcse.crop.phenology.Vernalisation][INFO] - Critical DVS for vernalization (VERNDVS) reached at day 1984-06-13, but vernalization requirements not yet fulfilled. Forcing vernalization now (VERN=47.688571).
[2026-03-23 21:55:30,915][pcse.crop.phenology.Vernalisation][INFO] - Critical DVS for vernalization (VERNDVS) reached at day 1984-06-14, but vernalization requirements not yet fulfilled. Forcing vernalization now (VERN=47.688571).
[2026-03-23 21:55:30,929][pcse.crop.phenology.Vernalisation][INFO] - Critical DVS for vernalization (VERNDVS) reached at day 1984-06-15, but vernalization requirements not yet fulfilled. Forcing vernalization now (VERN=47.688571).
[2026-03-23 21:55:30,943][pcse.crop.phenology.Vernalisation][INFO] - Critical DVS for vernalization (VERNDVS) reached at day 1984-06-16, but vernalization requirements not yet fulfilled. Forcing vernalization now (VERN=47.688571).
[2026-03-23 21:55:30,956][pcse.crop.phenology.Vernalisation][INFO] - Critical DVS for vernalization (VERNDVS) reached at day 1984-06-17, but vernalization requirements not yet fulfilled. Forcing vernalization now (VERN=47.688571).
[2026-03-23 21:55:30,970][pcse.crop.phenology.Vernalisation][INFO] - Critical DVS for vernalization (VERNDVS) reached at day 1984-06-18, but vernalization requirements not yet fulfilled. Forcing vernalization now (VERN=47.688571).
[2026-03-23 21:55:30,984][pcse.crop.phenology.Vernalisation][INFO] - Critical DVS for vernalization (VERNDVS) reached at day 1984-06-19, but vernalization requirements not yet fulfilled. Forcing vernalization now (VERN=47.688571).
[2026-03-23 21:55:30,998][pcse.crop.phenology.Vernalisation][INFO] - Critical DVS for vernalization (VERNDVS) reached at day 1984-06-20, but vernalization requirements not yet fulfilled. Forcing vernalization now (VERN=47.688571).
[2026-03-23 21:55:31,012][pcse.crop.phenology.Vernalisation][INFO] - Critical DVS for vernalization (VERNDVS) reached at day 1984-06-21, but vernalization requirements not yet fulfilled. Forcing vernalization now (VERN=47.688571).
[2026-03-23 21:55:31,027][pcse.crop.phenology.Vernalisation][INFO] - Critical DVS for vernalization (VERNDVS) reached at day 1984-06-22, but vernalization requirements not yet fulfilled. Forcing vernalization now (VERN=47.688571).
[2026-03-23 21:55:31,041][pcse.crop.phenology.Vernalisation][INFO] - Critical DVS for vernalization (VERNDVS) reached at day 1984-06-23, but vernalization requirements not yet fulfilled. Forcing vernalization now (VERN=47.688571).
[2026-03-23 21:55:31,055][pcse.crop.phenology.Vernalisation][INFO] - Critical DVS for vernalization (VERNDVS) reached at day 1984-06-24, but vernalization requirements not yet fulfilled. Forcing vernalization now (VERN=47.688571).
[2026-03-23 21:55:31,068][pcse.crop.phenology.Vernalisation][INFO] - Critical DVS for vernalization (VERNDVS) reached at day 1984-06-25, but vernalization requirements not yet fulfilled. Forcing vernalization now (VERN=47.688571).
[2026-03-23 21:55:31,082][pcse.crop.phenology.Vernalisation][INFO] - Critical DVS for vernalization (VERNDVS) reached at day 1984-06-26, but vernalization requirements not yet fulfilled. Forcing vernalization now (VERN=47.688571).
[2026-03-23 21:55:31,095][pcse.crop.phenology.Vernalisation][INFO] - Critical DVS for vernalization (VERNDVS) reached at day 1984-06-27, but vernalization requirements not yet fulfilled. Forcing vernalization now (VERN=47.688571).
[2026-03-23 21:55:31,110][pcse.crop.phenology.Vernalisation][INFO] - Critical DVS for vernalization (VERNDVS) reached at day 1984-06-28, but vernalization requirements not yet fulfilled. Forcing vernalization now (VERN=47.688571).
[2026-03-23 21:55:31,124][pcse.crop.phenology.Vernalisation][INFO] - Critical DVS for vernalization (VERNDVS) reached at day 1984-06-29, but vernalization requirements not yet fulfilled. Forcing vernalization now (VERN=47.688571).
[2026-03-23 21:55:31,124][pcse.crop.phenology.Annual_Phenology][INFO] - Changed phenological stage 'vegetative' to 'reproductive' on 1984-06-29
[2026-03-23 21:55:32,461][pcse.crop.phenology.Annual_Phenology][INFO] - Changed phenological stage 'reproductive' to 'mature' on 1984-09-13
[2026-03-23 21:55:32,724][pcse.base.timer.Timer][INFO] - Reached end of simulation period as specified by END_DATE.
| train          | E: 53 | S: 12773 | R: -211.6088 | TR: 20.7111 | TF: 128 | LR: 128 | NR: 0 | D: 03.9 s | TD: 00.0 s | BR: -0.4835 | ALOSS: -5899.0448 | CLOSS: 933192.8244 | TLOSS: -263.2481 | TVAL: 0.2031 | AENT: -1297.3113 | BCLOSS: 0.0000
[EPISODE DBG] episode=53 step=12773 pred_return=-207.310507 true_return=19.897423 total_feedback=128 labeled_feedback=128
[2026-03-23 21:55:32,731][pcse.agromanager.SoilCalendar][INFO] - Starting soil (oregon) with variation (oregon_1) on day 1984-02-01
[2026-03-23 21:55:32,736][pcse.agromanager.CropCalendar][INFO] - Starting crop (wheat) with variety (wheat_1) on day 1984-02-01
[2026-03-23 21:55:34,212][pcse.crop.phenology.Annual_Phenology][INFO] - Changed phenological stage 'emerging' to 'vegetative' on 1984-04-10
[2026-03-23 21:55:35,039][pcse.crop.phenology.Vernalisation][INFO] - Critical DVS for vernalization (VERNDVS) reached at day 1984-06-02, but vernalization requirements not yet fulfilled. Forcing vernalization now (VERN=47.688571).
[2026-03-23 21:55:35,055][pcse.crop.phenology.Vernalisation][INFO] - Critical DVS for vernalization (VERNDVS) reached at day 1984-06-03, but vernalization requirements not yet fulfilled. Forcing vernalization now (VERN=47.688571).
[2026-03-23 21:55:35,071][pcse.crop.phenology.Vernalisation][INFO] - Critical DVS for vernalization (VERNDVS) reached at day 1984-06-04, but vernalization requirements not yet fulfilled. Forcing vernalization now (VERN=47.688571).
[2026-03-23 21:55:35,086][pcse.crop.phenology.Vernalisation][INFO] - Critical DVS for vernalization (VERNDVS) reached at day 1984-06-05, but vernalization requirements not yet fulfilled. Forcing vernalization now (VERN=47.688571).
[2026-03-23 21:55:35,102][pcse.crop.phenology.Vernalisation][INFO] - Critical DVS for vernalization (VERNDVS) reached at day 1984-06-06, but vernalization requirements not yet fulfilled. Forcing vernalization now (VERN=47.688571).
[2026-03-23 21:55:35,117][pcse.crop.phenology.Vernalisation][INFO] - Critical DVS for vernalization (VERNDVS) reached at day 1984-06-07, but vernalization requirements not yet fulfilled. Forcing vernalization now (VERN=47.688571).
[2026-03-23 21:55:35,133][pcse.crop.phenology.Vernalisation][INFO] - Critical DVS for vernalization (VERNDVS) reached at day 1984-06-08, but vernalization requirements not yet fulfilled. Forcing vernalization now (VERN=47.688571).
[2026-03-23 21:55:35,318][pcse.crop.phenology.Vernalisation][INFO] - Critical DVS for vernalization (VERNDVS) reached at day 1984-06-09, but vernalization requirements not yet fulfilled. Forcing vernalization now (VERN=47.688571).
[2026-03-23 21:55:35,350][pcse.crop.phenology.Vernalisation][INFO] - Critical DVS for vernalization (VERNDVS) reached at day 1984-06-10, but vernalization requirements not yet fulfilled. Forcing vernalization now (VERN=47.688571).
[2026-03-23 21:55:35,378][pcse.crop.phenology.Vernalisation][INFO] - Critical DVS for vernalization (VERNDVS) reached at day 1984-06-11, but vernalization requirements not yet fulfilled. Forcing vernalization now (VERN=47.688571).
[2026-03-23 21:55:35,396][pcse.crop.phenology.Vernalisation][INFO] - Critical DVS for vernalization (VERNDVS) reached at day 1984-06-12, but vernalization requirements not yet fulfilled. Forcing vernalization now (VERN=47.688571).
[2026-03-23 21:55:35,414][pcse.crop.phenology.Vernalisation][INFO] - Critical DVS for vernalization (VERNDVS) reached at day 1984-06-13, but vernalization requirements not yet fulfilled. Forcing vernalization now (VERN=47.688571).
[2026-03-23 21:55:35,429][pcse.crop.phenology.Vernalisation][INFO] - Critical DVS for vernalization (VERNDVS) reached at day 1984-06-14, but vernalization requirements not yet fulfilled. Forcing vernalization now (VERN=47.688571).
[2026-03-23 21:55:35,445][pcse.crop.phenology.Vernalisation][INFO] - Critical DVS for vernalization (VERNDVS) reached at day 1984-06-15, but vernalization requirements not yet fulfilled. Forcing vernalization now (VERN=47.688571).
[2026-03-23 21:55:35,461][pcse.crop.phenology.Vernalisation][INFO] - Critical DVS for vernalization (VERNDVS) reached at day 1984-06-16, but vernalization requirements not yet fulfilled. Forcing vernalization now (VERN=47.688571).
[2026-03-23 21:55:35,477][pcse.crop.phenology.Vernalisation][INFO] - Critical DVS for vernalization (VERNDVS) reached at day 1984-06-17, but vernalization requirements not yet fulfilled. Forcing vernalization now (VERN=47.688571).
[2026-03-23 21:55:35,493][pcse.crop.phenology.Vernalisation][INFO] - Critical DVS for vernalization (VERNDVS) reached at day 1984-06-18, but vernalization requirements not yet fulfilled. Forcing vernalization now (VERN=47.688571).
[2026-03-23 21:55:35,509][pcse.crop.phenology.Vernalisation][INFO] - Critical DVS for vernalization (VERNDVS) reached at day 1984-06-19, but vernalization requirements not yet fulfilled. Forcing vernalization now (VERN=47.688571).
[2026-03-23 21:55:35,524][pcse.crop.phenology.Vernalisation][INFO] - Critical DVS for vernalization (VERNDVS) reached at day 1984-06-20, but vernalization requirements not yet fulfilled. Forcing vernalization now (VERN=47.688571).
[2026-03-23 21:55:35,540][pcse.crop.phenology.Vernalisation][INFO] - Critical DVS for vernalization (VERNDVS) reached at day 1984-06-21, but vernalization requirements not yet fulfilled. Forcing vernalization now (VERN=47.688571).
[2026-03-23 21:55:35,556][pcse.crop.phenology.Vernalisation][INFO] - Critical DVS for vernalization (VERNDVS) reached at day 1984-06-22, but vernalization requirements not yet fulfilled. Forcing vernalization now (VERN=47.688571).
[2026-03-23 21:55:35,572][pcse.crop.phenology.Vernalisation][INFO] - Critical DVS for vernalization (VERNDVS) reached at day 1984-06-23, but vernalization requirements not yet fulfilled. Forcing vernalization now (VERN=47.688571).
[2026-03-23 21:55:35,588][pcse.crop.phenology.Vernalisation][INFO] - Critical DVS for vernalization (VERNDVS) reached at day 1984-06-24, but vernalization requirements not yet fulfilled. Forcing vernalization now (VERN=47.688571).
[2026-03-23 21:55:35,603][pcse.crop.phenology.Vernalisation][INFO] - Critical DVS for vernalization (VERNDVS) reached at day 1984-06-25, but vernalization requirements not yet fulfilled. Forcing vernalization now (VERN=47.688571).
[2026-03-23 21:55:35,619][pcse.crop.phenology.Vernalisation][INFO] - Critical DVS for vernalization (VERNDVS) reached at day 1984-06-26, but vernalization requirements not yet fulfilled. Forcing vernalization now (VERN=47.688571).
[2026-03-23 21:55:35,635][pcse.crop.phenology.Vernalisation][INFO] - Critical DVS for vernalization (VERNDVS) reached at day 1984-06-27, but vernalization requirements not yet fulfilled. Forcing vernalization now (VERN=47.688571).
[2026-03-23 21:55:35,651][pcse.crop.phenology.Vernalisation][INFO] - Critical DVS for vernalization (VERNDVS) reached at day 1984-06-28, but vernalization requirements not yet fulfilled. Forcing vernalization now (VERN=47.688571).
[2026-03-23 21:55:35,666][pcse.crop.phenology.Vernalisation][INFO] - Critical DVS for vernalization (VERNDVS) reached at day 1984-06-29, but vernalization requirements not yet fulfilled. Forcing vernalization now (VERN=47.688571).
[2026-03-23 21:55:35,667][pcse.crop.phenology.Annual_Phenology][INFO] - Changed phenological stage 'vegetative' to 'reproductive' on 1984-06-29
[2026-03-23 21:55:36,851][pcse.crop.phenology.Annual_Phenology][INFO] - Changed phenological stage 'reproductive' to 'mature' on 1984-09-13
[REPLAY DBG] post-agent-update step=13000 n=13000 mean=-0.494562 std=1.143037 min=-2.242645 max=2.729301
[STEP DBG] step=13000 env_reward=0.172544 r_hat=-1.498945 done=False
[NORM DBG] count=13000 mean_abs_mean=62571.777344 mean_std=163.483704 min_std=0.001000 max_std=2164.910156
[2026-03-23 21:55:37,291][pcse.base.timer.Timer][INFO] - Reached end of simulation period as specified by END_DATE.
| train          | E: 54 | S: 13014 | R: -207.3105 | TR: 19.8974 | TF: 128 | LR: 128 | NR: 0 | D: 04.6 s | TD: 00.0 s | BR: -0.4891 | ALOSS: -5565.9780 | CLOSS: 960805.6529 | TLOSS: -262.3402 | TVAL: 0.2076 | AENT: -1264.7069 | BCLOSS: 0.0000
[EPISODE DBG] episode=54 step=13014 pred_return=-206.327393 true_return=15.861067 total_feedback=128 labeled_feedback=128
[2026-03-23 21:55:37,298][pcse.agromanager.SoilCalendar][INFO] - Starting soil (oregon) with variation (oregon_1) on day 1984-02-01
[2026-03-23 21:55:37,301][pcse.agromanager.CropCalendar][INFO] - Starting crop (wheat) with variety (wheat_1) on day 1984-02-01
[2026-03-23 21:55:38,511][pcse.crop.phenology.Annual_Phenology][INFO] - Changed phenological stage 'emerging' to 'vegetative' on 1984-04-10
[2026-03-23 21:55:39,496][pcse.crop.phenology.Vernalisation][INFO] - Critical DVS for vernalization (VERNDVS) reached at day 1984-06-02, but vernalization requirements not yet fulfilled. Forcing vernalization now (VERN=47.688571).
[2026-03-23 21:55:39,510][pcse.crop.phenology.Vernalisation][INFO] - Critical DVS for vernalization (VERNDVS) reached at day 1984-06-03, but vernalization requirements not yet fulfilled. Forcing vernalization now (VERN=47.688571).
[2026-03-23 21:55:39,524][pcse.crop.phenology.Vernalisation][INFO] - Critical DVS for vernalization (VERNDVS) reached at day 1984-06-04, but vernalization requirements not yet fulfilled. Forcing vernalization now (VERN=47.688571).
[2026-03-23 21:55:39,538][pcse.crop.phenology.Vernalisation][INFO] - Critical DVS for vernalization (VERNDVS) reached at day 1984-06-05, but vernalization requirements not yet fulfilled. Forcing vernalization now (VERN=47.688571).
[2026-03-23 21:55:39,552][pcse.crop.phenology.Vernalisation][INFO] - Critical DVS for vernalization (VERNDVS) reached at day 1984-06-06, but vernalization requirements not yet fulfilled. Forcing vernalization now (VERN=47.688571).
[2026-03-23 21:55:39,566][pcse.crop.phenology.Vernalisation][INFO] - Critical DVS for vernalization (VERNDVS) reached at day 1984-06-07, but vernalization requirements not yet fulfilled. Forcing vernalization now (VERN=47.688571).
[2026-03-23 21:55:39,580][pcse.crop.phenology.Vernalisation][INFO] - Critical DVS for vernalization (VERNDVS) reached at day 1984-06-08, but vernalization requirements not yet fulfilled. Forcing vernalization now (VERN=47.688571).
[2026-03-23 21:55:39,594][pcse.crop.phenology.Vernalisation][INFO] - Critical DVS for vernalization (VERNDVS) reached at day 1984-06-09, but vernalization requirements not yet fulfilled. Forcing vernalization now (VERN=47.688571).
[2026-03-23 21:55:39,609][pcse.crop.phenology.Vernalisation][INFO] - Critical DVS for vernalization (VERNDVS) reached at day 1984-06-10, but vernalization requirements not yet fulfilled. Forcing vernalization now (VERN=47.688571).
[2026-03-23 21:55:39,623][pcse.crop.phenology.Vernalisation][INFO] - Critical DVS for vernalization (VERNDVS) reached at day 1984-06-11, but vernalization requirements not yet fulfilled. Forcing vernalization now (VERN=47.688571).
[2026-03-23 21:55:39,637][pcse.crop.phenology.Vernalisation][INFO] - Critical DVS for vernalization (VERNDVS) reached at day 1984-06-12, but vernalization requirements not yet fulfilled. Forcing vernalization now (VERN=47.688571).
[2026-03-23 21:55:39,651][pcse.crop.phenology.Vernalisation][INFO] - Critical DVS for vernalization (VERNDVS) reached at day 1984-06-13, but vernalization requirements not yet fulfilled. Forcing vernalization now (VERN=47.688571).
[2026-03-23 21:55:39,665][pcse.crop.phenology.Vernalisation][INFO] - Critical DVS for vernalization (VERNDVS) reached at day 1984-06-14, but vernalization requirements not yet fulfilled. Forcing vernalization now (VERN=47.688571).
[2026-03-23 21:55:39,679][pcse.crop.phenology.Vernalisation][INFO] - Critical DVS for vernalization (VERNDVS) reached at day 1984-06-15, but vernalization requirements not yet fulfilled. Forcing vernalization now (VERN=47.688571).
[2026-03-23 21:55:39,693][pcse.crop.phenology.Vernalisation][INFO] - Critical DVS for vernalization (VERNDVS) reached at day 1984-06-16, but vernalization requirements not yet fulfilled. Forcing vernalization now (VERN=47.688571).
[2026-03-23 21:55:39,707][pcse.crop.phenology.Vernalisation][INFO] - Critical DVS for vernalization (VERNDVS) reached at day 1984-06-17, but vernalization requirements not yet fulfilled. Forcing vernalization now (VERN=47.688571).
[2026-03-23 21:55:39,721][pcse.crop.phenology.Vernalisation][INFO] - Critical DVS for vernalization (VERNDVS) reached at day 1984-06-18, but vernalization requirements not yet fulfilled. Forcing vernalization now (VERN=47.688571).
[2026-03-23 21:55:39,735][pcse.crop.phenology.Vernalisation][INFO] - Critical DVS for vernalization (VERNDVS) reached at day 1984-06-19, but vernalization requirements not yet fulfilled. Forcing vernalization now (VERN=47.688571).
[2026-03-23 21:55:39,749][pcse.crop.phenology.Vernalisation][INFO] - Critical DVS for vernalization (VERNDVS) reached at day 1984-06-20, but vernalization requirements not yet fulfilled. Forcing vernalization now (VERN=47.688571).
[2026-03-23 21:55:39,763][pcse.crop.phenology.Vernalisation][INFO] - Critical DVS for vernalization (VERNDVS) reached at day 1984-06-21, but vernalization requirements not yet fulfilled. Forcing vernalization now (VERN=47.688571).
[2026-03-23 21:55:39,777][pcse.crop.phenology.Vernalisation][INFO] - Critical DVS for vernalization (VERNDVS) reached at day 1984-06-22, but vernalization requirements not yet fulfilled. Forcing vernalization now (VERN=47.688571).
[2026-03-23 21:55:39,791][pcse.crop.phenology.Vernalisation][INFO] - Critical DVS for vernalization (VERNDVS) reached at day 1984-06-23, but vernalization requirements not yet fulfilled. Forcing vernalization now (VERN=47.688571).
[2026-03-23 21:55:39,805][pcse.crop.phenology.Vernalisation][INFO] - Critical DVS for vernalization (VERNDVS) reached at day 1984-06-24, but vernalization requirements not yet fulfilled. Forcing vernalization now (VERN=47.688571).
[2026-03-23 21:55:39,819][pcse.crop.phenology.Vernalisation][INFO] - Critical DVS for vernalization (VERNDVS) reached at day 1984-06-25, but vernalization requirements not yet fulfilled. Forcing vernalization now (VERN=47.688571).
[2026-03-23 21:55:39,833][pcse.crop.phenology.Vernalisation][INFO] - Critical DVS for vernalization (VERNDVS) reached at day 1984-06-26, but vernalization requirements not yet fulfilled. Forcing vernalization now (VERN=47.688571).
[2026-03-23 21:55:39,847][pcse.crop.phenology.Vernalisation][INFO] - Critical DVS for vernalization (VERNDVS) reached at day 1984-06-27, but vernalization requirements not yet fulfilled. Forcing vernalization now (VERN=47.688571).
[2026-03-23 21:55:39,861][pcse.crop.phenology.Vernalisation][INFO] - Critical DVS for vernalization (VERNDVS) reached at day 1984-06-28, but vernalization requirements not yet fulfilled. Forcing vernalization now (VERN=47.688571).
[2026-03-23 21:55:39,874][pcse.crop.phenology.Vernalisation][INFO] - Critical DVS for vernalization (VERNDVS) reached at day 1984-06-29, but vernalization requirements not yet fulfilled. Forcing vernalization now (VERN=47.688571).
[2026-03-23 21:55:39,875][pcse.crop.phenology.Annual_Phenology][INFO] - Changed phenological stage 'vegetative' to 'reproductive' on 1984-06-29
[2026-03-23 21:55:41,167][pcse.crop.phenology.Annual_Phenology][INFO] - Changed phenological stage 'reproductive' to 'mature' on 1984-09-13
[2026-03-23 21:55:41,431][pcse.base.timer.Timer][INFO] - Reached end of simulation period as specified by END_DATE.
| train          | E: 55 | S: 13255 | R: -206.3274 | TR: 15.8611 | TF: 128 | LR: 128 | NR: 0 | D: 04.1 s | TD: 00.0 s | BR: -0.4966 | ALOSS: -5205.4321 | CLOSS: 1074157.0419 | TLOSS: -260.6257 | TVAL: 0.2121 | AENT: -1230.0476 | BCLOSS: 0.0000
[EPISODE DBG] episode=55 step=13255 pred_return=-205.682952 true_return=12.083472 total_feedback=128 labeled_feedback=128
[2026-03-23 21:55:41,438][pcse.agromanager.SoilCalendar][INFO] - Starting soil (oregon) with variation (oregon_1) on day 1984-02-01
[2026-03-23 21:55:41,441][pcse.agromanager.CropCalendar][INFO] - Starting crop (wheat) with variety (wheat_1) on day 1984-02-01
[2026-03-23 21:55:42,765][pcse.crop.phenology.Annual_Phenology][INFO] - Changed phenological stage 'emerging' to 'vegetative' on 1984-04-10
[2026-03-23 21:55:43,595][pcse.crop.phenology.Vernalisation][INFO] - Critical DVS for vernalization (VERNDVS) reached at day 1984-06-02, but vernalization requirements not yet fulfilled. Forcing vernalization now (VERN=47.688571).
[2026-03-23 21:55:43,611][pcse.crop.phenology.Vernalisation][INFO] - Critical DVS for vernalization (VERNDVS) reached at day 1984-06-03, but vernalization requirements not yet fulfilled. Forcing vernalization now (VERN=47.688571).
[2026-03-23 21:55:43,626][pcse.crop.phenology.Vernalisation][INFO] - Critical DVS for vernalization (VERNDVS) reached at day 1984-06-04, but vernalization requirements not yet fulfilled. Forcing vernalization now (VERN=47.688571).
[2026-03-23 21:55:43,642][pcse.crop.phenology.Vernalisation][INFO] - Critical DVS for vernalization (VERNDVS) reached at day 1984-06-05, but vernalization requirements not yet fulfilled. Forcing vernalization now (VERN=47.688571).
[2026-03-23 21:55:43,658][pcse.crop.phenology.Vernalisation][INFO] - Critical DVS for vernalization (VERNDVS) reached at day 1984-06-06, but vernalization requirements not yet fulfilled. Forcing vernalization now (VERN=47.688571).
[2026-03-23 21:55:43,674][pcse.crop.phenology.Vernalisation][INFO] - Critical DVS for vernalization (VERNDVS) reached at day 1984-06-07, but vernalization requirements not yet fulfilled. Forcing vernalization now (VERN=47.688571).
[2026-03-23 21:55:43,690][pcse.crop.phenology.Vernalisation][INFO] - Critical DVS for vernalization (VERNDVS) reached at day 1984-06-08, but vernalization requirements not yet fulfilled. Forcing vernalization now (VERN=47.688571).
[2026-03-23 21:55:43,706][pcse.crop.phenology.Vernalisation][INFO] - Critical DVS for vernalization (VERNDVS) reached at day 1984-06-09, but vernalization requirements not yet fulfilled. Forcing vernalization now (VERN=47.688571).
[2026-03-23 21:55:43,722][pcse.crop.phenology.Vernalisation][INFO] - Critical DVS for vernalization (VERNDVS) reached at day 1984-06-10, but vernalization requirements not yet fulfilled. Forcing vernalization now (VERN=47.688571).
[2026-03-23 21:55:43,738][pcse.crop.phenology.Vernalisation][INFO] - Critical DVS for vernalization (VERNDVS) reached at day 1984-06-11, but vernalization requirements not yet fulfilled. Forcing vernalization now (VERN=47.688571).
[2026-03-23 21:55:43,754][pcse.crop.phenology.Vernalisation][INFO] - Critical DVS for vernalization (VERNDVS) reached at day 1984-06-12, but vernalization requirements not yet fulfilled. Forcing vernalization now (VERN=47.688571).
[2026-03-23 21:55:43,770][pcse.crop.phenology.Vernalisation][INFO] - Critical DVS for vernalization (VERNDVS) reached at day 1984-06-13, but vernalization requirements not yet fulfilled. Forcing vernalization now (VERN=47.688571).
[2026-03-23 21:55:43,786][pcse.crop.phenology.Vernalisation][INFO] - Critical DVS for vernalization (VERNDVS) reached at day 1984-06-14, but vernalization requirements not yet fulfilled. Forcing vernalization now (VERN=47.688571).
[2026-03-23 21:55:43,802][pcse.crop.phenology.Vernalisation][INFO] - Critical DVS for vernalization (VERNDVS) reached at day 1984-06-15, but vernalization requirements not yet fulfilled. Forcing vernalization now (VERN=47.688571).
[2026-03-23 21:55:43,818][pcse.crop.phenology.Vernalisation][INFO] - Critical DVS for vernalization (VERNDVS) reached at day 1984-06-16, but vernalization requirements not yet fulfilled. Forcing vernalization now (VERN=47.688571).
[2026-03-23 21:55:43,835][pcse.crop.phenology.Vernalisation][INFO] - Critical DVS for vernalization (VERNDVS) reached at day 1984-06-17, but vernalization requirements not yet fulfilled. Forcing vernalization now (VERN=47.688571).
[2026-03-23 21:55:43,851][pcse.crop.phenology.Vernalisation][INFO] - Critical DVS for vernalization (VERNDVS) reached at day 1984-06-18, but vernalization requirements not yet fulfilled. Forcing vernalization now (VERN=47.688571).
[2026-03-23 21:55:43,867][pcse.crop.phenology.Vernalisation][INFO] - Critical DVS for vernalization (VERNDVS) reached at day 1984-06-19, but vernalization requirements not yet fulfilled. Forcing vernalization now (VERN=47.688571).
[2026-03-23 21:55:43,882][pcse.crop.phenology.Vernalisation][INFO] - Critical DVS for vernalization (VERNDVS) reached at day 1984-06-20, but vernalization requirements not yet fulfilled. Forcing vernalization now (VERN=47.688571).
[2026-03-23 21:55:43,898][pcse.crop.phenology.Vernalisation][INFO] - Critical DVS for vernalization (VERNDVS) reached at day 1984-06-21, but vernalization requirements not yet fulfilled. Forcing vernalization now (VERN=47.688571).
[2026-03-23 21:55:43,914][pcse.crop.phenology.Vernalisation][INFO] - Critical DVS for vernalization (VERNDVS) reached at day 1984-06-22, but vernalization requirements not yet fulfilled. Forcing vernalization now (VERN=47.688571).
[2026-03-23 21:55:43,930][pcse.crop.phenology.Vernalisation][INFO] - Critical DVS for vernalization (VERNDVS) reached at day 1984-06-23, but vernalization requirements not yet fulfilled. Forcing vernalization now (VERN=47.688571).
[2026-03-23 21:55:43,946][pcse.crop.phenology.Vernalisation][INFO] - Critical DVS for vernalization (VERNDVS) reached at day 1984-06-24, but vernalization requirements not yet fulfilled. Forcing vernalization now (VERN=47.688571).
[2026-03-23 21:55:43,962][pcse.crop.phenology.Vernalisation][INFO] - Critical DVS for vernalization (VERNDVS) reached at day 1984-06-25, but vernalization requirements not yet fulfilled. Forcing vernalization now (VERN=47.688571).
[2026-03-23 21:55:43,979][pcse.crop.phenology.Vernalisation][INFO] - Critical DVS for vernalization (VERNDVS) reached at day 1984-06-26, but vernalization requirements not yet fulfilled. Forcing vernalization now (VERN=47.688571).
[2026-03-23 21:55:44,174][pcse.crop.phenology.Vernalisation][INFO] - Critical DVS for vernalization (VERNDVS) reached at day 1984-06-27, but vernalization requirements not yet fulfilled. Forcing vernalization now (VERN=47.688571).
[2026-03-23 21:55:44,193][pcse.crop.phenology.Vernalisation][INFO] - Critical DVS for vernalization (VERNDVS) reached at day 1984-06-28, but vernalization requirements not yet fulfilled. Forcing vernalization now (VERN=47.688571).
[2026-03-23 21:55:44,212][pcse.crop.phenology.Vernalisation][INFO] - Critical DVS for vernalization (VERNDVS) reached at day 1984-06-29, but vernalization requirements not yet fulfilled. Forcing vernalization now (VERN=47.688571).
[2026-03-23 21:55:44,213][pcse.crop.phenology.Annual_Phenology][INFO] - Changed phenological stage 'vegetative' to 'reproductive' on 1984-06-29
[2026-03-23 21:55:45,409][pcse.crop.phenology.Annual_Phenology][INFO] - Changed phenological stage 'reproductive' to 'mature' on 1984-09-13
[2026-03-23 21:55:45,672][pcse.base.timer.Timer][INFO] - Reached end of simulation period as specified by END_DATE.
| train          | E: 56 | S: 13496 | R: -205.6830 | TR: 12.0835 | TF: 128 | LR: 128 | NR: 0 | D: 04.2 s | TD: 00.0 s | BR: -0.5019 | ALOSS: -4891.8382 | CLOSS: 1553319.9693 | TLOSS: -296.9016 | TVAL: 0.2169 | AENT: -1371.3779 | BCLOSS: 0.0000
[EPISODE DBG] episode=56 step=13496 pred_return=-197.830393 true_return=12.098324 total_feedback=128 labeled_feedback=128
[2026-03-23 21:55:45,679][pcse.agromanager.SoilCalendar][INFO] - Starting soil (oregon) with variation (oregon_1) on day 1984-02-01
[2026-03-23 21:55:45,681][pcse.agromanager.CropCalendar][INFO] - Starting crop (wheat) with variety (wheat_1) on day 1984-02-01
[REPLAY DBG] post-agent-update step=13500 n=13500 mean=-0.507675 std=1.127768 min=-2.242645 max=2.729301
[STEP DBG] step=13500 env_reward=0.000000 r_hat=-0.252477 done=False
[NORM DBG] count=13500 mean_abs_mean=62569.781250 mean_std=161.006119 min_std=0.001000 max_std=2128.910400
[2026-03-23 21:55:47,091][pcse.crop.phenology.Annual_Phenology][INFO] - Changed phenological stage 'emerging' to 'vegetative' on 1984-04-10
[2026-03-23 21:55:48,076][pcse.crop.phenology.Vernalisation][INFO] - Critical DVS for vernalization (VERNDVS) reached at day 1984-06-02, but vernalization requirements not yet fulfilled. Forcing vernalization now (VERN=47.688571).
[2026-03-23 21:55:48,091][pcse.crop.phenology.Vernalisation][INFO] - Critical DVS for vernalization (VERNDVS) reached at day 1984-06-03, but vernalization requirements not yet fulfilled. Forcing vernalization now (VERN=47.688571).
[2026-03-23 21:55:48,107][pcse.crop.phenology.Vernalisation][INFO] - Critical DVS for vernalization (VERNDVS) reached at day 1984-06-04, but vernalization requirements not yet fulfilled. Forcing vernalization now (VERN=47.688571).
[2026-03-23 21:55:48,122][pcse.crop.phenology.Vernalisation][INFO] - Critical DVS for vernalization (VERNDVS) reached at day 1984-06-05, but vernalization requirements not yet fulfilled. Forcing vernalization now (VERN=47.688571).
[2026-03-23 21:55:48,138][pcse.crop.phenology.Vernalisation][INFO] - Critical DVS for vernalization (VERNDVS) reached at day 1984-06-06, but vernalization requirements not yet fulfilled. Forcing vernalization now (VERN=47.688571).
[2026-03-23 21:55:48,154][pcse.crop.phenology.Vernalisation][INFO] - Critical DVS for vernalization (VERNDVS) reached at day 1984-06-07, but vernalization requirements not yet fulfilled. Forcing vernalization now (VERN=47.688571).
[2026-03-23 21:55:48,169][pcse.crop.phenology.Vernalisation][INFO] - Critical DVS for vernalization (VERNDVS) reached at day 1984-06-08, but vernalization requirements not yet fulfilled. Forcing vernalization now (VERN=47.688571).
[2026-03-23 21:55:48,185][pcse.crop.phenology.Vernalisation][INFO] - Critical DVS for vernalization (VERNDVS) reached at day 1984-06-09, but vernalization requirements not yet fulfilled. Forcing vernalization now (VERN=47.688571).
[2026-03-23 21:55:48,200][pcse.crop.phenology.Vernalisation][INFO] - Critical DVS for vernalization (VERNDVS) reached at day 1984-06-10, but vernalization requirements not yet fulfilled. Forcing vernalization now (VERN=47.688571).
[2026-03-23 21:55:48,216][pcse.crop.phenology.Vernalisation][INFO] - Critical DVS for vernalization (VERNDVS) reached at day 1984-06-11, but vernalization requirements not yet fulfilled. Forcing vernalization now (VERN=47.688571).
[2026-03-23 21:55:48,232][pcse.crop.phenology.Vernalisation][INFO] - Critical DVS for vernalization (VERNDVS) reached at day 1984-06-12, but vernalization requirements not yet fulfilled. Forcing vernalization now (VERN=47.688571).
[2026-03-23 21:55:48,248][pcse.crop.phenology.Vernalisation][INFO] - Critical DVS for vernalization (VERNDVS) reached at day 1984-06-13, but vernalization requirements not yet fulfilled. Forcing vernalization now (VERN=47.688571).
[2026-03-23 21:55:48,263][pcse.crop.phenology.Vernalisation][INFO] - Critical DVS for vernalization (VERNDVS) reached at day 1984-06-14, but vernalization requirements not yet fulfilled. Forcing vernalization now (VERN=47.688571).
[2026-03-23 21:55:48,280][pcse.crop.phenology.Vernalisation][INFO] - Critical DVS for vernalization (VERNDVS) reached at day 1984-06-15, but vernalization requirements not yet fulfilled. Forcing vernalization now (VERN=47.688571).
[2026-03-23 21:55:48,296][pcse.crop.phenology.Vernalisation][INFO] - Critical DVS for vernalization (VERNDVS) reached at day 1984-06-16, but vernalization requirements not yet fulfilled. Forcing vernalization now (VERN=47.688571).
[2026-03-23 21:55:48,311][pcse.crop.phenology.Vernalisation][INFO] - Critical DVS for vernalization (VERNDVS) reached at day 1984-06-17, but vernalization requirements not yet fulfilled. Forcing vernalization now (VERN=47.688571).
[2026-03-23 21:55:48,327][pcse.crop.phenology.Vernalisation][INFO] - Critical DVS for vernalization (VERNDVS) reached at day 1984-06-18, but vernalization requirements not yet fulfilled. Forcing vernalization now (VERN=47.688571).
[2026-03-23 21:55:48,342][pcse.crop.phenology.Vernalisation][INFO] - Critical DVS for vernalization (VERNDVS) reached at day 1984-06-19, but vernalization requirements not yet fulfilled. Forcing vernalization now (VERN=47.688571).
[2026-03-23 21:55:48,358][pcse.crop.phenology.Vernalisation][INFO] - Critical DVS for vernalization (VERNDVS) reached at day 1984-06-20, but vernalization requirements not yet fulfilled. Forcing vernalization now (VERN=47.688571).
[2026-03-23 21:55:48,374][pcse.crop.phenology.Vernalisation][INFO] - Critical DVS for vernalization (VERNDVS) reached at day 1984-06-21, but vernalization requirements not yet fulfilled. Forcing vernalization now (VERN=47.688571).
[2026-03-23 21:55:48,389][pcse.crop.phenology.Vernalisation][INFO] - Critical DVS for vernalization (VERNDVS) reached at day 1984-06-22, but vernalization requirements not yet fulfilled. Forcing vernalization now (VERN=47.688571).
[2026-03-23 21:55:48,405][pcse.crop.phenology.Vernalisation][INFO] - Critical DVS for vernalization (VERNDVS) reached at day 1984-06-23, but vernalization requirements not yet fulfilled. Forcing vernalization now (VERN=47.688571).
[2026-03-23 21:55:48,420][pcse.crop.phenology.Vernalisation][INFO] - Critical DVS for vernalization (VERNDVS) reached at day 1984-06-24, but vernalization requirements not yet fulfilled. Forcing vernalization now (VERN=47.688571).
[2026-03-23 21:55:48,436][pcse.crop.phenology.Vernalisation][INFO] - Critical DVS for vernalization (VERNDVS) reached at day 1984-06-25, but vernalization requirements not yet fulfilled. Forcing vernalization now (VERN=47.688571).
[2026-03-23 21:55:48,451][pcse.crop.phenology.Vernalisation][INFO] - Critical DVS for vernalization (VERNDVS) reached at day 1984-06-26, but vernalization requirements not yet fulfilled. Forcing vernalization now (VERN=47.688571).
[2026-03-23 21:55:48,466][pcse.crop.phenology.Vernalisation][INFO] - Critical DVS for vernalization (VERNDVS) reached at day 1984-06-27, but vernalization requirements not yet fulfilled. Forcing vernalization now (VERN=47.688571).
[2026-03-23 21:55:48,482][pcse.crop.phenology.Vernalisation][INFO] - Critical DVS for vernalization (VERNDVS) reached at day 1984-06-28, but vernalization requirements not yet fulfilled. Forcing vernalization now (VERN=47.688571).
[2026-03-23 21:55:48,498][pcse.crop.phenology.Vernalisation][INFO] - Critical DVS for vernalization (VERNDVS) reached at day 1984-06-29, but vernalization requirements not yet fulfilled. Forcing vernalization now (VERN=47.688571).
[2026-03-23 21:55:48,498][pcse.crop.phenology.Annual_Phenology][INFO] - Changed phenological stage 'vegetative' to 'reproductive' on 1984-06-29
[2026-03-23 21:55:49,866][pcse.crop.phenology.Annual_Phenology][INFO] - Changed phenological stage 'reproductive' to 'mature' on 1984-09-13
[2026-03-23 21:55:50,130][pcse.base.timer.Timer][INFO] - Reached end of simulation period as specified by END_DATE.
| train          | E: 57 | S: 13737 | R: -197.8304 | TR: 12.0983 | TF: 128 | LR: 128 | NR: 0 | D: 04.5 s | TD: 00.0 s | BR: -0.5068 | ALOSS: -4810.8256 | CLOSS: 759537.1936 | TLOSS: -261.4439 | TVAL: 0.2214 | AENT: -1182.2018 | BCLOSS: 0.0000
[EPISODE DBG] episode=57 step=13737 pred_return=-199.783128 true_return=20.711114 total_feedback=128 labeled_feedback=128
[2026-03-23 21:55:50,137][pcse.agromanager.SoilCalendar][INFO] - Starting soil (oregon) with variation (oregon_1) on day 1984-02-01
[2026-03-23 21:55:50,139][pcse.agromanager.CropCalendar][INFO] - Starting crop (wheat) with variety (wheat_1) on day 1984-02-01
[2026-03-23 21:55:51,527][pcse.crop.phenology.Annual_Phenology][INFO] - Changed phenological stage 'emerging' to 'vegetative' on 1984-04-10
[2026-03-23 21:55:52,365][pcse.crop.phenology.Vernalisation][INFO] - Critical DVS for vernalization (VERNDVS) reached at day 1984-06-02, but vernalization requirements not yet fulfilled. Forcing vernalization now (VERN=47.688571).
[2026-03-23 21:55:52,380][pcse.crop.phenology.Vernalisation][INFO] - Critical DVS for vernalization (VERNDVS) reached at day 1984-06-03, but vernalization requirements not yet fulfilled. Forcing vernalization now (VERN=47.688571).
[2026-03-23 21:55:52,397][pcse.crop.phenology.Vernalisation][INFO] - Critical DVS for vernalization (VERNDVS) reached at day 1984-06-04, but vernalization requirements not yet fulfilled. Forcing vernalization now (VERN=47.688571).
[2026-03-23 21:55:52,413][pcse.crop.phenology.Vernalisation][INFO] - Critical DVS for vernalization (VERNDVS) reached at day 1984-06-05, but vernalization requirements not yet fulfilled. Forcing vernalization now (VERN=47.688571).
[2026-03-23 21:55:52,429][pcse.crop.phenology.Vernalisation][INFO] - Critical DVS for vernalization (VERNDVS) reached at day 1984-06-06, but vernalization requirements not yet fulfilled. Forcing vernalization now (VERN=47.688571).
[2026-03-23 21:55:52,445][pcse.crop.phenology.Vernalisation][INFO] - Critical DVS for vernalization (VERNDVS) reached at day 1984-06-07, but vernalization requirements not yet fulfilled. Forcing vernalization now (VERN=47.688571).
[2026-03-23 21:55:52,461][pcse.crop.phenology.Vernalisation][INFO] - Critical DVS for vernalization (VERNDVS) reached at day 1984-06-08, but vernalization requirements not yet fulfilled. Forcing vernalization now (VERN=47.688571).
[2026-03-23 21:55:52,477][pcse.crop.phenology.Vernalisation][INFO] - Critical DVS for vernalization (VERNDVS) reached at day 1984-06-09, but vernalization requirements not yet fulfilled. Forcing vernalization now (VERN=47.688571).
[2026-03-23 21:55:52,493][pcse.crop.phenology.Vernalisation][INFO] - Critical DVS for vernalization (VERNDVS) reached at day 1984-06-10, but vernalization requirements not yet fulfilled. Forcing vernalization now (VERN=47.688571).
[2026-03-23 21:55:52,509][pcse.crop.phenology.Vernalisation][INFO] - Critical DVS for vernalization (VERNDVS) reached at day 1984-06-11, but vernalization requirements not yet fulfilled. Forcing vernalization now (VERN=47.688571).
[2026-03-23 21:55:52,525][pcse.crop.phenology.Vernalisation][INFO] - Critical DVS for vernalization (VERNDVS) reached at day 1984-06-12, but vernalization requirements not yet fulfilled. Forcing vernalization now (VERN=47.688571).
[2026-03-23 21:55:52,541][pcse.crop.phenology.Vernalisation][INFO] - Critical DVS for vernalization (VERNDVS) reached at day 1984-06-13, but vernalization requirements not yet fulfilled. Forcing vernalization now (VERN=47.688571).
[2026-03-23 21:55:52,557][pcse.crop.phenology.Vernalisation][INFO] - Critical DVS for vernalization (VERNDVS) reached at day 1984-06-14, but vernalization requirements not yet fulfilled. Forcing vernalization now (VERN=47.688571).
[2026-03-23 21:55:52,573][pcse.crop.phenology.Vernalisation][INFO] - Critical DVS for vernalization (VERNDVS) reached at day 1984-06-15, but vernalization requirements not yet fulfilled. Forcing vernalization now (VERN=47.688571).
[2026-03-23 21:55:52,589][pcse.crop.phenology.Vernalisation][INFO] - Critical DVS for vernalization (VERNDVS) reached at day 1984-06-16, but vernalization requirements not yet fulfilled. Forcing vernalization now (VERN=47.688571).
[2026-03-23 21:55:52,605][pcse.crop.phenology.Vernalisation][INFO] - Critical DVS for vernalization (VERNDVS) reached at day 1984-06-17, but vernalization requirements not yet fulfilled. Forcing vernalization now (VERN=47.688571).
[2026-03-23 21:55:52,621][pcse.crop.phenology.Vernalisation][INFO] - Critical DVS for vernalization (VERNDVS) reached at day 1984-06-18, but vernalization requirements not yet fulfilled. Forcing vernalization now (VERN=47.688571).
[2026-03-23 21:55:52,637][pcse.crop.phenology.Vernalisation][INFO] - Critical DVS for vernalization (VERNDVS) reached at day 1984-06-19, but vernalization requirements not yet fulfilled. Forcing vernalization now (VERN=47.688571).
[2026-03-23 21:55:52,653][pcse.crop.phenology.Vernalisation][INFO] - Critical DVS for vernalization (VERNDVS) reached at day 1984-06-20, but vernalization requirements not yet fulfilled. Forcing vernalization now (VERN=47.688571).
[2026-03-23 21:55:52,669][pcse.crop.phenology.Vernalisation][INFO] - Critical DVS for vernalization (VERNDVS) reached at day 1984-06-21, but vernalization requirements not yet fulfilled. Forcing vernalization now (VERN=47.688571).
[2026-03-23 21:55:52,685][pcse.crop.phenology.Vernalisation][INFO] - Critical DVS for vernalization (VERNDVS) reached at day 1984-06-22, but vernalization requirements not yet fulfilled. Forcing vernalization now (VERN=47.688571).
[2026-03-23 21:55:52,701][pcse.crop.phenology.Vernalisation][INFO] - Critical DVS for vernalization (VERNDVS) reached at day 1984-06-23, but vernalization requirements not yet fulfilled. Forcing vernalization now (VERN=47.688571).
[2026-03-23 21:55:52,717][pcse.crop.phenology.Vernalisation][INFO] - Critical DVS for vernalization (VERNDVS) reached at day 1984-06-24, but vernalization requirements not yet fulfilled. Forcing vernalization now (VERN=47.688571).
[2026-03-23 21:55:52,733][pcse.crop.phenology.Vernalisation][INFO] - Critical DVS for vernalization (VERNDVS) reached at day 1984-06-25, but vernalization requirements not yet fulfilled. Forcing vernalization now (VERN=47.688571).
[2026-03-23 21:55:52,749][pcse.crop.phenology.Vernalisation][INFO] - Critical DVS for vernalization (VERNDVS) reached at day 1984-06-26, but vernalization requirements not yet fulfilled. Forcing vernalization now (VERN=47.688571).
[2026-03-23 21:55:52,765][pcse.crop.phenology.Vernalisation][INFO] - Critical DVS for vernalization (VERNDVS) reached at day 1984-06-27, but vernalization requirements not yet fulfilled. Forcing vernalization now (VERN=47.688571).
[2026-03-23 21:55:52,781][pcse.crop.phenology.Vernalisation][INFO] - Critical DVS for vernalization (VERNDVS) reached at day 1984-06-28, but vernalization requirements not yet fulfilled. Forcing vernalization now (VERN=47.688571).
[2026-03-23 21:55:52,797][pcse.crop.phenology.Vernalisation][INFO] - Critical DVS for vernalization (VERNDVS) reached at day 1984-06-29, but vernalization requirements not yet fulfilled. Forcing vernalization now (VERN=47.688571).
[2026-03-23 21:55:52,797][pcse.crop.phenology.Annual_Phenology][INFO] - Changed phenological stage 'vegetative' to 'reproductive' on 1984-06-29
[2026-03-23 21:55:54,161][pcse.crop.phenology.Annual_Phenology][INFO] - Changed phenological stage 'reproductive' to 'mature' on 1984-09-13
[2026-03-23 21:55:54,426][pcse.base.timer.Timer][INFO] - Reached end of simulation period as specified by END_DATE.
| train          | E: 58 | S: 13978 | R: -199.7831 | TR: 20.7111 | TF: 128 | LR: 128 | NR: 0 | D: 04.3 s | TD: 00.0 s | BR: -0.5119 | ALOSS: -4386.1088 | CLOSS: 2314105.8593 | TLOSS: -262.4058 | TVAL: 0.2259 | AENT: -1162.8586 | BCLOSS: 0.0000
[EPISODE DBG] episode=58 step=13978 pred_return=-195.863355 true_return=19.897423 total_feedback=128 labeled_feedback=128
[2026-03-23 21:55:54,433][pcse.agromanager.SoilCalendar][INFO] - Starting soil (oregon) with variation (oregon_1) on day 1984-02-01
[2026-03-23 21:55:54,435][pcse.agromanager.CropCalendar][INFO] - Starting crop (wheat) with variety (wheat_1) on day 1984-02-01
[REPLAY DBG] post-agent-update step=14000 n=14000 mean=-0.518264 std=1.112657 min=-2.242645 max=2.729301
[STEP DBG] step=14000 env_reward=0.000000 r_hat=0.097094 done=False
[NORM DBG] count=14000 mean_abs_mean=62567.890625 mean_std=158.637115 min_std=0.001000 max_std=2094.615723
[2026-03-23 21:55:55,868][pcse.crop.phenology.Annual_Phenology][INFO] - Changed phenological stage 'emerging' to 'vegetative' on 1984-04-10
[2026-03-23 21:55:56,686][pcse.crop.phenology.Vernalisation][INFO] - Critical DVS for vernalization (VERNDVS) reached at day 1984-06-02, but vernalization requirements not yet fulfilled. Forcing vernalization now (VERN=47.688571).
[2026-03-23 21:55:56,701][pcse.crop.phenology.Vernalisation][INFO] - Critical DVS for vernalization (VERNDVS) reached at day 1984-06-03, but vernalization requirements not yet fulfilled. Forcing vernalization now (VERN=47.688571).
[2026-03-23 21:55:56,887][pcse.crop.phenology.Vernalisation][INFO] - Critical DVS for vernalization (VERNDVS) reached at day 1984-06-04, but vernalization requirements not yet fulfilled. Forcing vernalization now (VERN=47.688571).
[2026-03-23 21:55:56,907][pcse.crop.phenology.Vernalisation][INFO] - Critical DVS for vernalization (VERNDVS) reached at day 1984-06-05, but vernalization requirements not yet fulfilled. Forcing vernalization now (VERN=47.688571).
[2026-03-23 21:55:56,928][pcse.crop.phenology.Vernalisation][INFO] - Critical DVS for vernalization (VERNDVS) reached at day 1984-06-06, but vernalization requirements not yet fulfilled. Forcing vernalization now (VERN=47.688571).
[2026-03-23 21:55:56,947][pcse.crop.phenology.Vernalisation][INFO] - Critical DVS for vernalization (VERNDVS) reached at day 1984-06-07, but vernalization requirements not yet fulfilled. Forcing vernalization now (VERN=47.688571).
[2026-03-23 21:55:56,966][pcse.crop.phenology.Vernalisation][INFO] - Critical DVS for vernalization (VERNDVS) reached at day 1984-06-08, but vernalization requirements not yet fulfilled. Forcing vernalization now (VERN=47.688571).
[2026-03-23 21:55:56,982][pcse.crop.phenology.Vernalisation][INFO] - Critical DVS for vernalization (VERNDVS) reached at day 1984-06-09, but vernalization requirements not yet fulfilled. Forcing vernalization now (VERN=47.688571).
[2026-03-23 21:55:56,999][pcse.crop.phenology.Vernalisation][INFO] - Critical DVS for vernalization (VERNDVS) reached at day 1984-06-10, but vernalization requirements not yet fulfilled. Forcing vernalization now (VERN=47.688571).
[2026-03-23 21:55:57,015][pcse.crop.phenology.Vernalisation][INFO] - Critical DVS for vernalization (VERNDVS) reached at day 1984-06-11, but vernalization requirements not yet fulfilled. Forcing vernalization now (VERN=47.688571).
[2026-03-23 21:55:57,030][pcse.crop.phenology.Vernalisation][INFO] - Critical DVS for vernalization (VERNDVS) reached at day 1984-06-12, but vernalization requirements not yet fulfilled. Forcing vernalization now (VERN=47.688571).
[2026-03-23 21:55:57,046][pcse.crop.phenology.Vernalisation][INFO] - Critical DVS for vernalization (VERNDVS) reached at day 1984-06-13, but vernalization requirements not yet fulfilled. Forcing vernalization now (VERN=47.688571).
[2026-03-23 21:55:57,062][pcse.crop.phenology.Vernalisation][INFO] - Critical DVS for vernalization (VERNDVS) reached at day 1984-06-14, but vernalization requirements not yet fulfilled. Forcing vernalization now (VERN=47.688571).
[2026-03-23 21:55:57,078][pcse.crop.phenology.Vernalisation][INFO] - Critical DVS for vernalization (VERNDVS) reached at day 1984-06-15, but vernalization requirements not yet fulfilled. Forcing vernalization now (VERN=47.688571).
[2026-03-23 21:55:57,094][pcse.crop.phenology.Vernalisation][INFO] - Critical DVS for vernalization (VERNDVS) reached at day 1984-06-16, but vernalization requirements not yet fulfilled. Forcing vernalization now (VERN=47.688571).
[2026-03-23 21:55:57,110][pcse.crop.phenology.Vernalisation][INFO] - Critical DVS for vernalization (VERNDVS) reached at day 1984-06-17, but vernalization requirements not yet fulfilled. Forcing vernalization now (VERN=47.688571).
[2026-03-23 21:55:57,126][pcse.crop.phenology.Vernalisation][INFO] - Critical DVS for vernalization (VERNDVS) reached at day 1984-06-18, but vernalization requirements not yet fulfilled. Forcing vernalization now (VERN=47.688571).
[2026-03-23 21:55:57,142][pcse.crop.phenology.Vernalisation][INFO] - Critical DVS for vernalization (VERNDVS) reached at day 1984-06-19, but vernalization requirements not yet fulfilled. Forcing vernalization now (VERN=47.688571).
[2026-03-23 21:55:57,157][pcse.crop.phenology.Vernalisation][INFO] - Critical DVS for vernalization (VERNDVS) reached at day 1984-06-20, but vernalization requirements not yet fulfilled. Forcing vernalization now (VERN=47.688571).
[2026-03-23 21:55:57,173][pcse.crop.phenology.Vernalisation][INFO] - Critical DVS for vernalization (VERNDVS) reached at day 1984-06-21, but vernalization requirements not yet fulfilled. Forcing vernalization now (VERN=47.688571).
[2026-03-23 21:55:57,189][pcse.crop.phenology.Vernalisation][INFO] - Critical DVS for vernalization (VERNDVS) reached at day 1984-06-22, but vernalization requirements not yet fulfilled. Forcing vernalization now (VERN=47.688571).
[2026-03-23 21:55:57,205][pcse.crop.phenology.Vernalisation][INFO] - Critical DVS for vernalization (VERNDVS) reached at day 1984-06-23, but vernalization requirements not yet fulfilled. Forcing vernalization now (VERN=47.688571).
[2026-03-23 21:55:57,221][pcse.crop.phenology.Vernalisation][INFO] - Critical DVS for vernalization (VERNDVS) reached at day 1984-06-24, but vernalization requirements not yet fulfilled. Forcing vernalization now (VERN=47.688571).
[2026-03-23 21:55:57,237][pcse.crop.phenology.Vernalisation][INFO] - Critical DVS for vernalization (VERNDVS) reached at day 1984-06-25, but vernalization requirements not yet fulfilled. Forcing vernalization now (VERN=47.688571).
[2026-03-23 21:55:57,254][pcse.crop.phenology.Vernalisation][INFO] - Critical DVS for vernalization (VERNDVS) reached at day 1984-06-26, but vernalization requirements not yet fulfilled. Forcing vernalization now (VERN=47.688571).
[2026-03-23 21:55:57,269][pcse.crop.phenology.Vernalisation][INFO] - Critical DVS for vernalization (VERNDVS) reached at day 1984-06-27, but vernalization requirements not yet fulfilled. Forcing vernalization now (VERN=47.688571).
[2026-03-23 21:55:57,285][pcse.crop.phenology.Vernalisation][INFO] - Critical DVS for vernalization (VERNDVS) reached at day 1984-06-28, but vernalization requirements not yet fulfilled. Forcing vernalization now (VERN=47.688571).
[2026-03-23 21:55:57,305][pcse.crop.phenology.Vernalisation][INFO] - Critical DVS for vernalization (VERNDVS) reached at day 1984-06-29, but vernalization requirements not yet fulfilled. Forcing vernalization now (VERN=47.688571).
[2026-03-23 21:55:57,305][pcse.crop.phenology.Annual_Phenology][INFO] - Changed phenological stage 'vegetative' to 'reproductive' on 1984-06-29
[2026-03-23 21:55:58,660][pcse.crop.phenology.Annual_Phenology][INFO] - Changed phenological stage 'reproductive' to 'mature' on 1984-09-13
[2026-03-23 21:55:58,928][pcse.base.timer.Timer][INFO] - Reached end of simulation period as specified by END_DATE.
| train          | E: 59 | S: 14219 | R: -195.8634 | TR: 19.8974 | TF: 128 | LR: 128 | NR: 0 | D: 04.5 s | TD: 00.0 s | BR: -0.5150 | ALOSS: -4837.1048 | CLOSS: 1556520.7033 | TLOSS: -262.5047 | TVAL: 0.2305 | AENT: -1140.0227 | BCLOSS: 0.0000
[EPISODE DBG] episode=59 step=14219 pred_return=-195.302519 true_return=15.861067 total_feedback=128 labeled_feedback=128
[2026-03-23 21:55:58,935][pcse.agromanager.SoilCalendar][INFO] - Starting soil (oregon) with variation (oregon_1) on day 1984-02-01
[2026-03-23 21:55:58,937][pcse.agromanager.CropCalendar][INFO] - Starting crop (wheat) with variety (wheat_1) on day 1984-02-01
[2026-03-23 21:56:00,165][pcse.crop.phenology.Annual_Phenology][INFO] - Changed phenological stage 'emerging' to 'vegetative' on 1984-04-10
[2026-03-23 21:56:01,162][pcse.crop.phenology.Vernalisation][INFO] - Critical DVS for vernalization (VERNDVS) reached at day 1984-06-02, but vernalization requirements not yet fulfilled. Forcing vernalization now (VERN=47.688571).
[2026-03-23 21:56:01,178][pcse.crop.phenology.Vernalisation][INFO] - Critical DVS for vernalization (VERNDVS) reached at day 1984-06-03, but vernalization requirements not yet fulfilled. Forcing vernalization now (VERN=47.688571).
[2026-03-23 21:56:01,193][pcse.crop.phenology.Vernalisation][INFO] - Critical DVS for vernalization (VERNDVS) reached at day 1984-06-04, but vernalization requirements not yet fulfilled. Forcing vernalization now (VERN=47.688571).
[2026-03-23 21:56:01,209][pcse.crop.phenology.Vernalisation][INFO] - Critical DVS for vernalization (VERNDVS) reached at day 1984-06-05, but vernalization requirements not yet fulfilled. Forcing vernalization now (VERN=47.688571).
[2026-03-23 21:56:01,224][pcse.crop.phenology.Vernalisation][INFO] - Critical DVS for vernalization (VERNDVS) reached at day 1984-06-06, but vernalization requirements not yet fulfilled. Forcing vernalization now (VERN=47.688571).
[2026-03-23 21:56:01,240][pcse.crop.phenology.Vernalisation][INFO] - Critical DVS for vernalization (VERNDVS) reached at day 1984-06-07, but vernalization requirements not yet fulfilled. Forcing vernalization now (VERN=47.688571).
[2026-03-23 21:56:01,256][pcse.crop.phenology.Vernalisation][INFO] - Critical DVS for vernalization (VERNDVS) reached at day 1984-06-08, but vernalization requirements not yet fulfilled. Forcing vernalization now (VERN=47.688571).
[2026-03-23 21:56:01,271][pcse.crop.phenology.Vernalisation][INFO] - Critical DVS for vernalization (VERNDVS) reached at day 1984-06-09, but vernalization requirements not yet fulfilled. Forcing vernalization now (VERN=47.688571).
[2026-03-23 21:56:01,287][pcse.crop.phenology.Vernalisation][INFO] - Critical DVS for vernalization (VERNDVS) reached at day 1984-06-10, but vernalization requirements not yet fulfilled. Forcing vernalization now (VERN=47.688571).
[2026-03-23 21:56:01,303][pcse.crop.phenology.Vernalisation][INFO] - Critical DVS for vernalization (VERNDVS) reached at day 1984-06-11, but vernalization requirements not yet fulfilled. Forcing vernalization now (VERN=47.688571).
[2026-03-23 21:56:01,319][pcse.crop.phenology.Vernalisation][INFO] - Critical DVS for vernalization (VERNDVS) reached at day 1984-06-12, but vernalization requirements not yet fulfilled. Forcing vernalization now (VERN=47.688571).
[2026-03-23 21:56:01,334][pcse.crop.phenology.Vernalisation][INFO] - Critical DVS for vernalization (VERNDVS) reached at day 1984-06-13, but vernalization requirements not yet fulfilled. Forcing vernalization now (VERN=47.688571).
[2026-03-23 21:56:01,350][pcse.crop.phenology.Vernalisation][INFO] - Critical DVS for vernalization (VERNDVS) reached at day 1984-06-14, but vernalization requirements not yet fulfilled. Forcing vernalization now (VERN=47.688571).
[2026-03-23 21:56:01,365][pcse.crop.phenology.Vernalisation][INFO] - Critical DVS for vernalization (VERNDVS) reached at day 1984-06-15, but vernalization requirements not yet fulfilled. Forcing vernalization now (VERN=47.688571).
[2026-03-23 21:56:01,381][pcse.crop.phenology.Vernalisation][INFO] - Critical DVS for vernalization (VERNDVS) reached at day 1984-06-16, but vernalization requirements not yet fulfilled. Forcing vernalization now (VERN=47.688571).
[2026-03-23 21:56:01,397][pcse.crop.phenology.Vernalisation][INFO] - Critical DVS for vernalization (VERNDVS) reached at day 1984-06-17, but vernalization requirements not yet fulfilled. Forcing vernalization now (VERN=47.688571).
[2026-03-23 21:56:01,412][pcse.crop.phenology.Vernalisation][INFO] - Critical DVS for vernalization (VERNDVS) reached at day 1984-06-18, but vernalization requirements not yet fulfilled. Forcing vernalization now (VERN=47.688571).
[2026-03-23 21:56:01,428][pcse.crop.phenology.Vernalisation][INFO] - Critical DVS for vernalization (VERNDVS) reached at day 1984-06-19, but vernalization requirements not yet fulfilled. Forcing vernalization now (VERN=47.688571).
[2026-03-23 21:56:01,443][pcse.crop.phenology.Vernalisation][INFO] - Critical DVS for vernalization (VERNDVS) reached at day 1984-06-20, but vernalization requirements not yet fulfilled. Forcing vernalization now (VERN=47.688571).
[2026-03-23 21:56:01,459][pcse.crop.phenology.Vernalisation][INFO] - Critical DVS for vernalization (VERNDVS) reached at day 1984-06-21, but vernalization requirements not yet fulfilled. Forcing vernalization now (VERN=47.688571).
[2026-03-23 21:56:01,474][pcse.crop.phenology.Vernalisation][INFO] - Critical DVS for vernalization (VERNDVS) reached at day 1984-06-22, but vernalization requirements not yet fulfilled. Forcing vernalization now (VERN=47.688571).
[2026-03-23 21:56:01,490][pcse.crop.phenology.Vernalisation][INFO] - Critical DVS for vernalization (VERNDVS) reached at day 1984-06-23, but vernalization requirements not yet fulfilled. Forcing vernalization now (VERN=47.688571).
[2026-03-23 21:56:01,506][pcse.crop.phenology.Vernalisation][INFO] - Critical DVS for vernalization (VERNDVS) reached at day 1984-06-24, but vernalization requirements not yet fulfilled. Forcing vernalization now (VERN=47.688571).
[2026-03-23 21:56:01,522][pcse.crop.phenology.Vernalisation][INFO] - Critical DVS for vernalization (VERNDVS) reached at day 1984-06-25, but vernalization requirements not yet fulfilled. Forcing vernalization now (VERN=47.688571).
[2026-03-23 21:56:01,538][pcse.crop.phenology.Vernalisation][INFO] - Critical DVS for vernalization (VERNDVS) reached at day 1984-06-26, but vernalization requirements not yet fulfilled. Forcing vernalization now (VERN=47.688571).
[2026-03-23 21:56:01,554][pcse.crop.phenology.Vernalisation][INFO] - Critical DVS for vernalization (VERNDVS) reached at day 1984-06-27, but vernalization requirements not yet fulfilled. Forcing vernalization now (VERN=47.688571).
[2026-03-23 21:56:01,569][pcse.crop.phenology.Vernalisation][INFO] - Critical DVS for vernalization (VERNDVS) reached at day 1984-06-28, but vernalization requirements not yet fulfilled. Forcing vernalization now (VERN=47.688571).
[2026-03-23 21:56:01,585][pcse.crop.phenology.Vernalisation][INFO] - Critical DVS for vernalization (VERNDVS) reached at day 1984-06-29, but vernalization requirements not yet fulfilled. Forcing vernalization now (VERN=47.688571).
[2026-03-23 21:56:01,585][pcse.crop.phenology.Annual_Phenology][INFO] - Changed phenological stage 'vegetative' to 'reproductive' on 1984-06-29
[2026-03-23 21:56:02,951][pcse.crop.phenology.Annual_Phenology][INFO] - Changed phenological stage 'reproductive' to 'mature' on 1984-09-13
[2026-03-23 21:56:03,217][pcse.base.timer.Timer][INFO] - Reached end of simulation period as specified by END_DATE.
| train          | E: 60 | S: 14460 | R: -195.3025 | TR: 15.8611 | TF: 128 | LR: 128 | NR: 0 | D: 04.3 s | TD: 00.0 s | BR: -0.5260 | ALOSS: -4653.3786 | CLOSS: 1556975.1976 | TLOSS: -261.9796 | TVAL: 0.2351 | AENT: -1115.2707 | BCLOSS: 0.0000
[EPISODE DBG] episode=60 step=14460 pred_return=-195.049907 true_return=12.083472 total_feedback=128 labeled_feedback=128
[2026-03-23 21:56:03,224][pcse.agromanager.SoilCalendar][INFO] - Starting soil (oregon) with variation (oregon_1) on day 1984-02-01
[2026-03-23 21:56:03,226][pcse.agromanager.CropCalendar][INFO] - Starting crop (wheat) with variety (wheat_1) on day 1984-02-01
[REPLAY DBG] post-agent-update step=14500 n=14500 mean=-0.527627 std=1.098279 min=-2.242645 max=2.729301
[STEP DBG] step=14500 env_reward=0.000000 r_hat=-0.494319 done=False
[NORM DBG] count=14500 mean_abs_mean=62566.132812 mean_std=156.368607 min_std=0.001000 max_std=2061.898926
[2026-03-23 21:56:04,635][pcse.crop.phenology.Annual_Phenology][INFO] - Changed phenological stage 'emerging' to 'vegetative' on 1984-04-10
[2026-03-23 21:56:05,459][pcse.crop.phenology.Vernalisation][INFO] - Critical DVS for vernalization (VERNDVS) reached at day 1984-06-02, but vernalization requirements not yet fulfilled. Forcing vernalization now (VERN=47.688571).
[2026-03-23 21:56:05,475][pcse.crop.phenology.Vernalisation][INFO] - Critical DVS for vernalization (VERNDVS) reached at day 1984-06-03, but vernalization requirements not yet fulfilled. Forcing vernalization now (VERN=47.688571).
[2026-03-23 21:56:05,490][pcse.crop.phenology.Vernalisation][INFO] - Critical DVS for vernalization (VERNDVS) reached at day 1984-06-04, but vernalization requirements not yet fulfilled. Forcing vernalization now (VERN=47.688571).
[2026-03-23 21:56:05,506][pcse.crop.phenology.Vernalisation][INFO] - Critical DVS for vernalization (VERNDVS) reached at day 1984-06-05, but vernalization requirements not yet fulfilled. Forcing vernalization now (VERN=47.688571).
[2026-03-23 21:56:05,521][pcse.crop.phenology.Vernalisation][INFO] - Critical DVS for vernalization (VERNDVS) reached at day 1984-06-06, but vernalization requirements not yet fulfilled. Forcing vernalization now (VERN=47.688571).
[2026-03-23 21:56:05,537][pcse.crop.phenology.Vernalisation][INFO] - Critical DVS for vernalization (VERNDVS) reached at day 1984-06-07, but vernalization requirements not yet fulfilled. Forcing vernalization now (VERN=47.688571).
[2026-03-23 21:56:05,552][pcse.crop.phenology.Vernalisation][INFO] - Critical DVS for vernalization (VERNDVS) reached at day 1984-06-08, but vernalization requirements not yet fulfilled. Forcing vernalization now (VERN=47.688571).
[2026-03-23 21:56:05,568][pcse.crop.phenology.Vernalisation][INFO] - Critical DVS for vernalization (VERNDVS) reached at day 1984-06-09, but vernalization requirements not yet fulfilled. Forcing vernalization now (VERN=47.688571).
[2026-03-23 21:56:05,584][pcse.crop.phenology.Vernalisation][INFO] - Critical DVS for vernalization (VERNDVS) reached at day 1984-06-10, but vernalization requirements not yet fulfilled. Forcing vernalization now (VERN=47.688571).
[2026-03-23 21:56:05,600][pcse.crop.phenology.Vernalisation][INFO] - Critical DVS for vernalization (VERNDVS) reached at day 1984-06-11, but vernalization requirements not yet fulfilled. Forcing vernalization now (VERN=47.688571).
[2026-03-23 21:56:05,617][pcse.crop.phenology.Vernalisation][INFO] - Critical DVS for vernalization (VERNDVS) reached at day 1984-06-12, but vernalization requirements not yet fulfilled. Forcing vernalization now (VERN=47.688571).
[2026-03-23 21:56:05,633][pcse.crop.phenology.Vernalisation][INFO] - Critical DVS for vernalization (VERNDVS) reached at day 1984-06-13, but vernalization requirements not yet fulfilled. Forcing vernalization now (VERN=47.688571).
[2026-03-23 21:56:05,649][pcse.crop.phenology.Vernalisation][INFO] - Critical DVS for vernalization (VERNDVS) reached at day 1984-06-14, but vernalization requirements not yet fulfilled. Forcing vernalization now (VERN=47.688571).
[2026-03-23 21:56:05,664][pcse.crop.phenology.Vernalisation][INFO] - Critical DVS for vernalization (VERNDVS) reached at day 1984-06-15, but vernalization requirements not yet fulfilled. Forcing vernalization now (VERN=47.688571).
[2026-03-23 21:56:05,680][pcse.crop.phenology.Vernalisation][INFO] - Critical DVS for vernalization (VERNDVS) reached at day 1984-06-16, but vernalization requirements not yet fulfilled. Forcing vernalization now (VERN=47.688571).
[2026-03-23 21:56:05,696][pcse.crop.phenology.Vernalisation][INFO] - Critical DVS for vernalization (VERNDVS) reached at day 1984-06-17, but vernalization requirements not yet fulfilled. Forcing vernalization now (VERN=47.688571).
[2026-03-23 21:56:05,713][pcse.crop.phenology.Vernalisation][INFO] - Critical DVS for vernalization (VERNDVS) reached at day 1984-06-18, but vernalization requirements not yet fulfilled. Forcing vernalization now (VERN=47.688571).
[2026-03-23 21:56:05,730][pcse.crop.phenology.Vernalisation][INFO] - Critical DVS for vernalization (VERNDVS) reached at day 1984-06-19, but vernalization requirements not yet fulfilled. Forcing vernalization now (VERN=47.688571).
[2026-03-23 21:56:05,749][pcse.crop.phenology.Vernalisation][INFO] - Critical DVS for vernalization (VERNDVS) reached at day 1984-06-20, but vernalization requirements not yet fulfilled. Forcing vernalization now (VERN=47.688571).
[2026-03-23 21:56:05,766][pcse.crop.phenology.Vernalisation][INFO] - Critical DVS for vernalization (VERNDVS) reached at day 1984-06-21, but vernalization requirements not yet fulfilled. Forcing vernalization now (VERN=47.688571).
[2026-03-23 21:56:05,955][pcse.crop.phenology.Vernalisation][INFO] - Critical DVS for vernalization (VERNDVS) reached at day 1984-06-22, but vernalization requirements not yet fulfilled. Forcing vernalization now (VERN=47.688571).
[2026-03-23 21:56:05,974][pcse.crop.phenology.Vernalisation][INFO] - Critical DVS for vernalization (VERNDVS) reached at day 1984-06-23, but vernalization requirements not yet fulfilled. Forcing vernalization now (VERN=47.688571).
[2026-03-23 21:56:05,994][pcse.crop.phenology.Vernalisation][INFO] - Critical DVS for vernalization (VERNDVS) reached at day 1984-06-24, but vernalization requirements not yet fulfilled. Forcing vernalization now (VERN=47.688571).
[2026-03-23 21:56:06,013][pcse.crop.phenology.Vernalisation][INFO] - Critical DVS for vernalization (VERNDVS) reached at day 1984-06-25, but vernalization requirements not yet fulfilled. Forcing vernalization now (VERN=47.688571).
[2026-03-23 21:56:06,033][pcse.crop.phenology.Vernalisation][INFO] - Critical DVS for vernalization (VERNDVS) reached at day 1984-06-26, but vernalization requirements not yet fulfilled. Forcing vernalization now (VERN=47.688571).
[2026-03-23 21:56:06,051][pcse.crop.phenology.Vernalisation][INFO] - Critical DVS for vernalization (VERNDVS) reached at day 1984-06-27, but vernalization requirements not yet fulfilled. Forcing vernalization now (VERN=47.688571).
[2026-03-23 21:56:06,068][pcse.crop.phenology.Vernalisation][INFO] - Critical DVS for vernalization (VERNDVS) reached at day 1984-06-28, but vernalization requirements not yet fulfilled. Forcing vernalization now (VERN=47.688571).
[2026-03-23 21:56:06,085][pcse.crop.phenology.Vernalisation][INFO] - Critical DVS for vernalization (VERNDVS) reached at day 1984-06-29, but vernalization requirements not yet fulfilled. Forcing vernalization now (VERN=47.688571).
[2026-03-23 21:56:06,086][pcse.crop.phenology.Annual_Phenology][INFO] - Changed phenological stage 'vegetative' to 'reproductive' on 1984-06-29
[2026-03-23 21:56:07,563][pcse.crop.phenology.Annual_Phenology][INFO] - Changed phenological stage 'reproductive' to 'mature' on 1984-09-13
[2026-03-23 21:56:08,090][pcse.base.timer.Timer][INFO] - Reached end of simulation period as specified by END_DATE.
| train          | E: 61 | S: 14701 | R: -195.0499 | TR: 12.0835 | TF: 128 | LR: 128 | NR: 0 | D: 04.9 s | TD: 00.0 s | BR: -0.5280 | ALOSS: -4043.6454 | CLOSS: 1025387.5775 | TLOSS: -439.7504 | TVAL: 0.2408 | AENT: -1825.1850 | BCLOSS: 0.0000
[EPISODE DBG] episode=61 step=14701 pred_return=-192.204208 true_return=38.222761 total_feedback=128 labeled_feedback=128
[2026-03-23 21:56:08,102][pcse.agromanager.SoilCalendar][INFO] - Starting soil (oregon) with variation (oregon_1) on day 1984-02-01
[2026-03-23 21:56:08,106][pcse.agromanager.CropCalendar][INFO] - Starting crop (wheat) with variety (wheat_1) on day 1984-02-01
[2026-03-23 21:56:09,578][pcse.crop.phenology.Annual_Phenology][INFO] - Changed phenological stage 'emerging' to 'vegetative' on 1984-04-10
[2026-03-23 21:56:10,818][pcse.crop.phenology.Vernalisation][INFO] - Critical DVS for vernalization (VERNDVS) reached at day 1984-06-02, but vernalization requirements not yet fulfilled. Forcing vernalization now (VERN=47.688571).
[2026-03-23 21:56:10,836][pcse.crop.phenology.Vernalisation][INFO] - Critical DVS for vernalization (VERNDVS) reached at day 1984-06-03, but vernalization requirements not yet fulfilled. Forcing vernalization now (VERN=47.688571).
[2026-03-23 21:56:10,855][pcse.crop.phenology.Vernalisation][INFO] - Critical DVS for vernalization (VERNDVS) reached at day 1984-06-04, but vernalization requirements not yet fulfilled. Forcing vernalization now (VERN=47.688571).
[2026-03-23 21:56:10,875][pcse.crop.phenology.Vernalisation][INFO] - Critical DVS for vernalization (VERNDVS) reached at day 1984-06-05, but vernalization requirements not yet fulfilled. Forcing vernalization now (VERN=47.688571).
[2026-03-23 21:56:10,896][pcse.crop.phenology.Vernalisation][INFO] - Critical DVS for vernalization (VERNDVS) reached at day 1984-06-06, but vernalization requirements not yet fulfilled. Forcing vernalization now (VERN=47.688571).
[2026-03-23 21:56:10,917][pcse.crop.phenology.Vernalisation][INFO] - Critical DVS for vernalization (VERNDVS) reached at day 1984-06-07, but vernalization requirements not yet fulfilled. Forcing vernalization now (VERN=47.688571).
[2026-03-23 21:56:10,937][pcse.crop.phenology.Vernalisation][INFO] - Critical DVS for vernalization (VERNDVS) reached at day 1984-06-08, but vernalization requirements not yet fulfilled. Forcing vernalization now (VERN=47.688571).
[2026-03-23 21:56:10,957][pcse.crop.phenology.Vernalisation][INFO] - Critical DVS for vernalization (VERNDVS) reached at day 1984-06-09, but vernalization requirements not yet fulfilled. Forcing vernalization now (VERN=47.688571).
[2026-03-23 21:56:10,979][pcse.crop.phenology.Vernalisation][INFO] - Critical DVS for vernalization (VERNDVS) reached at day 1984-06-10, but vernalization requirements not yet fulfilled. Forcing vernalization now (VERN=47.688571).
[2026-03-23 21:56:11,000][pcse.crop.phenology.Vernalisation][INFO] - Critical DVS for vernalization (VERNDVS) reached at day 1984-06-11, but vernalization requirements not yet fulfilled. Forcing vernalization now (VERN=47.688571).
[2026-03-23 21:56:11,021][pcse.crop.phenology.Vernalisation][INFO] - Critical DVS for vernalization (VERNDVS) reached at day 1984-06-12, but vernalization requirements not yet fulfilled. Forcing vernalization now (VERN=47.688571).
[2026-03-23 21:56:11,041][pcse.crop.phenology.Vernalisation][INFO] - Critical DVS for vernalization (VERNDVS) reached at day 1984-06-13, but vernalization requirements not yet fulfilled. Forcing vernalization now (VERN=47.688571).
[2026-03-23 21:56:11,062][pcse.crop.phenology.Vernalisation][INFO] - Critical DVS for vernalization (VERNDVS) reached at day 1984-06-14, but vernalization requirements not yet fulfilled. Forcing vernalization now (VERN=47.688571).
[2026-03-23 21:56:11,083][pcse.crop.phenology.Vernalisation][INFO] - Critical DVS for vernalization (VERNDVS) reached at day 1984-06-15, but vernalization requirements not yet fulfilled. Forcing vernalization now (VERN=47.688571).
[2026-03-23 21:56:11,103][pcse.crop.phenology.Vernalisation][INFO] - Critical DVS for vernalization (VERNDVS) reached at day 1984-06-16, but vernalization requirements not yet fulfilled. Forcing vernalization now (VERN=47.688571).
[2026-03-23 21:56:11,123][pcse.crop.phenology.Vernalisation][INFO] - Critical DVS for vernalization (VERNDVS) reached at day 1984-06-17, but vernalization requirements not yet fulfilled. Forcing vernalization now (VERN=47.688571).
[2026-03-23 21:56:11,143][pcse.crop.phenology.Vernalisation][INFO] - Critical DVS for vernalization (VERNDVS) reached at day 1984-06-18, but vernalization requirements not yet fulfilled. Forcing vernalization now (VERN=47.688571).
[2026-03-23 21:56:11,164][pcse.crop.phenology.Vernalisation][INFO] - Critical DVS for vernalization (VERNDVS) reached at day 1984-06-19, but vernalization requirements not yet fulfilled. Forcing vernalization now (VERN=47.688571).
[2026-03-23 21:56:11,185][pcse.crop.phenology.Vernalisation][INFO] - Critical DVS for vernalization (VERNDVS) reached at day 1984-06-20, but vernalization requirements not yet fulfilled. Forcing vernalization now (VERN=47.688571).
[2026-03-23 21:56:11,205][pcse.crop.phenology.Vernalisation][INFO] - Critical DVS for vernalization (VERNDVS) reached at day 1984-06-21, but vernalization requirements not yet fulfilled. Forcing vernalization now (VERN=47.688571).
[2026-03-23 21:56:11,225][pcse.crop.phenology.Vernalisation][INFO] - Critical DVS for vernalization (VERNDVS) reached at day 1984-06-22, but vernalization requirements not yet fulfilled. Forcing vernalization now (VERN=47.688571).
[2026-03-23 21:56:11,246][pcse.crop.phenology.Vernalisation][INFO] - Critical DVS for vernalization (VERNDVS) reached at day 1984-06-23, but vernalization requirements not yet fulfilled. Forcing vernalization now (VERN=47.688571).
[2026-03-23 21:56:11,266][pcse.crop.phenology.Vernalisation][INFO] - Critical DVS for vernalization (VERNDVS) reached at day 1984-06-24, but vernalization requirements not yet fulfilled. Forcing vernalization now (VERN=47.688571).
[2026-03-23 21:56:11,286][pcse.crop.phenology.Vernalisation][INFO] - Critical DVS for vernalization (VERNDVS) reached at day 1984-06-25, but vernalization requirements not yet fulfilled. Forcing vernalization now (VERN=47.688571).
[2026-03-23 21:56:11,306][pcse.crop.phenology.Vernalisation][INFO] - Critical DVS for vernalization (VERNDVS) reached at day 1984-06-26, but vernalization requirements not yet fulfilled. Forcing vernalization now (VERN=47.688571).
[2026-03-23 21:56:11,327][pcse.crop.phenology.Vernalisation][INFO] - Critical DVS for vernalization (VERNDVS) reached at day 1984-06-27, but vernalization requirements not yet fulfilled. Forcing vernalization now (VERN=47.688571).
[2026-03-23 21:56:11,348][pcse.crop.phenology.Vernalisation][INFO] - Critical DVS for vernalization (VERNDVS) reached at day 1984-06-28, but vernalization requirements not yet fulfilled. Forcing vernalization now (VERN=47.688571).
[2026-03-23 21:56:11,368][pcse.crop.phenology.Vernalisation][INFO] - Critical DVS for vernalization (VERNDVS) reached at day 1984-06-29, but vernalization requirements not yet fulfilled. Forcing vernalization now (VERN=47.688571).
[2026-03-23 21:56:11,368][pcse.crop.phenology.Annual_Phenology][INFO] - Changed phenological stage 'vegetative' to 'reproductive' on 1984-06-29
[2026-03-23 21:56:13,081][pcse.crop.phenology.Annual_Phenology][INFO] - Changed phenological stage 'reproductive' to 'mature' on 1984-09-13
[2026-03-23 21:56:13,434][pcse.base.timer.Timer][INFO] - Reached end of simulation period as specified by END_DATE.
| train          | E: 62 | S: 14942 | R: -192.2042 | TR: 38.2228 | TF: 128 | LR: 128 | NR: 0 | D: 05.3 s | TD: 00.0 s | BR: -0.5318 | ALOSS: -3658.7498 | CLOSS: 572638.0804 | TLOSS: -489.1429 | TVAL: 0.2484 | AENT: -1970.4693 | BCLOSS: 0.0000
[EPISODE DBG] episode=62 step=14942 pred_return=-188.224277 true_return=51.499815 total_feedback=128 labeled_feedback=128
[2026-03-23 21:56:13,442][pcse.agromanager.SoilCalendar][INFO] - Starting soil (oregon) with variation (oregon_1) on day 1984-02-01
[2026-03-23 21:56:13,445][pcse.agromanager.CropCalendar][INFO] - Starting crop (wheat) with variety (wheat_1) on day 1984-02-01
[REPLAY DBG] post-agent-update step=15000 n=15000 mean=-0.535458 std=1.084631 min=-2.242645 max=2.729301
[STEP DBG] step=15000 env_reward=0.000000 r_hat=-0.137436 done=False
[NORM DBG] count=15000 mean_abs_mean=62564.500000 mean_std=154.193756 min_std=0.001000 max_std=2030.642944
[2026-03-23 21:56:15,201][pcse.crop.phenology.Annual_Phenology][INFO] - Changed phenological stage 'emerging' to 'vegetative' on 1984-04-10
[2026-03-23 21:56:16,287][pcse.crop.phenology.Vernalisation][INFO] - Critical DVS for vernalization (VERNDVS) reached at day 1984-06-02, but vernalization requirements not yet fulfilled. Forcing vernalization now (VERN=47.688571).
[2026-03-23 21:56:16,307][pcse.crop.phenology.Vernalisation][INFO] - Critical DVS for vernalization (VERNDVS) reached at day 1984-06-03, but vernalization requirements not yet fulfilled. Forcing vernalization now (VERN=47.688571).
[2026-03-23 21:56:16,328][pcse.crop.phenology.Vernalisation][INFO] - Critical DVS for vernalization (VERNDVS) reached at day 1984-06-04, but vernalization requirements not yet fulfilled. Forcing vernalization now (VERN=47.688571).
[2026-03-23 21:56:16,348][pcse.crop.phenology.Vernalisation][INFO] - Critical DVS for vernalization (VERNDVS) reached at day 1984-06-05, but vernalization requirements not yet fulfilled. Forcing vernalization now (VERN=47.688571).
[2026-03-23 21:56:16,368][pcse.crop.phenology.Vernalisation][INFO] - Critical DVS for vernalization (VERNDVS) reached at day 1984-06-06, but vernalization requirements not yet fulfilled. Forcing vernalization now (VERN=47.688571).
[2026-03-23 21:56:16,390][pcse.crop.phenology.Vernalisation][INFO] - Critical DVS for vernalization (VERNDVS) reached at day 1984-06-07, but vernalization requirements not yet fulfilled. Forcing vernalization now (VERN=47.688571).
[2026-03-23 21:56:16,408][pcse.crop.phenology.Vernalisation][INFO] - Critical DVS for vernalization (VERNDVS) reached at day 1984-06-08, but vernalization requirements not yet fulfilled. Forcing vernalization now (VERN=47.688571).
[2026-03-23 21:56:16,428][pcse.crop.phenology.Vernalisation][INFO] - Critical DVS for vernalization (VERNDVS) reached at day 1984-06-09, but vernalization requirements not yet fulfilled. Forcing vernalization now (VERN=47.688571).
[2026-03-23 21:56:16,449][pcse.crop.phenology.Vernalisation][INFO] - Critical DVS for vernalization (VERNDVS) reached at day 1984-06-10, but vernalization requirements not yet fulfilled. Forcing vernalization now (VERN=47.688571).
[2026-03-23 21:56:16,469][pcse.crop.phenology.Vernalisation][INFO] - Critical DVS for vernalization (VERNDVS) reached at day 1984-06-11, but vernalization requirements not yet fulfilled. Forcing vernalization now (VERN=47.688571).
[2026-03-23 21:56:16,490][pcse.crop.phenology.Vernalisation][INFO] - Critical DVS for vernalization (VERNDVS) reached at day 1984-06-12, but vernalization requirements not yet fulfilled. Forcing vernalization now (VERN=47.688571).
[2026-03-23 21:56:16,510][pcse.crop.phenology.Vernalisation][INFO] - Critical DVS for vernalization (VERNDVS) reached at day 1984-06-13, but vernalization requirements not yet fulfilled. Forcing vernalization now (VERN=47.688571).
[2026-03-23 21:56:16,532][pcse.crop.phenology.Vernalisation][INFO] - Critical DVS for vernalization (VERNDVS) reached at day 1984-06-14, but vernalization requirements not yet fulfilled. Forcing vernalization now (VERN=47.688571).
[2026-03-23 21:56:16,552][pcse.crop.phenology.Vernalisation][INFO] - Critical DVS for vernalization (VERNDVS) reached at day 1984-06-15, but vernalization requirements not yet fulfilled. Forcing vernalization now (VERN=47.688571).
[2026-03-23 21:56:16,574][pcse.crop.phenology.Vernalisation][INFO] - Critical DVS for vernalization (VERNDVS) reached at day 1984-06-16, but vernalization requirements not yet fulfilled. Forcing vernalization now (VERN=47.688571).
[2026-03-23 21:56:16,595][pcse.crop.phenology.Vernalisation][INFO] - Critical DVS for vernalization (VERNDVS) reached at day 1984-06-17, but vernalization requirements not yet fulfilled. Forcing vernalization now (VERN=47.688571).
[2026-03-23 21:56:16,615][pcse.crop.phenology.Vernalisation][INFO] - Critical DVS for vernalization (VERNDVS) reached at day 1984-06-18, but vernalization requirements not yet fulfilled. Forcing vernalization now (VERN=47.688571).
[2026-03-23 21:56:16,636][pcse.crop.phenology.Vernalisation][INFO] - Critical DVS for vernalization (VERNDVS) reached at day 1984-06-19, but vernalization requirements not yet fulfilled. Forcing vernalization now (VERN=47.688571).
[2026-03-23 21:56:16,656][pcse.crop.phenology.Vernalisation][INFO] - Critical DVS for vernalization (VERNDVS) reached at day 1984-06-20, but vernalization requirements not yet fulfilled. Forcing vernalization now (VERN=47.688571).
[2026-03-23 21:56:16,677][pcse.crop.phenology.Vernalisation][INFO] - Critical DVS for vernalization (VERNDVS) reached at day 1984-06-21, but vernalization requirements not yet fulfilled. Forcing vernalization now (VERN=47.688571).
[2026-03-23 21:56:16,697][pcse.crop.phenology.Vernalisation][INFO] - Critical DVS for vernalization (VERNDVS) reached at day 1984-06-22, but vernalization requirements not yet fulfilled. Forcing vernalization now (VERN=47.688571).
[2026-03-23 21:56:16,718][pcse.crop.phenology.Vernalisation][INFO] - Critical DVS for vernalization (VERNDVS) reached at day 1984-06-23, but vernalization requirements not yet fulfilled. Forcing vernalization now (VERN=47.688571).
[2026-03-23 21:56:16,739][pcse.crop.phenology.Vernalisation][INFO] - Critical DVS for vernalization (VERNDVS) reached at day 1984-06-24, but vernalization requirements not yet fulfilled. Forcing vernalization now (VERN=47.688571).
[2026-03-23 21:56:16,759][pcse.crop.phenology.Vernalisation][INFO] - Critical DVS for vernalization (VERNDVS) reached at day 1984-06-25, but vernalization requirements not yet fulfilled. Forcing vernalization now (VERN=47.688571).
[2026-03-23 21:56:16,781][pcse.crop.phenology.Vernalisation][INFO] - Critical DVS for vernalization (VERNDVS) reached at day 1984-06-26, but vernalization requirements not yet fulfilled. Forcing vernalization now (VERN=47.688571).
[2026-03-23 21:56:16,800][pcse.crop.phenology.Vernalisation][INFO] - Critical DVS for vernalization (VERNDVS) reached at day 1984-06-27, but vernalization requirements not yet fulfilled. Forcing vernalization now (VERN=47.688571).
[2026-03-23 21:56:16,821][pcse.crop.phenology.Vernalisation][INFO] - Critical DVS for vernalization (VERNDVS) reached at day 1984-06-28, but vernalization requirements not yet fulfilled. Forcing vernalization now (VERN=47.688571).
[2026-03-23 21:56:16,843][pcse.crop.phenology.Vernalisation][INFO] - Critical DVS for vernalization (VERNDVS) reached at day 1984-06-29, but vernalization requirements not yet fulfilled. Forcing vernalization now (VERN=47.688571).
[2026-03-23 21:56:16,843][pcse.crop.phenology.Annual_Phenology][INFO] - Changed phenological stage 'vegetative' to 'reproductive' on 1984-06-29
[2026-03-23 21:56:18,696][pcse.crop.phenology.Annual_Phenology][INFO] - Changed phenological stage 'reproductive' to 'mature' on 1984-09-13
[2026-03-23 21:56:19,043][pcse.base.timer.Timer][INFO] - Reached end of simulation period as specified by END_DATE.
| train          | E: 63 | S: 15183 | R: -188.2243 | TR: 51.4998 | TF: 128 | LR: 128 | NR: 0 | D: 05.6 s | TD: 00.0 s | BR: -0.5371 | ALOSS: -3363.3934 | CLOSS: 475396.1204 | TLOSS: -486.0895 | TVAL: 0.2555 | AENT: -1903.7012 | BCLOSS: 0.0000
[EPISODE DBG] episode=63 step=15183 pred_return=-182.929555 true_return=57.718482 total_feedback=128 labeled_feedback=128
[2026-03-23 21:56:19,051][pcse.agromanager.SoilCalendar][INFO] - Starting soil (oregon) with variation (oregon_1) on day 1984-02-01
[2026-03-23 21:56:19,054][pcse.agromanager.CropCalendar][INFO] - Starting crop (wheat) with variety (wheat_1) on day 1984-02-01
[2026-03-23 21:56:20,780][pcse.crop.phenology.Annual_Phenology][INFO] - Changed phenological stage 'emerging' to 'vegetative' on 1984-04-10
[2026-03-23 21:56:22,082][pcse.crop.phenology.Vernalisation][INFO] - Critical DVS for vernalization (VERNDVS) reached at day 1984-06-02, but vernalization requirements not yet fulfilled. Forcing vernalization now (VERN=47.688571).
[2026-03-23 21:56:22,105][pcse.crop.phenology.Vernalisation][INFO] - Critical DVS for vernalization (VERNDVS) reached at day 1984-06-03, but vernalization requirements not yet fulfilled. Forcing vernalization now (VERN=47.688571).
[2026-03-23 21:56:22,125][pcse.crop.phenology.Vernalisation][INFO] - Critical DVS for vernalization (VERNDVS) reached at day 1984-06-04, but vernalization requirements not yet fulfilled. Forcing vernalization now (VERN=47.688571).
[2026-03-23 21:56:22,146][pcse.crop.phenology.Vernalisation][INFO] - Critical DVS for vernalization (VERNDVS) reached at day 1984-06-05, but vernalization requirements not yet fulfilled. Forcing vernalization now (VERN=47.688571).
[2026-03-23 21:56:22,167][pcse.crop.phenology.Vernalisation][INFO] - Critical DVS for vernalization (VERNDVS) reached at day 1984-06-06, but vernalization requirements not yet fulfilled. Forcing vernalization now (VERN=47.688571).
[2026-03-23 21:56:22,188][pcse.crop.phenology.Vernalisation][INFO] - Critical DVS for vernalization (VERNDVS) reached at day 1984-06-07, but vernalization requirements not yet fulfilled. Forcing vernalization now (VERN=47.688571).
[2026-03-23 21:56:22,209][pcse.crop.phenology.Vernalisation][INFO] - Critical DVS for vernalization (VERNDVS) reached at day 1984-06-08, but vernalization requirements not yet fulfilled. Forcing vernalization now (VERN=47.688571).
[2026-03-23 21:56:22,229][pcse.crop.phenology.Vernalisation][INFO] - Critical DVS for vernalization (VERNDVS) reached at day 1984-06-09, but vernalization requirements not yet fulfilled. Forcing vernalization now (VERN=47.688571).
[2026-03-23 21:56:22,250][pcse.crop.phenology.Vernalisation][INFO] - Critical DVS for vernalization (VERNDVS) reached at day 1984-06-10, but vernalization requirements not yet fulfilled. Forcing vernalization now (VERN=47.688571).
[2026-03-23 21:56:22,270][pcse.crop.phenology.Vernalisation][INFO] - Critical DVS for vernalization (VERNDVS) reached at day 1984-06-11, but vernalization requirements not yet fulfilled. Forcing vernalization now (VERN=47.688571).
[2026-03-23 21:56:22,291][pcse.crop.phenology.Vernalisation][INFO] - Critical DVS for vernalization (VERNDVS) reached at day 1984-06-12, but vernalization requirements not yet fulfilled. Forcing vernalization now (VERN=47.688571).
[2026-03-23 21:56:22,313][pcse.crop.phenology.Vernalisation][INFO] - Critical DVS for vernalization (VERNDVS) reached at day 1984-06-13, but vernalization requirements not yet fulfilled. Forcing vernalization now (VERN=47.688571).
[2026-03-23 21:56:22,334][pcse.crop.phenology.Vernalisation][INFO] - Critical DVS for vernalization (VERNDVS) reached at day 1984-06-14, but vernalization requirements not yet fulfilled. Forcing vernalization now (VERN=47.688571).
[2026-03-23 21:56:22,355][pcse.crop.phenology.Vernalisation][INFO] - Critical DVS for vernalization (VERNDVS) reached at day 1984-06-15, but vernalization requirements not yet fulfilled. Forcing vernalization now (VERN=47.688571).
[2026-03-23 21:56:22,376][pcse.crop.phenology.Vernalisation][INFO] - Critical DVS for vernalization (VERNDVS) reached at day 1984-06-16, but vernalization requirements not yet fulfilled. Forcing vernalization now (VERN=47.688571).
[2026-03-23 21:56:22,398][pcse.crop.phenology.Vernalisation][INFO] - Critical DVS for vernalization (VERNDVS) reached at day 1984-06-17, but vernalization requirements not yet fulfilled. Forcing vernalization now (VERN=47.688571).
[2026-03-23 21:56:22,416][pcse.crop.phenology.Vernalisation][INFO] - Critical DVS for vernalization (VERNDVS) reached at day 1984-06-18, but vernalization requirements not yet fulfilled. Forcing vernalization now (VERN=47.688571).
[2026-03-23 21:56:22,435][pcse.crop.phenology.Vernalisation][INFO] - Critical DVS for vernalization (VERNDVS) reached at day 1984-06-19, but vernalization requirements not yet fulfilled. Forcing vernalization now (VERN=47.688571).
[2026-03-23 21:56:22,454][pcse.crop.phenology.Vernalisation][INFO] - Critical DVS for vernalization (VERNDVS) reached at day 1984-06-20, but vernalization requirements not yet fulfilled. Forcing vernalization now (VERN=47.688571).
[2026-03-23 21:56:22,474][pcse.crop.phenology.Vernalisation][INFO] - Critical DVS for vernalization (VERNDVS) reached at day 1984-06-21, but vernalization requirements not yet fulfilled. Forcing vernalization now (VERN=47.688571).
[2026-03-23 21:56:22,493][pcse.crop.phenology.Vernalisation][INFO] - Critical DVS for vernalization (VERNDVS) reached at day 1984-06-22, but vernalization requirements not yet fulfilled. Forcing vernalization now (VERN=47.688571).
[2026-03-23 21:56:22,514][pcse.crop.phenology.Vernalisation][INFO] - Critical DVS for vernalization (VERNDVS) reached at day 1984-06-23, but vernalization requirements not yet fulfilled. Forcing vernalization now (VERN=47.688571).
[2026-03-23 21:56:22,535][pcse.crop.phenology.Vernalisation][INFO] - Critical DVS for vernalization (VERNDVS) reached at day 1984-06-24, but vernalization requirements not yet fulfilled. Forcing vernalization now (VERN=47.688571).
[2026-03-23 21:56:22,557][pcse.crop.phenology.Vernalisation][INFO] - Critical DVS for vernalization (VERNDVS) reached at day 1984-06-25, but vernalization requirements not yet fulfilled. Forcing vernalization now (VERN=47.688571).
[2026-03-23 21:56:22,578][pcse.crop.phenology.Vernalisation][INFO] - Critical DVS for vernalization (VERNDVS) reached at day 1984-06-26, but vernalization requirements not yet fulfilled. Forcing vernalization now (VERN=47.688571).
[2026-03-23 21:56:22,600][pcse.crop.phenology.Vernalisation][INFO] - Critical DVS for vernalization (VERNDVS) reached at day 1984-06-27, but vernalization requirements not yet fulfilled. Forcing vernalization now (VERN=47.688571).
[2026-03-23 21:56:22,621][pcse.crop.phenology.Vernalisation][INFO] - Critical DVS for vernalization (VERNDVS) reached at day 1984-06-28, but vernalization requirements not yet fulfilled. Forcing vernalization now (VERN=47.688571).
[2026-03-23 21:56:22,641][pcse.crop.phenology.Vernalisation][INFO] - Critical DVS for vernalization (VERNDVS) reached at day 1984-06-29, but vernalization requirements not yet fulfilled. Forcing vernalization now (VERN=47.688571).
[2026-03-23 21:56:22,641][pcse.crop.phenology.Annual_Phenology][INFO] - Changed phenological stage 'vegetative' to 'reproductive' on 1984-06-29
[2026-03-23 21:56:24,402][pcse.crop.phenology.Annual_Phenology][INFO] - Changed phenological stage 'reproductive' to 'mature' on 1984-09-13
[2026-03-23 21:56:24,746][pcse.base.timer.Timer][INFO] - Reached end of simulation period as specified by END_DATE.
| train          | E: 64 | S: 15424 | R: -182.9296 | TR: 57.7185 | TF: 128 | LR: 128 | NR: 0 | D: 05.7 s | TD: 00.0 s | BR: -0.5373 | ALOSS: -3039.1016 | CLOSS: 389733.0199 | TLOSS: -495.3009 | TVAL: 0.2624 | AENT: -1889.0061 | BCLOSS: 0.0000
[EPISODE DBG] episode=64 step=15424 pred_return=-181.372883 true_return=42.954051 total_feedback=128 labeled_feedback=128
[2026-03-23 21:56:24,754][pcse.agromanager.SoilCalendar][INFO] - Starting soil (oregon) with variation (oregon_1) on day 1984-02-01
[2026-03-23 21:56:24,757][pcse.agromanager.CropCalendar][INFO] - Starting crop (wheat) with variety (wheat_1) on day 1984-02-01
[2026-03-23 21:56:26,168][pcse.crop.phenology.Annual_Phenology][INFO] - Changed phenological stage 'emerging' to 'vegetative' on 1984-04-10
[REPLAY DBG] post-agent-update step=15500 n=15500 mean=-0.542074 std=1.071564 min=-2.242645 max=2.729301
[STEP DBG] step=15500 env_reward=0.000000 r_hat=-0.377472 done=False
[NORM DBG] count=15500 mean_abs_mean=62562.964844 mean_std=152.107727 min_std=0.001000 max_std=2000.745850
[2026-03-23 21:56:27,278][pcse.crop.phenology.Vernalisation][INFO] - Critical DVS for vernalization (VERNDVS) reached at day 1984-06-02, but vernalization requirements not yet fulfilled. Forcing vernalization now (VERN=47.688571).
[2026-03-23 21:56:27,295][pcse.crop.phenology.Vernalisation][INFO] - Critical DVS for vernalization (VERNDVS) reached at day 1984-06-03, but vernalization requirements not yet fulfilled. Forcing vernalization now (VERN=47.688571).
[2026-03-23 21:56:27,310][pcse.crop.phenology.Vernalisation][INFO] - Critical DVS for vernalization (VERNDVS) reached at day 1984-06-04, but vernalization requirements not yet fulfilled. Forcing vernalization now (VERN=47.688571).
[2026-03-23 21:56:27,326][pcse.crop.phenology.Vernalisation][INFO] - Critical DVS for vernalization (VERNDVS) reached at day 1984-06-05, but vernalization requirements not yet fulfilled. Forcing vernalization now (VERN=47.688571).
[2026-03-23 21:56:27,342][pcse.crop.phenology.Vernalisation][INFO] - Critical DVS for vernalization (VERNDVS) reached at day 1984-06-06, but vernalization requirements not yet fulfilled. Forcing vernalization now (VERN=47.688571).
[2026-03-23 21:56:27,358][pcse.crop.phenology.Vernalisation][INFO] - Critical DVS for vernalization (VERNDVS) reached at day 1984-06-07, but vernalization requirements not yet fulfilled. Forcing vernalization now (VERN=47.688571).
[2026-03-23 21:56:27,374][pcse.crop.phenology.Vernalisation][INFO] - Critical DVS for vernalization (VERNDVS) reached at day 1984-06-08, but vernalization requirements not yet fulfilled. Forcing vernalization now (VERN=47.688571).
[2026-03-23 21:56:27,389][pcse.crop.phenology.Vernalisation][INFO] - Critical DVS for vernalization (VERNDVS) reached at day 1984-06-09, but vernalization requirements not yet fulfilled. Forcing vernalization now (VERN=47.688571).
[2026-03-23 21:56:27,405][pcse.crop.phenology.Vernalisation][INFO] - Critical DVS for vernalization (VERNDVS) reached at day 1984-06-10, but vernalization requirements not yet fulfilled. Forcing vernalization now (VERN=47.688571).
[2026-03-23 21:56:27,420][pcse.crop.phenology.Vernalisation][INFO] - Critical DVS for vernalization (VERNDVS) reached at day 1984-06-11, but vernalization requirements not yet fulfilled. Forcing vernalization now (VERN=47.688571).
[2026-03-23 21:56:27,436][pcse.crop.phenology.Vernalisation][INFO] - Critical DVS for vernalization (VERNDVS) reached at day 1984-06-12, but vernalization requirements not yet fulfilled. Forcing vernalization now (VERN=47.688571).
[2026-03-23 21:56:27,451][pcse.crop.phenology.Vernalisation][INFO] - Critical DVS for vernalization (VERNDVS) reached at day 1984-06-13, but vernalization requirements not yet fulfilled. Forcing vernalization now (VERN=47.688571).
[2026-03-23 21:56:27,467][pcse.crop.phenology.Vernalisation][INFO] - Critical DVS for vernalization (VERNDVS) reached at day 1984-06-14, but vernalization requirements not yet fulfilled. Forcing vernalization now (VERN=47.688571).
[2026-03-23 21:56:27,483][pcse.crop.phenology.Vernalisation][INFO] - Critical DVS for vernalization (VERNDVS) reached at day 1984-06-15, but vernalization requirements not yet fulfilled. Forcing vernalization now (VERN=47.688571).
[2026-03-23 21:56:27,499][pcse.crop.phenology.Vernalisation][INFO] - Critical DVS for vernalization (VERNDVS) reached at day 1984-06-16, but vernalization requirements not yet fulfilled. Forcing vernalization now (VERN=47.688571).
[2026-03-23 21:56:27,514][pcse.crop.phenology.Vernalisation][INFO] - Critical DVS for vernalization (VERNDVS) reached at day 1984-06-17, but vernalization requirements not yet fulfilled. Forcing vernalization now (VERN=47.688571).
[2026-03-23 21:56:27,530][pcse.crop.phenology.Vernalisation][INFO] - Critical DVS for vernalization (VERNDVS) reached at day 1984-06-18, but vernalization requirements not yet fulfilled. Forcing vernalization now (VERN=47.688571).
[2026-03-23 21:56:27,545][pcse.crop.phenology.Vernalisation][INFO] - Critical DVS for vernalization (VERNDVS) reached at day 1984-06-19, but vernalization requirements not yet fulfilled. Forcing vernalization now (VERN=47.688571).
[2026-03-23 21:56:27,561][pcse.crop.phenology.Vernalisation][INFO] - Critical DVS for vernalization (VERNDVS) reached at day 1984-06-20, but vernalization requirements not yet fulfilled. Forcing vernalization now (VERN=47.688571).
[2026-03-23 21:56:27,577][pcse.crop.phenology.Vernalisation][INFO] - Critical DVS for vernalization (VERNDVS) reached at day 1984-06-21, but vernalization requirements not yet fulfilled. Forcing vernalization now (VERN=47.688571).
[2026-03-23 21:56:27,592][pcse.crop.phenology.Vernalisation][INFO] - Critical DVS for vernalization (VERNDVS) reached at day 1984-06-22, but vernalization requirements not yet fulfilled. Forcing vernalization now (VERN=47.688571).
[2026-03-23 21:56:27,608][pcse.crop.phenology.Vernalisation][INFO] - Critical DVS for vernalization (VERNDVS) reached at day 1984-06-23, but vernalization requirements not yet fulfilled. Forcing vernalization now (VERN=47.688571).
[2026-03-23 21:56:27,623][pcse.crop.phenology.Vernalisation][INFO] - Critical DVS for vernalization (VERNDVS) reached at day 1984-06-24, but vernalization requirements not yet fulfilled. Forcing vernalization now (VERN=47.688571).
[2026-03-23 21:56:27,639][pcse.crop.phenology.Vernalisation][INFO] - Critical DVS for vernalization (VERNDVS) reached at day 1984-06-25, but vernalization requirements not yet fulfilled. Forcing vernalization now (VERN=47.688571).
[2026-03-23 21:56:27,654][pcse.crop.phenology.Vernalisation][INFO] - Critical DVS for vernalization (VERNDVS) reached at day 1984-06-26, but vernalization requirements not yet fulfilled. Forcing vernalization now (VERN=47.688571).
[2026-03-23 21:56:27,670][pcse.crop.phenology.Vernalisation][INFO] - Critical DVS for vernalization (VERNDVS) reached at day 1984-06-27, but vernalization requirements not yet fulfilled. Forcing vernalization now (VERN=47.688571).
[2026-03-23 21:56:27,685][pcse.crop.phenology.Vernalisation][INFO] - Critical DVS for vernalization (VERNDVS) reached at day 1984-06-28, but vernalization requirements not yet fulfilled. Forcing vernalization now (VERN=47.688571).
[2026-03-23 21:56:27,701][pcse.crop.phenology.Vernalisation][INFO] - Critical DVS for vernalization (VERNDVS) reached at day 1984-06-29, but vernalization requirements not yet fulfilled. Forcing vernalization now (VERN=47.688571).
[2026-03-23 21:56:27,701][pcse.crop.phenology.Annual_Phenology][INFO] - Changed phenological stage 'vegetative' to 'reproductive' on 1984-06-29
[2026-03-23 21:56:29,077][pcse.crop.phenology.Annual_Phenology][INFO] - Changed phenological stage 'reproductive' to 'mature' on 1984-09-13
[2026-03-23 21:56:29,340][pcse.base.timer.Timer][INFO] - Reached end of simulation period as specified by END_DATE.
| train          | E: 65 | S: 15665 | R: -181.3729 | TR: 42.9541 | TF: 128 | LR: 128 | NR: 0 | D: 04.6 s | TD: 00.0 s | BR: -0.5431 | ALOSS: -2761.0565 | CLOSS: 356506.4311 | TLOSS: -489.2825 | TVAL: 0.2691 | AENT: -1819.0641 | BCLOSS: 0.0000
[EPISODE DBG] episode=65 step=15665 pred_return=-181.362988 true_return=22.107560 total_feedback=128 labeled_feedback=128
[2026-03-23 21:56:29,347][pcse.agromanager.SoilCalendar][INFO] - Starting soil (oregon) with variation (oregon_1) on day 1984-02-01
[2026-03-23 21:56:29,350][pcse.agromanager.CropCalendar][INFO] - Starting crop (wheat) with variety (wheat_1) on day 1984-02-01
[2026-03-23 21:56:30,764][pcse.crop.phenology.Annual_Phenology][INFO] - Changed phenological stage 'emerging' to 'vegetative' on 1984-04-10
[2026-03-23 21:56:31,589][pcse.crop.phenology.Vernalisation][INFO] - Critical DVS for vernalization (VERNDVS) reached at day 1984-06-02, but vernalization requirements not yet fulfilled. Forcing vernalization now (VERN=47.688571).
[2026-03-23 21:56:31,604][pcse.crop.phenology.Vernalisation][INFO] - Critical DVS for vernalization (VERNDVS) reached at day 1984-06-03, but vernalization requirements not yet fulfilled. Forcing vernalization now (VERN=47.688571).
[2026-03-23 21:56:31,620][pcse.crop.phenology.Vernalisation][INFO] - Critical DVS for vernalization (VERNDVS) reached at day 1984-06-04, but vernalization requirements not yet fulfilled. Forcing vernalization now (VERN=47.688571).
[2026-03-23 21:56:31,635][pcse.crop.phenology.Vernalisation][INFO] - Critical DVS for vernalization (VERNDVS) reached at day 1984-06-05, but vernalization requirements not yet fulfilled. Forcing vernalization now (VERN=47.688571).
[2026-03-23 21:56:31,651][pcse.crop.phenology.Vernalisation][INFO] - Critical DVS for vernalization (VERNDVS) reached at day 1984-06-06, but vernalization requirements not yet fulfilled. Forcing vernalization now (VERN=47.688571).
[2026-03-23 21:56:31,667][pcse.crop.phenology.Vernalisation][INFO] - Critical DVS for vernalization (VERNDVS) reached at day 1984-06-07, but vernalization requirements not yet fulfilled. Forcing vernalization now (VERN=47.688571).
[2026-03-23 21:56:31,682][pcse.crop.phenology.Vernalisation][INFO] - Critical DVS for vernalization (VERNDVS) reached at day 1984-06-08, but vernalization requirements not yet fulfilled. Forcing vernalization now (VERN=47.688571).
[2026-03-23 21:56:31,698][pcse.crop.phenology.Vernalisation][INFO] - Critical DVS for vernalization (VERNDVS) reached at day 1984-06-09, but vernalization requirements not yet fulfilled. Forcing vernalization now (VERN=47.688571).
[2026-03-23 21:56:31,713][pcse.crop.phenology.Vernalisation][INFO] - Critical DVS for vernalization (VERNDVS) reached at day 1984-06-10, but vernalization requirements not yet fulfilled. Forcing vernalization now (VERN=47.688571).
[2026-03-23 21:56:31,729][pcse.crop.phenology.Vernalisation][INFO] - Critical DVS for vernalization (VERNDVS) reached at day 1984-06-11, but vernalization requirements not yet fulfilled. Forcing vernalization now (VERN=47.688571).
[2026-03-23 21:56:31,745][pcse.crop.phenology.Vernalisation][INFO] - Critical DVS for vernalization (VERNDVS) reached at day 1984-06-12, but vernalization requirements not yet fulfilled. Forcing vernalization now (VERN=47.688571).
[2026-03-23 21:56:31,761][pcse.crop.phenology.Vernalisation][INFO] - Critical DVS for vernalization (VERNDVS) reached at day 1984-06-13, but vernalization requirements not yet fulfilled. Forcing vernalization now (VERN=47.688571).
[2026-03-23 21:56:31,777][pcse.crop.phenology.Vernalisation][INFO] - Critical DVS for vernalization (VERNDVS) reached at day 1984-06-14, but vernalization requirements not yet fulfilled. Forcing vernalization now (VERN=47.688571).
[2026-03-23 21:56:31,793][pcse.crop.phenology.Vernalisation][INFO] - Critical DVS for vernalization (VERNDVS) reached at day 1984-06-15, but vernalization requirements not yet fulfilled. Forcing vernalization now (VERN=47.688571).
[2026-03-23 21:56:31,808][pcse.crop.phenology.Vernalisation][INFO] - Critical DVS for vernalization (VERNDVS) reached at day 1984-06-16, but vernalization requirements not yet fulfilled. Forcing vernalization now (VERN=47.688571).
[2026-03-23 21:56:32,004][pcse.crop.phenology.Vernalisation][INFO] - Critical DVS for vernalization (VERNDVS) reached at day 1984-06-17, but vernalization requirements not yet fulfilled. Forcing vernalization now (VERN=47.688571).
[2026-03-23 21:56:32,023][pcse.crop.phenology.Vernalisation][INFO] - Critical DVS for vernalization (VERNDVS) reached at day 1984-06-18, but vernalization requirements not yet fulfilled. Forcing vernalization now (VERN=47.688571).
[2026-03-23 21:56:32,043][pcse.crop.phenology.Vernalisation][INFO] - Critical DVS for vernalization (VERNDVS) reached at day 1984-06-19, but vernalization requirements not yet fulfilled. Forcing vernalization now (VERN=47.688571).
[2026-03-23 21:56:32,062][pcse.crop.phenology.Vernalisation][INFO] - Critical DVS for vernalization (VERNDVS) reached at day 1984-06-20, but vernalization requirements not yet fulfilled. Forcing vernalization now (VERN=47.688571).
[2026-03-23 21:56:32,081][pcse.crop.phenology.Vernalisation][INFO] - Critical DVS for vernalization (VERNDVS) reached at day 1984-06-21, but vernalization requirements not yet fulfilled. Forcing vernalization now (VERN=47.688571).
[2026-03-23 21:56:32,100][pcse.crop.phenology.Vernalisation][INFO] - Critical DVS for vernalization (VERNDVS) reached at day 1984-06-22, but vernalization requirements not yet fulfilled. Forcing vernalization now (VERN=47.688571).
[2026-03-23 21:56:32,116][pcse.crop.phenology.Vernalisation][INFO] - Critical DVS for vernalization (VERNDVS) reached at day 1984-06-23, but vernalization requirements not yet fulfilled. Forcing vernalization now (VERN=47.688571).
[2026-03-23 21:56:32,131][pcse.crop.phenology.Vernalisation][INFO] - Critical DVS for vernalization (VERNDVS) reached at day 1984-06-24, but vernalization requirements not yet fulfilled. Forcing vernalization now (VERN=47.688571).
[2026-03-23 21:56:32,147][pcse.crop.phenology.Vernalisation][INFO] - Critical DVS for vernalization (VERNDVS) reached at day 1984-06-25, but vernalization requirements not yet fulfilled. Forcing vernalization now (VERN=47.688571).
[2026-03-23 21:56:32,163][pcse.crop.phenology.Vernalisation][INFO] - Critical DVS for vernalization (VERNDVS) reached at day 1984-06-26, but vernalization requirements not yet fulfilled. Forcing vernalization now (VERN=47.688571).
[2026-03-23 21:56:32,179][pcse.crop.phenology.Vernalisation][INFO] - Critical DVS for vernalization (VERNDVS) reached at day 1984-06-27, but vernalization requirements not yet fulfilled. Forcing vernalization now (VERN=47.688571).
[2026-03-23 21:56:32,195][pcse.crop.phenology.Vernalisation][INFO] - Critical DVS for vernalization (VERNDVS) reached at day 1984-06-28, but vernalization requirements not yet fulfilled. Forcing vernalization now (VERN=47.688571).
[2026-03-23 21:56:32,211][pcse.crop.phenology.Vernalisation][INFO] - Critical DVS for vernalization (VERNDVS) reached at day 1984-06-29, but vernalization requirements not yet fulfilled. Forcing vernalization now (VERN=47.688571).
[2026-03-23 21:56:32,211][pcse.crop.phenology.Annual_Phenology][INFO] - Changed phenological stage 'vegetative' to 'reproductive' on 1984-06-29
[2026-03-23 21:56:33,398][pcse.crop.phenology.Annual_Phenology][INFO] - Changed phenological stage 'reproductive' to 'mature' on 1984-09-13
[2026-03-23 21:56:33,832][pcse.base.timer.Timer][INFO] - Reached end of simulation period as specified by END_DATE.
| train          | E: 66 | S: 15906 | R: -181.3630 | TR: 22.1076 | TF: 128 | LR: 128 | NR: 0 | D: 04.5 s | TD: 00.0 s | BR: -0.5496 | ALOSS: -2468.6409 | CLOSS: 414715.4184 | TLOSS: -483.4335 | TVAL: 0.2758 | AENT: -1753.7876 | BCLOSS: 0.0000
[EPISODE DBG] episode=66 step=15906 pred_return=-183.448077 true_return=27.250778 total_feedback=128 labeled_feedback=128
[2026-03-23 21:56:33,839][pcse.agromanager.SoilCalendar][INFO] - Starting soil (oregon) with variation (oregon_1) on day 1984-02-01
[2026-03-23 21:56:33,841][pcse.agromanager.CropCalendar][INFO] - Starting crop (wheat) with variety (wheat_1) on day 1984-02-01
[2026-03-23 21:56:35,097][pcse.crop.phenology.Annual_Phenology][INFO] - Changed phenological stage 'emerging' to 'vegetative' on 1984-04-10
[REPLAY DBG] post-agent-update step=16000 n=16000 mean=-0.548326 std=1.059093 min=-2.242645 max=2.729301
[STEP DBG] step=16000 env_reward=0.000000 r_hat=-0.616440 done=False
[NORM DBG] count=16000 mean_abs_mean=62561.539062 mean_std=150.106812 min_std=0.001000 max_std=1972.115234
[2026-03-23 21:56:36,119][pcse.crop.phenology.Vernalisation][INFO] - Critical DVS for vernalization (VERNDVS) reached at day 1984-06-02, but vernalization requirements not yet fulfilled. Forcing vernalization now (VERN=47.688571).
[2026-03-23 21:56:36,135][pcse.crop.phenology.Vernalisation][INFO] - Critical DVS for vernalization (VERNDVS) reached at day 1984-06-03, but vernalization requirements not yet fulfilled. Forcing vernalization now (VERN=47.688571).
[2026-03-23 21:56:36,150][pcse.crop.phenology.Vernalisation][INFO] - Critical DVS for vernalization (VERNDVS) reached at day 1984-06-04, but vernalization requirements not yet fulfilled. Forcing vernalization now (VERN=47.688571).
[2026-03-23 21:56:36,166][pcse.crop.phenology.Vernalisation][INFO] - Critical DVS for vernalization (VERNDVS) reached at day 1984-06-05, but vernalization requirements not yet fulfilled. Forcing vernalization now (VERN=47.688571).
[2026-03-23 21:56:36,181][pcse.crop.phenology.Vernalisation][INFO] - Critical DVS for vernalization (VERNDVS) reached at day 1984-06-06, but vernalization requirements not yet fulfilled. Forcing vernalization now (VERN=47.688571).
[2026-03-23 21:56:36,197][pcse.crop.phenology.Vernalisation][INFO] - Critical DVS for vernalization (VERNDVS) reached at day 1984-06-07, but vernalization requirements not yet fulfilled. Forcing vernalization now (VERN=47.688571).
[2026-03-23 21:56:36,213][pcse.crop.phenology.Vernalisation][INFO] - Critical DVS for vernalization (VERNDVS) reached at day 1984-06-08, but vernalization requirements not yet fulfilled. Forcing vernalization now (VERN=47.688571).
[2026-03-23 21:56:36,229][pcse.crop.phenology.Vernalisation][INFO] - Critical DVS for vernalization (VERNDVS) reached at day 1984-06-09, but vernalization requirements not yet fulfilled. Forcing vernalization now (VERN=47.688571).
[2026-03-23 21:56:36,245][pcse.crop.phenology.Vernalisation][INFO] - Critical DVS for vernalization (VERNDVS) reached at day 1984-06-10, but vernalization requirements not yet fulfilled. Forcing vernalization now (VERN=47.688571).
[2026-03-23 21:56:36,260][pcse.crop.phenology.Vernalisation][INFO] - Critical DVS for vernalization (VERNDVS) reached at day 1984-06-11, but vernalization requirements not yet fulfilled. Forcing vernalization now (VERN=47.688571).
[2026-03-23 21:56:36,276][pcse.crop.phenology.Vernalisation][INFO] - Critical DVS for vernalization (VERNDVS) reached at day 1984-06-12, but vernalization requirements not yet fulfilled. Forcing vernalization now (VERN=47.688571).
[2026-03-23 21:56:36,291][pcse.crop.phenology.Vernalisation][INFO] - Critical DVS for vernalization (VERNDVS) reached at day 1984-06-13, but vernalization requirements not yet fulfilled. Forcing vernalization now (VERN=47.688571).
[2026-03-23 21:56:36,307][pcse.crop.phenology.Vernalisation][INFO] - Critical DVS for vernalization (VERNDVS) reached at day 1984-06-14, but vernalization requirements not yet fulfilled. Forcing vernalization now (VERN=47.688571).
[2026-03-23 21:56:36,324][pcse.crop.phenology.Vernalisation][INFO] - Critical DVS for vernalization (VERNDVS) reached at day 1984-06-15, but vernalization requirements not yet fulfilled. Forcing vernalization now (VERN=47.688571).
[2026-03-23 21:56:36,343][pcse.crop.phenology.Vernalisation][INFO] - Critical DVS for vernalization (VERNDVS) reached at day 1984-06-16, but vernalization requirements not yet fulfilled. Forcing vernalization now (VERN=47.688571).
[2026-03-23 21:56:36,360][pcse.crop.phenology.Vernalisation][INFO] - Critical DVS for vernalization (VERNDVS) reached at day 1984-06-17, but vernalization requirements not yet fulfilled. Forcing vernalization now (VERN=47.688571).
[2026-03-23 21:56:36,375][pcse.crop.phenology.Vernalisation][INFO] - Critical DVS for vernalization (VERNDVS) reached at day 1984-06-18, but vernalization requirements not yet fulfilled. Forcing vernalization now (VERN=47.688571).
[2026-03-23 21:56:36,391][pcse.crop.phenology.Vernalisation][INFO] - Critical DVS for vernalization (VERNDVS) reached at day 1984-06-19, but vernalization requirements not yet fulfilled. Forcing vernalization now (VERN=47.688571).
[2026-03-23 21:56:36,407][pcse.crop.phenology.Vernalisation][INFO] - Critical DVS for vernalization (VERNDVS) reached at day 1984-06-20, but vernalization requirements not yet fulfilled. Forcing vernalization now (VERN=47.688571).
[2026-03-23 21:56:36,422][pcse.crop.phenology.Vernalisation][INFO] - Critical DVS for vernalization (VERNDVS) reached at day 1984-06-21, but vernalization requirements not yet fulfilled. Forcing vernalization now (VERN=47.688571).
[2026-03-23 21:56:36,438][pcse.crop.phenology.Vernalisation][INFO] - Critical DVS for vernalization (VERNDVS) reached at day 1984-06-22, but vernalization requirements not yet fulfilled. Forcing vernalization now (VERN=47.688571).
[2026-03-23 21:56:36,453][pcse.crop.phenology.Vernalisation][INFO] - Critical DVS for vernalization (VERNDVS) reached at day 1984-06-23, but vernalization requirements not yet fulfilled. Forcing vernalization now (VERN=47.688571).
[2026-03-23 21:56:36,469][pcse.crop.phenology.Vernalisation][INFO] - Critical DVS for vernalization (VERNDVS) reached at day 1984-06-24, but vernalization requirements not yet fulfilled. Forcing vernalization now (VERN=47.688571).
[2026-03-23 21:56:36,484][pcse.crop.phenology.Vernalisation][INFO] - Critical DVS for vernalization (VERNDVS) reached at day 1984-06-25, but vernalization requirements not yet fulfilled. Forcing vernalization now (VERN=47.688571).
[2026-03-23 21:56:36,500][pcse.crop.phenology.Vernalisation][INFO] - Critical DVS for vernalization (VERNDVS) reached at day 1984-06-26, but vernalization requirements not yet fulfilled. Forcing vernalization now (VERN=47.688571).
[2026-03-23 21:56:36,515][pcse.crop.phenology.Vernalisation][INFO] - Critical DVS for vernalization (VERNDVS) reached at day 1984-06-27, but vernalization requirements not yet fulfilled. Forcing vernalization now (VERN=47.688571).
[2026-03-23 21:56:36,531][pcse.crop.phenology.Vernalisation][INFO] - Critical DVS for vernalization (VERNDVS) reached at day 1984-06-28, but vernalization requirements not yet fulfilled. Forcing vernalization now (VERN=47.688571).
[2026-03-23 21:56:36,546][pcse.crop.phenology.Vernalisation][INFO] - Critical DVS for vernalization (VERNDVS) reached at day 1984-06-29, but vernalization requirements not yet fulfilled. Forcing vernalization now (VERN=47.688571).
[2026-03-23 21:56:36,546][pcse.crop.phenology.Annual_Phenology][INFO] - Changed phenological stage 'vegetative' to 'reproductive' on 1984-06-29
[2026-03-23 21:56:37,925][pcse.crop.phenology.Annual_Phenology][INFO] - Changed phenological stage 'reproductive' to 'mature' on 1984-09-13
[2026-03-23 21:56:38,187][pcse.base.timer.Timer][INFO] - Reached end of simulation period as specified by END_DATE.
| train          | E: 67 | S: 16147 | R: -183.4481 | TR: 27.2508 | TF: 128 | LR: 128 | NR: 0 | D: 04.4 s | TD: 00.0 s | BR: -0.5508 | ALOSS: -2199.1826 | CLOSS: 514734.2202 | TLOSS: -476.3651 | TVAL: 0.2824 | AENT: -1687.7934 | BCLOSS: 0.0000
[EPISODE DBG] episode=67 step=16147 pred_return=-181.981000 true_return=44.905043 total_feedback=128 labeled_feedback=128
[2026-03-23 21:56:38,194][pcse.agromanager.SoilCalendar][INFO] - Starting soil (oregon) with variation (oregon_1) on day 1984-02-01
[2026-03-23 21:56:38,197][pcse.agromanager.CropCalendar][INFO] - Starting crop (wheat) with variety (wheat_1) on day 1984-02-01
[2026-03-23 21:56:39,618][pcse.crop.phenology.Annual_Phenology][INFO] - Changed phenological stage 'emerging' to 'vegetative' on 1984-04-10
[2026-03-23 21:56:40,437][pcse.crop.phenology.Vernalisation][INFO] - Critical DVS for vernalization (VERNDVS) reached at day 1984-06-02, but vernalization requirements not yet fulfilled. Forcing vernalization now (VERN=47.688571).
[2026-03-23 21:56:40,452][pcse.crop.phenology.Vernalisation][INFO] - Critical DVS for vernalization (VERNDVS) reached at day 1984-06-03, but vernalization requirements not yet fulfilled. Forcing vernalization now (VERN=47.688571).
[2026-03-23 21:56:40,468][pcse.crop.phenology.Vernalisation][INFO] - Critical DVS for vernalization (VERNDVS) reached at day 1984-06-04, but vernalization requirements not yet fulfilled. Forcing vernalization now (VERN=47.688571).
[2026-03-23 21:56:40,483][pcse.crop.phenology.Vernalisation][INFO] - Critical DVS for vernalization (VERNDVS) reached at day 1984-06-05, but vernalization requirements not yet fulfilled. Forcing vernalization now (VERN=47.688571).
[2026-03-23 21:56:40,499][pcse.crop.phenology.Vernalisation][INFO] - Critical DVS for vernalization (VERNDVS) reached at day 1984-06-06, but vernalization requirements not yet fulfilled. Forcing vernalization now (VERN=47.688571).
[2026-03-23 21:56:40,515][pcse.crop.phenology.Vernalisation][INFO] - Critical DVS for vernalization (VERNDVS) reached at day 1984-06-07, but vernalization requirements not yet fulfilled. Forcing vernalization now (VERN=47.688571).
[2026-03-23 21:56:40,530][pcse.crop.phenology.Vernalisation][INFO] - Critical DVS for vernalization (VERNDVS) reached at day 1984-06-08, but vernalization requirements not yet fulfilled. Forcing vernalization now (VERN=47.688571).
[2026-03-23 21:56:40,545][pcse.crop.phenology.Vernalisation][INFO] - Critical DVS for vernalization (VERNDVS) reached at day 1984-06-09, but vernalization requirements not yet fulfilled. Forcing vernalization now (VERN=47.688571).
[2026-03-23 21:56:40,561][pcse.crop.phenology.Vernalisation][INFO] - Critical DVS for vernalization (VERNDVS) reached at day 1984-06-10, but vernalization requirements not yet fulfilled. Forcing vernalization now (VERN=47.688571).
[2026-03-23 21:56:40,576][pcse.crop.phenology.Vernalisation][INFO] - Critical DVS for vernalization (VERNDVS) reached at day 1984-06-11, but vernalization requirements not yet fulfilled. Forcing vernalization now (VERN=47.688571).
[2026-03-23 21:56:40,592][pcse.crop.phenology.Vernalisation][INFO] - Critical DVS for vernalization (VERNDVS) reached at day 1984-06-12, but vernalization requirements not yet fulfilled. Forcing vernalization now (VERN=47.688571).
[2026-03-23 21:56:40,607][pcse.crop.phenology.Vernalisation][INFO] - Critical DVS for vernalization (VERNDVS) reached at day 1984-06-13, but vernalization requirements not yet fulfilled. Forcing vernalization now (VERN=47.688571).
[2026-03-23 21:56:40,622][pcse.crop.phenology.Vernalisation][INFO] - Critical DVS for vernalization (VERNDVS) reached at day 1984-06-14, but vernalization requirements not yet fulfilled. Forcing vernalization now (VERN=47.688571).
[2026-03-23 21:56:40,638][pcse.crop.phenology.Vernalisation][INFO] - Critical DVS for vernalization (VERNDVS) reached at day 1984-06-15, but vernalization requirements not yet fulfilled. Forcing vernalization now (VERN=47.688571).
[2026-03-23 21:56:40,653][pcse.crop.phenology.Vernalisation][INFO] - Critical DVS for vernalization (VERNDVS) reached at day 1984-06-16, but vernalization requirements not yet fulfilled. Forcing vernalization now (VERN=47.688571).
[2026-03-23 21:56:40,669][pcse.crop.phenology.Vernalisation][INFO] - Critical DVS for vernalization (VERNDVS) reached at day 1984-06-17, but vernalization requirements not yet fulfilled. Forcing vernalization now (VERN=47.688571).
[2026-03-23 21:56:40,684][pcse.crop.phenology.Vernalisation][INFO] - Critical DVS for vernalization (VERNDVS) reached at day 1984-06-18, but vernalization requirements not yet fulfilled. Forcing vernalization now (VERN=47.688571).
[2026-03-23 21:56:40,699][pcse.crop.phenology.Vernalisation][INFO] - Critical DVS for vernalization (VERNDVS) reached at day 1984-06-19, but vernalization requirements not yet fulfilled. Forcing vernalization now (VERN=47.688571).
[2026-03-23 21:56:40,715][pcse.crop.phenology.Vernalisation][INFO] - Critical DVS for vernalization (VERNDVS) reached at day 1984-06-20, but vernalization requirements not yet fulfilled. Forcing vernalization now (VERN=47.688571).
[2026-03-23 21:56:40,730][pcse.crop.phenology.Vernalisation][INFO] - Critical DVS for vernalization (VERNDVS) reached at day 1984-06-21, but vernalization requirements not yet fulfilled. Forcing vernalization now (VERN=47.688571).
[2026-03-23 21:56:40,745][pcse.crop.phenology.Vernalisation][INFO] - Critical DVS for vernalization (VERNDVS) reached at day 1984-06-22, but vernalization requirements not yet fulfilled. Forcing vernalization now (VERN=47.688571).
[2026-03-23 21:56:40,761][pcse.crop.phenology.Vernalisation][INFO] - Critical DVS for vernalization (VERNDVS) reached at day 1984-06-23, but vernalization requirements not yet fulfilled. Forcing vernalization now (VERN=47.688571).
[2026-03-23 21:56:40,776][pcse.crop.phenology.Vernalisation][INFO] - Critical DVS for vernalization (VERNDVS) reached at day 1984-06-24, but vernalization requirements not yet fulfilled. Forcing vernalization now (VERN=47.688571).
[2026-03-23 21:56:40,792][pcse.crop.phenology.Vernalisation][INFO] - Critical DVS for vernalization (VERNDVS) reached at day 1984-06-25, but vernalization requirements not yet fulfilled. Forcing vernalization now (VERN=47.688571).
[2026-03-23 21:56:40,807][pcse.crop.phenology.Vernalisation][INFO] - Critical DVS for vernalization (VERNDVS) reached at day 1984-06-26, but vernalization requirements not yet fulfilled. Forcing vernalization now (VERN=47.688571).
[2026-03-23 21:56:40,823][pcse.crop.phenology.Vernalisation][INFO] - Critical DVS for vernalization (VERNDVS) reached at day 1984-06-27, but vernalization requirements not yet fulfilled. Forcing vernalization now (VERN=47.688571).
[2026-03-23 21:56:40,838][pcse.crop.phenology.Vernalisation][INFO] - Critical DVS for vernalization (VERNDVS) reached at day 1984-06-28, but vernalization requirements not yet fulfilled. Forcing vernalization now (VERN=47.688571).
[2026-03-23 21:56:40,853][pcse.crop.phenology.Vernalisation][INFO] - Critical DVS for vernalization (VERNDVS) reached at day 1984-06-29, but vernalization requirements not yet fulfilled. Forcing vernalization now (VERN=47.688571).
[2026-03-23 21:56:40,854][pcse.crop.phenology.Annual_Phenology][INFO] - Changed phenological stage 'vegetative' to 'reproductive' on 1984-06-29
[2026-03-23 21:56:42,220][pcse.crop.phenology.Annual_Phenology][INFO] - Changed phenological stage 'reproductive' to 'mature' on 1984-09-13
[2026-03-23 21:56:42,485][pcse.base.timer.Timer][INFO] - Reached end of simulation period as specified by END_DATE.
| train          | E: 68 | S: 16388 | R: -181.9810 | TR: 44.9050 | TF: 128 | LR: 128 | NR: 0 | D: 04.3 s | TD: 00.0 s | BR: -0.5548 | ALOSS: -1863.4442 | CLOSS: 1085171.8214 | TLOSS: -441.7965 | TVAL: 0.2888 | AENT: -1531.3232 | BCLOSS: 0.0000
[EPISODE DBG] episode=68 step=16388 pred_return=-178.404683 true_return=52.098382 total_feedback=128 labeled_feedback=128
[2026-03-23 21:56:42,493][pcse.agromanager.SoilCalendar][INFO] - Starting soil (oregon) with variation (oregon_1) on day 1984-02-01
[2026-03-23 21:56:42,495][pcse.agromanager.CropCalendar][INFO] - Starting crop (wheat) with variety (wheat_1) on day 1984-02-01
[2026-03-23 21:56:43,757][pcse.crop.phenology.Annual_Phenology][INFO] - Changed phenological stage 'emerging' to 'vegetative' on 1984-04-10
[REPLAY DBG] post-agent-update step=16500 n=16500 mean=-0.554037 std=1.047156 min=-2.242645 max=2.729301
[STEP DBG] step=16500 env_reward=0.000000 r_hat=-0.851297 done=False
[NORM DBG] count=16500 mean_abs_mean=62560.199219 mean_std=148.186127 min_std=0.001000 max_std=1944.663818
[2026-03-23 21:56:44,733][pcse.crop.phenology.Vernalisation][INFO] - Critical DVS for vernalization (VERNDVS) reached at day 1984-06-02, but vernalization requirements not yet fulfilled. Forcing vernalization now (VERN=47.688571).
[2026-03-23 21:56:44,749][pcse.crop.phenology.Vernalisation][INFO] - Critical DVS for vernalization (VERNDVS) reached at day 1984-06-03, but vernalization requirements not yet fulfilled. Forcing vernalization now (VERN=47.688571).
[2026-03-23 21:56:44,765][pcse.crop.phenology.Vernalisation][INFO] - Critical DVS for vernalization (VERNDVS) reached at day 1984-06-04, but vernalization requirements not yet fulfilled. Forcing vernalization now (VERN=47.688571).
[2026-03-23 21:56:44,780][pcse.crop.phenology.Vernalisation][INFO] - Critical DVS for vernalization (VERNDVS) reached at day 1984-06-05, but vernalization requirements not yet fulfilled. Forcing vernalization now (VERN=47.688571).
[2026-03-23 21:56:44,796][pcse.crop.phenology.Vernalisation][INFO] - Critical DVS for vernalization (VERNDVS) reached at day 1984-06-06, but vernalization requirements not yet fulfilled. Forcing vernalization now (VERN=47.688571).
[2026-03-23 21:56:44,812][pcse.crop.phenology.Vernalisation][INFO] - Critical DVS for vernalization (VERNDVS) reached at day 1984-06-07, but vernalization requirements not yet fulfilled. Forcing vernalization now (VERN=47.688571).
[2026-03-23 21:56:44,827][pcse.crop.phenology.Vernalisation][INFO] - Critical DVS for vernalization (VERNDVS) reached at day 1984-06-08, but vernalization requirements not yet fulfilled. Forcing vernalization now (VERN=47.688571).
[2026-03-23 21:56:44,843][pcse.crop.phenology.Vernalisation][INFO] - Critical DVS for vernalization (VERNDVS) reached at day 1984-06-09, but vernalization requirements not yet fulfilled. Forcing vernalization now (VERN=47.688571).
[2026-03-23 21:56:44,859][pcse.crop.phenology.Vernalisation][INFO] - Critical DVS for vernalization (VERNDVS) reached at day 1984-06-10, but vernalization requirements not yet fulfilled. Forcing vernalization now (VERN=47.688571).
[2026-03-23 21:56:44,874][pcse.crop.phenology.Vernalisation][INFO] - Critical DVS for vernalization (VERNDVS) reached at day 1984-06-11, but vernalization requirements not yet fulfilled. Forcing vernalization now (VERN=47.688571).
[2026-03-23 21:56:44,890][pcse.crop.phenology.Vernalisation][INFO] - Critical DVS for vernalization (VERNDVS) reached at day 1984-06-12, but vernalization requirements not yet fulfilled. Forcing vernalization now (VERN=47.688571).
[2026-03-23 21:56:44,906][pcse.crop.phenology.Vernalisation][INFO] - Critical DVS for vernalization (VERNDVS) reached at day 1984-06-13, but vernalization requirements not yet fulfilled. Forcing vernalization now (VERN=47.688571).
[2026-03-23 21:56:44,921][pcse.crop.phenology.Vernalisation][INFO] - Critical DVS for vernalization (VERNDVS) reached at day 1984-06-14, but vernalization requirements not yet fulfilled. Forcing vernalization now (VERN=47.688571).
[2026-03-23 21:56:44,937][pcse.crop.phenology.Vernalisation][INFO] - Critical DVS for vernalization (VERNDVS) reached at day 1984-06-15, but vernalization requirements not yet fulfilled. Forcing vernalization now (VERN=47.688571).
[2026-03-23 21:56:44,953][pcse.crop.phenology.Vernalisation][INFO] - Critical DVS for vernalization (VERNDVS) reached at day 1984-06-16, but vernalization requirements not yet fulfilled. Forcing vernalization now (VERN=47.688571).
[2026-03-23 21:56:44,968][pcse.crop.phenology.Vernalisation][INFO] - Critical DVS for vernalization (VERNDVS) reached at day 1984-06-17, but vernalization requirements not yet fulfilled. Forcing vernalization now (VERN=47.688571).
[2026-03-23 21:56:44,984][pcse.crop.phenology.Vernalisation][INFO] - Critical DVS for vernalization (VERNDVS) reached at day 1984-06-18, but vernalization requirements not yet fulfilled. Forcing vernalization now (VERN=47.688571).
[2026-03-23 21:56:45,000][pcse.crop.phenology.Vernalisation][INFO] - Critical DVS for vernalization (VERNDVS) reached at day 1984-06-19, but vernalization requirements not yet fulfilled. Forcing vernalization now (VERN=47.688571).
[2026-03-23 21:56:45,016][pcse.crop.phenology.Vernalisation][INFO] - Critical DVS for vernalization (VERNDVS) reached at day 1984-06-20, but vernalization requirements not yet fulfilled. Forcing vernalization now (VERN=47.688571).
[2026-03-23 21:56:45,032][pcse.crop.phenology.Vernalisation][INFO] - Critical DVS for vernalization (VERNDVS) reached at day 1984-06-21, but vernalization requirements not yet fulfilled. Forcing vernalization now (VERN=47.688571).
[2026-03-23 21:56:45,048][pcse.crop.phenology.Vernalisation][INFO] - Critical DVS for vernalization (VERNDVS) reached at day 1984-06-22, but vernalization requirements not yet fulfilled. Forcing vernalization now (VERN=47.688571).
[2026-03-23 21:56:45,063][pcse.crop.phenology.Vernalisation][INFO] - Critical DVS for vernalization (VERNDVS) reached at day 1984-06-23, but vernalization requirements not yet fulfilled. Forcing vernalization now (VERN=47.688571).
[2026-03-23 21:56:45,079][pcse.crop.phenology.Vernalisation][INFO] - Critical DVS for vernalization (VERNDVS) reached at day 1984-06-24, but vernalization requirements not yet fulfilled. Forcing vernalization now (VERN=47.688571).
[2026-03-23 21:56:45,094][pcse.crop.phenology.Vernalisation][INFO] - Critical DVS for vernalization (VERNDVS) reached at day 1984-06-25, but vernalization requirements not yet fulfilled. Forcing vernalization now (VERN=47.688571).
[2026-03-23 21:56:45,110][pcse.crop.phenology.Vernalisation][INFO] - Critical DVS for vernalization (VERNDVS) reached at day 1984-06-26, but vernalization requirements not yet fulfilled. Forcing vernalization now (VERN=47.688571).
[2026-03-23 21:56:45,125][pcse.crop.phenology.Vernalisation][INFO] - Critical DVS for vernalization (VERNDVS) reached at day 1984-06-27, but vernalization requirements not yet fulfilled. Forcing vernalization now (VERN=47.688571).
[2026-03-23 21:56:45,141][pcse.crop.phenology.Vernalisation][INFO] - Critical DVS for vernalization (VERNDVS) reached at day 1984-06-28, but vernalization requirements not yet fulfilled. Forcing vernalization now (VERN=47.688571).
[2026-03-23 21:56:45,156][pcse.crop.phenology.Vernalisation][INFO] - Critical DVS for vernalization (VERNDVS) reached at day 1984-06-29, but vernalization requirements not yet fulfilled. Forcing vernalization now (VERN=47.688571).
[2026-03-23 21:56:45,157][pcse.crop.phenology.Annual_Phenology][INFO] - Changed phenological stage 'vegetative' to 'reproductive' on 1984-06-29
[2026-03-23 21:56:46,473][pcse.crop.phenology.Annual_Phenology][INFO] - Changed phenological stage 'reproductive' to 'mature' on 1984-09-13
[2026-03-23 21:56:46,706][pcse.base.timer.Timer][INFO] - Reached end of simulation period as specified by END_DATE.
| train          | E: 69 | S: 16629 | R: -178.4047 | TR: 52.0984 | TF: 128 | LR: 128 | NR: 0 | D: 04.2 s | TD: 00.0 s | BR: -0.5536 | ALOSS: -1077.4389 | CLOSS: 3203884.3003 | TLOSS: -525.1109 | TVAL: 0.2950 | AENT: -1779.6228 | BCLOSS: 0.0000
[EPISODE DBG] episode=69 step=16629 pred_return=-174.802027 true_return=27.627381 total_feedback=128 labeled_feedback=128
[2026-03-23 21:56:46,711][pcse.agromanager.SoilCalendar][INFO] - Starting soil (oregon) with variation (oregon_1) on day 1984-02-01
[2026-03-23 21:56:46,712][pcse.agromanager.CropCalendar][INFO] - Starting crop (wheat) with variety (wheat_1) on day 1984-02-01
[2026-03-23 21:56:47,819][pcse.crop.phenology.Annual_Phenology][INFO] - Changed phenological stage 'emerging' to 'vegetative' on 1984-04-10
[2026-03-23 21:56:48,805][pcse.crop.phenology.Vernalisation][INFO] - Critical DVS for vernalization (VERNDVS) reached at day 1984-06-02, but vernalization requirements not yet fulfilled. Forcing vernalization now (VERN=47.688571).
[2026-03-23 21:56:48,821][pcse.crop.phenology.Vernalisation][INFO] - Critical DVS for vernalization (VERNDVS) reached at day 1984-06-03, but vernalization requirements not yet fulfilled. Forcing vernalization now (VERN=47.688571).
[2026-03-23 21:56:48,837][pcse.crop.phenology.Vernalisation][INFO] - Critical DVS for vernalization (VERNDVS) reached at day 1984-06-04, but vernalization requirements not yet fulfilled. Forcing vernalization now (VERN=47.688571).
[2026-03-23 21:56:48,853][pcse.crop.phenology.Vernalisation][INFO] - Critical DVS for vernalization (VERNDVS) reached at day 1984-06-05, but vernalization requirements not yet fulfilled. Forcing vernalization now (VERN=47.688571).
[2026-03-23 21:56:48,868][pcse.crop.phenology.Vernalisation][INFO] - Critical DVS for vernalization (VERNDVS) reached at day 1984-06-06, but vernalization requirements not yet fulfilled. Forcing vernalization now (VERN=47.688571).
[2026-03-23 21:56:48,884][pcse.crop.phenology.Vernalisation][INFO] - Critical DVS for vernalization (VERNDVS) reached at day 1984-06-07, but vernalization requirements not yet fulfilled. Forcing vernalization now (VERN=47.688571).
[2026-03-23 21:56:48,899][pcse.crop.phenology.Vernalisation][INFO] - Critical DVS for vernalization (VERNDVS) reached at day 1984-06-08, but vernalization requirements not yet fulfilled. Forcing vernalization now (VERN=47.688571).
[2026-03-23 21:56:48,915][pcse.crop.phenology.Vernalisation][INFO] - Critical DVS for vernalization (VERNDVS) reached at day 1984-06-09, but vernalization requirements not yet fulfilled. Forcing vernalization now (VERN=47.688571).
[2026-03-23 21:56:48,931][pcse.crop.phenology.Vernalisation][INFO] - Critical DVS for vernalization (VERNDVS) reached at day 1984-06-10, but vernalization requirements not yet fulfilled. Forcing vernalization now (VERN=47.688571).
[2026-03-23 21:56:48,946][pcse.crop.phenology.Vernalisation][INFO] - Critical DVS for vernalization (VERNDVS) reached at day 1984-06-11, but vernalization requirements not yet fulfilled. Forcing vernalization now (VERN=47.688571).
[2026-03-23 21:56:48,962][pcse.crop.phenology.Vernalisation][INFO] - Critical DVS for vernalization (VERNDVS) reached at day 1984-06-12, but vernalization requirements not yet fulfilled. Forcing vernalization now (VERN=47.688571).
[2026-03-23 21:56:48,977][pcse.crop.phenology.Vernalisation][INFO] - Critical DVS for vernalization (VERNDVS) reached at day 1984-06-13, but vernalization requirements not yet fulfilled. Forcing vernalization now (VERN=47.688571).
[2026-03-23 21:56:48,993][pcse.crop.phenology.Vernalisation][INFO] - Critical DVS for vernalization (VERNDVS) reached at day 1984-06-14, but vernalization requirements not yet fulfilled. Forcing vernalization now (VERN=47.688571).
[2026-03-23 21:56:49,009][pcse.crop.phenology.Vernalisation][INFO] - Critical DVS for vernalization (VERNDVS) reached at day 1984-06-15, but vernalization requirements not yet fulfilled. Forcing vernalization now (VERN=47.688571).
[2026-03-23 21:56:49,024][pcse.crop.phenology.Vernalisation][INFO] - Critical DVS for vernalization (VERNDVS) reached at day 1984-06-16, but vernalization requirements not yet fulfilled. Forcing vernalization now (VERN=47.688571).
[2026-03-23 21:56:49,040][pcse.crop.phenology.Vernalisation][INFO] - Critical DVS for vernalization (VERNDVS) reached at day 1984-06-17, but vernalization requirements not yet fulfilled. Forcing vernalization now (VERN=47.688571).
[2026-03-23 21:56:49,055][pcse.crop.phenology.Vernalisation][INFO] - Critical DVS for vernalization (VERNDVS) reached at day 1984-06-18, but vernalization requirements not yet fulfilled. Forcing vernalization now (VERN=47.688571).
[2026-03-23 21:56:49,071][pcse.crop.phenology.Vernalisation][INFO] - Critical DVS for vernalization (VERNDVS) reached at day 1984-06-19, but vernalization requirements not yet fulfilled. Forcing vernalization now (VERN=47.688571).
[2026-03-23 21:56:49,087][pcse.crop.phenology.Vernalisation][INFO] - Critical DVS for vernalization (VERNDVS) reached at day 1984-06-20, but vernalization requirements not yet fulfilled. Forcing vernalization now (VERN=47.688571).
[2026-03-23 21:56:49,102][pcse.crop.phenology.Vernalisation][INFO] - Critical DVS for vernalization (VERNDVS) reached at day 1984-06-21, but vernalization requirements not yet fulfilled. Forcing vernalization now (VERN=47.688571).
[2026-03-23 21:56:49,118][pcse.crop.phenology.Vernalisation][INFO] - Critical DVS for vernalization (VERNDVS) reached at day 1984-06-22, but vernalization requirements not yet fulfilled. Forcing vernalization now (VERN=47.688571).
[2026-03-23 21:56:49,134][pcse.crop.phenology.Vernalisation][INFO] - Critical DVS for vernalization (VERNDVS) reached at day 1984-06-23, but vernalization requirements not yet fulfilled. Forcing vernalization now (VERN=47.688571).
[2026-03-23 21:56:49,149][pcse.crop.phenology.Vernalisation][INFO] - Critical DVS for vernalization (VERNDVS) reached at day 1984-06-24, but vernalization requirements not yet fulfilled. Forcing vernalization now (VERN=47.688571).
[2026-03-23 21:56:49,165][pcse.crop.phenology.Vernalisation][INFO] - Critical DVS for vernalization (VERNDVS) reached at day 1984-06-25, but vernalization requirements not yet fulfilled. Forcing vernalization now (VERN=47.688571).
[2026-03-23 21:56:49,181][pcse.crop.phenology.Vernalisation][INFO] - Critical DVS for vernalization (VERNDVS) reached at day 1984-06-26, but vernalization requirements not yet fulfilled. Forcing vernalization now (VERN=47.688571).
[2026-03-23 21:56:49,196][pcse.crop.phenology.Vernalisation][INFO] - Critical DVS for vernalization (VERNDVS) reached at day 1984-06-27, but vernalization requirements not yet fulfilled. Forcing vernalization now (VERN=47.688571).
[2026-03-23 21:56:49,212][pcse.crop.phenology.Vernalisation][INFO] - Critical DVS for vernalization (VERNDVS) reached at day 1984-06-28, but vernalization requirements not yet fulfilled. Forcing vernalization now (VERN=47.688571).
[2026-03-23 21:56:49,228][pcse.crop.phenology.Vernalisation][INFO] - Critical DVS for vernalization (VERNDVS) reached at day 1984-06-29, but vernalization requirements not yet fulfilled. Forcing vernalization now (VERN=47.688571).
[2026-03-23 21:56:49,228][pcse.crop.phenology.Annual_Phenology][INFO] - Changed phenological stage 'vegetative' to 'reproductive' on 1984-06-29
[2026-03-23 21:56:50,603][pcse.crop.phenology.Annual_Phenology][INFO] - Changed phenological stage 'reproductive' to 'mature' on 1984-09-13
[2026-03-23 21:56:50,866][pcse.base.timer.Timer][INFO] - Reached end of simulation period as specified by END_DATE.
| train          | E: 70 | S: 16870 | R: -174.8020 | TR: 27.6274 | TF: 128 | LR: 128 | NR: 0 | D: 04.2 s | TD: 00.0 s | BR: -0.5577 | ALOSS: -1045.2600 | CLOSS: 1615612.9501 | TLOSS: -570.5471 | TVAL: 0.3025 | AENT: -1887.5034 | BCLOSS: 0.0000
[EPISODE DBG] episode=70 step=16870 pred_return=-174.377721 true_return=37.597459 total_feedback=128 labeled_feedback=128
[2026-03-23 21:56:50,873][pcse.agromanager.SoilCalendar][INFO] - Starting soil (oregon) with variation (oregon_1) on day 1984-02-01
[2026-03-23 21:56:50,875][pcse.agromanager.CropCalendar][INFO] - Starting crop (wheat) with variety (wheat_1) on day 1984-02-01
[2026-03-23 21:56:52,297][pcse.crop.phenology.Annual_Phenology][INFO] - Changed phenological stage 'emerging' to 'vegetative' on 1984-04-10
[2026-03-23 21:56:53,119][pcse.crop.phenology.Vernalisation][INFO] - Critical DVS for vernalization (VERNDVS) reached at day 1984-06-02, but vernalization requirements not yet fulfilled. Forcing vernalization now (VERN=47.688571).
[2026-03-23 21:56:53,134][pcse.crop.phenology.Vernalisation][INFO] - Critical DVS for vernalization (VERNDVS) reached at day 1984-06-03, but vernalization requirements not yet fulfilled. Forcing vernalization now (VERN=47.688571).
[2026-03-23 21:56:53,150][pcse.crop.phenology.Vernalisation][INFO] - Critical DVS for vernalization (VERNDVS) reached at day 1984-06-04, but vernalization requirements not yet fulfilled. Forcing vernalization now (VERN=47.688571).
[2026-03-23 21:56:53,166][pcse.crop.phenology.Vernalisation][INFO] - Critical DVS for vernalization (VERNDVS) reached at day 1984-06-05, but vernalization requirements not yet fulfilled. Forcing vernalization now (VERN=47.688571).
[2026-03-23 21:56:53,182][pcse.crop.phenology.Vernalisation][INFO] - Critical DVS for vernalization (VERNDVS) reached at day 1984-06-06, but vernalization requirements not yet fulfilled. Forcing vernalization now (VERN=47.688571).
[2026-03-23 21:56:53,197][pcse.crop.phenology.Vernalisation][INFO] - Critical DVS for vernalization (VERNDVS) reached at day 1984-06-07, but vernalization requirements not yet fulfilled. Forcing vernalization now (VERN=47.688571).
[2026-03-23 21:56:53,213][pcse.crop.phenology.Vernalisation][INFO] - Critical DVS for vernalization (VERNDVS) reached at day 1984-06-08, but vernalization requirements not yet fulfilled. Forcing vernalization now (VERN=47.688571).
[2026-03-23 21:56:53,227][pcse.crop.phenology.Vernalisation][INFO] - Critical DVS for vernalization (VERNDVS) reached at day 1984-06-09, but vernalization requirements not yet fulfilled. Forcing vernalization now (VERN=47.688571).
[2026-03-23 21:56:53,243][pcse.crop.phenology.Vernalisation][INFO] - Critical DVS for vernalization (VERNDVS) reached at day 1984-06-10, but vernalization requirements not yet fulfilled. Forcing vernalization now (VERN=47.688571).
[2026-03-23 21:56:53,259][pcse.crop.phenology.Vernalisation][INFO] - Critical DVS for vernalization (VERNDVS) reached at day 1984-06-11, but vernalization requirements not yet fulfilled. Forcing vernalization now (VERN=47.688571).
[REPLAY DBG] post-agent-update step=17000 n=17000 mean=-0.558945 std=1.035733 min=-2.242645 max=2.729301
[2026-03-23 21:56:53,464][pcse.crop.phenology.Vernalisation][INFO] - Critical DVS for vernalization (VERNDVS) reached at day 1984-06-12, but vernalization requirements not yet fulfilled. Forcing vernalization now (VERN=47.688571).
[STEP DBG] step=17000 env_reward=0.000000 r_hat=-0.866497 done=False
[NORM DBG] count=17000 mean_abs_mean=62558.941406 mean_std=146.338593 min_std=0.001000 max_std=1918.315430
[2026-03-23 21:56:53,483][pcse.crop.phenology.Vernalisation][INFO] - Critical DVS for vernalization (VERNDVS) reached at day 1984-06-13, but vernalization requirements not yet fulfilled. Forcing vernalization now (VERN=47.688571).
[2026-03-23 21:56:53,503][pcse.crop.phenology.Vernalisation][INFO] - Critical DVS for vernalization (VERNDVS) reached at day 1984-06-14, but vernalization requirements not yet fulfilled. Forcing vernalization now (VERN=47.688571).
[2026-03-23 21:56:53,522][pcse.crop.phenology.Vernalisation][INFO] - Critical DVS for vernalization (VERNDVS) reached at day 1984-06-15, but vernalization requirements not yet fulfilled. Forcing vernalization now (VERN=47.688571).
[2026-03-23 21:56:53,541][pcse.crop.phenology.Vernalisation][INFO] - Critical DVS for vernalization (VERNDVS) reached at day 1984-06-16, but vernalization requirements not yet fulfilled. Forcing vernalization now (VERN=47.688571).
[2026-03-23 21:56:53,558][pcse.crop.phenology.Vernalisation][INFO] - Critical DVS for vernalization (VERNDVS) reached at day 1984-06-17, but vernalization requirements not yet fulfilled. Forcing vernalization now (VERN=47.688571).
[2026-03-23 21:56:53,575][pcse.crop.phenology.Vernalisation][INFO] - Critical DVS for vernalization (VERNDVS) reached at day 1984-06-18, but vernalization requirements not yet fulfilled. Forcing vernalization now (VERN=47.688571).
[2026-03-23 21:56:53,593][pcse.crop.phenology.Vernalisation][INFO] - Critical DVS for vernalization (VERNDVS) reached at day 1984-06-19, but vernalization requirements not yet fulfilled. Forcing vernalization now (VERN=47.688571).
[2026-03-23 21:56:53,608][pcse.crop.phenology.Vernalisation][INFO] - Critical DVS for vernalization (VERNDVS) reached at day 1984-06-20, but vernalization requirements not yet fulfilled. Forcing vernalization now (VERN=47.688571).
[2026-03-23 21:56:53,622][pcse.crop.phenology.Vernalisation][INFO] - Critical DVS for vernalization (VERNDVS) reached at day 1984-06-21, but vernalization requirements not yet fulfilled. Forcing vernalization now (VERN=47.688571).
[2026-03-23 21:56:53,637][pcse.crop.phenology.Vernalisation][INFO] - Critical DVS for vernalization (VERNDVS) reached at day 1984-06-22, but vernalization requirements not yet fulfilled. Forcing vernalization now (VERN=47.688571).
[2026-03-23 21:56:53,651][pcse.crop.phenology.Vernalisation][INFO] - Critical DVS for vernalization (VERNDVS) reached at day 1984-06-23, but vernalization requirements not yet fulfilled. Forcing vernalization now (VERN=47.688571).
[2026-03-23 21:56:53,665][pcse.crop.phenology.Vernalisation][INFO] - Critical DVS for vernalization (VERNDVS) reached at day 1984-06-24, but vernalization requirements not yet fulfilled. Forcing vernalization now (VERN=47.688571).
[2026-03-23 21:56:53,679][pcse.crop.phenology.Vernalisation][INFO] - Critical DVS for vernalization (VERNDVS) reached at day 1984-06-25, but vernalization requirements not yet fulfilled. Forcing vernalization now (VERN=47.688571).
[2026-03-23 21:56:53,693][pcse.crop.phenology.Vernalisation][INFO] - Critical DVS for vernalization (VERNDVS) reached at day 1984-06-26, but vernalization requirements not yet fulfilled. Forcing vernalization now (VERN=47.688571).
[2026-03-23 21:56:53,707][pcse.crop.phenology.Vernalisation][INFO] - Critical DVS for vernalization (VERNDVS) reached at day 1984-06-27, but vernalization requirements not yet fulfilled. Forcing vernalization now (VERN=47.688571).
[2026-03-23 21:56:53,721][pcse.crop.phenology.Vernalisation][INFO] - Critical DVS for vernalization (VERNDVS) reached at day 1984-06-28, but vernalization requirements not yet fulfilled. Forcing vernalization now (VERN=47.688571).
[2026-03-23 21:56:53,735][pcse.crop.phenology.Vernalisation][INFO] - Critical DVS for vernalization (VERNDVS) reached at day 1984-06-29, but vernalization requirements not yet fulfilled. Forcing vernalization now (VERN=47.688571).
[2026-03-23 21:56:53,735][pcse.crop.phenology.Annual_Phenology][INFO] - Changed phenological stage 'vegetative' to 'reproductive' on 1984-06-29
[2026-03-23 21:56:54,936][pcse.crop.phenology.Annual_Phenology][INFO] - Changed phenological stage 'reproductive' to 'mature' on 1984-09-13
[2026-03-23 21:56:55,397][pcse.base.timer.Timer][INFO] - Reached end of simulation period as specified by END_DATE.
| train          | E: 71 | S: 17111 | R: -174.3777 | TR: 37.5975 | TF: 128 | LR: 128 | NR: 0 | D: 04.5 s | TD: 00.0 s | BR: -0.5616 | ALOSS: -211.8901 | CLOSS: 4226845.4693 | TLOSS: -693.1353 | TVAL: 0.3101 | AENT: -2234.5114 | BCLOSS: 0.0000
[EPISODE DBG] episode=71 step=17111 pred_return=-169.926226 true_return=150.408041 total_feedback=128 labeled_feedback=128
[2026-03-23 21:56:55,404][pcse.agromanager.SoilCalendar][INFO] - Starting soil (oregon) with variation (oregon_1) on day 1984-02-01
[2026-03-23 21:56:55,407][pcse.agromanager.CropCalendar][INFO] - Starting crop (wheat) with variety (wheat_1) on day 1984-02-01
[2026-03-23 21:56:56,626][pcse.crop.phenology.Annual_Phenology][INFO] - Changed phenological stage 'emerging' to 'vegetative' on 1984-04-10
[2026-03-23 21:56:57,633][pcse.crop.phenology.Vernalisation][INFO] - Critical DVS for vernalization (VERNDVS) reached at day 1984-06-02, but vernalization requirements not yet fulfilled. Forcing vernalization now (VERN=47.688571).
[2026-03-23 21:56:57,649][pcse.crop.phenology.Vernalisation][INFO] - Critical DVS for vernalization (VERNDVS) reached at day 1984-06-03, but vernalization requirements not yet fulfilled. Forcing vernalization now (VERN=47.688571).
[2026-03-23 21:56:57,664][pcse.crop.phenology.Vernalisation][INFO] - Critical DVS for vernalization (VERNDVS) reached at day 1984-06-04, but vernalization requirements not yet fulfilled. Forcing vernalization now (VERN=47.688571).
[2026-03-23 21:56:57,680][pcse.crop.phenology.Vernalisation][INFO] - Critical DVS for vernalization (VERNDVS) reached at day 1984-06-05, but vernalization requirements not yet fulfilled. Forcing vernalization now (VERN=47.688571).
[2026-03-23 21:56:57,697][pcse.crop.phenology.Vernalisation][INFO] - Critical DVS for vernalization (VERNDVS) reached at day 1984-06-06, but vernalization requirements not yet fulfilled. Forcing vernalization now (VERN=47.688571).
[2026-03-23 21:56:57,713][pcse.crop.phenology.Vernalisation][INFO] - Critical DVS for vernalization (VERNDVS) reached at day 1984-06-07, but vernalization requirements not yet fulfilled. Forcing vernalization now (VERN=47.688571).
[2026-03-23 21:56:57,728][pcse.crop.phenology.Vernalisation][INFO] - Critical DVS for vernalization (VERNDVS) reached at day 1984-06-08, but vernalization requirements not yet fulfilled. Forcing vernalization now (VERN=47.688571).
[2026-03-23 21:56:57,744][pcse.crop.phenology.Vernalisation][INFO] - Critical DVS for vernalization (VERNDVS) reached at day 1984-06-09, but vernalization requirements not yet fulfilled. Forcing vernalization now (VERN=47.688571).
[2026-03-23 21:56:57,760][pcse.crop.phenology.Vernalisation][INFO] - Critical DVS for vernalization (VERNDVS) reached at day 1984-06-10, but vernalization requirements not yet fulfilled. Forcing vernalization now (VERN=47.688571).
[2026-03-23 21:56:57,775][pcse.crop.phenology.Vernalisation][INFO] - Critical DVS for vernalization (VERNDVS) reached at day 1984-06-11, but vernalization requirements not yet fulfilled. Forcing vernalization now (VERN=47.688571).
[2026-03-23 21:56:57,791][pcse.crop.phenology.Vernalisation][INFO] - Critical DVS for vernalization (VERNDVS) reached at day 1984-06-12, but vernalization requirements not yet fulfilled. Forcing vernalization now (VERN=47.688571).
[2026-03-23 21:56:57,807][pcse.crop.phenology.Vernalisation][INFO] - Critical DVS for vernalization (VERNDVS) reached at day 1984-06-13, but vernalization requirements not yet fulfilled. Forcing vernalization now (VERN=47.688571).
[2026-03-23 21:56:57,823][pcse.crop.phenology.Vernalisation][INFO] - Critical DVS for vernalization (VERNDVS) reached at day 1984-06-14, but vernalization requirements not yet fulfilled. Forcing vernalization now (VERN=47.688571).
[2026-03-23 21:56:57,838][pcse.crop.phenology.Vernalisation][INFO] - Critical DVS for vernalization (VERNDVS) reached at day 1984-06-15, but vernalization requirements not yet fulfilled. Forcing vernalization now (VERN=47.688571).
[2026-03-23 21:56:57,854][pcse.crop.phenology.Vernalisation][INFO] - Critical DVS for vernalization (VERNDVS) reached at day 1984-06-16, but vernalization requirements not yet fulfilled. Forcing vernalization now (VERN=47.688571).
[2026-03-23 21:56:57,870][pcse.crop.phenology.Vernalisation][INFO] - Critical DVS for vernalization (VERNDVS) reached at day 1984-06-17, but vernalization requirements not yet fulfilled. Forcing vernalization now (VERN=47.688571).
[2026-03-23 21:56:57,886][pcse.crop.phenology.Vernalisation][INFO] - Critical DVS for vernalization (VERNDVS) reached at day 1984-06-18, but vernalization requirements not yet fulfilled. Forcing vernalization now (VERN=47.688571).
[2026-03-23 21:56:57,901][pcse.crop.phenology.Vernalisation][INFO] - Critical DVS for vernalization (VERNDVS) reached at day 1984-06-19, but vernalization requirements not yet fulfilled. Forcing vernalization now (VERN=47.688571).
[2026-03-23 21:56:57,917][pcse.crop.phenology.Vernalisation][INFO] - Critical DVS for vernalization (VERNDVS) reached at day 1984-06-20, but vernalization requirements not yet fulfilled. Forcing vernalization now (VERN=47.688571).
[2026-03-23 21:56:57,933][pcse.crop.phenology.Vernalisation][INFO] - Critical DVS for vernalization (VERNDVS) reached at day 1984-06-21, but vernalization requirements not yet fulfilled. Forcing vernalization now (VERN=47.688571).
[2026-03-23 21:56:57,948][pcse.crop.phenology.Vernalisation][INFO] - Critical DVS for vernalization (VERNDVS) reached at day 1984-06-22, but vernalization requirements not yet fulfilled. Forcing vernalization now (VERN=47.688571).
[2026-03-23 21:56:57,965][pcse.crop.phenology.Vernalisation][INFO] - Critical DVS for vernalization (VERNDVS) reached at day 1984-06-23, but vernalization requirements not yet fulfilled. Forcing vernalization now (VERN=47.688571).
[2026-03-23 21:56:57,980][pcse.crop.phenology.Vernalisation][INFO] - Critical DVS for vernalization (VERNDVS) reached at day 1984-06-24, but vernalization requirements not yet fulfilled. Forcing vernalization now (VERN=47.688571).
[2026-03-23 21:56:57,997][pcse.crop.phenology.Vernalisation][INFO] - Critical DVS for vernalization (VERNDVS) reached at day 1984-06-25, but vernalization requirements not yet fulfilled. Forcing vernalization now (VERN=47.688571).
[2026-03-23 21:56:58,012][pcse.crop.phenology.Vernalisation][INFO] - Critical DVS for vernalization (VERNDVS) reached at day 1984-06-26, but vernalization requirements not yet fulfilled. Forcing vernalization now (VERN=47.688571).
[2026-03-23 21:56:58,028][pcse.crop.phenology.Vernalisation][INFO] - Critical DVS for vernalization (VERNDVS) reached at day 1984-06-27, but vernalization requirements not yet fulfilled. Forcing vernalization now (VERN=47.688571).
[2026-03-23 21:56:58,043][pcse.crop.phenology.Vernalisation][INFO] - Critical DVS for vernalization (VERNDVS) reached at day 1984-06-28, but vernalization requirements not yet fulfilled. Forcing vernalization now (VERN=47.688571).
[2026-03-23 21:56:58,059][pcse.crop.phenology.Vernalisation][INFO] - Critical DVS for vernalization (VERNDVS) reached at day 1984-06-29, but vernalization requirements not yet fulfilled. Forcing vernalization now (VERN=47.688571).
[2026-03-23 21:56:58,059][pcse.crop.phenology.Annual_Phenology][INFO] - Changed phenological stage 'vegetative' to 'reproductive' on 1984-06-29
[2026-03-23 21:56:59,415][pcse.crop.phenology.Annual_Phenology][INFO] - Changed phenological stage 'reproductive' to 'mature' on 1984-09-13
[2026-03-23 21:56:59,680][pcse.base.timer.Timer][INFO] - Reached end of simulation period as specified by END_DATE.
| train          | E: 72 | S: 17352 | R: -169.9262 | TR: 150.4080 | TF: 128 | LR: 128 | NR: 0 | D: 04.3 s | TD: 00.0 s | BR: -0.5656 | ALOSS: -16.6204 | CLOSS: 3004744.2017 | TLOSS: -555.5944 | TVAL: 0.3182 | AENT: -1749.9168 | BCLOSS: 0.0000
[EPISODE DBG] episode=72 step=17352 pred_return=-174.405587 true_return=27.511363 total_feedback=128 labeled_feedback=128
[2026-03-23 21:56:59,687][pcse.agromanager.SoilCalendar][INFO] - Starting soil (oregon) with variation (oregon_1) on day 1984-02-01
[2026-03-23 21:56:59,689][pcse.agromanager.CropCalendar][INFO] - Starting crop (wheat) with variety (wheat_1) on day 1984-02-01
[2026-03-23 21:57:01,148][pcse.crop.phenology.Annual_Phenology][INFO] - Changed phenological stage 'emerging' to 'vegetative' on 1984-04-10
[2026-03-23 21:57:01,964][pcse.crop.phenology.Vernalisation][INFO] - Critical DVS for vernalization (VERNDVS) reached at day 1984-06-02, but vernalization requirements not yet fulfilled. Forcing vernalization now (VERN=47.688571).
[2026-03-23 21:57:01,980][pcse.crop.phenology.Vernalisation][INFO] - Critical DVS for vernalization (VERNDVS) reached at day 1984-06-03, but vernalization requirements not yet fulfilled. Forcing vernalization now (VERN=47.688571).
[2026-03-23 21:57:01,996][pcse.crop.phenology.Vernalisation][INFO] - Critical DVS for vernalization (VERNDVS) reached at day 1984-06-04, but vernalization requirements not yet fulfilled. Forcing vernalization now (VERN=47.688571).
[2026-03-23 21:57:02,012][pcse.crop.phenology.Vernalisation][INFO] - Critical DVS for vernalization (VERNDVS) reached at day 1984-06-05, but vernalization requirements not yet fulfilled. Forcing vernalization now (VERN=47.688571).
[2026-03-23 21:57:02,028][pcse.crop.phenology.Vernalisation][INFO] - Critical DVS for vernalization (VERNDVS) reached at day 1984-06-06, but vernalization requirements not yet fulfilled. Forcing vernalization now (VERN=47.688571).
[2026-03-23 21:57:02,043][pcse.crop.phenology.Vernalisation][INFO] - Critical DVS for vernalization (VERNDVS) reached at day 1984-06-07, but vernalization requirements not yet fulfilled. Forcing vernalization now (VERN=47.688571).
[2026-03-23 21:57:02,059][pcse.crop.phenology.Vernalisation][INFO] - Critical DVS for vernalization (VERNDVS) reached at day 1984-06-08, but vernalization requirements not yet fulfilled. Forcing vernalization now (VERN=47.688571).
[2026-03-23 21:57:02,074][pcse.crop.phenology.Vernalisation][INFO] - Critical DVS for vernalization (VERNDVS) reached at day 1984-06-09, but vernalization requirements not yet fulfilled. Forcing vernalization now (VERN=47.688571).
[2026-03-23 21:57:02,089][pcse.crop.phenology.Vernalisation][INFO] - Critical DVS for vernalization (VERNDVS) reached at day 1984-06-10, but vernalization requirements not yet fulfilled. Forcing vernalization now (VERN=47.688571).
[2026-03-23 21:57:02,104][pcse.crop.phenology.Vernalisation][INFO] - Critical DVS for vernalization (VERNDVS) reached at day 1984-06-11, but vernalization requirements not yet fulfilled. Forcing vernalization now (VERN=47.688571).
[2026-03-23 21:57:02,120][pcse.crop.phenology.Vernalisation][INFO] - Critical DVS for vernalization (VERNDVS) reached at day 1984-06-12, but vernalization requirements not yet fulfilled. Forcing vernalization now (VERN=47.688571).
[2026-03-23 21:57:02,135][pcse.crop.phenology.Vernalisation][INFO] - Critical DVS for vernalization (VERNDVS) reached at day 1984-06-13, but vernalization requirements not yet fulfilled. Forcing vernalization now (VERN=47.688571).
[2026-03-23 21:57:02,151][pcse.crop.phenology.Vernalisation][INFO] - Critical DVS for vernalization (VERNDVS) reached at day 1984-06-14, but vernalization requirements not yet fulfilled. Forcing vernalization now (VERN=47.688571).
[2026-03-23 21:57:02,167][pcse.crop.phenology.Vernalisation][INFO] - Critical DVS for vernalization (VERNDVS) reached at day 1984-06-15, but vernalization requirements not yet fulfilled. Forcing vernalization now (VERN=47.688571).
[2026-03-23 21:57:02,182][pcse.crop.phenology.Vernalisation][INFO] - Critical DVS for vernalization (VERNDVS) reached at day 1984-06-16, but vernalization requirements not yet fulfilled. Forcing vernalization now (VERN=47.688571).
[2026-03-23 21:57:02,198][pcse.crop.phenology.Vernalisation][INFO] - Critical DVS for vernalization (VERNDVS) reached at day 1984-06-17, but vernalization requirements not yet fulfilled. Forcing vernalization now (VERN=47.688571).
[2026-03-23 21:57:02,214][pcse.crop.phenology.Vernalisation][INFO] - Critical DVS for vernalization (VERNDVS) reached at day 1984-06-18, but vernalization requirements not yet fulfilled. Forcing vernalization now (VERN=47.688571).
[2026-03-23 21:57:02,229][pcse.crop.phenology.Vernalisation][INFO] - Critical DVS for vernalization (VERNDVS) reached at day 1984-06-19, but vernalization requirements not yet fulfilled. Forcing vernalization now (VERN=47.688571).
[2026-03-23 21:57:02,245][pcse.crop.phenology.Vernalisation][INFO] - Critical DVS for vernalization (VERNDVS) reached at day 1984-06-20, but vernalization requirements not yet fulfilled. Forcing vernalization now (VERN=47.688571).
[2026-03-23 21:57:02,260][pcse.crop.phenology.Vernalisation][INFO] - Critical DVS for vernalization (VERNDVS) reached at day 1984-06-21, but vernalization requirements not yet fulfilled. Forcing vernalization now (VERN=47.688571).
[2026-03-23 21:57:02,275][pcse.crop.phenology.Vernalisation][INFO] - Critical DVS for vernalization (VERNDVS) reached at day 1984-06-22, but vernalization requirements not yet fulfilled. Forcing vernalization now (VERN=47.688571).
[2026-03-23 21:57:02,291][pcse.crop.phenology.Vernalisation][INFO] - Critical DVS for vernalization (VERNDVS) reached at day 1984-06-23, but vernalization requirements not yet fulfilled. Forcing vernalization now (VERN=47.688571).
[2026-03-23 21:57:02,306][pcse.crop.phenology.Vernalisation][INFO] - Critical DVS for vernalization (VERNDVS) reached at day 1984-06-24, but vernalization requirements not yet fulfilled. Forcing vernalization now (VERN=47.688571).
[2026-03-23 21:57:02,322][pcse.crop.phenology.Vernalisation][INFO] - Critical DVS for vernalization (VERNDVS) reached at day 1984-06-25, but vernalization requirements not yet fulfilled. Forcing vernalization now (VERN=47.688571).
[2026-03-23 21:57:02,337][pcse.crop.phenology.Vernalisation][INFO] - Critical DVS for vernalization (VERNDVS) reached at day 1984-06-26, but vernalization requirements not yet fulfilled. Forcing vernalization now (VERN=47.688571).
[2026-03-23 21:57:02,353][pcse.crop.phenology.Vernalisation][INFO] - Critical DVS for vernalization (VERNDVS) reached at day 1984-06-27, but vernalization requirements not yet fulfilled. Forcing vernalization now (VERN=47.688571).
[2026-03-23 21:57:02,368][pcse.crop.phenology.Vernalisation][INFO] - Critical DVS for vernalization (VERNDVS) reached at day 1984-06-28, but vernalization requirements not yet fulfilled. Forcing vernalization now (VERN=47.688571).
[2026-03-23 21:57:02,384][pcse.crop.phenology.Vernalisation][INFO] - Critical DVS for vernalization (VERNDVS) reached at day 1984-06-29, but vernalization requirements not yet fulfilled. Forcing vernalization now (VERN=47.688571).
[2026-03-23 21:57:02,384][pcse.crop.phenology.Annual_Phenology][INFO] - Changed phenological stage 'vegetative' to 'reproductive' on 1984-06-29
[REPLAY DBG] post-agent-update step=17500 n=17500 mean=-0.563714 std=1.024718 min=-2.242645 max=2.729301
[STEP DBG] step=17500 env_reward=0.000000 r_hat=-0.927945 done=False
[NORM DBG] count=17500 mean_abs_mean=62557.757812 mean_std=144.561539 min_std=0.001000 max_std=1892.995728
[2026-03-23 21:57:03,755][pcse.crop.phenology.Annual_Phenology][INFO] - Changed phenological stage 'reproductive' to 'mature' on 1984-09-13
[2026-03-23 21:57:04,015][pcse.base.timer.Timer][INFO] - Reached end of simulation period as specified by END_DATE.
| train          | E: 73 | S: 17593 | R: -174.4056 | TR: 27.5114 | TF: 128 | LR: 128 | NR: 0 | D: 04.3 s | TD: 00.0 s | BR: -0.5658 | ALOSS: -307.1394 | CLOSS: 316441.8584 | TLOSS: -380.7396 | TVAL: 0.3232 | AENT: -1179.0840 | BCLOSS: 0.0000
[EPISODE DBG] episode=73 step=17593 pred_return=-173.339270 true_return=29.909699 total_feedback=128 labeled_feedback=128
[2026-03-23 21:57:04,022][pcse.agromanager.SoilCalendar][INFO] - Starting soil (oregon) with variation (oregon_1) on day 1984-02-01
[2026-03-23 21:57:04,024][pcse.agromanager.CropCalendar][INFO] - Starting crop (wheat) with variety (wheat_1) on day 1984-02-01
[2026-03-23 21:57:05,447][pcse.crop.phenology.Annual_Phenology][INFO] - Changed phenological stage 'emerging' to 'vegetative' on 1984-04-10
[2026-03-23 21:57:06,466][pcse.crop.phenology.Vernalisation][INFO] - Critical DVS for vernalization (VERNDVS) reached at day 1984-06-02, but vernalization requirements not yet fulfilled. Forcing vernalization now (VERN=47.688571).
[2026-03-23 21:57:06,482][pcse.crop.phenology.Vernalisation][INFO] - Critical DVS for vernalization (VERNDVS) reached at day 1984-06-03, but vernalization requirements not yet fulfilled. Forcing vernalization now (VERN=47.688571).
[2026-03-23 21:57:06,498][pcse.crop.phenology.Vernalisation][INFO] - Critical DVS for vernalization (VERNDVS) reached at day 1984-06-04, but vernalization requirements not yet fulfilled. Forcing vernalization now (VERN=47.688571).
[2026-03-23 21:57:06,514][pcse.crop.phenology.Vernalisation][INFO] - Critical DVS for vernalization (VERNDVS) reached at day 1984-06-05, but vernalization requirements not yet fulfilled. Forcing vernalization now (VERN=47.688571).
[2026-03-23 21:57:06,529][pcse.crop.phenology.Vernalisation][INFO] - Critical DVS for vernalization (VERNDVS) reached at day 1984-06-06, but vernalization requirements not yet fulfilled. Forcing vernalization now (VERN=47.688571).
[2026-03-23 21:57:06,545][pcse.crop.phenology.Vernalisation][INFO] - Critical DVS for vernalization (VERNDVS) reached at day 1984-06-07, but vernalization requirements not yet fulfilled. Forcing vernalization now (VERN=47.688571).
[2026-03-23 21:57:06,561][pcse.crop.phenology.Vernalisation][INFO] - Critical DVS for vernalization (VERNDVS) reached at day 1984-06-08, but vernalization requirements not yet fulfilled. Forcing vernalization now (VERN=47.688571).
[2026-03-23 21:57:06,577][pcse.crop.phenology.Vernalisation][INFO] - Critical DVS for vernalization (VERNDVS) reached at day 1984-06-09, but vernalization requirements not yet fulfilled. Forcing vernalization now (VERN=47.688571).
[2026-03-23 21:57:06,592][pcse.crop.phenology.Vernalisation][INFO] - Critical DVS for vernalization (VERNDVS) reached at day 1984-06-10, but vernalization requirements not yet fulfilled. Forcing vernalization now (VERN=47.688571).
[2026-03-23 21:57:06,608][pcse.crop.phenology.Vernalisation][INFO] - Critical DVS for vernalization (VERNDVS) reached at day 1984-06-11, but vernalization requirements not yet fulfilled. Forcing vernalization now (VERN=47.688571).
[2026-03-23 21:57:06,623][pcse.crop.phenology.Vernalisation][INFO] - Critical DVS for vernalization (VERNDVS) reached at day 1984-06-12, but vernalization requirements not yet fulfilled. Forcing vernalization now (VERN=47.688571).
[2026-03-23 21:57:06,639][pcse.crop.phenology.Vernalisation][INFO] - Critical DVS for vernalization (VERNDVS) reached at day 1984-06-13, but vernalization requirements not yet fulfilled. Forcing vernalization now (VERN=47.688571).
[2026-03-23 21:57:06,655][pcse.crop.phenology.Vernalisation][INFO] - Critical DVS for vernalization (VERNDVS) reached at day 1984-06-14, but vernalization requirements not yet fulfilled. Forcing vernalization now (VERN=47.688571).
[2026-03-23 21:57:06,670][pcse.crop.phenology.Vernalisation][INFO] - Critical DVS for vernalization (VERNDVS) reached at day 1984-06-15, but vernalization requirements not yet fulfilled. Forcing vernalization now (VERN=47.688571).
[2026-03-23 21:57:06,686][pcse.crop.phenology.Vernalisation][INFO] - Critical DVS for vernalization (VERNDVS) reached at day 1984-06-16, but vernalization requirements not yet fulfilled. Forcing vernalization now (VERN=47.688571).
[2026-03-23 21:57:06,701][pcse.crop.phenology.Vernalisation][INFO] - Critical DVS for vernalization (VERNDVS) reached at day 1984-06-17, but vernalization requirements not yet fulfilled. Forcing vernalization now (VERN=47.688571).
[2026-03-23 21:57:06,717][pcse.crop.phenology.Vernalisation][INFO] - Critical DVS for vernalization (VERNDVS) reached at day 1984-06-18, but vernalization requirements not yet fulfilled. Forcing vernalization now (VERN=47.688571).
[2026-03-23 21:57:06,733][pcse.crop.phenology.Vernalisation][INFO] - Critical DVS for vernalization (VERNDVS) reached at day 1984-06-19, but vernalization requirements not yet fulfilled. Forcing vernalization now (VERN=47.688571).
[2026-03-23 21:57:06,748][pcse.crop.phenology.Vernalisation][INFO] - Critical DVS for vernalization (VERNDVS) reached at day 1984-06-20, but vernalization requirements not yet fulfilled. Forcing vernalization now (VERN=47.688571).
[2026-03-23 21:57:06,764][pcse.crop.phenology.Vernalisation][INFO] - Critical DVS for vernalization (VERNDVS) reached at day 1984-06-21, but vernalization requirements not yet fulfilled. Forcing vernalization now (VERN=47.688571).
[2026-03-23 21:57:06,780][pcse.crop.phenology.Vernalisation][INFO] - Critical DVS for vernalization (VERNDVS) reached at day 1984-06-22, but vernalization requirements not yet fulfilled. Forcing vernalization now (VERN=47.688571).
[2026-03-23 21:57:06,795][pcse.crop.phenology.Vernalisation][INFO] - Critical DVS for vernalization (VERNDVS) reached at day 1984-06-23, but vernalization requirements not yet fulfilled. Forcing vernalization now (VERN=47.688571).
[2026-03-23 21:57:06,811][pcse.crop.phenology.Vernalisation][INFO] - Critical DVS for vernalization (VERNDVS) reached at day 1984-06-24, but vernalization requirements not yet fulfilled. Forcing vernalization now (VERN=47.688571).
[2026-03-23 21:57:06,827][pcse.crop.phenology.Vernalisation][INFO] - Critical DVS for vernalization (VERNDVS) reached at day 1984-06-25, but vernalization requirements not yet fulfilled. Forcing vernalization now (VERN=47.688571).
[2026-03-23 21:57:06,842][pcse.crop.phenology.Vernalisation][INFO] - Critical DVS for vernalization (VERNDVS) reached at day 1984-06-26, but vernalization requirements not yet fulfilled. Forcing vernalization now (VERN=47.688571).
[2026-03-23 21:57:06,858][pcse.crop.phenology.Vernalisation][INFO] - Critical DVS for vernalization (VERNDVS) reached at day 1984-06-27, but vernalization requirements not yet fulfilled. Forcing vernalization now (VERN=47.688571).
[2026-03-23 21:57:06,874][pcse.crop.phenology.Vernalisation][INFO] - Critical DVS for vernalization (VERNDVS) reached at day 1984-06-28, but vernalization requirements not yet fulfilled. Forcing vernalization now (VERN=47.688571).
[2026-03-23 21:57:06,890][pcse.crop.phenology.Vernalisation][INFO] - Critical DVS for vernalization (VERNDVS) reached at day 1984-06-29, but vernalization requirements not yet fulfilled. Forcing vernalization now (VERN=47.688571).
[2026-03-23 21:57:06,890][pcse.crop.phenology.Annual_Phenology][INFO] - Changed phenological stage 'vegetative' to 'reproductive' on 1984-06-29
[2026-03-23 21:57:08,244][pcse.crop.phenology.Annual_Phenology][INFO] - Changed phenological stage 'reproductive' to 'mature' on 1984-09-13
[2026-03-23 21:57:08,515][pcse.base.timer.Timer][INFO] - Reached end of simulation period as specified by END_DATE.
| train          | E: 74 | S: 17834 | R: -173.3393 | TR: 29.9097 | TF: 128 | LR: 128 | NR: 0 | D: 04.5 s | TD: 00.0 s | BR: -0.5668 | ALOSS: 171.5714 | CLOSS: 1830993.6844 | TLOSS: -417.5684 | TVAL: 0.3280 | AENT: -1273.5791 | BCLOSS: 0.0000
[EPISODE DBG] episode=74 step=17834 pred_return=-171.214554 true_return=51.499815 total_feedback=128 labeled_feedback=128
[2026-03-23 21:57:08,522][pcse.agromanager.SoilCalendar][INFO] - Starting soil (oregon) with variation (oregon_1) on day 1984-02-01
[2026-03-23 21:57:08,525][pcse.agromanager.CropCalendar][INFO] - Starting crop (wheat) with variety (wheat_1) on day 1984-02-01
[2026-03-23 21:57:09,935][pcse.crop.phenology.Annual_Phenology][INFO] - Changed phenological stage 'emerging' to 'vegetative' on 1984-04-10
[2026-03-23 21:57:10,781][pcse.crop.phenology.Vernalisation][INFO] - Critical DVS for vernalization (VERNDVS) reached at day 1984-06-02, but vernalization requirements not yet fulfilled. Forcing vernalization now (VERN=47.688571).
[2026-03-23 21:57:10,796][pcse.crop.phenology.Vernalisation][INFO] - Critical DVS for vernalization (VERNDVS) reached at day 1984-06-03, but vernalization requirements not yet fulfilled. Forcing vernalization now (VERN=47.688571).
[2026-03-23 21:57:10,812][pcse.crop.phenology.Vernalisation][INFO] - Critical DVS for vernalization (VERNDVS) reached at day 1984-06-04, but vernalization requirements not yet fulfilled. Forcing vernalization now (VERN=47.688571).
[2026-03-23 21:57:10,828][pcse.crop.phenology.Vernalisation][INFO] - Critical DVS for vernalization (VERNDVS) reached at day 1984-06-05, but vernalization requirements not yet fulfilled. Forcing vernalization now (VERN=47.688571).
[2026-03-23 21:57:10,844][pcse.crop.phenology.Vernalisation][INFO] - Critical DVS for vernalization (VERNDVS) reached at day 1984-06-06, but vernalization requirements not yet fulfilled. Forcing vernalization now (VERN=47.688571).
[2026-03-23 21:57:10,859][pcse.crop.phenology.Vernalisation][INFO] - Critical DVS for vernalization (VERNDVS) reached at day 1984-06-07, but vernalization requirements not yet fulfilled. Forcing vernalization now (VERN=47.688571).
[2026-03-23 21:57:10,875][pcse.crop.phenology.Vernalisation][INFO] - Critical DVS for vernalization (VERNDVS) reached at day 1984-06-08, but vernalization requirements not yet fulfilled. Forcing vernalization now (VERN=47.688571).
[2026-03-23 21:57:10,890][pcse.crop.phenology.Vernalisation][INFO] - Critical DVS for vernalization (VERNDVS) reached at day 1984-06-09, but vernalization requirements not yet fulfilled. Forcing vernalization now (VERN=47.688571).
[2026-03-23 21:57:10,906][pcse.crop.phenology.Vernalisation][INFO] - Critical DVS for vernalization (VERNDVS) reached at day 1984-06-10, but vernalization requirements not yet fulfilled. Forcing vernalization now (VERN=47.688571).
[2026-03-23 21:57:10,922][pcse.crop.phenology.Vernalisation][INFO] - Critical DVS for vernalization (VERNDVS) reached at day 1984-06-11, but vernalization requirements not yet fulfilled. Forcing vernalization now (VERN=47.688571).
[2026-03-23 21:57:10,938][pcse.crop.phenology.Vernalisation][INFO] - Critical DVS for vernalization (VERNDVS) reached at day 1984-06-12, but vernalization requirements not yet fulfilled. Forcing vernalization now (VERN=47.688571).
[2026-03-23 21:57:10,954][pcse.crop.phenology.Vernalisation][INFO] - Critical DVS for vernalization (VERNDVS) reached at day 1984-06-13, but vernalization requirements not yet fulfilled. Forcing vernalization now (VERN=47.688571).
[2026-03-23 21:57:10,970][pcse.crop.phenology.Vernalisation][INFO] - Critical DVS for vernalization (VERNDVS) reached at day 1984-06-14, but vernalization requirements not yet fulfilled. Forcing vernalization now (VERN=47.688571).
[2026-03-23 21:57:10,985][pcse.crop.phenology.Vernalisation][INFO] - Critical DVS for vernalization (VERNDVS) reached at day 1984-06-15, but vernalization requirements not yet fulfilled. Forcing vernalization now (VERN=47.688571).
[2026-03-23 21:57:11,001][pcse.crop.phenology.Vernalisation][INFO] - Critical DVS for vernalization (VERNDVS) reached at day 1984-06-16, but vernalization requirements not yet fulfilled. Forcing vernalization now (VERN=47.688571).
[2026-03-23 21:57:11,016][pcse.crop.phenology.Vernalisation][INFO] - Critical DVS for vernalization (VERNDVS) reached at day 1984-06-17, but vernalization requirements not yet fulfilled. Forcing vernalization now (VERN=47.688571).
[2026-03-23 21:57:11,032][pcse.crop.phenology.Vernalisation][INFO] - Critical DVS for vernalization (VERNDVS) reached at day 1984-06-18, but vernalization requirements not yet fulfilled. Forcing vernalization now (VERN=47.688571).
[2026-03-23 21:57:11,048][pcse.crop.phenology.Vernalisation][INFO] - Critical DVS for vernalization (VERNDVS) reached at day 1984-06-19, but vernalization requirements not yet fulfilled. Forcing vernalization now (VERN=47.688571).
[2026-03-23 21:57:11,064][pcse.crop.phenology.Vernalisation][INFO] - Critical DVS for vernalization (VERNDVS) reached at day 1984-06-20, but vernalization requirements not yet fulfilled. Forcing vernalization now (VERN=47.688571).
[2026-03-23 21:57:11,079][pcse.crop.phenology.Vernalisation][INFO] - Critical DVS for vernalization (VERNDVS) reached at day 1984-06-21, but vernalization requirements not yet fulfilled. Forcing vernalization now (VERN=47.688571).
[2026-03-23 21:57:11,095][pcse.crop.phenology.Vernalisation][INFO] - Critical DVS for vernalization (VERNDVS) reached at day 1984-06-22, but vernalization requirements not yet fulfilled. Forcing vernalization now (VERN=47.688571).
[2026-03-23 21:57:11,111][pcse.crop.phenology.Vernalisation][INFO] - Critical DVS for vernalization (VERNDVS) reached at day 1984-06-23, but vernalization requirements not yet fulfilled. Forcing vernalization now (VERN=47.688571).
[2026-03-23 21:57:11,127][pcse.crop.phenology.Vernalisation][INFO] - Critical DVS for vernalization (VERNDVS) reached at day 1984-06-24, but vernalization requirements not yet fulfilled. Forcing vernalization now (VERN=47.688571).
[2026-03-23 21:57:11,142][pcse.crop.phenology.Vernalisation][INFO] - Critical DVS for vernalization (VERNDVS) reached at day 1984-06-25, but vernalization requirements not yet fulfilled. Forcing vernalization now (VERN=47.688571).
[2026-03-23 21:57:11,158][pcse.crop.phenology.Vernalisation][INFO] - Critical DVS for vernalization (VERNDVS) reached at day 1984-06-26, but vernalization requirements not yet fulfilled. Forcing vernalization now (VERN=47.688571).
[2026-03-23 21:57:11,174][pcse.crop.phenology.Vernalisation][INFO] - Critical DVS for vernalization (VERNDVS) reached at day 1984-06-27, but vernalization requirements not yet fulfilled. Forcing vernalization now (VERN=47.688571).
[2026-03-23 21:57:11,190][pcse.crop.phenology.Vernalisation][INFO] - Critical DVS for vernalization (VERNDVS) reached at day 1984-06-28, but vernalization requirements not yet fulfilled. Forcing vernalization now (VERN=47.688571).
[2026-03-23 21:57:11,205][pcse.crop.phenology.Vernalisation][INFO] - Critical DVS for vernalization (VERNDVS) reached at day 1984-06-29, but vernalization requirements not yet fulfilled. Forcing vernalization now (VERN=47.688571).
[2026-03-23 21:57:11,205][pcse.crop.phenology.Annual_Phenology][INFO] - Changed phenological stage 'vegetative' to 'reproductive' on 1984-06-29
[REPLAY DBG] post-agent-update step=18000 n=18000 mean=-0.567807 std=1.014299 min=-2.242645 max=2.729301
[STEP DBG] step=18000 env_reward=0.631253 r_hat=-0.953968 done=False
[NORM DBG] count=18000 mean_abs_mean=62556.640625 mean_std=142.853333 min_std=0.001000 max_std=1868.644287
[2026-03-23 21:57:12,598][pcse.crop.phenology.Annual_Phenology][INFO] - Changed phenological stage 'reproductive' to 'mature' on 1984-09-13
[2026-03-23 21:57:12,864][pcse.base.timer.Timer][INFO] - Reached end of simulation period as specified by END_DATE.
| train          | E: 75 | S: 18075 | R: -171.2146 | TR: 51.4998 | TF: 128 | LR: 128 | NR: 0 | D: 04.3 s | TD: 00.0 s | BR: -0.5702 | ALOSS: 383.8051 | CLOSS: 940790.0259 | TLOSS: -438.3231 | TVAL: 0.3338 | AENT: -1314.1234 | BCLOSS: 0.0000
[EPISODE DBG] episode=75 step=18075 pred_return=-164.743753 true_return=57.718482 total_feedback=128 labeled_feedback=128
[2026-03-23 21:57:12,871][pcse.agromanager.SoilCalendar][INFO] - Starting soil (oregon) with variation (oregon_1) on day 1984-02-01
[2026-03-23 21:57:12,874][pcse.agromanager.CropCalendar][INFO] - Starting crop (wheat) with variety (wheat_1) on day 1984-02-01
[2026-03-23 21:57:14,281][pcse.crop.phenology.Annual_Phenology][INFO] - Changed phenological stage 'emerging' to 'vegetative' on 1984-04-10
[2026-03-23 21:57:15,096][pcse.crop.phenology.Vernalisation][INFO] - Critical DVS for vernalization (VERNDVS) reached at day 1984-06-02, but vernalization requirements not yet fulfilled. Forcing vernalization now (VERN=47.688571).
[2026-03-23 21:57:15,112][pcse.crop.phenology.Vernalisation][INFO] - Critical DVS for vernalization (VERNDVS) reached at day 1984-06-03, but vernalization requirements not yet fulfilled. Forcing vernalization now (VERN=47.688571).
[2026-03-23 21:57:15,127][pcse.crop.phenology.Vernalisation][INFO] - Critical DVS for vernalization (VERNDVS) reached at day 1984-06-04, but vernalization requirements not yet fulfilled. Forcing vernalization now (VERN=47.688571).
[2026-03-23 21:57:15,142][pcse.crop.phenology.Vernalisation][INFO] - Critical DVS for vernalization (VERNDVS) reached at day 1984-06-05, but vernalization requirements not yet fulfilled. Forcing vernalization now (VERN=47.688571).
[2026-03-23 21:57:15,158][pcse.crop.phenology.Vernalisation][INFO] - Critical DVS for vernalization (VERNDVS) reached at day 1984-06-06, but vernalization requirements not yet fulfilled. Forcing vernalization now (VERN=47.688571).
[2026-03-23 21:57:15,340][pcse.crop.phenology.Vernalisation][INFO] - Critical DVS for vernalization (VERNDVS) reached at day 1984-06-07, but vernalization requirements not yet fulfilled. Forcing vernalization now (VERN=47.688571).
[2026-03-23 21:57:15,358][pcse.crop.phenology.Vernalisation][INFO] - Critical DVS for vernalization (VERNDVS) reached at day 1984-06-08, but vernalization requirements not yet fulfilled. Forcing vernalization now (VERN=47.688571).
[2026-03-23 21:57:15,378][pcse.crop.phenology.Vernalisation][INFO] - Critical DVS for vernalization (VERNDVS) reached at day 1984-06-09, but vernalization requirements not yet fulfilled. Forcing vernalization now (VERN=47.688571).
[2026-03-23 21:57:15,396][pcse.crop.phenology.Vernalisation][INFO] - Critical DVS for vernalization (VERNDVS) reached at day 1984-06-10, but vernalization requirements not yet fulfilled. Forcing vernalization now (VERN=47.688571).
[2026-03-23 21:57:15,415][pcse.crop.phenology.Vernalisation][INFO] - Critical DVS for vernalization (VERNDVS) reached at day 1984-06-11, but vernalization requirements not yet fulfilled. Forcing vernalization now (VERN=47.688571).
[2026-03-23 21:57:15,433][pcse.crop.phenology.Vernalisation][INFO] - Critical DVS for vernalization (VERNDVS) reached at day 1984-06-12, but vernalization requirements not yet fulfilled. Forcing vernalization now (VERN=47.688571).
[2026-03-23 21:57:15,449][pcse.crop.phenology.Vernalisation][INFO] - Critical DVS for vernalization (VERNDVS) reached at day 1984-06-13, but vernalization requirements not yet fulfilled. Forcing vernalization now (VERN=47.688571).
[2026-03-23 21:57:15,467][pcse.crop.phenology.Vernalisation][INFO] - Critical DVS for vernalization (VERNDVS) reached at day 1984-06-14, but vernalization requirements not yet fulfilled. Forcing vernalization now (VERN=47.688571).
[2026-03-23 21:57:15,485][pcse.crop.phenology.Vernalisation][INFO] - Critical DVS for vernalization (VERNDVS) reached at day 1984-06-15, but vernalization requirements not yet fulfilled. Forcing vernalization now (VERN=47.688571).
[2026-03-23 21:57:15,501][pcse.crop.phenology.Vernalisation][INFO] - Critical DVS for vernalization (VERNDVS) reached at day 1984-06-16, but vernalization requirements not yet fulfilled. Forcing vernalization now (VERN=47.688571).
[2026-03-23 21:57:15,517][pcse.crop.phenology.Vernalisation][INFO] - Critical DVS for vernalization (VERNDVS) reached at day 1984-06-17, but vernalization requirements not yet fulfilled. Forcing vernalization now (VERN=47.688571).
[2026-03-23 21:57:15,533][pcse.crop.phenology.Vernalisation][INFO] - Critical DVS for vernalization (VERNDVS) reached at day 1984-06-18, but vernalization requirements not yet fulfilled. Forcing vernalization now (VERN=47.688571).
[2026-03-23 21:57:15,549][pcse.crop.phenology.Vernalisation][INFO] - Critical DVS for vernalization (VERNDVS) reached at day 1984-06-19, but vernalization requirements not yet fulfilled. Forcing vernalization now (VERN=47.688571).
[2026-03-23 21:57:15,564][pcse.crop.phenology.Vernalisation][INFO] - Critical DVS for vernalization (VERNDVS) reached at day 1984-06-20, but vernalization requirements not yet fulfilled. Forcing vernalization now (VERN=47.688571).
[2026-03-23 21:57:15,580][pcse.crop.phenology.Vernalisation][INFO] - Critical DVS for vernalization (VERNDVS) reached at day 1984-06-21, but vernalization requirements not yet fulfilled. Forcing vernalization now (VERN=47.688571).
[2026-03-23 21:57:15,596][pcse.crop.phenology.Vernalisation][INFO] - Critical DVS for vernalization (VERNDVS) reached at day 1984-06-22, but vernalization requirements not yet fulfilled. Forcing vernalization now (VERN=47.688571).
[2026-03-23 21:57:15,613][pcse.crop.phenology.Vernalisation][INFO] - Critical DVS for vernalization (VERNDVS) reached at day 1984-06-23, but vernalization requirements not yet fulfilled. Forcing vernalization now (VERN=47.688571).
[2026-03-23 21:57:15,628][pcse.crop.phenology.Vernalisation][INFO] - Critical DVS for vernalization (VERNDVS) reached at day 1984-06-24, but vernalization requirements not yet fulfilled. Forcing vernalization now (VERN=47.688571).
[2026-03-23 21:57:15,644][pcse.crop.phenology.Vernalisation][INFO] - Critical DVS for vernalization (VERNDVS) reached at day 1984-06-25, but vernalization requirements not yet fulfilled. Forcing vernalization now (VERN=47.688571).
[2026-03-23 21:57:15,660][pcse.crop.phenology.Vernalisation][INFO] - Critical DVS for vernalization (VERNDVS) reached at day 1984-06-26, but vernalization requirements not yet fulfilled. Forcing vernalization now (VERN=47.688571).
[2026-03-23 21:57:15,676][pcse.crop.phenology.Vernalisation][INFO] - Critical DVS for vernalization (VERNDVS) reached at day 1984-06-27, but vernalization requirements not yet fulfilled. Forcing vernalization now (VERN=47.688571).
[2026-03-23 21:57:15,692][pcse.crop.phenology.Vernalisation][INFO] - Critical DVS for vernalization (VERNDVS) reached at day 1984-06-28, but vernalization requirements not yet fulfilled. Forcing vernalization now (VERN=47.688571).
[2026-03-23 21:57:15,708][pcse.crop.phenology.Vernalisation][INFO] - Critical DVS for vernalization (VERNDVS) reached at day 1984-06-29, but vernalization requirements not yet fulfilled. Forcing vernalization now (VERN=47.688571).
[2026-03-23 21:57:15,708][pcse.crop.phenology.Annual_Phenology][INFO] - Changed phenological stage 'vegetative' to 'reproductive' on 1984-06-29
[2026-03-23 21:57:16,885][pcse.crop.phenology.Annual_Phenology][INFO] - Changed phenological stage 'reproductive' to 'mature' on 1984-09-13
[2026-03-23 21:57:17,341][pcse.base.timer.Timer][INFO] - Reached end of simulation period as specified by END_DATE.
| train          | E: 76 | S: 18316 | R: -164.7438 | TR: 57.7185 | TF: 128 | LR: 128 | NR: 0 | D: 04.5 s | TD: 00.0 s | BR: -0.5707 | ALOSS: 623.0972 | CLOSS: 405528.7323 | TLOSS: -435.1864 | TVAL: 0.3400 | AENT: -1281.0858 | BCLOSS: 0.0000
[EPISODE DBG] episode=76 step=18316 pred_return=-163.661257 true_return=42.954051 total_feedback=128 labeled_feedback=128
[2026-03-23 21:57:17,348][pcse.agromanager.SoilCalendar][INFO] - Starting soil (oregon) with variation (oregon_1) on day 1984-02-01
[2026-03-23 21:57:17,350][pcse.agromanager.CropCalendar][INFO] - Starting crop (wheat) with variety (wheat_1) on day 1984-02-01
[2026-03-23 21:57:18,588][pcse.crop.phenology.Annual_Phenology][INFO] - Changed phenological stage 'emerging' to 'vegetative' on 1984-04-10
[2026-03-23 21:57:19,597][pcse.crop.phenology.Vernalisation][INFO] - Critical DVS for vernalization (VERNDVS) reached at day 1984-06-02, but vernalization requirements not yet fulfilled. Forcing vernalization now (VERN=47.688571).
[2026-03-23 21:57:19,613][pcse.crop.phenology.Vernalisation][INFO] - Critical DVS for vernalization (VERNDVS) reached at day 1984-06-03, but vernalization requirements not yet fulfilled. Forcing vernalization now (VERN=47.688571).
[2026-03-23 21:57:19,629][pcse.crop.phenology.Vernalisation][INFO] - Critical DVS for vernalization (VERNDVS) reached at day 1984-06-04, but vernalization requirements not yet fulfilled. Forcing vernalization now (VERN=47.688571).
[2026-03-23 21:57:19,645][pcse.crop.phenology.Vernalisation][INFO] - Critical DVS for vernalization (VERNDVS) reached at day 1984-06-05, but vernalization requirements not yet fulfilled. Forcing vernalization now (VERN=47.688571).
[2026-03-23 21:57:19,661][pcse.crop.phenology.Vernalisation][INFO] - Critical DVS for vernalization (VERNDVS) reached at day 1984-06-06, but vernalization requirements not yet fulfilled. Forcing vernalization now (VERN=47.688571).
[2026-03-23 21:57:19,676][pcse.crop.phenology.Vernalisation][INFO] - Critical DVS for vernalization (VERNDVS) reached at day 1984-06-07, but vernalization requirements not yet fulfilled. Forcing vernalization now (VERN=47.688571).
[2026-03-23 21:57:19,692][pcse.crop.phenology.Vernalisation][INFO] - Critical DVS for vernalization (VERNDVS) reached at day 1984-06-08, but vernalization requirements not yet fulfilled. Forcing vernalization now (VERN=47.688571).
[2026-03-23 21:57:19,708][pcse.crop.phenology.Vernalisation][INFO] - Critical DVS for vernalization (VERNDVS) reached at day 1984-06-09, but vernalization requirements not yet fulfilled. Forcing vernalization now (VERN=47.688571).
[2026-03-23 21:57:19,724][pcse.crop.phenology.Vernalisation][INFO] - Critical DVS for vernalization (VERNDVS) reached at day 1984-06-10, but vernalization requirements not yet fulfilled. Forcing vernalization now (VERN=47.688571).
[2026-03-23 21:57:19,740][pcse.crop.phenology.Vernalisation][INFO] - Critical DVS for vernalization (VERNDVS) reached at day 1984-06-11, but vernalization requirements not yet fulfilled. Forcing vernalization now (VERN=47.688571).
[2026-03-23 21:57:19,755][pcse.crop.phenology.Vernalisation][INFO] - Critical DVS for vernalization (VERNDVS) reached at day 1984-06-12, but vernalization requirements not yet fulfilled. Forcing vernalization now (VERN=47.688571).
[2026-03-23 21:57:19,771][pcse.crop.phenology.Vernalisation][INFO] - Critical DVS for vernalization (VERNDVS) reached at day 1984-06-13, but vernalization requirements not yet fulfilled. Forcing vernalization now (VERN=47.688571).
[2026-03-23 21:57:19,786][pcse.crop.phenology.Vernalisation][INFO] - Critical DVS for vernalization (VERNDVS) reached at day 1984-06-14, but vernalization requirements not yet fulfilled. Forcing vernalization now (VERN=47.688571).
[2026-03-23 21:57:19,802][pcse.crop.phenology.Vernalisation][INFO] - Critical DVS for vernalization (VERNDVS) reached at day 1984-06-15, but vernalization requirements not yet fulfilled. Forcing vernalization now (VERN=47.688571).
[2026-03-23 21:57:19,818][pcse.crop.phenology.Vernalisation][INFO] - Critical DVS for vernalization (VERNDVS) reached at day 1984-06-16, but vernalization requirements not yet fulfilled. Forcing vernalization now (VERN=47.688571).
[2026-03-23 21:57:19,834][pcse.crop.phenology.Vernalisation][INFO] - Critical DVS for vernalization (VERNDVS) reached at day 1984-06-17, but vernalization requirements not yet fulfilled. Forcing vernalization now (VERN=47.688571).
[2026-03-23 21:57:19,850][pcse.crop.phenology.Vernalisation][INFO] - Critical DVS for vernalization (VERNDVS) reached at day 1984-06-18, but vernalization requirements not yet fulfilled. Forcing vernalization now (VERN=47.688571).
[2026-03-23 21:57:19,865][pcse.crop.phenology.Vernalisation][INFO] - Critical DVS for vernalization (VERNDVS) reached at day 1984-06-19, but vernalization requirements not yet fulfilled. Forcing vernalization now (VERN=47.688571).
[2026-03-23 21:57:19,882][pcse.crop.phenology.Vernalisation][INFO] - Critical DVS for vernalization (VERNDVS) reached at day 1984-06-20, but vernalization requirements not yet fulfilled. Forcing vernalization now (VERN=47.688571).
[2026-03-23 21:57:19,899][pcse.crop.phenology.Vernalisation][INFO] - Critical DVS for vernalization (VERNDVS) reached at day 1984-06-21, but vernalization requirements not yet fulfilled. Forcing vernalization now (VERN=47.688571).
[2026-03-23 21:57:19,917][pcse.crop.phenology.Vernalisation][INFO] - Critical DVS for vernalization (VERNDVS) reached at day 1984-06-22, but vernalization requirements not yet fulfilled. Forcing vernalization now (VERN=47.688571).
[2026-03-23 21:57:19,934][pcse.crop.phenology.Vernalisation][INFO] - Critical DVS for vernalization (VERNDVS) reached at day 1984-06-23, but vernalization requirements not yet fulfilled. Forcing vernalization now (VERN=47.688571).
[2026-03-23 21:57:19,950][pcse.crop.phenology.Vernalisation][INFO] - Critical DVS for vernalization (VERNDVS) reached at day 1984-06-24, but vernalization requirements not yet fulfilled. Forcing vernalization now (VERN=47.688571).
[2026-03-23 21:57:19,966][pcse.crop.phenology.Vernalisation][INFO] - Critical DVS for vernalization (VERNDVS) reached at day 1984-06-25, but vernalization requirements not yet fulfilled. Forcing vernalization now (VERN=47.688571).
[2026-03-23 21:57:19,982][pcse.crop.phenology.Vernalisation][INFO] - Critical DVS for vernalization (VERNDVS) reached at day 1984-06-26, but vernalization requirements not yet fulfilled. Forcing vernalization now (VERN=47.688571).
[2026-03-23 21:57:19,998][pcse.crop.phenology.Vernalisation][INFO] - Critical DVS for vernalization (VERNDVS) reached at day 1984-06-27, but vernalization requirements not yet fulfilled. Forcing vernalization now (VERN=47.688571).
[2026-03-23 21:57:20,014][pcse.crop.phenology.Vernalisation][INFO] - Critical DVS for vernalization (VERNDVS) reached at day 1984-06-28, but vernalization requirements not yet fulfilled. Forcing vernalization now (VERN=47.688571).
[2026-03-23 21:57:20,030][pcse.crop.phenology.Vernalisation][INFO] - Critical DVS for vernalization (VERNDVS) reached at day 1984-06-29, but vernalization requirements not yet fulfilled. Forcing vernalization now (VERN=47.688571).
[2026-03-23 21:57:20,030][pcse.crop.phenology.Annual_Phenology][INFO] - Changed phenological stage 'vegetative' to 'reproductive' on 1984-06-29
[REPLAY DBG] post-agent-update step=18500 n=18500 mean=-0.571206 std=1.004386 min=-2.242645 max=2.729301
[STEP DBG] step=18500 env_reward=0.250280 r_hat=-1.131959 done=False
[NORM DBG] count=18500 mean_abs_mean=62555.589844 mean_std=141.207870 min_std=0.001000 max_std=1845.200684
[2026-03-23 21:57:21,413][pcse.crop.phenology.Annual_Phenology][INFO] - Changed phenological stage 'reproductive' to 'mature' on 1984-09-13
[2026-03-23 21:57:21,678][pcse.base.timer.Timer][INFO] - Reached end of simulation period as specified by END_DATE.
| train          | E: 77 | S: 18557 | R: -163.6613 | TR: 42.9541 | TF: 128 | LR: 128 | NR: 0 | D: 04.3 s | TD: 00.0 s | BR: -0.5739 | ALOSS: 843.0011 | CLOSS: 109913.5998 | TLOSS: -433.4991 | TVAL: 0.3465 | AENT: -1252.1578 | BCLOSS: 0.0000
[EPISODE DBG] episode=77 step=18557 pred_return=-164.148825 true_return=22.107560 total_feedback=128 labeled_feedback=128
[2026-03-23 21:57:21,686][pcse.agromanager.SoilCalendar][INFO] - Starting soil (oregon) with variation (oregon_1) on day 1984-02-01
[2026-03-23 21:57:21,688][pcse.agromanager.CropCalendar][INFO] - Starting crop (wheat) with variety (wheat_1) on day 1984-02-01
[2026-03-23 21:57:23,177][pcse.crop.phenology.Annual_Phenology][INFO] - Changed phenological stage 'emerging' to 'vegetative' on 1984-04-10
[2026-03-23 21:57:23,999][pcse.crop.phenology.Vernalisation][INFO] - Critical DVS for vernalization (VERNDVS) reached at day 1984-06-02, but vernalization requirements not yet fulfilled. Forcing vernalization now (VERN=47.688571).
[2026-03-23 21:57:24,015][pcse.crop.phenology.Vernalisation][INFO] - Critical DVS for vernalization (VERNDVS) reached at day 1984-06-03, but vernalization requirements not yet fulfilled. Forcing vernalization now (VERN=47.688571).
[2026-03-23 21:57:24,031][pcse.crop.phenology.Vernalisation][INFO] - Critical DVS for vernalization (VERNDVS) reached at day 1984-06-04, but vernalization requirements not yet fulfilled. Forcing vernalization now (VERN=47.688571).
[2026-03-23 21:57:24,047][pcse.crop.phenology.Vernalisation][INFO] - Critical DVS for vernalization (VERNDVS) reached at day 1984-06-05, but vernalization requirements not yet fulfilled. Forcing vernalization now (VERN=47.688571).
[2026-03-23 21:57:24,062][pcse.crop.phenology.Vernalisation][INFO] - Critical DVS for vernalization (VERNDVS) reached at day 1984-06-06, but vernalization requirements not yet fulfilled. Forcing vernalization now (VERN=47.688571).
[2026-03-23 21:57:24,078][pcse.crop.phenology.Vernalisation][INFO] - Critical DVS for vernalization (VERNDVS) reached at day 1984-06-07, but vernalization requirements not yet fulfilled. Forcing vernalization now (VERN=47.688571).
[2026-03-23 21:57:24,094][pcse.crop.phenology.Vernalisation][INFO] - Critical DVS for vernalization (VERNDVS) reached at day 1984-06-08, but vernalization requirements not yet fulfilled. Forcing vernalization now (VERN=47.688571).
[2026-03-23 21:57:24,110][pcse.crop.phenology.Vernalisation][INFO] - Critical DVS for vernalization (VERNDVS) reached at day 1984-06-09, but vernalization requirements not yet fulfilled. Forcing vernalization now (VERN=47.688571).
[2026-03-23 21:57:24,125][pcse.crop.phenology.Vernalisation][INFO] - Critical DVS for vernalization (VERNDVS) reached at day 1984-06-10, but vernalization requirements not yet fulfilled. Forcing vernalization now (VERN=47.688571).
[2026-03-23 21:57:24,141][pcse.crop.phenology.Vernalisation][INFO] - Critical DVS for vernalization (VERNDVS) reached at day 1984-06-11, but vernalization requirements not yet fulfilled. Forcing vernalization now (VERN=47.688571).
[2026-03-23 21:57:24,157][pcse.crop.phenology.Vernalisation][INFO] - Critical DVS for vernalization (VERNDVS) reached at day 1984-06-12, but vernalization requirements not yet fulfilled. Forcing vernalization now (VERN=47.688571).
[2026-03-23 21:57:24,173][pcse.crop.phenology.Vernalisation][INFO] - Critical DVS for vernalization (VERNDVS) reached at day 1984-06-13, but vernalization requirements not yet fulfilled. Forcing vernalization now (VERN=47.688571).
[2026-03-23 21:57:24,188][pcse.crop.phenology.Vernalisation][INFO] - Critical DVS for vernalization (VERNDVS) reached at day 1984-06-14, but vernalization requirements not yet fulfilled. Forcing vernalization now (VERN=47.688571).
[2026-03-23 21:57:24,204][pcse.crop.phenology.Vernalisation][INFO] - Critical DVS for vernalization (VERNDVS) reached at day 1984-06-15, but vernalization requirements not yet fulfilled. Forcing vernalization now (VERN=47.688571).
[2026-03-23 21:57:24,220][pcse.crop.phenology.Vernalisation][INFO] - Critical DVS for vernalization (VERNDVS) reached at day 1984-06-16, but vernalization requirements not yet fulfilled. Forcing vernalization now (VERN=47.688571).
[2026-03-23 21:57:24,235][pcse.crop.phenology.Vernalisation][INFO] - Critical DVS for vernalization (VERNDVS) reached at day 1984-06-17, but vernalization requirements not yet fulfilled. Forcing vernalization now (VERN=47.688571).
[2026-03-23 21:57:24,251][pcse.crop.phenology.Vernalisation][INFO] - Critical DVS for vernalization (VERNDVS) reached at day 1984-06-18, but vernalization requirements not yet fulfilled. Forcing vernalization now (VERN=47.688571).
[2026-03-23 21:57:24,267][pcse.crop.phenology.Vernalisation][INFO] - Critical DVS for vernalization (VERNDVS) reached at day 1984-06-19, but vernalization requirements not yet fulfilled. Forcing vernalization now (VERN=47.688571).
[2026-03-23 21:57:24,282][pcse.crop.phenology.Vernalisation][INFO] - Critical DVS for vernalization (VERNDVS) reached at day 1984-06-20, but vernalization requirements not yet fulfilled. Forcing vernalization now (VERN=47.688571).
[2026-03-23 21:57:24,298][pcse.crop.phenology.Vernalisation][INFO] - Critical DVS for vernalization (VERNDVS) reached at day 1984-06-21, but vernalization requirements not yet fulfilled. Forcing vernalization now (VERN=47.688571).
[2026-03-23 21:57:24,314][pcse.crop.phenology.Vernalisation][INFO] - Critical DVS for vernalization (VERNDVS) reached at day 1984-06-22, but vernalization requirements not yet fulfilled. Forcing vernalization now (VERN=47.688571).
[2026-03-23 21:57:24,330][pcse.crop.phenology.Vernalisation][INFO] - Critical DVS for vernalization (VERNDVS) reached at day 1984-06-23, but vernalization requirements not yet fulfilled. Forcing vernalization now (VERN=47.688571).
[2026-03-23 21:57:24,345][pcse.crop.phenology.Vernalisation][INFO] - Critical DVS for vernalization (VERNDVS) reached at day 1984-06-24, but vernalization requirements not yet fulfilled. Forcing vernalization now (VERN=47.688571).
[2026-03-23 21:57:24,529][pcse.crop.phenology.Vernalisation][INFO] - Critical DVS for vernalization (VERNDVS) reached at day 1984-06-25, but vernalization requirements not yet fulfilled. Forcing vernalization now (VERN=47.688571).
[2026-03-23 21:57:24,550][pcse.crop.phenology.Vernalisation][INFO] - Critical DVS for vernalization (VERNDVS) reached at day 1984-06-26, but vernalization requirements not yet fulfilled. Forcing vernalization now (VERN=47.688571).
[2026-03-23 21:57:24,570][pcse.crop.phenology.Vernalisation][INFO] - Critical DVS for vernalization (VERNDVS) reached at day 1984-06-27, but vernalization requirements not yet fulfilled. Forcing vernalization now (VERN=47.688571).
[2026-03-23 21:57:24,589][pcse.crop.phenology.Vernalisation][INFO] - Critical DVS for vernalization (VERNDVS) reached at day 1984-06-28, but vernalization requirements not yet fulfilled. Forcing vernalization now (VERN=47.688571).
[2026-03-23 21:57:24,608][pcse.crop.phenology.Vernalisation][INFO] - Critical DVS for vernalization (VERNDVS) reached at day 1984-06-29, but vernalization requirements not yet fulfilled. Forcing vernalization now (VERN=47.688571).
[2026-03-23 21:57:24,608][pcse.crop.phenology.Annual_Phenology][INFO] - Changed phenological stage 'vegetative' to 'reproductive' on 1984-06-29
[2026-03-23 21:57:25,671][pcse.crop.phenology.Annual_Phenology][INFO] - Changed phenological stage 'reproductive' to 'mature' on 1984-09-13
[2026-03-23 21:57:25,901][pcse.base.timer.Timer][INFO] - Reached end of simulation period as specified by END_DATE.
| train          | E: 78 | S: 18798 | R: -164.1488 | TR: 22.1076 | TF: 128 | LR: 128 | NR: 0 | D: 04.2 s | TD: 00.0 s | BR: -0.5732 | ALOSS: 1104.0891 | CLOSS: 152732.7250 | TLOSS: -431.3810 | TVAL: 0.3534 | AENT: -1221.8761 | BCLOSS: 0.0000
[EPISODE DBG] episode=78 step=18798 pred_return=-166.719820 true_return=27.250778 total_feedback=128 labeled_feedback=128
[2026-03-23 21:57:25,906][pcse.agromanager.SoilCalendar][INFO] - Starting soil (oregon) with variation (oregon_1) on day 1984-02-01
[2026-03-23 21:57:25,908][pcse.agromanager.CropCalendar][INFO] - Starting crop (wheat) with variety (wheat_1) on day 1984-02-01
[2026-03-23 21:57:27,401][pcse.crop.phenology.Annual_Phenology][INFO] - Changed phenological stage 'emerging' to 'vegetative' on 1984-04-10
[2026-03-23 21:57:28,402][pcse.crop.phenology.Vernalisation][INFO] - Critical DVS for vernalization (VERNDVS) reached at day 1984-06-02, but vernalization requirements not yet fulfilled. Forcing vernalization now (VERN=47.688571).
[2026-03-23 21:57:28,418][pcse.crop.phenology.Vernalisation][INFO] - Critical DVS for vernalization (VERNDVS) reached at day 1984-06-03, but vernalization requirements not yet fulfilled. Forcing vernalization now (VERN=47.688571).
[2026-03-23 21:57:28,434][pcse.crop.phenology.Vernalisation][INFO] - Critical DVS for vernalization (VERNDVS) reached at day 1984-06-04, but vernalization requirements not yet fulfilled. Forcing vernalization now (VERN=47.688571).
[2026-03-23 21:57:28,452][pcse.crop.phenology.Vernalisation][INFO] - Critical DVS for vernalization (VERNDVS) reached at day 1984-06-05, but vernalization requirements not yet fulfilled. Forcing vernalization now (VERN=47.688571).
[2026-03-23 21:57:28,470][pcse.crop.phenology.Vernalisation][INFO] - Critical DVS for vernalization (VERNDVS) reached at day 1984-06-06, but vernalization requirements not yet fulfilled. Forcing vernalization now (VERN=47.688571).
[2026-03-23 21:57:28,486][pcse.crop.phenology.Vernalisation][INFO] - Critical DVS for vernalization (VERNDVS) reached at day 1984-06-07, but vernalization requirements not yet fulfilled. Forcing vernalization now (VERN=47.688571).
[2026-03-23 21:57:28,502][pcse.crop.phenology.Vernalisation][INFO] - Critical DVS for vernalization (VERNDVS) reached at day 1984-06-08, but vernalization requirements not yet fulfilled. Forcing vernalization now (VERN=47.688571).
[2026-03-23 21:57:28,518][pcse.crop.phenology.Vernalisation][INFO] - Critical DVS for vernalization (VERNDVS) reached at day 1984-06-09, but vernalization requirements not yet fulfilled. Forcing vernalization now (VERN=47.688571).
[2026-03-23 21:57:28,534][pcse.crop.phenology.Vernalisation][INFO] - Critical DVS for vernalization (VERNDVS) reached at day 1984-06-10, but vernalization requirements not yet fulfilled. Forcing vernalization now (VERN=47.688571).
[2026-03-23 21:57:28,549][pcse.crop.phenology.Vernalisation][INFO] - Critical DVS for vernalization (VERNDVS) reached at day 1984-06-11, but vernalization requirements not yet fulfilled. Forcing vernalization now (VERN=47.688571).
[2026-03-23 21:57:28,565][pcse.crop.phenology.Vernalisation][INFO] - Critical DVS for vernalization (VERNDVS) reached at day 1984-06-12, but vernalization requirements not yet fulfilled. Forcing vernalization now (VERN=47.688571).
[2026-03-23 21:57:28,581][pcse.crop.phenology.Vernalisation][INFO] - Critical DVS for vernalization (VERNDVS) reached at day 1984-06-13, but vernalization requirements not yet fulfilled. Forcing vernalization now (VERN=47.688571).
[2026-03-23 21:57:28,597][pcse.crop.phenology.Vernalisation][INFO] - Critical DVS for vernalization (VERNDVS) reached at day 1984-06-14, but vernalization requirements not yet fulfilled. Forcing vernalization now (VERN=47.688571).
[2026-03-23 21:57:28,613][pcse.crop.phenology.Vernalisation][INFO] - Critical DVS for vernalization (VERNDVS) reached at day 1984-06-15, but vernalization requirements not yet fulfilled. Forcing vernalization now (VERN=47.688571).
[2026-03-23 21:57:28,628][pcse.crop.phenology.Vernalisation][INFO] - Critical DVS for vernalization (VERNDVS) reached at day 1984-06-16, but vernalization requirements not yet fulfilled. Forcing vernalization now (VERN=47.688571).
[2026-03-23 21:57:28,644][pcse.crop.phenology.Vernalisation][INFO] - Critical DVS for vernalization (VERNDVS) reached at day 1984-06-17, but vernalization requirements not yet fulfilled. Forcing vernalization now (VERN=47.688571).
[2026-03-23 21:57:28,660][pcse.crop.phenology.Vernalisation][INFO] - Critical DVS for vernalization (VERNDVS) reached at day 1984-06-18, but vernalization requirements not yet fulfilled. Forcing vernalization now (VERN=47.688571).
[2026-03-23 21:57:28,675][pcse.crop.phenology.Vernalisation][INFO] - Critical DVS for vernalization (VERNDVS) reached at day 1984-06-19, but vernalization requirements not yet fulfilled. Forcing vernalization now (VERN=47.688571).
[2026-03-23 21:57:28,691][pcse.crop.phenology.Vernalisation][INFO] - Critical DVS for vernalization (VERNDVS) reached at day 1984-06-20, but vernalization requirements not yet fulfilled. Forcing vernalization now (VERN=47.688571).
[2026-03-23 21:57:28,707][pcse.crop.phenology.Vernalisation][INFO] - Critical DVS for vernalization (VERNDVS) reached at day 1984-06-21, but vernalization requirements not yet fulfilled. Forcing vernalization now (VERN=47.688571).
[2026-03-23 21:57:28,723][pcse.crop.phenology.Vernalisation][INFO] - Critical DVS for vernalization (VERNDVS) reached at day 1984-06-22, but vernalization requirements not yet fulfilled. Forcing vernalization now (VERN=47.688571).
[2026-03-23 21:57:28,738][pcse.crop.phenology.Vernalisation][INFO] - Critical DVS for vernalization (VERNDVS) reached at day 1984-06-23, but vernalization requirements not yet fulfilled. Forcing vernalization now (VERN=47.688571).
[2026-03-23 21:57:28,754][pcse.crop.phenology.Vernalisation][INFO] - Critical DVS for vernalization (VERNDVS) reached at day 1984-06-24, but vernalization requirements not yet fulfilled. Forcing vernalization now (VERN=47.688571).
[2026-03-23 21:57:28,770][pcse.crop.phenology.Vernalisation][INFO] - Critical DVS for vernalization (VERNDVS) reached at day 1984-06-25, but vernalization requirements not yet fulfilled. Forcing vernalization now (VERN=47.688571).
[2026-03-23 21:57:28,786][pcse.crop.phenology.Vernalisation][INFO] - Critical DVS for vernalization (VERNDVS) reached at day 1984-06-26, but vernalization requirements not yet fulfilled. Forcing vernalization now (VERN=47.688571).
[2026-03-23 21:57:28,801][pcse.crop.phenology.Vernalisation][INFO] - Critical DVS for vernalization (VERNDVS) reached at day 1984-06-27, but vernalization requirements not yet fulfilled. Forcing vernalization now (VERN=47.688571).
[2026-03-23 21:57:28,817][pcse.crop.phenology.Vernalisation][INFO] - Critical DVS for vernalization (VERNDVS) reached at day 1984-06-28, but vernalization requirements not yet fulfilled. Forcing vernalization now (VERN=47.688571).
[2026-03-23 21:57:28,832][pcse.crop.phenology.Vernalisation][INFO] - Critical DVS for vernalization (VERNDVS) reached at day 1984-06-29, but vernalization requirements not yet fulfilled. Forcing vernalization now (VERN=47.688571).
[2026-03-23 21:57:28,833][pcse.crop.phenology.Annual_Phenology][INFO] - Changed phenological stage 'vegetative' to 'reproductive' on 1984-06-29
[REPLAY DBG] post-agent-update step=19000 n=19000 mean=-0.574769 std=0.994899 min=-2.242645 max=2.729301
[STEP DBG] step=19000 env_reward=0.519667 r_hat=-1.295971 done=False
[NORM DBG] count=19000 mean_abs_mean=62554.589844 mean_std=139.624054 min_std=0.001000 max_std=1822.610352
[2026-03-23 21:57:30,262][pcse.crop.phenology.Annual_Phenology][INFO] - Changed phenological stage 'reproductive' to 'mature' on 1984-09-13
[2026-03-23 21:57:30,534][pcse.base.timer.Timer][INFO] - Reached end of simulation period as specified by END_DATE.
| train          | E: 79 | S: 19039 | R: -166.7198 | TR: 27.2508 | TF: 128 | LR: 128 | NR: 0 | D: 04.6 s | TD: 00.0 s | BR: -0.5740 | ALOSS: 1331.6325 | CLOSS: 170321.4156 | TLOSS: -429.8743 | TVAL: 0.3605 | AENT: -1193.3273 | BCLOSS: 0.0000
[EPISODE DBG] episode=79 step=19039 pred_return=-165.729869 true_return=44.905043 total_feedback=128 labeled_feedback=128
[2026-03-23 21:57:30,542][pcse.agromanager.SoilCalendar][INFO] - Starting soil (oregon) with variation (oregon_1) on day 1984-02-01
[2026-03-23 21:57:30,545][pcse.agromanager.CropCalendar][INFO] - Starting crop (wheat) with variety (wheat_1) on day 1984-02-01
[2026-03-23 21:57:31,967][pcse.crop.phenology.Annual_Phenology][INFO] - Changed phenological stage 'emerging' to 'vegetative' on 1984-04-10
[2026-03-23 21:57:32,797][pcse.crop.phenology.Vernalisation][INFO] - Critical DVS for vernalization (VERNDVS) reached at day 1984-06-02, but vernalization requirements not yet fulfilled. Forcing vernalization now (VERN=47.688571).
[2026-03-23 21:57:32,813][pcse.crop.phenology.Vernalisation][INFO] - Critical DVS for vernalization (VERNDVS) reached at day 1984-06-03, but vernalization requirements not yet fulfilled. Forcing vernalization now (VERN=47.688571).
[2026-03-23 21:57:32,828][pcse.crop.phenology.Vernalisation][INFO] - Critical DVS for vernalization (VERNDVS) reached at day 1984-06-04, but vernalization requirements not yet fulfilled. Forcing vernalization now (VERN=47.688571).
[2026-03-23 21:57:32,844][pcse.crop.phenology.Vernalisation][INFO] - Critical DVS for vernalization (VERNDVS) reached at day 1984-06-05, but vernalization requirements not yet fulfilled. Forcing vernalization now (VERN=47.688571).
[2026-03-23 21:57:32,860][pcse.crop.phenology.Vernalisation][INFO] - Critical DVS for vernalization (VERNDVS) reached at day 1984-06-06, but vernalization requirements not yet fulfilled. Forcing vernalization now (VERN=47.688571).
[2026-03-23 21:57:32,876][pcse.crop.phenology.Vernalisation][INFO] - Critical DVS for vernalization (VERNDVS) reached at day 1984-06-07, but vernalization requirements not yet fulfilled. Forcing vernalization now (VERN=47.688571).
[2026-03-23 21:57:32,892][pcse.crop.phenology.Vernalisation][INFO] - Critical DVS for vernalization (VERNDVS) reached at day 1984-06-08, but vernalization requirements not yet fulfilled. Forcing vernalization now (VERN=47.688571).
[2026-03-23 21:57:32,908][pcse.crop.phenology.Vernalisation][INFO] - Critical DVS for vernalization (VERNDVS) reached at day 1984-06-09, but vernalization requirements not yet fulfilled. Forcing vernalization now (VERN=47.688571).
[2026-03-23 21:57:32,924][pcse.crop.phenology.Vernalisation][INFO] - Critical DVS for vernalization (VERNDVS) reached at day 1984-06-10, but vernalization requirements not yet fulfilled. Forcing vernalization now (VERN=47.688571).
[2026-03-23 21:57:32,940][pcse.crop.phenology.Vernalisation][INFO] - Critical DVS for vernalization (VERNDVS) reached at day 1984-06-11, but vernalization requirements not yet fulfilled. Forcing vernalization now (VERN=47.688571).
[2026-03-23 21:57:32,956][pcse.crop.phenology.Vernalisation][INFO] - Critical DVS for vernalization (VERNDVS) reached at day 1984-06-12, but vernalization requirements not yet fulfilled. Forcing vernalization now (VERN=47.688571).
[2026-03-23 21:57:32,972][pcse.crop.phenology.Vernalisation][INFO] - Critical DVS for vernalization (VERNDVS) reached at day 1984-06-13, but vernalization requirements not yet fulfilled. Forcing vernalization now (VERN=47.688571).
[2026-03-23 21:57:32,988][pcse.crop.phenology.Vernalisation][INFO] - Critical DVS for vernalization (VERNDVS) reached at day 1984-06-14, but vernalization requirements not yet fulfilled. Forcing vernalization now (VERN=47.688571).
[2026-03-23 21:57:33,004][pcse.crop.phenology.Vernalisation][INFO] - Critical DVS for vernalization (VERNDVS) reached at day 1984-06-15, but vernalization requirements not yet fulfilled. Forcing vernalization now (VERN=47.688571).
[2026-03-23 21:57:33,020][pcse.crop.phenology.Vernalisation][INFO] - Critical DVS for vernalization (VERNDVS) reached at day 1984-06-16, but vernalization requirements not yet fulfilled. Forcing vernalization now (VERN=47.688571).
[2026-03-23 21:57:33,036][pcse.crop.phenology.Vernalisation][INFO] - Critical DVS for vernalization (VERNDVS) reached at day 1984-06-17, but vernalization requirements not yet fulfilled. Forcing vernalization now (VERN=47.688571).
[2026-03-23 21:57:33,052][pcse.crop.phenology.Vernalisation][INFO] - Critical DVS for vernalization (VERNDVS) reached at day 1984-06-18, but vernalization requirements not yet fulfilled. Forcing vernalization now (VERN=47.688571).
[2026-03-23 21:57:33,068][pcse.crop.phenology.Vernalisation][INFO] - Critical DVS for vernalization (VERNDVS) reached at day 1984-06-19, but vernalization requirements not yet fulfilled. Forcing vernalization now (VERN=47.688571).
[2026-03-23 21:57:33,084][pcse.crop.phenology.Vernalisation][INFO] - Critical DVS for vernalization (VERNDVS) reached at day 1984-06-20, but vernalization requirements not yet fulfilled. Forcing vernalization now (VERN=47.688571).
[2026-03-23 21:57:33,101][pcse.crop.phenology.Vernalisation][INFO] - Critical DVS for vernalization (VERNDVS) reached at day 1984-06-21, but vernalization requirements not yet fulfilled. Forcing vernalization now (VERN=47.688571).
[2026-03-23 21:57:33,117][pcse.crop.phenology.Vernalisation][INFO] - Critical DVS for vernalization (VERNDVS) reached at day 1984-06-22, but vernalization requirements not yet fulfilled. Forcing vernalization now (VERN=47.688571).
[2026-03-23 21:57:33,133][pcse.crop.phenology.Vernalisation][INFO] - Critical DVS for vernalization (VERNDVS) reached at day 1984-06-23, but vernalization requirements not yet fulfilled. Forcing vernalization now (VERN=47.688571).
[2026-03-23 21:57:33,149][pcse.crop.phenology.Vernalisation][INFO] - Critical DVS for vernalization (VERNDVS) reached at day 1984-06-24, but vernalization requirements not yet fulfilled. Forcing vernalization now (VERN=47.688571).
[2026-03-23 21:57:33,165][pcse.crop.phenology.Vernalisation][INFO] - Critical DVS for vernalization (VERNDVS) reached at day 1984-06-25, but vernalization requirements not yet fulfilled. Forcing vernalization now (VERN=47.688571).
[2026-03-23 21:57:33,181][pcse.crop.phenology.Vernalisation][INFO] - Critical DVS for vernalization (VERNDVS) reached at day 1984-06-26, but vernalization requirements not yet fulfilled. Forcing vernalization now (VERN=47.688571).
[2026-03-23 21:57:33,197][pcse.crop.phenology.Vernalisation][INFO] - Critical DVS for vernalization (VERNDVS) reached at day 1984-06-27, but vernalization requirements not yet fulfilled. Forcing vernalization now (VERN=47.688571).
[2026-03-23 21:57:33,213][pcse.crop.phenology.Vernalisation][INFO] - Critical DVS for vernalization (VERNDVS) reached at day 1984-06-28, but vernalization requirements not yet fulfilled. Forcing vernalization now (VERN=47.688571).
[2026-03-23 21:57:33,229][pcse.crop.phenology.Vernalisation][INFO] - Critical DVS for vernalization (VERNDVS) reached at day 1984-06-29, but vernalization requirements not yet fulfilled. Forcing vernalization now (VERN=47.688571).
[2026-03-23 21:57:33,229][pcse.crop.phenology.Annual_Phenology][INFO] - Changed phenological stage 'vegetative' to 'reproductive' on 1984-06-29
[2026-03-23 21:57:34,611][pcse.crop.phenology.Annual_Phenology][INFO] - Changed phenological stage 'reproductive' to 'mature' on 1984-09-13
[2026-03-23 21:57:34,875][pcse.base.timer.Timer][INFO] - Reached end of simulation period as specified by END_DATE.
| train          | E: 80 | S: 19280 | R: -165.7299 | TR: 44.9050 | TF: 128 | LR: 128 | NR: 0 | D: 04.3 s | TD: 00.0 s | BR: -0.5749 | ALOSS: 1689.7750 | CLOSS: 882870.3531 | TLOSS: -430.8287 | TVAL: 0.3681 | AENT: -1171.5831 | BCLOSS: 0.0000
[EPISODE DBG] episode=80 step=19280 pred_return=-162.337690 true_return=51.499815 total_feedback=128 labeled_feedback=128
[2026-03-23 21:57:34,882][pcse.agromanager.SoilCalendar][INFO] - Starting soil (oregon) with variation (oregon_1) on day 1984-02-01
[2026-03-23 21:57:34,884][pcse.agromanager.CropCalendar][INFO] - Starting crop (wheat) with variety (wheat_1) on day 1984-02-01
[2026-03-23 21:57:36,175][pcse.crop.phenology.Annual_Phenology][INFO] - Changed phenological stage 'emerging' to 'vegetative' on 1984-04-10
[2026-03-23 21:57:37,050][pcse.crop.phenology.Vernalisation][INFO] - Critical DVS for vernalization (VERNDVS) reached at day 1984-06-02, but vernalization requirements not yet fulfilled. Forcing vernalization now (VERN=47.688571).
[2026-03-23 21:57:37,066][pcse.crop.phenology.Vernalisation][INFO] - Critical DVS for vernalization (VERNDVS) reached at day 1984-06-03, but vernalization requirements not yet fulfilled. Forcing vernalization now (VERN=47.688571).
[2026-03-23 21:57:37,082][pcse.crop.phenology.Vernalisation][INFO] - Critical DVS for vernalization (VERNDVS) reached at day 1984-06-04, but vernalization requirements not yet fulfilled. Forcing vernalization now (VERN=47.688571).
[2026-03-23 21:57:37,098][pcse.crop.phenology.Vernalisation][INFO] - Critical DVS for vernalization (VERNDVS) reached at day 1984-06-05, but vernalization requirements not yet fulfilled. Forcing vernalization now (VERN=47.688571).
[2026-03-23 21:57:37,114][pcse.crop.phenology.Vernalisation][INFO] - Critical DVS for vernalization (VERNDVS) reached at day 1984-06-06, but vernalization requirements not yet fulfilled. Forcing vernalization now (VERN=47.688571).
[2026-03-23 21:57:37,129][pcse.crop.phenology.Vernalisation][INFO] - Critical DVS for vernalization (VERNDVS) reached at day 1984-06-07, but vernalization requirements not yet fulfilled. Forcing vernalization now (VERN=47.688571).
[2026-03-23 21:57:37,144][pcse.crop.phenology.Vernalisation][INFO] - Critical DVS for vernalization (VERNDVS) reached at day 1984-06-08, but vernalization requirements not yet fulfilled. Forcing vernalization now (VERN=47.688571).
[2026-03-23 21:57:37,158][pcse.crop.phenology.Vernalisation][INFO] - Critical DVS for vernalization (VERNDVS) reached at day 1984-06-09, but vernalization requirements not yet fulfilled. Forcing vernalization now (VERN=47.688571).
[2026-03-23 21:57:37,172][pcse.crop.phenology.Vernalisation][INFO] - Critical DVS for vernalization (VERNDVS) reached at day 1984-06-10, but vernalization requirements not yet fulfilled. Forcing vernalization now (VERN=47.688571).
[2026-03-23 21:57:37,186][pcse.crop.phenology.Vernalisation][INFO] - Critical DVS for vernalization (VERNDVS) reached at day 1984-06-11, but vernalization requirements not yet fulfilled. Forcing vernalization now (VERN=47.688571).
[2026-03-23 21:57:37,200][pcse.crop.phenology.Vernalisation][INFO] - Critical DVS for vernalization (VERNDVS) reached at day 1984-06-12, but vernalization requirements not yet fulfilled. Forcing vernalization now (VERN=47.688571).
[2026-03-23 21:57:37,214][pcse.crop.phenology.Vernalisation][INFO] - Critical DVS for vernalization (VERNDVS) reached at day 1984-06-13, but vernalization requirements not yet fulfilled. Forcing vernalization now (VERN=47.688571).
[2026-03-23 21:57:37,228][pcse.crop.phenology.Vernalisation][INFO] - Critical DVS for vernalization (VERNDVS) reached at day 1984-06-14, but vernalization requirements not yet fulfilled. Forcing vernalization now (VERN=47.688571).
[2026-03-23 21:57:37,243][pcse.crop.phenology.Vernalisation][INFO] - Critical DVS for vernalization (VERNDVS) reached at day 1984-06-15, but vernalization requirements not yet fulfilled. Forcing vernalization now (VERN=47.688571).
[2026-03-23 21:57:37,256][pcse.crop.phenology.Vernalisation][INFO] - Critical DVS for vernalization (VERNDVS) reached at day 1984-06-16, but vernalization requirements not yet fulfilled. Forcing vernalization now (VERN=47.688571).
[2026-03-23 21:57:37,270][pcse.crop.phenology.Vernalisation][INFO] - Critical DVS for vernalization (VERNDVS) reached at day 1984-06-17, but vernalization requirements not yet fulfilled. Forcing vernalization now (VERN=47.688571).
[2026-03-23 21:57:37,284][pcse.crop.phenology.Vernalisation][INFO] - Critical DVS for vernalization (VERNDVS) reached at day 1984-06-18, but vernalization requirements not yet fulfilled. Forcing vernalization now (VERN=47.688571).
[2026-03-23 21:57:37,298][pcse.crop.phenology.Vernalisation][INFO] - Critical DVS for vernalization (VERNDVS) reached at day 1984-06-19, but vernalization requirements not yet fulfilled. Forcing vernalization now (VERN=47.688571).
[2026-03-23 21:57:37,312][pcse.crop.phenology.Vernalisation][INFO] - Critical DVS for vernalization (VERNDVS) reached at day 1984-06-20, but vernalization requirements not yet fulfilled. Forcing vernalization now (VERN=47.688571).
[2026-03-23 21:57:37,325][pcse.crop.phenology.Vernalisation][INFO] - Critical DVS for vernalization (VERNDVS) reached at day 1984-06-21, but vernalization requirements not yet fulfilled. Forcing vernalization now (VERN=47.688571).
[2026-03-23 21:57:37,339][pcse.crop.phenology.Vernalisation][INFO] - Critical DVS for vernalization (VERNDVS) reached at day 1984-06-22, but vernalization requirements not yet fulfilled. Forcing vernalization now (VERN=47.688571).
[2026-03-23 21:57:37,353][pcse.crop.phenology.Vernalisation][INFO] - Critical DVS for vernalization (VERNDVS) reached at day 1984-06-23, but vernalization requirements not yet fulfilled. Forcing vernalization now (VERN=47.688571).
[2026-03-23 21:57:37,366][pcse.crop.phenology.Vernalisation][INFO] - Critical DVS for vernalization (VERNDVS) reached at day 1984-06-24, but vernalization requirements not yet fulfilled. Forcing vernalization now (VERN=47.688571).
[2026-03-23 21:57:37,380][pcse.crop.phenology.Vernalisation][INFO] - Critical DVS for vernalization (VERNDVS) reached at day 1984-06-25, but vernalization requirements not yet fulfilled. Forcing vernalization now (VERN=47.688571).
[2026-03-23 21:57:37,394][pcse.crop.phenology.Vernalisation][INFO] - Critical DVS for vernalization (VERNDVS) reached at day 1984-06-26, but vernalization requirements not yet fulfilled. Forcing vernalization now (VERN=47.688571).
[2026-03-23 21:57:37,408][pcse.crop.phenology.Vernalisation][INFO] - Critical DVS for vernalization (VERNDVS) reached at day 1984-06-27, but vernalization requirements not yet fulfilled. Forcing vernalization now (VERN=47.688571).
[2026-03-23 21:57:37,421][pcse.crop.phenology.Vernalisation][INFO] - Critical DVS for vernalization (VERNDVS) reached at day 1984-06-28, but vernalization requirements not yet fulfilled. Forcing vernalization now (VERN=47.688571).
[2026-03-23 21:57:37,435][pcse.crop.phenology.Vernalisation][INFO] - Critical DVS for vernalization (VERNDVS) reached at day 1984-06-29, but vernalization requirements not yet fulfilled. Forcing vernalization now (VERN=47.688571).
[2026-03-23 21:57:37,435][pcse.crop.phenology.Annual_Phenology][INFO] - Changed phenological stage 'vegetative' to 'reproductive' on 1984-06-29
[REPLAY DBG] post-agent-update step=19500 n=19500 mean=-0.577669 std=0.985946 min=-2.242645 max=2.729301
[STEP DBG] step=19500 env_reward=0.651986 r_hat=-1.459824 done=False
[NORM DBG] count=19500 mean_abs_mean=62553.648438 mean_std=138.097244 min_std=0.001000 max_std=1800.822754
[2026-03-23 21:57:38,793][pcse.crop.phenology.Annual_Phenology][INFO] - Changed phenological stage 'reproductive' to 'mature' on 1984-09-13
[2026-03-23 21:57:39,065][pcse.base.timer.Timer][INFO] - Reached end of simulation period as specified by END_DATE.
| train          | E: 81 | S: 19521 | R: -162.3377 | TR: 51.4998 | TF: 128 | LR: 128 | NR: 0 | D: 04.2 s | TD: 00.0 s | BR: -0.5782 | ALOSS: 2513.2908 | CLOSS: 2301757.6572 | TLOSS: -426.2276 | TVAL: 0.3758 | AENT: -1135.3773 | BCLOSS: 0.0000
[EPISODE DBG] episode=81 step=19521 pred_return=-157.545279 true_return=57.718482 total_feedback=128 labeled_feedback=128
[2026-03-23 21:57:39,072][pcse.agromanager.SoilCalendar][INFO] - Starting soil (oregon) with variation (oregon_1) on day 1984-02-01
[2026-03-23 21:57:39,074][pcse.agromanager.CropCalendar][INFO] - Starting crop (wheat) with variety (wheat_1) on day 1984-02-01
[2026-03-23 21:57:40,311][pcse.crop.phenology.Annual_Phenology][INFO] - Changed phenological stage 'emerging' to 'vegetative' on 1984-04-10
[2026-03-23 21:57:41,350][pcse.crop.phenology.Vernalisation][INFO] - Critical DVS for vernalization (VERNDVS) reached at day 1984-06-02, but vernalization requirements not yet fulfilled. Forcing vernalization now (VERN=47.688571).
[2026-03-23 21:57:41,366][pcse.crop.phenology.Vernalisation][INFO] - Critical DVS for vernalization (VERNDVS) reached at day 1984-06-03, but vernalization requirements not yet fulfilled. Forcing vernalization now (VERN=47.688571).
[2026-03-23 21:57:41,382][pcse.crop.phenology.Vernalisation][INFO] - Critical DVS for vernalization (VERNDVS) reached at day 1984-06-04, but vernalization requirements not yet fulfilled. Forcing vernalization now (VERN=47.688571).
[2026-03-23 21:57:41,398][pcse.crop.phenology.Vernalisation][INFO] - Critical DVS for vernalization (VERNDVS) reached at day 1984-06-05, but vernalization requirements not yet fulfilled. Forcing vernalization now (VERN=47.688571).
[2026-03-23 21:57:41,414][pcse.crop.phenology.Vernalisation][INFO] - Critical DVS for vernalization (VERNDVS) reached at day 1984-06-06, but vernalization requirements not yet fulfilled. Forcing vernalization now (VERN=47.688571).
[2026-03-23 21:57:41,430][pcse.crop.phenology.Vernalisation][INFO] - Critical DVS for vernalization (VERNDVS) reached at day 1984-06-07, but vernalization requirements not yet fulfilled. Forcing vernalization now (VERN=47.688571).
[2026-03-23 21:57:41,445][pcse.crop.phenology.Vernalisation][INFO] - Critical DVS for vernalization (VERNDVS) reached at day 1984-06-08, but vernalization requirements not yet fulfilled. Forcing vernalization now (VERN=47.688571).
[2026-03-23 21:57:41,462][pcse.crop.phenology.Vernalisation][INFO] - Critical DVS for vernalization (VERNDVS) reached at day 1984-06-09, but vernalization requirements not yet fulfilled. Forcing vernalization now (VERN=47.688571).
[2026-03-23 21:57:41,478][pcse.crop.phenology.Vernalisation][INFO] - Critical DVS for vernalization (VERNDVS) reached at day 1984-06-10, but vernalization requirements not yet fulfilled. Forcing vernalization now (VERN=47.688571).
[2026-03-23 21:57:41,493][pcse.crop.phenology.Vernalisation][INFO] - Critical DVS for vernalization (VERNDVS) reached at day 1984-06-11, but vernalization requirements not yet fulfilled. Forcing vernalization now (VERN=47.688571).
[2026-03-23 21:57:41,509][pcse.crop.phenology.Vernalisation][INFO] - Critical DVS for vernalization (VERNDVS) reached at day 1984-06-12, but vernalization requirements not yet fulfilled. Forcing vernalization now (VERN=47.688571).
[2026-03-23 21:57:41,525][pcse.crop.phenology.Vernalisation][INFO] - Critical DVS for vernalization (VERNDVS) reached at day 1984-06-13, but vernalization requirements not yet fulfilled. Forcing vernalization now (VERN=47.688571).
[2026-03-23 21:57:41,540][pcse.crop.phenology.Vernalisation][INFO] - Critical DVS for vernalization (VERNDVS) reached at day 1984-06-14, but vernalization requirements not yet fulfilled. Forcing vernalization now (VERN=47.688571).
[2026-03-23 21:57:41,556][pcse.crop.phenology.Vernalisation][INFO] - Critical DVS for vernalization (VERNDVS) reached at day 1984-06-15, but vernalization requirements not yet fulfilled. Forcing vernalization now (VERN=47.688571).
[2026-03-23 21:57:41,572][pcse.crop.phenology.Vernalisation][INFO] - Critical DVS for vernalization (VERNDVS) reached at day 1984-06-16, but vernalization requirements not yet fulfilled. Forcing vernalization now (VERN=47.688571).
[2026-03-23 21:57:41,589][pcse.crop.phenology.Vernalisation][INFO] - Critical DVS for vernalization (VERNDVS) reached at day 1984-06-17, but vernalization requirements not yet fulfilled. Forcing vernalization now (VERN=47.688571).
[2026-03-23 21:57:41,604][pcse.crop.phenology.Vernalisation][INFO] - Critical DVS for vernalization (VERNDVS) reached at day 1984-06-18, but vernalization requirements not yet fulfilled. Forcing vernalization now (VERN=47.688571).
[2026-03-23 21:57:41,620][pcse.crop.phenology.Vernalisation][INFO] - Critical DVS for vernalization (VERNDVS) reached at day 1984-06-19, but vernalization requirements not yet fulfilled. Forcing vernalization now (VERN=47.688571).
[2026-03-23 21:57:41,636][pcse.crop.phenology.Vernalisation][INFO] - Critical DVS for vernalization (VERNDVS) reached at day 1984-06-20, but vernalization requirements not yet fulfilled. Forcing vernalization now (VERN=47.688571).
[2026-03-23 21:57:41,651][pcse.crop.phenology.Vernalisation][INFO] - Critical DVS for vernalization (VERNDVS) reached at day 1984-06-21, but vernalization requirements not yet fulfilled. Forcing vernalization now (VERN=47.688571).
[2026-03-23 21:57:41,668][pcse.crop.phenology.Vernalisation][INFO] - Critical DVS for vernalization (VERNDVS) reached at day 1984-06-22, but vernalization requirements not yet fulfilled. Forcing vernalization now (VERN=47.688571).
[2026-03-23 21:57:41,684][pcse.crop.phenology.Vernalisation][INFO] - Critical DVS for vernalization (VERNDVS) reached at day 1984-06-23, but vernalization requirements not yet fulfilled. Forcing vernalization now (VERN=47.688571).
[2026-03-23 21:57:41,700][pcse.crop.phenology.Vernalisation][INFO] - Critical DVS for vernalization (VERNDVS) reached at day 1984-06-24, but vernalization requirements not yet fulfilled. Forcing vernalization now (VERN=47.688571).
[2026-03-23 21:57:41,715][pcse.crop.phenology.Vernalisation][INFO] - Critical DVS for vernalization (VERNDVS) reached at day 1984-06-25, but vernalization requirements not yet fulfilled. Forcing vernalization now (VERN=47.688571).
[2026-03-23 21:57:41,731][pcse.crop.phenology.Vernalisation][INFO] - Critical DVS for vernalization (VERNDVS) reached at day 1984-06-26, but vernalization requirements not yet fulfilled. Forcing vernalization now (VERN=47.688571).
[2026-03-23 21:57:41,747][pcse.crop.phenology.Vernalisation][INFO] - Critical DVS for vernalization (VERNDVS) reached at day 1984-06-27, but vernalization requirements not yet fulfilled. Forcing vernalization now (VERN=47.688571).
[2026-03-23 21:57:41,763][pcse.crop.phenology.Vernalisation][INFO] - Critical DVS for vernalization (VERNDVS) reached at day 1984-06-28, but vernalization requirements not yet fulfilled. Forcing vernalization now (VERN=47.688571).
[2026-03-23 21:57:41,779][pcse.crop.phenology.Vernalisation][INFO] - Critical DVS for vernalization (VERNDVS) reached at day 1984-06-29, but vernalization requirements not yet fulfilled. Forcing vernalization now (VERN=47.688571).
[2026-03-23 21:57:41,779][pcse.crop.phenology.Annual_Phenology][INFO] - Changed phenological stage 'vegetative' to 'reproductive' on 1984-06-29
[2026-03-23 21:57:43,146][pcse.crop.phenology.Annual_Phenology][INFO] - Changed phenological stage 'reproductive' to 'mature' on 1984-09-13
[2026-03-23 21:57:43,417][pcse.base.timer.Timer][INFO] - Reached end of simulation period as specified by END_DATE.
| train          | E: 82 | S: 19762 | R: -157.5453 | TR: 57.7185 | TF: 128 | LR: 128 | NR: 0 | D: 04.4 s | TD: 00.0 s | BR: -0.5765 | ALOSS: 2770.4646 | CLOSS: 1592508.5029 | TLOSS: -427.4815 | TVAL: 0.3836 | AENT: -1115.6195 | BCLOSS: 0.0000
[EPISODE DBG] episode=82 step=19762 pred_return=-156.629399 true_return=42.954051 total_feedback=128 labeled_feedback=128
[2026-03-23 21:57:43,424][pcse.agromanager.SoilCalendar][INFO] - Starting soil (oregon) with variation (oregon_1) on day 1984-02-01
[2026-03-23 21:57:43,427][pcse.agromanager.CropCalendar][INFO] - Starting crop (wheat) with variety (wheat_1) on day 1984-02-01
[2026-03-23 21:57:44,853][pcse.crop.phenology.Annual_Phenology][INFO] - Changed phenological stage 'emerging' to 'vegetative' on 1984-04-10
[2026-03-23 21:57:45,685][pcse.crop.phenology.Vernalisation][INFO] - Critical DVS for vernalization (VERNDVS) reached at day 1984-06-02, but vernalization requirements not yet fulfilled. Forcing vernalization now (VERN=47.688571).
[2026-03-23 21:57:45,701][pcse.crop.phenology.Vernalisation][INFO] - Critical DVS for vernalization (VERNDVS) reached at day 1984-06-03, but vernalization requirements not yet fulfilled. Forcing vernalization now (VERN=47.688571).
[2026-03-23 21:57:45,717][pcse.crop.phenology.Vernalisation][INFO] - Critical DVS for vernalization (VERNDVS) reached at day 1984-06-04, but vernalization requirements not yet fulfilled. Forcing vernalization now (VERN=47.688571).
[2026-03-23 21:57:45,732][pcse.crop.phenology.Vernalisation][INFO] - Critical DVS for vernalization (VERNDVS) reached at day 1984-06-05, but vernalization requirements not yet fulfilled. Forcing vernalization now (VERN=47.688571).
[2026-03-23 21:57:45,748][pcse.crop.phenology.Vernalisation][INFO] - Critical DVS for vernalization (VERNDVS) reached at day 1984-06-06, but vernalization requirements not yet fulfilled. Forcing vernalization now (VERN=47.688571).
[2026-03-23 21:57:45,764][pcse.crop.phenology.Vernalisation][INFO] - Critical DVS for vernalization (VERNDVS) reached at day 1984-06-07, but vernalization requirements not yet fulfilled. Forcing vernalization now (VERN=47.688571).
[2026-03-23 21:57:45,779][pcse.crop.phenology.Vernalisation][INFO] - Critical DVS for vernalization (VERNDVS) reached at day 1984-06-08, but vernalization requirements not yet fulfilled. Forcing vernalization now (VERN=47.688571).
[2026-03-23 21:57:45,795][pcse.crop.phenology.Vernalisation][INFO] - Critical DVS for vernalization (VERNDVS) reached at day 1984-06-09, but vernalization requirements not yet fulfilled. Forcing vernalization now (VERN=47.688571).
[2026-03-23 21:57:45,811][pcse.crop.phenology.Vernalisation][INFO] - Critical DVS for vernalization (VERNDVS) reached at day 1984-06-10, but vernalization requirements not yet fulfilled. Forcing vernalization now (VERN=47.688571).
[2026-03-23 21:57:45,826][pcse.crop.phenology.Vernalisation][INFO] - Critical DVS for vernalization (VERNDVS) reached at day 1984-06-11, but vernalization requirements not yet fulfilled. Forcing vernalization now (VERN=47.688571).
[2026-03-23 21:57:45,842][pcse.crop.phenology.Vernalisation][INFO] - Critical DVS for vernalization (VERNDVS) reached at day 1984-06-12, but vernalization requirements not yet fulfilled. Forcing vernalization now (VERN=47.688571).
[2026-03-23 21:57:45,858][pcse.crop.phenology.Vernalisation][INFO] - Critical DVS for vernalization (VERNDVS) reached at day 1984-06-13, but vernalization requirements not yet fulfilled. Forcing vernalization now (VERN=47.688571).
[2026-03-23 21:57:45,874][pcse.crop.phenology.Vernalisation][INFO] - Critical DVS for vernalization (VERNDVS) reached at day 1984-06-14, but vernalization requirements not yet fulfilled. Forcing vernalization now (VERN=47.688571).
[2026-03-23 21:57:45,889][pcse.crop.phenology.Vernalisation][INFO] - Critical DVS for vernalization (VERNDVS) reached at day 1984-06-15, but vernalization requirements not yet fulfilled. Forcing vernalization now (VERN=47.688571).
[2026-03-23 21:57:45,905][pcse.crop.phenology.Vernalisation][INFO] - Critical DVS for vernalization (VERNDVS) reached at day 1984-06-16, but vernalization requirements not yet fulfilled. Forcing vernalization now (VERN=47.688571).
[2026-03-23 21:57:45,920][pcse.crop.phenology.Vernalisation][INFO] - Critical DVS for vernalization (VERNDVS) reached at day 1984-06-17, but vernalization requirements not yet fulfilled. Forcing vernalization now (VERN=47.688571).
[2026-03-23 21:57:45,936][pcse.crop.phenology.Vernalisation][INFO] - Critical DVS for vernalization (VERNDVS) reached at day 1984-06-18, but vernalization requirements not yet fulfilled. Forcing vernalization now (VERN=47.688571).
[2026-03-23 21:57:45,951][pcse.crop.phenology.Vernalisation][INFO] - Critical DVS for vernalization (VERNDVS) reached at day 1984-06-19, but vernalization requirements not yet fulfilled. Forcing vernalization now (VERN=47.688571).
[2026-03-23 21:57:46,129][pcse.crop.phenology.Vernalisation][INFO] - Critical DVS for vernalization (VERNDVS) reached at day 1984-06-20, but vernalization requirements not yet fulfilled. Forcing vernalization now (VERN=47.688571).
[2026-03-23 21:57:46,148][pcse.crop.phenology.Vernalisation][INFO] - Critical DVS for vernalization (VERNDVS) reached at day 1984-06-21, but vernalization requirements not yet fulfilled. Forcing vernalization now (VERN=47.688571).
[2026-03-23 21:57:46,167][pcse.crop.phenology.Vernalisation][INFO] - Critical DVS for vernalization (VERNDVS) reached at day 1984-06-22, but vernalization requirements not yet fulfilled. Forcing vernalization now (VERN=47.688571).
[2026-03-23 21:57:46,185][pcse.crop.phenology.Vernalisation][INFO] - Critical DVS for vernalization (VERNDVS) reached at day 1984-06-23, but vernalization requirements not yet fulfilled. Forcing vernalization now (VERN=47.688571).
[2026-03-23 21:57:46,204][pcse.crop.phenology.Vernalisation][INFO] - Critical DVS for vernalization (VERNDVS) reached at day 1984-06-24, but vernalization requirements not yet fulfilled. Forcing vernalization now (VERN=47.688571).
[2026-03-23 21:57:46,221][pcse.crop.phenology.Vernalisation][INFO] - Critical DVS for vernalization (VERNDVS) reached at day 1984-06-25, but vernalization requirements not yet fulfilled. Forcing vernalization now (VERN=47.688571).
[2026-03-23 21:57:46,236][pcse.crop.phenology.Vernalisation][INFO] - Critical DVS for vernalization (VERNDVS) reached at day 1984-06-26, but vernalization requirements not yet fulfilled. Forcing vernalization now (VERN=47.688571).
[2026-03-23 21:57:46,252][pcse.crop.phenology.Vernalisation][INFO] - Critical DVS for vernalization (VERNDVS) reached at day 1984-06-27, but vernalization requirements not yet fulfilled. Forcing vernalization now (VERN=47.688571).
[2026-03-23 21:57:46,268][pcse.crop.phenology.Vernalisation][INFO] - Critical DVS for vernalization (VERNDVS) reached at day 1984-06-28, but vernalization requirements not yet fulfilled. Forcing vernalization now (VERN=47.688571).
[2026-03-23 21:57:46,284][pcse.crop.phenology.Vernalisation][INFO] - Critical DVS for vernalization (VERNDVS) reached at day 1984-06-29, but vernalization requirements not yet fulfilled. Forcing vernalization now (VERN=47.688571).
[2026-03-23 21:57:46,285][pcse.crop.phenology.Annual_Phenology][INFO] - Changed phenological stage 'vegetative' to 'reproductive' on 1984-06-29
[2026-03-23 21:57:47,480][pcse.crop.phenology.Annual_Phenology][INFO] - Changed phenological stage 'reproductive' to 'mature' on 1984-09-13
[REPLAY DBG] post-agent-update step=20000 n=20000 mean=-0.580135 std=0.977396 min=-2.242645 max=2.729301
[STEP DBG] step=20000 env_reward=0.209611 r_hat=-1.294174 done=False
[NORM DBG] count=20000 mean_abs_mean=62552.757812 mean_std=136.624481 min_std=0.001000 max_std=1779.791870
[2026-03-23 21:57:47,987][pcse.base.timer.Timer][INFO] - Reached end of simulation period as specified by END_DATE.
| train          | E: 83 | S: 20003 | R: -156.6294 | TR: 42.9541 | TF: 128 | LR: 128 | NR: 0 | D: 04.6 s | TD: 00.0 s | BR: -0.5800 | ALOSS: 2836.6852 | CLOSS: 2741496.5745 | TLOSS: -427.7505 | TVAL: 0.3914 | AENT: -1093.8040 | BCLOSS: 0.0000
[EPISODE DBG] episode=83 step=20003 pred_return=-157.291549 true_return=22.107560 total_feedback=128 labeled_feedback=128
[2026-03-23 21:57:48,000][pcse.agromanager.SoilCalendar][INFO] - Starting soil (oregon) with variation (oregon_1) on day 1984-02-01
[2026-03-23 21:57:48,002][pcse.agromanager.CropCalendar][INFO] - Starting crop (wheat) with variety (wheat_1) on day 1984-02-01
[2026-03-23 21:57:49,217][pcse.crop.phenology.Annual_Phenology][INFO] - Changed phenological stage 'emerging' to 'vegetative' on 1984-04-10
[2026-03-23 21:57:50,219][pcse.crop.phenology.Vernalisation][INFO] - Critical DVS for vernalization (VERNDVS) reached at day 1984-06-02, but vernalization requirements not yet fulfilled. Forcing vernalization now (VERN=47.688571).
[2026-03-23 21:57:50,236][pcse.crop.phenology.Vernalisation][INFO] - Critical DVS for vernalization (VERNDVS) reached at day 1984-06-03, but vernalization requirements not yet fulfilled. Forcing vernalization now (VERN=47.688571).
[2026-03-23 21:57:50,251][pcse.crop.phenology.Vernalisation][INFO] - Critical DVS for vernalization (VERNDVS) reached at day 1984-06-04, but vernalization requirements not yet fulfilled. Forcing vernalization now (VERN=47.688571).
[2026-03-23 21:57:50,267][pcse.crop.phenology.Vernalisation][INFO] - Critical DVS for vernalization (VERNDVS) reached at day 1984-06-05, but vernalization requirements not yet fulfilled. Forcing vernalization now (VERN=47.688571).
[2026-03-23 21:57:50,282][pcse.crop.phenology.Vernalisation][INFO] - Critical DVS for vernalization (VERNDVS) reached at day 1984-06-06, but vernalization requirements not yet fulfilled. Forcing vernalization now (VERN=47.688571).
[2026-03-23 21:57:50,298][pcse.crop.phenology.Vernalisation][INFO] - Critical DVS for vernalization (VERNDVS) reached at day 1984-06-07, but vernalization requirements not yet fulfilled. Forcing vernalization now (VERN=47.688571).
[2026-03-23 21:57:50,313][pcse.crop.phenology.Vernalisation][INFO] - Critical DVS for vernalization (VERNDVS) reached at day 1984-06-08, but vernalization requirements not yet fulfilled. Forcing vernalization now (VERN=47.688571).
[2026-03-23 21:57:50,328][pcse.crop.phenology.Vernalisation][INFO] - Critical DVS for vernalization (VERNDVS) reached at day 1984-06-09, but vernalization requirements not yet fulfilled. Forcing vernalization now (VERN=47.688571).
[2026-03-23 21:57:50,344][pcse.crop.phenology.Vernalisation][INFO] - Critical DVS for vernalization (VERNDVS) reached at day 1984-06-10, but vernalization requirements not yet fulfilled. Forcing vernalization now (VERN=47.688571).
[2026-03-23 21:57:50,359][pcse.crop.phenology.Vernalisation][INFO] - Critical DVS for vernalization (VERNDVS) reached at day 1984-06-11, but vernalization requirements not yet fulfilled. Forcing vernalization now (VERN=47.688571).
[2026-03-23 21:57:50,375][pcse.crop.phenology.Vernalisation][INFO] - Critical DVS for vernalization (VERNDVS) reached at day 1984-06-12, but vernalization requirements not yet fulfilled. Forcing vernalization now (VERN=47.688571).
[2026-03-23 21:57:50,392][pcse.crop.phenology.Vernalisation][INFO] - Critical DVS for vernalization (VERNDVS) reached at day 1984-06-13, but vernalization requirements not yet fulfilled. Forcing vernalization now (VERN=47.688571).
[2026-03-23 21:57:50,408][pcse.crop.phenology.Vernalisation][INFO] - Critical DVS for vernalization (VERNDVS) reached at day 1984-06-14, but vernalization requirements not yet fulfilled. Forcing vernalization now (VERN=47.688571).
[2026-03-23 21:57:50,424][pcse.crop.phenology.Vernalisation][INFO] - Critical DVS for vernalization (VERNDVS) reached at day 1984-06-15, but vernalization requirements not yet fulfilled. Forcing vernalization now (VERN=47.688571).
[2026-03-23 21:57:50,439][pcse.crop.phenology.Vernalisation][INFO] - Critical DVS for vernalization (VERNDVS) reached at day 1984-06-16, but vernalization requirements not yet fulfilled. Forcing vernalization now (VERN=47.688571).
[2026-03-23 21:57:50,455][pcse.crop.phenology.Vernalisation][INFO] - Critical DVS for vernalization (VERNDVS) reached at day 1984-06-17, but vernalization requirements not yet fulfilled. Forcing vernalization now (VERN=47.688571).
[2026-03-23 21:57:50,470][pcse.crop.phenology.Vernalisation][INFO] - Critical DVS for vernalization (VERNDVS) reached at day 1984-06-18, but vernalization requirements not yet fulfilled. Forcing vernalization now (VERN=47.688571).
[2026-03-23 21:57:50,486][pcse.crop.phenology.Vernalisation][INFO] - Critical DVS for vernalization (VERNDVS) reached at day 1984-06-19, but vernalization requirements not yet fulfilled. Forcing vernalization now (VERN=47.688571).
[2026-03-23 21:57:50,502][pcse.crop.phenology.Vernalisation][INFO] - Critical DVS for vernalization (VERNDVS) reached at day 1984-06-20, but vernalization requirements not yet fulfilled. Forcing vernalization now (VERN=47.688571).
[2026-03-23 21:57:50,517][pcse.crop.phenology.Vernalisation][INFO] - Critical DVS for vernalization (VERNDVS) reached at day 1984-06-21, but vernalization requirements not yet fulfilled. Forcing vernalization now (VERN=47.688571).
[2026-03-23 21:57:50,533][pcse.crop.phenology.Vernalisation][INFO] - Critical DVS for vernalization (VERNDVS) reached at day 1984-06-22, but vernalization requirements not yet fulfilled. Forcing vernalization now (VERN=47.688571).
[2026-03-23 21:57:50,549][pcse.crop.phenology.Vernalisation][INFO] - Critical DVS for vernalization (VERNDVS) reached at day 1984-06-23, but vernalization requirements not yet fulfilled. Forcing vernalization now (VERN=47.688571).
[2026-03-23 21:57:50,564][pcse.crop.phenology.Vernalisation][INFO] - Critical DVS for vernalization (VERNDVS) reached at day 1984-06-24, but vernalization requirements not yet fulfilled. Forcing vernalization now (VERN=47.688571).
[2026-03-23 21:57:50,580][pcse.crop.phenology.Vernalisation][INFO] - Critical DVS for vernalization (VERNDVS) reached at day 1984-06-25, but vernalization requirements not yet fulfilled. Forcing vernalization now (VERN=47.688571).
[2026-03-23 21:57:50,595][pcse.crop.phenology.Vernalisation][INFO] - Critical DVS for vernalization (VERNDVS) reached at day 1984-06-26, but vernalization requirements not yet fulfilled. Forcing vernalization now (VERN=47.688571).
[2026-03-23 21:57:50,611][pcse.crop.phenology.Vernalisation][INFO] - Critical DVS for vernalization (VERNDVS) reached at day 1984-06-27, but vernalization requirements not yet fulfilled. Forcing vernalization now (VERN=47.688571).
[2026-03-23 21:57:50,626][pcse.crop.phenology.Vernalisation][INFO] - Critical DVS for vernalization (VERNDVS) reached at day 1984-06-28, but vernalization requirements not yet fulfilled. Forcing vernalization now (VERN=47.688571).
[2026-03-23 21:57:50,642][pcse.crop.phenology.Vernalisation][INFO] - Critical DVS for vernalization (VERNDVS) reached at day 1984-06-29, but vernalization requirements not yet fulfilled. Forcing vernalization now (VERN=47.688571).
[2026-03-23 21:57:50,642][pcse.crop.phenology.Annual_Phenology][INFO] - Changed phenological stage 'vegetative' to 'reproductive' on 1984-06-29
[2026-03-23 21:57:52,021][pcse.crop.phenology.Annual_Phenology][INFO] - Changed phenological stage 'reproductive' to 'mature' on 1984-09-13
[2026-03-23 21:57:52,285][pcse.base.timer.Timer][INFO] - Reached end of simulation period as specified by END_DATE.
| train          | E: 84 | S: 20244 | R: -157.2915 | TR: 22.1076 | TF: 128 | LR: 128 | NR: 0 | D: 04.3 s | TD: 00.0 s | BR: -0.5806 | ALOSS: 2605.7935 | CLOSS: 1559498.8956 | TLOSS: -425.1425 | TVAL: 0.3995 | AENT: -1065.2175 | BCLOSS: 0.0000
[EPISODE DBG] episode=84 step=20244 pred_return=-160.039536 true_return=27.250778 total_feedback=128 labeled_feedback=128
[2026-03-23 21:57:52,292][pcse.agromanager.SoilCalendar][INFO] - Starting soil (oregon) with variation (oregon_1) on day 1984-02-01
[2026-03-23 21:57:52,294][pcse.agromanager.CropCalendar][INFO] - Starting crop (wheat) with variety (wheat_1) on day 1984-02-01
[2026-03-23 21:57:53,649][pcse.crop.phenology.Annual_Phenology][INFO] - Changed phenological stage 'emerging' to 'vegetative' on 1984-04-10
[2026-03-23 21:57:54,361][pcse.crop.phenology.Vernalisation][INFO] - Critical DVS for vernalization (VERNDVS) reached at day 1984-06-02, but vernalization requirements not yet fulfilled. Forcing vernalization now (VERN=47.688571).
[2026-03-23 21:57:54,374][pcse.crop.phenology.Vernalisation][INFO] - Critical DVS for vernalization (VERNDVS) reached at day 1984-06-03, but vernalization requirements not yet fulfilled. Forcing vernalization now (VERN=47.688571).
[2026-03-23 21:57:54,388][pcse.crop.phenology.Vernalisation][INFO] - Critical DVS for vernalization (VERNDVS) reached at day 1984-06-04, but vernalization requirements not yet fulfilled. Forcing vernalization now (VERN=47.688571).
[2026-03-23 21:57:54,402][pcse.crop.phenology.Vernalisation][INFO] - Critical DVS for vernalization (VERNDVS) reached at day 1984-06-05, but vernalization requirements not yet fulfilled. Forcing vernalization now (VERN=47.688571).
[2026-03-23 21:57:54,416][pcse.crop.phenology.Vernalisation][INFO] - Critical DVS for vernalization (VERNDVS) reached at day 1984-06-06, but vernalization requirements not yet fulfilled. Forcing vernalization now (VERN=47.688571).
[2026-03-23 21:57:54,429][pcse.crop.phenology.Vernalisation][INFO] - Critical DVS for vernalization (VERNDVS) reached at day 1984-06-07, but vernalization requirements not yet fulfilled. Forcing vernalization now (VERN=47.688571).
[2026-03-23 21:57:54,444][pcse.crop.phenology.Vernalisation][INFO] - Critical DVS for vernalization (VERNDVS) reached at day 1984-06-08, but vernalization requirements not yet fulfilled. Forcing vernalization now (VERN=47.688571).
[2026-03-23 21:57:54,458][pcse.crop.phenology.Vernalisation][INFO] - Critical DVS for vernalization (VERNDVS) reached at day 1984-06-09, but vernalization requirements not yet fulfilled. Forcing vernalization now (VERN=47.688571).
[2026-03-23 21:57:54,473][pcse.crop.phenology.Vernalisation][INFO] - Critical DVS for vernalization (VERNDVS) reached at day 1984-06-10, but vernalization requirements not yet fulfilled. Forcing vernalization now (VERN=47.688571).
[2026-03-23 21:57:54,487][pcse.crop.phenology.Vernalisation][INFO] - Critical DVS for vernalization (VERNDVS) reached at day 1984-06-11, but vernalization requirements not yet fulfilled. Forcing vernalization now (VERN=47.688571).
[2026-03-23 21:57:54,501][pcse.crop.phenology.Vernalisation][INFO] - Critical DVS for vernalization (VERNDVS) reached at day 1984-06-12, but vernalization requirements not yet fulfilled. Forcing vernalization now (VERN=47.688571).
[2026-03-23 21:57:54,514][pcse.crop.phenology.Vernalisation][INFO] - Critical DVS for vernalization (VERNDVS) reached at day 1984-06-13, but vernalization requirements not yet fulfilled. Forcing vernalization now (VERN=47.688571).
[2026-03-23 21:57:54,528][pcse.crop.phenology.Vernalisation][INFO] - Critical DVS for vernalization (VERNDVS) reached at day 1984-06-14, but vernalization requirements not yet fulfilled. Forcing vernalization now (VERN=47.688571).
[2026-03-23 21:57:54,542][pcse.crop.phenology.Vernalisation][INFO] - Critical DVS for vernalization (VERNDVS) reached at day 1984-06-15, but vernalization requirements not yet fulfilled. Forcing vernalization now (VERN=47.688571).
[2026-03-23 21:57:54,555][pcse.crop.phenology.Vernalisation][INFO] - Critical DVS for vernalization (VERNDVS) reached at day 1984-06-16, but vernalization requirements not yet fulfilled. Forcing vernalization now (VERN=47.688571).
[2026-03-23 21:57:54,569][pcse.crop.phenology.Vernalisation][INFO] - Critical DVS for vernalization (VERNDVS) reached at day 1984-06-17, but vernalization requirements not yet fulfilled. Forcing vernalization now (VERN=47.688571).
[2026-03-23 21:57:54,583][pcse.crop.phenology.Vernalisation][INFO] - Critical DVS for vernalization (VERNDVS) reached at day 1984-06-18, but vernalization requirements not yet fulfilled. Forcing vernalization now (VERN=47.688571).
[2026-03-23 21:57:54,597][pcse.crop.phenology.Vernalisation][INFO] - Critical DVS for vernalization (VERNDVS) reached at day 1984-06-19, but vernalization requirements not yet fulfilled. Forcing vernalization now (VERN=47.688571).
[2026-03-23 21:57:54,611][pcse.crop.phenology.Vernalisation][INFO] - Critical DVS for vernalization (VERNDVS) reached at day 1984-06-20, but vernalization requirements not yet fulfilled. Forcing vernalization now (VERN=47.688571).
[2026-03-23 21:57:54,624][pcse.crop.phenology.Vernalisation][INFO] - Critical DVS for vernalization (VERNDVS) reached at day 1984-06-21, but vernalization requirements not yet fulfilled. Forcing vernalization now (VERN=47.688571).
[2026-03-23 21:57:54,638][pcse.crop.phenology.Vernalisation][INFO] - Critical DVS for vernalization (VERNDVS) reached at day 1984-06-22, but vernalization requirements not yet fulfilled. Forcing vernalization now (VERN=47.688571).
[2026-03-23 21:57:54,652][pcse.crop.phenology.Vernalisation][INFO] - Critical DVS for vernalization (VERNDVS) reached at day 1984-06-23, but vernalization requirements not yet fulfilled. Forcing vernalization now (VERN=47.688571).
[2026-03-23 21:57:54,666][pcse.crop.phenology.Vernalisation][INFO] - Critical DVS for vernalization (VERNDVS) reached at day 1984-06-24, but vernalization requirements not yet fulfilled. Forcing vernalization now (VERN=47.688571).
[2026-03-23 21:57:54,680][pcse.crop.phenology.Vernalisation][INFO] - Critical DVS for vernalization (VERNDVS) reached at day 1984-06-25, but vernalization requirements not yet fulfilled. Forcing vernalization now (VERN=47.688571).
[2026-03-23 21:57:54,694][pcse.crop.phenology.Vernalisation][INFO] - Critical DVS for vernalization (VERNDVS) reached at day 1984-06-26, but vernalization requirements not yet fulfilled. Forcing vernalization now (VERN=47.688571).
[2026-03-23 21:57:54,707][pcse.crop.phenology.Vernalisation][INFO] - Critical DVS for vernalization (VERNDVS) reached at day 1984-06-27, but vernalization requirements not yet fulfilled. Forcing vernalization now (VERN=47.688571).
[2026-03-23 21:57:54,721][pcse.crop.phenology.Vernalisation][INFO] - Critical DVS for vernalization (VERNDVS) reached at day 1984-06-28, but vernalization requirements not yet fulfilled. Forcing vernalization now (VERN=47.688571).
[2026-03-23 21:57:54,735][pcse.crop.phenology.Vernalisation][INFO] - Critical DVS for vernalization (VERNDVS) reached at day 1984-06-29, but vernalization requirements not yet fulfilled. Forcing vernalization now (VERN=47.688571).
[2026-03-23 21:57:54,735][pcse.crop.phenology.Annual_Phenology][INFO] - Changed phenological stage 'vegetative' to 'reproductive' on 1984-06-29
[2026-03-23 21:57:56,072][pcse.crop.phenology.Annual_Phenology][INFO] - Changed phenological stage 'reproductive' to 'mature' on 1984-09-13
[2026-03-23 21:57:56,337][pcse.base.timer.Timer][INFO] - Reached end of simulation period as specified by END_DATE.
| train          | E: 85 | S: 20485 | R: -160.0395 | TR: 27.2508 | TF: 128 | LR: 128 | NR: 0 | D: 04.1 s | TD: 00.0 s | BR: -0.5826 | ALOSS: 2725.8999 | CLOSS: 1215122.7147 | TLOSS: -386.3610 | TVAL: 0.4076 | AENT: -949.4100 | BCLOSS: 0.0000
[EPISODE DBG] episode=85 step=20485 pred_return=-159.646349 true_return=27.814935 total_feedback=128 labeled_feedback=128
[2026-03-23 21:57:56,344][pcse.agromanager.SoilCalendar][INFO] - Starting soil (oregon) with variation (oregon_1) on day 1984-02-01
[2026-03-23 21:57:56,347][pcse.agromanager.CropCalendar][INFO] - Starting crop (wheat) with variety (wheat_1) on day 1984-02-01
[REPLAY DBG] post-agent-update step=20500 n=20500 mean=-0.581790 std=0.969117 min=-2.242645 max=2.729301
[STEP DBG] step=20500 env_reward=0.000000 r_hat=0.049425 done=False
[NORM DBG] count=20500 mean_abs_mean=62551.878906 mean_std=135.201279 min_std=0.001000 max_std=1759.477051
[2026-03-23 21:57:57,779][pcse.crop.phenology.Annual_Phenology][INFO] - Changed phenological stage 'emerging' to 'vegetative' on 1984-04-10
[2026-03-23 21:57:58,836][pcse.crop.phenology.Vernalisation][INFO] - Critical DVS for vernalization (VERNDVS) reached at day 1984-06-02, but vernalization requirements not yet fulfilled. Forcing vernalization now (VERN=47.688571).
[2026-03-23 21:57:58,852][pcse.crop.phenology.Vernalisation][INFO] - Critical DVS for vernalization (VERNDVS) reached at day 1984-06-03, but vernalization requirements not yet fulfilled. Forcing vernalization now (VERN=47.688571).
[2026-03-23 21:57:58,868][pcse.crop.phenology.Vernalisation][INFO] - Critical DVS for vernalization (VERNDVS) reached at day 1984-06-04, but vernalization requirements not yet fulfilled. Forcing vernalization now (VERN=47.688571).
[2026-03-23 21:57:58,886][pcse.crop.phenology.Vernalisation][INFO] - Critical DVS for vernalization (VERNDVS) reached at day 1984-06-05, but vernalization requirements not yet fulfilled. Forcing vernalization now (VERN=47.688571).
[2026-03-23 21:57:58,903][pcse.crop.phenology.Vernalisation][INFO] - Critical DVS for vernalization (VERNDVS) reached at day 1984-06-06, but vernalization requirements not yet fulfilled. Forcing vernalization now (VERN=47.688571).
[2026-03-23 21:57:58,918][pcse.crop.phenology.Vernalisation][INFO] - Critical DVS for vernalization (VERNDVS) reached at day 1984-06-07, but vernalization requirements not yet fulfilled. Forcing vernalization now (VERN=47.688571).
[2026-03-23 21:57:58,932][pcse.crop.phenology.Vernalisation][INFO] - Critical DVS for vernalization (VERNDVS) reached at day 1984-06-08, but vernalization requirements not yet fulfilled. Forcing vernalization now (VERN=47.688571).
[2026-03-23 21:57:58,947][pcse.crop.phenology.Vernalisation][INFO] - Critical DVS for vernalization (VERNDVS) reached at day 1984-06-09, but vernalization requirements not yet fulfilled. Forcing vernalization now (VERN=47.688571).
[2026-03-23 21:57:58,961][pcse.crop.phenology.Vernalisation][INFO] - Critical DVS for vernalization (VERNDVS) reached at day 1984-06-10, but vernalization requirements not yet fulfilled. Forcing vernalization now (VERN=47.688571).
[2026-03-23 21:57:58,975][pcse.crop.phenology.Vernalisation][INFO] - Critical DVS for vernalization (VERNDVS) reached at day 1984-06-11, but vernalization requirements not yet fulfilled. Forcing vernalization now (VERN=47.688571).
[2026-03-23 21:57:58,989][pcse.crop.phenology.Vernalisation][INFO] - Critical DVS for vernalization (VERNDVS) reached at day 1984-06-12, but vernalization requirements not yet fulfilled. Forcing vernalization now (VERN=47.688571).
[2026-03-23 21:57:59,003][pcse.crop.phenology.Vernalisation][INFO] - Critical DVS for vernalization (VERNDVS) reached at day 1984-06-13, but vernalization requirements not yet fulfilled. Forcing vernalization now (VERN=47.688571).
[2026-03-23 21:57:59,018][pcse.crop.phenology.Vernalisation][INFO] - Critical DVS for vernalization (VERNDVS) reached at day 1984-06-14, but vernalization requirements not yet fulfilled. Forcing vernalization now (VERN=47.688571).
[2026-03-23 21:57:59,032][pcse.crop.phenology.Vernalisation][INFO] - Critical DVS for vernalization (VERNDVS) reached at day 1984-06-15, but vernalization requirements not yet fulfilled. Forcing vernalization now (VERN=47.688571).
[2026-03-23 21:57:59,046][pcse.crop.phenology.Vernalisation][INFO] - Critical DVS for vernalization (VERNDVS) reached at day 1984-06-16, but vernalization requirements not yet fulfilled. Forcing vernalization now (VERN=47.688571).
[2026-03-23 21:57:59,061][pcse.crop.phenology.Vernalisation][INFO] - Critical DVS for vernalization (VERNDVS) reached at day 1984-06-17, but vernalization requirements not yet fulfilled. Forcing vernalization now (VERN=47.688571).
[2026-03-23 21:57:59,075][pcse.crop.phenology.Vernalisation][INFO] - Critical DVS for vernalization (VERNDVS) reached at day 1984-06-18, but vernalization requirements not yet fulfilled. Forcing vernalization now (VERN=47.688571).
[2026-03-23 21:57:59,089][pcse.crop.phenology.Vernalisation][INFO] - Critical DVS for vernalization (VERNDVS) reached at day 1984-06-19, but vernalization requirements not yet fulfilled. Forcing vernalization now (VERN=47.688571).
[2026-03-23 21:57:59,103][pcse.crop.phenology.Vernalisation][INFO] - Critical DVS for vernalization (VERNDVS) reached at day 1984-06-20, but vernalization requirements not yet fulfilled. Forcing vernalization now (VERN=47.688571).
[2026-03-23 21:57:59,117][pcse.crop.phenology.Vernalisation][INFO] - Critical DVS for vernalization (VERNDVS) reached at day 1984-06-21, but vernalization requirements not yet fulfilled. Forcing vernalization now (VERN=47.688571).
[2026-03-23 21:57:59,131][pcse.crop.phenology.Vernalisation][INFO] - Critical DVS for vernalization (VERNDVS) reached at day 1984-06-22, but vernalization requirements not yet fulfilled. Forcing vernalization now (VERN=47.688571).
[2026-03-23 21:57:59,145][pcse.crop.phenology.Vernalisation][INFO] - Critical DVS for vernalization (VERNDVS) reached at day 1984-06-23, but vernalization requirements not yet fulfilled. Forcing vernalization now (VERN=47.688571).
[2026-03-23 21:57:59,159][pcse.crop.phenology.Vernalisation][INFO] - Critical DVS for vernalization (VERNDVS) reached at day 1984-06-24, but vernalization requirements not yet fulfilled. Forcing vernalization now (VERN=47.688571).
[2026-03-23 21:57:59,174][pcse.crop.phenology.Vernalisation][INFO] - Critical DVS for vernalization (VERNDVS) reached at day 1984-06-25, but vernalization requirements not yet fulfilled. Forcing vernalization now (VERN=47.688571).
[2026-03-23 21:57:59,188][pcse.crop.phenology.Vernalisation][INFO] - Critical DVS for vernalization (VERNDVS) reached at day 1984-06-26, but vernalization requirements not yet fulfilled. Forcing vernalization now (VERN=47.688571).
[2026-03-23 21:57:59,203][pcse.crop.phenology.Vernalisation][INFO] - Critical DVS for vernalization (VERNDVS) reached at day 1984-06-27, but vernalization requirements not yet fulfilled. Forcing vernalization now (VERN=47.688571).
[2026-03-23 21:57:59,217][pcse.crop.phenology.Vernalisation][INFO] - Critical DVS for vernalization (VERNDVS) reached at day 1984-06-28, but vernalization requirements not yet fulfilled. Forcing vernalization now (VERN=47.688571).
[2026-03-23 21:57:59,231][pcse.crop.phenology.Vernalisation][INFO] - Critical DVS for vernalization (VERNDVS) reached at day 1984-06-29, but vernalization requirements not yet fulfilled. Forcing vernalization now (VERN=47.688571).
[2026-03-23 21:57:59,231][pcse.crop.phenology.Annual_Phenology][INFO] - Changed phenological stage 'vegetative' to 'reproductive' on 1984-06-29
[2026-03-23 21:58:00,451][pcse.crop.phenology.Annual_Phenology][INFO] - Changed phenological stage 'reproductive' to 'mature' on 1984-09-13
[2026-03-23 21:58:00,718][pcse.base.timer.Timer][INFO] - Reached end of simulation period as specified by END_DATE.
| train          | E: 86 | S: 20726 | R: -159.6463 | TR: 27.8149 | TF: 128 | LR: 128 | NR: 0 | D: 04.4 s | TD: 00.0 s | BR: -0.5801 | ALOSS: 2845.0159 | CLOSS: 651143.1688 | TLOSS: -341.3461 | TVAL: 0.4148 | AENT: -824.0819 | BCLOSS: 0.0000
[EPISODE DBG] episode=86 step=20726 pred_return=-153.674690 true_return=27.948264 total_feedback=128 labeled_feedback=128
[2026-03-23 21:58:00,725][pcse.agromanager.SoilCalendar][INFO] - Starting soil (oregon) with variation (oregon_1) on day 1984-02-01
[2026-03-23 21:58:00,727][pcse.agromanager.CropCalendar][INFO] - Starting crop (wheat) with variety (wheat_1) on day 1984-02-01
[2026-03-23 21:58:01,958][pcse.crop.phenology.Annual_Phenology][INFO] - Changed phenological stage 'emerging' to 'vegetative' on 1984-04-10
[2026-03-23 21:58:02,990][pcse.crop.phenology.Vernalisation][INFO] - Critical DVS for vernalization (VERNDVS) reached at day 1984-06-02, but vernalization requirements not yet fulfilled. Forcing vernalization now (VERN=47.688571).
[2026-03-23 21:58:03,005][pcse.crop.phenology.Vernalisation][INFO] - Critical DVS for vernalization (VERNDVS) reached at day 1984-06-03, but vernalization requirements not yet fulfilled. Forcing vernalization now (VERN=47.688571).
[2026-03-23 21:58:03,021][pcse.crop.phenology.Vernalisation][INFO] - Critical DVS for vernalization (VERNDVS) reached at day 1984-06-04, but vernalization requirements not yet fulfilled. Forcing vernalization now (VERN=47.688571).
[2026-03-23 21:58:03,037][pcse.crop.phenology.Vernalisation][INFO] - Critical DVS for vernalization (VERNDVS) reached at day 1984-06-05, but vernalization requirements not yet fulfilled. Forcing vernalization now (VERN=47.688571).
[2026-03-23 21:58:03,053][pcse.crop.phenology.Vernalisation][INFO] - Critical DVS for vernalization (VERNDVS) reached at day 1984-06-06, but vernalization requirements not yet fulfilled. Forcing vernalization now (VERN=47.688571).
[2026-03-23 21:58:03,069][pcse.crop.phenology.Vernalisation][INFO] - Critical DVS for vernalization (VERNDVS) reached at day 1984-06-07, but vernalization requirements not yet fulfilled. Forcing vernalization now (VERN=47.688571).
[2026-03-23 21:58:03,085][pcse.crop.phenology.Vernalisation][INFO] - Critical DVS for vernalization (VERNDVS) reached at day 1984-06-08, but vernalization requirements not yet fulfilled. Forcing vernalization now (VERN=47.688571).
[2026-03-23 21:58:03,100][pcse.crop.phenology.Vernalisation][INFO] - Critical DVS for vernalization (VERNDVS) reached at day 1984-06-09, but vernalization requirements not yet fulfilled. Forcing vernalization now (VERN=47.688571).
[2026-03-23 21:58:03,116][pcse.crop.phenology.Vernalisation][INFO] - Critical DVS for vernalization (VERNDVS) reached at day 1984-06-10, but vernalization requirements not yet fulfilled. Forcing vernalization now (VERN=47.688571).
[2026-03-23 21:58:03,132][pcse.crop.phenology.Vernalisation][INFO] - Critical DVS for vernalization (VERNDVS) reached at day 1984-06-11, but vernalization requirements not yet fulfilled. Forcing vernalization now (VERN=47.688571).
[2026-03-23 21:58:03,149][pcse.crop.phenology.Vernalisation][INFO] - Critical DVS for vernalization (VERNDVS) reached at day 1984-06-12, but vernalization requirements not yet fulfilled. Forcing vernalization now (VERN=47.688571).
[2026-03-23 21:58:03,164][pcse.crop.phenology.Vernalisation][INFO] - Critical DVS for vernalization (VERNDVS) reached at day 1984-06-13, but vernalization requirements not yet fulfilled. Forcing vernalization now (VERN=47.688571).
[2026-03-23 21:58:03,180][pcse.crop.phenology.Vernalisation][INFO] - Critical DVS for vernalization (VERNDVS) reached at day 1984-06-14, but vernalization requirements not yet fulfilled. Forcing vernalization now (VERN=47.688571).
[2026-03-23 21:58:03,196][pcse.crop.phenology.Vernalisation][INFO] - Critical DVS for vernalization (VERNDVS) reached at day 1984-06-15, but vernalization requirements not yet fulfilled. Forcing vernalization now (VERN=47.688571).
[2026-03-23 21:58:03,212][pcse.crop.phenology.Vernalisation][INFO] - Critical DVS for vernalization (VERNDVS) reached at day 1984-06-16, but vernalization requirements not yet fulfilled. Forcing vernalization now (VERN=47.688571).
[2026-03-23 21:58:03,228][pcse.crop.phenology.Vernalisation][INFO] - Critical DVS for vernalization (VERNDVS) reached at day 1984-06-17, but vernalization requirements not yet fulfilled. Forcing vernalization now (VERN=47.688571).
[2026-03-23 21:58:03,244][pcse.crop.phenology.Vernalisation][INFO] - Critical DVS for vernalization (VERNDVS) reached at day 1984-06-18, but vernalization requirements not yet fulfilled. Forcing vernalization now (VERN=47.688571).
[2026-03-23 21:58:03,260][pcse.crop.phenology.Vernalisation][INFO] - Critical DVS for vernalization (VERNDVS) reached at day 1984-06-19, but vernalization requirements not yet fulfilled. Forcing vernalization now (VERN=47.688571).
[2026-03-23 21:58:03,275][pcse.crop.phenology.Vernalisation][INFO] - Critical DVS for vernalization (VERNDVS) reached at day 1984-06-20, but vernalization requirements not yet fulfilled. Forcing vernalization now (VERN=47.688571).
[2026-03-23 21:58:03,292][pcse.crop.phenology.Vernalisation][INFO] - Critical DVS for vernalization (VERNDVS) reached at day 1984-06-21, but vernalization requirements not yet fulfilled. Forcing vernalization now (VERN=47.688571).
[2026-03-23 21:58:03,308][pcse.crop.phenology.Vernalisation][INFO] - Critical DVS for vernalization (VERNDVS) reached at day 1984-06-22, but vernalization requirements not yet fulfilled. Forcing vernalization now (VERN=47.688571).
[2026-03-23 21:58:03,324][pcse.crop.phenology.Vernalisation][INFO] - Critical DVS for vernalization (VERNDVS) reached at day 1984-06-23, but vernalization requirements not yet fulfilled. Forcing vernalization now (VERN=47.688571).
[2026-03-23 21:58:03,340][pcse.crop.phenology.Vernalisation][INFO] - Critical DVS for vernalization (VERNDVS) reached at day 1984-06-24, but vernalization requirements not yet fulfilled. Forcing vernalization now (VERN=47.688571).
[2026-03-23 21:58:03,355][pcse.crop.phenology.Vernalisation][INFO] - Critical DVS for vernalization (VERNDVS) reached at day 1984-06-25, but vernalization requirements not yet fulfilled. Forcing vernalization now (VERN=47.688571).
[2026-03-23 21:58:03,371][pcse.crop.phenology.Vernalisation][INFO] - Critical DVS for vernalization (VERNDVS) reached at day 1984-06-26, but vernalization requirements not yet fulfilled. Forcing vernalization now (VERN=47.688571).
[2026-03-23 21:58:03,387][pcse.crop.phenology.Vernalisation][INFO] - Critical DVS for vernalization (VERNDVS) reached at day 1984-06-27, but vernalization requirements not yet fulfilled. Forcing vernalization now (VERN=47.688571).
[2026-03-23 21:58:03,403][pcse.crop.phenology.Vernalisation][INFO] - Critical DVS for vernalization (VERNDVS) reached at day 1984-06-28, but vernalization requirements not yet fulfilled. Forcing vernalization now (VERN=47.688571).
[2026-03-23 21:58:03,419][pcse.crop.phenology.Vernalisation][INFO] - Critical DVS for vernalization (VERNDVS) reached at day 1984-06-29, but vernalization requirements not yet fulfilled. Forcing vernalization now (VERN=47.688571).
[2026-03-23 21:58:03,419][pcse.crop.phenology.Annual_Phenology][INFO] - Changed phenological stage 'vegetative' to 'reproductive' on 1984-06-29
[2026-03-23 21:58:04,825][pcse.crop.phenology.Annual_Phenology][INFO] - Changed phenological stage 'reproductive' to 'mature' on 1984-09-13
[2026-03-23 21:58:05,093][pcse.base.timer.Timer][INFO] - Reached end of simulation period as specified by END_DATE.
| train          | E: 87 | S: 20967 | R: -153.6747 | TR: 27.9483 | TF: 128 | LR: 128 | NR: 0 | D: 04.4 s | TD: 00.0 s | BR: -0.5823 | ALOSS: 3179.0162 | CLOSS: 1681057.0885 | TLOSS: -387.2507 | TVAL: 0.4222 | AENT: -917.8827 | BCLOSS: 0.0000
[EPISODE DBG] episode=87 step=20967 pred_return=-153.371953 true_return=34.525487 total_feedback=128 labeled_feedback=128
[2026-03-23 21:58:05,100][pcse.agromanager.SoilCalendar][INFO] - Starting soil (oregon) with variation (oregon_1) on day 1984-02-01
[2026-03-23 21:58:05,102][pcse.agromanager.CropCalendar][INFO] - Starting crop (wheat) with variety (wheat_1) on day 1984-02-01
[REPLAY DBG] post-agent-update step=21000 n=21000 mean=-0.582668 std=0.961040 min=-2.242645 max=2.729301
[STEP DBG] step=21000 env_reward=0.000000 r_hat=-0.362283 done=False
[NORM DBG] count=21000 mean_abs_mean=62551.046875 mean_std=133.818665 min_std=0.001000 max_std=1739.835815
[2026-03-23 21:58:06,452][pcse.crop.phenology.Annual_Phenology][INFO] - Changed phenological stage 'emerging' to 'vegetative' on 1984-04-10
[2026-03-23 21:58:07,166][pcse.crop.phenology.Vernalisation][INFO] - Critical DVS for vernalization (VERNDVS) reached at day 1984-06-02, but vernalization requirements not yet fulfilled. Forcing vernalization now (VERN=47.688571).
[2026-03-23 21:58:07,180][pcse.crop.phenology.Vernalisation][INFO] - Critical DVS for vernalization (VERNDVS) reached at day 1984-06-03, but vernalization requirements not yet fulfilled. Forcing vernalization now (VERN=47.688571).
[2026-03-23 21:58:07,194][pcse.crop.phenology.Vernalisation][INFO] - Critical DVS for vernalization (VERNDVS) reached at day 1984-06-04, but vernalization requirements not yet fulfilled. Forcing vernalization now (VERN=47.688571).
[2026-03-23 21:58:07,207][pcse.crop.phenology.Vernalisation][INFO] - Critical DVS for vernalization (VERNDVS) reached at day 1984-06-05, but vernalization requirements not yet fulfilled. Forcing vernalization now (VERN=47.688571).
[2026-03-23 21:58:07,221][pcse.crop.phenology.Vernalisation][INFO] - Critical DVS for vernalization (VERNDVS) reached at day 1984-06-06, but vernalization requirements not yet fulfilled. Forcing vernalization now (VERN=47.688571).
[2026-03-23 21:58:07,235][pcse.crop.phenology.Vernalisation][INFO] - Critical DVS for vernalization (VERNDVS) reached at day 1984-06-07, but vernalization requirements not yet fulfilled. Forcing vernalization now (VERN=47.688571).
[2026-03-23 21:58:07,249][pcse.crop.phenology.Vernalisation][INFO] - Critical DVS for vernalization (VERNDVS) reached at day 1984-06-08, but vernalization requirements not yet fulfilled. Forcing vernalization now (VERN=47.688571).
[2026-03-23 21:58:07,263][pcse.crop.phenology.Vernalisation][INFO] - Critical DVS for vernalization (VERNDVS) reached at day 1984-06-09, but vernalization requirements not yet fulfilled. Forcing vernalization now (VERN=47.688571).
[2026-03-23 21:58:07,277][pcse.crop.phenology.Vernalisation][INFO] - Critical DVS for vernalization (VERNDVS) reached at day 1984-06-10, but vernalization requirements not yet fulfilled. Forcing vernalization now (VERN=47.688571).
[2026-03-23 21:58:07,291][pcse.crop.phenology.Vernalisation][INFO] - Critical DVS for vernalization (VERNDVS) reached at day 1984-06-11, but vernalization requirements not yet fulfilled. Forcing vernalization now (VERN=47.688571).
[2026-03-23 21:58:07,304][pcse.crop.phenology.Vernalisation][INFO] - Critical DVS for vernalization (VERNDVS) reached at day 1984-06-12, but vernalization requirements not yet fulfilled. Forcing vernalization now (VERN=47.688571).
[2026-03-23 21:58:07,318][pcse.crop.phenology.Vernalisation][INFO] - Critical DVS for vernalization (VERNDVS) reached at day 1984-06-13, but vernalization requirements not yet fulfilled. Forcing vernalization now (VERN=47.688571).
[2026-03-23 21:58:07,332][pcse.crop.phenology.Vernalisation][INFO] - Critical DVS for vernalization (VERNDVS) reached at day 1984-06-14, but vernalization requirements not yet fulfilled. Forcing vernalization now (VERN=47.688571).
[2026-03-23 21:58:07,502][pcse.crop.phenology.Vernalisation][INFO] - Critical DVS for vernalization (VERNDVS) reached at day 1984-06-15, but vernalization requirements not yet fulfilled. Forcing vernalization now (VERN=47.688571).
[2026-03-23 21:58:07,520][pcse.crop.phenology.Vernalisation][INFO] - Critical DVS for vernalization (VERNDVS) reached at day 1984-06-16, but vernalization requirements not yet fulfilled. Forcing vernalization now (VERN=47.688571).
[2026-03-23 21:58:07,538][pcse.crop.phenology.Vernalisation][INFO] - Critical DVS for vernalization (VERNDVS) reached at day 1984-06-17, but vernalization requirements not yet fulfilled. Forcing vernalization now (VERN=47.688571).
[2026-03-23 21:58:07,556][pcse.crop.phenology.Vernalisation][INFO] - Critical DVS for vernalization (VERNDVS) reached at day 1984-06-18, but vernalization requirements not yet fulfilled. Forcing vernalization now (VERN=47.688571).
[2026-03-23 21:58:07,575][pcse.crop.phenology.Vernalisation][INFO] - Critical DVS for vernalization (VERNDVS) reached at day 1984-06-19, but vernalization requirements not yet fulfilled. Forcing vernalization now (VERN=47.688571).
[2026-03-23 21:58:07,592][pcse.crop.phenology.Vernalisation][INFO] - Critical DVS for vernalization (VERNDVS) reached at day 1984-06-20, but vernalization requirements not yet fulfilled. Forcing vernalization now (VERN=47.688571).
[2026-03-23 21:58:07,607][pcse.crop.phenology.Vernalisation][INFO] - Critical DVS for vernalization (VERNDVS) reached at day 1984-06-21, but vernalization requirements not yet fulfilled. Forcing vernalization now (VERN=47.688571).
[2026-03-23 21:58:07,622][pcse.crop.phenology.Vernalisation][INFO] - Critical DVS for vernalization (VERNDVS) reached at day 1984-06-22, but vernalization requirements not yet fulfilled. Forcing vernalization now (VERN=47.688571).
[2026-03-23 21:58:07,638][pcse.crop.phenology.Vernalisation][INFO] - Critical DVS for vernalization (VERNDVS) reached at day 1984-06-23, but vernalization requirements not yet fulfilled. Forcing vernalization now (VERN=47.688571).
[2026-03-23 21:58:07,653][pcse.crop.phenology.Vernalisation][INFO] - Critical DVS for vernalization (VERNDVS) reached at day 1984-06-24, but vernalization requirements not yet fulfilled. Forcing vernalization now (VERN=47.688571).
[2026-03-23 21:58:07,669][pcse.crop.phenology.Vernalisation][INFO] - Critical DVS for vernalization (VERNDVS) reached at day 1984-06-25, but vernalization requirements not yet fulfilled. Forcing vernalization now (VERN=47.688571).
[2026-03-23 21:58:07,685][pcse.crop.phenology.Vernalisation][INFO] - Critical DVS for vernalization (VERNDVS) reached at day 1984-06-26, but vernalization requirements not yet fulfilled. Forcing vernalization now (VERN=47.688571).
[2026-03-23 21:58:07,701][pcse.crop.phenology.Vernalisation][INFO] - Critical DVS for vernalization (VERNDVS) reached at day 1984-06-27, but vernalization requirements not yet fulfilled. Forcing vernalization now (VERN=47.688571).
[2026-03-23 21:58:07,716][pcse.crop.phenology.Vernalisation][INFO] - Critical DVS for vernalization (VERNDVS) reached at day 1984-06-28, but vernalization requirements not yet fulfilled. Forcing vernalization now (VERN=47.688571).
[2026-03-23 21:58:07,732][pcse.crop.phenology.Vernalisation][INFO] - Critical DVS for vernalization (VERNDVS) reached at day 1984-06-29, but vernalization requirements not yet fulfilled. Forcing vernalization now (VERN=47.688571).
[2026-03-23 21:58:07,732][pcse.crop.phenology.Annual_Phenology][INFO] - Changed phenological stage 'vegetative' to 'reproductive' on 1984-06-29
[2026-03-23 21:58:08,926][pcse.crop.phenology.Annual_Phenology][INFO] - Changed phenological stage 'reproductive' to 'mature' on 1984-09-13
[2026-03-23 21:58:09,355][pcse.base.timer.Timer][INFO] - Reached end of simulation period as specified by END_DATE.
| train          | E: 88 | S: 21208 | R: -153.3720 | TR: 34.5255 | TF: 128 | LR: 128 | NR: 0 | D: 04.3 s | TD: 00.0 s | BR: -0.5845 | ALOSS: 3436.3093 | CLOSS: 869643.1320 | TLOSS: -419.0681 | TVAL: 0.4311 | AENT: -973.2231 | BCLOSS: 0.0000
[EPISODE DBG] episode=88 step=21208 pred_return=-154.055719 true_return=51.499815 total_feedback=128 labeled_feedback=128
[2026-03-23 21:58:09,362][pcse.agromanager.SoilCalendar][INFO] - Starting soil (oregon) with variation (oregon_1) on day 1984-02-01
[2026-03-23 21:58:09,364][pcse.agromanager.CropCalendar][INFO] - Starting crop (wheat) with variety (wheat_1) on day 1984-02-01
[2026-03-23 21:58:10,601][pcse.crop.phenology.Annual_Phenology][INFO] - Changed phenological stage 'emerging' to 'vegetative' on 1984-04-10
[2026-03-23 21:58:11,611][pcse.crop.phenology.Vernalisation][INFO] - Critical DVS for vernalization (VERNDVS) reached at day 1984-06-02, but vernalization requirements not yet fulfilled. Forcing vernalization now (VERN=47.688571).
[2026-03-23 21:58:11,626][pcse.crop.phenology.Vernalisation][INFO] - Critical DVS for vernalization (VERNDVS) reached at day 1984-06-03, but vernalization requirements not yet fulfilled. Forcing vernalization now (VERN=47.688571).
[2026-03-23 21:58:11,642][pcse.crop.phenology.Vernalisation][INFO] - Critical DVS for vernalization (VERNDVS) reached at day 1984-06-04, but vernalization requirements not yet fulfilled. Forcing vernalization now (VERN=47.688571).
[2026-03-23 21:58:11,658][pcse.crop.phenology.Vernalisation][INFO] - Critical DVS for vernalization (VERNDVS) reached at day 1984-06-05, but vernalization requirements not yet fulfilled. Forcing vernalization now (VERN=47.688571).
[2026-03-23 21:58:11,674][pcse.crop.phenology.Vernalisation][INFO] - Critical DVS for vernalization (VERNDVS) reached at day 1984-06-06, but vernalization requirements not yet fulfilled. Forcing vernalization now (VERN=47.688571).
[2026-03-23 21:58:11,689][pcse.crop.phenology.Vernalisation][INFO] - Critical DVS for vernalization (VERNDVS) reached at day 1984-06-07, but vernalization requirements not yet fulfilled. Forcing vernalization now (VERN=47.688571).
[2026-03-23 21:58:11,705][pcse.crop.phenology.Vernalisation][INFO] - Critical DVS for vernalization (VERNDVS) reached at day 1984-06-08, but vernalization requirements not yet fulfilled. Forcing vernalization now (VERN=47.688571).
[2026-03-23 21:58:11,721][pcse.crop.phenology.Vernalisation][INFO] - Critical DVS for vernalization (VERNDVS) reached at day 1984-06-09, but vernalization requirements not yet fulfilled. Forcing vernalization now (VERN=47.688571).
[2026-03-23 21:58:11,737][pcse.crop.phenology.Vernalisation][INFO] - Critical DVS for vernalization (VERNDVS) reached at day 1984-06-10, but vernalization requirements not yet fulfilled. Forcing vernalization now (VERN=47.688571).
[2026-03-23 21:58:11,753][pcse.crop.phenology.Vernalisation][INFO] - Critical DVS for vernalization (VERNDVS) reached at day 1984-06-11, but vernalization requirements not yet fulfilled. Forcing vernalization now (VERN=47.688571).
[2026-03-23 21:58:11,769][pcse.crop.phenology.Vernalisation][INFO] - Critical DVS for vernalization (VERNDVS) reached at day 1984-06-12, but vernalization requirements not yet fulfilled. Forcing vernalization now (VERN=47.688571).
[2026-03-23 21:58:11,786][pcse.crop.phenology.Vernalisation][INFO] - Critical DVS for vernalization (VERNDVS) reached at day 1984-06-13, but vernalization requirements not yet fulfilled. Forcing vernalization now (VERN=47.688571).
[2026-03-23 21:58:11,802][pcse.crop.phenology.Vernalisation][INFO] - Critical DVS for vernalization (VERNDVS) reached at day 1984-06-14, but vernalization requirements not yet fulfilled. Forcing vernalization now (VERN=47.688571).
[2026-03-23 21:58:11,818][pcse.crop.phenology.Vernalisation][INFO] - Critical DVS for vernalization (VERNDVS) reached at day 1984-06-15, but vernalization requirements not yet fulfilled. Forcing vernalization now (VERN=47.688571).
[2026-03-23 21:58:11,833][pcse.crop.phenology.Vernalisation][INFO] - Critical DVS for vernalization (VERNDVS) reached at day 1984-06-16, but vernalization requirements not yet fulfilled. Forcing vernalization now (VERN=47.688571).
[2026-03-23 21:58:11,849][pcse.crop.phenology.Vernalisation][INFO] - Critical DVS for vernalization (VERNDVS) reached at day 1984-06-17, but vernalization requirements not yet fulfilled. Forcing vernalization now (VERN=47.688571).
[2026-03-23 21:58:11,865][pcse.crop.phenology.Vernalisation][INFO] - Critical DVS for vernalization (VERNDVS) reached at day 1984-06-18, but vernalization requirements not yet fulfilled. Forcing vernalization now (VERN=47.688571).
[2026-03-23 21:58:11,881][pcse.crop.phenology.Vernalisation][INFO] - Critical DVS for vernalization (VERNDVS) reached at day 1984-06-19, but vernalization requirements not yet fulfilled. Forcing vernalization now (VERN=47.688571).
[2026-03-23 21:58:11,897][pcse.crop.phenology.Vernalisation][INFO] - Critical DVS for vernalization (VERNDVS) reached at day 1984-06-20, but vernalization requirements not yet fulfilled. Forcing vernalization now (VERN=47.688571).
[2026-03-23 21:58:11,913][pcse.crop.phenology.Vernalisation][INFO] - Critical DVS for vernalization (VERNDVS) reached at day 1984-06-21, but vernalization requirements not yet fulfilled. Forcing vernalization now (VERN=47.688571).
[2026-03-23 21:58:11,929][pcse.crop.phenology.Vernalisation][INFO] - Critical DVS for vernalization (VERNDVS) reached at day 1984-06-22, but vernalization requirements not yet fulfilled. Forcing vernalization now (VERN=47.688571).
[2026-03-23 21:58:11,944][pcse.crop.phenology.Vernalisation][INFO] - Critical DVS for vernalization (VERNDVS) reached at day 1984-06-23, but vernalization requirements not yet fulfilled. Forcing vernalization now (VERN=47.688571).
[2026-03-23 21:58:11,960][pcse.crop.phenology.Vernalisation][INFO] - Critical DVS for vernalization (VERNDVS) reached at day 1984-06-24, but vernalization requirements not yet fulfilled. Forcing vernalization now (VERN=47.688571).
[2026-03-23 21:58:11,976][pcse.crop.phenology.Vernalisation][INFO] - Critical DVS for vernalization (VERNDVS) reached at day 1984-06-25, but vernalization requirements not yet fulfilled. Forcing vernalization now (VERN=47.688571).
[2026-03-23 21:58:11,992][pcse.crop.phenology.Vernalisation][INFO] - Critical DVS for vernalization (VERNDVS) reached at day 1984-06-26, but vernalization requirements not yet fulfilled. Forcing vernalization now (VERN=47.688571).
[2026-03-23 21:58:12,008][pcse.crop.phenology.Vernalisation][INFO] - Critical DVS for vernalization (VERNDVS) reached at day 1984-06-27, but vernalization requirements not yet fulfilled. Forcing vernalization now (VERN=47.688571).
[2026-03-23 21:58:12,024][pcse.crop.phenology.Vernalisation][INFO] - Critical DVS for vernalization (VERNDVS) reached at day 1984-06-28, but vernalization requirements not yet fulfilled. Forcing vernalization now (VERN=47.688571).
[2026-03-23 21:58:12,040][pcse.crop.phenology.Vernalisation][INFO] - Critical DVS for vernalization (VERNDVS) reached at day 1984-06-29, but vernalization requirements not yet fulfilled. Forcing vernalization now (VERN=47.688571).
[2026-03-23 21:58:12,040][pcse.crop.phenology.Annual_Phenology][INFO] - Changed phenological stage 'vegetative' to 'reproductive' on 1984-06-29
[2026-03-23 21:58:13,442][pcse.crop.phenology.Annual_Phenology][INFO] - Changed phenological stage 'reproductive' to 'mature' on 1984-09-13
[2026-03-23 21:58:13,708][pcse.base.timer.Timer][INFO] - Reached end of simulation period as specified by END_DATE.
| train          | E: 89 | S: 21449 | R: -154.0557 | TR: 51.4998 | TF: 128 | LR: 128 | NR: 0 | D: 04.4 s | TD: 00.0 s | BR: -0.5813 | ALOSS: 3640.6732 | CLOSS: 155368.8689 | TLOSS: -417.5751 | TVAL: 0.4403 | AENT: -949.3406 | BCLOSS: 0.0000
[EPISODE DBG] episode=89 step=21449 pred_return=-149.367383 true_return=57.718482 total_feedback=128 labeled_feedback=128
[2026-03-23 21:58:13,715][pcse.agromanager.SoilCalendar][INFO] - Starting soil (oregon) with variation (oregon_1) on day 1984-02-01
[2026-03-23 21:58:13,717][pcse.agromanager.CropCalendar][INFO] - Starting crop (wheat) with variety (wheat_1) on day 1984-02-01
[REPLAY DBG] post-agent-update step=21500 n=21500 mean=-0.583175 std=0.953430 min=-2.242645 max=2.729301
[STEP DBG] step=21500 env_reward=0.000000 r_hat=0.548112 done=False
[NORM DBG] count=21500 mean_abs_mean=62550.257812 mean_std=132.479019 min_std=0.001000 max_std=1720.836182
[2026-03-23 21:58:15,151][pcse.crop.phenology.Annual_Phenology][INFO] - Changed phenological stage 'emerging' to 'vegetative' on 1984-04-10
[2026-03-23 21:58:15,975][pcse.crop.phenology.Vernalisation][INFO] - Critical DVS for vernalization (VERNDVS) reached at day 1984-06-02, but vernalization requirements not yet fulfilled. Forcing vernalization now (VERN=47.688571).
[2026-03-23 21:58:15,991][pcse.crop.phenology.Vernalisation][INFO] - Critical DVS for vernalization (VERNDVS) reached at day 1984-06-03, but vernalization requirements not yet fulfilled. Forcing vernalization now (VERN=47.688571).
[2026-03-23 21:58:16,006][pcse.crop.phenology.Vernalisation][INFO] - Critical DVS for vernalization (VERNDVS) reached at day 1984-06-04, but vernalization requirements not yet fulfilled. Forcing vernalization now (VERN=47.688571).
[2026-03-23 21:58:16,022][pcse.crop.phenology.Vernalisation][INFO] - Critical DVS for vernalization (VERNDVS) reached at day 1984-06-05, but vernalization requirements not yet fulfilled. Forcing vernalization now (VERN=47.688571).
[2026-03-23 21:58:16,038][pcse.crop.phenology.Vernalisation][INFO] - Critical DVS for vernalization (VERNDVS) reached at day 1984-06-06, but vernalization requirements not yet fulfilled. Forcing vernalization now (VERN=47.688571).
[2026-03-23 21:58:16,054][pcse.crop.phenology.Vernalisation][INFO] - Critical DVS for vernalization (VERNDVS) reached at day 1984-06-07, but vernalization requirements not yet fulfilled. Forcing vernalization now (VERN=47.688571).
[2026-03-23 21:58:16,069][pcse.crop.phenology.Vernalisation][INFO] - Critical DVS for vernalization (VERNDVS) reached at day 1984-06-08, but vernalization requirements not yet fulfilled. Forcing vernalization now (VERN=47.688571).
[2026-03-23 21:58:16,085][pcse.crop.phenology.Vernalisation][INFO] - Critical DVS for vernalization (VERNDVS) reached at day 1984-06-09, but vernalization requirements not yet fulfilled. Forcing vernalization now (VERN=47.688571).
[2026-03-23 21:58:16,100][pcse.crop.phenology.Vernalisation][INFO] - Critical DVS for vernalization (VERNDVS) reached at day 1984-06-10, but vernalization requirements not yet fulfilled. Forcing vernalization now (VERN=47.688571).
[2026-03-23 21:58:16,116][pcse.crop.phenology.Vernalisation][INFO] - Critical DVS for vernalization (VERNDVS) reached at day 1984-06-11, but vernalization requirements not yet fulfilled. Forcing vernalization now (VERN=47.688571).
[2026-03-23 21:58:16,131][pcse.crop.phenology.Vernalisation][INFO] - Critical DVS for vernalization (VERNDVS) reached at day 1984-06-12, but vernalization requirements not yet fulfilled. Forcing vernalization now (VERN=47.688571).
[2026-03-23 21:58:16,147][pcse.crop.phenology.Vernalisation][INFO] - Critical DVS for vernalization (VERNDVS) reached at day 1984-06-13, but vernalization requirements not yet fulfilled. Forcing vernalization now (VERN=47.688571).
[2026-03-23 21:58:16,162][pcse.crop.phenology.Vernalisation][INFO] - Critical DVS for vernalization (VERNDVS) reached at day 1984-06-14, but vernalization requirements not yet fulfilled. Forcing vernalization now (VERN=47.688571).
[2026-03-23 21:58:16,178][pcse.crop.phenology.Vernalisation][INFO] - Critical DVS for vernalization (VERNDVS) reached at day 1984-06-15, but vernalization requirements not yet fulfilled. Forcing vernalization now (VERN=47.688571).
[2026-03-23 21:58:16,194][pcse.crop.phenology.Vernalisation][INFO] - Critical DVS for vernalization (VERNDVS) reached at day 1984-06-16, but vernalization requirements not yet fulfilled. Forcing vernalization now (VERN=47.688571).
[2026-03-23 21:58:16,210][pcse.crop.phenology.Vernalisation][INFO] - Critical DVS for vernalization (VERNDVS) reached at day 1984-06-17, but vernalization requirements not yet fulfilled. Forcing vernalization now (VERN=47.688571).
[2026-03-23 21:58:16,225][pcse.crop.phenology.Vernalisation][INFO] - Critical DVS for vernalization (VERNDVS) reached at day 1984-06-18, but vernalization requirements not yet fulfilled. Forcing vernalization now (VERN=47.688571).
[2026-03-23 21:58:16,241][pcse.crop.phenology.Vernalisation][INFO] - Critical DVS for vernalization (VERNDVS) reached at day 1984-06-19, but vernalization requirements not yet fulfilled. Forcing vernalization now (VERN=47.688571).
[2026-03-23 21:58:16,256][pcse.crop.phenology.Vernalisation][INFO] - Critical DVS for vernalization (VERNDVS) reached at day 1984-06-20, but vernalization requirements not yet fulfilled. Forcing vernalization now (VERN=47.688571).
[2026-03-23 21:58:16,272][pcse.crop.phenology.Vernalisation][INFO] - Critical DVS for vernalization (VERNDVS) reached at day 1984-06-21, but vernalization requirements not yet fulfilled. Forcing vernalization now (VERN=47.688571).
[2026-03-23 21:58:16,288][pcse.crop.phenology.Vernalisation][INFO] - Critical DVS for vernalization (VERNDVS) reached at day 1984-06-22, but vernalization requirements not yet fulfilled. Forcing vernalization now (VERN=47.688571).
[2026-03-23 21:58:16,304][pcse.crop.phenology.Vernalisation][INFO] - Critical DVS for vernalization (VERNDVS) reached at day 1984-06-23, but vernalization requirements not yet fulfilled. Forcing vernalization now (VERN=47.688571).
[2026-03-23 21:58:16,320][pcse.crop.phenology.Vernalisation][INFO] - Critical DVS for vernalization (VERNDVS) reached at day 1984-06-24, but vernalization requirements not yet fulfilled. Forcing vernalization now (VERN=47.688571).
[2026-03-23 21:58:16,335][pcse.crop.phenology.Vernalisation][INFO] - Critical DVS for vernalization (VERNDVS) reached at day 1984-06-25, but vernalization requirements not yet fulfilled. Forcing vernalization now (VERN=47.688571).
[2026-03-23 21:58:16,351][pcse.crop.phenology.Vernalisation][INFO] - Critical DVS for vernalization (VERNDVS) reached at day 1984-06-26, but vernalization requirements not yet fulfilled. Forcing vernalization now (VERN=47.688571).
[2026-03-23 21:58:16,367][pcse.crop.phenology.Vernalisation][INFO] - Critical DVS for vernalization (VERNDVS) reached at day 1984-06-27, but vernalization requirements not yet fulfilled. Forcing vernalization now (VERN=47.688571).
[2026-03-23 21:58:16,381][pcse.crop.phenology.Vernalisation][INFO] - Critical DVS for vernalization (VERNDVS) reached at day 1984-06-28, but vernalization requirements not yet fulfilled. Forcing vernalization now (VERN=47.688571).
[2026-03-23 21:58:16,397][pcse.crop.phenology.Vernalisation][INFO] - Critical DVS for vernalization (VERNDVS) reached at day 1984-06-29, but vernalization requirements not yet fulfilled. Forcing vernalization now (VERN=47.688571).
[2026-03-23 21:58:16,397][pcse.crop.phenology.Annual_Phenology][INFO] - Changed phenological stage 'vegetative' to 'reproductive' on 1984-06-29
[2026-03-23 21:58:17,832][pcse.crop.phenology.Annual_Phenology][INFO] - Changed phenological stage 'reproductive' to 'mature' on 1984-09-13
[2026-03-23 21:58:18,097][pcse.base.timer.Timer][INFO] - Reached end of simulation period as specified by END_DATE.
| train          | E: 90 | S: 21690 | R: -149.3674 | TR: 57.7185 | TF: 128 | LR: 128 | NR: 0 | D: 04.4 s | TD: 00.0 s | BR: -0.5837 | ALOSS: 3934.9733 | CLOSS: 571350.5785 | TLOSS: -417.6181 | TVAL: 0.4500 | AENT: -929.1506 | BCLOSS: 0.0000
[EPISODE DBG] episode=90 step=21690 pred_return=-148.627825 true_return=42.954051 total_feedback=128 labeled_feedback=128
[2026-03-23 21:58:18,105][pcse.agromanager.SoilCalendar][INFO] - Starting soil (oregon) with variation (oregon_1) on day 1984-02-01
[2026-03-23 21:58:18,107][pcse.agromanager.CropCalendar][INFO] - Starting crop (wheat) with variety (wheat_1) on day 1984-02-01
[2026-03-23 21:58:19,611][pcse.crop.phenology.Annual_Phenology][INFO] - Changed phenological stage 'emerging' to 'vegetative' on 1984-04-10
[2026-03-23 21:58:20,618][pcse.crop.phenology.Vernalisation][INFO] - Critical DVS for vernalization (VERNDVS) reached at day 1984-06-02, but vernalization requirements not yet fulfilled. Forcing vernalization now (VERN=47.688571).
[2026-03-23 21:58:20,635][pcse.crop.phenology.Vernalisation][INFO] - Critical DVS for vernalization (VERNDVS) reached at day 1984-06-03, but vernalization requirements not yet fulfilled. Forcing vernalization now (VERN=47.688571).
[2026-03-23 21:58:20,651][pcse.crop.phenology.Vernalisation][INFO] - Critical DVS for vernalization (VERNDVS) reached at day 1984-06-04, but vernalization requirements not yet fulfilled. Forcing vernalization now (VERN=47.688571).
[2026-03-23 21:58:20,667][pcse.crop.phenology.Vernalisation][INFO] - Critical DVS for vernalization (VERNDVS) reached at day 1984-06-05, but vernalization requirements not yet fulfilled. Forcing vernalization now (VERN=47.688571).
[2026-03-23 21:58:20,683][pcse.crop.phenology.Vernalisation][INFO] - Critical DVS for vernalization (VERNDVS) reached at day 1984-06-06, but vernalization requirements not yet fulfilled. Forcing vernalization now (VERN=47.688571).
[2026-03-23 21:58:20,699][pcse.crop.phenology.Vernalisation][INFO] - Critical DVS for vernalization (VERNDVS) reached at day 1984-06-07, but vernalization requirements not yet fulfilled. Forcing vernalization now (VERN=47.688571).
[2026-03-23 21:58:20,715][pcse.crop.phenology.Vernalisation][INFO] - Critical DVS for vernalization (VERNDVS) reached at day 1984-06-08, but vernalization requirements not yet fulfilled. Forcing vernalization now (VERN=47.688571).
[2026-03-23 21:58:20,730][pcse.crop.phenology.Vernalisation][INFO] - Critical DVS for vernalization (VERNDVS) reached at day 1984-06-09, but vernalization requirements not yet fulfilled. Forcing vernalization now (VERN=47.688571).
[2026-03-23 21:58:20,746][pcse.crop.phenology.Vernalisation][INFO] - Critical DVS for vernalization (VERNDVS) reached at day 1984-06-10, but vernalization requirements not yet fulfilled. Forcing vernalization now (VERN=47.688571).
[2026-03-23 21:58:20,762][pcse.crop.phenology.Vernalisation][INFO] - Critical DVS for vernalization (VERNDVS) reached at day 1984-06-11, but vernalization requirements not yet fulfilled. Forcing vernalization now (VERN=47.688571).
[2026-03-23 21:58:20,778][pcse.crop.phenology.Vernalisation][INFO] - Critical DVS for vernalization (VERNDVS) reached at day 1984-06-12, but vernalization requirements not yet fulfilled. Forcing vernalization now (VERN=47.688571).
[2026-03-23 21:58:20,794][pcse.crop.phenology.Vernalisation][INFO] - Critical DVS for vernalization (VERNDVS) reached at day 1984-06-13, but vernalization requirements not yet fulfilled. Forcing vernalization now (VERN=47.688571).
[2026-03-23 21:58:20,809][pcse.crop.phenology.Vernalisation][INFO] - Critical DVS for vernalization (VERNDVS) reached at day 1984-06-14, but vernalization requirements not yet fulfilled. Forcing vernalization now (VERN=47.688571).
[2026-03-23 21:58:20,825][pcse.crop.phenology.Vernalisation][INFO] - Critical DVS for vernalization (VERNDVS) reached at day 1984-06-15, but vernalization requirements not yet fulfilled. Forcing vernalization now (VERN=47.688571).
[2026-03-23 21:58:20,840][pcse.crop.phenology.Vernalisation][INFO] - Critical DVS for vernalization (VERNDVS) reached at day 1984-06-16, but vernalization requirements not yet fulfilled. Forcing vernalization now (VERN=47.688571).
[2026-03-23 21:58:20,856][pcse.crop.phenology.Vernalisation][INFO] - Critical DVS for vernalization (VERNDVS) reached at day 1984-06-17, but vernalization requirements not yet fulfilled. Forcing vernalization now (VERN=47.688571).
[2026-03-23 21:58:20,872][pcse.crop.phenology.Vernalisation][INFO] - Critical DVS for vernalization (VERNDVS) reached at day 1984-06-18, but vernalization requirements not yet fulfilled. Forcing vernalization now (VERN=47.688571).
[2026-03-23 21:58:20,887][pcse.crop.phenology.Vernalisation][INFO] - Critical DVS for vernalization (VERNDVS) reached at day 1984-06-19, but vernalization requirements not yet fulfilled. Forcing vernalization now (VERN=47.688571).
[2026-03-23 21:58:20,903][pcse.crop.phenology.Vernalisation][INFO] - Critical DVS for vernalization (VERNDVS) reached at day 1984-06-20, but vernalization requirements not yet fulfilled. Forcing vernalization now (VERN=47.688571).
[2026-03-23 21:58:20,919][pcse.crop.phenology.Vernalisation][INFO] - Critical DVS for vernalization (VERNDVS) reached at day 1984-06-21, but vernalization requirements not yet fulfilled. Forcing vernalization now (VERN=47.688571).
[2026-03-23 21:58:20,935][pcse.crop.phenology.Vernalisation][INFO] - Critical DVS for vernalization (VERNDVS) reached at day 1984-06-22, but vernalization requirements not yet fulfilled. Forcing vernalization now (VERN=47.688571).
[2026-03-23 21:58:20,950][pcse.crop.phenology.Vernalisation][INFO] - Critical DVS for vernalization (VERNDVS) reached at day 1984-06-23, but vernalization requirements not yet fulfilled. Forcing vernalization now (VERN=47.688571).
[2026-03-23 21:58:20,966][pcse.crop.phenology.Vernalisation][INFO] - Critical DVS for vernalization (VERNDVS) reached at day 1984-06-24, but vernalization requirements not yet fulfilled. Forcing vernalization now (VERN=47.688571).
[2026-03-23 21:58:20,981][pcse.crop.phenology.Vernalisation][INFO] - Critical DVS for vernalization (VERNDVS) reached at day 1984-06-25, but vernalization requirements not yet fulfilled. Forcing vernalization now (VERN=47.688571).
[2026-03-23 21:58:20,998][pcse.crop.phenology.Vernalisation][INFO] - Critical DVS for vernalization (VERNDVS) reached at day 1984-06-26, but vernalization requirements not yet fulfilled. Forcing vernalization now (VERN=47.688571).
[2026-03-23 21:58:21,013][pcse.crop.phenology.Vernalisation][INFO] - Critical DVS for vernalization (VERNDVS) reached at day 1984-06-27, but vernalization requirements not yet fulfilled. Forcing vernalization now (VERN=47.688571).
[2026-03-23 21:58:21,029][pcse.crop.phenology.Vernalisation][INFO] - Critical DVS for vernalization (VERNDVS) reached at day 1984-06-28, but vernalization requirements not yet fulfilled. Forcing vernalization now (VERN=47.688571).
[2026-03-23 21:58:21,044][pcse.crop.phenology.Vernalisation][INFO] - Critical DVS for vernalization (VERNDVS) reached at day 1984-06-29, but vernalization requirements not yet fulfilled. Forcing vernalization now (VERN=47.688571).
[2026-03-23 21:58:21,045][pcse.crop.phenology.Annual_Phenology][INFO] - Changed phenological stage 'vegetative' to 'reproductive' on 1984-06-29
[2026-03-23 21:58:22,404][pcse.crop.phenology.Annual_Phenology][INFO] - Changed phenological stage 'reproductive' to 'mature' on 1984-09-13
[2026-03-23 21:58:22,671][pcse.base.timer.Timer][INFO] - Reached end of simulation period as specified by END_DATE.
| train          | E: 91 | S: 21931 | R: -148.6278 | TR: 42.9541 | TF: 128 | LR: 128 | NR: 0 | D: 04.6 s | TD: 00.0 s | BR: -0.5833 | ALOSS: 4239.5438 | CLOSS: 1456286.8307 | TLOSS: -421.3850 | TVAL: 0.4599 | AENT: -917.1619 | BCLOSS: 0.0000
[EPISODE DBG] episode=91 step=21931 pred_return=-149.478133 true_return=22.107560 total_feedback=128 labeled_feedback=128
[2026-03-23 21:58:22,678][pcse.agromanager.SoilCalendar][INFO] - Starting soil (oregon) with variation (oregon_1) on day 1984-02-01
[2026-03-23 21:58:22,680][pcse.agromanager.CropCalendar][INFO] - Starting crop (wheat) with variety (wheat_1) on day 1984-02-01
[2026-03-23 21:58:23,929][pcse.crop.phenology.Annual_Phenology][INFO] - Changed phenological stage 'emerging' to 'vegetative' on 1984-04-10
[REPLAY DBG] post-agent-update step=22000 n=22000 mean=-0.583742 std=0.946011 min=-2.242645 max=2.729301
[STEP DBG] step=22000 env_reward=0.000000 r_hat=-0.416969 done=False
[NORM DBG] count=22000 mean_abs_mean=62549.503906 mean_std=131.178925 min_std=0.001000 max_std=1702.441650
[2026-03-23 21:58:24,937][pcse.crop.phenology.Vernalisation][INFO] - Critical DVS for vernalization (VERNDVS) reached at day 1984-06-02, but vernalization requirements not yet fulfilled. Forcing vernalization now (VERN=47.688571).
[2026-03-23 21:58:24,953][pcse.crop.phenology.Vernalisation][INFO] - Critical DVS for vernalization (VERNDVS) reached at day 1984-06-03, but vernalization requirements not yet fulfilled. Forcing vernalization now (VERN=47.688571).
[2026-03-23 21:58:24,969][pcse.crop.phenology.Vernalisation][INFO] - Critical DVS for vernalization (VERNDVS) reached at day 1984-06-04, but vernalization requirements not yet fulfilled. Forcing vernalization now (VERN=47.688571).
[2026-03-23 21:58:24,985][pcse.crop.phenology.Vernalisation][INFO] - Critical DVS for vernalization (VERNDVS) reached at day 1984-06-05, but vernalization requirements not yet fulfilled. Forcing vernalization now (VERN=47.688571).
[2026-03-23 21:58:25,000][pcse.crop.phenology.Vernalisation][INFO] - Critical DVS for vernalization (VERNDVS) reached at day 1984-06-06, but vernalization requirements not yet fulfilled. Forcing vernalization now (VERN=47.688571).
[2026-03-23 21:58:25,016][pcse.crop.phenology.Vernalisation][INFO] - Critical DVS for vernalization (VERNDVS) reached at day 1984-06-07, but vernalization requirements not yet fulfilled. Forcing vernalization now (VERN=47.688571).
[2026-03-23 21:58:25,032][pcse.crop.phenology.Vernalisation][INFO] - Critical DVS for vernalization (VERNDVS) reached at day 1984-06-08, but vernalization requirements not yet fulfilled. Forcing vernalization now (VERN=47.688571).
[2026-03-23 21:58:25,047][pcse.crop.phenology.Vernalisation][INFO] - Critical DVS for vernalization (VERNDVS) reached at day 1984-06-09, but vernalization requirements not yet fulfilled. Forcing vernalization now (VERN=47.688571).
[2026-03-23 21:58:25,063][pcse.crop.phenology.Vernalisation][INFO] - Critical DVS for vernalization (VERNDVS) reached at day 1984-06-10, but vernalization requirements not yet fulfilled. Forcing vernalization now (VERN=47.688571).
[2026-03-23 21:58:25,079][pcse.crop.phenology.Vernalisation][INFO] - Critical DVS for vernalization (VERNDVS) reached at day 1984-06-11, but vernalization requirements not yet fulfilled. Forcing vernalization now (VERN=47.688571).
[2026-03-23 21:58:25,095][pcse.crop.phenology.Vernalisation][INFO] - Critical DVS for vernalization (VERNDVS) reached at day 1984-06-12, but vernalization requirements not yet fulfilled. Forcing vernalization now (VERN=47.688571).
[2026-03-23 21:58:25,110][pcse.crop.phenology.Vernalisation][INFO] - Critical DVS for vernalization (VERNDVS) reached at day 1984-06-13, but vernalization requirements not yet fulfilled. Forcing vernalization now (VERN=47.688571).
[2026-03-23 21:58:25,126][pcse.crop.phenology.Vernalisation][INFO] - Critical DVS for vernalization (VERNDVS) reached at day 1984-06-14, but vernalization requirements not yet fulfilled. Forcing vernalization now (VERN=47.688571).
[2026-03-23 21:58:25,141][pcse.crop.phenology.Vernalisation][INFO] - Critical DVS for vernalization (VERNDVS) reached at day 1984-06-15, but vernalization requirements not yet fulfilled. Forcing vernalization now (VERN=47.688571).
[2026-03-23 21:58:25,157][pcse.crop.phenology.Vernalisation][INFO] - Critical DVS for vernalization (VERNDVS) reached at day 1984-06-16, but vernalization requirements not yet fulfilled. Forcing vernalization now (VERN=47.688571).
[2026-03-23 21:58:25,173][pcse.crop.phenology.Vernalisation][INFO] - Critical DVS for vernalization (VERNDVS) reached at day 1984-06-17, but vernalization requirements not yet fulfilled. Forcing vernalization now (VERN=47.688571).
[2026-03-23 21:58:25,188][pcse.crop.phenology.Vernalisation][INFO] - Critical DVS for vernalization (VERNDVS) reached at day 1984-06-18, but vernalization requirements not yet fulfilled. Forcing vernalization now (VERN=47.688571).
[2026-03-23 21:58:25,204][pcse.crop.phenology.Vernalisation][INFO] - Critical DVS for vernalization (VERNDVS) reached at day 1984-06-19, but vernalization requirements not yet fulfilled. Forcing vernalization now (VERN=47.688571).
[2026-03-23 21:58:25,219][pcse.crop.phenology.Vernalisation][INFO] - Critical DVS for vernalization (VERNDVS) reached at day 1984-06-20, but vernalization requirements not yet fulfilled. Forcing vernalization now (VERN=47.688571).
[2026-03-23 21:58:25,235][pcse.crop.phenology.Vernalisation][INFO] - Critical DVS for vernalization (VERNDVS) reached at day 1984-06-21, but vernalization requirements not yet fulfilled. Forcing vernalization now (VERN=47.688571).
[2026-03-23 21:58:25,250][pcse.crop.phenology.Vernalisation][INFO] - Critical DVS for vernalization (VERNDVS) reached at day 1984-06-22, but vernalization requirements not yet fulfilled. Forcing vernalization now (VERN=47.688571).
[2026-03-23 21:58:25,266][pcse.crop.phenology.Vernalisation][INFO] - Critical DVS for vernalization (VERNDVS) reached at day 1984-06-23, but vernalization requirements not yet fulfilled. Forcing vernalization now (VERN=47.688571).
[2026-03-23 21:58:25,282][pcse.crop.phenology.Vernalisation][INFO] - Critical DVS for vernalization (VERNDVS) reached at day 1984-06-24, but vernalization requirements not yet fulfilled. Forcing vernalization now (VERN=47.688571).
[2026-03-23 21:58:25,297][pcse.crop.phenology.Vernalisation][INFO] - Critical DVS for vernalization (VERNDVS) reached at day 1984-06-25, but vernalization requirements not yet fulfilled. Forcing vernalization now (VERN=47.688571).
[2026-03-23 21:58:25,313][pcse.crop.phenology.Vernalisation][INFO] - Critical DVS for vernalization (VERNDVS) reached at day 1984-06-26, but vernalization requirements not yet fulfilled. Forcing vernalization now (VERN=47.688571).
[2026-03-23 21:58:25,329][pcse.crop.phenology.Vernalisation][INFO] - Critical DVS for vernalization (VERNDVS) reached at day 1984-06-27, but vernalization requirements not yet fulfilled. Forcing vernalization now (VERN=47.688571).
[2026-03-23 21:58:25,344][pcse.crop.phenology.Vernalisation][INFO] - Critical DVS for vernalization (VERNDVS) reached at day 1984-06-28, but vernalization requirements not yet fulfilled. Forcing vernalization now (VERN=47.688571).
[2026-03-23 21:58:25,359][pcse.crop.phenology.Vernalisation][INFO] - Critical DVS for vernalization (VERNDVS) reached at day 1984-06-29, but vernalization requirements not yet fulfilled. Forcing vernalization now (VERN=47.688571).
[2026-03-23 21:58:25,360][pcse.crop.phenology.Annual_Phenology][INFO] - Changed phenological stage 'vegetative' to 'reproductive' on 1984-06-29
[2026-03-23 21:58:26,949][pcse.crop.phenology.Annual_Phenology][INFO] - Changed phenological stage 'reproductive' to 'mature' on 1984-09-13
[2026-03-23 21:58:27,207][pcse.base.timer.Timer][INFO] - Reached end of simulation period as specified by END_DATE.
| train          | E: 92 | S: 22172 | R: -149.4781 | TR: 22.1076 | TF: 128 | LR: 128 | NR: 0 | D: 04.5 s | TD: 00.0 s | BR: -0.5835 | ALOSS: 4373.8410 | CLOSS: 1616122.7085 | TLOSS: -417.2184 | TVAL: 0.4702 | AENT: -888.3129 | BCLOSS: 0.0000
[EPISODE DBG] episode=92 step=22172 pred_return=-152.420051 true_return=27.250778 total_feedback=128 labeled_feedback=128
[2026-03-23 21:58:27,218][pcse.agromanager.SoilCalendar][INFO] - Starting soil (oregon) with variation (oregon_1) on day 1984-02-01
[2026-03-23 21:58:27,222][pcse.agromanager.CropCalendar][INFO] - Starting crop (wheat) with variety (wheat_1) on day 1984-02-01
[2026-03-23 21:58:28,663][pcse.crop.phenology.Annual_Phenology][INFO] - Changed phenological stage 'emerging' to 'vegetative' on 1984-04-10
[2026-03-23 21:58:29,485][pcse.crop.phenology.Vernalisation][INFO] - Critical DVS for vernalization (VERNDVS) reached at day 1984-06-02, but vernalization requirements not yet fulfilled. Forcing vernalization now (VERN=47.688571).
[2026-03-23 21:58:29,500][pcse.crop.phenology.Vernalisation][INFO] - Critical DVS for vernalization (VERNDVS) reached at day 1984-06-03, but vernalization requirements not yet fulfilled. Forcing vernalization now (VERN=47.688571).
[2026-03-23 21:58:29,516][pcse.crop.phenology.Vernalisation][INFO] - Critical DVS for vernalization (VERNDVS) reached at day 1984-06-04, but vernalization requirements not yet fulfilled. Forcing vernalization now (VERN=47.688571).
[2026-03-23 21:58:29,532][pcse.crop.phenology.Vernalisation][INFO] - Critical DVS for vernalization (VERNDVS) reached at day 1984-06-05, but vernalization requirements not yet fulfilled. Forcing vernalization now (VERN=47.688571).
[2026-03-23 21:58:29,548][pcse.crop.phenology.Vernalisation][INFO] - Critical DVS for vernalization (VERNDVS) reached at day 1984-06-06, but vernalization requirements not yet fulfilled. Forcing vernalization now (VERN=47.688571).
[2026-03-23 21:58:29,565][pcse.crop.phenology.Vernalisation][INFO] - Critical DVS for vernalization (VERNDVS) reached at day 1984-06-07, but vernalization requirements not yet fulfilled. Forcing vernalization now (VERN=47.688571).
[2026-03-23 21:58:29,581][pcse.crop.phenology.Vernalisation][INFO] - Critical DVS for vernalization (VERNDVS) reached at day 1984-06-08, but vernalization requirements not yet fulfilled. Forcing vernalization now (VERN=47.688571).
[2026-03-23 21:58:29,596][pcse.crop.phenology.Vernalisation][INFO] - Critical DVS for vernalization (VERNDVS) reached at day 1984-06-09, but vernalization requirements not yet fulfilled. Forcing vernalization now (VERN=47.688571).
[2026-03-23 21:58:29,775][pcse.crop.phenology.Vernalisation][INFO] - Critical DVS for vernalization (VERNDVS) reached at day 1984-06-10, but vernalization requirements not yet fulfilled. Forcing vernalization now (VERN=47.688571).
[2026-03-23 21:58:29,793][pcse.crop.phenology.Vernalisation][INFO] - Critical DVS for vernalization (VERNDVS) reached at day 1984-06-11, but vernalization requirements not yet fulfilled. Forcing vernalization now (VERN=47.688571).
[2026-03-23 21:58:29,813][pcse.crop.phenology.Vernalisation][INFO] - Critical DVS for vernalization (VERNDVS) reached at day 1984-06-12, but vernalization requirements not yet fulfilled. Forcing vernalization now (VERN=47.688571).
[2026-03-23 21:58:29,831][pcse.crop.phenology.Vernalisation][INFO] - Critical DVS for vernalization (VERNDVS) reached at day 1984-06-13, but vernalization requirements not yet fulfilled. Forcing vernalization now (VERN=47.688571).
[2026-03-23 21:58:29,850][pcse.crop.phenology.Vernalisation][INFO] - Critical DVS for vernalization (VERNDVS) reached at day 1984-06-14, but vernalization requirements not yet fulfilled. Forcing vernalization now (VERN=47.688571).
[2026-03-23 21:58:29,867][pcse.crop.phenology.Vernalisation][INFO] - Critical DVS for vernalization (VERNDVS) reached at day 1984-06-15, but vernalization requirements not yet fulfilled. Forcing vernalization now (VERN=47.688571).
[2026-03-23 21:58:29,883][pcse.crop.phenology.Vernalisation][INFO] - Critical DVS for vernalization (VERNDVS) reached at day 1984-06-16, but vernalization requirements not yet fulfilled. Forcing vernalization now (VERN=47.688571).
[2026-03-23 21:58:29,899][pcse.crop.phenology.Vernalisation][INFO] - Critical DVS for vernalization (VERNDVS) reached at day 1984-06-17, but vernalization requirements not yet fulfilled. Forcing vernalization now (VERN=47.688571).
[2026-03-23 21:58:29,915][pcse.crop.phenology.Vernalisation][INFO] - Critical DVS for vernalization (VERNDVS) reached at day 1984-06-18, but vernalization requirements not yet fulfilled. Forcing vernalization now (VERN=47.688571).
[2026-03-23 21:58:29,931][pcse.crop.phenology.Vernalisation][INFO] - Critical DVS for vernalization (VERNDVS) reached at day 1984-06-19, but vernalization requirements not yet fulfilled. Forcing vernalization now (VERN=47.688571).
[2026-03-23 21:58:29,948][pcse.crop.phenology.Vernalisation][INFO] - Critical DVS for vernalization (VERNDVS) reached at day 1984-06-20, but vernalization requirements not yet fulfilled. Forcing vernalization now (VERN=47.688571).
[2026-03-23 21:58:29,963][pcse.crop.phenology.Vernalisation][INFO] - Critical DVS for vernalization (VERNDVS) reached at day 1984-06-21, but vernalization requirements not yet fulfilled. Forcing vernalization now (VERN=47.688571).
[2026-03-23 21:58:29,979][pcse.crop.phenology.Vernalisation][INFO] - Critical DVS for vernalization (VERNDVS) reached at day 1984-06-22, but vernalization requirements not yet fulfilled. Forcing vernalization now (VERN=47.688571).
[2026-03-23 21:58:29,994][pcse.crop.phenology.Vernalisation][INFO] - Critical DVS for vernalization (VERNDVS) reached at day 1984-06-23, but vernalization requirements not yet fulfilled. Forcing vernalization now (VERN=47.688571).
[2026-03-23 21:58:30,010][pcse.crop.phenology.Vernalisation][INFO] - Critical DVS for vernalization (VERNDVS) reached at day 1984-06-24, but vernalization requirements not yet fulfilled. Forcing vernalization now (VERN=47.688571).
[2026-03-23 21:58:30,026][pcse.crop.phenology.Vernalisation][INFO] - Critical DVS for vernalization (VERNDVS) reached at day 1984-06-25, but vernalization requirements not yet fulfilled. Forcing vernalization now (VERN=47.688571).
[2026-03-23 21:58:30,042][pcse.crop.phenology.Vernalisation][INFO] - Critical DVS for vernalization (VERNDVS) reached at day 1984-06-26, but vernalization requirements not yet fulfilled. Forcing vernalization now (VERN=47.688571).
[2026-03-23 21:58:30,058][pcse.crop.phenology.Vernalisation][INFO] - Critical DVS for vernalization (VERNDVS) reached at day 1984-06-27, but vernalization requirements not yet fulfilled. Forcing vernalization now (VERN=47.688571).
[2026-03-23 21:58:30,074][pcse.crop.phenology.Vernalisation][INFO] - Critical DVS for vernalization (VERNDVS) reached at day 1984-06-28, but vernalization requirements not yet fulfilled. Forcing vernalization now (VERN=47.688571).
[2026-03-23 21:58:30,090][pcse.crop.phenology.Vernalisation][INFO] - Critical DVS for vernalization (VERNDVS) reached at day 1984-06-29, but vernalization requirements not yet fulfilled. Forcing vernalization now (VERN=47.688571).
[2026-03-23 21:58:30,090][pcse.crop.phenology.Annual_Phenology][INFO] - Changed phenological stage 'vegetative' to 'reproductive' on 1984-06-29
[2026-03-23 21:58:31,280][pcse.crop.phenology.Annual_Phenology][INFO] - Changed phenological stage 'reproductive' to 'mature' on 1984-09-13
[2026-03-23 21:58:31,724][pcse.base.timer.Timer][INFO] - Reached end of simulation period as specified by END_DATE.
| train          | E: 93 | S: 22413 | R: -152.4201 | TR: 27.2508 | TF: 128 | LR: 128 | NR: 0 | D: 04.5 s | TD: 00.0 s | BR: -0.5829 | ALOSS: 4587.8745 | CLOSS: 1659823.9439 | TLOSS: -414.0995 | TVAL: 0.4805 | AENT: -862.7565 | BCLOSS: 0.0000
[EPISODE DBG] episode=93 step=22413 pred_return=-151.760547 true_return=44.905043 total_feedback=128 labeled_feedback=128
[2026-03-23 21:58:31,731][pcse.agromanager.SoilCalendar][INFO] - Starting soil (oregon) with variation (oregon_1) on day 1984-02-01
[2026-03-23 21:58:31,734][pcse.agromanager.CropCalendar][INFO] - Starting crop (wheat) with variety (wheat_1) on day 1984-02-01
[2026-03-23 21:58:32,965][pcse.crop.phenology.Annual_Phenology][INFO] - Changed phenological stage 'emerging' to 'vegetative' on 1984-04-10
[REPLAY DBG] post-agent-update step=22500 n=22500 mean=-0.584289 std=0.938907 min=-2.242645 max=2.729301
[STEP DBG] step=22500 env_reward=0.000000 r_hat=-0.320796 done=False
[NORM DBG] count=22500 mean_abs_mean=62548.785156 mean_std=129.918762 min_std=0.001000 max_std=1684.620605
[2026-03-23 21:58:33,962][pcse.crop.phenology.Vernalisation][INFO] - Critical DVS for vernalization (VERNDVS) reached at day 1984-06-02, but vernalization requirements not yet fulfilled. Forcing vernalization now (VERN=47.688571).
[2026-03-23 21:58:33,979][pcse.crop.phenology.Vernalisation][INFO] - Critical DVS for vernalization (VERNDVS) reached at day 1984-06-03, but vernalization requirements not yet fulfilled. Forcing vernalization now (VERN=47.688571).
[2026-03-23 21:58:33,995][pcse.crop.phenology.Vernalisation][INFO] - Critical DVS for vernalization (VERNDVS) reached at day 1984-06-04, but vernalization requirements not yet fulfilled. Forcing vernalization now (VERN=47.688571).
[2026-03-23 21:58:34,010][pcse.crop.phenology.Vernalisation][INFO] - Critical DVS for vernalization (VERNDVS) reached at day 1984-06-05, but vernalization requirements not yet fulfilled. Forcing vernalization now (VERN=47.688571).
[2026-03-23 21:58:34,026][pcse.crop.phenology.Vernalisation][INFO] - Critical DVS for vernalization (VERNDVS) reached at day 1984-06-06, but vernalization requirements not yet fulfilled. Forcing vernalization now (VERN=47.688571).
[2026-03-23 21:58:34,042][pcse.crop.phenology.Vernalisation][INFO] - Critical DVS for vernalization (VERNDVS) reached at day 1984-06-07, but vernalization requirements not yet fulfilled. Forcing vernalization now (VERN=47.688571).
[2026-03-23 21:58:34,057][pcse.crop.phenology.Vernalisation][INFO] - Critical DVS for vernalization (VERNDVS) reached at day 1984-06-08, but vernalization requirements not yet fulfilled. Forcing vernalization now (VERN=47.688571).
[2026-03-23 21:58:34,073][pcse.crop.phenology.Vernalisation][INFO] - Critical DVS for vernalization (VERNDVS) reached at day 1984-06-09, but vernalization requirements not yet fulfilled. Forcing vernalization now (VERN=47.688571).
[2026-03-23 21:58:34,089][pcse.crop.phenology.Vernalisation][INFO] - Critical DVS for vernalization (VERNDVS) reached at day 1984-06-10, but vernalization requirements not yet fulfilled. Forcing vernalization now (VERN=47.688571).
[2026-03-23 21:58:34,104][pcse.crop.phenology.Vernalisation][INFO] - Critical DVS for vernalization (VERNDVS) reached at day 1984-06-11, but vernalization requirements not yet fulfilled. Forcing vernalization now (VERN=47.688571).
[2026-03-23 21:58:34,119][pcse.crop.phenology.Vernalisation][INFO] - Critical DVS for vernalization (VERNDVS) reached at day 1984-06-12, but vernalization requirements not yet fulfilled. Forcing vernalization now (VERN=47.688571).
[2026-03-23 21:58:34,135][pcse.crop.phenology.Vernalisation][INFO] - Critical DVS for vernalization (VERNDVS) reached at day 1984-06-13, but vernalization requirements not yet fulfilled. Forcing vernalization now (VERN=47.688571).
[2026-03-23 21:58:34,150][pcse.crop.phenology.Vernalisation][INFO] - Critical DVS for vernalization (VERNDVS) reached at day 1984-06-14, but vernalization requirements not yet fulfilled. Forcing vernalization now (VERN=47.688571).
[2026-03-23 21:58:34,166][pcse.crop.phenology.Vernalisation][INFO] - Critical DVS for vernalization (VERNDVS) reached at day 1984-06-15, but vernalization requirements not yet fulfilled. Forcing vernalization now (VERN=47.688571).
[2026-03-23 21:58:34,181][pcse.crop.phenology.Vernalisation][INFO] - Critical DVS for vernalization (VERNDVS) reached at day 1984-06-16, but vernalization requirements not yet fulfilled. Forcing vernalization now (VERN=47.688571).
[2026-03-23 21:58:34,196][pcse.crop.phenology.Vernalisation][INFO] - Critical DVS for vernalization (VERNDVS) reached at day 1984-06-17, but vernalization requirements not yet fulfilled. Forcing vernalization now (VERN=47.688571).
[2026-03-23 21:58:34,212][pcse.crop.phenology.Vernalisation][INFO] - Critical DVS for vernalization (VERNDVS) reached at day 1984-06-18, but vernalization requirements not yet fulfilled. Forcing vernalization now (VERN=47.688571).
[2026-03-23 21:58:34,228][pcse.crop.phenology.Vernalisation][INFO] - Critical DVS for vernalization (VERNDVS) reached at day 1984-06-19, but vernalization requirements not yet fulfilled. Forcing vernalization now (VERN=47.688571).
[2026-03-23 21:58:34,243][pcse.crop.phenology.Vernalisation][INFO] - Critical DVS for vernalization (VERNDVS) reached at day 1984-06-20, but vernalization requirements not yet fulfilled. Forcing vernalization now (VERN=47.688571).
[2026-03-23 21:58:34,259][pcse.crop.phenology.Vernalisation][INFO] - Critical DVS for vernalization (VERNDVS) reached at day 1984-06-21, but vernalization requirements not yet fulfilled. Forcing vernalization now (VERN=47.688571).
[2026-03-23 21:58:34,275][pcse.crop.phenology.Vernalisation][INFO] - Critical DVS for vernalization (VERNDVS) reached at day 1984-06-22, but vernalization requirements not yet fulfilled. Forcing vernalization now (VERN=47.688571).
[2026-03-23 21:58:34,290][pcse.crop.phenology.Vernalisation][INFO] - Critical DVS for vernalization (VERNDVS) reached at day 1984-06-23, but vernalization requirements not yet fulfilled. Forcing vernalization now (VERN=47.688571).
[2026-03-23 21:58:34,305][pcse.crop.phenology.Vernalisation][INFO] - Critical DVS for vernalization (VERNDVS) reached at day 1984-06-24, but vernalization requirements not yet fulfilled. Forcing vernalization now (VERN=47.688571).
[2026-03-23 21:58:34,321][pcse.crop.phenology.Vernalisation][INFO] - Critical DVS for vernalization (VERNDVS) reached at day 1984-06-25, but vernalization requirements not yet fulfilled. Forcing vernalization now (VERN=47.688571).
[2026-03-23 21:58:34,337][pcse.crop.phenology.Vernalisation][INFO] - Critical DVS for vernalization (VERNDVS) reached at day 1984-06-26, but vernalization requirements not yet fulfilled. Forcing vernalization now (VERN=47.688571).
[2026-03-23 21:58:34,352][pcse.crop.phenology.Vernalisation][INFO] - Critical DVS for vernalization (VERNDVS) reached at day 1984-06-27, but vernalization requirements not yet fulfilled. Forcing vernalization now (VERN=47.688571).
[2026-03-23 21:58:34,368][pcse.crop.phenology.Vernalisation][INFO] - Critical DVS for vernalization (VERNDVS) reached at day 1984-06-28, but vernalization requirements not yet fulfilled. Forcing vernalization now (VERN=47.688571).
[2026-03-23 21:58:34,384][pcse.crop.phenology.Vernalisation][INFO] - Critical DVS for vernalization (VERNDVS) reached at day 1984-06-29, but vernalization requirements not yet fulfilled. Forcing vernalization now (VERN=47.688571).
[2026-03-23 21:58:34,384][pcse.crop.phenology.Annual_Phenology][INFO] - Changed phenological stage 'vegetative' to 'reproductive' on 1984-06-29
[2026-03-23 21:58:35,765][pcse.crop.phenology.Annual_Phenology][INFO] - Changed phenological stage 'reproductive' to 'mature' on 1984-09-13
[2026-03-23 21:58:36,034][pcse.base.timer.Timer][INFO] - Reached end of simulation period as specified by END_DATE.
| train          | E: 94 | S: 22654 | R: -151.7605 | TR: 44.9050 | TF: 128 | LR: 128 | NR: 0 | D: 04.3 s | TD: 00.0 s | BR: -0.5841 | ALOSS: 4856.5750 | CLOSS: 1272772.7497 | TLOSS: -417.3773 | TVAL: 0.4910 | AENT: -851.1567 | BCLOSS: 0.0000
[EPISODE DBG] episode=94 step=22654 pred_return=-148.659675 true_return=51.499815 total_feedback=128 labeled_feedback=128
[2026-03-23 21:58:36,041][pcse.agromanager.SoilCalendar][INFO] - Starting soil (oregon) with variation (oregon_1) on day 1984-02-01
[2026-03-23 21:58:36,043][pcse.agromanager.CropCalendar][INFO] - Starting crop (wheat) with variety (wheat_1) on day 1984-02-01
[2026-03-23 21:58:37,465][pcse.crop.phenology.Annual_Phenology][INFO] - Changed phenological stage 'emerging' to 'vegetative' on 1984-04-10
[2026-03-23 21:58:38,286][pcse.crop.phenology.Vernalisation][INFO] - Critical DVS for vernalization (VERNDVS) reached at day 1984-06-02, but vernalization requirements not yet fulfilled. Forcing vernalization now (VERN=47.688571).
[2026-03-23 21:58:38,302][pcse.crop.phenology.Vernalisation][INFO] - Critical DVS for vernalization (VERNDVS) reached at day 1984-06-03, but vernalization requirements not yet fulfilled. Forcing vernalization now (VERN=47.688571).
[2026-03-23 21:58:38,317][pcse.crop.phenology.Vernalisation][INFO] - Critical DVS for vernalization (VERNDVS) reached at day 1984-06-04, but vernalization requirements not yet fulfilled. Forcing vernalization now (VERN=47.688571).
[2026-03-23 21:58:38,333][pcse.crop.phenology.Vernalisation][INFO] - Critical DVS for vernalization (VERNDVS) reached at day 1984-06-05, but vernalization requirements not yet fulfilled. Forcing vernalization now (VERN=47.688571).
[2026-03-23 21:58:38,349][pcse.crop.phenology.Vernalisation][INFO] - Critical DVS for vernalization (VERNDVS) reached at day 1984-06-06, but vernalization requirements not yet fulfilled. Forcing vernalization now (VERN=47.688571).
[2026-03-23 21:58:38,364][pcse.crop.phenology.Vernalisation][INFO] - Critical DVS for vernalization (VERNDVS) reached at day 1984-06-07, but vernalization requirements not yet fulfilled. Forcing vernalization now (VERN=47.688571).
[2026-03-23 21:58:38,380][pcse.crop.phenology.Vernalisation][INFO] - Critical DVS for vernalization (VERNDVS) reached at day 1984-06-08, but vernalization requirements not yet fulfilled. Forcing vernalization now (VERN=47.688571).
[2026-03-23 21:58:38,395][pcse.crop.phenology.Vernalisation][INFO] - Critical DVS for vernalization (VERNDVS) reached at day 1984-06-09, but vernalization requirements not yet fulfilled. Forcing vernalization now (VERN=47.688571).
[2026-03-23 21:58:38,410][pcse.crop.phenology.Vernalisation][INFO] - Critical DVS for vernalization (VERNDVS) reached at day 1984-06-10, but vernalization requirements not yet fulfilled. Forcing vernalization now (VERN=47.688571).
[2026-03-23 21:58:38,426][pcse.crop.phenology.Vernalisation][INFO] - Critical DVS for vernalization (VERNDVS) reached at day 1984-06-11, but vernalization requirements not yet fulfilled. Forcing vernalization now (VERN=47.688571).
[2026-03-23 21:58:38,441][pcse.crop.phenology.Vernalisation][INFO] - Critical DVS for vernalization (VERNDVS) reached at day 1984-06-12, but vernalization requirements not yet fulfilled. Forcing vernalization now (VERN=47.688571).
[2026-03-23 21:58:38,457][pcse.crop.phenology.Vernalisation][INFO] - Critical DVS for vernalization (VERNDVS) reached at day 1984-06-13, but vernalization requirements not yet fulfilled. Forcing vernalization now (VERN=47.688571).
[2026-03-23 21:58:38,472][pcse.crop.phenology.Vernalisation][INFO] - Critical DVS for vernalization (VERNDVS) reached at day 1984-06-14, but vernalization requirements not yet fulfilled. Forcing vernalization now (VERN=47.688571).
[2026-03-23 21:58:38,489][pcse.crop.phenology.Vernalisation][INFO] - Critical DVS for vernalization (VERNDVS) reached at day 1984-06-15, but vernalization requirements not yet fulfilled. Forcing vernalization now (VERN=47.688571).
[2026-03-23 21:58:38,505][pcse.crop.phenology.Vernalisation][INFO] - Critical DVS for vernalization (VERNDVS) reached at day 1984-06-16, but vernalization requirements not yet fulfilled. Forcing vernalization now (VERN=47.688571).
[2026-03-23 21:58:38,520][pcse.crop.phenology.Vernalisation][INFO] - Critical DVS for vernalization (VERNDVS) reached at day 1984-06-17, but vernalization requirements not yet fulfilled. Forcing vernalization now (VERN=47.688571).
[2026-03-23 21:58:38,536][pcse.crop.phenology.Vernalisation][INFO] - Critical DVS for vernalization (VERNDVS) reached at day 1984-06-18, but vernalization requirements not yet fulfilled. Forcing vernalization now (VERN=47.688571).
[2026-03-23 21:58:38,551][pcse.crop.phenology.Vernalisation][INFO] - Critical DVS for vernalization (VERNDVS) reached at day 1984-06-19, but vernalization requirements not yet fulfilled. Forcing vernalization now (VERN=47.688571).
[2026-03-23 21:58:38,567][pcse.crop.phenology.Vernalisation][INFO] - Critical DVS for vernalization (VERNDVS) reached at day 1984-06-20, but vernalization requirements not yet fulfilled. Forcing vernalization now (VERN=47.688571).
[2026-03-23 21:58:38,582][pcse.crop.phenology.Vernalisation][INFO] - Critical DVS for vernalization (VERNDVS) reached at day 1984-06-21, but vernalization requirements not yet fulfilled. Forcing vernalization now (VERN=47.688571).
[2026-03-23 21:58:38,598][pcse.crop.phenology.Vernalisation][INFO] - Critical DVS for vernalization (VERNDVS) reached at day 1984-06-22, but vernalization requirements not yet fulfilled. Forcing vernalization now (VERN=47.688571).
[2026-03-23 21:58:38,614][pcse.crop.phenology.Vernalisation][INFO] - Critical DVS for vernalization (VERNDVS) reached at day 1984-06-23, but vernalization requirements not yet fulfilled. Forcing vernalization now (VERN=47.688571).
[2026-03-23 21:58:38,630][pcse.crop.phenology.Vernalisation][INFO] - Critical DVS for vernalization (VERNDVS) reached at day 1984-06-24, but vernalization requirements not yet fulfilled. Forcing vernalization now (VERN=47.688571).
[2026-03-23 21:58:38,646][pcse.crop.phenology.Vernalisation][INFO] - Critical DVS for vernalization (VERNDVS) reached at day 1984-06-25, but vernalization requirements not yet fulfilled. Forcing vernalization now (VERN=47.688571).
[2026-03-23 21:58:38,662][pcse.crop.phenology.Vernalisation][INFO] - Critical DVS for vernalization (VERNDVS) reached at day 1984-06-26, but vernalization requirements not yet fulfilled. Forcing vernalization now (VERN=47.688571).
[2026-03-23 21:58:38,678][pcse.crop.phenology.Vernalisation][INFO] - Critical DVS for vernalization (VERNDVS) reached at day 1984-06-27, but vernalization requirements not yet fulfilled. Forcing vernalization now (VERN=47.688571).
[2026-03-23 21:58:38,836][pcse.crop.phenology.Vernalisation][INFO] - Critical DVS for vernalization (VERNDVS) reached at day 1984-06-28, but vernalization requirements not yet fulfilled. Forcing vernalization now (VERN=47.688571).
[2026-03-23 21:58:38,851][pcse.crop.phenology.Vernalisation][INFO] - Critical DVS for vernalization (VERNDVS) reached at day 1984-06-29, but vernalization requirements not yet fulfilled. Forcing vernalization now (VERN=47.688571).
[2026-03-23 21:58:38,851][pcse.crop.phenology.Annual_Phenology][INFO] - Changed phenological stage 'vegetative' to 'reproductive' on 1984-06-29
[2026-03-23 21:58:39,893][pcse.crop.phenology.Annual_Phenology][INFO] - Changed phenological stage 'reproductive' to 'mature' on 1984-09-13
[2026-03-23 21:58:40,124][pcse.base.timer.Timer][INFO] - Reached end of simulation period as specified by END_DATE.
| train          | E: 95 | S: 22895 | R: -148.6597 | TR: 51.4998 | TF: 128 | LR: 128 | NR: 0 | D: 04.1 s | TD: 00.0 s | BR: -0.5867 | ALOSS: 5120.4631 | CLOSS: 1120601.4549 | TLOSS: -422.5370 | TVAL: 0.5016 | AENT: -843.4137 | BCLOSS: 0.0000
[EPISODE DBG] episode=95 step=22895 pred_return=-144.023497 true_return=57.718482 total_feedback=128 labeled_feedback=128
[2026-03-23 21:58:40,129][pcse.agromanager.SoilCalendar][INFO] - Starting soil (oregon) with variation (oregon_1) on day 1984-02-01
[2026-03-23 21:58:40,131][pcse.agromanager.CropCalendar][INFO] - Starting crop (wheat) with variety (wheat_1) on day 1984-02-01
[2026-03-23 21:58:41,546][pcse.crop.phenology.Annual_Phenology][INFO] - Changed phenological stage 'emerging' to 'vegetative' on 1984-04-10
[REPLAY DBG] post-agent-update step=23000 n=23000 mean=-0.584377 std=0.932063 min=-2.242645 max=2.729301
[STEP DBG] step=23000 env_reward=0.000000 r_hat=-0.488403 done=False
[NORM DBG] count=23000 mean_abs_mean=62548.101562 mean_std=128.695267 min_std=0.001000 max_std=1667.343872
[2026-03-23 21:58:42,582][pcse.crop.phenology.Vernalisation][INFO] - Critical DVS for vernalization (VERNDVS) reached at day 1984-06-02, but vernalization requirements not yet fulfilled. Forcing vernalization now (VERN=47.688571).
[2026-03-23 21:58:42,597][pcse.crop.phenology.Vernalisation][INFO] - Critical DVS for vernalization (VERNDVS) reached at day 1984-06-03, but vernalization requirements not yet fulfilled. Forcing vernalization now (VERN=47.688571).
[2026-03-23 21:58:42,613][pcse.crop.phenology.Vernalisation][INFO] - Critical DVS for vernalization (VERNDVS) reached at day 1984-06-04, but vernalization requirements not yet fulfilled. Forcing vernalization now (VERN=47.688571).
[2026-03-23 21:58:42,628][pcse.crop.phenology.Vernalisation][INFO] - Critical DVS for vernalization (VERNDVS) reached at day 1984-06-05, but vernalization requirements not yet fulfilled. Forcing vernalization now (VERN=47.688571).
[2026-03-23 21:58:42,644][pcse.crop.phenology.Vernalisation][INFO] - Critical DVS for vernalization (VERNDVS) reached at day 1984-06-06, but vernalization requirements not yet fulfilled. Forcing vernalization now (VERN=47.688571).
[2026-03-23 21:58:42,660][pcse.crop.phenology.Vernalisation][INFO] - Critical DVS for vernalization (VERNDVS) reached at day 1984-06-07, but vernalization requirements not yet fulfilled. Forcing vernalization now (VERN=47.688571).
[2026-03-23 21:58:42,675][pcse.crop.phenology.Vernalisation][INFO] - Critical DVS for vernalization (VERNDVS) reached at day 1984-06-08, but vernalization requirements not yet fulfilled. Forcing vernalization now (VERN=47.688571).
[2026-03-23 21:58:42,691][pcse.crop.phenology.Vernalisation][INFO] - Critical DVS for vernalization (VERNDVS) reached at day 1984-06-09, but vernalization requirements not yet fulfilled. Forcing vernalization now (VERN=47.688571).
[2026-03-23 21:58:42,706][pcse.crop.phenology.Vernalisation][INFO] - Critical DVS for vernalization (VERNDVS) reached at day 1984-06-10, but vernalization requirements not yet fulfilled. Forcing vernalization now (VERN=47.688571).
[2026-03-23 21:58:42,722][pcse.crop.phenology.Vernalisation][INFO] - Critical DVS for vernalization (VERNDVS) reached at day 1984-06-11, but vernalization requirements not yet fulfilled. Forcing vernalization now (VERN=47.688571).
[2026-03-23 21:58:42,738][pcse.crop.phenology.Vernalisation][INFO] - Critical DVS for vernalization (VERNDVS) reached at day 1984-06-12, but vernalization requirements not yet fulfilled. Forcing vernalization now (VERN=47.688571).
[2026-03-23 21:58:42,754][pcse.crop.phenology.Vernalisation][INFO] - Critical DVS for vernalization (VERNDVS) reached at day 1984-06-13, but vernalization requirements not yet fulfilled. Forcing vernalization now (VERN=47.688571).
[2026-03-23 21:58:42,770][pcse.crop.phenology.Vernalisation][INFO] - Critical DVS for vernalization (VERNDVS) reached at day 1984-06-14, but vernalization requirements not yet fulfilled. Forcing vernalization now (VERN=47.688571).
[2026-03-23 21:58:42,785][pcse.crop.phenology.Vernalisation][INFO] - Critical DVS for vernalization (VERNDVS) reached at day 1984-06-15, but vernalization requirements not yet fulfilled. Forcing vernalization now (VERN=47.688571).
[2026-03-23 21:58:42,802][pcse.crop.phenology.Vernalisation][INFO] - Critical DVS for vernalization (VERNDVS) reached at day 1984-06-16, but vernalization requirements not yet fulfilled. Forcing vernalization now (VERN=47.688571).
[2026-03-23 21:58:42,818][pcse.crop.phenology.Vernalisation][INFO] - Critical DVS for vernalization (VERNDVS) reached at day 1984-06-17, but vernalization requirements not yet fulfilled. Forcing vernalization now (VERN=47.688571).
[2026-03-23 21:58:42,834][pcse.crop.phenology.Vernalisation][INFO] - Critical DVS for vernalization (VERNDVS) reached at day 1984-06-18, but vernalization requirements not yet fulfilled. Forcing vernalization now (VERN=47.688571).
[2026-03-23 21:58:42,850][pcse.crop.phenology.Vernalisation][INFO] - Critical DVS for vernalization (VERNDVS) reached at day 1984-06-19, but vernalization requirements not yet fulfilled. Forcing vernalization now (VERN=47.688571).
[2026-03-23 21:58:42,865][pcse.crop.phenology.Vernalisation][INFO] - Critical DVS for vernalization (VERNDVS) reached at day 1984-06-20, but vernalization requirements not yet fulfilled. Forcing vernalization now (VERN=47.688571).
[2026-03-23 21:58:42,881][pcse.crop.phenology.Vernalisation][INFO] - Critical DVS for vernalization (VERNDVS) reached at day 1984-06-21, but vernalization requirements not yet fulfilled. Forcing vernalization now (VERN=47.688571).
[2026-03-23 21:58:42,897][pcse.crop.phenology.Vernalisation][INFO] - Critical DVS for vernalization (VERNDVS) reached at day 1984-06-22, but vernalization requirements not yet fulfilled. Forcing vernalization now (VERN=47.688571).
[2026-03-23 21:58:42,912][pcse.crop.phenology.Vernalisation][INFO] - Critical DVS for vernalization (VERNDVS) reached at day 1984-06-23, but vernalization requirements not yet fulfilled. Forcing vernalization now (VERN=47.688571).
[2026-03-23 21:58:42,928][pcse.crop.phenology.Vernalisation][INFO] - Critical DVS for vernalization (VERNDVS) reached at day 1984-06-24, but vernalization requirements not yet fulfilled. Forcing vernalization now (VERN=47.688571).
[2026-03-23 21:58:42,944][pcse.crop.phenology.Vernalisation][INFO] - Critical DVS for vernalization (VERNDVS) reached at day 1984-06-25, but vernalization requirements not yet fulfilled. Forcing vernalization now (VERN=47.688571).
[2026-03-23 21:58:42,959][pcse.crop.phenology.Vernalisation][INFO] - Critical DVS for vernalization (VERNDVS) reached at day 1984-06-26, but vernalization requirements not yet fulfilled. Forcing vernalization now (VERN=47.688571).
[2026-03-23 21:58:42,975][pcse.crop.phenology.Vernalisation][INFO] - Critical DVS for vernalization (VERNDVS) reached at day 1984-06-27, but vernalization requirements not yet fulfilled. Forcing vernalization now (VERN=47.688571).
[2026-03-23 21:58:42,991][pcse.crop.phenology.Vernalisation][INFO] - Critical DVS for vernalization (VERNDVS) reached at day 1984-06-28, but vernalization requirements not yet fulfilled. Forcing vernalization now (VERN=47.688571).
[2026-03-23 21:58:43,006][pcse.crop.phenology.Vernalisation][INFO] - Critical DVS for vernalization (VERNDVS) reached at day 1984-06-29, but vernalization requirements not yet fulfilled. Forcing vernalization now (VERN=47.688571).
[2026-03-23 21:58:43,007][pcse.crop.phenology.Annual_Phenology][INFO] - Changed phenological stage 'vegetative' to 'reproductive' on 1984-06-29
[2026-03-23 21:58:44,356][pcse.crop.phenology.Annual_Phenology][INFO] - Changed phenological stage 'reproductive' to 'mature' on 1984-09-13
[2026-03-23 21:58:44,620][pcse.base.timer.Timer][INFO] - Reached end of simulation period as specified by END_DATE.
| train          | E: 96 | S: 23136 | R: -144.0235 | TR: 57.7185 | TF: 128 | LR: 128 | NR: 0 | D: 04.5 s | TD: 00.0 s | BR: -0.5838 | ALOSS: 5297.0550 | CLOSS: 416911.5471 | TLOSS: -420.1618 | TVAL: 0.5125 | AENT: -820.8472 | BCLOSS: 0.0000
[EPISODE DBG] episode=96 step=23136 pred_return=-143.389658 true_return=42.954051 total_feedback=128 labeled_feedback=128
[2026-03-23 21:58:44,627][pcse.agromanager.SoilCalendar][INFO] - Starting soil (oregon) with variation (oregon_1) on day 1984-02-01
[2026-03-23 21:58:44,630][pcse.agromanager.CropCalendar][INFO] - Starting crop (wheat) with variety (wheat_1) on day 1984-02-01
[2026-03-23 21:58:46,037][pcse.crop.phenology.Annual_Phenology][INFO] - Changed phenological stage 'emerging' to 'vegetative' on 1984-04-10
[2026-03-23 21:58:46,868][pcse.crop.phenology.Vernalisation][INFO] - Critical DVS for vernalization (VERNDVS) reached at day 1984-06-02, but vernalization requirements not yet fulfilled. Forcing vernalization now (VERN=47.688571).
[2026-03-23 21:58:46,884][pcse.crop.phenology.Vernalisation][INFO] - Critical DVS for vernalization (VERNDVS) reached at day 1984-06-03, but vernalization requirements not yet fulfilled. Forcing vernalization now (VERN=47.688571).
[2026-03-23 21:58:46,900][pcse.crop.phenology.Vernalisation][INFO] - Critical DVS for vernalization (VERNDVS) reached at day 1984-06-04, but vernalization requirements not yet fulfilled. Forcing vernalization now (VERN=47.688571).
[2026-03-23 21:58:46,916][pcse.crop.phenology.Vernalisation][INFO] - Critical DVS for vernalization (VERNDVS) reached at day 1984-06-05, but vernalization requirements not yet fulfilled. Forcing vernalization now (VERN=47.688571).
[2026-03-23 21:58:46,932][pcse.crop.phenology.Vernalisation][INFO] - Critical DVS for vernalization (VERNDVS) reached at day 1984-06-06, but vernalization requirements not yet fulfilled. Forcing vernalization now (VERN=47.688571).
[2026-03-23 21:58:46,948][pcse.crop.phenology.Vernalisation][INFO] - Critical DVS for vernalization (VERNDVS) reached at day 1984-06-07, but vernalization requirements not yet fulfilled. Forcing vernalization now (VERN=47.688571).
[2026-03-23 21:58:46,964][pcse.crop.phenology.Vernalisation][INFO] - Critical DVS for vernalization (VERNDVS) reached at day 1984-06-08, but vernalization requirements not yet fulfilled. Forcing vernalization now (VERN=47.688571).
[2026-03-23 21:58:46,980][pcse.crop.phenology.Vernalisation][INFO] - Critical DVS for vernalization (VERNDVS) reached at day 1984-06-09, but vernalization requirements not yet fulfilled. Forcing vernalization now (VERN=47.688571).
[2026-03-23 21:58:46,996][pcse.crop.phenology.Vernalisation][INFO] - Critical DVS for vernalization (VERNDVS) reached at day 1984-06-10, but vernalization requirements not yet fulfilled. Forcing vernalization now (VERN=47.688571).
[2026-03-23 21:58:47,012][pcse.crop.phenology.Vernalisation][INFO] - Critical DVS for vernalization (VERNDVS) reached at day 1984-06-11, but vernalization requirements not yet fulfilled. Forcing vernalization now (VERN=47.688571).
[2026-03-23 21:58:47,028][pcse.crop.phenology.Vernalisation][INFO] - Critical DVS for vernalization (VERNDVS) reached at day 1984-06-12, but vernalization requirements not yet fulfilled. Forcing vernalization now (VERN=47.688571).
[2026-03-23 21:58:47,043][pcse.crop.phenology.Vernalisation][INFO] - Critical DVS for vernalization (VERNDVS) reached at day 1984-06-13, but vernalization requirements not yet fulfilled. Forcing vernalization now (VERN=47.688571).
[2026-03-23 21:58:47,059][pcse.crop.phenology.Vernalisation][INFO] - Critical DVS for vernalization (VERNDVS) reached at day 1984-06-14, but vernalization requirements not yet fulfilled. Forcing vernalization now (VERN=47.688571).
[2026-03-23 21:58:47,075][pcse.crop.phenology.Vernalisation][INFO] - Critical DVS for vernalization (VERNDVS) reached at day 1984-06-15, but vernalization requirements not yet fulfilled. Forcing vernalization now (VERN=47.688571).
[2026-03-23 21:58:47,090][pcse.crop.phenology.Vernalisation][INFO] - Critical DVS for vernalization (VERNDVS) reached at day 1984-06-16, but vernalization requirements not yet fulfilled. Forcing vernalization now (VERN=47.688571).
[2026-03-23 21:58:47,106][pcse.crop.phenology.Vernalisation][INFO] - Critical DVS for vernalization (VERNDVS) reached at day 1984-06-17, but vernalization requirements not yet fulfilled. Forcing vernalization now (VERN=47.688571).
[2026-03-23 21:58:47,121][pcse.crop.phenology.Vernalisation][INFO] - Critical DVS for vernalization (VERNDVS) reached at day 1984-06-18, but vernalization requirements not yet fulfilled. Forcing vernalization now (VERN=47.688571).
[2026-03-23 21:58:47,137][pcse.crop.phenology.Vernalisation][INFO] - Critical DVS for vernalization (VERNDVS) reached at day 1984-06-19, but vernalization requirements not yet fulfilled. Forcing vernalization now (VERN=47.688571).
[2026-03-23 21:58:47,153][pcse.crop.phenology.Vernalisation][INFO] - Critical DVS for vernalization (VERNDVS) reached at day 1984-06-20, but vernalization requirements not yet fulfilled. Forcing vernalization now (VERN=47.688571).
[2026-03-23 21:58:47,168][pcse.crop.phenology.Vernalisation][INFO] - Critical DVS for vernalization (VERNDVS) reached at day 1984-06-21, but vernalization requirements not yet fulfilled. Forcing vernalization now (VERN=47.688571).
[2026-03-23 21:58:47,184][pcse.crop.phenology.Vernalisation][INFO] - Critical DVS for vernalization (VERNDVS) reached at day 1984-06-22, but vernalization requirements not yet fulfilled. Forcing vernalization now (VERN=47.688571).
[2026-03-23 21:58:47,199][pcse.crop.phenology.Vernalisation][INFO] - Critical DVS for vernalization (VERNDVS) reached at day 1984-06-23, but vernalization requirements not yet fulfilled. Forcing vernalization now (VERN=47.688571).
[2026-03-23 21:58:47,215][pcse.crop.phenology.Vernalisation][INFO] - Critical DVS for vernalization (VERNDVS) reached at day 1984-06-24, but vernalization requirements not yet fulfilled. Forcing vernalization now (VERN=47.688571).
[2026-03-23 21:58:47,230][pcse.crop.phenology.Vernalisation][INFO] - Critical DVS for vernalization (VERNDVS) reached at day 1984-06-25, but vernalization requirements not yet fulfilled. Forcing vernalization now (VERN=47.688571).
[2026-03-23 21:58:47,246][pcse.crop.phenology.Vernalisation][INFO] - Critical DVS for vernalization (VERNDVS) reached at day 1984-06-26, but vernalization requirements not yet fulfilled. Forcing vernalization now (VERN=47.688571).
[2026-03-23 21:58:47,262][pcse.crop.phenology.Vernalisation][INFO] - Critical DVS for vernalization (VERNDVS) reached at day 1984-06-27, but vernalization requirements not yet fulfilled. Forcing vernalization now (VERN=47.688571).
[2026-03-23 21:58:47,278][pcse.crop.phenology.Vernalisation][INFO] - Critical DVS for vernalization (VERNDVS) reached at day 1984-06-28, but vernalization requirements not yet fulfilled. Forcing vernalization now (VERN=47.688571).
[2026-03-23 21:58:47,294][pcse.crop.phenology.Vernalisation][INFO] - Critical DVS for vernalization (VERNDVS) reached at day 1984-06-29, but vernalization requirements not yet fulfilled. Forcing vernalization now (VERN=47.688571).
[2026-03-23 21:58:47,294][pcse.crop.phenology.Annual_Phenology][INFO] - Changed phenological stage 'vegetative' to 'reproductive' on 1984-06-29
[2026-03-23 21:58:48,672][pcse.crop.phenology.Annual_Phenology][INFO] - Changed phenological stage 'reproductive' to 'mature' on 1984-09-13
[2026-03-23 21:58:48,937][pcse.base.timer.Timer][INFO] - Reached end of simulation period as specified by END_DATE.
| train          | E: 97 | S: 23377 | R: -143.3897 | TR: 42.9541 | TF: 128 | LR: 128 | NR: 0 | D: 04.3 s | TD: 00.0 s | BR: -0.5862 | ALOSS: 5536.2743 | CLOSS: 964769.8898 | TLOSS: -415.6856 | TVAL: 0.5237 | AENT: -794.7814 | BCLOSS: 0.0000
[EPISODE DBG] episode=97 step=23377 pred_return=-144.351861 true_return=22.107560 total_feedback=128 labeled_feedback=128
[2026-03-23 21:58:48,944][pcse.agromanager.SoilCalendar][INFO] - Starting soil (oregon) with variation (oregon_1) on day 1984-02-01
[2026-03-23 21:58:48,947][pcse.agromanager.CropCalendar][INFO] - Starting crop (wheat) with variety (wheat_1) on day 1984-02-01
[2026-03-23 21:58:50,405][pcse.crop.phenology.Annual_Phenology][INFO] - Changed phenological stage 'emerging' to 'vegetative' on 1984-04-10
[2026-03-23 21:58:51,231][pcse.crop.phenology.Vernalisation][INFO] - Critical DVS for vernalization (VERNDVS) reached at day 1984-06-02, but vernalization requirements not yet fulfilled. Forcing vernalization now (VERN=47.688571).
[2026-03-23 21:58:51,247][pcse.crop.phenology.Vernalisation][INFO] - Critical DVS for vernalization (VERNDVS) reached at day 1984-06-03, but vernalization requirements not yet fulfilled. Forcing vernalization now (VERN=47.688571).
[2026-03-23 21:58:51,262][pcse.crop.phenology.Vernalisation][INFO] - Critical DVS for vernalization (VERNDVS) reached at day 1984-06-04, but vernalization requirements not yet fulfilled. Forcing vernalization now (VERN=47.688571).
[REPLAY DBG] post-agent-update step=23500 n=23500 mean=-0.584850 std=0.925340 min=-2.242645 max=2.729301
[2026-03-23 21:58:51,445][pcse.crop.phenology.Vernalisation][INFO] - Critical DVS for vernalization (VERNDVS) reached at day 1984-06-05, but vernalization requirements not yet fulfilled. Forcing vernalization now (VERN=47.688571).
[STEP DBG] step=23500 env_reward=0.000000 r_hat=-0.797545 done=False
[NORM DBG] count=23500 mean_abs_mean=62547.445312 mean_std=127.506927 min_std=0.001000 max_std=1650.584106
[2026-03-23 21:58:51,464][pcse.crop.phenology.Vernalisation][INFO] - Critical DVS for vernalization (VERNDVS) reached at day 1984-06-06, but vernalization requirements not yet fulfilled. Forcing vernalization now (VERN=47.688571).
[2026-03-23 21:58:51,483][pcse.crop.phenology.Vernalisation][INFO] - Critical DVS for vernalization (VERNDVS) reached at day 1984-06-07, but vernalization requirements not yet fulfilled. Forcing vernalization now (VERN=47.688571).
[2026-03-23 21:58:51,502][pcse.crop.phenology.Vernalisation][INFO] - Critical DVS for vernalization (VERNDVS) reached at day 1984-06-08, but vernalization requirements not yet fulfilled. Forcing vernalization now (VERN=47.688571).
[2026-03-23 21:58:51,522][pcse.crop.phenology.Vernalisation][INFO] - Critical DVS for vernalization (VERNDVS) reached at day 1984-06-09, but vernalization requirements not yet fulfilled. Forcing vernalization now (VERN=47.688571).
[2026-03-23 21:58:51,539][pcse.crop.phenology.Vernalisation][INFO] - Critical DVS for vernalization (VERNDVS) reached at day 1984-06-10, but vernalization requirements not yet fulfilled. Forcing vernalization now (VERN=47.688571).
[2026-03-23 21:58:51,557][pcse.crop.phenology.Vernalisation][INFO] - Critical DVS for vernalization (VERNDVS) reached at day 1984-06-11, but vernalization requirements not yet fulfilled. Forcing vernalization now (VERN=47.688571).
[2026-03-23 21:58:51,575][pcse.crop.phenology.Vernalisation][INFO] - Critical DVS for vernalization (VERNDVS) reached at day 1984-06-12, but vernalization requirements not yet fulfilled. Forcing vernalization now (VERN=47.688571).
[2026-03-23 21:58:51,592][pcse.crop.phenology.Vernalisation][INFO] - Critical DVS for vernalization (VERNDVS) reached at day 1984-06-13, but vernalization requirements not yet fulfilled. Forcing vernalization now (VERN=47.688571).
[2026-03-23 21:58:51,607][pcse.crop.phenology.Vernalisation][INFO] - Critical DVS for vernalization (VERNDVS) reached at day 1984-06-14, but vernalization requirements not yet fulfilled. Forcing vernalization now (VERN=47.688571).
[2026-03-23 21:58:51,623][pcse.crop.phenology.Vernalisation][INFO] - Critical DVS for vernalization (VERNDVS) reached at day 1984-06-15, but vernalization requirements not yet fulfilled. Forcing vernalization now (VERN=47.688571).
[2026-03-23 21:58:51,639][pcse.crop.phenology.Vernalisation][INFO] - Critical DVS for vernalization (VERNDVS) reached at day 1984-06-16, but vernalization requirements not yet fulfilled. Forcing vernalization now (VERN=47.688571).
[2026-03-23 21:58:51,656][pcse.crop.phenology.Vernalisation][INFO] - Critical DVS for vernalization (VERNDVS) reached at day 1984-06-17, but vernalization requirements not yet fulfilled. Forcing vernalization now (VERN=47.688571).
[2026-03-23 21:58:51,672][pcse.crop.phenology.Vernalisation][INFO] - Critical DVS for vernalization (VERNDVS) reached at day 1984-06-18, but vernalization requirements not yet fulfilled. Forcing vernalization now (VERN=47.688571).
[2026-03-23 21:58:51,688][pcse.crop.phenology.Vernalisation][INFO] - Critical DVS for vernalization (VERNDVS) reached at day 1984-06-19, but vernalization requirements not yet fulfilled. Forcing vernalization now (VERN=47.688571).
[2026-03-23 21:58:51,704][pcse.crop.phenology.Vernalisation][INFO] - Critical DVS for vernalization (VERNDVS) reached at day 1984-06-20, but vernalization requirements not yet fulfilled. Forcing vernalization now (VERN=47.688571).
[2026-03-23 21:58:51,720][pcse.crop.phenology.Vernalisation][INFO] - Critical DVS for vernalization (VERNDVS) reached at day 1984-06-21, but vernalization requirements not yet fulfilled. Forcing vernalization now (VERN=47.688571).
[2026-03-23 21:58:51,736][pcse.crop.phenology.Vernalisation][INFO] - Critical DVS for vernalization (VERNDVS) reached at day 1984-06-22, but vernalization requirements not yet fulfilled. Forcing vernalization now (VERN=47.688571).
[2026-03-23 21:58:51,752][pcse.crop.phenology.Vernalisation][INFO] - Critical DVS for vernalization (VERNDVS) reached at day 1984-06-23, but vernalization requirements not yet fulfilled. Forcing vernalization now (VERN=47.688571).
[2026-03-23 21:58:51,768][pcse.crop.phenology.Vernalisation][INFO] - Critical DVS for vernalization (VERNDVS) reached at day 1984-06-24, but vernalization requirements not yet fulfilled. Forcing vernalization now (VERN=47.688571).
[2026-03-23 21:58:51,784][pcse.crop.phenology.Vernalisation][INFO] - Critical DVS for vernalization (VERNDVS) reached at day 1984-06-25, but vernalization requirements not yet fulfilled. Forcing vernalization now (VERN=47.688571).
[2026-03-23 21:58:51,799][pcse.crop.phenology.Vernalisation][INFO] - Critical DVS for vernalization (VERNDVS) reached at day 1984-06-26, but vernalization requirements not yet fulfilled. Forcing vernalization now (VERN=47.688571).
[2026-03-23 21:58:51,816][pcse.crop.phenology.Vernalisation][INFO] - Critical DVS for vernalization (VERNDVS) reached at day 1984-06-27, but vernalization requirements not yet fulfilled. Forcing vernalization now (VERN=47.688571).
[2026-03-23 21:58:51,832][pcse.crop.phenology.Vernalisation][INFO] - Critical DVS for vernalization (VERNDVS) reached at day 1984-06-28, but vernalization requirements not yet fulfilled. Forcing vernalization now (VERN=47.688571).
[2026-03-23 21:58:51,848][pcse.crop.phenology.Vernalisation][INFO] - Critical DVS for vernalization (VERNDVS) reached at day 1984-06-29, but vernalization requirements not yet fulfilled. Forcing vernalization now (VERN=47.688571).
[2026-03-23 21:58:51,848][pcse.crop.phenology.Annual_Phenology][INFO] - Changed phenological stage 'vegetative' to 'reproductive' on 1984-06-29
[2026-03-23 21:58:53,200][pcse.crop.phenology.Annual_Phenology][INFO] - Changed phenological stage 'reproductive' to 'mature' on 1984-09-13
[2026-03-23 21:58:53,480][pcse.base.timer.Timer][INFO] - Reached end of simulation period as specified by END_DATE.
| train          | E: 98 | S: 23618 | R: -144.3519 | TR: 22.1076 | TF: 128 | LR: 128 | NR: 0 | D: 04.5 s | TD: 00.0 s | BR: -0.5857 | ALOSS: 5730.8619 | CLOSS: 1401351.4923 | TLOSS: -413.4568 | TVAL: 0.5351 | AENT: -773.6797 | BCLOSS: 0.0000
[EPISODE DBG] episode=98 step=23618 pred_return=-147.415112 true_return=27.250778 total_feedback=128 labeled_feedback=128
[2026-03-23 21:58:53,487][pcse.agromanager.SoilCalendar][INFO] - Starting soil (oregon) with variation (oregon_1) on day 1984-02-01
[2026-03-23 21:58:53,489][pcse.agromanager.CropCalendar][INFO] - Starting crop (wheat) with variety (wheat_1) on day 1984-02-01
[2026-03-23 21:58:54,740][pcse.crop.phenology.Annual_Phenology][INFO] - Changed phenological stage 'emerging' to 'vegetative' on 1984-04-10
[2026-03-23 21:58:55,803][pcse.crop.phenology.Vernalisation][INFO] - Critical DVS for vernalization (VERNDVS) reached at day 1984-06-02, but vernalization requirements not yet fulfilled. Forcing vernalization now (VERN=47.688571).
[2026-03-23 21:58:55,817][pcse.crop.phenology.Vernalisation][INFO] - Critical DVS for vernalization (VERNDVS) reached at day 1984-06-03, but vernalization requirements not yet fulfilled. Forcing vernalization now (VERN=47.688571).
[2026-03-23 21:58:55,831][pcse.crop.phenology.Vernalisation][INFO] - Critical DVS for vernalization (VERNDVS) reached at day 1984-06-04, but vernalization requirements not yet fulfilled. Forcing vernalization now (VERN=47.688571).
[2026-03-23 21:58:55,845][pcse.crop.phenology.Vernalisation][INFO] - Critical DVS for vernalization (VERNDVS) reached at day 1984-06-05, but vernalization requirements not yet fulfilled. Forcing vernalization now (VERN=47.688571).
[2026-03-23 21:58:55,859][pcse.crop.phenology.Vernalisation][INFO] - Critical DVS for vernalization (VERNDVS) reached at day 1984-06-06, but vernalization requirements not yet fulfilled. Forcing vernalization now (VERN=47.688571).
[2026-03-23 21:58:55,873][pcse.crop.phenology.Vernalisation][INFO] - Critical DVS for vernalization (VERNDVS) reached at day 1984-06-07, but vernalization requirements not yet fulfilled. Forcing vernalization now (VERN=47.688571).
[2026-03-23 21:58:55,888][pcse.crop.phenology.Vernalisation][INFO] - Critical DVS for vernalization (VERNDVS) reached at day 1984-06-08, but vernalization requirements not yet fulfilled. Forcing vernalization now (VERN=47.688571).
[2026-03-23 21:58:55,902][pcse.crop.phenology.Vernalisation][INFO] - Critical DVS for vernalization (VERNDVS) reached at day 1984-06-09, but vernalization requirements not yet fulfilled. Forcing vernalization now (VERN=47.688571).
[2026-03-23 21:58:55,916][pcse.crop.phenology.Vernalisation][INFO] - Critical DVS for vernalization (VERNDVS) reached at day 1984-06-10, but vernalization requirements not yet fulfilled. Forcing vernalization now (VERN=47.688571).
[2026-03-23 21:58:55,930][pcse.crop.phenology.Vernalisation][INFO] - Critical DVS for vernalization (VERNDVS) reached at day 1984-06-11, but vernalization requirements not yet fulfilled. Forcing vernalization now (VERN=47.688571).
[2026-03-23 21:58:55,944][pcse.crop.phenology.Vernalisation][INFO] - Critical DVS for vernalization (VERNDVS) reached at day 1984-06-12, but vernalization requirements not yet fulfilled. Forcing vernalization now (VERN=47.688571).
[2026-03-23 21:58:55,957][pcse.crop.phenology.Vernalisation][INFO] - Critical DVS for vernalization (VERNDVS) reached at day 1984-06-13, but vernalization requirements not yet fulfilled. Forcing vernalization now (VERN=47.688571).
[2026-03-23 21:58:55,972][pcse.crop.phenology.Vernalisation][INFO] - Critical DVS for vernalization (VERNDVS) reached at day 1984-06-14, but vernalization requirements not yet fulfilled. Forcing vernalization now (VERN=47.688571).
[2026-03-23 21:58:55,986][pcse.crop.phenology.Vernalisation][INFO] - Critical DVS for vernalization (VERNDVS) reached at day 1984-06-15, but vernalization requirements not yet fulfilled. Forcing vernalization now (VERN=47.688571).
[2026-03-23 21:58:56,000][pcse.crop.phenology.Vernalisation][INFO] - Critical DVS for vernalization (VERNDVS) reached at day 1984-06-16, but vernalization requirements not yet fulfilled. Forcing vernalization now (VERN=47.688571).
[2026-03-23 21:58:56,014][pcse.crop.phenology.Vernalisation][INFO] - Critical DVS for vernalization (VERNDVS) reached at day 1984-06-17, but vernalization requirements not yet fulfilled. Forcing vernalization now (VERN=47.688571).
[2026-03-23 21:58:56,028][pcse.crop.phenology.Vernalisation][INFO] - Critical DVS for vernalization (VERNDVS) reached at day 1984-06-18, but vernalization requirements not yet fulfilled. Forcing vernalization now (VERN=47.688571).
[2026-03-23 21:58:56,042][pcse.crop.phenology.Vernalisation][INFO] - Critical DVS for vernalization (VERNDVS) reached at day 1984-06-19, but vernalization requirements not yet fulfilled. Forcing vernalization now (VERN=47.688571).
[2026-03-23 21:58:56,056][pcse.crop.phenology.Vernalisation][INFO] - Critical DVS for vernalization (VERNDVS) reached at day 1984-06-20, but vernalization requirements not yet fulfilled. Forcing vernalization now (VERN=47.688571).
[2026-03-23 21:58:56,070][pcse.crop.phenology.Vernalisation][INFO] - Critical DVS for vernalization (VERNDVS) reached at day 1984-06-21, but vernalization requirements not yet fulfilled. Forcing vernalization now (VERN=47.688571).
[2026-03-23 21:58:56,084][pcse.crop.phenology.Vernalisation][INFO] - Critical DVS for vernalization (VERNDVS) reached at day 1984-06-22, but vernalization requirements not yet fulfilled. Forcing vernalization now (VERN=47.688571).
[2026-03-23 21:58:56,098][pcse.crop.phenology.Vernalisation][INFO] - Critical DVS for vernalization (VERNDVS) reached at day 1984-06-23, but vernalization requirements not yet fulfilled. Forcing vernalization now (VERN=47.688571).
[2026-03-23 21:58:56,112][pcse.crop.phenology.Vernalisation][INFO] - Critical DVS for vernalization (VERNDVS) reached at day 1984-06-24, but vernalization requirements not yet fulfilled. Forcing vernalization now (VERN=47.688571).
[2026-03-23 21:58:56,126][pcse.crop.phenology.Vernalisation][INFO] - Critical DVS for vernalization (VERNDVS) reached at day 1984-06-25, but vernalization requirements not yet fulfilled. Forcing vernalization now (VERN=47.688571).
[2026-03-23 21:58:56,140][pcse.crop.phenology.Vernalisation][INFO] - Critical DVS for vernalization (VERNDVS) reached at day 1984-06-26, but vernalization requirements not yet fulfilled. Forcing vernalization now (VERN=47.688571).
[2026-03-23 21:58:56,154][pcse.crop.phenology.Vernalisation][INFO] - Critical DVS for vernalization (VERNDVS) reached at day 1984-06-27, but vernalization requirements not yet fulfilled. Forcing vernalization now (VERN=47.688571).
[2026-03-23 21:58:56,168][pcse.crop.phenology.Vernalisation][INFO] - Critical DVS for vernalization (VERNDVS) reached at day 1984-06-28, but vernalization requirements not yet fulfilled. Forcing vernalization now (VERN=47.688571).
[2026-03-23 21:58:56,183][pcse.crop.phenology.Vernalisation][INFO] - Critical DVS for vernalization (VERNDVS) reached at day 1984-06-29, but vernalization requirements not yet fulfilled. Forcing vernalization now (VERN=47.688571).
[2026-03-23 21:58:56,183][pcse.crop.phenology.Annual_Phenology][INFO] - Changed phenological stage 'vegetative' to 'reproductive' on 1984-06-29
[2026-03-23 21:58:57,500][pcse.crop.phenology.Annual_Phenology][INFO] - Changed phenological stage 'reproductive' to 'mature' on 1984-09-13
[2026-03-23 21:58:57,763][pcse.base.timer.Timer][INFO] - Reached end of simulation period as specified by END_DATE.
| train          | E: 99 | S: 23859 | R: -147.4151 | TR: 27.2508 | TF: 128 | LR: 128 | NR: 0 | D: 04.3 s | TD: 00.0 s | BR: -0.5866 | ALOSS: 5914.0340 | CLOSS: 1643603.3329 | TLOSS: -410.8226 | TVAL: 0.5467 | AENT: -752.5276 | BCLOSS: 0.0000
[EPISODE DBG] episode=99 step=23859 pred_return=-146.856652 true_return=44.905043 total_feedback=128 labeled_feedback=128
[2026-03-23 21:58:57,770][pcse.agromanager.SoilCalendar][INFO] - Starting soil (oregon) with variation (oregon_1) on day 1984-02-01
[2026-03-23 21:58:57,772][pcse.agromanager.CropCalendar][INFO] - Starting crop (wheat) with variety (wheat_1) on day 1984-02-01
[2026-03-23 21:58:59,213][pcse.crop.phenology.Annual_Phenology][INFO] - Changed phenological stage 'emerging' to 'vegetative' on 1984-04-10
[2026-03-23 21:59:00,042][pcse.crop.phenology.Vernalisation][INFO] - Critical DVS for vernalization (VERNDVS) reached at day 1984-06-02, but vernalization requirements not yet fulfilled. Forcing vernalization now (VERN=47.688571).
[2026-03-23 21:59:00,057][pcse.crop.phenology.Vernalisation][INFO] - Critical DVS for vernalization (VERNDVS) reached at day 1984-06-03, but vernalization requirements not yet fulfilled. Forcing vernalization now (VERN=47.688571).
[2026-03-23 21:59:00,073][pcse.crop.phenology.Vernalisation][INFO] - Critical DVS for vernalization (VERNDVS) reached at day 1984-06-04, but vernalization requirements not yet fulfilled. Forcing vernalization now (VERN=47.688571).
[2026-03-23 21:59:00,088][pcse.crop.phenology.Vernalisation][INFO] - Critical DVS for vernalization (VERNDVS) reached at day 1984-06-05, but vernalization requirements not yet fulfilled. Forcing vernalization now (VERN=47.688571).
[2026-03-23 21:59:00,104][pcse.crop.phenology.Vernalisation][INFO] - Critical DVS for vernalization (VERNDVS) reached at day 1984-06-06, but vernalization requirements not yet fulfilled. Forcing vernalization now (VERN=47.688571).
[2026-03-23 21:59:00,120][pcse.crop.phenology.Vernalisation][INFO] - Critical DVS for vernalization (VERNDVS) reached at day 1984-06-07, but vernalization requirements not yet fulfilled. Forcing vernalization now (VERN=47.688571).
[2026-03-23 21:59:00,136][pcse.crop.phenology.Vernalisation][INFO] - Critical DVS for vernalization (VERNDVS) reached at day 1984-06-08, but vernalization requirements not yet fulfilled. Forcing vernalization now (VERN=47.688571).
[2026-03-23 21:59:00,151][pcse.crop.phenology.Vernalisation][INFO] - Critical DVS for vernalization (VERNDVS) reached at day 1984-06-09, but vernalization requirements not yet fulfilled. Forcing vernalization now (VERN=47.688571).
[2026-03-23 21:59:00,167][pcse.crop.phenology.Vernalisation][INFO] - Critical DVS for vernalization (VERNDVS) reached at day 1984-06-10, but vernalization requirements not yet fulfilled. Forcing vernalization now (VERN=47.688571).
[2026-03-23 21:59:00,182][pcse.crop.phenology.Vernalisation][INFO] - Critical DVS for vernalization (VERNDVS) reached at day 1984-06-11, but vernalization requirements not yet fulfilled. Forcing vernalization now (VERN=47.688571).
[2026-03-23 21:59:00,197][pcse.crop.phenology.Vernalisation][INFO] - Critical DVS for vernalization (VERNDVS) reached at day 1984-06-12, but vernalization requirements not yet fulfilled. Forcing vernalization now (VERN=47.688571).
[2026-03-23 21:59:00,213][pcse.crop.phenology.Vernalisation][INFO] - Critical DVS for vernalization (VERNDVS) reached at day 1984-06-13, but vernalization requirements not yet fulfilled. Forcing vernalization now (VERN=47.688571).
[2026-03-23 21:59:00,228][pcse.crop.phenology.Vernalisation][INFO] - Critical DVS for vernalization (VERNDVS) reached at day 1984-06-14, but vernalization requirements not yet fulfilled. Forcing vernalization now (VERN=47.688571).
[2026-03-23 21:59:00,243][pcse.crop.phenology.Vernalisation][INFO] - Critical DVS for vernalization (VERNDVS) reached at day 1984-06-15, but vernalization requirements not yet fulfilled. Forcing vernalization now (VERN=47.688571).
[2026-03-23 21:59:00,259][pcse.crop.phenology.Vernalisation][INFO] - Critical DVS for vernalization (VERNDVS) reached at day 1984-06-16, but vernalization requirements not yet fulfilled. Forcing vernalization now (VERN=47.688571).
[2026-03-23 21:59:00,274][pcse.crop.phenology.Vernalisation][INFO] - Critical DVS for vernalization (VERNDVS) reached at day 1984-06-17, but vernalization requirements not yet fulfilled. Forcing vernalization now (VERN=47.688571).
[2026-03-23 21:59:00,290][pcse.crop.phenology.Vernalisation][INFO] - Critical DVS for vernalization (VERNDVS) reached at day 1984-06-18, but vernalization requirements not yet fulfilled. Forcing vernalization now (VERN=47.688571).
[2026-03-23 21:59:00,305][pcse.crop.phenology.Vernalisation][INFO] - Critical DVS for vernalization (VERNDVS) reached at day 1984-06-19, but vernalization requirements not yet fulfilled. Forcing vernalization now (VERN=47.688571).
[2026-03-23 21:59:00,321][pcse.crop.phenology.Vernalisation][INFO] - Critical DVS for vernalization (VERNDVS) reached at day 1984-06-20, but vernalization requirements not yet fulfilled. Forcing vernalization now (VERN=47.688571).
[2026-03-23 21:59:00,336][pcse.crop.phenology.Vernalisation][INFO] - Critical DVS for vernalization (VERNDVS) reached at day 1984-06-21, but vernalization requirements not yet fulfilled. Forcing vernalization now (VERN=47.688571).
[2026-03-23 21:59:00,352][pcse.crop.phenology.Vernalisation][INFO] - Critical DVS for vernalization (VERNDVS) reached at day 1984-06-22, but vernalization requirements not yet fulfilled. Forcing vernalization now (VERN=47.688571).
[REPLAY DBG] post-agent-update step=24000 n=24000 mean=-0.585401 std=0.918881 min=-2.242645 max=2.729301
[2026-03-23 21:59:00,551][pcse.crop.phenology.Vernalisation][INFO] - Critical DVS for vernalization (VERNDVS) reached at day 1984-06-23, but vernalization requirements not yet fulfilled. Forcing vernalization now (VERN=47.688571).
[STEP DBG] step=24000 env_reward=0.000000 r_hat=-0.831492 done=False
[NORM DBG] count=24000 mean_abs_mean=62546.820312 mean_std=126.354446 min_std=0.001000 max_std=1634.317993
[2026-03-23 21:59:00,571][pcse.crop.phenology.Vernalisation][INFO] - Critical DVS for vernalization (VERNDVS) reached at day 1984-06-24, but vernalization requirements not yet fulfilled. Forcing vernalization now (VERN=47.688571).
[2026-03-23 21:59:00,591][pcse.crop.phenology.Vernalisation][INFO] - Critical DVS for vernalization (VERNDVS) reached at day 1984-06-25, but vernalization requirements not yet fulfilled. Forcing vernalization now (VERN=47.688571).
[2026-03-23 21:59:00,610][pcse.crop.phenology.Vernalisation][INFO] - Critical DVS for vernalization (VERNDVS) reached at day 1984-06-26, but vernalization requirements not yet fulfilled. Forcing vernalization now (VERN=47.688571).
[2026-03-23 21:59:00,629][pcse.crop.phenology.Vernalisation][INFO] - Critical DVS for vernalization (VERNDVS) reached at day 1984-06-27, but vernalization requirements not yet fulfilled. Forcing vernalization now (VERN=47.688571).
[2026-03-23 21:59:00,646][pcse.crop.phenology.Vernalisation][INFO] - Critical DVS for vernalization (VERNDVS) reached at day 1984-06-28, but vernalization requirements not yet fulfilled. Forcing vernalization now (VERN=47.688571).
[2026-03-23 21:59:00,662][pcse.crop.phenology.Vernalisation][INFO] - Critical DVS for vernalization (VERNDVS) reached at day 1984-06-29, but vernalization requirements not yet fulfilled. Forcing vernalization now (VERN=47.688571).
[2026-03-23 21:59:00,662][pcse.crop.phenology.Annual_Phenology][INFO] - Changed phenological stage 'vegetative' to 'reproductive' on 1984-06-29
[2026-03-23 21:59:01,850][pcse.crop.phenology.Annual_Phenology][INFO] - Changed phenological stage 'reproductive' to 'mature' on 1984-09-13
[2026-03-23 21:59:02,114][pcse.base.timer.Timer][INFO] - Reached end of simulation period as specified by END_DATE.
| train          | E: 100 | S: 24100 | R: -146.8567 | TR: 44.9050 | TF: 128 | LR: 128 | NR: 0 | D: 04.4 s | TD: 00.0 s | BR: -0.5875 | ALOSS: 6074.1718 | CLOSS: 1324901.1121 | TLOSS: -411.4627 | TVAL: 0.5583 | AENT: -738.0482 | BCLOSS: 0.0000
[EPISODE DBG] episode=100 step=24100 pred_return=-143.848050 true_return=51.499815 total_feedback=128 labeled_feedback=128
[2026-03-23 21:59:02,121][pcse.agromanager.SoilCalendar][INFO] - Starting soil (oregon) with variation (oregon_1) on day 1984-02-01
[2026-03-23 21:59:02,124][pcse.agromanager.CropCalendar][INFO] - Starting crop (wheat) with variety (wheat_1) on day 1984-02-01
[2026-03-23 21:59:03,559][pcse.crop.phenology.Annual_Phenology][INFO] - Changed phenological stage 'emerging' to 'vegetative' on 1984-04-10
[2026-03-23 21:59:04,526][pcse.crop.phenology.Vernalisation][INFO] - Critical DVS for vernalization (VERNDVS) reached at day 1984-06-02, but vernalization requirements not yet fulfilled. Forcing vernalization now (VERN=47.688571).
[2026-03-23 21:59:04,540][pcse.crop.phenology.Vernalisation][INFO] - Critical DVS for vernalization (VERNDVS) reached at day 1984-06-03, but vernalization requirements not yet fulfilled. Forcing vernalization now (VERN=47.688571).
[2026-03-23 21:59:04,554][pcse.crop.phenology.Vernalisation][INFO] - Critical DVS for vernalization (VERNDVS) reached at day 1984-06-04, but vernalization requirements not yet fulfilled. Forcing vernalization now (VERN=47.688571).
[2026-03-23 21:59:04,568][pcse.crop.phenology.Vernalisation][INFO] - Critical DVS for vernalization (VERNDVS) reached at day 1984-06-05, but vernalization requirements not yet fulfilled. Forcing vernalization now (VERN=47.688571).
[2026-03-23 21:59:04,582][pcse.crop.phenology.Vernalisation][INFO] - Critical DVS for vernalization (VERNDVS) reached at day 1984-06-06, but vernalization requirements not yet fulfilled. Forcing vernalization now (VERN=47.688571).
[2026-03-23 21:59:04,596][pcse.crop.phenology.Vernalisation][INFO] - Critical DVS for vernalization (VERNDVS) reached at day 1984-06-07, but vernalization requirements not yet fulfilled. Forcing vernalization now (VERN=47.688571).
[2026-03-23 21:59:04,610][pcse.crop.phenology.Vernalisation][INFO] - Critical DVS for vernalization (VERNDVS) reached at day 1984-06-08, but vernalization requirements not yet fulfilled. Forcing vernalization now (VERN=47.688571).
[2026-03-23 21:59:04,623][pcse.crop.phenology.Vernalisation][INFO] - Critical DVS for vernalization (VERNDVS) reached at day 1984-06-09, but vernalization requirements not yet fulfilled. Forcing vernalization now (VERN=47.688571).
[2026-03-23 21:59:04,637][pcse.crop.phenology.Vernalisation][INFO] - Critical DVS for vernalization (VERNDVS) reached at day 1984-06-10, but vernalization requirements not yet fulfilled. Forcing vernalization now (VERN=47.688571).
[2026-03-23 21:59:04,651][pcse.crop.phenology.Vernalisation][INFO] - Critical DVS for vernalization (VERNDVS) reached at day 1984-06-11, but vernalization requirements not yet fulfilled. Forcing vernalization now (VERN=47.688571).
[2026-03-23 21:59:04,666][pcse.crop.phenology.Vernalisation][INFO] - Critical DVS for vernalization (VERNDVS) reached at day 1984-06-12, but vernalization requirements not yet fulfilled. Forcing vernalization now (VERN=47.688571).
[2026-03-23 21:59:04,679][pcse.crop.phenology.Vernalisation][INFO] - Critical DVS for vernalization (VERNDVS) reached at day 1984-06-13, but vernalization requirements not yet fulfilled. Forcing vernalization now (VERN=47.688571).
[2026-03-23 21:59:04,693][pcse.crop.phenology.Vernalisation][INFO] - Critical DVS for vernalization (VERNDVS) reached at day 1984-06-14, but vernalization requirements not yet fulfilled. Forcing vernalization now (VERN=47.688571).
[2026-03-23 21:59:04,707][pcse.crop.phenology.Vernalisation][INFO] - Critical DVS for vernalization (VERNDVS) reached at day 1984-06-15, but vernalization requirements not yet fulfilled. Forcing vernalization now (VERN=47.688571).
[2026-03-23 21:59:04,721][pcse.crop.phenology.Vernalisation][INFO] - Critical DVS for vernalization (VERNDVS) reached at day 1984-06-16, but vernalization requirements not yet fulfilled. Forcing vernalization now (VERN=47.688571).
[2026-03-23 21:59:04,735][pcse.crop.phenology.Vernalisation][INFO] - Critical DVS for vernalization (VERNDVS) reached at day 1984-06-17, but vernalization requirements not yet fulfilled. Forcing vernalization now (VERN=47.688571).
[2026-03-23 21:59:04,749][pcse.crop.phenology.Vernalisation][INFO] - Critical DVS for vernalization (VERNDVS) reached at day 1984-06-18, but vernalization requirements not yet fulfilled. Forcing vernalization now (VERN=47.688571).
[2026-03-23 21:59:04,763][pcse.crop.phenology.Vernalisation][INFO] - Critical DVS for vernalization (VERNDVS) reached at day 1984-06-19, but vernalization requirements not yet fulfilled. Forcing vernalization now (VERN=47.688571).
[2026-03-23 21:59:04,777][pcse.crop.phenology.Vernalisation][INFO] - Critical DVS for vernalization (VERNDVS) reached at day 1984-06-20, but vernalization requirements not yet fulfilled. Forcing vernalization now (VERN=47.688571).
[2026-03-23 21:59:04,791][pcse.crop.phenology.Vernalisation][INFO] - Critical DVS for vernalization (VERNDVS) reached at day 1984-06-21, but vernalization requirements not yet fulfilled. Forcing vernalization now (VERN=47.688571).
[2026-03-23 21:59:04,805][pcse.crop.phenology.Vernalisation][INFO] - Critical DVS for vernalization (VERNDVS) reached at day 1984-06-22, but vernalization requirements not yet fulfilled. Forcing vernalization now (VERN=47.688571).
[2026-03-23 21:59:04,818][pcse.crop.phenology.Vernalisation][INFO] - Critical DVS for vernalization (VERNDVS) reached at day 1984-06-23, but vernalization requirements not yet fulfilled. Forcing vernalization now (VERN=47.688571).
[2026-03-23 21:59:04,833][pcse.crop.phenology.Vernalisation][INFO] - Critical DVS for vernalization (VERNDVS) reached at day 1984-06-24, but vernalization requirements not yet fulfilled. Forcing vernalization now (VERN=47.688571).
[2026-03-23 21:59:04,846][pcse.crop.phenology.Vernalisation][INFO] - Critical DVS for vernalization (VERNDVS) reached at day 1984-06-25, but vernalization requirements not yet fulfilled. Forcing vernalization now (VERN=47.688571).
[2026-03-23 21:59:04,860][pcse.crop.phenology.Vernalisation][INFO] - Critical DVS for vernalization (VERNDVS) reached at day 1984-06-26, but vernalization requirements not yet fulfilled. Forcing vernalization now (VERN=47.688571).
[2026-03-23 21:59:04,874][pcse.crop.phenology.Vernalisation][INFO] - Critical DVS for vernalization (VERNDVS) reached at day 1984-06-27, but vernalization requirements not yet fulfilled. Forcing vernalization now (VERN=47.688571).
[2026-03-23 21:59:04,888][pcse.crop.phenology.Vernalisation][INFO] - Critical DVS for vernalization (VERNDVS) reached at day 1984-06-28, but vernalization requirements not yet fulfilled. Forcing vernalization now (VERN=47.688571).
[2026-03-23 21:59:04,902][pcse.crop.phenology.Vernalisation][INFO] - Critical DVS for vernalization (VERNDVS) reached at day 1984-06-29, but vernalization requirements not yet fulfilled. Forcing vernalization now (VERN=47.688571).
[2026-03-23 21:59:04,902][pcse.crop.phenology.Annual_Phenology][INFO] - Changed phenological stage 'vegetative' to 'reproductive' on 1984-06-29
[2026-03-23 21:59:06,217][pcse.crop.phenology.Annual_Phenology][INFO] - Changed phenological stage 'reproductive' to 'mature' on 1984-09-13
[2026-03-23 21:59:06,484][pcse.base.timer.Timer][INFO] - Reached end of simulation period as specified by END_DATE.
| train          | E: 101 | S: 24341 | R: -143.8480 | TR: 51.4998 | TF: 128 | LR: 128 | NR: 0 | D: 04.4 s | TD: 00.0 s | BR: -0.5851 | ALOSS: 6261.5291 | CLOSS: 1145466.5967 | TLOSS: -409.4398 | TVAL: 0.5700 | AENT: -719.3336 | BCLOSS: 0.0000
[EPISODE DBG] episode=101 step=24341 pred_return=-139.252240 true_return=57.718482 total_feedback=128 labeled_feedback=128
[2026-03-23 21:59:06,491][pcse.agromanager.SoilCalendar][INFO] - Starting soil (oregon) with variation (oregon_1) on day 1984-02-01
[2026-03-23 21:59:06,493][pcse.agromanager.CropCalendar][INFO] - Starting crop (wheat) with variety (wheat_1) on day 1984-02-01
[2026-03-23 21:59:07,922][pcse.crop.phenology.Annual_Phenology][INFO] - Changed phenological stage 'emerging' to 'vegetative' on 1984-04-10
[2026-03-23 21:59:08,745][pcse.crop.phenology.Vernalisation][INFO] - Critical DVS for vernalization (VERNDVS) reached at day 1984-06-02, but vernalization requirements not yet fulfilled. Forcing vernalization now (VERN=47.688571).
[2026-03-23 21:59:08,761][pcse.crop.phenology.Vernalisation][INFO] - Critical DVS for vernalization (VERNDVS) reached at day 1984-06-03, but vernalization requirements not yet fulfilled. Forcing vernalization now (VERN=47.688571).
[2026-03-23 21:59:08,777][pcse.crop.phenology.Vernalisation][INFO] - Critical DVS for vernalization (VERNDVS) reached at day 1984-06-04, but vernalization requirements not yet fulfilled. Forcing vernalization now (VERN=47.688571).
[2026-03-23 21:59:08,793][pcse.crop.phenology.Vernalisation][INFO] - Critical DVS for vernalization (VERNDVS) reached at day 1984-06-05, but vernalization requirements not yet fulfilled. Forcing vernalization now (VERN=47.688571).
[2026-03-23 21:59:08,809][pcse.crop.phenology.Vernalisation][INFO] - Critical DVS for vernalization (VERNDVS) reached at day 1984-06-06, but vernalization requirements not yet fulfilled. Forcing vernalization now (VERN=47.688571).
[2026-03-23 21:59:08,824][pcse.crop.phenology.Vernalisation][INFO] - Critical DVS for vernalization (VERNDVS) reached at day 1984-06-07, but vernalization requirements not yet fulfilled. Forcing vernalization now (VERN=47.688571).
[2026-03-23 21:59:08,840][pcse.crop.phenology.Vernalisation][INFO] - Critical DVS for vernalization (VERNDVS) reached at day 1984-06-08, but vernalization requirements not yet fulfilled. Forcing vernalization now (VERN=47.688571).
[2026-03-23 21:59:08,856][pcse.crop.phenology.Vernalisation][INFO] - Critical DVS for vernalization (VERNDVS) reached at day 1984-06-09, but vernalization requirements not yet fulfilled. Forcing vernalization now (VERN=47.688571).
[2026-03-23 21:59:08,872][pcse.crop.phenology.Vernalisation][INFO] - Critical DVS for vernalization (VERNDVS) reached at day 1984-06-10, but vernalization requirements not yet fulfilled. Forcing vernalization now (VERN=47.688571).
[2026-03-23 21:59:08,887][pcse.crop.phenology.Vernalisation][INFO] - Critical DVS for vernalization (VERNDVS) reached at day 1984-06-11, but vernalization requirements not yet fulfilled. Forcing vernalization now (VERN=47.688571).
[2026-03-23 21:59:08,903][pcse.crop.phenology.Vernalisation][INFO] - Critical DVS for vernalization (VERNDVS) reached at day 1984-06-12, but vernalization requirements not yet fulfilled. Forcing vernalization now (VERN=47.688571).
[2026-03-23 21:59:08,918][pcse.crop.phenology.Vernalisation][INFO] - Critical DVS for vernalization (VERNDVS) reached at day 1984-06-13, but vernalization requirements not yet fulfilled. Forcing vernalization now (VERN=47.688571).
[2026-03-23 21:59:08,935][pcse.crop.phenology.Vernalisation][INFO] - Critical DVS for vernalization (VERNDVS) reached at day 1984-06-14, but vernalization requirements not yet fulfilled. Forcing vernalization now (VERN=47.688571).
[2026-03-23 21:59:08,951][pcse.crop.phenology.Vernalisation][INFO] - Critical DVS for vernalization (VERNDVS) reached at day 1984-06-15, but vernalization requirements not yet fulfilled. Forcing vernalization now (VERN=47.688571).
[2026-03-23 21:59:08,967][pcse.crop.phenology.Vernalisation][INFO] - Critical DVS for vernalization (VERNDVS) reached at day 1984-06-16, but vernalization requirements not yet fulfilled. Forcing vernalization now (VERN=47.688571).
[2026-03-23 21:59:08,982][pcse.crop.phenology.Vernalisation][INFO] - Critical DVS for vernalization (VERNDVS) reached at day 1984-06-17, but vernalization requirements not yet fulfilled. Forcing vernalization now (VERN=47.688571).
[2026-03-23 21:59:08,998][pcse.crop.phenology.Vernalisation][INFO] - Critical DVS for vernalization (VERNDVS) reached at day 1984-06-18, but vernalization requirements not yet fulfilled. Forcing vernalization now (VERN=47.688571).
[2026-03-23 21:59:09,014][pcse.crop.phenology.Vernalisation][INFO] - Critical DVS for vernalization (VERNDVS) reached at day 1984-06-19, but vernalization requirements not yet fulfilled. Forcing vernalization now (VERN=47.688571).
[2026-03-23 21:59:09,029][pcse.crop.phenology.Vernalisation][INFO] - Critical DVS for vernalization (VERNDVS) reached at day 1984-06-20, but vernalization requirements not yet fulfilled. Forcing vernalization now (VERN=47.688571).
[2026-03-23 21:59:09,045][pcse.crop.phenology.Vernalisation][INFO] - Critical DVS for vernalization (VERNDVS) reached at day 1984-06-21, but vernalization requirements not yet fulfilled. Forcing vernalization now (VERN=47.688571).
[2026-03-23 21:59:09,060][pcse.crop.phenology.Vernalisation][INFO] - Critical DVS for vernalization (VERNDVS) reached at day 1984-06-22, but vernalization requirements not yet fulfilled. Forcing vernalization now (VERN=47.688571).
[2026-03-23 21:59:09,076][pcse.crop.phenology.Vernalisation][INFO] - Critical DVS for vernalization (VERNDVS) reached at day 1984-06-23, but vernalization requirements not yet fulfilled. Forcing vernalization now (VERN=47.688571).
[2026-03-23 21:59:09,092][pcse.crop.phenology.Vernalisation][INFO] - Critical DVS for vernalization (VERNDVS) reached at day 1984-06-24, but vernalization requirements not yet fulfilled. Forcing vernalization now (VERN=47.688571).
[2026-03-23 21:59:09,107][pcse.crop.phenology.Vernalisation][INFO] - Critical DVS for vernalization (VERNDVS) reached at day 1984-06-25, but vernalization requirements not yet fulfilled. Forcing vernalization now (VERN=47.688571).
[2026-03-23 21:59:09,123][pcse.crop.phenology.Vernalisation][INFO] - Critical DVS for vernalization (VERNDVS) reached at day 1984-06-26, but vernalization requirements not yet fulfilled. Forcing vernalization now (VERN=47.688571).
[2026-03-23 21:59:09,139][pcse.crop.phenology.Vernalisation][INFO] - Critical DVS for vernalization (VERNDVS) reached at day 1984-06-27, but vernalization requirements not yet fulfilled. Forcing vernalization now (VERN=47.688571).
[2026-03-23 21:59:09,154][pcse.crop.phenology.Vernalisation][INFO] - Critical DVS for vernalization (VERNDVS) reached at day 1984-06-28, but vernalization requirements not yet fulfilled. Forcing vernalization now (VERN=47.688571).
[2026-03-23 21:59:09,170][pcse.crop.phenology.Vernalisation][INFO] - Critical DVS for vernalization (VERNDVS) reached at day 1984-06-29, but vernalization requirements not yet fulfilled. Forcing vernalization now (VERN=47.688571).
[2026-03-23 21:59:09,170][pcse.crop.phenology.Annual_Phenology][INFO] - Changed phenological stage 'vegetative' to 'reproductive' on 1984-06-29
[REPLAY DBG] post-agent-update step=24500 n=24500 mean=-0.585440 std=0.912738 min=-2.242645 max=2.729301
[STEP DBG] step=24500 env_reward=0.459347 r_hat=-0.899469 done=False
[NORM DBG] count=24500 mean_abs_mean=62546.218750 mean_std=125.234932 min_std=0.001000 max_std=1618.522339
[2026-03-23 21:59:10,569][pcse.crop.phenology.Annual_Phenology][INFO] - Changed phenological stage 'reproductive' to 'mature' on 1984-09-13
[2026-03-23 21:59:10,833][pcse.base.timer.Timer][INFO] - Reached end of simulation period as specified by END_DATE.
| train          | E: 102 | S: 24582 | R: -139.2522 | TR: 57.7185 | TF: 128 | LR: 128 | NR: 0 | D: 04.4 s | TD: 00.0 s | BR: -0.5858 | ALOSS: 6431.4182 | CLOSS: 1456052.3623 | TLOSS: -397.0725 | TVAL: 0.5819 | AENT: -683.5806 | BCLOSS: 0.0000
[EPISODE DBG] episode=102 step=24582 pred_return=-138.703671 true_return=42.954051 total_feedback=128 labeled_feedback=128
[2026-03-23 21:59:10,841][pcse.agromanager.SoilCalendar][INFO] - Starting soil (oregon) with variation (oregon_1) on day 1984-02-01
[2026-03-23 21:59:10,844][pcse.agromanager.CropCalendar][INFO] - Starting crop (wheat) with variety (wheat_1) on day 1984-02-01
[2026-03-23 21:59:12,248][pcse.crop.phenology.Annual_Phenology][INFO] - Changed phenological stage 'emerging' to 'vegetative' on 1984-04-10
[2026-03-23 21:59:13,290][pcse.crop.phenology.Vernalisation][INFO] - Critical DVS for vernalization (VERNDVS) reached at day 1984-06-02, but vernalization requirements not yet fulfilled. Forcing vernalization now (VERN=47.688571).
[2026-03-23 21:59:13,308][pcse.crop.phenology.Vernalisation][INFO] - Critical DVS for vernalization (VERNDVS) reached at day 1984-06-03, but vernalization requirements not yet fulfilled. Forcing vernalization now (VERN=47.688571).
[2026-03-23 21:59:13,327][pcse.crop.phenology.Vernalisation][INFO] - Critical DVS for vernalization (VERNDVS) reached at day 1984-06-04, but vernalization requirements not yet fulfilled. Forcing vernalization now (VERN=47.688571).
[2026-03-23 21:59:13,343][pcse.crop.phenology.Vernalisation][INFO] - Critical DVS for vernalization (VERNDVS) reached at day 1984-06-05, but vernalization requirements not yet fulfilled. Forcing vernalization now (VERN=47.688571).
[2026-03-23 21:59:13,359][pcse.crop.phenology.Vernalisation][INFO] - Critical DVS for vernalization (VERNDVS) reached at day 1984-06-06, but vernalization requirements not yet fulfilled. Forcing vernalization now (VERN=47.688571).
[2026-03-23 21:59:13,374][pcse.crop.phenology.Vernalisation][INFO] - Critical DVS for vernalization (VERNDVS) reached at day 1984-06-07, but vernalization requirements not yet fulfilled. Forcing vernalization now (VERN=47.688571).
[2026-03-23 21:59:13,390][pcse.crop.phenology.Vernalisation][INFO] - Critical DVS for vernalization (VERNDVS) reached at day 1984-06-08, but vernalization requirements not yet fulfilled. Forcing vernalization now (VERN=47.688571).
[2026-03-23 21:59:13,406][pcse.crop.phenology.Vernalisation][INFO] - Critical DVS for vernalization (VERNDVS) reached at day 1984-06-09, but vernalization requirements not yet fulfilled. Forcing vernalization now (VERN=47.688571).
[2026-03-23 21:59:13,422][pcse.crop.phenology.Vernalisation][INFO] - Critical DVS for vernalization (VERNDVS) reached at day 1984-06-10, but vernalization requirements not yet fulfilled. Forcing vernalization now (VERN=47.688571).
[2026-03-23 21:59:13,437][pcse.crop.phenology.Vernalisation][INFO] - Critical DVS for vernalization (VERNDVS) reached at day 1984-06-11, but vernalization requirements not yet fulfilled. Forcing vernalization now (VERN=47.688571).
[2026-03-23 21:59:13,453][pcse.crop.phenology.Vernalisation][INFO] - Critical DVS for vernalization (VERNDVS) reached at day 1984-06-12, but vernalization requirements not yet fulfilled. Forcing vernalization now (VERN=47.688571).
[2026-03-23 21:59:13,468][pcse.crop.phenology.Vernalisation][INFO] - Critical DVS for vernalization (VERNDVS) reached at day 1984-06-13, but vernalization requirements not yet fulfilled. Forcing vernalization now (VERN=47.688571).
[2026-03-23 21:59:13,484][pcse.crop.phenology.Vernalisation][INFO] - Critical DVS for vernalization (VERNDVS) reached at day 1984-06-14, but vernalization requirements not yet fulfilled. Forcing vernalization now (VERN=47.688571).
[2026-03-23 21:59:13,499][pcse.crop.phenology.Vernalisation][INFO] - Critical DVS for vernalization (VERNDVS) reached at day 1984-06-15, but vernalization requirements not yet fulfilled. Forcing vernalization now (VERN=47.688571).
[2026-03-23 21:59:13,515][pcse.crop.phenology.Vernalisation][INFO] - Critical DVS for vernalization (VERNDVS) reached at day 1984-06-16, but vernalization requirements not yet fulfilled. Forcing vernalization now (VERN=47.688571).
[2026-03-23 21:59:13,530][pcse.crop.phenology.Vernalisation][INFO] - Critical DVS for vernalization (VERNDVS) reached at day 1984-06-17, but vernalization requirements not yet fulfilled. Forcing vernalization now (VERN=47.688571).
[2026-03-23 21:59:13,546][pcse.crop.phenology.Vernalisation][INFO] - Critical DVS for vernalization (VERNDVS) reached at day 1984-06-18, but vernalization requirements not yet fulfilled. Forcing vernalization now (VERN=47.688571).
[2026-03-23 21:59:13,561][pcse.crop.phenology.Vernalisation][INFO] - Critical DVS for vernalization (VERNDVS) reached at day 1984-06-19, but vernalization requirements not yet fulfilled. Forcing vernalization now (VERN=47.688571).
[2026-03-23 21:59:13,577][pcse.crop.phenology.Vernalisation][INFO] - Critical DVS for vernalization (VERNDVS) reached at day 1984-06-20, but vernalization requirements not yet fulfilled. Forcing vernalization now (VERN=47.688571).
[2026-03-23 21:59:13,593][pcse.crop.phenology.Vernalisation][INFO] - Critical DVS for vernalization (VERNDVS) reached at day 1984-06-21, but vernalization requirements not yet fulfilled. Forcing vernalization now (VERN=47.688571).
[2026-03-23 21:59:13,608][pcse.crop.phenology.Vernalisation][INFO] - Critical DVS for vernalization (VERNDVS) reached at day 1984-06-22, but vernalization requirements not yet fulfilled. Forcing vernalization now (VERN=47.688571).
[2026-03-23 21:59:13,624][pcse.crop.phenology.Vernalisation][INFO] - Critical DVS for vernalization (VERNDVS) reached at day 1984-06-23, but vernalization requirements not yet fulfilled. Forcing vernalization now (VERN=47.688571).
[2026-03-23 21:59:13,640][pcse.crop.phenology.Vernalisation][INFO] - Critical DVS for vernalization (VERNDVS) reached at day 1984-06-24, but vernalization requirements not yet fulfilled. Forcing vernalization now (VERN=47.688571).
[2026-03-23 21:59:13,655][pcse.crop.phenology.Vernalisation][INFO] - Critical DVS for vernalization (VERNDVS) reached at day 1984-06-25, but vernalization requirements not yet fulfilled. Forcing vernalization now (VERN=47.688571).
[2026-03-23 21:59:13,671][pcse.crop.phenology.Vernalisation][INFO] - Critical DVS for vernalization (VERNDVS) reached at day 1984-06-26, but vernalization requirements not yet fulfilled. Forcing vernalization now (VERN=47.688571).
[2026-03-23 21:59:13,687][pcse.crop.phenology.Vernalisation][INFO] - Critical DVS for vernalization (VERNDVS) reached at day 1984-06-27, but vernalization requirements not yet fulfilled. Forcing vernalization now (VERN=47.688571).
[2026-03-23 21:59:13,702][pcse.crop.phenology.Vernalisation][INFO] - Critical DVS for vernalization (VERNDVS) reached at day 1984-06-28, but vernalization requirements not yet fulfilled. Forcing vernalization now (VERN=47.688571).
[2026-03-23 21:59:13,718][pcse.crop.phenology.Vernalisation][INFO] - Critical DVS for vernalization (VERNDVS) reached at day 1984-06-29, but vernalization requirements not yet fulfilled. Forcing vernalization now (VERN=47.688571).
[2026-03-23 21:59:13,718][pcse.crop.phenology.Annual_Phenology][INFO] - Changed phenological stage 'vegetative' to 'reproductive' on 1984-06-29
[2026-03-23 21:59:15,072][pcse.crop.phenology.Annual_Phenology][INFO] - Changed phenological stage 'reproductive' to 'mature' on 1984-09-13
[2026-03-23 21:59:15,336][pcse.base.timer.Timer][INFO] - Reached end of simulation period as specified by END_DATE.
| train          | E: 103 | S: 24823 | R: -138.7037 | TR: 42.9541 | TF: 128 | LR: 128 | NR: 0 | D: 04.5 s | TD: 00.0 s | BR: -0.5861 | ALOSS: 6641.5380 | CLOSS: 1157888.0853 | TLOSS: -408.5267 | TVAL: 0.5936 | AENT: -689.1893 | BCLOSS: 0.0000
[EPISODE DBG] episode=103 step=24823 pred_return=-139.769546 true_return=22.107560 total_feedback=128 labeled_feedback=128
[2026-03-23 21:59:15,343][pcse.agromanager.SoilCalendar][INFO] - Starting soil (oregon) with variation (oregon_1) on day 1984-02-01
[2026-03-23 21:59:15,346][pcse.agromanager.CropCalendar][INFO] - Starting crop (wheat) with variety (wheat_1) on day 1984-02-01
[2026-03-23 21:59:16,597][pcse.crop.phenology.Annual_Phenology][INFO] - Changed phenological stage 'emerging' to 'vegetative' on 1984-04-10
[2026-03-23 21:59:17,651][pcse.crop.phenology.Vernalisation][INFO] - Critical DVS for vernalization (VERNDVS) reached at day 1984-06-02, but vernalization requirements not yet fulfilled. Forcing vernalization now (VERN=47.688571).
[2026-03-23 21:59:17,667][pcse.crop.phenology.Vernalisation][INFO] - Critical DVS for vernalization (VERNDVS) reached at day 1984-06-03, but vernalization requirements not yet fulfilled. Forcing vernalization now (VERN=47.688571).
[2026-03-23 21:59:17,683][pcse.crop.phenology.Vernalisation][INFO] - Critical DVS for vernalization (VERNDVS) reached at day 1984-06-04, but vernalization requirements not yet fulfilled. Forcing vernalization now (VERN=47.688571).
[2026-03-23 21:59:17,699][pcse.crop.phenology.Vernalisation][INFO] - Critical DVS for vernalization (VERNDVS) reached at day 1984-06-05, but vernalization requirements not yet fulfilled. Forcing vernalization now (VERN=47.688571).
[2026-03-23 21:59:17,715][pcse.crop.phenology.Vernalisation][INFO] - Critical DVS for vernalization (VERNDVS) reached at day 1984-06-06, but vernalization requirements not yet fulfilled. Forcing vernalization now (VERN=47.688571).
[2026-03-23 21:59:17,731][pcse.crop.phenology.Vernalisation][INFO] - Critical DVS for vernalization (VERNDVS) reached at day 1984-06-07, but vernalization requirements not yet fulfilled. Forcing vernalization now (VERN=47.688571).
[2026-03-23 21:59:17,746][pcse.crop.phenology.Vernalisation][INFO] - Critical DVS for vernalization (VERNDVS) reached at day 1984-06-08, but vernalization requirements not yet fulfilled. Forcing vernalization now (VERN=47.688571).
[2026-03-23 21:59:17,762][pcse.crop.phenology.Vernalisation][INFO] - Critical DVS for vernalization (VERNDVS) reached at day 1984-06-09, but vernalization requirements not yet fulfilled. Forcing vernalization now (VERN=47.688571).
[2026-03-23 21:59:17,777][pcse.crop.phenology.Vernalisation][INFO] - Critical DVS for vernalization (VERNDVS) reached at day 1984-06-10, but vernalization requirements not yet fulfilled. Forcing vernalization now (VERN=47.688571).
[2026-03-23 21:59:17,794][pcse.crop.phenology.Vernalisation][INFO] - Critical DVS for vernalization (VERNDVS) reached at day 1984-06-11, but vernalization requirements not yet fulfilled. Forcing vernalization now (VERN=47.688571).
[2026-03-23 21:59:17,809][pcse.crop.phenology.Vernalisation][INFO] - Critical DVS for vernalization (VERNDVS) reached at day 1984-06-12, but vernalization requirements not yet fulfilled. Forcing vernalization now (VERN=47.688571).
[2026-03-23 21:59:17,825][pcse.crop.phenology.Vernalisation][INFO] - Critical DVS for vernalization (VERNDVS) reached at day 1984-06-13, but vernalization requirements not yet fulfilled. Forcing vernalization now (VERN=47.688571).
[2026-03-23 21:59:17,842][pcse.crop.phenology.Vernalisation][INFO] - Critical DVS for vernalization (VERNDVS) reached at day 1984-06-14, but vernalization requirements not yet fulfilled. Forcing vernalization now (VERN=47.688571).
[2026-03-23 21:59:17,858][pcse.crop.phenology.Vernalisation][INFO] - Critical DVS for vernalization (VERNDVS) reached at day 1984-06-15, but vernalization requirements not yet fulfilled. Forcing vernalization now (VERN=47.688571).
[2026-03-23 21:59:17,873][pcse.crop.phenology.Vernalisation][INFO] - Critical DVS for vernalization (VERNDVS) reached at day 1984-06-16, but vernalization requirements not yet fulfilled. Forcing vernalization now (VERN=47.688571).
[2026-03-23 21:59:17,888][pcse.crop.phenology.Vernalisation][INFO] - Critical DVS for vernalization (VERNDVS) reached at day 1984-06-17, but vernalization requirements not yet fulfilled. Forcing vernalization now (VERN=47.688571).
[2026-03-23 21:59:17,904][pcse.crop.phenology.Vernalisation][INFO] - Critical DVS for vernalization (VERNDVS) reached at day 1984-06-18, but vernalization requirements not yet fulfilled. Forcing vernalization now (VERN=47.688571).
[2026-03-23 21:59:17,919][pcse.crop.phenology.Vernalisation][INFO] - Critical DVS for vernalization (VERNDVS) reached at day 1984-06-19, but vernalization requirements not yet fulfilled. Forcing vernalization now (VERN=47.688571).
[2026-03-23 21:59:17,935][pcse.crop.phenology.Vernalisation][INFO] - Critical DVS for vernalization (VERNDVS) reached at day 1984-06-20, but vernalization requirements not yet fulfilled. Forcing vernalization now (VERN=47.688571).
[2026-03-23 21:59:17,950][pcse.crop.phenology.Vernalisation][INFO] - Critical DVS for vernalization (VERNDVS) reached at day 1984-06-21, but vernalization requirements not yet fulfilled. Forcing vernalization now (VERN=47.688571).
[2026-03-23 21:59:17,966][pcse.crop.phenology.Vernalisation][INFO] - Critical DVS for vernalization (VERNDVS) reached at day 1984-06-22, but vernalization requirements not yet fulfilled. Forcing vernalization now (VERN=47.688571).
[2026-03-23 21:59:17,982][pcse.crop.phenology.Vernalisation][INFO] - Critical DVS for vernalization (VERNDVS) reached at day 1984-06-23, but vernalization requirements not yet fulfilled. Forcing vernalization now (VERN=47.688571).
[2026-03-23 21:59:17,997][pcse.crop.phenology.Vernalisation][INFO] - Critical DVS for vernalization (VERNDVS) reached at day 1984-06-24, but vernalization requirements not yet fulfilled. Forcing vernalization now (VERN=47.688571).
[2026-03-23 21:59:18,017][pcse.crop.phenology.Vernalisation][INFO] - Critical DVS for vernalization (VERNDVS) reached at day 1984-06-25, but vernalization requirements not yet fulfilled. Forcing vernalization now (VERN=47.688571).
[2026-03-23 21:59:18,033][pcse.crop.phenology.Vernalisation][INFO] - Critical DVS for vernalization (VERNDVS) reached at day 1984-06-26, but vernalization requirements not yet fulfilled. Forcing vernalization now (VERN=47.688571).
[2026-03-23 21:59:18,048][pcse.crop.phenology.Vernalisation][INFO] - Critical DVS for vernalization (VERNDVS) reached at day 1984-06-27, but vernalization requirements not yet fulfilled. Forcing vernalization now (VERN=47.688571).
[2026-03-23 21:59:18,064][pcse.crop.phenology.Vernalisation][INFO] - Critical DVS for vernalization (VERNDVS) reached at day 1984-06-28, but vernalization requirements not yet fulfilled. Forcing vernalization now (VERN=47.688571).
[2026-03-23 21:59:18,079][pcse.crop.phenology.Vernalisation][INFO] - Critical DVS for vernalization (VERNDVS) reached at day 1984-06-29, but vernalization requirements not yet fulfilled. Forcing vernalization now (VERN=47.688571).
[2026-03-23 21:59:18,079][pcse.crop.phenology.Annual_Phenology][INFO] - Changed phenological stage 'vegetative' to 'reproductive' on 1984-06-29
[REPLAY DBG] post-agent-update step=25000 n=25000 mean=-0.585689 std=0.906760 min=-2.242645 max=2.729301
[STEP DBG] step=25000 env_reward=0.323790 r_hat=-0.983233 done=False
[NORM DBG] count=25000 mean_abs_mean=62545.648438 mean_std=124.147156 min_std=0.001000 max_std=1603.171509
[2026-03-23 21:59:19,433][pcse.crop.phenology.Annual_Phenology][INFO] - Changed phenological stage 'reproductive' to 'mature' on 1984-09-13
[2026-03-23 21:59:19,696][pcse.base.timer.Timer][INFO] - Reached end of simulation period as specified by END_DATE.
| train          | E: 104 | S: 25064 | R: -139.7695 | TR: 22.1076 | TF: 128 | LR: 128 | NR: 0 | D: 04.4 s | TD: 00.0 s | BR: -0.5882 | ALOSS: 6823.8968 | CLOSS: 1361467.5287 | TLOSS: -406.3019 | TVAL: 0.6059 | AENT: -671.5901 | BCLOSS: 0.0000
[EPISODE DBG] episode=104 step=25064 pred_return=-142.934760 true_return=27.250778 total_feedback=128 labeled_feedback=128
[2026-03-23 21:59:19,704][pcse.agromanager.SoilCalendar][INFO] - Starting soil (oregon) with variation (oregon_1) on day 1984-02-01
[2026-03-23 21:59:19,706][pcse.agromanager.CropCalendar][INFO] - Starting crop (wheat) with variety (wheat_1) on day 1984-02-01
[2026-03-23 21:59:21,207][pcse.crop.phenology.Annual_Phenology][INFO] - Changed phenological stage 'emerging' to 'vegetative' on 1984-04-10
[2026-03-23 21:59:22,031][pcse.crop.phenology.Vernalisation][INFO] - Critical DVS for vernalization (VERNDVS) reached at day 1984-06-02, but vernalization requirements not yet fulfilled. Forcing vernalization now (VERN=47.688571).
[2026-03-23 21:59:22,047][pcse.crop.phenology.Vernalisation][INFO] - Critical DVS for vernalization (VERNDVS) reached at day 1984-06-03, but vernalization requirements not yet fulfilled. Forcing vernalization now (VERN=47.688571).
[2026-03-23 21:59:22,063][pcse.crop.phenology.Vernalisation][INFO] - Critical DVS for vernalization (VERNDVS) reached at day 1984-06-04, but vernalization requirements not yet fulfilled. Forcing vernalization now (VERN=47.688571).
[2026-03-23 21:59:22,079][pcse.crop.phenology.Vernalisation][INFO] - Critical DVS for vernalization (VERNDVS) reached at day 1984-06-05, but vernalization requirements not yet fulfilled. Forcing vernalization now (VERN=47.688571).
[2026-03-23 21:59:22,095][pcse.crop.phenology.Vernalisation][INFO] - Critical DVS for vernalization (VERNDVS) reached at day 1984-06-06, but vernalization requirements not yet fulfilled. Forcing vernalization now (VERN=47.688571).
[2026-03-23 21:59:22,110][pcse.crop.phenology.Vernalisation][INFO] - Critical DVS for vernalization (VERNDVS) reached at day 1984-06-07, but vernalization requirements not yet fulfilled. Forcing vernalization now (VERN=47.688571).
[2026-03-23 21:59:22,126][pcse.crop.phenology.Vernalisation][INFO] - Critical DVS for vernalization (VERNDVS) reached at day 1984-06-08, but vernalization requirements not yet fulfilled. Forcing vernalization now (VERN=47.688571).
[2026-03-23 21:59:22,142][pcse.crop.phenology.Vernalisation][INFO] - Critical DVS for vernalization (VERNDVS) reached at day 1984-06-09, but vernalization requirements not yet fulfilled. Forcing vernalization now (VERN=47.688571).
[2026-03-23 21:59:22,158][pcse.crop.phenology.Vernalisation][INFO] - Critical DVS for vernalization (VERNDVS) reached at day 1984-06-10, but vernalization requirements not yet fulfilled. Forcing vernalization now (VERN=47.688571).
[2026-03-23 21:59:22,174][pcse.crop.phenology.Vernalisation][INFO] - Critical DVS for vernalization (VERNDVS) reached at day 1984-06-11, but vernalization requirements not yet fulfilled. Forcing vernalization now (VERN=47.688571).
[2026-03-23 21:59:22,190][pcse.crop.phenology.Vernalisation][INFO] - Critical DVS for vernalization (VERNDVS) reached at day 1984-06-12, but vernalization requirements not yet fulfilled. Forcing vernalization now (VERN=47.688571).
[2026-03-23 21:59:22,206][pcse.crop.phenology.Vernalisation][INFO] - Critical DVS for vernalization (VERNDVS) reached at day 1984-06-13, but vernalization requirements not yet fulfilled. Forcing vernalization now (VERN=47.688571).
[2026-03-23 21:59:22,221][pcse.crop.phenology.Vernalisation][INFO] - Critical DVS for vernalization (VERNDVS) reached at day 1984-06-14, but vernalization requirements not yet fulfilled. Forcing vernalization now (VERN=47.688571).
[2026-03-23 21:59:22,237][pcse.crop.phenology.Vernalisation][INFO] - Critical DVS for vernalization (VERNDVS) reached at day 1984-06-15, but vernalization requirements not yet fulfilled. Forcing vernalization now (VERN=47.688571).
[2026-03-23 21:59:22,253][pcse.crop.phenology.Vernalisation][INFO] - Critical DVS for vernalization (VERNDVS) reached at day 1984-06-16, but vernalization requirements not yet fulfilled. Forcing vernalization now (VERN=47.688571).
[2026-03-23 21:59:22,269][pcse.crop.phenology.Vernalisation][INFO] - Critical DVS for vernalization (VERNDVS) reached at day 1984-06-17, but vernalization requirements not yet fulfilled. Forcing vernalization now (VERN=47.688571).
[2026-03-23 21:59:22,438][pcse.crop.phenology.Vernalisation][INFO] - Critical DVS for vernalization (VERNDVS) reached at day 1984-06-18, but vernalization requirements not yet fulfilled. Forcing vernalization now (VERN=47.688571).
[2026-03-23 21:59:22,456][pcse.crop.phenology.Vernalisation][INFO] - Critical DVS for vernalization (VERNDVS) reached at day 1984-06-19, but vernalization requirements not yet fulfilled. Forcing vernalization now (VERN=47.688571).
[2026-03-23 21:59:22,473][pcse.crop.phenology.Vernalisation][INFO] - Critical DVS for vernalization (VERNDVS) reached at day 1984-06-20, but vernalization requirements not yet fulfilled. Forcing vernalization now (VERN=47.688571).
[2026-03-23 21:59:22,491][pcse.crop.phenology.Vernalisation][INFO] - Critical DVS for vernalization (VERNDVS) reached at day 1984-06-21, but vernalization requirements not yet fulfilled. Forcing vernalization now (VERN=47.688571).
[2026-03-23 21:59:22,508][pcse.crop.phenology.Vernalisation][INFO] - Critical DVS for vernalization (VERNDVS) reached at day 1984-06-22, but vernalization requirements not yet fulfilled. Forcing vernalization now (VERN=47.688571).
[2026-03-23 21:59:22,525][pcse.crop.phenology.Vernalisation][INFO] - Critical DVS for vernalization (VERNDVS) reached at day 1984-06-23, but vernalization requirements not yet fulfilled. Forcing vernalization now (VERN=47.688571).
[2026-03-23 21:59:22,542][pcse.crop.phenology.Vernalisation][INFO] - Critical DVS for vernalization (VERNDVS) reached at day 1984-06-24, but vernalization requirements not yet fulfilled. Forcing vernalization now (VERN=47.688571).
[2026-03-23 21:59:22,558][pcse.crop.phenology.Vernalisation][INFO] - Critical DVS for vernalization (VERNDVS) reached at day 1984-06-25, but vernalization requirements not yet fulfilled. Forcing vernalization now (VERN=47.688571).
[2026-03-23 21:59:22,574][pcse.crop.phenology.Vernalisation][INFO] - Critical DVS for vernalization (VERNDVS) reached at day 1984-06-26, but vernalization requirements not yet fulfilled. Forcing vernalization now (VERN=47.688571).
[2026-03-23 21:59:22,590][pcse.crop.phenology.Vernalisation][INFO] - Critical DVS for vernalization (VERNDVS) reached at day 1984-06-27, but vernalization requirements not yet fulfilled. Forcing vernalization now (VERN=47.688571).
[2026-03-23 21:59:22,606][pcse.crop.phenology.Vernalisation][INFO] - Critical DVS for vernalization (VERNDVS) reached at day 1984-06-28, but vernalization requirements not yet fulfilled. Forcing vernalization now (VERN=47.688571).
[2026-03-23 21:59:22,621][pcse.crop.phenology.Vernalisation][INFO] - Critical DVS for vernalization (VERNDVS) reached at day 1984-06-29, but vernalization requirements not yet fulfilled. Forcing vernalization now (VERN=47.688571).
[2026-03-23 21:59:22,621][pcse.crop.phenology.Annual_Phenology][INFO] - Changed phenological stage 'vegetative' to 'reproductive' on 1984-06-29
[2026-03-23 21:59:23,804][pcse.crop.phenology.Annual_Phenology][INFO] - Changed phenological stage 'reproductive' to 'mature' on 1984-09-13
[2026-03-23 21:59:24,309][pcse.base.timer.Timer][INFO] - Reached end of simulation period as specified by END_DATE.
| train          | E: 105 | S: 25305 | R: -142.9348 | TR: 27.2508 | TF: 128 | LR: 128 | NR: 0 | D: 04.6 s | TD: 00.0 s | BR: -0.5855 | ALOSS: 7001.9983 | CLOSS: 1343289.3492 | TLOSS: -403.3193 | TVAL: 0.6182 | AENT: -653.3748 | BCLOSS: 0.0000
[EPISODE DBG] episode=105 step=25305 pred_return=-142.459005 true_return=44.905043 total_feedback=128 labeled_feedback=128
[2026-03-23 21:59:24,316][pcse.agromanager.SoilCalendar][INFO] - Starting soil (oregon) with variation (oregon_1) on day 1984-02-01
[2026-03-23 21:59:24,318][pcse.agromanager.CropCalendar][INFO] - Starting crop (wheat) with variety (wheat_1) on day 1984-02-01
[2026-03-23 21:59:25,454][pcse.crop.phenology.Annual_Phenology][INFO] - Changed phenological stage 'emerging' to 'vegetative' on 1984-04-10
[2026-03-23 21:59:26,419][pcse.crop.phenology.Vernalisation][INFO] - Critical DVS for vernalization (VERNDVS) reached at day 1984-06-02, but vernalization requirements not yet fulfilled. Forcing vernalization now (VERN=47.688571).
[2026-03-23 21:59:26,435][pcse.crop.phenology.Vernalisation][INFO] - Critical DVS for vernalization (VERNDVS) reached at day 1984-06-03, but vernalization requirements not yet fulfilled. Forcing vernalization now (VERN=47.688571).
[2026-03-23 21:59:26,450][pcse.crop.phenology.Vernalisation][INFO] - Critical DVS for vernalization (VERNDVS) reached at day 1984-06-04, but vernalization requirements not yet fulfilled. Forcing vernalization now (VERN=47.688571).
[2026-03-23 21:59:26,466][pcse.crop.phenology.Vernalisation][INFO] - Critical DVS for vernalization (VERNDVS) reached at day 1984-06-05, but vernalization requirements not yet fulfilled. Forcing vernalization now (VERN=47.688571).
[2026-03-23 21:59:26,482][pcse.crop.phenology.Vernalisation][INFO] - Critical DVS for vernalization (VERNDVS) reached at day 1984-06-06, but vernalization requirements not yet fulfilled. Forcing vernalization now (VERN=47.688571).
[2026-03-23 21:59:26,498][pcse.crop.phenology.Vernalisation][INFO] - Critical DVS for vernalization (VERNDVS) reached at day 1984-06-07, but vernalization requirements not yet fulfilled. Forcing vernalization now (VERN=47.688571).
[2026-03-23 21:59:26,515][pcse.crop.phenology.Vernalisation][INFO] - Critical DVS for vernalization (VERNDVS) reached at day 1984-06-08, but vernalization requirements not yet fulfilled. Forcing vernalization now (VERN=47.688571).
[2026-03-23 21:59:26,531][pcse.crop.phenology.Vernalisation][INFO] - Critical DVS for vernalization (VERNDVS) reached at day 1984-06-09, but vernalization requirements not yet fulfilled. Forcing vernalization now (VERN=47.688571).
[2026-03-23 21:59:26,546][pcse.crop.phenology.Vernalisation][INFO] - Critical DVS for vernalization (VERNDVS) reached at day 1984-06-10, but vernalization requirements not yet fulfilled. Forcing vernalization now (VERN=47.688571).
[2026-03-23 21:59:26,562][pcse.crop.phenology.Vernalisation][INFO] - Critical DVS for vernalization (VERNDVS) reached at day 1984-06-11, but vernalization requirements not yet fulfilled. Forcing vernalization now (VERN=47.688571).
[2026-03-23 21:59:26,578][pcse.crop.phenology.Vernalisation][INFO] - Critical DVS for vernalization (VERNDVS) reached at day 1984-06-12, but vernalization requirements not yet fulfilled. Forcing vernalization now (VERN=47.688571).
[2026-03-23 21:59:26,594][pcse.crop.phenology.Vernalisation][INFO] - Critical DVS for vernalization (VERNDVS) reached at day 1984-06-13, but vernalization requirements not yet fulfilled. Forcing vernalization now (VERN=47.688571).
[2026-03-23 21:59:26,610][pcse.crop.phenology.Vernalisation][INFO] - Critical DVS for vernalization (VERNDVS) reached at day 1984-06-14, but vernalization requirements not yet fulfilled. Forcing vernalization now (VERN=47.688571).
[2026-03-23 21:59:26,626][pcse.crop.phenology.Vernalisation][INFO] - Critical DVS for vernalization (VERNDVS) reached at day 1984-06-15, but vernalization requirements not yet fulfilled. Forcing vernalization now (VERN=47.688571).
[2026-03-23 21:59:26,642][pcse.crop.phenology.Vernalisation][INFO] - Critical DVS for vernalization (VERNDVS) reached at day 1984-06-16, but vernalization requirements not yet fulfilled. Forcing vernalization now (VERN=47.688571).
[2026-03-23 21:59:26,658][pcse.crop.phenology.Vernalisation][INFO] - Critical DVS for vernalization (VERNDVS) reached at day 1984-06-17, but vernalization requirements not yet fulfilled. Forcing vernalization now (VERN=47.688571).
[2026-03-23 21:59:26,674][pcse.crop.phenology.Vernalisation][INFO] - Critical DVS for vernalization (VERNDVS) reached at day 1984-06-18, but vernalization requirements not yet fulfilled. Forcing vernalization now (VERN=47.688571).
[2026-03-23 21:59:26,690][pcse.crop.phenology.Vernalisation][INFO] - Critical DVS for vernalization (VERNDVS) reached at day 1984-06-19, but vernalization requirements not yet fulfilled. Forcing vernalization now (VERN=47.688571).
[2026-03-23 21:59:26,706][pcse.crop.phenology.Vernalisation][INFO] - Critical DVS for vernalization (VERNDVS) reached at day 1984-06-20, but vernalization requirements not yet fulfilled. Forcing vernalization now (VERN=47.688571).
[2026-03-23 21:59:26,721][pcse.crop.phenology.Vernalisation][INFO] - Critical DVS for vernalization (VERNDVS) reached at day 1984-06-21, but vernalization requirements not yet fulfilled. Forcing vernalization now (VERN=47.688571).
[2026-03-23 21:59:26,737][pcse.crop.phenology.Vernalisation][INFO] - Critical DVS for vernalization (VERNDVS) reached at day 1984-06-22, but vernalization requirements not yet fulfilled. Forcing vernalization now (VERN=47.688571).
[2026-03-23 21:59:26,753][pcse.crop.phenology.Vernalisation][INFO] - Critical DVS for vernalization (VERNDVS) reached at day 1984-06-23, but vernalization requirements not yet fulfilled. Forcing vernalization now (VERN=47.688571).
[2026-03-23 21:59:26,768][pcse.crop.phenology.Vernalisation][INFO] - Critical DVS for vernalization (VERNDVS) reached at day 1984-06-24, but vernalization requirements not yet fulfilled. Forcing vernalization now (VERN=47.688571).
[2026-03-23 21:59:26,784][pcse.crop.phenology.Vernalisation][INFO] - Critical DVS for vernalization (VERNDVS) reached at day 1984-06-25, but vernalization requirements not yet fulfilled. Forcing vernalization now (VERN=47.688571).
[2026-03-23 21:59:26,800][pcse.crop.phenology.Vernalisation][INFO] - Critical DVS for vernalization (VERNDVS) reached at day 1984-06-26, but vernalization requirements not yet fulfilled. Forcing vernalization now (VERN=47.688571).
[2026-03-23 21:59:26,816][pcse.crop.phenology.Vernalisation][INFO] - Critical DVS for vernalization (VERNDVS) reached at day 1984-06-27, but vernalization requirements not yet fulfilled. Forcing vernalization now (VERN=47.688571).
[2026-03-23 21:59:26,832][pcse.crop.phenology.Vernalisation][INFO] - Critical DVS for vernalization (VERNDVS) reached at day 1984-06-28, but vernalization requirements not yet fulfilled. Forcing vernalization now (VERN=47.688571).
[2026-03-23 21:59:26,848][pcse.crop.phenology.Vernalisation][INFO] - Critical DVS for vernalization (VERNDVS) reached at day 1984-06-29, but vernalization requirements not yet fulfilled. Forcing vernalization now (VERN=47.688571).
[2026-03-23 21:59:26,849][pcse.crop.phenology.Annual_Phenology][INFO] - Changed phenological stage 'vegetative' to 'reproductive' on 1984-06-29
[REPLAY DBG] post-agent-update step=25500 n=25500 mean=-0.586033 std=0.901026 min=-2.242645 max=2.729301
[STEP DBG] step=25500 env_reward=0.589832 r_hat=-1.140318 done=False
[NORM DBG] count=25500 mean_abs_mean=62545.101562 mean_std=123.091324 min_std=0.001000 max_std=1588.247070
[2026-03-23 21:59:28,341][pcse.crop.phenology.Annual_Phenology][INFO] - Changed phenological stage 'reproductive' to 'mature' on 1984-09-13
[2026-03-23 21:59:28,605][pcse.base.timer.Timer][INFO] - Reached end of simulation period as specified by END_DATE.
| train          | E: 106 | S: 25546 | R: -142.4590 | TR: 44.9050 | TF: 128 | LR: 128 | NR: 0 | D: 04.3 s | TD: 00.0 s | BR: -0.5832 | ALOSS: 7191.9561 | CLOSS: 1339157.0606 | TLOSS: -402.6250 | TVAL: 0.6307 | AENT: -639.3951 | BCLOSS: 0.0000
[EPISODE DBG] episode=106 step=25546 pred_return=-139.524364 true_return=51.499815 total_feedback=128 labeled_feedback=128
[2026-03-23 21:59:28,612][pcse.agromanager.SoilCalendar][INFO] - Starting soil (oregon) with variation (oregon_1) on day 1984-02-01
[2026-03-23 21:59:28,614][pcse.agromanager.CropCalendar][INFO] - Starting crop (wheat) with variety (wheat_1) on day 1984-02-01
[2026-03-23 21:59:30,055][pcse.crop.phenology.Annual_Phenology][INFO] - Changed phenological stage 'emerging' to 'vegetative' on 1984-04-10
[2026-03-23 21:59:30,886][pcse.crop.phenology.Vernalisation][INFO] - Critical DVS for vernalization (VERNDVS) reached at day 1984-06-02, but vernalization requirements not yet fulfilled. Forcing vernalization now (VERN=47.688571).
[2026-03-23 21:59:30,902][pcse.crop.phenology.Vernalisation][INFO] - Critical DVS for vernalization (VERNDVS) reached at day 1984-06-03, but vernalization requirements not yet fulfilled. Forcing vernalization now (VERN=47.688571).
[2026-03-23 21:59:30,918][pcse.crop.phenology.Vernalisation][INFO] - Critical DVS for vernalization (VERNDVS) reached at day 1984-06-04, but vernalization requirements not yet fulfilled. Forcing vernalization now (VERN=47.688571).
[2026-03-23 21:59:30,934][pcse.crop.phenology.Vernalisation][INFO] - Critical DVS for vernalization (VERNDVS) reached at day 1984-06-05, but vernalization requirements not yet fulfilled. Forcing vernalization now (VERN=47.688571).
[2026-03-23 21:59:30,949][pcse.crop.phenology.Vernalisation][INFO] - Critical DVS for vernalization (VERNDVS) reached at day 1984-06-06, but vernalization requirements not yet fulfilled. Forcing vernalization now (VERN=47.688571).
[2026-03-23 21:59:30,965][pcse.crop.phenology.Vernalisation][INFO] - Critical DVS for vernalization (VERNDVS) reached at day 1984-06-07, but vernalization requirements not yet fulfilled. Forcing vernalization now (VERN=47.688571).
[2026-03-23 21:59:30,981][pcse.crop.phenology.Vernalisation][INFO] - Critical DVS for vernalization (VERNDVS) reached at day 1984-06-08, but vernalization requirements not yet fulfilled. Forcing vernalization now (VERN=47.688571).
[2026-03-23 21:59:30,997][pcse.crop.phenology.Vernalisation][INFO] - Critical DVS for vernalization (VERNDVS) reached at day 1984-06-09, but vernalization requirements not yet fulfilled. Forcing vernalization now (VERN=47.688571).
[2026-03-23 21:59:31,013][pcse.crop.phenology.Vernalisation][INFO] - Critical DVS for vernalization (VERNDVS) reached at day 1984-06-10, but vernalization requirements not yet fulfilled. Forcing vernalization now (VERN=47.688571).
[2026-03-23 21:59:31,029][pcse.crop.phenology.Vernalisation][INFO] - Critical DVS for vernalization (VERNDVS) reached at day 1984-06-11, but vernalization requirements not yet fulfilled. Forcing vernalization now (VERN=47.688571).
[2026-03-23 21:59:31,045][pcse.crop.phenology.Vernalisation][INFO] - Critical DVS for vernalization (VERNDVS) reached at day 1984-06-12, but vernalization requirements not yet fulfilled. Forcing vernalization now (VERN=47.688571).
[2026-03-23 21:59:31,060][pcse.crop.phenology.Vernalisation][INFO] - Critical DVS for vernalization (VERNDVS) reached at day 1984-06-13, but vernalization requirements not yet fulfilled. Forcing vernalization now (VERN=47.688571).
[2026-03-23 21:59:31,076][pcse.crop.phenology.Vernalisation][INFO] - Critical DVS for vernalization (VERNDVS) reached at day 1984-06-14, but vernalization requirements not yet fulfilled. Forcing vernalization now (VERN=47.688571).
[2026-03-23 21:59:31,092][pcse.crop.phenology.Vernalisation][INFO] - Critical DVS for vernalization (VERNDVS) reached at day 1984-06-15, but vernalization requirements not yet fulfilled. Forcing vernalization now (VERN=47.688571).
[2026-03-23 21:59:31,108][pcse.crop.phenology.Vernalisation][INFO] - Critical DVS for vernalization (VERNDVS) reached at day 1984-06-16, but vernalization requirements not yet fulfilled. Forcing vernalization now (VERN=47.688571).
[2026-03-23 21:59:31,123][pcse.crop.phenology.Vernalisation][INFO] - Critical DVS for vernalization (VERNDVS) reached at day 1984-06-17, but vernalization requirements not yet fulfilled. Forcing vernalization now (VERN=47.688571).
[2026-03-23 21:59:31,139][pcse.crop.phenology.Vernalisation][INFO] - Critical DVS for vernalization (VERNDVS) reached at day 1984-06-18, but vernalization requirements not yet fulfilled. Forcing vernalization now (VERN=47.688571).
[2026-03-23 21:59:31,155][pcse.crop.phenology.Vernalisation][INFO] - Critical DVS for vernalization (VERNDVS) reached at day 1984-06-19, but vernalization requirements not yet fulfilled. Forcing vernalization now (VERN=47.688571).
[2026-03-23 21:59:31,171][pcse.crop.phenology.Vernalisation][INFO] - Critical DVS for vernalization (VERNDVS) reached at day 1984-06-20, but vernalization requirements not yet fulfilled. Forcing vernalization now (VERN=47.688571).
[2026-03-23 21:59:31,187][pcse.crop.phenology.Vernalisation][INFO] - Critical DVS for vernalization (VERNDVS) reached at day 1984-06-21, but vernalization requirements not yet fulfilled. Forcing vernalization now (VERN=47.688571).
[2026-03-23 21:59:31,203][pcse.crop.phenology.Vernalisation][INFO] - Critical DVS for vernalization (VERNDVS) reached at day 1984-06-22, but vernalization requirements not yet fulfilled. Forcing vernalization now (VERN=47.688571).
[2026-03-23 21:59:31,218][pcse.crop.phenology.Vernalisation][INFO] - Critical DVS for vernalization (VERNDVS) reached at day 1984-06-23, but vernalization requirements not yet fulfilled. Forcing vernalization now (VERN=47.688571).
[2026-03-23 21:59:31,234][pcse.crop.phenology.Vernalisation][INFO] - Critical DVS for vernalization (VERNDVS) reached at day 1984-06-24, but vernalization requirements not yet fulfilled. Forcing vernalization now (VERN=47.688571).
[2026-03-23 21:59:31,251][pcse.crop.phenology.Vernalisation][INFO] - Critical DVS for vernalization (VERNDVS) reached at day 1984-06-25, but vernalization requirements not yet fulfilled. Forcing vernalization now (VERN=47.688571).
[2026-03-23 21:59:31,267][pcse.crop.phenology.Vernalisation][INFO] - Critical DVS for vernalization (VERNDVS) reached at day 1984-06-26, but vernalization requirements not yet fulfilled. Forcing vernalization now (VERN=47.688571).
[2026-03-23 21:59:31,284][pcse.crop.phenology.Vernalisation][INFO] - Critical DVS for vernalization (VERNDVS) reached at day 1984-06-27, but vernalization requirements not yet fulfilled. Forcing vernalization now (VERN=47.688571).
[2026-03-23 21:59:31,301][pcse.crop.phenology.Vernalisation][INFO] - Critical DVS for vernalization (VERNDVS) reached at day 1984-06-28, but vernalization requirements not yet fulfilled. Forcing vernalization now (VERN=47.688571).
[2026-03-23 21:59:31,317][pcse.crop.phenology.Vernalisation][INFO] - Critical DVS for vernalization (VERNDVS) reached at day 1984-06-29, but vernalization requirements not yet fulfilled. Forcing vernalization now (VERN=47.688571).
[2026-03-23 21:59:31,317][pcse.crop.phenology.Annual_Phenology][INFO] - Changed phenological stage 'vegetative' to 'reproductive' on 1984-06-29
[2026-03-23 21:59:32,685][pcse.crop.phenology.Annual_Phenology][INFO] - Changed phenological stage 'reproductive' to 'mature' on 1984-09-13
[2026-03-23 21:59:32,947][pcse.base.timer.Timer][INFO] - Reached end of simulation period as specified by END_DATE.
| train          | E: 107 | S: 25787 | R: -139.5244 | TR: 51.4998 | TF: 128 | LR: 128 | NR: 0 | D: 04.3 s | TD: 00.0 s | BR: -0.5862 | ALOSS: 7380.7647 | CLOSS: 1233504.9104 | TLOSS: -390.4020 | TVAL: 0.6433 | AENT: -608.0435 | BCLOSS: 0.0000
[EPISODE DBG] episode=107 step=25787 pred_return=-135.114268 true_return=57.718482 total_feedback=128 labeled_feedback=128
[2026-03-23 21:59:32,954][pcse.agromanager.SoilCalendar][INFO] - Starting soil (oregon) with variation (oregon_1) on day 1984-02-01
[2026-03-23 21:59:32,957][pcse.agromanager.CropCalendar][INFO] - Starting crop (wheat) with variety (wheat_1) on day 1984-02-01
[2026-03-23 21:59:34,397][pcse.crop.phenology.Annual_Phenology][INFO] - Changed phenological stage 'emerging' to 'vegetative' on 1984-04-10
[2026-03-23 21:59:35,409][pcse.crop.phenology.Vernalisation][INFO] - Critical DVS for vernalization (VERNDVS) reached at day 1984-06-02, but vernalization requirements not yet fulfilled. Forcing vernalization now (VERN=47.688571).
[2026-03-23 21:59:35,425][pcse.crop.phenology.Vernalisation][INFO] - Critical DVS for vernalization (VERNDVS) reached at day 1984-06-03, but vernalization requirements not yet fulfilled. Forcing vernalization now (VERN=47.688571).
[2026-03-23 21:59:35,440][pcse.crop.phenology.Vernalisation][INFO] - Critical DVS for vernalization (VERNDVS) reached at day 1984-06-04, but vernalization requirements not yet fulfilled. Forcing vernalization now (VERN=47.688571).
[2026-03-23 21:59:35,456][pcse.crop.phenology.Vernalisation][INFO] - Critical DVS for vernalization (VERNDVS) reached at day 1984-06-05, but vernalization requirements not yet fulfilled. Forcing vernalization now (VERN=47.688571).
[2026-03-23 21:59:35,472][pcse.crop.phenology.Vernalisation][INFO] - Critical DVS for vernalization (VERNDVS) reached at day 1984-06-06, but vernalization requirements not yet fulfilled. Forcing vernalization now (VERN=47.688571).
[2026-03-23 21:59:35,488][pcse.crop.phenology.Vernalisation][INFO] - Critical DVS for vernalization (VERNDVS) reached at day 1984-06-07, but vernalization requirements not yet fulfilled. Forcing vernalization now (VERN=47.688571).
[2026-03-23 21:59:35,504][pcse.crop.phenology.Vernalisation][INFO] - Critical DVS for vernalization (VERNDVS) reached at day 1984-06-08, but vernalization requirements not yet fulfilled. Forcing vernalization now (VERN=47.688571).
[2026-03-23 21:59:35,521][pcse.crop.phenology.Vernalisation][INFO] - Critical DVS for vernalization (VERNDVS) reached at day 1984-06-09, but vernalization requirements not yet fulfilled. Forcing vernalization now (VERN=47.688571).
[2026-03-23 21:59:35,536][pcse.crop.phenology.Vernalisation][INFO] - Critical DVS for vernalization (VERNDVS) reached at day 1984-06-10, but vernalization requirements not yet fulfilled. Forcing vernalization now (VERN=47.688571).
[2026-03-23 21:59:35,552][pcse.crop.phenology.Vernalisation][INFO] - Critical DVS for vernalization (VERNDVS) reached at day 1984-06-11, but vernalization requirements not yet fulfilled. Forcing vernalization now (VERN=47.688571).
[2026-03-23 21:59:35,568][pcse.crop.phenology.Vernalisation][INFO] - Critical DVS for vernalization (VERNDVS) reached at day 1984-06-12, but vernalization requirements not yet fulfilled. Forcing vernalization now (VERN=47.688571).
[2026-03-23 21:59:35,584][pcse.crop.phenology.Vernalisation][INFO] - Critical DVS for vernalization (VERNDVS) reached at day 1984-06-13, but vernalization requirements not yet fulfilled. Forcing vernalization now (VERN=47.688571).
[2026-03-23 21:59:35,601][pcse.crop.phenology.Vernalisation][INFO] - Critical DVS for vernalization (VERNDVS) reached at day 1984-06-14, but vernalization requirements not yet fulfilled. Forcing vernalization now (VERN=47.688571).
[2026-03-23 21:59:35,617][pcse.crop.phenology.Vernalisation][INFO] - Critical DVS for vernalization (VERNDVS) reached at day 1984-06-15, but vernalization requirements not yet fulfilled. Forcing vernalization now (VERN=47.688571).
[2026-03-23 21:59:35,632][pcse.crop.phenology.Vernalisation][INFO] - Critical DVS for vernalization (VERNDVS) reached at day 1984-06-16, but vernalization requirements not yet fulfilled. Forcing vernalization now (VERN=47.688571).
[2026-03-23 21:59:35,648][pcse.crop.phenology.Vernalisation][INFO] - Critical DVS for vernalization (VERNDVS) reached at day 1984-06-17, but vernalization requirements not yet fulfilled. Forcing vernalization now (VERN=47.688571).
[2026-03-23 21:59:35,664][pcse.crop.phenology.Vernalisation][INFO] - Critical DVS for vernalization (VERNDVS) reached at day 1984-06-18, but vernalization requirements not yet fulfilled. Forcing vernalization now (VERN=47.688571).
[2026-03-23 21:59:35,680][pcse.crop.phenology.Vernalisation][INFO] - Critical DVS for vernalization (VERNDVS) reached at day 1984-06-19, but vernalization requirements not yet fulfilled. Forcing vernalization now (VERN=47.688571).
[2026-03-23 21:59:35,696][pcse.crop.phenology.Vernalisation][INFO] - Critical DVS for vernalization (VERNDVS) reached at day 1984-06-20, but vernalization requirements not yet fulfilled. Forcing vernalization now (VERN=47.688571).
[2026-03-23 21:59:35,711][pcse.crop.phenology.Vernalisation][INFO] - Critical DVS for vernalization (VERNDVS) reached at day 1984-06-21, but vernalization requirements not yet fulfilled. Forcing vernalization now (VERN=47.688571).
[2026-03-23 21:59:35,728][pcse.crop.phenology.Vernalisation][INFO] - Critical DVS for vernalization (VERNDVS) reached at day 1984-06-22, but vernalization requirements not yet fulfilled. Forcing vernalization now (VERN=47.688571).
[2026-03-23 21:59:35,744][pcse.crop.phenology.Vernalisation][INFO] - Critical DVS for vernalization (VERNDVS) reached at day 1984-06-23, but vernalization requirements not yet fulfilled. Forcing vernalization now (VERN=47.688571).
[2026-03-23 21:59:35,760][pcse.crop.phenology.Vernalisation][INFO] - Critical DVS for vernalization (VERNDVS) reached at day 1984-06-24, but vernalization requirements not yet fulfilled. Forcing vernalization now (VERN=47.688571).
[2026-03-23 21:59:35,775][pcse.crop.phenology.Vernalisation][INFO] - Critical DVS for vernalization (VERNDVS) reached at day 1984-06-25, but vernalization requirements not yet fulfilled. Forcing vernalization now (VERN=47.688571).
[2026-03-23 21:59:35,791][pcse.crop.phenology.Vernalisation][INFO] - Critical DVS for vernalization (VERNDVS) reached at day 1984-06-26, but vernalization requirements not yet fulfilled. Forcing vernalization now (VERN=47.688571).
[2026-03-23 21:59:35,807][pcse.crop.phenology.Vernalisation][INFO] - Critical DVS for vernalization (VERNDVS) reached at day 1984-06-27, but vernalization requirements not yet fulfilled. Forcing vernalization now (VERN=47.688571).
[2026-03-23 21:59:35,824][pcse.crop.phenology.Vernalisation][INFO] - Critical DVS for vernalization (VERNDVS) reached at day 1984-06-28, but vernalization requirements not yet fulfilled. Forcing vernalization now (VERN=47.688571).
[2026-03-23 21:59:35,839][pcse.crop.phenology.Vernalisation][INFO] - Critical DVS for vernalization (VERNDVS) reached at day 1984-06-29, but vernalization requirements not yet fulfilled. Forcing vernalization now (VERN=47.688571).
[2026-03-23 21:59:35,840][pcse.crop.phenology.Annual_Phenology][INFO] - Changed phenological stage 'vegetative' to 'reproductive' on 1984-06-29
[REPLAY DBG] post-agent-update step=26000 n=26000 mean=-0.585934 std=0.895607 min=-2.242645 max=2.729301
[STEP DBG] step=26000 env_reward=0.481666 r_hat=-1.136415 done=False
[NORM DBG] count=26000 mean_abs_mean=62544.578125 mean_std=122.065376 min_std=0.001000 max_std=1573.733398
[2026-03-23 21:59:37,213][pcse.crop.phenology.Annual_Phenology][INFO] - Changed phenological stage 'reproductive' to 'mature' on 1984-09-13
[2026-03-23 21:59:37,479][pcse.base.timer.Timer][INFO] - Reached end of simulation period as specified by END_DATE.
| train          | E: 108 | S: 26028 | R: -135.1143 | TR: 57.7185 | TF: 128 | LR: 128 | NR: 0 | D: 04.5 s | TD: 00.0 s | BR: -0.5850 | ALOSS: 7553.7436 | CLOSS: 799190.0877 | TLOSS: -403.5421 | TVAL: 0.6559 | AENT: -616.2870 | BCLOSS: 0.0000
[EPISODE DBG] episode=108 step=26028 pred_return=-134.496588 true_return=42.954051 total_feedback=128 labeled_feedback=128
[2026-03-23 21:59:37,486][pcse.agromanager.SoilCalendar][INFO] - Starting soil (oregon) with variation (oregon_1) on day 1984-02-01
[2026-03-23 21:59:37,489][pcse.agromanager.CropCalendar][INFO] - Starting crop (wheat) with variety (wheat_1) on day 1984-02-01
[2026-03-23 21:59:38,735][pcse.crop.phenology.Annual_Phenology][INFO] - Changed phenological stage 'emerging' to 'vegetative' on 1984-04-10
[2026-03-23 21:59:39,756][pcse.crop.phenology.Vernalisation][INFO] - Critical DVS for vernalization (VERNDVS) reached at day 1984-06-02, but vernalization requirements not yet fulfilled. Forcing vernalization now (VERN=47.688571).
[2026-03-23 21:59:39,771][pcse.crop.phenology.Vernalisation][INFO] - Critical DVS for vernalization (VERNDVS) reached at day 1984-06-03, but vernalization requirements not yet fulfilled. Forcing vernalization now (VERN=47.688571).
[2026-03-23 21:59:39,787][pcse.crop.phenology.Vernalisation][INFO] - Critical DVS for vernalization (VERNDVS) reached at day 1984-06-04, but vernalization requirements not yet fulfilled. Forcing vernalization now (VERN=47.688571).
[2026-03-23 21:59:39,802][pcse.crop.phenology.Vernalisation][INFO] - Critical DVS for vernalization (VERNDVS) reached at day 1984-06-05, but vernalization requirements not yet fulfilled. Forcing vernalization now (VERN=47.688571).
[2026-03-23 21:59:39,818][pcse.crop.phenology.Vernalisation][INFO] - Critical DVS for vernalization (VERNDVS) reached at day 1984-06-06, but vernalization requirements not yet fulfilled. Forcing vernalization now (VERN=47.688571).
[2026-03-23 21:59:39,834][pcse.crop.phenology.Vernalisation][INFO] - Critical DVS for vernalization (VERNDVS) reached at day 1984-06-07, but vernalization requirements not yet fulfilled. Forcing vernalization now (VERN=47.688571).
[2026-03-23 21:59:39,849][pcse.crop.phenology.Vernalisation][INFO] - Critical DVS for vernalization (VERNDVS) reached at day 1984-06-08, but vernalization requirements not yet fulfilled. Forcing vernalization now (VERN=47.688571).
[2026-03-23 21:59:39,865][pcse.crop.phenology.Vernalisation][INFO] - Critical DVS for vernalization (VERNDVS) reached at day 1984-06-09, but vernalization requirements not yet fulfilled. Forcing vernalization now (VERN=47.688571).
[2026-03-23 21:59:39,881][pcse.crop.phenology.Vernalisation][INFO] - Critical DVS for vernalization (VERNDVS) reached at day 1984-06-10, but vernalization requirements not yet fulfilled. Forcing vernalization now (VERN=47.688571).
[2026-03-23 21:59:39,896][pcse.crop.phenology.Vernalisation][INFO] - Critical DVS for vernalization (VERNDVS) reached at day 1984-06-11, but vernalization requirements not yet fulfilled. Forcing vernalization now (VERN=47.688571).
[2026-03-23 21:59:39,912][pcse.crop.phenology.Vernalisation][INFO] - Critical DVS for vernalization (VERNDVS) reached at day 1984-06-12, but vernalization requirements not yet fulfilled. Forcing vernalization now (VERN=47.688571).
[2026-03-23 21:59:39,928][pcse.crop.phenology.Vernalisation][INFO] - Critical DVS for vernalization (VERNDVS) reached at day 1984-06-13, but vernalization requirements not yet fulfilled. Forcing vernalization now (VERN=47.688571).
[2026-03-23 21:59:39,943][pcse.crop.phenology.Vernalisation][INFO] - Critical DVS for vernalization (VERNDVS) reached at day 1984-06-14, but vernalization requirements not yet fulfilled. Forcing vernalization now (VERN=47.688571).
[2026-03-23 21:59:39,959][pcse.crop.phenology.Vernalisation][INFO] - Critical DVS for vernalization (VERNDVS) reached at day 1984-06-15, but vernalization requirements not yet fulfilled. Forcing vernalization now (VERN=47.688571).
[2026-03-23 21:59:39,975][pcse.crop.phenology.Vernalisation][INFO] - Critical DVS for vernalization (VERNDVS) reached at day 1984-06-16, but vernalization requirements not yet fulfilled. Forcing vernalization now (VERN=47.688571).
[2026-03-23 21:59:39,990][pcse.crop.phenology.Vernalisation][INFO] - Critical DVS for vernalization (VERNDVS) reached at day 1984-06-17, but vernalization requirements not yet fulfilled. Forcing vernalization now (VERN=47.688571).
[2026-03-23 21:59:40,006][pcse.crop.phenology.Vernalisation][INFO] - Critical DVS for vernalization (VERNDVS) reached at day 1984-06-18, but vernalization requirements not yet fulfilled. Forcing vernalization now (VERN=47.688571).
[2026-03-23 21:59:40,021][pcse.crop.phenology.Vernalisation][INFO] - Critical DVS for vernalization (VERNDVS) reached at day 1984-06-19, but vernalization requirements not yet fulfilled. Forcing vernalization now (VERN=47.688571).
[2026-03-23 21:59:40,037][pcse.crop.phenology.Vernalisation][INFO] - Critical DVS for vernalization (VERNDVS) reached at day 1984-06-20, but vernalization requirements not yet fulfilled. Forcing vernalization now (VERN=47.688571).
[2026-03-23 21:59:40,052][pcse.crop.phenology.Vernalisation][INFO] - Critical DVS for vernalization (VERNDVS) reached at day 1984-06-21, but vernalization requirements not yet fulfilled. Forcing vernalization now (VERN=47.688571).
[2026-03-23 21:59:40,068][pcse.crop.phenology.Vernalisation][INFO] - Critical DVS for vernalization (VERNDVS) reached at day 1984-06-22, but vernalization requirements not yet fulfilled. Forcing vernalization now (VERN=47.688571).
[2026-03-23 21:59:40,083][pcse.crop.phenology.Vernalisation][INFO] - Critical DVS for vernalization (VERNDVS) reached at day 1984-06-23, but vernalization requirements not yet fulfilled. Forcing vernalization now (VERN=47.688571).
[2026-03-23 21:59:40,099][pcse.crop.phenology.Vernalisation][INFO] - Critical DVS for vernalization (VERNDVS) reached at day 1984-06-24, but vernalization requirements not yet fulfilled. Forcing vernalization now (VERN=47.688571).
[2026-03-23 21:59:40,115][pcse.crop.phenology.Vernalisation][INFO] - Critical DVS for vernalization (VERNDVS) reached at day 1984-06-25, but vernalization requirements not yet fulfilled. Forcing vernalization now (VERN=47.688571).
[2026-03-23 21:59:40,131][pcse.crop.phenology.Vernalisation][INFO] - Critical DVS for vernalization (VERNDVS) reached at day 1984-06-26, but vernalization requirements not yet fulfilled. Forcing vernalization now (VERN=47.688571).
[2026-03-23 21:59:40,147][pcse.crop.phenology.Vernalisation][INFO] - Critical DVS for vernalization (VERNDVS) reached at day 1984-06-27, but vernalization requirements not yet fulfilled. Forcing vernalization now (VERN=47.688571).
[2026-03-23 21:59:40,163][pcse.crop.phenology.Vernalisation][INFO] - Critical DVS for vernalization (VERNDVS) reached at day 1984-06-28, but vernalization requirements not yet fulfilled. Forcing vernalization now (VERN=47.688571).
[2026-03-23 21:59:40,179][pcse.crop.phenology.Vernalisation][INFO] - Critical DVS for vernalization (VERNDVS) reached at day 1984-06-29, but vernalization requirements not yet fulfilled. Forcing vernalization now (VERN=47.688571).
[2026-03-23 21:59:40,179][pcse.crop.phenology.Annual_Phenology][INFO] - Changed phenological stage 'vegetative' to 'reproductive' on 1984-06-29
[2026-03-23 21:59:41,563][pcse.crop.phenology.Annual_Phenology][INFO] - Changed phenological stage 'reproductive' to 'mature' on 1984-09-13
[2026-03-23 21:59:41,831][pcse.base.timer.Timer][INFO] - Reached end of simulation period as specified by END_DATE.
| train          | E: 109 | S: 26269 | R: -134.4966 | TR: 42.9541 | TF: 128 | LR: 128 | NR: 0 | D: 04.4 s | TD: 00.0 s | BR: -0.5873 | ALOSS: 7729.7977 | CLOSS: 723568.0048 | TLOSS: -404.4157 | TVAL: 0.6694 | AENT: -605.2137 | BCLOSS: 0.0000
[EPISODE DBG] episode=109 step=26269 pred_return=-135.636921 true_return=22.107560 total_feedback=128 labeled_feedback=128
[2026-03-23 21:59:41,838][pcse.agromanager.SoilCalendar][INFO] - Starting soil (oregon) with variation (oregon_1) on day 1984-02-01
[2026-03-23 21:59:41,841][pcse.agromanager.CropCalendar][INFO] - Starting crop (wheat) with variety (wheat_1) on day 1984-02-01
[2026-03-23 21:59:43,262][pcse.crop.phenology.Annual_Phenology][INFO] - Changed phenological stage 'emerging' to 'vegetative' on 1984-04-10
[2026-03-23 21:59:44,088][pcse.crop.phenology.Vernalisation][INFO] - Critical DVS for vernalization (VERNDVS) reached at day 1984-06-02, but vernalization requirements not yet fulfilled. Forcing vernalization now (VERN=47.688571).
[2026-03-23 21:59:44,104][pcse.crop.phenology.Vernalisation][INFO] - Critical DVS for vernalization (VERNDVS) reached at day 1984-06-03, but vernalization requirements not yet fulfilled. Forcing vernalization now (VERN=47.688571).
[2026-03-23 21:59:44,120][pcse.crop.phenology.Vernalisation][INFO] - Critical DVS for vernalization (VERNDVS) reached at day 1984-06-04, but vernalization requirements not yet fulfilled. Forcing vernalization now (VERN=47.688571).
[2026-03-23 21:59:44,136][pcse.crop.phenology.Vernalisation][INFO] - Critical DVS for vernalization (VERNDVS) reached at day 1984-06-05, but vernalization requirements not yet fulfilled. Forcing vernalization now (VERN=47.688571).
[2026-03-23 21:59:44,152][pcse.crop.phenology.Vernalisation][INFO] - Critical DVS for vernalization (VERNDVS) reached at day 1984-06-06, but vernalization requirements not yet fulfilled. Forcing vernalization now (VERN=47.688571).
[2026-03-23 21:59:44,167][pcse.crop.phenology.Vernalisation][INFO] - Critical DVS for vernalization (VERNDVS) reached at day 1984-06-07, but vernalization requirements not yet fulfilled. Forcing vernalization now (VERN=47.688571).
[2026-03-23 21:59:44,183][pcse.crop.phenology.Vernalisation][INFO] - Critical DVS for vernalization (VERNDVS) reached at day 1984-06-08, but vernalization requirements not yet fulfilled. Forcing vernalization now (VERN=47.688571).
[2026-03-23 21:59:44,198][pcse.crop.phenology.Vernalisation][INFO] - Critical DVS for vernalization (VERNDVS) reached at day 1984-06-09, but vernalization requirements not yet fulfilled. Forcing vernalization now (VERN=47.688571).
[2026-03-23 21:59:44,214][pcse.crop.phenology.Vernalisation][INFO] - Critical DVS for vernalization (VERNDVS) reached at day 1984-06-10, but vernalization requirements not yet fulfilled. Forcing vernalization now (VERN=47.688571).
[2026-03-23 21:59:44,230][pcse.crop.phenology.Vernalisation][INFO] - Critical DVS for vernalization (VERNDVS) reached at day 1984-06-11, but vernalization requirements not yet fulfilled. Forcing vernalization now (VERN=47.688571).
[2026-03-23 21:59:44,247][pcse.crop.phenology.Vernalisation][INFO] - Critical DVS for vernalization (VERNDVS) reached at day 1984-06-12, but vernalization requirements not yet fulfilled. Forcing vernalization now (VERN=47.688571).
[2026-03-23 21:59:44,439][pcse.crop.phenology.Vernalisation][INFO] - Critical DVS for vernalization (VERNDVS) reached at day 1984-06-13, but vernalization requirements not yet fulfilled. Forcing vernalization now (VERN=47.688571).
[2026-03-23 21:59:44,458][pcse.crop.phenology.Vernalisation][INFO] - Critical DVS for vernalization (VERNDVS) reached at day 1984-06-14, but vernalization requirements not yet fulfilled. Forcing vernalization now (VERN=47.688571).
[2026-03-23 21:59:44,476][pcse.crop.phenology.Vernalisation][INFO] - Critical DVS for vernalization (VERNDVS) reached at day 1984-06-15, but vernalization requirements not yet fulfilled. Forcing vernalization now (VERN=47.688571).
[2026-03-23 21:59:44,495][pcse.crop.phenology.Vernalisation][INFO] - Critical DVS for vernalization (VERNDVS) reached at day 1984-06-16, but vernalization requirements not yet fulfilled. Forcing vernalization now (VERN=47.688571).
[2026-03-23 21:59:44,513][pcse.crop.phenology.Vernalisation][INFO] - Critical DVS for vernalization (VERNDVS) reached at day 1984-06-17, but vernalization requirements not yet fulfilled. Forcing vernalization now (VERN=47.688571).
[2026-03-23 21:59:44,530][pcse.crop.phenology.Vernalisation][INFO] - Critical DVS for vernalization (VERNDVS) reached at day 1984-06-18, but vernalization requirements not yet fulfilled. Forcing vernalization now (VERN=47.688571).
[2026-03-23 21:59:44,546][pcse.crop.phenology.Vernalisation][INFO] - Critical DVS for vernalization (VERNDVS) reached at day 1984-06-19, but vernalization requirements not yet fulfilled. Forcing vernalization now (VERN=47.688571).
[2026-03-23 21:59:44,562][pcse.crop.phenology.Vernalisation][INFO] - Critical DVS for vernalization (VERNDVS) reached at day 1984-06-20, but vernalization requirements not yet fulfilled. Forcing vernalization now (VERN=47.688571).
[2026-03-23 21:59:44,579][pcse.crop.phenology.Vernalisation][INFO] - Critical DVS for vernalization (VERNDVS) reached at day 1984-06-21, but vernalization requirements not yet fulfilled. Forcing vernalization now (VERN=47.688571).
[2026-03-23 21:59:44,595][pcse.crop.phenology.Vernalisation][INFO] - Critical DVS for vernalization (VERNDVS) reached at day 1984-06-22, but vernalization requirements not yet fulfilled. Forcing vernalization now (VERN=47.688571).
[2026-03-23 21:59:44,610][pcse.crop.phenology.Vernalisation][INFO] - Critical DVS for vernalization (VERNDVS) reached at day 1984-06-23, but vernalization requirements not yet fulfilled. Forcing vernalization now (VERN=47.688571).
[2026-03-23 21:59:44,626][pcse.crop.phenology.Vernalisation][INFO] - Critical DVS for vernalization (VERNDVS) reached at day 1984-06-24, but vernalization requirements not yet fulfilled. Forcing vernalization now (VERN=47.688571).
[2026-03-23 21:59:44,642][pcse.crop.phenology.Vernalisation][INFO] - Critical DVS for vernalization (VERNDVS) reached at day 1984-06-25, but vernalization requirements not yet fulfilled. Forcing vernalization now (VERN=47.688571).
[2026-03-23 21:59:44,658][pcse.crop.phenology.Vernalisation][INFO] - Critical DVS for vernalization (VERNDVS) reached at day 1984-06-26, but vernalization requirements not yet fulfilled. Forcing vernalization now (VERN=47.688571).
[2026-03-23 21:59:44,675][pcse.crop.phenology.Vernalisation][INFO] - Critical DVS for vernalization (VERNDVS) reached at day 1984-06-27, but vernalization requirements not yet fulfilled. Forcing vernalization now (VERN=47.688571).
[2026-03-23 21:59:44,691][pcse.crop.phenology.Vernalisation][INFO] - Critical DVS for vernalization (VERNDVS) reached at day 1984-06-28, but vernalization requirements not yet fulfilled. Forcing vernalization now (VERN=47.688571).
[2026-03-23 21:59:44,707][pcse.crop.phenology.Vernalisation][INFO] - Critical DVS for vernalization (VERNDVS) reached at day 1984-06-29, but vernalization requirements not yet fulfilled. Forcing vernalization now (VERN=47.688571).
[2026-03-23 21:59:44,707][pcse.crop.phenology.Annual_Phenology][INFO] - Changed phenological stage 'vegetative' to 'reproductive' on 1984-06-29
[2026-03-23 21:59:45,919][pcse.crop.phenology.Annual_Phenology][INFO] - Changed phenological stage 'reproductive' to 'mature' on 1984-09-13
[REPLAY DBG] post-agent-update step=26500 n=26500 mean=-0.586091 std=0.890372 min=-2.242645 max=2.729301
[STEP DBG] step=26500 env_reward=0.298712 r_hat=-1.238341 done=False
[NORM DBG] count=26500 mean_abs_mean=62544.074219 mean_std=121.068459 min_std=0.001000 max_std=1559.605103
[2026-03-23 21:59:46,377][pcse.base.timer.Timer][INFO] - Reached end of simulation period as specified by END_DATE.
| train          | E: 110 | S: 26510 | R: -135.6369 | TR: 22.1076 | TF: 128 | LR: 128 | NR: 0 | D: 04.5 s | TD: 00.0 s | BR: -0.5858 | ALOSS: 7923.9549 | CLOSS: 1119094.7251 | TLOSS: -401.0324 | TVAL: 0.6833 | AENT: -587.9182 | BCLOSS: 0.0000
[EPISODE DBG] episode=110 step=26510 pred_return=-138.887582 true_return=27.250778 total_feedback=128 labeled_feedback=128
[2026-03-23 21:59:46,384][pcse.agromanager.SoilCalendar][INFO] - Starting soil (oregon) with variation (oregon_1) on day 1984-02-01
[2026-03-23 21:59:46,387][pcse.agromanager.CropCalendar][INFO] - Starting crop (wheat) with variety (wheat_1) on day 1984-02-01
[2026-03-23 21:59:47,654][pcse.crop.phenology.Annual_Phenology][INFO] - Changed phenological stage 'emerging' to 'vegetative' on 1984-04-10
[2026-03-23 21:59:48,666][pcse.crop.phenology.Vernalisation][INFO] - Critical DVS for vernalization (VERNDVS) reached at day 1984-06-02, but vernalization requirements not yet fulfilled. Forcing vernalization now (VERN=47.688571).
[2026-03-23 21:59:48,682][pcse.crop.phenology.Vernalisation][INFO] - Critical DVS for vernalization (VERNDVS) reached at day 1984-06-03, but vernalization requirements not yet fulfilled. Forcing vernalization now (VERN=47.688571).
[2026-03-23 21:59:48,697][pcse.crop.phenology.Vernalisation][INFO] - Critical DVS for vernalization (VERNDVS) reached at day 1984-06-04, but vernalization requirements not yet fulfilled. Forcing vernalization now (VERN=47.688571).
[2026-03-23 21:59:48,713][pcse.crop.phenology.Vernalisation][INFO] - Critical DVS for vernalization (VERNDVS) reached at day 1984-06-05, but vernalization requirements not yet fulfilled. Forcing vernalization now (VERN=47.688571).
[2026-03-23 21:59:48,729][pcse.crop.phenology.Vernalisation][INFO] - Critical DVS for vernalization (VERNDVS) reached at day 1984-06-06, but vernalization requirements not yet fulfilled. Forcing vernalization now (VERN=47.688571).
[2026-03-23 21:59:48,744][pcse.crop.phenology.Vernalisation][INFO] - Critical DVS for vernalization (VERNDVS) reached at day 1984-06-07, but vernalization requirements not yet fulfilled. Forcing vernalization now (VERN=47.688571).
[2026-03-23 21:59:48,760][pcse.crop.phenology.Vernalisation][INFO] - Critical DVS for vernalization (VERNDVS) reached at day 1984-06-08, but vernalization requirements not yet fulfilled. Forcing vernalization now (VERN=47.688571).
[2026-03-23 21:59:48,776][pcse.crop.phenology.Vernalisation][INFO] - Critical DVS for vernalization (VERNDVS) reached at day 1984-06-09, but vernalization requirements not yet fulfilled. Forcing vernalization now (VERN=47.688571).
[2026-03-23 21:59:48,792][pcse.crop.phenology.Vernalisation][INFO] - Critical DVS for vernalization (VERNDVS) reached at day 1984-06-10, but vernalization requirements not yet fulfilled. Forcing vernalization now (VERN=47.688571).
[2026-03-23 21:59:48,808][pcse.crop.phenology.Vernalisation][INFO] - Critical DVS for vernalization (VERNDVS) reached at day 1984-06-11, but vernalization requirements not yet fulfilled. Forcing vernalization now (VERN=47.688571).
[2026-03-23 21:59:48,823][pcse.crop.phenology.Vernalisation][INFO] - Critical DVS for vernalization (VERNDVS) reached at day 1984-06-12, but vernalization requirements not yet fulfilled. Forcing vernalization now (VERN=47.688571).
[2026-03-23 21:59:48,839][pcse.crop.phenology.Vernalisation][INFO] - Critical DVS for vernalization (VERNDVS) reached at day 1984-06-13, but vernalization requirements not yet fulfilled. Forcing vernalization now (VERN=47.688571).
[2026-03-23 21:59:48,855][pcse.crop.phenology.Vernalisation][INFO] - Critical DVS for vernalization (VERNDVS) reached at day 1984-06-14, but vernalization requirements not yet fulfilled. Forcing vernalization now (VERN=47.688571).
[2026-03-23 21:59:48,871][pcse.crop.phenology.Vernalisation][INFO] - Critical DVS for vernalization (VERNDVS) reached at day 1984-06-15, but vernalization requirements not yet fulfilled. Forcing vernalization now (VERN=47.688571).
[2026-03-23 21:59:48,886][pcse.crop.phenology.Vernalisation][INFO] - Critical DVS for vernalization (VERNDVS) reached at day 1984-06-16, but vernalization requirements not yet fulfilled. Forcing vernalization now (VERN=47.688571).
[2026-03-23 21:59:48,902][pcse.crop.phenology.Vernalisation][INFO] - Critical DVS for vernalization (VERNDVS) reached at day 1984-06-17, but vernalization requirements not yet fulfilled. Forcing vernalization now (VERN=47.688571).
[2026-03-23 21:59:48,918][pcse.crop.phenology.Vernalisation][INFO] - Critical DVS for vernalization (VERNDVS) reached at day 1984-06-18, but vernalization requirements not yet fulfilled. Forcing vernalization now (VERN=47.688571).
[2026-03-23 21:59:48,934][pcse.crop.phenology.Vernalisation][INFO] - Critical DVS for vernalization (VERNDVS) reached at day 1984-06-19, but vernalization requirements not yet fulfilled. Forcing vernalization now (VERN=47.688571).
[2026-03-23 21:59:48,950][pcse.crop.phenology.Vernalisation][INFO] - Critical DVS for vernalization (VERNDVS) reached at day 1984-06-20, but vernalization requirements not yet fulfilled. Forcing vernalization now (VERN=47.688571).
[2026-03-23 21:59:48,965][pcse.crop.phenology.Vernalisation][INFO] - Critical DVS for vernalization (VERNDVS) reached at day 1984-06-21, but vernalization requirements not yet fulfilled. Forcing vernalization now (VERN=47.688571).
[2026-03-23 21:59:48,981][pcse.crop.phenology.Vernalisation][INFO] - Critical DVS for vernalization (VERNDVS) reached at day 1984-06-22, but vernalization requirements not yet fulfilled. Forcing vernalization now (VERN=47.688571).
[2026-03-23 21:59:48,997][pcse.crop.phenology.Vernalisation][INFO] - Critical DVS for vernalization (VERNDVS) reached at day 1984-06-23, but vernalization requirements not yet fulfilled. Forcing vernalization now (VERN=47.688571).
[2026-03-23 21:59:49,013][pcse.crop.phenology.Vernalisation][INFO] - Critical DVS for vernalization (VERNDVS) reached at day 1984-06-24, but vernalization requirements not yet fulfilled. Forcing vernalization now (VERN=47.688571).
[2026-03-23 21:59:49,029][pcse.crop.phenology.Vernalisation][INFO] - Critical DVS for vernalization (VERNDVS) reached at day 1984-06-25, but vernalization requirements not yet fulfilled. Forcing vernalization now (VERN=47.688571).
[2026-03-23 21:59:49,045][pcse.crop.phenology.Vernalisation][INFO] - Critical DVS for vernalization (VERNDVS) reached at day 1984-06-26, but vernalization requirements not yet fulfilled. Forcing vernalization now (VERN=47.688571).
[2026-03-23 21:59:49,060][pcse.crop.phenology.Vernalisation][INFO] - Critical DVS for vernalization (VERNDVS) reached at day 1984-06-27, but vernalization requirements not yet fulfilled. Forcing vernalization now (VERN=47.688571).
[2026-03-23 21:59:49,076][pcse.crop.phenology.Vernalisation][INFO] - Critical DVS for vernalization (VERNDVS) reached at day 1984-06-28, but vernalization requirements not yet fulfilled. Forcing vernalization now (VERN=47.688571).
[2026-03-23 21:59:49,092][pcse.crop.phenology.Vernalisation][INFO] - Critical DVS for vernalization (VERNDVS) reached at day 1984-06-29, but vernalization requirements not yet fulfilled. Forcing vernalization now (VERN=47.688571).
[2026-03-23 21:59:49,092][pcse.crop.phenology.Annual_Phenology][INFO] - Changed phenological stage 'vegetative' to 'reproductive' on 1984-06-29
[2026-03-23 21:59:50,474][pcse.crop.phenology.Annual_Phenology][INFO] - Changed phenological stage 'reproductive' to 'mature' on 1984-09-13
[2026-03-23 21:59:50,740][pcse.base.timer.Timer][INFO] - Reached end of simulation period as specified by END_DATE.
| train          | E: 111 | S: 26751 | R: -138.8876 | TR: 27.2508 | TF: 128 | LR: 128 | NR: 0 | D: 04.4 s | TD: 00.0 s | BR: -0.5833 | ALOSS: 8096.6585 | CLOSS: 982623.1526 | TLOSS: -403.4606 | TVAL: 0.6976 | AENT: -579.3257 | BCLOSS: 0.0000
[EPISODE DBG] episode=111 step=26751 pred_return=-138.483970 true_return=44.905043 total_feedback=128 labeled_feedback=128
[2026-03-23 21:59:50,747][pcse.agromanager.SoilCalendar][INFO] - Starting soil (oregon) with variation (oregon_1) on day 1984-02-01
[2026-03-23 21:59:50,750][pcse.agromanager.CropCalendar][INFO] - Starting crop (wheat) with variety (wheat_1) on day 1984-02-01
[2026-03-23 21:59:52,171][pcse.crop.phenology.Annual_Phenology][INFO] - Changed phenological stage 'emerging' to 'vegetative' on 1984-04-10
[2026-03-23 21:59:53,000][pcse.crop.phenology.Vernalisation][INFO] - Critical DVS for vernalization (VERNDVS) reached at day 1984-06-02, but vernalization requirements not yet fulfilled. Forcing vernalization now (VERN=47.688571).
[2026-03-23 21:59:53,015][pcse.crop.phenology.Vernalisation][INFO] - Critical DVS for vernalization (VERNDVS) reached at day 1984-06-03, but vernalization requirements not yet fulfilled. Forcing vernalization now (VERN=47.688571).
[2026-03-23 21:59:53,031][pcse.crop.phenology.Vernalisation][INFO] - Critical DVS for vernalization (VERNDVS) reached at day 1984-06-04, but vernalization requirements not yet fulfilled. Forcing vernalization now (VERN=47.688571).
[2026-03-23 21:59:53,047][pcse.crop.phenology.Vernalisation][INFO] - Critical DVS for vernalization (VERNDVS) reached at day 1984-06-05, but vernalization requirements not yet fulfilled. Forcing vernalization now (VERN=47.688571).
[2026-03-23 21:59:53,063][pcse.crop.phenology.Vernalisation][INFO] - Critical DVS for vernalization (VERNDVS) reached at day 1984-06-06, but vernalization requirements not yet fulfilled. Forcing vernalization now (VERN=47.688571).
[2026-03-23 21:59:53,079][pcse.crop.phenology.Vernalisation][INFO] - Critical DVS for vernalization (VERNDVS) reached at day 1984-06-07, but vernalization requirements not yet fulfilled. Forcing vernalization now (VERN=47.688571).
[2026-03-23 21:59:53,094][pcse.crop.phenology.Vernalisation][INFO] - Critical DVS for vernalization (VERNDVS) reached at day 1984-06-08, but vernalization requirements not yet fulfilled. Forcing vernalization now (VERN=47.688571).
[2026-03-23 21:59:53,111][pcse.crop.phenology.Vernalisation][INFO] - Critical DVS for vernalization (VERNDVS) reached at day 1984-06-09, but vernalization requirements not yet fulfilled. Forcing vernalization now (VERN=47.688571).
[2026-03-23 21:59:53,126][pcse.crop.phenology.Vernalisation][INFO] - Critical DVS for vernalization (VERNDVS) reached at day 1984-06-10, but vernalization requirements not yet fulfilled. Forcing vernalization now (VERN=47.688571).
[2026-03-23 21:59:53,143][pcse.crop.phenology.Vernalisation][INFO] - Critical DVS for vernalization (VERNDVS) reached at day 1984-06-11, but vernalization requirements not yet fulfilled. Forcing vernalization now (VERN=47.688571).
[2026-03-23 21:59:53,159][pcse.crop.phenology.Vernalisation][INFO] - Critical DVS for vernalization (VERNDVS) reached at day 1984-06-12, but vernalization requirements not yet fulfilled. Forcing vernalization now (VERN=47.688571).
[2026-03-23 21:59:53,174][pcse.crop.phenology.Vernalisation][INFO] - Critical DVS for vernalization (VERNDVS) reached at day 1984-06-13, but vernalization requirements not yet fulfilled. Forcing vernalization now (VERN=47.688571).
[2026-03-23 21:59:53,191][pcse.crop.phenology.Vernalisation][INFO] - Critical DVS for vernalization (VERNDVS) reached at day 1984-06-14, but vernalization requirements not yet fulfilled. Forcing vernalization now (VERN=47.688571).
[2026-03-23 21:59:53,207][pcse.crop.phenology.Vernalisation][INFO] - Critical DVS for vernalization (VERNDVS) reached at day 1984-06-15, but vernalization requirements not yet fulfilled. Forcing vernalization now (VERN=47.688571).
[2026-03-23 21:59:53,223][pcse.crop.phenology.Vernalisation][INFO] - Critical DVS for vernalization (VERNDVS) reached at day 1984-06-16, but vernalization requirements not yet fulfilled. Forcing vernalization now (VERN=47.688571).
[2026-03-23 21:59:53,239][pcse.crop.phenology.Vernalisation][INFO] - Critical DVS for vernalization (VERNDVS) reached at day 1984-06-17, but vernalization requirements not yet fulfilled. Forcing vernalization now (VERN=47.688571).
[2026-03-23 21:59:53,255][pcse.crop.phenology.Vernalisation][INFO] - Critical DVS for vernalization (VERNDVS) reached at day 1984-06-18, but vernalization requirements not yet fulfilled. Forcing vernalization now (VERN=47.688571).
[2026-03-23 21:59:53,271][pcse.crop.phenology.Vernalisation][INFO] - Critical DVS for vernalization (VERNDVS) reached at day 1984-06-19, but vernalization requirements not yet fulfilled. Forcing vernalization now (VERN=47.688571).
[2026-03-23 21:59:53,287][pcse.crop.phenology.Vernalisation][INFO] - Critical DVS for vernalization (VERNDVS) reached at day 1984-06-20, but vernalization requirements not yet fulfilled. Forcing vernalization now (VERN=47.688571).
[2026-03-23 21:59:53,303][pcse.crop.phenology.Vernalisation][INFO] - Critical DVS for vernalization (VERNDVS) reached at day 1984-06-21, but vernalization requirements not yet fulfilled. Forcing vernalization now (VERN=47.688571).
[2026-03-23 21:59:53,318][pcse.crop.phenology.Vernalisation][INFO] - Critical DVS for vernalization (VERNDVS) reached at day 1984-06-22, but vernalization requirements not yet fulfilled. Forcing vernalization now (VERN=47.688571).
[2026-03-23 21:59:53,334][pcse.crop.phenology.Vernalisation][INFO] - Critical DVS for vernalization (VERNDVS) reached at day 1984-06-23, but vernalization requirements not yet fulfilled. Forcing vernalization now (VERN=47.688571).
[2026-03-23 21:59:53,350][pcse.crop.phenology.Vernalisation][INFO] - Critical DVS for vernalization (VERNDVS) reached at day 1984-06-24, but vernalization requirements not yet fulfilled. Forcing vernalization now (VERN=47.688571).
[2026-03-23 21:59:53,366][pcse.crop.phenology.Vernalisation][INFO] - Critical DVS for vernalization (VERNDVS) reached at day 1984-06-25, but vernalization requirements not yet fulfilled. Forcing vernalization now (VERN=47.688571).
[2026-03-23 21:59:53,382][pcse.crop.phenology.Vernalisation][INFO] - Critical DVS for vernalization (VERNDVS) reached at day 1984-06-26, but vernalization requirements not yet fulfilled. Forcing vernalization now (VERN=47.688571).
[2026-03-23 21:59:53,398][pcse.crop.phenology.Vernalisation][INFO] - Critical DVS for vernalization (VERNDVS) reached at day 1984-06-27, but vernalization requirements not yet fulfilled. Forcing vernalization now (VERN=47.688571).
[2026-03-23 21:59:53,413][pcse.crop.phenology.Vernalisation][INFO] - Critical DVS for vernalization (VERNDVS) reached at day 1984-06-28, but vernalization requirements not yet fulfilled. Forcing vernalization now (VERN=47.688571).
[2026-03-23 21:59:53,429][pcse.crop.phenology.Vernalisation][INFO] - Critical DVS for vernalization (VERNDVS) reached at day 1984-06-29, but vernalization requirements not yet fulfilled. Forcing vernalization now (VERN=47.688571).
[2026-03-23 21:59:53,429][pcse.crop.phenology.Annual_Phenology][INFO] - Changed phenological stage 'vegetative' to 'reproductive' on 1984-06-29
[2026-03-23 21:59:54,794][pcse.crop.phenology.Annual_Phenology][INFO] - Changed phenological stage 'reproductive' to 'mature' on 1984-09-13
[2026-03-23 21:59:55,056][pcse.base.timer.Timer][INFO] - Reached end of simulation period as specified by END_DATE.
| train          | E: 112 | S: 26992 | R: -138.4840 | TR: 44.9050 | TF: 128 | LR: 128 | NR: 0 | D: 04.3 s | TD: 00.0 s | BR: -0.5859 | ALOSS: 8246.8144 | CLOSS: 625838.7386 | TLOSS: -406.4707 | TVAL: 0.7125 | AENT: -571.4499 | BCLOSS: 0.0000
[EPISODE DBG] episode=112 step=26992 pred_return=-135.620223 true_return=51.499815 total_feedback=128 labeled_feedback=128
[2026-03-23 21:59:55,063][pcse.agromanager.SoilCalendar][INFO] - Starting soil (oregon) with variation (oregon_1) on day 1984-02-01
[2026-03-23 21:59:55,066][pcse.agromanager.CropCalendar][INFO] - Starting crop (wheat) with variety (wheat_1) on day 1984-02-01
[REPLAY DBG] post-agent-update step=27000 n=27000 mean=-0.585856 std=0.885343 min=-2.242645 max=2.729301
[STEP DBG] step=27000 env_reward=0.000000 r_hat=-0.392470 done=False
[NORM DBG] count=27000 mean_abs_mean=62543.578125 mean_std=120.099091 min_std=0.001000 max_std=1545.850586
[2026-03-23 21:59:56,506][pcse.crop.phenology.Annual_Phenology][INFO] - Changed phenological stage 'emerging' to 'vegetative' on 1984-04-10
[2026-03-23 21:59:57,512][pcse.crop.phenology.Vernalisation][INFO] - Critical DVS for vernalization (VERNDVS) reached at day 1984-06-02, but vernalization requirements not yet fulfilled. Forcing vernalization now (VERN=47.688571).
[2026-03-23 21:59:57,527][pcse.crop.phenology.Vernalisation][INFO] - Critical DVS for vernalization (VERNDVS) reached at day 1984-06-03, but vernalization requirements not yet fulfilled. Forcing vernalization now (VERN=47.688571).
[2026-03-23 21:59:57,543][pcse.crop.phenology.Vernalisation][INFO] - Critical DVS for vernalization (VERNDVS) reached at day 1984-06-04, but vernalization requirements not yet fulfilled. Forcing vernalization now (VERN=47.688571).
[2026-03-23 21:59:57,559][pcse.crop.phenology.Vernalisation][INFO] - Critical DVS for vernalization (VERNDVS) reached at day 1984-06-05, but vernalization requirements not yet fulfilled. Forcing vernalization now (VERN=47.688571).
[2026-03-23 21:59:57,575][pcse.crop.phenology.Vernalisation][INFO] - Critical DVS for vernalization (VERNDVS) reached at day 1984-06-06, but vernalization requirements not yet fulfilled. Forcing vernalization now (VERN=47.688571).
[2026-03-23 21:59:57,591][pcse.crop.phenology.Vernalisation][INFO] - Critical DVS for vernalization (VERNDVS) reached at day 1984-06-07, but vernalization requirements not yet fulfilled. Forcing vernalization now (VERN=47.688571).
[2026-03-23 21:59:57,611][pcse.crop.phenology.Vernalisation][INFO] - Critical DVS for vernalization (VERNDVS) reached at day 1984-06-08, but vernalization requirements not yet fulfilled. Forcing vernalization now (VERN=47.688571).
[2026-03-23 21:59:57,627][pcse.crop.phenology.Vernalisation][INFO] - Critical DVS for vernalization (VERNDVS) reached at day 1984-06-09, but vernalization requirements not yet fulfilled. Forcing vernalization now (VERN=47.688571).
[2026-03-23 21:59:57,643][pcse.crop.phenology.Vernalisation][INFO] - Critical DVS for vernalization (VERNDVS) reached at day 1984-06-10, but vernalization requirements not yet fulfilled. Forcing vernalization now (VERN=47.688571).
[2026-03-23 21:59:57,659][pcse.crop.phenology.Vernalisation][INFO] - Critical DVS for vernalization (VERNDVS) reached at day 1984-06-11, but vernalization requirements not yet fulfilled. Forcing vernalization now (VERN=47.688571).
[2026-03-23 21:59:57,675][pcse.crop.phenology.Vernalisation][INFO] - Critical DVS for vernalization (VERNDVS) reached at day 1984-06-12, but vernalization requirements not yet fulfilled. Forcing vernalization now (VERN=47.688571).
[2026-03-23 21:59:57,691][pcse.crop.phenology.Vernalisation][INFO] - Critical DVS for vernalization (VERNDVS) reached at day 1984-06-13, but vernalization requirements not yet fulfilled. Forcing vernalization now (VERN=47.688571).
[2026-03-23 21:59:57,707][pcse.crop.phenology.Vernalisation][INFO] - Critical DVS for vernalization (VERNDVS) reached at day 1984-06-14, but vernalization requirements not yet fulfilled. Forcing vernalization now (VERN=47.688571).
[2026-03-23 21:59:57,723][pcse.crop.phenology.Vernalisation][INFO] - Critical DVS for vernalization (VERNDVS) reached at day 1984-06-15, but vernalization requirements not yet fulfilled. Forcing vernalization now (VERN=47.688571).
[2026-03-23 21:59:57,739][pcse.crop.phenology.Vernalisation][INFO] - Critical DVS for vernalization (VERNDVS) reached at day 1984-06-16, but vernalization requirements not yet fulfilled. Forcing vernalization now (VERN=47.688571).
[2026-03-23 21:59:57,755][pcse.crop.phenology.Vernalisation][INFO] - Critical DVS for vernalization (VERNDVS) reached at day 1984-06-17, but vernalization requirements not yet fulfilled. Forcing vernalization now (VERN=47.688571).
[2026-03-23 21:59:57,771][pcse.crop.phenology.Vernalisation][INFO] - Critical DVS for vernalization (VERNDVS) reached at day 1984-06-18, but vernalization requirements not yet fulfilled. Forcing vernalization now (VERN=47.688571).
[2026-03-23 21:59:57,788][pcse.crop.phenology.Vernalisation][INFO] - Critical DVS for vernalization (VERNDVS) reached at day 1984-06-19, but vernalization requirements not yet fulfilled. Forcing vernalization now (VERN=47.688571).
[2026-03-23 21:59:57,804][pcse.crop.phenology.Vernalisation][INFO] - Critical DVS for vernalization (VERNDVS) reached at day 1984-06-20, but vernalization requirements not yet fulfilled. Forcing vernalization now (VERN=47.688571).
[2026-03-23 21:59:57,820][pcse.crop.phenology.Vernalisation][INFO] - Critical DVS for vernalization (VERNDVS) reached at day 1984-06-21, but vernalization requirements not yet fulfilled. Forcing vernalization now (VERN=47.688571).
[2026-03-23 21:59:57,835][pcse.crop.phenology.Vernalisation][INFO] - Critical DVS for vernalization (VERNDVS) reached at day 1984-06-22, but vernalization requirements not yet fulfilled. Forcing vernalization now (VERN=47.688571).
[2026-03-23 21:59:57,850][pcse.crop.phenology.Vernalisation][INFO] - Critical DVS for vernalization (VERNDVS) reached at day 1984-06-23, but vernalization requirements not yet fulfilled. Forcing vernalization now (VERN=47.688571).
[2026-03-23 21:59:57,866][pcse.crop.phenology.Vernalisation][INFO] - Critical DVS for vernalization (VERNDVS) reached at day 1984-06-24, but vernalization requirements not yet fulfilled. Forcing vernalization now (VERN=47.688571).
[2026-03-23 21:59:57,882][pcse.crop.phenology.Vernalisation][INFO] - Critical DVS for vernalization (VERNDVS) reached at day 1984-06-25, but vernalization requirements not yet fulfilled. Forcing vernalization now (VERN=47.688571).
[2026-03-23 21:59:57,898][pcse.crop.phenology.Vernalisation][INFO] - Critical DVS for vernalization (VERNDVS) reached at day 1984-06-26, but vernalization requirements not yet fulfilled. Forcing vernalization now (VERN=47.688571).
[2026-03-23 21:59:57,914][pcse.crop.phenology.Vernalisation][INFO] - Critical DVS for vernalization (VERNDVS) reached at day 1984-06-27, but vernalization requirements not yet fulfilled. Forcing vernalization now (VERN=47.688571).
[2026-03-23 21:59:57,931][pcse.crop.phenology.Vernalisation][INFO] - Critical DVS for vernalization (VERNDVS) reached at day 1984-06-28, but vernalization requirements not yet fulfilled. Forcing vernalization now (VERN=47.688571).
[2026-03-23 21:59:57,947][pcse.crop.phenology.Vernalisation][INFO] - Critical DVS for vernalization (VERNDVS) reached at day 1984-06-29, but vernalization requirements not yet fulfilled. Forcing vernalization now (VERN=47.688571).
[2026-03-23 21:59:57,947][pcse.crop.phenology.Annual_Phenology][INFO] - Changed phenological stage 'vegetative' to 'reproductive' on 1984-06-29
[2026-03-23 21:59:59,336][pcse.crop.phenology.Annual_Phenology][INFO] - Changed phenological stage 'reproductive' to 'mature' on 1984-09-13
[2026-03-23 21:59:59,604][pcse.base.timer.Timer][INFO] - Reached end of simulation period as specified by END_DATE.
| train          | E: 113 | S: 27233 | R: -135.6202 | TR: 51.4998 | TF: 128 | LR: 128 | NR: 0 | D: 04.5 s | TD: 00.0 s | BR: -0.5830 | ALOSS: 8274.2125 | CLOSS: 842653.9085 | TLOSS: -300.0480 | TVAL: 0.7270 | AENT: -414.2061 | BCLOSS: 0.0000
[EPISODE DBG] episode=113 step=27233 pred_return=-128.048437 true_return=10.317439 total_feedback=128 labeled_feedback=128
[2026-03-23 21:59:59,612][pcse.agromanager.SoilCalendar][INFO] - Starting soil (oregon) with variation (oregon_1) on day 1984-02-01
[2026-03-23 21:59:59,615][pcse.agromanager.CropCalendar][INFO] - Starting crop (wheat) with variety (wheat_1) on day 1984-02-01
[2026-03-23 22:00:01,042][pcse.crop.phenology.Annual_Phenology][INFO] - Changed phenological stage 'emerging' to 'vegetative' on 1984-04-10
[2026-03-23 22:00:01,876][pcse.crop.phenology.Vernalisation][INFO] - Critical DVS for vernalization (VERNDVS) reached at day 1984-06-02, but vernalization requirements not yet fulfilled. Forcing vernalization now (VERN=47.688571).
[2026-03-23 22:00:01,892][pcse.crop.phenology.Vernalisation][INFO] - Critical DVS for vernalization (VERNDVS) reached at day 1984-06-03, but vernalization requirements not yet fulfilled. Forcing vernalization now (VERN=47.688571).
[2026-03-23 22:00:01,907][pcse.crop.phenology.Vernalisation][INFO] - Critical DVS for vernalization (VERNDVS) reached at day 1984-06-04, but vernalization requirements not yet fulfilled. Forcing vernalization now (VERN=47.688571).
[2026-03-23 22:00:01,923][pcse.crop.phenology.Vernalisation][INFO] - Critical DVS for vernalization (VERNDVS) reached at day 1984-06-05, but vernalization requirements not yet fulfilled. Forcing vernalization now (VERN=47.688571).
[2026-03-23 22:00:01,939][pcse.crop.phenology.Vernalisation][INFO] - Critical DVS for vernalization (VERNDVS) reached at day 1984-06-06, but vernalization requirements not yet fulfilled. Forcing vernalization now (VERN=47.688571).
[2026-03-23 22:00:01,954][pcse.crop.phenology.Vernalisation][INFO] - Critical DVS for vernalization (VERNDVS) reached at day 1984-06-07, but vernalization requirements not yet fulfilled. Forcing vernalization now (VERN=47.688571).
[2026-03-23 22:00:01,970][pcse.crop.phenology.Vernalisation][INFO] - Critical DVS for vernalization (VERNDVS) reached at day 1984-06-08, but vernalization requirements not yet fulfilled. Forcing vernalization now (VERN=47.688571).
[2026-03-23 22:00:01,986][pcse.crop.phenology.Vernalisation][INFO] - Critical DVS for vernalization (VERNDVS) reached at day 1984-06-09, but vernalization requirements not yet fulfilled. Forcing vernalization now (VERN=47.688571).
[2026-03-23 22:00:02,001][pcse.crop.phenology.Vernalisation][INFO] - Critical DVS for vernalization (VERNDVS) reached at day 1984-06-10, but vernalization requirements not yet fulfilled. Forcing vernalization now (VERN=47.688571).
[2026-03-23 22:00:02,017][pcse.crop.phenology.Vernalisation][INFO] - Critical DVS for vernalization (VERNDVS) reached at day 1984-06-11, but vernalization requirements not yet fulfilled. Forcing vernalization now (VERN=47.688571).
[2026-03-23 22:00:02,032][pcse.crop.phenology.Vernalisation][INFO] - Critical DVS for vernalization (VERNDVS) reached at day 1984-06-12, but vernalization requirements not yet fulfilled. Forcing vernalization now (VERN=47.688571).
[2026-03-23 22:00:02,048][pcse.crop.phenology.Vernalisation][INFO] - Critical DVS for vernalization (VERNDVS) reached at day 1984-06-13, but vernalization requirements not yet fulfilled. Forcing vernalization now (VERN=47.688571).
[2026-03-23 22:00:02,063][pcse.crop.phenology.Vernalisation][INFO] - Critical DVS for vernalization (VERNDVS) reached at day 1984-06-14, but vernalization requirements not yet fulfilled. Forcing vernalization now (VERN=47.688571).
[2026-03-23 22:00:02,079][pcse.crop.phenology.Vernalisation][INFO] - Critical DVS for vernalization (VERNDVS) reached at day 1984-06-15, but vernalization requirements not yet fulfilled. Forcing vernalization now (VERN=47.688571).
[2026-03-23 22:00:02,095][pcse.crop.phenology.Vernalisation][INFO] - Critical DVS for vernalization (VERNDVS) reached at day 1984-06-16, but vernalization requirements not yet fulfilled. Forcing vernalization now (VERN=47.688571).
[2026-03-23 22:00:02,111][pcse.crop.phenology.Vernalisation][INFO] - Critical DVS for vernalization (VERNDVS) reached at day 1984-06-17, but vernalization requirements not yet fulfilled. Forcing vernalization now (VERN=47.688571).
[2026-03-23 22:00:02,126][pcse.crop.phenology.Vernalisation][INFO] - Critical DVS for vernalization (VERNDVS) reached at day 1984-06-18, but vernalization requirements not yet fulfilled. Forcing vernalization now (VERN=47.688571).
[2026-03-23 22:00:02,141][pcse.crop.phenology.Vernalisation][INFO] - Critical DVS for vernalization (VERNDVS) reached at day 1984-06-19, but vernalization requirements not yet fulfilled. Forcing vernalization now (VERN=47.688571).
[2026-03-23 22:00:02,157][pcse.crop.phenology.Vernalisation][INFO] - Critical DVS for vernalization (VERNDVS) reached at day 1984-06-20, but vernalization requirements not yet fulfilled. Forcing vernalization now (VERN=47.688571).
[2026-03-23 22:00:02,173][pcse.crop.phenology.Vernalisation][INFO] - Critical DVS for vernalization (VERNDVS) reached at day 1984-06-21, but vernalization requirements not yet fulfilled. Forcing vernalization now (VERN=47.688571).
[2026-03-23 22:00:02,188][pcse.crop.phenology.Vernalisation][INFO] - Critical DVS for vernalization (VERNDVS) reached at day 1984-06-22, but vernalization requirements not yet fulfilled. Forcing vernalization now (VERN=47.688571).
[2026-03-23 22:00:02,204][pcse.crop.phenology.Vernalisation][INFO] - Critical DVS for vernalization (VERNDVS) reached at day 1984-06-23, but vernalization requirements not yet fulfilled. Forcing vernalization now (VERN=47.688571).
[2026-03-23 22:00:02,220][pcse.crop.phenology.Vernalisation][INFO] - Critical DVS for vernalization (VERNDVS) reached at day 1984-06-24, but vernalization requirements not yet fulfilled. Forcing vernalization now (VERN=47.688571).
[2026-03-23 22:00:02,235][pcse.crop.phenology.Vernalisation][INFO] - Critical DVS for vernalization (VERNDVS) reached at day 1984-06-25, but vernalization requirements not yet fulfilled. Forcing vernalization now (VERN=47.688571).
[2026-03-23 22:00:02,251][pcse.crop.phenology.Vernalisation][INFO] - Critical DVS for vernalization (VERNDVS) reached at day 1984-06-26, but vernalization requirements not yet fulfilled. Forcing vernalization now (VERN=47.688571).
[2026-03-23 22:00:02,266][pcse.crop.phenology.Vernalisation][INFO] - Critical DVS for vernalization (VERNDVS) reached at day 1984-06-27, but vernalization requirements not yet fulfilled. Forcing vernalization now (VERN=47.688571).
[2026-03-23 22:00:02,282][pcse.crop.phenology.Vernalisation][INFO] - Critical DVS for vernalization (VERNDVS) reached at day 1984-06-28, but vernalization requirements not yet fulfilled. Forcing vernalization now (VERN=47.688571).
[2026-03-23 22:00:02,298][pcse.crop.phenology.Vernalisation][INFO] - Critical DVS for vernalization (VERNDVS) reached at day 1984-06-29, but vernalization requirements not yet fulfilled. Forcing vernalization now (VERN=47.688571).
[2026-03-23 22:00:02,298][pcse.crop.phenology.Annual_Phenology][INFO] - Changed phenological stage 'vegetative' to 'reproductive' on 1984-06-29
[2026-03-23 22:00:03,663][pcse.crop.phenology.Annual_Phenology][INFO] - Changed phenological stage 'reproductive' to 'mature' on 1984-09-13
[2026-03-23 22:00:03,927][pcse.base.timer.Timer][INFO] - Reached end of simulation period as specified by END_DATE.
| train          | E: 114 | S: 27474 | R: -128.0484 | TR: 10.3174 | TF: 128 | LR: 128 | NR: 0 | D: 04.3 s | TD: 00.0 s | BR: -0.5828 | ALOSS: 8146.7624 | CLOSS: 648865.5938 | TLOSS: -226.6931 | TVAL: 0.7370 | AENT: -308.6012 | BCLOSS: 0.0000
[EPISODE DBG] episode=114 step=27474 pred_return=-137.068748 true_return=5.352537 total_feedback=128 labeled_feedback=128
[2026-03-23 22:00:03,934][pcse.agromanager.SoilCalendar][INFO] - Starting soil (oregon) with variation (oregon_1) on day 1984-02-01
[2026-03-23 22:00:03,937][pcse.agromanager.CropCalendar][INFO] - Starting crop (wheat) with variety (wheat_1) on day 1984-02-01
[REPLAY DBG] post-agent-update step=27500 n=27500 mean=-0.584862 std=0.880346 min=-2.242645 max=2.729301
[STEP DBG] step=27500 env_reward=0.000000 r_hat=-0.290008 done=False
[NORM DBG] count=27500 mean_abs_mean=62543.093750 mean_std=119.151062 min_std=0.001000 max_std=1532.452881
[2026-03-23 22:00:05,398][pcse.crop.phenology.Annual_Phenology][INFO] - Changed phenological stage 'emerging' to 'vegetative' on 1984-04-10
[2026-03-23 22:00:06,226][pcse.crop.phenology.Vernalisation][INFO] - Critical DVS for vernalization (VERNDVS) reached at day 1984-06-02, but vernalization requirements not yet fulfilled. Forcing vernalization now (VERN=47.688571).
[2026-03-23 22:00:06,242][pcse.crop.phenology.Vernalisation][INFO] - Critical DVS for vernalization (VERNDVS) reached at day 1984-06-03, but vernalization requirements not yet fulfilled. Forcing vernalization now (VERN=47.688571).
[2026-03-23 22:00:06,258][pcse.crop.phenology.Vernalisation][INFO] - Critical DVS for vernalization (VERNDVS) reached at day 1984-06-04, but vernalization requirements not yet fulfilled. Forcing vernalization now (VERN=47.688571).
[2026-03-23 22:00:06,274][pcse.crop.phenology.Vernalisation][INFO] - Critical DVS for vernalization (VERNDVS) reached at day 1984-06-05, but vernalization requirements not yet fulfilled. Forcing vernalization now (VERN=47.688571).
[2026-03-23 22:00:06,290][pcse.crop.phenology.Vernalisation][INFO] - Critical DVS for vernalization (VERNDVS) reached at day 1984-06-06, but vernalization requirements not yet fulfilled. Forcing vernalization now (VERN=47.688571).
[2026-03-23 22:00:06,306][pcse.crop.phenology.Vernalisation][INFO] - Critical DVS for vernalization (VERNDVS) reached at day 1984-06-07, but vernalization requirements not yet fulfilled. Forcing vernalization now (VERN=47.688571).
[2026-03-23 22:00:06,503][pcse.crop.phenology.Vernalisation][INFO] - Critical DVS for vernalization (VERNDVS) reached at day 1984-06-08, but vernalization requirements not yet fulfilled. Forcing vernalization now (VERN=47.688571).
[2026-03-23 22:00:06,523][pcse.crop.phenology.Vernalisation][INFO] - Critical DVS for vernalization (VERNDVS) reached at day 1984-06-09, but vernalization requirements not yet fulfilled. Forcing vernalization now (VERN=47.688571).
[2026-03-23 22:00:06,542][pcse.crop.phenology.Vernalisation][INFO] - Critical DVS for vernalization (VERNDVS) reached at day 1984-06-10, but vernalization requirements not yet fulfilled. Forcing vernalization now (VERN=47.688571).
[2026-03-23 22:00:06,561][pcse.crop.phenology.Vernalisation][INFO] - Critical DVS for vernalization (VERNDVS) reached at day 1984-06-11, but vernalization requirements not yet fulfilled. Forcing vernalization now (VERN=47.688571).
[2026-03-23 22:00:06,580][pcse.crop.phenology.Vernalisation][INFO] - Critical DVS for vernalization (VERNDVS) reached at day 1984-06-12, but vernalization requirements not yet fulfilled. Forcing vernalization now (VERN=47.688571).
[2026-03-23 22:00:06,597][pcse.crop.phenology.Vernalisation][INFO] - Critical DVS for vernalization (VERNDVS) reached at day 1984-06-13, but vernalization requirements not yet fulfilled. Forcing vernalization now (VERN=47.688571).
[2026-03-23 22:00:06,614][pcse.crop.phenology.Vernalisation][INFO] - Critical DVS for vernalization (VERNDVS) reached at day 1984-06-14, but vernalization requirements not yet fulfilled. Forcing vernalization now (VERN=47.688571).
[2026-03-23 22:00:06,630][pcse.crop.phenology.Vernalisation][INFO] - Critical DVS for vernalization (VERNDVS) reached at day 1984-06-15, but vernalization requirements not yet fulfilled. Forcing vernalization now (VERN=47.688571).
[2026-03-23 22:00:06,646][pcse.crop.phenology.Vernalisation][INFO] - Critical DVS for vernalization (VERNDVS) reached at day 1984-06-16, but vernalization requirements not yet fulfilled. Forcing vernalization now (VERN=47.688571).
[2026-03-23 22:00:06,662][pcse.crop.phenology.Vernalisation][INFO] - Critical DVS for vernalization (VERNDVS) reached at day 1984-06-17, but vernalization requirements not yet fulfilled. Forcing vernalization now (VERN=47.688571).
[2026-03-23 22:00:06,679][pcse.crop.phenology.Vernalisation][INFO] - Critical DVS for vernalization (VERNDVS) reached at day 1984-06-18, but vernalization requirements not yet fulfilled. Forcing vernalization now (VERN=47.688571).
[2026-03-23 22:00:06,695][pcse.crop.phenology.Vernalisation][INFO] - Critical DVS for vernalization (VERNDVS) reached at day 1984-06-19, but vernalization requirements not yet fulfilled. Forcing vernalization now (VERN=47.688571).
[2026-03-23 22:00:06,711][pcse.crop.phenology.Vernalisation][INFO] - Critical DVS for vernalization (VERNDVS) reached at day 1984-06-20, but vernalization requirements not yet fulfilled. Forcing vernalization now (VERN=47.688571).
[2026-03-23 22:00:06,727][pcse.crop.phenology.Vernalisation][INFO] - Critical DVS for vernalization (VERNDVS) reached at day 1984-06-21, but vernalization requirements not yet fulfilled. Forcing vernalization now (VERN=47.688571).
[2026-03-23 22:00:06,743][pcse.crop.phenology.Vernalisation][INFO] - Critical DVS for vernalization (VERNDVS) reached at day 1984-06-22, but vernalization requirements not yet fulfilled. Forcing vernalization now (VERN=47.688571).
[2026-03-23 22:00:06,759][pcse.crop.phenology.Vernalisation][INFO] - Critical DVS for vernalization (VERNDVS) reached at day 1984-06-23, but vernalization requirements not yet fulfilled. Forcing vernalization now (VERN=47.688571).
[2026-03-23 22:00:06,774][pcse.crop.phenology.Vernalisation][INFO] - Critical DVS for vernalization (VERNDVS) reached at day 1984-06-24, but vernalization requirements not yet fulfilled. Forcing vernalization now (VERN=47.688571).
[2026-03-23 22:00:06,790][pcse.crop.phenology.Vernalisation][INFO] - Critical DVS for vernalization (VERNDVS) reached at day 1984-06-25, but vernalization requirements not yet fulfilled. Forcing vernalization now (VERN=47.688571).
[2026-03-23 22:00:06,806][pcse.crop.phenology.Vernalisation][INFO] - Critical DVS for vernalization (VERNDVS) reached at day 1984-06-26, but vernalization requirements not yet fulfilled. Forcing vernalization now (VERN=47.688571).
[2026-03-23 22:00:06,822][pcse.crop.phenology.Vernalisation][INFO] - Critical DVS for vernalization (VERNDVS) reached at day 1984-06-27, but vernalization requirements not yet fulfilled. Forcing vernalization now (VERN=47.688571).
[2026-03-23 22:00:06,838][pcse.crop.phenology.Vernalisation][INFO] - Critical DVS for vernalization (VERNDVS) reached at day 1984-06-28, but vernalization requirements not yet fulfilled. Forcing vernalization now (VERN=47.688571).
[2026-03-23 22:00:06,854][pcse.crop.phenology.Vernalisation][INFO] - Critical DVS for vernalization (VERNDVS) reached at day 1984-06-29, but vernalization requirements not yet fulfilled. Forcing vernalization now (VERN=47.688571).
[2026-03-23 22:00:06,854][pcse.crop.phenology.Annual_Phenology][INFO] - Changed phenological stage 'vegetative' to 'reproductive' on 1984-06-29
[2026-03-23 22:00:08,046][pcse.crop.phenology.Annual_Phenology][INFO] - Changed phenological stage 'reproductive' to 'mature' on 1984-09-13
[2026-03-23 22:00:08,492][pcse.base.timer.Timer][INFO] - Reached end of simulation period as specified by END_DATE.
| train          | E: 115 | S: 27715 | R: -137.0687 | TR: 5.3525 | TF: 128 | LR: 128 | NR: 0 | D: 04.6 s | TD: 00.0 s | BR: -0.5843 | ALOSS: 8212.6763 | CLOSS: 551139.4941 | TLOSS: -227.0336 | TVAL: 0.7471 | AENT: -304.9035 | BCLOSS: 0.0000
[EPISODE DBG] episode=115 step=27715 pred_return=-133.259746 true_return=19.897423 total_feedback=128 labeled_feedback=128
[2026-03-23 22:00:08,499][pcse.agromanager.SoilCalendar][INFO] - Starting soil (oregon) with variation (oregon_1) on day 1984-02-01
[2026-03-23 22:00:08,502][pcse.agromanager.CropCalendar][INFO] - Starting crop (wheat) with variety (wheat_1) on day 1984-02-01
[2026-03-23 22:00:09,744][pcse.crop.phenology.Annual_Phenology][INFO] - Changed phenological stage 'emerging' to 'vegetative' on 1984-04-10
[2026-03-23 22:00:10,755][pcse.crop.phenology.Vernalisation][INFO] - Critical DVS for vernalization (VERNDVS) reached at day 1984-06-02, but vernalization requirements not yet fulfilled. Forcing vernalization now (VERN=47.688571).
[2026-03-23 22:00:10,771][pcse.crop.phenology.Vernalisation][INFO] - Critical DVS for vernalization (VERNDVS) reached at day 1984-06-03, but vernalization requirements not yet fulfilled. Forcing vernalization now (VERN=47.688571).
[2026-03-23 22:00:10,786][pcse.crop.phenology.Vernalisation][INFO] - Critical DVS for vernalization (VERNDVS) reached at day 1984-06-04, but vernalization requirements not yet fulfilled. Forcing vernalization now (VERN=47.688571).
[2026-03-23 22:00:10,802][pcse.crop.phenology.Vernalisation][INFO] - Critical DVS for vernalization (VERNDVS) reached at day 1984-06-05, but vernalization requirements not yet fulfilled. Forcing vernalization now (VERN=47.688571).
[2026-03-23 22:00:10,817][pcse.crop.phenology.Vernalisation][INFO] - Critical DVS for vernalization (VERNDVS) reached at day 1984-06-06, but vernalization requirements not yet fulfilled. Forcing vernalization now (VERN=47.688571).
[2026-03-23 22:00:10,834][pcse.crop.phenology.Vernalisation][INFO] - Critical DVS for vernalization (VERNDVS) reached at day 1984-06-07, but vernalization requirements not yet fulfilled. Forcing vernalization now (VERN=47.688571).
[2026-03-23 22:00:10,849][pcse.crop.phenology.Vernalisation][INFO] - Critical DVS for vernalization (VERNDVS) reached at day 1984-06-08, but vernalization requirements not yet fulfilled. Forcing vernalization now (VERN=47.688571).
[2026-03-23 22:00:10,865][pcse.crop.phenology.Vernalisation][INFO] - Critical DVS for vernalization (VERNDVS) reached at day 1984-06-09, but vernalization requirements not yet fulfilled. Forcing vernalization now (VERN=47.688571).
[2026-03-23 22:00:10,881][pcse.crop.phenology.Vernalisation][INFO] - Critical DVS for vernalization (VERNDVS) reached at day 1984-06-10, but vernalization requirements not yet fulfilled. Forcing vernalization now (VERN=47.688571).
[2026-03-23 22:00:10,897][pcse.crop.phenology.Vernalisation][INFO] - Critical DVS for vernalization (VERNDVS) reached at day 1984-06-11, but vernalization requirements not yet fulfilled. Forcing vernalization now (VERN=47.688571).
[2026-03-23 22:00:10,913][pcse.crop.phenology.Vernalisation][INFO] - Critical DVS for vernalization (VERNDVS) reached at day 1984-06-12, but vernalization requirements not yet fulfilled. Forcing vernalization now (VERN=47.688571).
[2026-03-23 22:00:10,928][pcse.crop.phenology.Vernalisation][INFO] - Critical DVS for vernalization (VERNDVS) reached at day 1984-06-13, but vernalization requirements not yet fulfilled. Forcing vernalization now (VERN=47.688571).
[2026-03-23 22:00:10,944][pcse.crop.phenology.Vernalisation][INFO] - Critical DVS for vernalization (VERNDVS) reached at day 1984-06-14, but vernalization requirements not yet fulfilled. Forcing vernalization now (VERN=47.688571).
[2026-03-23 22:00:10,959][pcse.crop.phenology.Vernalisation][INFO] - Critical DVS for vernalization (VERNDVS) reached at day 1984-06-15, but vernalization requirements not yet fulfilled. Forcing vernalization now (VERN=47.688571).
[2026-03-23 22:00:10,975][pcse.crop.phenology.Vernalisation][INFO] - Critical DVS for vernalization (VERNDVS) reached at day 1984-06-16, but vernalization requirements not yet fulfilled. Forcing vernalization now (VERN=47.688571).
[2026-03-23 22:00:10,990][pcse.crop.phenology.Vernalisation][INFO] - Critical DVS for vernalization (VERNDVS) reached at day 1984-06-17, but vernalization requirements not yet fulfilled. Forcing vernalization now (VERN=47.688571).
[2026-03-23 22:00:11,006][pcse.crop.phenology.Vernalisation][INFO] - Critical DVS for vernalization (VERNDVS) reached at day 1984-06-18, but vernalization requirements not yet fulfilled. Forcing vernalization now (VERN=47.688571).
[2026-03-23 22:00:11,021][pcse.crop.phenology.Vernalisation][INFO] - Critical DVS for vernalization (VERNDVS) reached at day 1984-06-19, but vernalization requirements not yet fulfilled. Forcing vernalization now (VERN=47.688571).
[2026-03-23 22:00:11,036][pcse.crop.phenology.Vernalisation][INFO] - Critical DVS for vernalization (VERNDVS) reached at day 1984-06-20, but vernalization requirements not yet fulfilled. Forcing vernalization now (VERN=47.688571).
[2026-03-23 22:00:11,052][pcse.crop.phenology.Vernalisation][INFO] - Critical DVS for vernalization (VERNDVS) reached at day 1984-06-21, but vernalization requirements not yet fulfilled. Forcing vernalization now (VERN=47.688571).
[2026-03-23 22:00:11,067][pcse.crop.phenology.Vernalisation][INFO] - Critical DVS for vernalization (VERNDVS) reached at day 1984-06-22, but vernalization requirements not yet fulfilled. Forcing vernalization now (VERN=47.688571).
[2026-03-23 22:00:11,083][pcse.crop.phenology.Vernalisation][INFO] - Critical DVS for vernalization (VERNDVS) reached at day 1984-06-23, but vernalization requirements not yet fulfilled. Forcing vernalization now (VERN=47.688571).
[2026-03-23 22:00:11,099][pcse.crop.phenology.Vernalisation][INFO] - Critical DVS for vernalization (VERNDVS) reached at day 1984-06-24, but vernalization requirements not yet fulfilled. Forcing vernalization now (VERN=47.688571).
[2026-03-23 22:00:11,114][pcse.crop.phenology.Vernalisation][INFO] - Critical DVS for vernalization (VERNDVS) reached at day 1984-06-25, but vernalization requirements not yet fulfilled. Forcing vernalization now (VERN=47.688571).
[2026-03-23 22:00:11,130][pcse.crop.phenology.Vernalisation][INFO] - Critical DVS for vernalization (VERNDVS) reached at day 1984-06-26, but vernalization requirements not yet fulfilled. Forcing vernalization now (VERN=47.688571).
[2026-03-23 22:00:11,146][pcse.crop.phenology.Vernalisation][INFO] - Critical DVS for vernalization (VERNDVS) reached at day 1984-06-27, but vernalization requirements not yet fulfilled. Forcing vernalization now (VERN=47.688571).
[2026-03-23 22:00:11,162][pcse.crop.phenology.Vernalisation][INFO] - Critical DVS for vernalization (VERNDVS) reached at day 1984-06-28, but vernalization requirements not yet fulfilled. Forcing vernalization now (VERN=47.688571).
[2026-03-23 22:00:11,178][pcse.crop.phenology.Vernalisation][INFO] - Critical DVS for vernalization (VERNDVS) reached at day 1984-06-29, but vernalization requirements not yet fulfilled. Forcing vernalization now (VERN=47.688571).
[2026-03-23 22:00:11,178][pcse.crop.phenology.Annual_Phenology][INFO] - Changed phenological stage 'vegetative' to 'reproductive' on 1984-06-29
[2026-03-23 22:00:12,476][pcse.crop.phenology.Annual_Phenology][INFO] - Changed phenological stage 'reproductive' to 'mature' on 1984-09-13
[2026-03-23 22:00:12,710][pcse.base.timer.Timer][INFO] - Reached end of simulation period as specified by END_DATE.
| train          | E: 116 | S: 27956 | R: -133.2597 | TR: 19.8974 | TF: 128 | LR: 128 | NR: 0 | D: 04.2 s | TD: 00.0 s | BR: -0.5820 | ALOSS: 8291.6100 | CLOSS: 595609.3786 | TLOSS: -227.8491 | TVAL: 0.7581 | AENT: -301.5406 | BCLOSS: 0.0000
[EPISODE DBG] episode=116 step=27956 pred_return=-134.407996 true_return=15.861067 total_feedback=128 labeled_feedback=128
[2026-03-23 22:00:12,715][pcse.agromanager.SoilCalendar][INFO] - Starting soil (oregon) with variation (oregon_1) on day 1984-02-01
[2026-03-23 22:00:12,717][pcse.agromanager.CropCalendar][INFO] - Starting crop (wheat) with variety (wheat_1) on day 1984-02-01
[REPLAY DBG] post-agent-update step=28000 n=28000 mean=-0.583944 std=0.875546 min=-2.242645 max=2.729301
[STEP DBG] step=28000 env_reward=0.000000 r_hat=0.285166 done=False
[NORM DBG] count=28000 mean_abs_mean=62542.632812 mean_std=118.225204 min_std=0.001000 max_std=1519.396484
[2026-03-23 22:00:14,009][pcse.crop.phenology.Annual_Phenology][INFO] - Changed phenological stage 'emerging' to 'vegetative' on 1984-04-10
[2026-03-23 22:00:14,845][pcse.crop.phenology.Vernalisation][INFO] - Critical DVS for vernalization (VERNDVS) reached at day 1984-06-02, but vernalization requirements not yet fulfilled. Forcing vernalization now (VERN=47.688571).
[2026-03-23 22:00:14,861][pcse.crop.phenology.Vernalisation][INFO] - Critical DVS for vernalization (VERNDVS) reached at day 1984-06-03, but vernalization requirements not yet fulfilled. Forcing vernalization now (VERN=47.688571).
[2026-03-23 22:00:14,877][pcse.crop.phenology.Vernalisation][INFO] - Critical DVS for vernalization (VERNDVS) reached at day 1984-06-04, but vernalization requirements not yet fulfilled. Forcing vernalization now (VERN=47.688571).
[2026-03-23 22:00:14,893][pcse.crop.phenology.Vernalisation][INFO] - Critical DVS for vernalization (VERNDVS) reached at day 1984-06-05, but vernalization requirements not yet fulfilled. Forcing vernalization now (VERN=47.688571).
[2026-03-23 22:00:14,909][pcse.crop.phenology.Vernalisation][INFO] - Critical DVS for vernalization (VERNDVS) reached at day 1984-06-06, but vernalization requirements not yet fulfilled. Forcing vernalization now (VERN=47.688571).
[2026-03-23 22:00:14,924][pcse.crop.phenology.Vernalisation][INFO] - Critical DVS for vernalization (VERNDVS) reached at day 1984-06-07, but vernalization requirements not yet fulfilled. Forcing vernalization now (VERN=47.688571).
[2026-03-23 22:00:14,940][pcse.crop.phenology.Vernalisation][INFO] - Critical DVS for vernalization (VERNDVS) reached at day 1984-06-08, but vernalization requirements not yet fulfilled. Forcing vernalization now (VERN=47.688571).
[2026-03-23 22:00:14,956][pcse.crop.phenology.Vernalisation][INFO] - Critical DVS for vernalization (VERNDVS) reached at day 1984-06-09, but vernalization requirements not yet fulfilled. Forcing vernalization now (VERN=47.688571).
[2026-03-23 22:00:14,972][pcse.crop.phenology.Vernalisation][INFO] - Critical DVS for vernalization (VERNDVS) reached at day 1984-06-10, but vernalization requirements not yet fulfilled. Forcing vernalization now (VERN=47.688571).
[2026-03-23 22:00:14,988][pcse.crop.phenology.Vernalisation][INFO] - Critical DVS for vernalization (VERNDVS) reached at day 1984-06-11, but vernalization requirements not yet fulfilled. Forcing vernalization now (VERN=47.688571).
[2026-03-23 22:00:15,005][pcse.crop.phenology.Vernalisation][INFO] - Critical DVS for vernalization (VERNDVS) reached at day 1984-06-12, but vernalization requirements not yet fulfilled. Forcing vernalization now (VERN=47.688571).
[2026-03-23 22:00:15,020][pcse.crop.phenology.Vernalisation][INFO] - Critical DVS for vernalization (VERNDVS) reached at day 1984-06-13, but vernalization requirements not yet fulfilled. Forcing vernalization now (VERN=47.688571).
[2026-03-23 22:00:15,036][pcse.crop.phenology.Vernalisation][INFO] - Critical DVS for vernalization (VERNDVS) reached at day 1984-06-14, but vernalization requirements not yet fulfilled. Forcing vernalization now (VERN=47.688571).
[2026-03-23 22:00:15,052][pcse.crop.phenology.Vernalisation][INFO] - Critical DVS for vernalization (VERNDVS) reached at day 1984-06-15, but vernalization requirements not yet fulfilled. Forcing vernalization now (VERN=47.688571).
[2026-03-23 22:00:15,068][pcse.crop.phenology.Vernalisation][INFO] - Critical DVS for vernalization (VERNDVS) reached at day 1984-06-16, but vernalization requirements not yet fulfilled. Forcing vernalization now (VERN=47.688571).
[2026-03-23 22:00:15,084][pcse.crop.phenology.Vernalisation][INFO] - Critical DVS for vernalization (VERNDVS) reached at day 1984-06-17, but vernalization requirements not yet fulfilled. Forcing vernalization now (VERN=47.688571).
[2026-03-23 22:00:15,100][pcse.crop.phenology.Vernalisation][INFO] - Critical DVS for vernalization (VERNDVS) reached at day 1984-06-18, but vernalization requirements not yet fulfilled. Forcing vernalization now (VERN=47.688571).
[2026-03-23 22:00:15,116][pcse.crop.phenology.Vernalisation][INFO] - Critical DVS for vernalization (VERNDVS) reached at day 1984-06-19, but vernalization requirements not yet fulfilled. Forcing vernalization now (VERN=47.688571).
[2026-03-23 22:00:15,132][pcse.crop.phenology.Vernalisation][INFO] - Critical DVS for vernalization (VERNDVS) reached at day 1984-06-20, but vernalization requirements not yet fulfilled. Forcing vernalization now (VERN=47.688571).
[2026-03-23 22:00:15,148][pcse.crop.phenology.Vernalisation][INFO] - Critical DVS for vernalization (VERNDVS) reached at day 1984-06-21, but vernalization requirements not yet fulfilled. Forcing vernalization now (VERN=47.688571).
[2026-03-23 22:00:15,163][pcse.crop.phenology.Vernalisation][INFO] - Critical DVS for vernalization (VERNDVS) reached at day 1984-06-22, but vernalization requirements not yet fulfilled. Forcing vernalization now (VERN=47.688571).
[2026-03-23 22:00:15,179][pcse.crop.phenology.Vernalisation][INFO] - Critical DVS for vernalization (VERNDVS) reached at day 1984-06-23, but vernalization requirements not yet fulfilled. Forcing vernalization now (VERN=47.688571).
[2026-03-23 22:00:15,195][pcse.crop.phenology.Vernalisation][INFO] - Critical DVS for vernalization (VERNDVS) reached at day 1984-06-24, but vernalization requirements not yet fulfilled. Forcing vernalization now (VERN=47.688571).
[2026-03-23 22:00:15,210][pcse.crop.phenology.Vernalisation][INFO] - Critical DVS for vernalization (VERNDVS) reached at day 1984-06-25, but vernalization requirements not yet fulfilled. Forcing vernalization now (VERN=47.688571).
[2026-03-23 22:00:15,409][pcse.crop.phenology.Vernalisation][INFO] - Critical DVS for vernalization (VERNDVS) reached at day 1984-06-26, but vernalization requirements not yet fulfilled. Forcing vernalization now (VERN=47.688571).
[2026-03-23 22:00:15,428][pcse.crop.phenology.Vernalisation][INFO] - Critical DVS for vernalization (VERNDVS) reached at day 1984-06-27, but vernalization requirements not yet fulfilled. Forcing vernalization now (VERN=47.688571).
[2026-03-23 22:00:15,448][pcse.crop.phenology.Vernalisation][INFO] - Critical DVS for vernalization (VERNDVS) reached at day 1984-06-28, but vernalization requirements not yet fulfilled. Forcing vernalization now (VERN=47.688571).
[2026-03-23 22:00:15,467][pcse.crop.phenology.Vernalisation][INFO] - Critical DVS for vernalization (VERNDVS) reached at day 1984-06-29, but vernalization requirements not yet fulfilled. Forcing vernalization now (VERN=47.688571).
[2026-03-23 22:00:15,468][pcse.crop.phenology.Annual_Phenology][INFO] - Changed phenological stage 'vegetative' to 'reproductive' on 1984-06-29
[2026-03-23 22:00:16,674][pcse.crop.phenology.Annual_Phenology][INFO] - Changed phenological stage 'reproductive' to 'mature' on 1984-09-13
[2026-03-23 22:00:16,939][pcse.base.timer.Timer][INFO] - Reached end of simulation period as specified by END_DATE.
| train          | E: 117 | S: 28197 | R: -134.4080 | TR: 15.8611 | TF: 128 | LR: 128 | NR: 0 | D: 04.2 s | TD: 00.0 s | BR: -0.5827 | ALOSS: 8375.7864 | CLOSS: 664244.6945 | TLOSS: -228.0165 | TVAL: 0.7702 | AENT: -297.0567 | BCLOSS: 0.0000
[EPISODE DBG] episode=117 step=28197 pred_return=-135.949774 true_return=12.083472 total_feedback=128 labeled_feedback=128
[2026-03-23 22:00:16,946][pcse.agromanager.SoilCalendar][INFO] - Starting soil (oregon) with variation (oregon_1) on day 1984-02-01
[2026-03-23 22:00:16,949][pcse.agromanager.CropCalendar][INFO] - Starting crop (wheat) with variety (wheat_1) on day 1984-02-01
[2026-03-23 22:00:18,380][pcse.crop.phenology.Annual_Phenology][INFO] - Changed phenological stage 'emerging' to 'vegetative' on 1984-04-10
[2026-03-23 22:00:19,444][pcse.crop.phenology.Vernalisation][INFO] - Critical DVS for vernalization (VERNDVS) reached at day 1984-06-02, but vernalization requirements not yet fulfilled. Forcing vernalization now (VERN=47.688571).
[2026-03-23 22:00:19,460][pcse.crop.phenology.Vernalisation][INFO] - Critical DVS for vernalization (VERNDVS) reached at day 1984-06-03, but vernalization requirements not yet fulfilled. Forcing vernalization now (VERN=47.688571).
[2026-03-23 22:00:19,476][pcse.crop.phenology.Vernalisation][INFO] - Critical DVS for vernalization (VERNDVS) reached at day 1984-06-04, but vernalization requirements not yet fulfilled. Forcing vernalization now (VERN=47.688571).
[2026-03-23 22:00:19,492][pcse.crop.phenology.Vernalisation][INFO] - Critical DVS for vernalization (VERNDVS) reached at day 1984-06-05, but vernalization requirements not yet fulfilled. Forcing vernalization now (VERN=47.688571).
[2026-03-23 22:00:19,507][pcse.crop.phenology.Vernalisation][INFO] - Critical DVS for vernalization (VERNDVS) reached at day 1984-06-06, but vernalization requirements not yet fulfilled. Forcing vernalization now (VERN=47.688571).
[2026-03-23 22:00:19,523][pcse.crop.phenology.Vernalisation][INFO] - Critical DVS for vernalization (VERNDVS) reached at day 1984-06-07, but vernalization requirements not yet fulfilled. Forcing vernalization now (VERN=47.688571).
[2026-03-23 22:00:19,538][pcse.crop.phenology.Vernalisation][INFO] - Critical DVS for vernalization (VERNDVS) reached at day 1984-06-08, but vernalization requirements not yet fulfilled. Forcing vernalization now (VERN=47.688571).
[2026-03-23 22:00:19,555][pcse.crop.phenology.Vernalisation][INFO] - Critical DVS for vernalization (VERNDVS) reached at day 1984-06-09, but vernalization requirements not yet fulfilled. Forcing vernalization now (VERN=47.688571).
[2026-03-23 22:00:19,570][pcse.crop.phenology.Vernalisation][INFO] - Critical DVS for vernalization (VERNDVS) reached at day 1984-06-10, but vernalization requirements not yet fulfilled. Forcing vernalization now (VERN=47.688571).
[2026-03-23 22:00:19,586][pcse.crop.phenology.Vernalisation][INFO] - Critical DVS for vernalization (VERNDVS) reached at day 1984-06-11, but vernalization requirements not yet fulfilled. Forcing vernalization now (VERN=47.688571).
[2026-03-23 22:00:19,602][pcse.crop.phenology.Vernalisation][INFO] - Critical DVS for vernalization (VERNDVS) reached at day 1984-06-12, but vernalization requirements not yet fulfilled. Forcing vernalization now (VERN=47.688571).
[2026-03-23 22:00:19,618][pcse.crop.phenology.Vernalisation][INFO] - Critical DVS for vernalization (VERNDVS) reached at day 1984-06-13, but vernalization requirements not yet fulfilled. Forcing vernalization now (VERN=47.688571).
[2026-03-23 22:00:19,633][pcse.crop.phenology.Vernalisation][INFO] - Critical DVS for vernalization (VERNDVS) reached at day 1984-06-14, but vernalization requirements not yet fulfilled. Forcing vernalization now (VERN=47.688571).
[2026-03-23 22:00:19,649][pcse.crop.phenology.Vernalisation][INFO] - Critical DVS for vernalization (VERNDVS) reached at day 1984-06-15, but vernalization requirements not yet fulfilled. Forcing vernalization now (VERN=47.688571).
[2026-03-23 22:00:19,665][pcse.crop.phenology.Vernalisation][INFO] - Critical DVS for vernalization (VERNDVS) reached at day 1984-06-16, but vernalization requirements not yet fulfilled. Forcing vernalization now (VERN=47.688571).
[2026-03-23 22:00:19,680][pcse.crop.phenology.Vernalisation][INFO] - Critical DVS for vernalization (VERNDVS) reached at day 1984-06-17, but vernalization requirements not yet fulfilled. Forcing vernalization now (VERN=47.688571).
[2026-03-23 22:00:19,696][pcse.crop.phenology.Vernalisation][INFO] - Critical DVS for vernalization (VERNDVS) reached at day 1984-06-18, but vernalization requirements not yet fulfilled. Forcing vernalization now (VERN=47.688571).
[2026-03-23 22:00:19,712][pcse.crop.phenology.Vernalisation][INFO] - Critical DVS for vernalization (VERNDVS) reached at day 1984-06-19, but vernalization requirements not yet fulfilled. Forcing vernalization now (VERN=47.688571).
[2026-03-23 22:00:19,727][pcse.crop.phenology.Vernalisation][INFO] - Critical DVS for vernalization (VERNDVS) reached at day 1984-06-20, but vernalization requirements not yet fulfilled. Forcing vernalization now (VERN=47.688571).
[2026-03-23 22:00:19,743][pcse.crop.phenology.Vernalisation][INFO] - Critical DVS for vernalization (VERNDVS) reached at day 1984-06-21, but vernalization requirements not yet fulfilled. Forcing vernalization now (VERN=47.688571).
[2026-03-23 22:00:19,759][pcse.crop.phenology.Vernalisation][INFO] - Critical DVS for vernalization (VERNDVS) reached at day 1984-06-22, but vernalization requirements not yet fulfilled. Forcing vernalization now (VERN=47.688571).
[2026-03-23 22:00:19,775][pcse.crop.phenology.Vernalisation][INFO] - Critical DVS for vernalization (VERNDVS) reached at day 1984-06-23, but vernalization requirements not yet fulfilled. Forcing vernalization now (VERN=47.688571).
[2026-03-23 22:00:19,790][pcse.crop.phenology.Vernalisation][INFO] - Critical DVS for vernalization (VERNDVS) reached at day 1984-06-24, but vernalization requirements not yet fulfilled. Forcing vernalization now (VERN=47.688571).
[2026-03-23 22:00:19,806][pcse.crop.phenology.Vernalisation][INFO] - Critical DVS for vernalization (VERNDVS) reached at day 1984-06-25, but vernalization requirements not yet fulfilled. Forcing vernalization now (VERN=47.688571).
[2026-03-23 22:00:19,821][pcse.crop.phenology.Vernalisation][INFO] - Critical DVS for vernalization (VERNDVS) reached at day 1984-06-26, but vernalization requirements not yet fulfilled. Forcing vernalization now (VERN=47.688571).
[2026-03-23 22:00:19,838][pcse.crop.phenology.Vernalisation][INFO] - Critical DVS for vernalization (VERNDVS) reached at day 1984-06-27, but vernalization requirements not yet fulfilled. Forcing vernalization now (VERN=47.688571).
[2026-03-23 22:00:19,854][pcse.crop.phenology.Vernalisation][INFO] - Critical DVS for vernalization (VERNDVS) reached at day 1984-06-28, but vernalization requirements not yet fulfilled. Forcing vernalization now (VERN=47.688571).
[2026-03-23 22:00:19,870][pcse.crop.phenology.Vernalisation][INFO] - Critical DVS for vernalization (VERNDVS) reached at day 1984-06-29, but vernalization requirements not yet fulfilled. Forcing vernalization now (VERN=47.688571).
[2026-03-23 22:00:19,870][pcse.crop.phenology.Annual_Phenology][INFO] - Changed phenological stage 'vegetative' to 'reproductive' on 1984-06-29
[2026-03-23 22:00:21,258][pcse.crop.phenology.Annual_Phenology][INFO] - Changed phenological stage 'reproductive' to 'mature' on 1984-09-13
[2026-03-23 22:00:21,528][pcse.base.timer.Timer][INFO] - Reached end of simulation period as specified by END_DATE.
| train          | E: 118 | S: 28438 | R: -135.9498 | TR: 12.0835 | TF: 128 | LR: 128 | NR: 0 | D: 04.6 s | TD: 00.0 s | BR: -0.5821 | ALOSS: 8454.9935 | CLOSS: 802088.2847 | TLOSS: -229.1507 | TVAL: 0.7831 | AENT: -293.6139 | BCLOSS: 0.0000
[EPISODE DBG] episode=118 step=28438 pred_return=-133.467198 true_return=20.711114 total_feedback=128 labeled_feedback=128
[2026-03-23 22:00:21,535][pcse.agromanager.SoilCalendar][INFO] - Starting soil (oregon) with variation (oregon_1) on day 1984-02-01
[2026-03-23 22:00:21,538][pcse.agromanager.CropCalendar][INFO] - Starting crop (wheat) with variety (wheat_1) on day 1984-02-01
[REPLAY DBG] post-agent-update step=28500 n=28500 mean=-0.583226 std=0.870783 min=-2.242645 max=2.729301
[STEP DBG] step=28500 env_reward=0.000000 r_hat=0.218316 done=False
[NORM DBG] count=28500 mean_abs_mean=62542.179688 mean_std=117.321442 min_std=0.001000 max_std=1506.667236
[2026-03-23 22:00:22,971][pcse.crop.phenology.Annual_Phenology][INFO] - Changed phenological stage 'emerging' to 'vegetative' on 1984-04-10
[2026-03-23 22:00:23,800][pcse.crop.phenology.Vernalisation][INFO] - Critical DVS for vernalization (VERNDVS) reached at day 1984-06-02, but vernalization requirements not yet fulfilled. Forcing vernalization now (VERN=47.688571).
[2026-03-23 22:00:23,816][pcse.crop.phenology.Vernalisation][INFO] - Critical DVS for vernalization (VERNDVS) reached at day 1984-06-03, but vernalization requirements not yet fulfilled. Forcing vernalization now (VERN=47.688571).
[2026-03-23 22:00:23,832][pcse.crop.phenology.Vernalisation][INFO] - Critical DVS for vernalization (VERNDVS) reached at day 1984-06-04, but vernalization requirements not yet fulfilled. Forcing vernalization now (VERN=47.688571).
[2026-03-23 22:00:23,848][pcse.crop.phenology.Vernalisation][INFO] - Critical DVS for vernalization (VERNDVS) reached at day 1984-06-05, but vernalization requirements not yet fulfilled. Forcing vernalization now (VERN=47.688571).
[2026-03-23 22:00:23,864][pcse.crop.phenology.Vernalisation][INFO] - Critical DVS for vernalization (VERNDVS) reached at day 1984-06-06, but vernalization requirements not yet fulfilled. Forcing vernalization now (VERN=47.688571).
[2026-03-23 22:00:23,879][pcse.crop.phenology.Vernalisation][INFO] - Critical DVS for vernalization (VERNDVS) reached at day 1984-06-07, but vernalization requirements not yet fulfilled. Forcing vernalization now (VERN=47.688571).
[2026-03-23 22:00:23,895][pcse.crop.phenology.Vernalisation][INFO] - Critical DVS for vernalization (VERNDVS) reached at day 1984-06-08, but vernalization requirements not yet fulfilled. Forcing vernalization now (VERN=47.688571).
[2026-03-23 22:00:23,911][pcse.crop.phenology.Vernalisation][INFO] - Critical DVS for vernalization (VERNDVS) reached at day 1984-06-09, but vernalization requirements not yet fulfilled. Forcing vernalization now (VERN=47.688571).
[2026-03-23 22:00:23,927][pcse.crop.phenology.Vernalisation][INFO] - Critical DVS for vernalization (VERNDVS) reached at day 1984-06-10, but vernalization requirements not yet fulfilled. Forcing vernalization now (VERN=47.688571).
[2026-03-23 22:00:23,943][pcse.crop.phenology.Vernalisation][INFO] - Critical DVS for vernalization (VERNDVS) reached at day 1984-06-11, but vernalization requirements not yet fulfilled. Forcing vernalization now (VERN=47.688571).
[2026-03-23 22:00:23,959][pcse.crop.phenology.Vernalisation][INFO] - Critical DVS for vernalization (VERNDVS) reached at day 1984-06-12, but vernalization requirements not yet fulfilled. Forcing vernalization now (VERN=47.688571).
[2026-03-23 22:00:23,975][pcse.crop.phenology.Vernalisation][INFO] - Critical DVS for vernalization (VERNDVS) reached at day 1984-06-13, but vernalization requirements not yet fulfilled. Forcing vernalization now (VERN=47.688571).
[2026-03-23 22:00:23,990][pcse.crop.phenology.Vernalisation][INFO] - Critical DVS for vernalization (VERNDVS) reached at day 1984-06-14, but vernalization requirements not yet fulfilled. Forcing vernalization now (VERN=47.688571).
[2026-03-23 22:00:24,007][pcse.crop.phenology.Vernalisation][INFO] - Critical DVS for vernalization (VERNDVS) reached at day 1984-06-15, but vernalization requirements not yet fulfilled. Forcing vernalization now (VERN=47.688571).
[2026-03-23 22:00:24,023][pcse.crop.phenology.Vernalisation][INFO] - Critical DVS for vernalization (VERNDVS) reached at day 1984-06-16, but vernalization requirements not yet fulfilled. Forcing vernalization now (VERN=47.688571).
[2026-03-23 22:00:24,038][pcse.crop.phenology.Vernalisation][INFO] - Critical DVS for vernalization (VERNDVS) reached at day 1984-06-17, but vernalization requirements not yet fulfilled. Forcing vernalization now (VERN=47.688571).
[2026-03-23 22:00:24,054][pcse.crop.phenology.Vernalisation][INFO] - Critical DVS for vernalization (VERNDVS) reached at day 1984-06-18, but vernalization requirements not yet fulfilled. Forcing vernalization now (VERN=47.688571).
[2026-03-23 22:00:24,070][pcse.crop.phenology.Vernalisation][INFO] - Critical DVS for vernalization (VERNDVS) reached at day 1984-06-19, but vernalization requirements not yet fulfilled. Forcing vernalization now (VERN=47.688571).
[2026-03-23 22:00:24,085][pcse.crop.phenology.Vernalisation][INFO] - Critical DVS for vernalization (VERNDVS) reached at day 1984-06-20, but vernalization requirements not yet fulfilled. Forcing vernalization now (VERN=47.688571).
[2026-03-23 22:00:24,101][pcse.crop.phenology.Vernalisation][INFO] - Critical DVS for vernalization (VERNDVS) reached at day 1984-06-21, but vernalization requirements not yet fulfilled. Forcing vernalization now (VERN=47.688571).
[2026-03-23 22:00:24,117][pcse.crop.phenology.Vernalisation][INFO] - Critical DVS for vernalization (VERNDVS) reached at day 1984-06-22, but vernalization requirements not yet fulfilled. Forcing vernalization now (VERN=47.688571).
[2026-03-23 22:00:24,132][pcse.crop.phenology.Vernalisation][INFO] - Critical DVS for vernalization (VERNDVS) reached at day 1984-06-23, but vernalization requirements not yet fulfilled. Forcing vernalization now (VERN=47.688571).
[2026-03-23 22:00:24,148][pcse.crop.phenology.Vernalisation][INFO] - Critical DVS for vernalization (VERNDVS) reached at day 1984-06-24, but vernalization requirements not yet fulfilled. Forcing vernalization now (VERN=47.688571).
[2026-03-23 22:00:24,164][pcse.crop.phenology.Vernalisation][INFO] - Critical DVS for vernalization (VERNDVS) reached at day 1984-06-25, but vernalization requirements not yet fulfilled. Forcing vernalization now (VERN=47.688571).
[2026-03-23 22:00:24,180][pcse.crop.phenology.Vernalisation][INFO] - Critical DVS for vernalization (VERNDVS) reached at day 1984-06-26, but vernalization requirements not yet fulfilled. Forcing vernalization now (VERN=47.688571).
[2026-03-23 22:00:24,196][pcse.crop.phenology.Vernalisation][INFO] - Critical DVS for vernalization (VERNDVS) reached at day 1984-06-27, but vernalization requirements not yet fulfilled. Forcing vernalization now (VERN=47.688571).
[2026-03-23 22:00:24,212][pcse.crop.phenology.Vernalisation][INFO] - Critical DVS for vernalization (VERNDVS) reached at day 1984-06-28, but vernalization requirements not yet fulfilled. Forcing vernalization now (VERN=47.688571).
[2026-03-23 22:00:24,228][pcse.crop.phenology.Vernalisation][INFO] - Critical DVS for vernalization (VERNDVS) reached at day 1984-06-29, but vernalization requirements not yet fulfilled. Forcing vernalization now (VERN=47.688571).
[2026-03-23 22:00:24,228][pcse.crop.phenology.Annual_Phenology][INFO] - Changed phenological stage 'vegetative' to 'reproductive' on 1984-06-29
[2026-03-23 22:00:25,670][pcse.crop.phenology.Annual_Phenology][INFO] - Changed phenological stage 'reproductive' to 'mature' on 1984-09-13
[2026-03-23 22:00:25,934][pcse.base.timer.Timer][INFO] - Reached end of simulation period as specified by END_DATE.
| train          | E: 119 | S: 28679 | R: -133.4672 | TR: 20.7111 | TF: 128 | LR: 128 | NR: 0 | D: 04.4 s | TD: 00.0 s | BR: -0.5813 | ALOSS: 8543.6309 | CLOSS: 963392.6503 | TLOSS: -231.3384 | TVAL: 0.7969 | AENT: -291.3203 | BCLOSS: 0.0000
[EPISODE DBG] episode=119 step=28679 pred_return=-130.884072 true_return=19.897423 total_feedback=128 labeled_feedback=128
[2026-03-23 22:00:25,941][pcse.agromanager.SoilCalendar][INFO] - Starting soil (oregon) with variation (oregon_1) on day 1984-02-01
[2026-03-23 22:00:25,944][pcse.agromanager.CropCalendar][INFO] - Starting crop (wheat) with variety (wheat_1) on day 1984-02-01
[2026-03-23 22:00:27,604][pcse.crop.phenology.Annual_Phenology][INFO] - Changed phenological stage 'emerging' to 'vegetative' on 1984-04-10
[2026-03-23 22:00:28,440][pcse.crop.phenology.Vernalisation][INFO] - Critical DVS for vernalization (VERNDVS) reached at day 1984-06-02, but vernalization requirements not yet fulfilled. Forcing vernalization now (VERN=47.688571).
[2026-03-23 22:00:28,635][pcse.crop.phenology.Vernalisation][INFO] - Critical DVS for vernalization (VERNDVS) reached at day 1984-06-03, but vernalization requirements not yet fulfilled. Forcing vernalization now (VERN=47.688571).
[2026-03-23 22:00:28,654][pcse.crop.phenology.Vernalisation][INFO] - Critical DVS for vernalization (VERNDVS) reached at day 1984-06-04, but vernalization requirements not yet fulfilled. Forcing vernalization now (VERN=47.688571).
[2026-03-23 22:00:28,673][pcse.crop.phenology.Vernalisation][INFO] - Critical DVS for vernalization (VERNDVS) reached at day 1984-06-05, but vernalization requirements not yet fulfilled. Forcing vernalization now (VERN=47.688571).
[2026-03-23 22:00:28,692][pcse.crop.phenology.Vernalisation][INFO] - Critical DVS for vernalization (VERNDVS) reached at day 1984-06-06, but vernalization requirements not yet fulfilled. Forcing vernalization now (VERN=47.688571).
[2026-03-23 22:00:28,712][pcse.crop.phenology.Vernalisation][INFO] - Critical DVS for vernalization (VERNDVS) reached at day 1984-06-07, but vernalization requirements not yet fulfilled. Forcing vernalization now (VERN=47.688571).
[2026-03-23 22:00:28,729][pcse.crop.phenology.Vernalisation][INFO] - Critical DVS for vernalization (VERNDVS) reached at day 1984-06-08, but vernalization requirements not yet fulfilled. Forcing vernalization now (VERN=47.688571).
[2026-03-23 22:00:28,745][pcse.crop.phenology.Vernalisation][INFO] - Critical DVS for vernalization (VERNDVS) reached at day 1984-06-09, but vernalization requirements not yet fulfilled. Forcing vernalization now (VERN=47.688571).
[2026-03-23 22:00:28,761][pcse.crop.phenology.Vernalisation][INFO] - Critical DVS for vernalization (VERNDVS) reached at day 1984-06-10, but vernalization requirements not yet fulfilled. Forcing vernalization now (VERN=47.688571).
[2026-03-23 22:00:28,777][pcse.crop.phenology.Vernalisation][INFO] - Critical DVS for vernalization (VERNDVS) reached at day 1984-06-11, but vernalization requirements not yet fulfilled. Forcing vernalization now (VERN=47.688571).
[2026-03-23 22:00:28,794][pcse.crop.phenology.Vernalisation][INFO] - Critical DVS for vernalization (VERNDVS) reached at day 1984-06-12, but vernalization requirements not yet fulfilled. Forcing vernalization now (VERN=47.688571).
[2026-03-23 22:00:28,810][pcse.crop.phenology.Vernalisation][INFO] - Critical DVS for vernalization (VERNDVS) reached at day 1984-06-13, but vernalization requirements not yet fulfilled. Forcing vernalization now (VERN=47.688571).
[2026-03-23 22:00:28,826][pcse.crop.phenology.Vernalisation][INFO] - Critical DVS for vernalization (VERNDVS) reached at day 1984-06-14, but vernalization requirements not yet fulfilled. Forcing vernalization now (VERN=47.688571).
[2026-03-23 22:00:28,842][pcse.crop.phenology.Vernalisation][INFO] - Critical DVS for vernalization (VERNDVS) reached at day 1984-06-15, but vernalization requirements not yet fulfilled. Forcing vernalization now (VERN=47.688571).
[2026-03-23 22:00:28,858][pcse.crop.phenology.Vernalisation][INFO] - Critical DVS for vernalization (VERNDVS) reached at day 1984-06-16, but vernalization requirements not yet fulfilled. Forcing vernalization now (VERN=47.688571).
[2026-03-23 22:00:28,875][pcse.crop.phenology.Vernalisation][INFO] - Critical DVS for vernalization (VERNDVS) reached at day 1984-06-17, but vernalization requirements not yet fulfilled. Forcing vernalization now (VERN=47.688571).
[2026-03-23 22:00:28,890][pcse.crop.phenology.Vernalisation][INFO] - Critical DVS for vernalization (VERNDVS) reached at day 1984-06-18, but vernalization requirements not yet fulfilled. Forcing vernalization now (VERN=47.688571).
[2026-03-23 22:00:28,907][pcse.crop.phenology.Vernalisation][INFO] - Critical DVS for vernalization (VERNDVS) reached at day 1984-06-19, but vernalization requirements not yet fulfilled. Forcing vernalization now (VERN=47.688571).
[2026-03-23 22:00:28,923][pcse.crop.phenology.Vernalisation][INFO] - Critical DVS for vernalization (VERNDVS) reached at day 1984-06-20, but vernalization requirements not yet fulfilled. Forcing vernalization now (VERN=47.688571).
[2026-03-23 22:00:28,939][pcse.crop.phenology.Vernalisation][INFO] - Critical DVS for vernalization (VERNDVS) reached at day 1984-06-21, but vernalization requirements not yet fulfilled. Forcing vernalization now (VERN=47.688571).
[2026-03-23 22:00:28,955][pcse.crop.phenology.Vernalisation][INFO] - Critical DVS for vernalization (VERNDVS) reached at day 1984-06-22, but vernalization requirements not yet fulfilled. Forcing vernalization now (VERN=47.688571).
[2026-03-23 22:00:28,971][pcse.crop.phenology.Vernalisation][INFO] - Critical DVS for vernalization (VERNDVS) reached at day 1984-06-23, but vernalization requirements not yet fulfilled. Forcing vernalization now (VERN=47.688571).
[2026-03-23 22:00:28,986][pcse.crop.phenology.Vernalisation][INFO] - Critical DVS for vernalization (VERNDVS) reached at day 1984-06-24, but vernalization requirements not yet fulfilled. Forcing vernalization now (VERN=47.688571).
[2026-03-23 22:00:29,002][pcse.crop.phenology.Vernalisation][INFO] - Critical DVS for vernalization (VERNDVS) reached at day 1984-06-25, but vernalization requirements not yet fulfilled. Forcing vernalization now (VERN=47.688571).
[2026-03-23 22:00:29,018][pcse.crop.phenology.Vernalisation][INFO] - Critical DVS for vernalization (VERNDVS) reached at day 1984-06-26, but vernalization requirements not yet fulfilled. Forcing vernalization now (VERN=47.688571).
[2026-03-23 22:00:29,034][pcse.crop.phenology.Vernalisation][INFO] - Critical DVS for vernalization (VERNDVS) reached at day 1984-06-27, but vernalization requirements not yet fulfilled. Forcing vernalization now (VERN=47.688571).
[2026-03-23 22:00:29,050][pcse.crop.phenology.Vernalisation][INFO] - Critical DVS for vernalization (VERNDVS) reached at day 1984-06-28, but vernalization requirements not yet fulfilled. Forcing vernalization now (VERN=47.688571).
[2026-03-23 22:00:29,065][pcse.crop.phenology.Vernalisation][INFO] - Critical DVS for vernalization (VERNDVS) reached at day 1984-06-29, but vernalization requirements not yet fulfilled. Forcing vernalization now (VERN=47.688571).
[2026-03-23 22:00:29,065][pcse.crop.phenology.Annual_Phenology][INFO] - Changed phenological stage 'vegetative' to 'reproductive' on 1984-06-29
[2026-03-23 22:00:30,424][pcse.crop.phenology.Annual_Phenology][INFO] - Changed phenological stage 'reproductive' to 'mature' on 1984-09-13
[2026-03-23 22:00:30,677][pcse.base.timer.Timer][INFO] - Reached end of simulation period as specified by END_DATE.
| train          | E: 120 | S: 28920 | R: -130.8841 | TR: 19.8974 | TF: 128 | LR: 128 | NR: 0 | D: 04.7 s | TD: 00.0 s | BR: -0.5803 | ALOSS: 8618.7547 | CLOSS: 912042.3846 | TLOSS: -234.1247 | TVAL: 0.8111 | AENT: -289.6345 | BCLOSS: 0.0000
[EPISODE DBG] episode=120 step=28920 pred_return=-131.742909 true_return=6.231904 total_feedback=128 labeled_feedback=128
[2026-03-23 22:00:30,684][pcse.agromanager.SoilCalendar][INFO] - Starting soil (oregon) with variation (oregon_1) on day 1984-02-01
[2026-03-23 22:00:30,687][pcse.agromanager.CropCalendar][INFO] - Starting crop (wheat) with variety (wheat_1) on day 1984-02-01
[2026-03-23 22:00:31,820][pcse.crop.phenology.Annual_Phenology][INFO] - Changed phenological stage 'emerging' to 'vegetative' on 1984-04-10
[REPLAY DBG] post-agent-update step=29000 n=29000 mean=-0.582208 std=0.866260 min=-2.242645 max=2.729301
[STEP DBG] step=29000 env_reward=0.000000 r_hat=-0.041856 done=False
[NORM DBG] count=29000 mean_abs_mean=62541.750000 mean_std=116.438049 min_std=0.001000 max_std=1494.251709
[2026-03-23 22:00:32,742][pcse.crop.phenology.Vernalisation][INFO] - Critical DVS for vernalization (VERNDVS) reached at day 1984-06-02, but vernalization requirements not yet fulfilled. Forcing vernalization now (VERN=47.688571).
[2026-03-23 22:00:32,756][pcse.crop.phenology.Vernalisation][INFO] - Critical DVS for vernalization (VERNDVS) reached at day 1984-06-03, but vernalization requirements not yet fulfilled. Forcing vernalization now (VERN=47.688571).
[2026-03-23 22:00:32,770][pcse.crop.phenology.Vernalisation][INFO] - Critical DVS for vernalization (VERNDVS) reached at day 1984-06-04, but vernalization requirements not yet fulfilled. Forcing vernalization now (VERN=47.688571).
[2026-03-23 22:00:32,785][pcse.crop.phenology.Vernalisation][INFO] - Critical DVS for vernalization (VERNDVS) reached at day 1984-06-05, but vernalization requirements not yet fulfilled. Forcing vernalization now (VERN=47.688571).
[2026-03-23 22:00:32,799][pcse.crop.phenology.Vernalisation][INFO] - Critical DVS for vernalization (VERNDVS) reached at day 1984-06-06, but vernalization requirements not yet fulfilled. Forcing vernalization now (VERN=47.688571).
[2026-03-23 22:00:32,813][pcse.crop.phenology.Vernalisation][INFO] - Critical DVS for vernalization (VERNDVS) reached at day 1984-06-07, but vernalization requirements not yet fulfilled. Forcing vernalization now (VERN=47.688571).
[2026-03-23 22:00:32,828][pcse.crop.phenology.Vernalisation][INFO] - Critical DVS for vernalization (VERNDVS) reached at day 1984-06-08, but vernalization requirements not yet fulfilled. Forcing vernalization now (VERN=47.688571).
[2026-03-23 22:00:32,843][pcse.crop.phenology.Vernalisation][INFO] - Critical DVS for vernalization (VERNDVS) reached at day 1984-06-09, but vernalization requirements not yet fulfilled. Forcing vernalization now (VERN=47.688571).
[2026-03-23 22:00:32,857][pcse.crop.phenology.Vernalisation][INFO] - Critical DVS for vernalization (VERNDVS) reached at day 1984-06-10, but vernalization requirements not yet fulfilled. Forcing vernalization now (VERN=47.688571).
[2026-03-23 22:00:32,871][pcse.crop.phenology.Vernalisation][INFO] - Critical DVS for vernalization (VERNDVS) reached at day 1984-06-11, but vernalization requirements not yet fulfilled. Forcing vernalization now (VERN=47.688571).
[2026-03-23 22:00:32,885][pcse.crop.phenology.Vernalisation][INFO] - Critical DVS for vernalization (VERNDVS) reached at day 1984-06-12, but vernalization requirements not yet fulfilled. Forcing vernalization now (VERN=47.688571).
[2026-03-23 22:00:32,899][pcse.crop.phenology.Vernalisation][INFO] - Critical DVS for vernalization (VERNDVS) reached at day 1984-06-13, but vernalization requirements not yet fulfilled. Forcing vernalization now (VERN=47.688571).
[2026-03-23 22:00:32,914][pcse.crop.phenology.Vernalisation][INFO] - Critical DVS for vernalization (VERNDVS) reached at day 1984-06-14, but vernalization requirements not yet fulfilled. Forcing vernalization now (VERN=47.688571).
[2026-03-23 22:00:32,929][pcse.crop.phenology.Vernalisation][INFO] - Critical DVS for vernalization (VERNDVS) reached at day 1984-06-15, but vernalization requirements not yet fulfilled. Forcing vernalization now (VERN=47.688571).
[2026-03-23 22:00:32,943][pcse.crop.phenology.Vernalisation][INFO] - Critical DVS for vernalization (VERNDVS) reached at day 1984-06-16, but vernalization requirements not yet fulfilled. Forcing vernalization now (VERN=47.688571).
[2026-03-23 22:00:32,957][pcse.crop.phenology.Vernalisation][INFO] - Critical DVS for vernalization (VERNDVS) reached at day 1984-06-17, but vernalization requirements not yet fulfilled. Forcing vernalization now (VERN=47.688571).
[2026-03-23 22:00:32,971][pcse.crop.phenology.Vernalisation][INFO] - Critical DVS for vernalization (VERNDVS) reached at day 1984-06-18, but vernalization requirements not yet fulfilled. Forcing vernalization now (VERN=47.688571).
[2026-03-23 22:00:32,985][pcse.crop.phenology.Vernalisation][INFO] - Critical DVS for vernalization (VERNDVS) reached at day 1984-06-19, but vernalization requirements not yet fulfilled. Forcing vernalization now (VERN=47.688571).
[2026-03-23 22:00:33,000][pcse.crop.phenology.Vernalisation][INFO] - Critical DVS for vernalization (VERNDVS) reached at day 1984-06-20, but vernalization requirements not yet fulfilled. Forcing vernalization now (VERN=47.688571).
[2026-03-23 22:00:33,014][pcse.crop.phenology.Vernalisation][INFO] - Critical DVS for vernalization (VERNDVS) reached at day 1984-06-21, but vernalization requirements not yet fulfilled. Forcing vernalization now (VERN=47.688571).
[2026-03-23 22:00:33,028][pcse.crop.phenology.Vernalisation][INFO] - Critical DVS for vernalization (VERNDVS) reached at day 1984-06-22, but vernalization requirements not yet fulfilled. Forcing vernalization now (VERN=47.688571).
[2026-03-23 22:00:33,042][pcse.crop.phenology.Vernalisation][INFO] - Critical DVS for vernalization (VERNDVS) reached at day 1984-06-23, but vernalization requirements not yet fulfilled. Forcing vernalization now (VERN=47.688571).
[2026-03-23 22:00:33,057][pcse.crop.phenology.Vernalisation][INFO] - Critical DVS for vernalization (VERNDVS) reached at day 1984-06-24, but vernalization requirements not yet fulfilled. Forcing vernalization now (VERN=47.688571).
[2026-03-23 22:00:33,070][pcse.crop.phenology.Vernalisation][INFO] - Critical DVS for vernalization (VERNDVS) reached at day 1984-06-25, but vernalization requirements not yet fulfilled. Forcing vernalization now (VERN=47.688571).
[2026-03-23 22:00:33,085][pcse.crop.phenology.Vernalisation][INFO] - Critical DVS for vernalization (VERNDVS) reached at day 1984-06-26, but vernalization requirements not yet fulfilled. Forcing vernalization now (VERN=47.688571).
[2026-03-23 22:00:33,099][pcse.crop.phenology.Vernalisation][INFO] - Critical DVS for vernalization (VERNDVS) reached at day 1984-06-27, but vernalization requirements not yet fulfilled. Forcing vernalization now (VERN=47.688571).
[2026-03-23 22:00:33,114][pcse.crop.phenology.Vernalisation][INFO] - Critical DVS for vernalization (VERNDVS) reached at day 1984-06-28, but vernalization requirements not yet fulfilled. Forcing vernalization now (VERN=47.688571).
[2026-03-23 22:00:33,128][pcse.crop.phenology.Vernalisation][INFO] - Critical DVS for vernalization (VERNDVS) reached at day 1984-06-29, but vernalization requirements not yet fulfilled. Forcing vernalization now (VERN=47.688571).
[2026-03-23 22:00:33,128][pcse.crop.phenology.Annual_Phenology][INFO] - Changed phenological stage 'vegetative' to 'reproductive' on 1984-06-29
[2026-03-23 22:00:34,607][pcse.crop.phenology.Annual_Phenology][INFO] - Changed phenological stage 'reproductive' to 'mature' on 1984-09-13
[2026-03-23 22:00:34,876][pcse.base.timer.Timer][INFO] - Reached end of simulation period as specified by END_DATE.
| train          | E: 121 | S: 29161 | R: -131.7429 | TR: 6.2319 | TF: 128 | LR: 128 | NR: 0 | D: 04.2 s | TD: 00.0 s | BR: -0.5823 | ALOSS: 8700.5916 | CLOSS: 867656.4109 | TLOSS: -237.0598 | TVAL: 0.8260 | AENT: -287.9942 | BCLOSS: 0.0000
[EPISODE DBG] episode=121 step=29161 pred_return=-129.766499 true_return=19.897423 total_feedback=128 labeled_feedback=128
[2026-03-23 22:00:34,883][pcse.agromanager.SoilCalendar][INFO] - Starting soil (oregon) with variation (oregon_1) on day 1984-02-01
[2026-03-23 22:00:34,886][pcse.agromanager.CropCalendar][INFO] - Starting crop (wheat) with variety (wheat_1) on day 1984-02-01
[2026-03-23 22:00:36,290][pcse.crop.phenology.Annual_Phenology][INFO] - Changed phenological stage 'emerging' to 'vegetative' on 1984-04-10
[2026-03-23 22:00:37,131][pcse.crop.phenology.Vernalisation][INFO] - Critical DVS for vernalization (VERNDVS) reached at day 1984-06-02, but vernalization requirements not yet fulfilled. Forcing vernalization now (VERN=47.688571).
[2026-03-23 22:00:37,147][pcse.crop.phenology.Vernalisation][INFO] - Critical DVS for vernalization (VERNDVS) reached at day 1984-06-03, but vernalization requirements not yet fulfilled. Forcing vernalization now (VERN=47.688571).
[2026-03-23 22:00:37,163][pcse.crop.phenology.Vernalisation][INFO] - Critical DVS for vernalization (VERNDVS) reached at day 1984-06-04, but vernalization requirements not yet fulfilled. Forcing vernalization now (VERN=47.688571).
[2026-03-23 22:00:37,179][pcse.crop.phenology.Vernalisation][INFO] - Critical DVS for vernalization (VERNDVS) reached at day 1984-06-05, but vernalization requirements not yet fulfilled. Forcing vernalization now (VERN=47.688571).
[2026-03-23 22:00:37,195][pcse.crop.phenology.Vernalisation][INFO] - Critical DVS for vernalization (VERNDVS) reached at day 1984-06-06, but vernalization requirements not yet fulfilled. Forcing vernalization now (VERN=47.688571).
[2026-03-23 22:00:37,211][pcse.crop.phenology.Vernalisation][INFO] - Critical DVS for vernalization (VERNDVS) reached at day 1984-06-07, but vernalization requirements not yet fulfilled. Forcing vernalization now (VERN=47.688571).
[2026-03-23 22:00:37,227][pcse.crop.phenology.Vernalisation][INFO] - Critical DVS for vernalization (VERNDVS) reached at day 1984-06-08, but vernalization requirements not yet fulfilled. Forcing vernalization now (VERN=47.688571).
[2026-03-23 22:00:37,242][pcse.crop.phenology.Vernalisation][INFO] - Critical DVS for vernalization (VERNDVS) reached at day 1984-06-09, but vernalization requirements not yet fulfilled. Forcing vernalization now (VERN=47.688571).
[2026-03-23 22:00:37,258][pcse.crop.phenology.Vernalisation][INFO] - Critical DVS for vernalization (VERNDVS) reached at day 1984-06-10, but vernalization requirements not yet fulfilled. Forcing vernalization now (VERN=47.688571).
[2026-03-23 22:00:37,274][pcse.crop.phenology.Vernalisation][INFO] - Critical DVS for vernalization (VERNDVS) reached at day 1984-06-11, but vernalization requirements not yet fulfilled. Forcing vernalization now (VERN=47.688571).
[2026-03-23 22:00:37,290][pcse.crop.phenology.Vernalisation][INFO] - Critical DVS for vernalization (VERNDVS) reached at day 1984-06-12, but vernalization requirements not yet fulfilled. Forcing vernalization now (VERN=47.688571).
[2026-03-23 22:00:37,306][pcse.crop.phenology.Vernalisation][INFO] - Critical DVS for vernalization (VERNDVS) reached at day 1984-06-13, but vernalization requirements not yet fulfilled. Forcing vernalization now (VERN=47.688571).
[2026-03-23 22:00:37,321][pcse.crop.phenology.Vernalisation][INFO] - Critical DVS for vernalization (VERNDVS) reached at day 1984-06-14, but vernalization requirements not yet fulfilled. Forcing vernalization now (VERN=47.688571).
[2026-03-23 22:00:37,337][pcse.crop.phenology.Vernalisation][INFO] - Critical DVS for vernalization (VERNDVS) reached at day 1984-06-15, but vernalization requirements not yet fulfilled. Forcing vernalization now (VERN=47.688571).
[2026-03-23 22:00:37,353][pcse.crop.phenology.Vernalisation][INFO] - Critical DVS for vernalization (VERNDVS) reached at day 1984-06-16, but vernalization requirements not yet fulfilled. Forcing vernalization now (VERN=47.688571).
[2026-03-23 22:00:37,369][pcse.crop.phenology.Vernalisation][INFO] - Critical DVS for vernalization (VERNDVS) reached at day 1984-06-17, but vernalization requirements not yet fulfilled. Forcing vernalization now (VERN=47.688571).
[2026-03-23 22:00:37,384][pcse.crop.phenology.Vernalisation][INFO] - Critical DVS for vernalization (VERNDVS) reached at day 1984-06-18, but vernalization requirements not yet fulfilled. Forcing vernalization now (VERN=47.688571).
[2026-03-23 22:00:37,400][pcse.crop.phenology.Vernalisation][INFO] - Critical DVS for vernalization (VERNDVS) reached at day 1984-06-19, but vernalization requirements not yet fulfilled. Forcing vernalization now (VERN=47.688571).
[2026-03-23 22:00:37,415][pcse.crop.phenology.Vernalisation][INFO] - Critical DVS for vernalization (VERNDVS) reached at day 1984-06-20, but vernalization requirements not yet fulfilled. Forcing vernalization now (VERN=47.688571).
[2026-03-23 22:00:37,591][pcse.crop.phenology.Vernalisation][INFO] - Critical DVS for vernalization (VERNDVS) reached at day 1984-06-21, but vernalization requirements not yet fulfilled. Forcing vernalization now (VERN=47.688571).
[2026-03-23 22:00:37,609][pcse.crop.phenology.Vernalisation][INFO] - Critical DVS for vernalization (VERNDVS) reached at day 1984-06-22, but vernalization requirements not yet fulfilled. Forcing vernalization now (VERN=47.688571).
[2026-03-23 22:00:37,629][pcse.crop.phenology.Vernalisation][INFO] - Critical DVS for vernalization (VERNDVS) reached at day 1984-06-23, but vernalization requirements not yet fulfilled. Forcing vernalization now (VERN=47.688571).
[2026-03-23 22:00:37,648][pcse.crop.phenology.Vernalisation][INFO] - Critical DVS for vernalization (VERNDVS) reached at day 1984-06-24, but vernalization requirements not yet fulfilled. Forcing vernalization now (VERN=47.688571).
[2026-03-23 22:00:37,667][pcse.crop.phenology.Vernalisation][INFO] - Critical DVS for vernalization (VERNDVS) reached at day 1984-06-25, but vernalization requirements not yet fulfilled. Forcing vernalization now (VERN=47.688571).
[2026-03-23 22:00:37,684][pcse.crop.phenology.Vernalisation][INFO] - Critical DVS for vernalization (VERNDVS) reached at day 1984-06-26, but vernalization requirements not yet fulfilled. Forcing vernalization now (VERN=47.688571).
[2026-03-23 22:00:37,700][pcse.crop.phenology.Vernalisation][INFO] - Critical DVS for vernalization (VERNDVS) reached at day 1984-06-27, but vernalization requirements not yet fulfilled. Forcing vernalization now (VERN=47.688571).
[2026-03-23 22:00:37,716][pcse.crop.phenology.Vernalisation][INFO] - Critical DVS for vernalization (VERNDVS) reached at day 1984-06-28, but vernalization requirements not yet fulfilled. Forcing vernalization now (VERN=47.688571).
[2026-03-23 22:00:37,732][pcse.crop.phenology.Vernalisation][INFO] - Critical DVS for vernalization (VERNDVS) reached at day 1984-06-29, but vernalization requirements not yet fulfilled. Forcing vernalization now (VERN=47.688571).
[2026-03-23 22:00:37,732][pcse.crop.phenology.Annual_Phenology][INFO] - Changed phenological stage 'vegetative' to 'reproductive' on 1984-06-29
[2026-03-23 22:00:38,924][pcse.crop.phenology.Annual_Phenology][INFO] - Changed phenological stage 'reproductive' to 'mature' on 1984-09-13
[2026-03-23 22:00:39,361][pcse.base.timer.Timer][INFO] - Reached end of simulation period as specified by END_DATE.
| train          | E: 122 | S: 29402 | R: -129.7665 | TR: 19.8974 | TF: 128 | LR: 128 | NR: 0 | D: 04.5 s | TD: 00.0 s | BR: -0.5819 | ALOSS: 8770.3211 | CLOSS: 738670.7894 | TLOSS: -238.3893 | TVAL: 0.8416 | AENT: -284.2916 | BCLOSS: 0.0000
[EPISODE DBG] episode=122 step=29402 pred_return=-130.975444 true_return=15.861067 total_feedback=128 labeled_feedback=128
[2026-03-23 22:00:39,372][pcse.agromanager.SoilCalendar][INFO] - Starting soil (oregon) with variation (oregon_1) on day 1984-02-01
[2026-03-23 22:00:39,377][pcse.agromanager.CropCalendar][INFO] - Starting crop (wheat) with variety (wheat_1) on day 1984-02-01
[2026-03-23 22:00:40,624][pcse.crop.phenology.Annual_Phenology][INFO] - Changed phenological stage 'emerging' to 'vegetative' on 1984-04-10
[REPLAY DBG] post-agent-update step=29500 n=29500 mean=-0.581199 std=0.861851 min=-2.242645 max=2.729301
[STEP DBG] step=29500 env_reward=0.000000 r_hat=-0.170069 done=False
[NORM DBG] count=29500 mean_abs_mean=62541.335938 mean_std=115.574783 min_std=0.001000 max_std=1482.136963
[2026-03-23 22:00:41,788][pcse.crop.phenology.Vernalisation][INFO] - Critical DVS for vernalization (VERNDVS) reached at day 1984-06-02, but vernalization requirements not yet fulfilled. Forcing vernalization now (VERN=47.688571).
[2026-03-23 22:00:41,804][pcse.crop.phenology.Vernalisation][INFO] - Critical DVS for vernalization (VERNDVS) reached at day 1984-06-03, but vernalization requirements not yet fulfilled. Forcing vernalization now (VERN=47.688571).
[2026-03-23 22:00:41,820][pcse.crop.phenology.Vernalisation][INFO] - Critical DVS for vernalization (VERNDVS) reached at day 1984-06-04, but vernalization requirements not yet fulfilled. Forcing vernalization now (VERN=47.688571).
[2026-03-23 22:00:41,836][pcse.crop.phenology.Vernalisation][INFO] - Critical DVS for vernalization (VERNDVS) reached at day 1984-06-05, but vernalization requirements not yet fulfilled. Forcing vernalization now (VERN=47.688571).
[2026-03-23 22:00:41,852][pcse.crop.phenology.Vernalisation][INFO] - Critical DVS for vernalization (VERNDVS) reached at day 1984-06-06, but vernalization requirements not yet fulfilled. Forcing vernalization now (VERN=47.688571).
[2026-03-23 22:00:41,868][pcse.crop.phenology.Vernalisation][INFO] - Critical DVS for vernalization (VERNDVS) reached at day 1984-06-07, but vernalization requirements not yet fulfilled. Forcing vernalization now (VERN=47.688571).
[2026-03-23 22:00:41,884][pcse.crop.phenology.Vernalisation][INFO] - Critical DVS for vernalization (VERNDVS) reached at day 1984-06-08, but vernalization requirements not yet fulfilled. Forcing vernalization now (VERN=47.688571).
[2026-03-23 22:00:41,900][pcse.crop.phenology.Vernalisation][INFO] - Critical DVS for vernalization (VERNDVS) reached at day 1984-06-09, but vernalization requirements not yet fulfilled. Forcing vernalization now (VERN=47.688571).
[2026-03-23 22:00:41,915][pcse.crop.phenology.Vernalisation][INFO] - Critical DVS for vernalization (VERNDVS) reached at day 1984-06-10, but vernalization requirements not yet fulfilled. Forcing vernalization now (VERN=47.688571).
[2026-03-23 22:00:41,932][pcse.crop.phenology.Vernalisation][INFO] - Critical DVS for vernalization (VERNDVS) reached at day 1984-06-11, but vernalization requirements not yet fulfilled. Forcing vernalization now (VERN=47.688571).
[2026-03-23 22:00:41,947][pcse.crop.phenology.Vernalisation][INFO] - Critical DVS for vernalization (VERNDVS) reached at day 1984-06-12, but vernalization requirements not yet fulfilled. Forcing vernalization now (VERN=47.688571).
[2026-03-23 22:00:41,963][pcse.crop.phenology.Vernalisation][INFO] - Critical DVS for vernalization (VERNDVS) reached at day 1984-06-13, but vernalization requirements not yet fulfilled. Forcing vernalization now (VERN=47.688571).
[2026-03-23 22:00:41,979][pcse.crop.phenology.Vernalisation][INFO] - Critical DVS for vernalization (VERNDVS) reached at day 1984-06-14, but vernalization requirements not yet fulfilled. Forcing vernalization now (VERN=47.688571).
[2026-03-23 22:00:41,994][pcse.crop.phenology.Vernalisation][INFO] - Critical DVS for vernalization (VERNDVS) reached at day 1984-06-15, but vernalization requirements not yet fulfilled. Forcing vernalization now (VERN=47.688571).
[2026-03-23 22:00:42,010][pcse.crop.phenology.Vernalisation][INFO] - Critical DVS for vernalization (VERNDVS) reached at day 1984-06-16, but vernalization requirements not yet fulfilled. Forcing vernalization now (VERN=47.688571).
[2026-03-23 22:00:42,024][pcse.crop.phenology.Vernalisation][INFO] - Critical DVS for vernalization (VERNDVS) reached at day 1984-06-17, but vernalization requirements not yet fulfilled. Forcing vernalization now (VERN=47.688571).
[2026-03-23 22:00:42,039][pcse.crop.phenology.Vernalisation][INFO] - Critical DVS for vernalization (VERNDVS) reached at day 1984-06-18, but vernalization requirements not yet fulfilled. Forcing vernalization now (VERN=47.688571).
[2026-03-23 22:00:42,055][pcse.crop.phenology.Vernalisation][INFO] - Critical DVS for vernalization (VERNDVS) reached at day 1984-06-19, but vernalization requirements not yet fulfilled. Forcing vernalization now (VERN=47.688571).
[2026-03-23 22:00:42,071][pcse.crop.phenology.Vernalisation][INFO] - Critical DVS for vernalization (VERNDVS) reached at day 1984-06-20, but vernalization requirements not yet fulfilled. Forcing vernalization now (VERN=47.688571).
[2026-03-23 22:00:42,087][pcse.crop.phenology.Vernalisation][INFO] - Critical DVS for vernalization (VERNDVS) reached at day 1984-06-21, but vernalization requirements not yet fulfilled. Forcing vernalization now (VERN=47.688571).
[2026-03-23 22:00:42,103][pcse.crop.phenology.Vernalisation][INFO] - Critical DVS for vernalization (VERNDVS) reached at day 1984-06-22, but vernalization requirements not yet fulfilled. Forcing vernalization now (VERN=47.688571).
[2026-03-23 22:00:42,118][pcse.crop.phenology.Vernalisation][INFO] - Critical DVS for vernalization (VERNDVS) reached at day 1984-06-23, but vernalization requirements not yet fulfilled. Forcing vernalization now (VERN=47.688571).
[2026-03-23 22:00:42,134][pcse.crop.phenology.Vernalisation][INFO] - Critical DVS for vernalization (VERNDVS) reached at day 1984-06-24, but vernalization requirements not yet fulfilled. Forcing vernalization now (VERN=47.688571).
[2026-03-23 22:00:42,150][pcse.crop.phenology.Vernalisation][INFO] - Critical DVS for vernalization (VERNDVS) reached at day 1984-06-25, but vernalization requirements not yet fulfilled. Forcing vernalization now (VERN=47.688571).
[2026-03-23 22:00:42,166][pcse.crop.phenology.Vernalisation][INFO] - Critical DVS for vernalization (VERNDVS) reached at day 1984-06-26, but vernalization requirements not yet fulfilled. Forcing vernalization now (VERN=47.688571).
[2026-03-23 22:00:42,182][pcse.crop.phenology.Vernalisation][INFO] - Critical DVS for vernalization (VERNDVS) reached at day 1984-06-27, but vernalization requirements not yet fulfilled. Forcing vernalization now (VERN=47.688571).
[2026-03-23 22:00:42,198][pcse.crop.phenology.Vernalisation][INFO] - Critical DVS for vernalization (VERNDVS) reached at day 1984-06-28, but vernalization requirements not yet fulfilled. Forcing vernalization now (VERN=47.688571).
[2026-03-23 22:00:42,214][pcse.crop.phenology.Vernalisation][INFO] - Critical DVS for vernalization (VERNDVS) reached at day 1984-06-29, but vernalization requirements not yet fulfilled. Forcing vernalization now (VERN=47.688571).
[2026-03-23 22:00:42,214][pcse.crop.phenology.Annual_Phenology][INFO] - Changed phenological stage 'vegetative' to 'reproductive' on 1984-06-29
[2026-03-23 22:00:43,595][pcse.crop.phenology.Annual_Phenology][INFO] - Changed phenological stage 'reproductive' to 'mature' on 1984-09-13
[2026-03-23 22:00:43,863][pcse.base.timer.Timer][INFO] - Reached end of simulation period as specified by END_DATE.
| train          | E: 123 | S: 29643 | R: -130.9754 | TR: 15.8611 | TF: 128 | LR: 128 | NR: 0 | D: 04.5 s | TD: 00.0 s | BR: -0.5786 | ALOSS: 8864.1086 | CLOSS: 668851.4465 | TLOSS: -244.6066 | TVAL: 0.8579 | AENT: -286.1101 | BCLOSS: 0.0000
[EPISODE DBG] episode=123 step=29643 pred_return=-132.588451 true_return=12.083472 total_feedback=128 labeled_feedback=128
[2026-03-23 22:00:43,870][pcse.agromanager.SoilCalendar][INFO] - Starting soil (oregon) with variation (oregon_1) on day 1984-02-01
[2026-03-23 22:00:43,873][pcse.agromanager.CropCalendar][INFO] - Starting crop (wheat) with variety (wheat_1) on day 1984-02-01
[2026-03-23 22:00:45,309][pcse.crop.phenology.Annual_Phenology][INFO] - Changed phenological stage 'emerging' to 'vegetative' on 1984-04-10
[2026-03-23 22:00:46,094][pcse.crop.phenology.Vernalisation][INFO] - Critical DVS for vernalization (VERNDVS) reached at day 1984-06-02, but vernalization requirements not yet fulfilled. Forcing vernalization now (VERN=47.688571).
[2026-03-23 22:00:46,108][pcse.crop.phenology.Vernalisation][INFO] - Critical DVS for vernalization (VERNDVS) reached at day 1984-06-03, but vernalization requirements not yet fulfilled. Forcing vernalization now (VERN=47.688571).
[2026-03-23 22:00:46,122][pcse.crop.phenology.Vernalisation][INFO] - Critical DVS for vernalization (VERNDVS) reached at day 1984-06-04, but vernalization requirements not yet fulfilled. Forcing vernalization now (VERN=47.688571).
[2026-03-23 22:00:46,137][pcse.crop.phenology.Vernalisation][INFO] - Critical DVS for vernalization (VERNDVS) reached at day 1984-06-05, but vernalization requirements not yet fulfilled. Forcing vernalization now (VERN=47.688571).
[2026-03-23 22:00:46,149][pcse.crop.phenology.Vernalisation][INFO] - Critical DVS for vernalization (VERNDVS) reached at day 1984-06-06, but vernalization requirements not yet fulfilled. Forcing vernalization now (VERN=47.688571).
[2026-03-23 22:00:46,162][pcse.crop.phenology.Vernalisation][INFO] - Critical DVS for vernalization (VERNDVS) reached at day 1984-06-07, but vernalization requirements not yet fulfilled. Forcing vernalization now (VERN=47.688571).
[2026-03-23 22:00:46,175][pcse.crop.phenology.Vernalisation][INFO] - Critical DVS for vernalization (VERNDVS) reached at day 1984-06-08, but vernalization requirements not yet fulfilled. Forcing vernalization now (VERN=47.688571).
[2026-03-23 22:00:46,189][pcse.crop.phenology.Vernalisation][INFO] - Critical DVS for vernalization (VERNDVS) reached at day 1984-06-09, but vernalization requirements not yet fulfilled. Forcing vernalization now (VERN=47.688571).
[2026-03-23 22:00:46,202][pcse.crop.phenology.Vernalisation][INFO] - Critical DVS for vernalization (VERNDVS) reached at day 1984-06-10, but vernalization requirements not yet fulfilled. Forcing vernalization now (VERN=47.688571).
[2026-03-23 22:00:46,215][pcse.crop.phenology.Vernalisation][INFO] - Critical DVS for vernalization (VERNDVS) reached at day 1984-06-11, but vernalization requirements not yet fulfilled. Forcing vernalization now (VERN=47.688571).
[2026-03-23 22:00:46,229][pcse.crop.phenology.Vernalisation][INFO] - Critical DVS for vernalization (VERNDVS) reached at day 1984-06-12, but vernalization requirements not yet fulfilled. Forcing vernalization now (VERN=47.688571).
[2026-03-23 22:00:46,242][pcse.crop.phenology.Vernalisation][INFO] - Critical DVS for vernalization (VERNDVS) reached at day 1984-06-13, but vernalization requirements not yet fulfilled. Forcing vernalization now (VERN=47.688571).
[2026-03-23 22:00:46,256][pcse.crop.phenology.Vernalisation][INFO] - Critical DVS for vernalization (VERNDVS) reached at day 1984-06-14, but vernalization requirements not yet fulfilled. Forcing vernalization now (VERN=47.688571).
[2026-03-23 22:00:46,270][pcse.crop.phenology.Vernalisation][INFO] - Critical DVS for vernalization (VERNDVS) reached at day 1984-06-15, but vernalization requirements not yet fulfilled. Forcing vernalization now (VERN=47.688571).
[2026-03-23 22:00:46,284][pcse.crop.phenology.Vernalisation][INFO] - Critical DVS for vernalization (VERNDVS) reached at day 1984-06-16, but vernalization requirements not yet fulfilled. Forcing vernalization now (VERN=47.688571).
[2026-03-23 22:00:46,297][pcse.crop.phenology.Vernalisation][INFO] - Critical DVS for vernalization (VERNDVS) reached at day 1984-06-17, but vernalization requirements not yet fulfilled. Forcing vernalization now (VERN=47.688571).
[2026-03-23 22:00:46,311][pcse.crop.phenology.Vernalisation][INFO] - Critical DVS for vernalization (VERNDVS) reached at day 1984-06-18, but vernalization requirements not yet fulfilled. Forcing vernalization now (VERN=47.688571).
[2026-03-23 22:00:46,326][pcse.crop.phenology.Vernalisation][INFO] - Critical DVS for vernalization (VERNDVS) reached at day 1984-06-19, but vernalization requirements not yet fulfilled. Forcing vernalization now (VERN=47.688571).
[2026-03-23 22:00:46,340][pcse.crop.phenology.Vernalisation][INFO] - Critical DVS for vernalization (VERNDVS) reached at day 1984-06-20, but vernalization requirements not yet fulfilled. Forcing vernalization now (VERN=47.688571).
[2026-03-23 22:00:46,354][pcse.crop.phenology.Vernalisation][INFO] - Critical DVS for vernalization (VERNDVS) reached at day 1984-06-21, but vernalization requirements not yet fulfilled. Forcing vernalization now (VERN=47.688571).
[2026-03-23 22:00:46,368][pcse.crop.phenology.Vernalisation][INFO] - Critical DVS for vernalization (VERNDVS) reached at day 1984-06-22, but vernalization requirements not yet fulfilled. Forcing vernalization now (VERN=47.688571).
[2026-03-23 22:00:46,381][pcse.crop.phenology.Vernalisation][INFO] - Critical DVS for vernalization (VERNDVS) reached at day 1984-06-23, but vernalization requirements not yet fulfilled. Forcing vernalization now (VERN=47.688571).
[2026-03-23 22:00:46,395][pcse.crop.phenology.Vernalisation][INFO] - Critical DVS for vernalization (VERNDVS) reached at day 1984-06-24, but vernalization requirements not yet fulfilled. Forcing vernalization now (VERN=47.688571).
[2026-03-23 22:00:46,410][pcse.crop.phenology.Vernalisation][INFO] - Critical DVS for vernalization (VERNDVS) reached at day 1984-06-25, but vernalization requirements not yet fulfilled. Forcing vernalization now (VERN=47.688571).
[2026-03-23 22:00:46,424][pcse.crop.phenology.Vernalisation][INFO] - Critical DVS for vernalization (VERNDVS) reached at day 1984-06-26, but vernalization requirements not yet fulfilled. Forcing vernalization now (VERN=47.688571).
[2026-03-23 22:00:46,437][pcse.crop.phenology.Vernalisation][INFO] - Critical DVS for vernalization (VERNDVS) reached at day 1984-06-27, but vernalization requirements not yet fulfilled. Forcing vernalization now (VERN=47.688571).
[2026-03-23 22:00:46,452][pcse.crop.phenology.Vernalisation][INFO] - Critical DVS for vernalization (VERNDVS) reached at day 1984-06-28, but vernalization requirements not yet fulfilled. Forcing vernalization now (VERN=47.688571).
[2026-03-23 22:00:46,466][pcse.crop.phenology.Vernalisation][INFO] - Critical DVS for vernalization (VERNDVS) reached at day 1984-06-29, but vernalization requirements not yet fulfilled. Forcing vernalization now (VERN=47.688571).
[2026-03-23 22:00:46,466][pcse.crop.phenology.Annual_Phenology][INFO] - Changed phenological stage 'vegetative' to 'reproductive' on 1984-06-29
[2026-03-23 22:00:47,812][pcse.crop.phenology.Annual_Phenology][INFO] - Changed phenological stage 'reproductive' to 'mature' on 1984-09-13
[2026-03-23 22:00:48,079][pcse.base.timer.Timer][INFO] - Reached end of simulation period as specified by END_DATE.
| train          | E: 124 | S: 29884 | R: -132.5885 | TR: 12.0835 | TF: 128 | LR: 128 | NR: 0 | D: 04.2 s | TD: 00.0 s | BR: -0.5845 | ALOSS: 8946.4092 | CLOSS: 748778.2009 | TLOSS: -245.9364 | TVAL: 0.8755 | AENT: -281.9107 | BCLOSS: 0.0000
[EPISODE DBG] episode=124 step=29884 pred_return=-130.129899 true_return=20.711114 total_feedback=128 labeled_feedback=128
[2026-03-23 22:00:48,086][pcse.agromanager.SoilCalendar][INFO] - Starting soil (oregon) with variation (oregon_1) on day 1984-02-01
[2026-03-23 22:00:48,089][pcse.agromanager.CropCalendar][INFO] - Starting crop (wheat) with variety (wheat_1) on day 1984-02-01
[2026-03-23 22:00:49,520][pcse.crop.phenology.Annual_Phenology][INFO] - Changed phenological stage 'emerging' to 'vegetative' on 1984-04-10
