Gym has been unmaintained since 2022 and does not support NumPy 2.0 amongst other critical functionality.
Please upgrade to Gymnasium, the maintained drop-in replacement of Gym, or contact the authors of your software and request that they upgrade.
Users of this version of Gym should be able to simply replace 'import gym' with 'import gymnasium as gym' in the vast majority of cases.
See the migration guide at https://gymnasium.farama.org/introduction/migration_guide/ for additional information.
/home/sohams/BPref/train_PEBBLE.py:576: UserWarning: 
The version_base parameter is not specified.
Please specify a compatability version level, or None.
Will assume defaults for version 1.1
  @hydra.main(config_path='config', config_name='train_PEBBLE')
/home/sohams/anaconda3/envs/bpref-wofost/lib/python3.12/site-packages/hydra/_internal/defaults_list.py:251: UserWarning: In 'train_PEBBLE': Defaults list is missing `_self_`. See https://hydra.cc/docs/1.2/upgrades/1.0_to_1.1/default_composition_order for more information
  warnings.warn(msg, UserWarning)
/home/sohams/anaconda3/envs/bpref-wofost/lib/python3.12/site-packages/hydra/_internal/hydra.py:119: UserWarning: Future Hydra versions will no longer change working directory at job runtime by default.
See https://hydra.cc/docs/1.2/upgrades/1.1_to_1.2/changes_to_job_working_dir/ for more information.
  ret = run_job(
/home/sohams/anaconda3/envs/bpref-wofost/lib/python3.12/site-packages/pygame/pkgdata.py:25: UserWarning: pkg_resources is deprecated as an API. See https://setuptools.pypa.io/en/latest/pkg_resources.html. The pkg_resources package is slated for removal as early as 2025-11-30. Refrain from using this package or pin to Setuptools<81.
  from pkg_resources import resource_stream, resource_exists
workspace: /home/sohams/BPref/exp/wofost-lw-v0/PEBBLE_maxfeed512_seg365_seed0
[WOFOSTEnv] Using config: /home/sohams/wofost/wofostgymhub/WOFOSTGym-master/logs/ppo/PPO/lw-v0__rl_utils__1__1774370019/config.yaml
[WOFOSTEnv] Dropping unsupported env kwargs: ['site_fpath']
[2026-03-24 12:53:40,165][pcse.nasapower.NASAPowerWeatherDataProvider][INFO] - Retrieving weather data from NASA Power for lat/lon: (50.000000, 5.000000).
[2026-03-24 12:53:40,234][pcse.agromanager.SoilCalendar][INFO] - Starting soil (oregon) with variation (oregon_1) on day 1985-02-01
[2026-03-24 12:53:40,236][pcse.agromanager.CropCalendar][INFO] - Starting crop (wheat) with variety (wheat_1) on day 1985-02-01
[2026-03-24 12:53:40,246][pcse.agromanager.SoilCalendar][INFO] - Starting soil (oregon) with variation (oregon_1) on day 1984-02-01
[2026-03-24 12:53:40,247][pcse.agromanager.CropCalendar][INFO] - Starting crop (wheat) with variety (wheat_1) on day 1984-02-01
/home/sohams/anaconda3/envs/bpref-wofost/lib/python3.12/site-packages/gymnasium/utils/passive_env_checker.py:135: UserWarning: [33mWARN: The obs returned by the `reset()` method was expecting numpy array dtype to be float32, actual type: float64[0m
  logger.warn(
/home/sohams/anaconda3/envs/bpref-wofost/lib/python3.12/site-packages/gymnasium/utils/passive_env_checker.py:159: UserWarning: [33mWARN: The obs returned by the `reset()` method is not within the observation space.[0m
  logger.warn(f"{pre} is not within the observation space.")
cfg.agent:
 agent:
  name: sac
  class: agent.sac.SACAgent
  params:
    obs_dim: 15
    action_dim: 1
    action_range:
    - -1.0
    - 1.0
    device: ${device}
    critic_cfg:
      class: agent.critic.DoubleQCritic
      params:
        obs_dim: ${agent.params.obs_dim}
        action_dim: ${agent.params.action_dim}
        hidden_dim: 1024
        hidden_depth: 2
    actor_cfg:
      class: agent.actor.DiagGaussianActor
      params:
        obs_dim: ${agent.params.obs_dim}
        action_dim: ${agent.params.action_dim}
        hidden_depth: 2
        hidden_dim: 1024
        log_std_bounds:
        - -5
        - 2
    discount: 0.99
    init_temperature: 0.1
    alpha_lr: 0.0001
    alpha_betas:
    - 0.9
    - 0.999
    actor_lr: 0.0001
    actor_betas:
    - 0.9
    - 0.999
    actor_update_frequency: 1
    critic_lr: 0.0001
    critic_betas:
    - 0.9
    - 0.999
    critic_tau: 0.005
    critic_target_update_frequency: 2
    batch_size: 1024
    learnable_temperature: true
    normalize_state_entropy: true
params:
  obs_dim: 15
  action_dim: 1
  action_range:
  - -1.0
  - 1.0

[INIT DBG] obs_dim=15 action_dim=1 max_episode_steps=365 segment=365 activation=linear
[EPISODE DBG] episode=0 step=0 pred_return=0.000000 true_return=0.000000 total_feedback=0 labeled_feedback=0
[2026-03-24 12:53:41,262][pcse.agromanager.SoilCalendar][INFO] - Starting soil (oregon) with variation (oregon_1) on day 1984-02-01
[2026-03-24 12:53:41,264][pcse.agromanager.CropCalendar][INFO] - Starting crop (wheat) with variety (wheat_1) on day 1984-02-01
/home/sohams/anaconda3/envs/bpref-wofost/lib/python3.12/site-packages/gymnasium/utils/passive_env_checker.py:135: UserWarning: [33mWARN: The obs returned by the `step()` method was expecting numpy array dtype to be float32, actual type: float64[0m
  logger.warn(
/home/sohams/anaconda3/envs/bpref-wofost/lib/python3.12/site-packages/gymnasium/utils/passive_env_checker.py:159: UserWarning: [33mWARN: The obs returned by the `step()` method is not within the observation space.[0m
  logger.warn(f"{pre} is not within the observation space.")
[STEP DBG] step=0 env_reward=0.000000 r_hat=-8616.200195 done=False
[NORM DBG] count=0 mean_abs_mean=0.000000 mean_std=1.000000 min_std=1.000000 max_std=1.000000
[2026-03-24 12:53:41,605][pcse.crop.phenology.Annual_Phenology][INFO] - Changed phenological stage 'emerging' to 'vegetative' on 1984-04-10
[2026-03-24 12:53:41,828][pcse.crop.phenology.Vernalisation][INFO] - Critical DVS for vernalization (VERNDVS) reached at day 1984-06-02, but vernalization requirements not yet fulfilled. Forcing vernalization now (VERN=47.688571).
[2026-03-24 12:53:41,832][pcse.crop.phenology.Vernalisation][INFO] - Critical DVS for vernalization (VERNDVS) reached at day 1984-06-03, but vernalization requirements not yet fulfilled. Forcing vernalization now (VERN=47.688571).
[2026-03-24 12:53:41,835][pcse.crop.phenology.Vernalisation][INFO] - Critical DVS for vernalization (VERNDVS) reached at day 1984-06-04, but vernalization requirements not yet fulfilled. Forcing vernalization now (VERN=47.688571).
[2026-03-24 12:53:41,838][pcse.crop.phenology.Vernalisation][INFO] - Critical DVS for vernalization (VERNDVS) reached at day 1984-06-05, but vernalization requirements not yet fulfilled. Forcing vernalization now (VERN=47.688571).
[2026-03-24 12:53:41,841][pcse.crop.phenology.Vernalisation][INFO] - Critical DVS for vernalization (VERNDVS) reached at day 1984-06-06, but vernalization requirements not yet fulfilled. Forcing vernalization now (VERN=47.688571).
[2026-03-24 12:53:41,844][pcse.crop.phenology.Vernalisation][INFO] - Critical DVS for vernalization (VERNDVS) reached at day 1984-06-07, but vernalization requirements not yet fulfilled. Forcing vernalization now (VERN=47.688571).
[2026-03-24 12:53:41,847][pcse.crop.phenology.Vernalisation][INFO] - Critical DVS for vernalization (VERNDVS) reached at day 1984-06-08, but vernalization requirements not yet fulfilled. Forcing vernalization now (VERN=47.688571).
[2026-03-24 12:53:41,850][pcse.crop.phenology.Vernalisation][INFO] - Critical DVS for vernalization (VERNDVS) reached at day 1984-06-09, but vernalization requirements not yet fulfilled. Forcing vernalization now (VERN=47.688571).
[2026-03-24 12:53:41,853][pcse.crop.phenology.Vernalisation][INFO] - Critical DVS for vernalization (VERNDVS) reached at day 1984-06-10, but vernalization requirements not yet fulfilled. Forcing vernalization now (VERN=47.688571).
[2026-03-24 12:53:41,857][pcse.crop.phenology.Vernalisation][INFO] - Critical DVS for vernalization (VERNDVS) reached at day 1984-06-11, but vernalization requirements not yet fulfilled. Forcing vernalization now (VERN=47.688571).
[2026-03-24 12:53:41,860][pcse.crop.phenology.Vernalisation][INFO] - Critical DVS for vernalization (VERNDVS) reached at day 1984-06-12, but vernalization requirements not yet fulfilled. Forcing vernalization now (VERN=47.688571).
[2026-03-24 12:53:41,863][pcse.crop.phenology.Vernalisation][INFO] - Critical DVS for vernalization (VERNDVS) reached at day 1984-06-13, but vernalization requirements not yet fulfilled. Forcing vernalization now (VERN=47.688571).
[2026-03-24 12:53:41,866][pcse.crop.phenology.Vernalisation][INFO] - Critical DVS for vernalization (VERNDVS) reached at day 1984-06-14, but vernalization requirements not yet fulfilled. Forcing vernalization now (VERN=47.688571).
[2026-03-24 12:53:41,869][pcse.crop.phenology.Vernalisation][INFO] - Critical DVS for vernalization (VERNDVS) reached at day 1984-06-15, but vernalization requirements not yet fulfilled. Forcing vernalization now (VERN=47.688571).
[2026-03-24 12:53:41,872][pcse.crop.phenology.Vernalisation][INFO] - Critical DVS for vernalization (VERNDVS) reached at day 1984-06-16, but vernalization requirements not yet fulfilled. Forcing vernalization now (VERN=47.688571).
[2026-03-24 12:53:41,875][pcse.crop.phenology.Vernalisation][INFO] - Critical DVS for vernalization (VERNDVS) reached at day 1984-06-17, but vernalization requirements not yet fulfilled. Forcing vernalization now (VERN=47.688571).
[2026-03-24 12:53:41,878][pcse.crop.phenology.Vernalisation][INFO] - Critical DVS for vernalization (VERNDVS) reached at day 1984-06-18, but vernalization requirements not yet fulfilled. Forcing vernalization now (VERN=47.688571).
[2026-03-24 12:53:41,881][pcse.crop.phenology.Vernalisation][INFO] - Critical DVS for vernalization (VERNDVS) reached at day 1984-06-19, but vernalization requirements not yet fulfilled. Forcing vernalization now (VERN=47.688571).
[2026-03-24 12:53:41,884][pcse.crop.phenology.Vernalisation][INFO] - Critical DVS for vernalization (VERNDVS) reached at day 1984-06-20, but vernalization requirements not yet fulfilled. Forcing vernalization now (VERN=47.688571).
[2026-03-24 12:53:41,887][pcse.crop.phenology.Vernalisation][INFO] - Critical DVS for vernalization (VERNDVS) reached at day 1984-06-21, but vernalization requirements not yet fulfilled. Forcing vernalization now (VERN=47.688571).
[2026-03-24 12:53:41,890][pcse.crop.phenology.Vernalisation][INFO] - Critical DVS for vernalization (VERNDVS) reached at day 1984-06-22, but vernalization requirements not yet fulfilled. Forcing vernalization now (VERN=47.688571).
[2026-03-24 12:53:41,893][pcse.crop.phenology.Vernalisation][INFO] - Critical DVS for vernalization (VERNDVS) reached at day 1984-06-23, but vernalization requirements not yet fulfilled. Forcing vernalization now (VERN=47.688571).
[2026-03-24 12:53:41,896][pcse.crop.phenology.Vernalisation][INFO] - Critical DVS for vernalization (VERNDVS) reached at day 1984-06-24, but vernalization requirements not yet fulfilled. Forcing vernalization now (VERN=47.688571).
[2026-03-24 12:53:41,900][pcse.crop.phenology.Vernalisation][INFO] - Critical DVS for vernalization (VERNDVS) reached at day 1984-06-25, but vernalization requirements not yet fulfilled. Forcing vernalization now (VERN=47.688571).
[2026-03-24 12:53:41,903][pcse.crop.phenology.Vernalisation][INFO] - Critical DVS for vernalization (VERNDVS) reached at day 1984-06-26, but vernalization requirements not yet fulfilled. Forcing vernalization now (VERN=47.688571).
[2026-03-24 12:53:41,906][pcse.crop.phenology.Vernalisation][INFO] - Critical DVS for vernalization (VERNDVS) reached at day 1984-06-27, but vernalization requirements not yet fulfilled. Forcing vernalization now (VERN=47.688571).
[2026-03-24 12:53:41,909][pcse.crop.phenology.Vernalisation][INFO] - Critical DVS for vernalization (VERNDVS) reached at day 1984-06-28, but vernalization requirements not yet fulfilled. Forcing vernalization now (VERN=47.688571).
[2026-03-24 12:53:41,912][pcse.crop.phenology.Vernalisation][INFO] - Critical DVS for vernalization (VERNDVS) reached at day 1984-06-29, but vernalization requirements not yet fulfilled. Forcing vernalization now (VERN=47.688571).
[2026-03-24 12:53:41,912][pcse.crop.phenology.Annual_Phenology][INFO] - Changed phenological stage 'vegetative' to 'reproductive' on 1984-06-29
[2026-03-24 12:53:42,129][pcse.crop.phenology.Annual_Phenology][INFO] - Changed phenological stage 'reproductive' to 'mature' on 1984-09-13
[2026-03-24 12:53:42,174][pcse.base.timer.Timer][INFO] - Reached end of simulation period as specified by END_DATE.
[EPISODE DBG] episode=1 step=241 pred_return=-17235.028535 true_return=0.000000 total_feedback=0 labeled_feedback=0
[2026-03-24 12:53:42,179][pcse.agromanager.SoilCalendar][INFO] - Starting soil (oregon) with variation (oregon_1) on day 1984-02-01
[2026-03-24 12:53:42,180][pcse.agromanager.CropCalendar][INFO] - Starting crop (wheat) with variety (wheat_1) on day 1984-02-01
[2026-03-24 12:53:42,452][pcse.crop.phenology.Annual_Phenology][INFO] - Changed phenological stage 'emerging' to 'vegetative' on 1984-04-10
[2026-03-24 12:53:42,585][pcse.crop.phenology.Vernalisation][INFO] - Critical DVS for vernalization (VERNDVS) reached at day 1984-06-02, but vernalization requirements not yet fulfilled. Forcing vernalization now (VERN=47.688571).
[2026-03-24 12:53:42,588][pcse.crop.phenology.Vernalisation][INFO] - Critical DVS for vernalization (VERNDVS) reached at day 1984-06-03, but vernalization requirements not yet fulfilled. Forcing vernalization now (VERN=47.688571).
[2026-03-24 12:53:42,590][pcse.crop.phenology.Vernalisation][INFO] - Critical DVS for vernalization (VERNDVS) reached at day 1984-06-04, but vernalization requirements not yet fulfilled. Forcing vernalization now (VERN=47.688571).
[2026-03-24 12:53:42,593][pcse.crop.phenology.Vernalisation][INFO] - Critical DVS for vernalization (VERNDVS) reached at day 1984-06-05, but vernalization requirements not yet fulfilled. Forcing vernalization now (VERN=47.688571).
[2026-03-24 12:53:42,595][pcse.crop.phenology.Vernalisation][INFO] - Critical DVS for vernalization (VERNDVS) reached at day 1984-06-06, but vernalization requirements not yet fulfilled. Forcing vernalization now (VERN=47.688571).
[2026-03-24 12:53:42,598][pcse.crop.phenology.Vernalisation][INFO] - Critical DVS for vernalization (VERNDVS) reached at day 1984-06-07, but vernalization requirements not yet fulfilled. Forcing vernalization now (VERN=47.688571).
[2026-03-24 12:53:42,600][pcse.crop.phenology.Vernalisation][INFO] - Critical DVS for vernalization (VERNDVS) reached at day 1984-06-08, but vernalization requirements not yet fulfilled. Forcing vernalization now (VERN=47.688571).
[2026-03-24 12:53:42,603][pcse.crop.phenology.Vernalisation][INFO] - Critical DVS for vernalization (VERNDVS) reached at day 1984-06-09, but vernalization requirements not yet fulfilled. Forcing vernalization now (VERN=47.688571).
[2026-03-24 12:53:42,605][pcse.crop.phenology.Vernalisation][INFO] - Critical DVS for vernalization (VERNDVS) reached at day 1984-06-10, but vernalization requirements not yet fulfilled. Forcing vernalization now (VERN=47.688571).
[2026-03-24 12:53:42,607][pcse.crop.phenology.Vernalisation][INFO] - Critical DVS for vernalization (VERNDVS) reached at day 1984-06-11, but vernalization requirements not yet fulfilled. Forcing vernalization now (VERN=47.688571).
[2026-03-24 12:53:42,610][pcse.crop.phenology.Vernalisation][INFO] - Critical DVS for vernalization (VERNDVS) reached at day 1984-06-12, but vernalization requirements not yet fulfilled. Forcing vernalization now (VERN=47.688571).
[2026-03-24 12:53:42,612][pcse.crop.phenology.Vernalisation][INFO] - Critical DVS for vernalization (VERNDVS) reached at day 1984-06-13, but vernalization requirements not yet fulfilled. Forcing vernalization now (VERN=47.688571).
[2026-03-24 12:53:42,615][pcse.crop.phenology.Vernalisation][INFO] - Critical DVS for vernalization (VERNDVS) reached at day 1984-06-14, but vernalization requirements not yet fulfilled. Forcing vernalization now (VERN=47.688571).
[2026-03-24 12:53:42,617][pcse.crop.phenology.Vernalisation][INFO] - Critical DVS for vernalization (VERNDVS) reached at day 1984-06-15, but vernalization requirements not yet fulfilled. Forcing vernalization now (VERN=47.688571).
[2026-03-24 12:53:42,619][pcse.crop.phenology.Vernalisation][INFO] - Critical DVS for vernalization (VERNDVS) reached at day 1984-06-16, but vernalization requirements not yet fulfilled. Forcing vernalization now (VERN=47.688571).
[2026-03-24 12:53:42,622][pcse.crop.phenology.Vernalisation][INFO] - Critical DVS for vernalization (VERNDVS) reached at day 1984-06-17, but vernalization requirements not yet fulfilled. Forcing vernalization now (VERN=47.688571).
[2026-03-24 12:53:42,624][pcse.crop.phenology.Vernalisation][INFO] - Critical DVS for vernalization (VERNDVS) reached at day 1984-06-18, but vernalization requirements not yet fulfilled. Forcing vernalization now (VERN=47.688571).
[2026-03-24 12:53:42,627][pcse.crop.phenology.Vernalisation][INFO] - Critical DVS for vernalization (VERNDVS) reached at day 1984-06-19, but vernalization requirements not yet fulfilled. Forcing vernalization now (VERN=47.688571).
[2026-03-24 12:53:42,630][pcse.crop.phenology.Vernalisation][INFO] - Critical DVS for vernalization (VERNDVS) reached at day 1984-06-20, but vernalization requirements not yet fulfilled. Forcing vernalization now (VERN=47.688571).
[2026-03-24 12:53:42,633][pcse.crop.phenology.Vernalisation][INFO] - Critical DVS for vernalization (VERNDVS) reached at day 1984-06-21, but vernalization requirements not yet fulfilled. Forcing vernalization now (VERN=47.688571).
[2026-03-24 12:53:42,635][pcse.crop.phenology.Vernalisation][INFO] - Critical DVS for vernalization (VERNDVS) reached at day 1984-06-22, but vernalization requirements not yet fulfilled. Forcing vernalization now (VERN=47.688571).
[2026-03-24 12:53:42,638][pcse.crop.phenology.Vernalisation][INFO] - Critical DVS for vernalization (VERNDVS) reached at day 1984-06-23, but vernalization requirements not yet fulfilled. Forcing vernalization now (VERN=47.688571).
[2026-03-24 12:53:42,640][pcse.crop.phenology.Vernalisation][INFO] - Critical DVS for vernalization (VERNDVS) reached at day 1984-06-24, but vernalization requirements not yet fulfilled. Forcing vernalization now (VERN=47.688571).
[2026-03-24 12:53:42,643][pcse.crop.phenology.Vernalisation][INFO] - Critical DVS for vernalization (VERNDVS) reached at day 1984-06-25, but vernalization requirements not yet fulfilled. Forcing vernalization now (VERN=47.688571).
[2026-03-24 12:53:42,645][pcse.crop.phenology.Vernalisation][INFO] - Critical DVS for vernalization (VERNDVS) reached at day 1984-06-26, but vernalization requirements not yet fulfilled. Forcing vernalization now (VERN=47.688571).
[2026-03-24 12:53:42,648][pcse.crop.phenology.Vernalisation][INFO] - Critical DVS for vernalization (VERNDVS) reached at day 1984-06-27, but vernalization requirements not yet fulfilled. Forcing vernalization now (VERN=47.688571).
[2026-03-24 12:53:42,650][pcse.crop.phenology.Vernalisation][INFO] - Critical DVS for vernalization (VERNDVS) reached at day 1984-06-28, but vernalization requirements not yet fulfilled. Forcing vernalization now (VERN=47.688571).
[2026-03-24 12:53:42,653][pcse.crop.phenology.Vernalisation][INFO] - Critical DVS for vernalization (VERNDVS) reached at day 1984-06-29, but vernalization requirements not yet fulfilled. Forcing vernalization now (VERN=47.688571).
[2026-03-24 12:53:42,653][pcse.crop.phenology.Annual_Phenology][INFO] - Changed phenological stage 'vegetative' to 'reproductive' on 1984-06-29
[2026-03-24 12:53:42,833][pcse.crop.phenology.Annual_Phenology][INFO] - Changed phenological stage 'reproductive' to 'mature' on 1984-09-13
[2026-03-24 12:53:42,878][pcse.base.timer.Timer][INFO] - Reached end of simulation period as specified by END_DATE.
[EPISODE DBG] episode=2 step=482 pred_return=-1.615014 true_return=0.000000 total_feedback=0 labeled_feedback=0
[2026-03-24 12:53:42,883][pcse.agromanager.SoilCalendar][INFO] - Starting soil (oregon) with variation (oregon_1) on day 1984-02-01
[2026-03-24 12:53:42,884][pcse.agromanager.CropCalendar][INFO] - Starting crop (wheat) with variety (wheat_1) on day 1984-02-01
[STEP DBG] step=500 env_reward=0.000000 r_hat=-0.017327 done=False
[NORM DBG] count=500 mean_abs_mean=62524.640625 mean_std=9.354950 min_std=0.001000 max_std=71.473038
[2026-03-24 12:53:43,149][pcse.crop.phenology.Annual_Phenology][INFO] - Changed phenological stage 'emerging' to 'vegetative' on 1984-04-10
[2026-03-24 12:53:43,285][pcse.crop.phenology.Vernalisation][INFO] - Critical DVS for vernalization (VERNDVS) reached at day 1984-06-02, but vernalization requirements not yet fulfilled. Forcing vernalization now (VERN=47.688571).
[2026-03-24 12:53:43,288][pcse.crop.phenology.Vernalisation][INFO] - Critical DVS for vernalization (VERNDVS) reached at day 1984-06-03, but vernalization requirements not yet fulfilled. Forcing vernalization now (VERN=47.688571).
[2026-03-24 12:53:43,290][pcse.crop.phenology.Vernalisation][INFO] - Critical DVS for vernalization (VERNDVS) reached at day 1984-06-04, but vernalization requirements not yet fulfilled. Forcing vernalization now (VERN=47.688571).
[2026-03-24 12:53:43,293][pcse.crop.phenology.Vernalisation][INFO] - Critical DVS for vernalization (VERNDVS) reached at day 1984-06-05, but vernalization requirements not yet fulfilled. Forcing vernalization now (VERN=47.688571).
[2026-03-24 12:53:43,295][pcse.crop.phenology.Vernalisation][INFO] - Critical DVS for vernalization (VERNDVS) reached at day 1984-06-06, but vernalization requirements not yet fulfilled. Forcing vernalization now (VERN=47.688571).
[2026-03-24 12:53:43,298][pcse.crop.phenology.Vernalisation][INFO] - Critical DVS for vernalization (VERNDVS) reached at day 1984-06-07, but vernalization requirements not yet fulfilled. Forcing vernalization now (VERN=47.688571).
[2026-03-24 12:53:43,300][pcse.crop.phenology.Vernalisation][INFO] - Critical DVS for vernalization (VERNDVS) reached at day 1984-06-08, but vernalization requirements not yet fulfilled. Forcing vernalization now (VERN=47.688571).
[2026-03-24 12:53:43,303][pcse.crop.phenology.Vernalisation][INFO] - Critical DVS for vernalization (VERNDVS) reached at day 1984-06-09, but vernalization requirements not yet fulfilled. Forcing vernalization now (VERN=47.688571).
[2026-03-24 12:53:43,306][pcse.crop.phenology.Vernalisation][INFO] - Critical DVS for vernalization (VERNDVS) reached at day 1984-06-10, but vernalization requirements not yet fulfilled. Forcing vernalization now (VERN=47.688571).
[2026-03-24 12:53:43,309][pcse.crop.phenology.Vernalisation][INFO] - Critical DVS for vernalization (VERNDVS) reached at day 1984-06-11, but vernalization requirements not yet fulfilled. Forcing vernalization now (VERN=47.688571).
[2026-03-24 12:53:43,311][pcse.crop.phenology.Vernalisation][INFO] - Critical DVS for vernalization (VERNDVS) reached at day 1984-06-12, but vernalization requirements not yet fulfilled. Forcing vernalization now (VERN=47.688571).
[2026-03-24 12:53:43,314][pcse.crop.phenology.Vernalisation][INFO] - Critical DVS for vernalization (VERNDVS) reached at day 1984-06-13, but vernalization requirements not yet fulfilled. Forcing vernalization now (VERN=47.688571).
[2026-03-24 12:53:43,316][pcse.crop.phenology.Vernalisation][INFO] - Critical DVS for vernalization (VERNDVS) reached at day 1984-06-14, but vernalization requirements not yet fulfilled. Forcing vernalization now (VERN=47.688571).
[2026-03-24 12:53:43,319][pcse.crop.phenology.Vernalisation][INFO] - Critical DVS for vernalization (VERNDVS) reached at day 1984-06-15, but vernalization requirements not yet fulfilled. Forcing vernalization now (VERN=47.688571).
[2026-03-24 12:53:43,321][pcse.crop.phenology.Vernalisation][INFO] - Critical DVS for vernalization (VERNDVS) reached at day 1984-06-16, but vernalization requirements not yet fulfilled. Forcing vernalization now (VERN=47.688571).
[2026-03-24 12:53:43,324][pcse.crop.phenology.Vernalisation][INFO] - Critical DVS for vernalization (VERNDVS) reached at day 1984-06-17, but vernalization requirements not yet fulfilled. Forcing vernalization now (VERN=47.688571).
[2026-03-24 12:53:43,328][pcse.crop.phenology.Vernalisation][INFO] - Critical DVS for vernalization (VERNDVS) reached at day 1984-06-18, but vernalization requirements not yet fulfilled. Forcing vernalization now (VERN=47.688571).
[2026-03-24 12:53:43,330][pcse.crop.phenology.Vernalisation][INFO] - Critical DVS for vernalization (VERNDVS) reached at day 1984-06-19, but vernalization requirements not yet fulfilled. Forcing vernalization now (VERN=47.688571).
[2026-03-24 12:53:43,333][pcse.crop.phenology.Vernalisation][INFO] - Critical DVS for vernalization (VERNDVS) reached at day 1984-06-20, but vernalization requirements not yet fulfilled. Forcing vernalization now (VERN=47.688571).
[2026-03-24 12:53:43,336][pcse.crop.phenology.Vernalisation][INFO] - Critical DVS for vernalization (VERNDVS) reached at day 1984-06-21, but vernalization requirements not yet fulfilled. Forcing vernalization now (VERN=47.688571).
[2026-03-24 12:53:43,338][pcse.crop.phenology.Vernalisation][INFO] - Critical DVS for vernalization (VERNDVS) reached at day 1984-06-22, but vernalization requirements not yet fulfilled. Forcing vernalization now (VERN=47.688571).
[2026-03-24 12:53:43,340][pcse.crop.phenology.Vernalisation][INFO] - Critical DVS for vernalization (VERNDVS) reached at day 1984-06-23, but vernalization requirements not yet fulfilled. Forcing vernalization now (VERN=47.688571).
[2026-03-24 12:53:43,343][pcse.crop.phenology.Vernalisation][INFO] - Critical DVS for vernalization (VERNDVS) reached at day 1984-06-24, but vernalization requirements not yet fulfilled. Forcing vernalization now (VERN=47.688571).
[2026-03-24 12:53:43,346][pcse.crop.phenology.Vernalisation][INFO] - Critical DVS for vernalization (VERNDVS) reached at day 1984-06-25, but vernalization requirements not yet fulfilled. Forcing vernalization now (VERN=47.688571).
[2026-03-24 12:53:43,349][pcse.crop.phenology.Vernalisation][INFO] - Critical DVS for vernalization (VERNDVS) reached at day 1984-06-26, but vernalization requirements not yet fulfilled. Forcing vernalization now (VERN=47.688571).
[2026-03-24 12:53:43,352][pcse.crop.phenology.Vernalisation][INFO] - Critical DVS for vernalization (VERNDVS) reached at day 1984-06-27, but vernalization requirements not yet fulfilled. Forcing vernalization now (VERN=47.688571).
[2026-03-24 12:53:43,354][pcse.crop.phenology.Vernalisation][INFO] - Critical DVS for vernalization (VERNDVS) reached at day 1984-06-28, but vernalization requirements not yet fulfilled. Forcing vernalization now (VERN=47.688571).
[2026-03-24 12:53:43,357][pcse.crop.phenology.Vernalisation][INFO] - Critical DVS for vernalization (VERNDVS) reached at day 1984-06-29, but vernalization requirements not yet fulfilled. Forcing vernalization now (VERN=47.688571).
[2026-03-24 12:53:43,357][pcse.crop.phenology.Annual_Phenology][INFO] - Changed phenological stage 'vegetative' to 'reproductive' on 1984-06-29
[2026-03-24 12:53:43,553][pcse.crop.phenology.Annual_Phenology][INFO] - Changed phenological stage 'reproductive' to 'mature' on 1984-09-13
[2026-03-24 12:53:43,598][pcse.base.timer.Timer][INFO] - Reached end of simulation period as specified by END_DATE.
[EPISODE DBG] episode=3 step=723 pred_return=-7.649941 true_return=42.566584 total_feedback=0 labeled_feedback=0
[2026-03-24 12:53:43,603][pcse.agromanager.SoilCalendar][INFO] - Starting soil (oregon) with variation (oregon_1) on day 1984-02-01
[2026-03-24 12:53:43,604][pcse.agromanager.CropCalendar][INFO] - Starting crop (wheat) with variety (wheat_1) on day 1984-02-01
[2026-03-24 12:53:43,877][pcse.crop.phenology.Annual_Phenology][INFO] - Changed phenological stage 'emerging' to 'vegetative' on 1984-04-10
[2026-03-24 12:53:44,022][pcse.crop.phenology.Vernalisation][INFO] - Critical DVS for vernalization (VERNDVS) reached at day 1984-06-02, but vernalization requirements not yet fulfilled. Forcing vernalization now (VERN=47.688571).
[2026-03-24 12:53:44,025][pcse.crop.phenology.Vernalisation][INFO] - Critical DVS for vernalization (VERNDVS) reached at day 1984-06-03, but vernalization requirements not yet fulfilled. Forcing vernalization now (VERN=47.688571).
[2026-03-24 12:53:44,027][pcse.crop.phenology.Vernalisation][INFO] - Critical DVS for vernalization (VERNDVS) reached at day 1984-06-04, but vernalization requirements not yet fulfilled. Forcing vernalization now (VERN=47.688571).
[2026-03-24 12:53:44,031][pcse.crop.phenology.Vernalisation][INFO] - Critical DVS for vernalization (VERNDVS) reached at day 1984-06-05, but vernalization requirements not yet fulfilled. Forcing vernalization now (VERN=47.688571).
[2026-03-24 12:53:44,034][pcse.crop.phenology.Vernalisation][INFO] - Critical DVS for vernalization (VERNDVS) reached at day 1984-06-06, but vernalization requirements not yet fulfilled. Forcing vernalization now (VERN=47.688571).
[2026-03-24 12:53:44,037][pcse.crop.phenology.Vernalisation][INFO] - Critical DVS for vernalization (VERNDVS) reached at day 1984-06-07, but vernalization requirements not yet fulfilled. Forcing vernalization now (VERN=47.688571).
[2026-03-24 12:53:44,040][pcse.crop.phenology.Vernalisation][INFO] - Critical DVS for vernalization (VERNDVS) reached at day 1984-06-08, but vernalization requirements not yet fulfilled. Forcing vernalization now (VERN=47.688571).
[2026-03-24 12:53:44,043][pcse.crop.phenology.Vernalisation][INFO] - Critical DVS for vernalization (VERNDVS) reached at day 1984-06-09, but vernalization requirements not yet fulfilled. Forcing vernalization now (VERN=47.688571).
[2026-03-24 12:53:44,045][pcse.crop.phenology.Vernalisation][INFO] - Critical DVS for vernalization (VERNDVS) reached at day 1984-06-10, but vernalization requirements not yet fulfilled. Forcing vernalization now (VERN=47.688571).
[2026-03-24 12:53:44,048][pcse.crop.phenology.Vernalisation][INFO] - Critical DVS for vernalization (VERNDVS) reached at day 1984-06-11, but vernalization requirements not yet fulfilled. Forcing vernalization now (VERN=47.688571).
[2026-03-24 12:53:44,050][pcse.crop.phenology.Vernalisation][INFO] - Critical DVS for vernalization (VERNDVS) reached at day 1984-06-12, but vernalization requirements not yet fulfilled. Forcing vernalization now (VERN=47.688571).
[2026-03-24 12:53:44,054][pcse.crop.phenology.Vernalisation][INFO] - Critical DVS for vernalization (VERNDVS) reached at day 1984-06-13, but vernalization requirements not yet fulfilled. Forcing vernalization now (VERN=47.688571).
[2026-03-24 12:53:44,057][pcse.crop.phenology.Vernalisation][INFO] - Critical DVS for vernalization (VERNDVS) reached at day 1984-06-14, but vernalization requirements not yet fulfilled. Forcing vernalization now (VERN=47.688571).
[2026-03-24 12:53:44,060][pcse.crop.phenology.Vernalisation][INFO] - Critical DVS for vernalization (VERNDVS) reached at day 1984-06-15, but vernalization requirements not yet fulfilled. Forcing vernalization now (VERN=47.688571).
[2026-03-24 12:53:44,062][pcse.crop.phenology.Vernalisation][INFO] - Critical DVS for vernalization (VERNDVS) reached at day 1984-06-16, but vernalization requirements not yet fulfilled. Forcing vernalization now (VERN=47.688571).
[2026-03-24 12:53:44,065][pcse.crop.phenology.Vernalisation][INFO] - Critical DVS for vernalization (VERNDVS) reached at day 1984-06-17, but vernalization requirements not yet fulfilled. Forcing vernalization now (VERN=47.688571).
[2026-03-24 12:53:44,067][pcse.crop.phenology.Vernalisation][INFO] - Critical DVS for vernalization (VERNDVS) reached at day 1984-06-18, but vernalization requirements not yet fulfilled. Forcing vernalization now (VERN=47.688571).
[2026-03-24 12:53:44,070][pcse.crop.phenology.Vernalisation][INFO] - Critical DVS for vernalization (VERNDVS) reached at day 1984-06-19, but vernalization requirements not yet fulfilled. Forcing vernalization now (VERN=47.688571).
[2026-03-24 12:53:44,072][pcse.crop.phenology.Vernalisation][INFO] - Critical DVS for vernalization (VERNDVS) reached at day 1984-06-20, but vernalization requirements not yet fulfilled. Forcing vernalization now (VERN=47.688571).
[2026-03-24 12:53:44,074][pcse.crop.phenology.Vernalisation][INFO] - Critical DVS for vernalization (VERNDVS) reached at day 1984-06-21, but vernalization requirements not yet fulfilled. Forcing vernalization now (VERN=47.688571).
[2026-03-24 12:53:44,077][pcse.crop.phenology.Vernalisation][INFO] - Critical DVS for vernalization (VERNDVS) reached at day 1984-06-22, but vernalization requirements not yet fulfilled. Forcing vernalization now (VERN=47.688571).
[2026-03-24 12:53:44,081][pcse.crop.phenology.Vernalisation][INFO] - Critical DVS for vernalization (VERNDVS) reached at day 1984-06-23, but vernalization requirements not yet fulfilled. Forcing vernalization now (VERN=47.688571).
[2026-03-24 12:53:44,083][pcse.crop.phenology.Vernalisation][INFO] - Critical DVS for vernalization (VERNDVS) reached at day 1984-06-24, but vernalization requirements not yet fulfilled. Forcing vernalization now (VERN=47.688571).
[2026-03-24 12:53:44,086][pcse.crop.phenology.Vernalisation][INFO] - Critical DVS for vernalization (VERNDVS) reached at day 1984-06-25, but vernalization requirements not yet fulfilled. Forcing vernalization now (VERN=47.688571).
[2026-03-24 12:53:44,088][pcse.crop.phenology.Vernalisation][INFO] - Critical DVS for vernalization (VERNDVS) reached at day 1984-06-26, but vernalization requirements not yet fulfilled. Forcing vernalization now (VERN=47.688571).
[2026-03-24 12:53:44,092][pcse.crop.phenology.Vernalisation][INFO] - Critical DVS for vernalization (VERNDVS) reached at day 1984-06-27, but vernalization requirements not yet fulfilled. Forcing vernalization now (VERN=47.688571).
[2026-03-24 12:53:44,094][pcse.crop.phenology.Vernalisation][INFO] - Critical DVS for vernalization (VERNDVS) reached at day 1984-06-28, but vernalization requirements not yet fulfilled. Forcing vernalization now (VERN=47.688571).
[2026-03-24 12:53:44,097][pcse.crop.phenology.Vernalisation][INFO] - Critical DVS for vernalization (VERNDVS) reached at day 1984-06-29, but vernalization requirements not yet fulfilled. Forcing vernalization now (VERN=47.688571).
[2026-03-24 12:53:44,097][pcse.crop.phenology.Annual_Phenology][INFO] - Changed phenological stage 'vegetative' to 'reproductive' on 1984-06-29
[2026-03-24 12:53:44,305][pcse.crop.phenology.Annual_Phenology][INFO] - Changed phenological stage 'reproductive' to 'mature' on 1984-09-13
[2026-03-24 12:53:44,354][pcse.base.timer.Timer][INFO] - Reached end of simulation period as specified by END_DATE.
[EPISODE DBG] episode=4 step=964 pred_return=-1.099313 true_return=0.000000 total_feedback=0 labeled_feedback=0
[2026-03-24 12:53:44,359][pcse.agromanager.SoilCalendar][INFO] - Starting soil (oregon) with variation (oregon_1) on day 1984-02-01
[2026-03-24 12:53:44,360][pcse.agromanager.CropCalendar][INFO] - Starting crop (wheat) with variety (wheat_1) on day 1984-02-01
[STEP DBG] step=1000 env_reward=0.000000 r_hat=-0.011584 done=False
[NORM DBG] count=1000 mean_abs_mean=62524.597656 mean_std=9.312469 min_std=0.001000 max_std=70.987991
[2026-03-24 12:53:44,644][pcse.crop.phenology.Annual_Phenology][INFO] - Changed phenological stage 'emerging' to 'vegetative' on 1984-04-10
[2026-03-24 12:53:44,782][pcse.crop.phenology.Vernalisation][INFO] - Critical DVS for vernalization (VERNDVS) reached at day 1984-06-02, but vernalization requirements not yet fulfilled. Forcing vernalization now (VERN=47.688571).
[2026-03-24 12:53:44,785][pcse.crop.phenology.Vernalisation][INFO] - Critical DVS for vernalization (VERNDVS) reached at day 1984-06-03, but vernalization requirements not yet fulfilled. Forcing vernalization now (VERN=47.688571).
[2026-03-24 12:53:44,787][pcse.crop.phenology.Vernalisation][INFO] - Critical DVS for vernalization (VERNDVS) reached at day 1984-06-04, but vernalization requirements not yet fulfilled. Forcing vernalization now (VERN=47.688571).
[2026-03-24 12:53:44,790][pcse.crop.phenology.Vernalisation][INFO] - Critical DVS for vernalization (VERNDVS) reached at day 1984-06-05, but vernalization requirements not yet fulfilled. Forcing vernalization now (VERN=47.688571).
[2026-03-24 12:53:44,793][pcse.crop.phenology.Vernalisation][INFO] - Critical DVS for vernalization (VERNDVS) reached at day 1984-06-06, but vernalization requirements not yet fulfilled. Forcing vernalization now (VERN=47.688571).
[2026-03-24 12:53:44,796][pcse.crop.phenology.Vernalisation][INFO] - Critical DVS for vernalization (VERNDVS) reached at day 1984-06-07, but vernalization requirements not yet fulfilled. Forcing vernalization now (VERN=47.688571).
[2026-03-24 12:53:44,798][pcse.crop.phenology.Vernalisation][INFO] - Critical DVS for vernalization (VERNDVS) reached at day 1984-06-08, but vernalization requirements not yet fulfilled. Forcing vernalization now (VERN=47.688571).
[2026-03-24 12:53:44,801][pcse.crop.phenology.Vernalisation][INFO] - Critical DVS for vernalization (VERNDVS) reached at day 1984-06-09, but vernalization requirements not yet fulfilled. Forcing vernalization now (VERN=47.688571).
[2026-03-24 12:53:44,804][pcse.crop.phenology.Vernalisation][INFO] - Critical DVS for vernalization (VERNDVS) reached at day 1984-06-10, but vernalization requirements not yet fulfilled. Forcing vernalization now (VERN=47.688571).
[2026-03-24 12:53:44,807][pcse.crop.phenology.Vernalisation][INFO] - Critical DVS for vernalization (VERNDVS) reached at day 1984-06-11, but vernalization requirements not yet fulfilled. Forcing vernalization now (VERN=47.688571).
[2026-03-24 12:53:44,809][pcse.crop.phenology.Vernalisation][INFO] - Critical DVS for vernalization (VERNDVS) reached at day 1984-06-12, but vernalization requirements not yet fulfilled. Forcing vernalization now (VERN=47.688571).
[2026-03-24 12:53:44,812][pcse.crop.phenology.Vernalisation][INFO] - Critical DVS for vernalization (VERNDVS) reached at day 1984-06-13, but vernalization requirements not yet fulfilled. Forcing vernalization now (VERN=47.688571).
[2026-03-24 12:53:44,815][pcse.crop.phenology.Vernalisation][INFO] - Critical DVS for vernalization (VERNDVS) reached at day 1984-06-14, but vernalization requirements not yet fulfilled. Forcing vernalization now (VERN=47.688571).
[2026-03-24 12:53:44,818][pcse.crop.phenology.Vernalisation][INFO] - Critical DVS for vernalization (VERNDVS) reached at day 1984-06-15, but vernalization requirements not yet fulfilled. Forcing vernalization now (VERN=47.688571).
[2026-03-24 12:53:44,820][pcse.crop.phenology.Vernalisation][INFO] - Critical DVS for vernalization (VERNDVS) reached at day 1984-06-16, but vernalization requirements not yet fulfilled. Forcing vernalization now (VERN=47.688571).
[2026-03-24 12:53:44,823][pcse.crop.phenology.Vernalisation][INFO] - Critical DVS for vernalization (VERNDVS) reached at day 1984-06-17, but vernalization requirements not yet fulfilled. Forcing vernalization now (VERN=47.688571).
[2026-03-24 12:53:44,826][pcse.crop.phenology.Vernalisation][INFO] - Critical DVS for vernalization (VERNDVS) reached at day 1984-06-18, but vernalization requirements not yet fulfilled. Forcing vernalization now (VERN=47.688571).
[2026-03-24 12:53:44,829][pcse.crop.phenology.Vernalisation][INFO] - Critical DVS for vernalization (VERNDVS) reached at day 1984-06-19, but vernalization requirements not yet fulfilled. Forcing vernalization now (VERN=47.688571).
[2026-03-24 12:53:44,832][pcse.crop.phenology.Vernalisation][INFO] - Critical DVS for vernalization (VERNDVS) reached at day 1984-06-20, but vernalization requirements not yet fulfilled. Forcing vernalization now (VERN=47.688571).
[2026-03-24 12:53:44,835][pcse.crop.phenology.Vernalisation][INFO] - Critical DVS for vernalization (VERNDVS) reached at day 1984-06-21, but vernalization requirements not yet fulfilled. Forcing vernalization now (VERN=47.688571).
[2026-03-24 12:53:44,838][pcse.crop.phenology.Vernalisation][INFO] - Critical DVS for vernalization (VERNDVS) reached at day 1984-06-22, but vernalization requirements not yet fulfilled. Forcing vernalization now (VERN=47.688571).
[2026-03-24 12:53:44,841][pcse.crop.phenology.Vernalisation][INFO] - Critical DVS for vernalization (VERNDVS) reached at day 1984-06-23, but vernalization requirements not yet fulfilled. Forcing vernalization now (VERN=47.688571).
[2026-03-24 12:53:44,844][pcse.crop.phenology.Vernalisation][INFO] - Critical DVS for vernalization (VERNDVS) reached at day 1984-06-24, but vernalization requirements not yet fulfilled. Forcing vernalization now (VERN=47.688571).
[2026-03-24 12:53:44,846][pcse.crop.phenology.Vernalisation][INFO] - Critical DVS for vernalization (VERNDVS) reached at day 1984-06-25, but vernalization requirements not yet fulfilled. Forcing vernalization now (VERN=47.688571).
[2026-03-24 12:53:44,849][pcse.crop.phenology.Vernalisation][INFO] - Critical DVS for vernalization (VERNDVS) reached at day 1984-06-26, but vernalization requirements not yet fulfilled. Forcing vernalization now (VERN=47.688571).
[2026-03-24 12:53:44,852][pcse.crop.phenology.Vernalisation][INFO] - Critical DVS for vernalization (VERNDVS) reached at day 1984-06-27, but vernalization requirements not yet fulfilled. Forcing vernalization now (VERN=47.688571).
[2026-03-24 12:53:44,855][pcse.crop.phenology.Vernalisation][INFO] - Critical DVS for vernalization (VERNDVS) reached at day 1984-06-28, but vernalization requirements not yet fulfilled. Forcing vernalization now (VERN=47.688571).
[2026-03-24 12:53:44,857][pcse.crop.phenology.Vernalisation][INFO] - Critical DVS for vernalization (VERNDVS) reached at day 1984-06-29, but vernalization requirements not yet fulfilled. Forcing vernalization now (VERN=47.688571).
[2026-03-24 12:53:44,857][pcse.crop.phenology.Annual_Phenology][INFO] - Changed phenological stage 'vegetative' to 'reproductive' on 1984-06-29
[2026-03-24 12:53:45,067][pcse.crop.phenology.Annual_Phenology][INFO] - Changed phenological stage 'reproductive' to 'mature' on 1984-09-13
[2026-03-24 12:53:45,114][pcse.base.timer.Timer][INFO] - Reached end of simulation period as specified by END_DATE.
[EPISODE DBG] episode=5 step=1205 pred_return=-1.837831 true_return=0.782660 total_feedback=0 labeled_feedback=0
[2026-03-24 12:53:45,118][pcse.agromanager.SoilCalendar][INFO] - Starting soil (oregon) with variation (oregon_1) on day 1984-02-01
[2026-03-24 12:53:45,120][pcse.agromanager.CropCalendar][INFO] - Starting crop (wheat) with variety (wheat_1) on day 1984-02-01
[2026-03-24 12:53:45,399][pcse.crop.phenology.Annual_Phenology][INFO] - Changed phenological stage 'emerging' to 'vegetative' on 1984-04-10
[2026-03-24 12:53:45,543][pcse.crop.phenology.Vernalisation][INFO] - Critical DVS for vernalization (VERNDVS) reached at day 1984-06-02, but vernalization requirements not yet fulfilled. Forcing vernalization now (VERN=47.688571).
[2026-03-24 12:53:45,545][pcse.crop.phenology.Vernalisation][INFO] - Critical DVS for vernalization (VERNDVS) reached at day 1984-06-03, but vernalization requirements not yet fulfilled. Forcing vernalization now (VERN=47.688571).
[2026-03-24 12:53:45,548][pcse.crop.phenology.Vernalisation][INFO] - Critical DVS for vernalization (VERNDVS) reached at day 1984-06-04, but vernalization requirements not yet fulfilled. Forcing vernalization now (VERN=47.688571).
[2026-03-24 12:53:45,551][pcse.crop.phenology.Vernalisation][INFO] - Critical DVS for vernalization (VERNDVS) reached at day 1984-06-05, but vernalization requirements not yet fulfilled. Forcing vernalization now (VERN=47.688571).
[2026-03-24 12:53:45,554][pcse.crop.phenology.Vernalisation][INFO] - Critical DVS for vernalization (VERNDVS) reached at day 1984-06-06, but vernalization requirements not yet fulfilled. Forcing vernalization now (VERN=47.688571).
[2026-03-24 12:53:45,556][pcse.crop.phenology.Vernalisation][INFO] - Critical DVS for vernalization (VERNDVS) reached at day 1984-06-07, but vernalization requirements not yet fulfilled. Forcing vernalization now (VERN=47.688571).
[2026-03-24 12:53:45,559][pcse.crop.phenology.Vernalisation][INFO] - Critical DVS for vernalization (VERNDVS) reached at day 1984-06-08, but vernalization requirements not yet fulfilled. Forcing vernalization now (VERN=47.688571).
[2026-03-24 12:53:45,562][pcse.crop.phenology.Vernalisation][INFO] - Critical DVS for vernalization (VERNDVS) reached at day 1984-06-09, but vernalization requirements not yet fulfilled. Forcing vernalization now (VERN=47.688571).
[2026-03-24 12:53:45,565][pcse.crop.phenology.Vernalisation][INFO] - Critical DVS for vernalization (VERNDVS) reached at day 1984-06-10, but vernalization requirements not yet fulfilled. Forcing vernalization now (VERN=47.688571).
[2026-03-24 12:53:45,567][pcse.crop.phenology.Vernalisation][INFO] - Critical DVS for vernalization (VERNDVS) reached at day 1984-06-11, but vernalization requirements not yet fulfilled. Forcing vernalization now (VERN=47.688571).
[2026-03-24 12:53:45,570][pcse.crop.phenology.Vernalisation][INFO] - Critical DVS for vernalization (VERNDVS) reached at day 1984-06-12, but vernalization requirements not yet fulfilled. Forcing vernalization now (VERN=47.688571).
[2026-03-24 12:53:45,573][pcse.crop.phenology.Vernalisation][INFO] - Critical DVS for vernalization (VERNDVS) reached at day 1984-06-13, but vernalization requirements not yet fulfilled. Forcing vernalization now (VERN=47.688571).
[2026-03-24 12:53:45,576][pcse.crop.phenology.Vernalisation][INFO] - Critical DVS for vernalization (VERNDVS) reached at day 1984-06-14, but vernalization requirements not yet fulfilled. Forcing vernalization now (VERN=47.688571).
[2026-03-24 12:53:45,579][pcse.crop.phenology.Vernalisation][INFO] - Critical DVS for vernalization (VERNDVS) reached at day 1984-06-15, but vernalization requirements not yet fulfilled. Forcing vernalization now (VERN=47.688571).
[2026-03-24 12:53:45,581][pcse.crop.phenology.Vernalisation][INFO] - Critical DVS for vernalization (VERNDVS) reached at day 1984-06-16, but vernalization requirements not yet fulfilled. Forcing vernalization now (VERN=47.688571).
[2026-03-24 12:53:45,584][pcse.crop.phenology.Vernalisation][INFO] - Critical DVS for vernalization (VERNDVS) reached at day 1984-06-17, but vernalization requirements not yet fulfilled. Forcing vernalization now (VERN=47.688571).
[2026-03-24 12:53:45,588][pcse.crop.phenology.Vernalisation][INFO] - Critical DVS for vernalization (VERNDVS) reached at day 1984-06-18, but vernalization requirements not yet fulfilled. Forcing vernalization now (VERN=47.688571).
[2026-03-24 12:53:45,591][pcse.crop.phenology.Vernalisation][INFO] - Critical DVS for vernalization (VERNDVS) reached at day 1984-06-19, but vernalization requirements not yet fulfilled. Forcing vernalization now (VERN=47.688571).
[2026-03-24 12:53:45,593][pcse.crop.phenology.Vernalisation][INFO] - Critical DVS for vernalization (VERNDVS) reached at day 1984-06-20, but vernalization requirements not yet fulfilled. Forcing vernalization now (VERN=47.688571).
[2026-03-24 12:53:45,596][pcse.crop.phenology.Vernalisation][INFO] - Critical DVS for vernalization (VERNDVS) reached at day 1984-06-21, but vernalization requirements not yet fulfilled. Forcing vernalization now (VERN=47.688571).
[2026-03-24 12:53:45,599][pcse.crop.phenology.Vernalisation][INFO] - Critical DVS for vernalization (VERNDVS) reached at day 1984-06-22, but vernalization requirements not yet fulfilled. Forcing vernalization now (VERN=47.688571).
[2026-03-24 12:53:45,601][pcse.crop.phenology.Vernalisation][INFO] - Critical DVS for vernalization (VERNDVS) reached at day 1984-06-23, but vernalization requirements not yet fulfilled. Forcing vernalization now (VERN=47.688571).
[2026-03-24 12:53:45,605][pcse.crop.phenology.Vernalisation][INFO] - Critical DVS for vernalization (VERNDVS) reached at day 1984-06-24, but vernalization requirements not yet fulfilled. Forcing vernalization now (VERN=47.688571).
[2026-03-24 12:53:45,608][pcse.crop.phenology.Vernalisation][INFO] - Critical DVS for vernalization (VERNDVS) reached at day 1984-06-25, but vernalization requirements not yet fulfilled. Forcing vernalization now (VERN=47.688571).
[2026-03-24 12:53:45,611][pcse.crop.phenology.Vernalisation][INFO] - Critical DVS for vernalization (VERNDVS) reached at day 1984-06-26, but vernalization requirements not yet fulfilled. Forcing vernalization now (VERN=47.688571).
[2026-03-24 12:53:45,613][pcse.crop.phenology.Vernalisation][INFO] - Critical DVS for vernalization (VERNDVS) reached at day 1984-06-27, but vernalization requirements not yet fulfilled. Forcing vernalization now (VERN=47.688571).
[2026-03-24 12:53:45,616][pcse.crop.phenology.Vernalisation][INFO] - Critical DVS for vernalization (VERNDVS) reached at day 1984-06-28, but vernalization requirements not yet fulfilled. Forcing vernalization now (VERN=47.688571).
[2026-03-24 12:53:45,619][pcse.crop.phenology.Vernalisation][INFO] - Critical DVS for vernalization (VERNDVS) reached at day 1984-06-29, but vernalization requirements not yet fulfilled. Forcing vernalization now (VERN=47.688571).
[2026-03-24 12:53:45,619][pcse.crop.phenology.Annual_Phenology][INFO] - Changed phenological stage 'vegetative' to 'reproductive' on 1984-06-29
[2026-03-24 12:53:45,835][pcse.crop.phenology.Annual_Phenology][INFO] - Changed phenological stage 'reproductive' to 'mature' on 1984-09-13
[2026-03-24 12:53:45,882][pcse.base.timer.Timer][INFO] - Reached end of simulation period as specified by END_DATE.
[EPISODE DBG] episode=6 step=1446 pred_return=-2.275512 true_return=0.000000 total_feedback=0 labeled_feedback=0
[2026-03-24 12:53:45,888][pcse.agromanager.SoilCalendar][INFO] - Starting soil (oregon) with variation (oregon_1) on day 1984-02-01
[2026-03-24 12:53:45,890][pcse.agromanager.CropCalendar][INFO] - Starting crop (wheat) with variety (wheat_1) on day 1984-02-01
[STEP DBG] step=1500 env_reward=0.000000 r_hat=-0.005411 done=False
[NORM DBG] count=1500 mean_abs_mean=62524.558594 mean_std=9.225139 min_std=0.001000 max_std=70.577751
[2026-03-24 12:53:46,180][pcse.crop.phenology.Annual_Phenology][INFO] - Changed phenological stage 'emerging' to 'vegetative' on 1984-04-10
[2026-03-24 12:53:46,410][pcse.crop.phenology.Vernalisation][INFO] - Critical DVS for vernalization (VERNDVS) reached at day 1984-06-02, but vernalization requirements not yet fulfilled. Forcing vernalization now (VERN=47.688571).
[2026-03-24 12:53:46,414][pcse.crop.phenology.Vernalisation][INFO] - Critical DVS for vernalization (VERNDVS) reached at day 1984-06-03, but vernalization requirements not yet fulfilled. Forcing vernalization now (VERN=47.688571).
[2026-03-24 12:53:46,418][pcse.crop.phenology.Vernalisation][INFO] - Critical DVS for vernalization (VERNDVS) reached at day 1984-06-04, but vernalization requirements not yet fulfilled. Forcing vernalization now (VERN=47.688571).
[2026-03-24 12:53:46,421][pcse.crop.phenology.Vernalisation][INFO] - Critical DVS for vernalization (VERNDVS) reached at day 1984-06-05, but vernalization requirements not yet fulfilled. Forcing vernalization now (VERN=47.688571).
[2026-03-24 12:53:46,424][pcse.crop.phenology.Vernalisation][INFO] - Critical DVS for vernalization (VERNDVS) reached at day 1984-06-06, but vernalization requirements not yet fulfilled. Forcing vernalization now (VERN=47.688571).
[2026-03-24 12:53:46,427][pcse.crop.phenology.Vernalisation][INFO] - Critical DVS for vernalization (VERNDVS) reached at day 1984-06-07, but vernalization requirements not yet fulfilled. Forcing vernalization now (VERN=47.688571).
[2026-03-24 12:53:46,430][pcse.crop.phenology.Vernalisation][INFO] - Critical DVS for vernalization (VERNDVS) reached at day 1984-06-08, but vernalization requirements not yet fulfilled. Forcing vernalization now (VERN=47.688571).
[2026-03-24 12:53:46,433][pcse.crop.phenology.Vernalisation][INFO] - Critical DVS for vernalization (VERNDVS) reached at day 1984-06-09, but vernalization requirements not yet fulfilled. Forcing vernalization now (VERN=47.688571).
[2026-03-24 12:53:46,436][pcse.crop.phenology.Vernalisation][INFO] - Critical DVS for vernalization (VERNDVS) reached at day 1984-06-10, but vernalization requirements not yet fulfilled. Forcing vernalization now (VERN=47.688571).
[2026-03-24 12:53:46,439][pcse.crop.phenology.Vernalisation][INFO] - Critical DVS for vernalization (VERNDVS) reached at day 1984-06-11, but vernalization requirements not yet fulfilled. Forcing vernalization now (VERN=47.688571).
[2026-03-24 12:53:46,442][pcse.crop.phenology.Vernalisation][INFO] - Critical DVS for vernalization (VERNDVS) reached at day 1984-06-12, but vernalization requirements not yet fulfilled. Forcing vernalization now (VERN=47.688571).
[2026-03-24 12:53:46,445][pcse.crop.phenology.Vernalisation][INFO] - Critical DVS for vernalization (VERNDVS) reached at day 1984-06-13, but vernalization requirements not yet fulfilled. Forcing vernalization now (VERN=47.688571).
[2026-03-24 12:53:46,448][pcse.crop.phenology.Vernalisation][INFO] - Critical DVS for vernalization (VERNDVS) reached at day 1984-06-14, but vernalization requirements not yet fulfilled. Forcing vernalization now (VERN=47.688571).
[2026-03-24 12:53:46,451][pcse.crop.phenology.Vernalisation][INFO] - Critical DVS for vernalization (VERNDVS) reached at day 1984-06-15, but vernalization requirements not yet fulfilled. Forcing vernalization now (VERN=47.688571).
[2026-03-24 12:53:46,454][pcse.crop.phenology.Vernalisation][INFO] - Critical DVS for vernalization (VERNDVS) reached at day 1984-06-16, but vernalization requirements not yet fulfilled. Forcing vernalization now (VERN=47.688571).
[2026-03-24 12:53:46,457][pcse.crop.phenology.Vernalisation][INFO] - Critical DVS for vernalization (VERNDVS) reached at day 1984-06-17, but vernalization requirements not yet fulfilled. Forcing vernalization now (VERN=47.688571).
[2026-03-24 12:53:46,460][pcse.crop.phenology.Vernalisation][INFO] - Critical DVS for vernalization (VERNDVS) reached at day 1984-06-18, but vernalization requirements not yet fulfilled. Forcing vernalization now (VERN=47.688571).
[2026-03-24 12:53:46,463][pcse.crop.phenology.Vernalisation][INFO] - Critical DVS for vernalization (VERNDVS) reached at day 1984-06-19, but vernalization requirements not yet fulfilled. Forcing vernalization now (VERN=47.688571).
[2026-03-24 12:53:46,466][pcse.crop.phenology.Vernalisation][INFO] - Critical DVS for vernalization (VERNDVS) reached at day 1984-06-20, but vernalization requirements not yet fulfilled. Forcing vernalization now (VERN=47.688571).
[2026-03-24 12:53:46,469][pcse.crop.phenology.Vernalisation][INFO] - Critical DVS for vernalization (VERNDVS) reached at day 1984-06-21, but vernalization requirements not yet fulfilled. Forcing vernalization now (VERN=47.688571).
[2026-03-24 12:53:46,472][pcse.crop.phenology.Vernalisation][INFO] - Critical DVS for vernalization (VERNDVS) reached at day 1984-06-22, but vernalization requirements not yet fulfilled. Forcing vernalization now (VERN=47.688571).
[2026-03-24 12:53:46,475][pcse.crop.phenology.Vernalisation][INFO] - Critical DVS for vernalization (VERNDVS) reached at day 1984-06-23, but vernalization requirements not yet fulfilled. Forcing vernalization now (VERN=47.688571).
[2026-03-24 12:53:46,478][pcse.crop.phenology.Vernalisation][INFO] - Critical DVS for vernalization (VERNDVS) reached at day 1984-06-24, but vernalization requirements not yet fulfilled. Forcing vernalization now (VERN=47.688571).
[2026-03-24 12:53:46,481][pcse.crop.phenology.Vernalisation][INFO] - Critical DVS for vernalization (VERNDVS) reached at day 1984-06-25, but vernalization requirements not yet fulfilled. Forcing vernalization now (VERN=47.688571).
[2026-03-24 12:53:46,484][pcse.crop.phenology.Vernalisation][INFO] - Critical DVS for vernalization (VERNDVS) reached at day 1984-06-26, but vernalization requirements not yet fulfilled. Forcing vernalization now (VERN=47.688571).
[2026-03-24 12:53:46,487][pcse.crop.phenology.Vernalisation][INFO] - Critical DVS for vernalization (VERNDVS) reached at day 1984-06-27, but vernalization requirements not yet fulfilled. Forcing vernalization now (VERN=47.688571).
[2026-03-24 12:53:46,490][pcse.crop.phenology.Vernalisation][INFO] - Critical DVS for vernalization (VERNDVS) reached at day 1984-06-28, but vernalization requirements not yet fulfilled. Forcing vernalization now (VERN=47.688571).
[2026-03-24 12:53:46,493][pcse.crop.phenology.Vernalisation][INFO] - Critical DVS for vernalization (VERNDVS) reached at day 1984-06-29, but vernalization requirements not yet fulfilled. Forcing vernalization now (VERN=47.688571).
[2026-03-24 12:53:46,493][pcse.crop.phenology.Annual_Phenology][INFO] - Changed phenological stage 'vegetative' to 'reproductive' on 1984-06-29
[2026-03-24 12:53:46,728][pcse.crop.phenology.Annual_Phenology][INFO] - Changed phenological stage 'reproductive' to 'mature' on 1984-09-13
[2026-03-24 12:53:46,793][pcse.base.timer.Timer][INFO] - Reached end of simulation period as specified by END_DATE.
[EPISODE DBG] episode=7 step=1687 pred_return=-1.738335 true_return=0.483557 total_feedback=0 labeled_feedback=0
[2026-03-24 12:53:46,798][pcse.agromanager.SoilCalendar][INFO] - Starting soil (oregon) with variation (oregon_1) on day 1984-02-01
[2026-03-24 12:53:46,800][pcse.agromanager.CropCalendar][INFO] - Starting crop (wheat) with variety (wheat_1) on day 1984-02-01
[2026-03-24 12:53:47,085][pcse.crop.phenology.Annual_Phenology][INFO] - Changed phenological stage 'emerging' to 'vegetative' on 1984-04-10
[2026-03-24 12:53:47,250][pcse.crop.phenology.Vernalisation][INFO] - Critical DVS for vernalization (VERNDVS) reached at day 1984-06-02, but vernalization requirements not yet fulfilled. Forcing vernalization now (VERN=47.688571).
[2026-03-24 12:53:47,253][pcse.crop.phenology.Vernalisation][INFO] - Critical DVS for vernalization (VERNDVS) reached at day 1984-06-03, but vernalization requirements not yet fulfilled. Forcing vernalization now (VERN=47.688571).
[2026-03-24 12:53:47,256][pcse.crop.phenology.Vernalisation][INFO] - Critical DVS for vernalization (VERNDVS) reached at day 1984-06-04, but vernalization requirements not yet fulfilled. Forcing vernalization now (VERN=47.688571).
[2026-03-24 12:53:47,259][pcse.crop.phenology.Vernalisation][INFO] - Critical DVS for vernalization (VERNDVS) reached at day 1984-06-05, but vernalization requirements not yet fulfilled. Forcing vernalization now (VERN=47.688571).
[2026-03-24 12:53:47,262][pcse.crop.phenology.Vernalisation][INFO] - Critical DVS for vernalization (VERNDVS) reached at day 1984-06-06, but vernalization requirements not yet fulfilled. Forcing vernalization now (VERN=47.688571).
[2026-03-24 12:53:47,265][pcse.crop.phenology.Vernalisation][INFO] - Critical DVS for vernalization (VERNDVS) reached at day 1984-06-07, but vernalization requirements not yet fulfilled. Forcing vernalization now (VERN=47.688571).
[2026-03-24 12:53:47,268][pcse.crop.phenology.Vernalisation][INFO] - Critical DVS for vernalization (VERNDVS) reached at day 1984-06-08, but vernalization requirements not yet fulfilled. Forcing vernalization now (VERN=47.688571).
[2026-03-24 12:53:47,271][pcse.crop.phenology.Vernalisation][INFO] - Critical DVS for vernalization (VERNDVS) reached at day 1984-06-09, but vernalization requirements not yet fulfilled. Forcing vernalization now (VERN=47.688571).
[2026-03-24 12:53:47,274][pcse.crop.phenology.Vernalisation][INFO] - Critical DVS for vernalization (VERNDVS) reached at day 1984-06-10, but vernalization requirements not yet fulfilled. Forcing vernalization now (VERN=47.688571).
[2026-03-24 12:53:47,277][pcse.crop.phenology.Vernalisation][INFO] - Critical DVS for vernalization (VERNDVS) reached at day 1984-06-11, but vernalization requirements not yet fulfilled. Forcing vernalization now (VERN=47.688571).
[2026-03-24 12:53:47,280][pcse.crop.phenology.Vernalisation][INFO] - Critical DVS for vernalization (VERNDVS) reached at day 1984-06-12, but vernalization requirements not yet fulfilled. Forcing vernalization now (VERN=47.688571).
[2026-03-24 12:53:47,283][pcse.crop.phenology.Vernalisation][INFO] - Critical DVS for vernalization (VERNDVS) reached at day 1984-06-13, but vernalization requirements not yet fulfilled. Forcing vernalization now (VERN=47.688571).
[2026-03-24 12:53:47,286][pcse.crop.phenology.Vernalisation][INFO] - Critical DVS for vernalization (VERNDVS) reached at day 1984-06-14, but vernalization requirements not yet fulfilled. Forcing vernalization now (VERN=47.688571).
[2026-03-24 12:53:47,289][pcse.crop.phenology.Vernalisation][INFO] - Critical DVS for vernalization (VERNDVS) reached at day 1984-06-15, but vernalization requirements not yet fulfilled. Forcing vernalization now (VERN=47.688571).
[2026-03-24 12:53:47,292][pcse.crop.phenology.Vernalisation][INFO] - Critical DVS for vernalization (VERNDVS) reached at day 1984-06-16, but vernalization requirements not yet fulfilled. Forcing vernalization now (VERN=47.688571).
[2026-03-24 12:53:47,295][pcse.crop.phenology.Vernalisation][INFO] - Critical DVS for vernalization (VERNDVS) reached at day 1984-06-17, but vernalization requirements not yet fulfilled. Forcing vernalization now (VERN=47.688571).
[2026-03-24 12:53:47,298][pcse.crop.phenology.Vernalisation][INFO] - Critical DVS for vernalization (VERNDVS) reached at day 1984-06-18, but vernalization requirements not yet fulfilled. Forcing vernalization now (VERN=47.688571).
[2026-03-24 12:53:47,301][pcse.crop.phenology.Vernalisation][INFO] - Critical DVS for vernalization (VERNDVS) reached at day 1984-06-19, but vernalization requirements not yet fulfilled. Forcing vernalization now (VERN=47.688571).
[2026-03-24 12:53:47,304][pcse.crop.phenology.Vernalisation][INFO] - Critical DVS for vernalization (VERNDVS) reached at day 1984-06-20, but vernalization requirements not yet fulfilled. Forcing vernalization now (VERN=47.688571).
[2026-03-24 12:53:47,307][pcse.crop.phenology.Vernalisation][INFO] - Critical DVS for vernalization (VERNDVS) reached at day 1984-06-21, but vernalization requirements not yet fulfilled. Forcing vernalization now (VERN=47.688571).
[2026-03-24 12:53:47,310][pcse.crop.phenology.Vernalisation][INFO] - Critical DVS for vernalization (VERNDVS) reached at day 1984-06-22, but vernalization requirements not yet fulfilled. Forcing vernalization now (VERN=47.688571).
[2026-03-24 12:53:47,313][pcse.crop.phenology.Vernalisation][INFO] - Critical DVS for vernalization (VERNDVS) reached at day 1984-06-23, but vernalization requirements not yet fulfilled. Forcing vernalization now (VERN=47.688571).
[2026-03-24 12:53:47,316][pcse.crop.phenology.Vernalisation][INFO] - Critical DVS for vernalization (VERNDVS) reached at day 1984-06-24, but vernalization requirements not yet fulfilled. Forcing vernalization now (VERN=47.688571).
[2026-03-24 12:53:47,319][pcse.crop.phenology.Vernalisation][INFO] - Critical DVS for vernalization (VERNDVS) reached at day 1984-06-25, but vernalization requirements not yet fulfilled. Forcing vernalization now (VERN=47.688571).
[2026-03-24 12:53:47,322][pcse.crop.phenology.Vernalisation][INFO] - Critical DVS for vernalization (VERNDVS) reached at day 1984-06-26, but vernalization requirements not yet fulfilled. Forcing vernalization now (VERN=47.688571).
[2026-03-24 12:53:47,325][pcse.crop.phenology.Vernalisation][INFO] - Critical DVS for vernalization (VERNDVS) reached at day 1984-06-27, but vernalization requirements not yet fulfilled. Forcing vernalization now (VERN=47.688571).
[2026-03-24 12:53:47,328][pcse.crop.phenology.Vernalisation][INFO] - Critical DVS for vernalization (VERNDVS) reached at day 1984-06-28, but vernalization requirements not yet fulfilled. Forcing vernalization now (VERN=47.688571).
[2026-03-24 12:53:47,331][pcse.crop.phenology.Vernalisation][INFO] - Critical DVS for vernalization (VERNDVS) reached at day 1984-06-29, but vernalization requirements not yet fulfilled. Forcing vernalization now (VERN=47.688571).
[2026-03-24 12:53:47,331][pcse.crop.phenology.Annual_Phenology][INFO] - Changed phenological stage 'vegetative' to 'reproductive' on 1984-06-29
[2026-03-24 12:53:47,556][pcse.crop.phenology.Annual_Phenology][INFO] - Changed phenological stage 'reproductive' to 'mature' on 1984-09-13
[2026-03-24 12:53:47,599][pcse.base.timer.Timer][INFO] - Reached end of simulation period as specified by END_DATE.
[EPISODE DBG] episode=8 step=1928 pred_return=-1.690614 true_return=0.000000 total_feedback=0 labeled_feedback=0
[2026-03-24 12:53:47,603][pcse.agromanager.SoilCalendar][INFO] - Starting soil (oregon) with variation (oregon_1) on day 1984-02-01
[2026-03-24 12:53:47,605][pcse.agromanager.CropCalendar][INFO] - Starting crop (wheat) with variety (wheat_1) on day 1984-02-01
[2026-03-24 12:53:47,895][pcse.crop.phenology.Annual_Phenology][INFO] - Changed phenological stage 'emerging' to 'vegetative' on 1984-04-10
[STEP DBG] step=2000 env_reward=0.000000 r_hat=-0.009781 done=False
[NORM DBG] count=2000 mean_abs_mean=62524.718750 mean_std=9.254065 min_std=0.001000 max_std=70.225166
[2026-03-24 12:53:48,040][pcse.crop.phenology.Vernalisation][INFO] - Critical DVS for vernalization (VERNDVS) reached at day 1984-06-02, but vernalization requirements not yet fulfilled. Forcing vernalization now (VERN=47.688571).
[2026-03-24 12:53:48,043][pcse.crop.phenology.Vernalisation][INFO] - Critical DVS for vernalization (VERNDVS) reached at day 1984-06-03, but vernalization requirements not yet fulfilled. Forcing vernalization now (VERN=47.688571).
[2026-03-24 12:53:48,045][pcse.crop.phenology.Vernalisation][INFO] - Critical DVS for vernalization (VERNDVS) reached at day 1984-06-04, but vernalization requirements not yet fulfilled. Forcing vernalization now (VERN=47.688571).
[2026-03-24 12:53:48,048][pcse.crop.phenology.Vernalisation][INFO] - Critical DVS for vernalization (VERNDVS) reached at day 1984-06-05, but vernalization requirements not yet fulfilled. Forcing vernalization now (VERN=47.688571).
[2026-03-24 12:53:48,050][pcse.crop.phenology.Vernalisation][INFO] - Critical DVS for vernalization (VERNDVS) reached at day 1984-06-06, but vernalization requirements not yet fulfilled. Forcing vernalization now (VERN=47.688571).
[2026-03-24 12:53:48,052][pcse.crop.phenology.Vernalisation][INFO] - Critical DVS for vernalization (VERNDVS) reached at day 1984-06-07, but vernalization requirements not yet fulfilled. Forcing vernalization now (VERN=47.688571).
[2026-03-24 12:53:48,055][pcse.crop.phenology.Vernalisation][INFO] - Critical DVS for vernalization (VERNDVS) reached at day 1984-06-08, but vernalization requirements not yet fulfilled. Forcing vernalization now (VERN=47.688571).
[2026-03-24 12:53:48,057][pcse.crop.phenology.Vernalisation][INFO] - Critical DVS for vernalization (VERNDVS) reached at day 1984-06-09, but vernalization requirements not yet fulfilled. Forcing vernalization now (VERN=47.688571).
[2026-03-24 12:53:48,059][pcse.crop.phenology.Vernalisation][INFO] - Critical DVS for vernalization (VERNDVS) reached at day 1984-06-10, but vernalization requirements not yet fulfilled. Forcing vernalization now (VERN=47.688571).
[2026-03-24 12:53:48,062][pcse.crop.phenology.Vernalisation][INFO] - Critical DVS for vernalization (VERNDVS) reached at day 1984-06-11, but vernalization requirements not yet fulfilled. Forcing vernalization now (VERN=47.688571).
[2026-03-24 12:53:48,064][pcse.crop.phenology.Vernalisation][INFO] - Critical DVS for vernalization (VERNDVS) reached at day 1984-06-12, but vernalization requirements not yet fulfilled. Forcing vernalization now (VERN=47.688571).
[2026-03-24 12:53:48,067][pcse.crop.phenology.Vernalisation][INFO] - Critical DVS for vernalization (VERNDVS) reached at day 1984-06-13, but vernalization requirements not yet fulfilled. Forcing vernalization now (VERN=47.688571).
[2026-03-24 12:53:48,069][pcse.crop.phenology.Vernalisation][INFO] - Critical DVS for vernalization (VERNDVS) reached at day 1984-06-14, but vernalization requirements not yet fulfilled. Forcing vernalization now (VERN=47.688571).
[2026-03-24 12:53:48,071][pcse.crop.phenology.Vernalisation][INFO] - Critical DVS for vernalization (VERNDVS) reached at day 1984-06-15, but vernalization requirements not yet fulfilled. Forcing vernalization now (VERN=47.688571).
[2026-03-24 12:53:48,074][pcse.crop.phenology.Vernalisation][INFO] - Critical DVS for vernalization (VERNDVS) reached at day 1984-06-16, but vernalization requirements not yet fulfilled. Forcing vernalization now (VERN=47.688571).
[2026-03-24 12:53:48,076][pcse.crop.phenology.Vernalisation][INFO] - Critical DVS for vernalization (VERNDVS) reached at day 1984-06-17, but vernalization requirements not yet fulfilled. Forcing vernalization now (VERN=47.688571).
[2026-03-24 12:53:48,078][pcse.crop.phenology.Vernalisation][INFO] - Critical DVS for vernalization (VERNDVS) reached at day 1984-06-18, but vernalization requirements not yet fulfilled. Forcing vernalization now (VERN=47.688571).
[2026-03-24 12:53:48,081][pcse.crop.phenology.Vernalisation][INFO] - Critical DVS for vernalization (VERNDVS) reached at day 1984-06-19, but vernalization requirements not yet fulfilled. Forcing vernalization now (VERN=47.688571).
[2026-03-24 12:53:48,083][pcse.crop.phenology.Vernalisation][INFO] - Critical DVS for vernalization (VERNDVS) reached at day 1984-06-20, but vernalization requirements not yet fulfilled. Forcing vernalization now (VERN=47.688571).
[2026-03-24 12:53:48,086][pcse.crop.phenology.Vernalisation][INFO] - Critical DVS for vernalization (VERNDVS) reached at day 1984-06-21, but vernalization requirements not yet fulfilled. Forcing vernalization now (VERN=47.688571).
[2026-03-24 12:53:48,088][pcse.crop.phenology.Vernalisation][INFO] - Critical DVS for vernalization (VERNDVS) reached at day 1984-06-22, but vernalization requirements not yet fulfilled. Forcing vernalization now (VERN=47.688571).
[2026-03-24 12:53:48,090][pcse.crop.phenology.Vernalisation][INFO] - Critical DVS for vernalization (VERNDVS) reached at day 1984-06-23, but vernalization requirements not yet fulfilled. Forcing vernalization now (VERN=47.688571).
[2026-03-24 12:53:48,093][pcse.crop.phenology.Vernalisation][INFO] - Critical DVS for vernalization (VERNDVS) reached at day 1984-06-24, but vernalization requirements not yet fulfilled. Forcing vernalization now (VERN=47.688571).
[2026-03-24 12:53:48,095][pcse.crop.phenology.Vernalisation][INFO] - Critical DVS for vernalization (VERNDVS) reached at day 1984-06-25, but vernalization requirements not yet fulfilled. Forcing vernalization now (VERN=47.688571).
[2026-03-24 12:53:48,097][pcse.crop.phenology.Vernalisation][INFO] - Critical DVS for vernalization (VERNDVS) reached at day 1984-06-26, but vernalization requirements not yet fulfilled. Forcing vernalization now (VERN=47.688571).
[2026-03-24 12:53:48,100][pcse.crop.phenology.Vernalisation][INFO] - Critical DVS for vernalization (VERNDVS) reached at day 1984-06-27, but vernalization requirements not yet fulfilled. Forcing vernalization now (VERN=47.688571).
[2026-03-24 12:53:48,102][pcse.crop.phenology.Vernalisation][INFO] - Critical DVS for vernalization (VERNDVS) reached at day 1984-06-28, but vernalization requirements not yet fulfilled. Forcing vernalization now (VERN=47.688571).
[2026-03-24 12:53:48,105][pcse.crop.phenology.Vernalisation][INFO] - Critical DVS for vernalization (VERNDVS) reached at day 1984-06-29, but vernalization requirements not yet fulfilled. Forcing vernalization now (VERN=47.688571).
[2026-03-24 12:53:48,105][pcse.crop.phenology.Annual_Phenology][INFO] - Changed phenological stage 'vegetative' to 'reproductive' on 1984-06-29
[2026-03-24 12:53:48,295][pcse.crop.phenology.Annual_Phenology][INFO] - Changed phenological stage 'reproductive' to 'mature' on 1984-09-13
[2026-03-24 12:53:48,339][pcse.base.timer.Timer][INFO] - Reached end of simulation period as specified by END_DATE.
[EPISODE DBG] episode=9 step=2169 pred_return=-1.777881 true_return=5.557982 total_feedback=0 labeled_feedback=0
[2026-03-24 12:53:48,343][pcse.agromanager.SoilCalendar][INFO] - Starting soil (oregon) with variation (oregon_1) on day 1984-02-01
[2026-03-24 12:53:48,345][pcse.agromanager.CropCalendar][INFO] - Starting crop (wheat) with variety (wheat_1) on day 1984-02-01
[2026-03-24 12:53:48,609][pcse.crop.phenology.Annual_Phenology][INFO] - Changed phenological stage 'emerging' to 'vegetative' on 1984-04-10
[2026-03-24 12:53:48,743][pcse.crop.phenology.Vernalisation][INFO] - Critical DVS for vernalization (VERNDVS) reached at day 1984-06-02, but vernalization requirements not yet fulfilled. Forcing vernalization now (VERN=47.688571).
[2026-03-24 12:53:48,745][pcse.crop.phenology.Vernalisation][INFO] - Critical DVS for vernalization (VERNDVS) reached at day 1984-06-03, but vernalization requirements not yet fulfilled. Forcing vernalization now (VERN=47.688571).
[2026-03-24 12:53:48,748][pcse.crop.phenology.Vernalisation][INFO] - Critical DVS for vernalization (VERNDVS) reached at day 1984-06-04, but vernalization requirements not yet fulfilled. Forcing vernalization now (VERN=47.688571).
[2026-03-24 12:53:48,751][pcse.crop.phenology.Vernalisation][INFO] - Critical DVS for vernalization (VERNDVS) reached at day 1984-06-05, but vernalization requirements not yet fulfilled. Forcing vernalization now (VERN=47.688571).
[2026-03-24 12:53:48,754][pcse.crop.phenology.Vernalisation][INFO] - Critical DVS for vernalization (VERNDVS) reached at day 1984-06-06, but vernalization requirements not yet fulfilled. Forcing vernalization now (VERN=47.688571).
[2026-03-24 12:53:48,757][pcse.crop.phenology.Vernalisation][INFO] - Critical DVS for vernalization (VERNDVS) reached at day 1984-06-07, but vernalization requirements not yet fulfilled. Forcing vernalization now (VERN=47.688571).
[2026-03-24 12:53:48,759][pcse.crop.phenology.Vernalisation][INFO] - Critical DVS for vernalization (VERNDVS) reached at day 1984-06-08, but vernalization requirements not yet fulfilled. Forcing vernalization now (VERN=47.688571).
[2026-03-24 12:53:48,762][pcse.crop.phenology.Vernalisation][INFO] - Critical DVS for vernalization (VERNDVS) reached at day 1984-06-09, but vernalization requirements not yet fulfilled. Forcing vernalization now (VERN=47.688571).
[2026-03-24 12:53:48,764][pcse.crop.phenology.Vernalisation][INFO] - Critical DVS for vernalization (VERNDVS) reached at day 1984-06-10, but vernalization requirements not yet fulfilled. Forcing vernalization now (VERN=47.688571).
[2026-03-24 12:53:48,767][pcse.crop.phenology.Vernalisation][INFO] - Critical DVS for vernalization (VERNDVS) reached at day 1984-06-11, but vernalization requirements not yet fulfilled. Forcing vernalization now (VERN=47.688571).
[2026-03-24 12:53:48,769][pcse.crop.phenology.Vernalisation][INFO] - Critical DVS for vernalization (VERNDVS) reached at day 1984-06-12, but vernalization requirements not yet fulfilled. Forcing vernalization now (VERN=47.688571).
[2026-03-24 12:53:48,771][pcse.crop.phenology.Vernalisation][INFO] - Critical DVS for vernalization (VERNDVS) reached at day 1984-06-13, but vernalization requirements not yet fulfilled. Forcing vernalization now (VERN=47.688571).
[2026-03-24 12:53:48,774][pcse.crop.phenology.Vernalisation][INFO] - Critical DVS for vernalization (VERNDVS) reached at day 1984-06-14, but vernalization requirements not yet fulfilled. Forcing vernalization now (VERN=47.688571).
[2026-03-24 12:53:48,776][pcse.crop.phenology.Vernalisation][INFO] - Critical DVS for vernalization (VERNDVS) reached at day 1984-06-15, but vernalization requirements not yet fulfilled. Forcing vernalization now (VERN=47.688571).
[2026-03-24 12:53:48,778][pcse.crop.phenology.Vernalisation][INFO] - Critical DVS for vernalization (VERNDVS) reached at day 1984-06-16, but vernalization requirements not yet fulfilled. Forcing vernalization now (VERN=47.688571).
[2026-03-24 12:53:48,781][pcse.crop.phenology.Vernalisation][INFO] - Critical DVS for vernalization (VERNDVS) reached at day 1984-06-17, but vernalization requirements not yet fulfilled. Forcing vernalization now (VERN=47.688571).
[2026-03-24 12:53:48,783][pcse.crop.phenology.Vernalisation][INFO] - Critical DVS for vernalization (VERNDVS) reached at day 1984-06-18, but vernalization requirements not yet fulfilled. Forcing vernalization now (VERN=47.688571).
[2026-03-24 12:53:48,786][pcse.crop.phenology.Vernalisation][INFO] - Critical DVS for vernalization (VERNDVS) reached at day 1984-06-19, but vernalization requirements not yet fulfilled. Forcing vernalization now (VERN=47.688571).
[2026-03-24 12:53:48,789][pcse.crop.phenology.Vernalisation][INFO] - Critical DVS for vernalization (VERNDVS) reached at day 1984-06-20, but vernalization requirements not yet fulfilled. Forcing vernalization now (VERN=47.688571).
[2026-03-24 12:53:48,791][pcse.crop.phenology.Vernalisation][INFO] - Critical DVS for vernalization (VERNDVS) reached at day 1984-06-21, but vernalization requirements not yet fulfilled. Forcing vernalization now (VERN=47.688571).
[2026-03-24 12:53:48,794][pcse.crop.phenology.Vernalisation][INFO] - Critical DVS for vernalization (VERNDVS) reached at day 1984-06-22, but vernalization requirements not yet fulfilled. Forcing vernalization now (VERN=47.688571).
[2026-03-24 12:53:48,796][pcse.crop.phenology.Vernalisation][INFO] - Critical DVS for vernalization (VERNDVS) reached at day 1984-06-23, but vernalization requirements not yet fulfilled. Forcing vernalization now (VERN=47.688571).
[2026-03-24 12:53:48,799][pcse.crop.phenology.Vernalisation][INFO] - Critical DVS for vernalization (VERNDVS) reached at day 1984-06-24, but vernalization requirements not yet fulfilled. Forcing vernalization now (VERN=47.688571).
[2026-03-24 12:53:48,802][pcse.crop.phenology.Vernalisation][INFO] - Critical DVS for vernalization (VERNDVS) reached at day 1984-06-25, but vernalization requirements not yet fulfilled. Forcing vernalization now (VERN=47.688571).
[2026-03-24 12:53:48,804][pcse.crop.phenology.Vernalisation][INFO] - Critical DVS for vernalization (VERNDVS) reached at day 1984-06-26, but vernalization requirements not yet fulfilled. Forcing vernalization now (VERN=47.688571).
[2026-03-24 12:53:48,807][pcse.crop.phenology.Vernalisation][INFO] - Critical DVS for vernalization (VERNDVS) reached at day 1984-06-27, but vernalization requirements not yet fulfilled. Forcing vernalization now (VERN=47.688571).
[2026-03-24 12:53:48,810][pcse.crop.phenology.Vernalisation][INFO] - Critical DVS for vernalization (VERNDVS) reached at day 1984-06-28, but vernalization requirements not yet fulfilled. Forcing vernalization now (VERN=47.688571).
[2026-03-24 12:53:48,812][pcse.crop.phenology.Vernalisation][INFO] - Critical DVS for vernalization (VERNDVS) reached at day 1984-06-29, but vernalization requirements not yet fulfilled. Forcing vernalization now (VERN=47.688571).
[2026-03-24 12:53:48,812][pcse.crop.phenology.Annual_Phenology][INFO] - Changed phenological stage 'vegetative' to 'reproductive' on 1984-06-29
[2026-03-24 12:53:49,015][pcse.crop.phenology.Annual_Phenology][INFO] - Changed phenological stage 'reproductive' to 'mature' on 1984-09-13
[2026-03-24 12:53:49,059][pcse.base.timer.Timer][INFO] - Reached end of simulation period as specified by END_DATE.
[EPISODE DBG] episode=10 step=2410 pred_return=-2.345064 true_return=4.836111 total_feedback=0 labeled_feedback=0
[2026-03-24 12:53:49,064][pcse.agromanager.SoilCalendar][INFO] - Starting soil (oregon) with variation (oregon_1) on day 1984-02-01
[2026-03-24 12:53:49,066][pcse.agromanager.CropCalendar][INFO] - Starting crop (wheat) with variety (wheat_1) on day 1984-02-01
[2026-03-24 12:53:49,345][pcse.crop.phenology.Annual_Phenology][INFO] - Changed phenological stage 'emerging' to 'vegetative' on 1984-04-10
[STEP DBG] step=2500 env_reward=0.000000 r_hat=-0.037813 done=False
[NORM DBG] count=2500 mean_abs_mean=62524.824219 mean_std=9.277377 min_std=0.001000 max_std=70.199211
[2026-03-24 12:53:49,490][pcse.crop.phenology.Vernalisation][INFO] - Critical DVS for vernalization (VERNDVS) reached at day 1984-06-02, but vernalization requirements not yet fulfilled. Forcing vernalization now (VERN=47.688571).
[2026-03-24 12:53:49,493][pcse.crop.phenology.Vernalisation][INFO] - Critical DVS for vernalization (VERNDVS) reached at day 1984-06-03, but vernalization requirements not yet fulfilled. Forcing vernalization now (VERN=47.688571).
[2026-03-24 12:53:49,495][pcse.crop.phenology.Vernalisation][INFO] - Critical DVS for vernalization (VERNDVS) reached at day 1984-06-04, but vernalization requirements not yet fulfilled. Forcing vernalization now (VERN=47.688571).
[2026-03-24 12:53:49,499][pcse.crop.phenology.Vernalisation][INFO] - Critical DVS for vernalization (VERNDVS) reached at day 1984-06-05, but vernalization requirements not yet fulfilled. Forcing vernalization now (VERN=47.688571).
[2026-03-24 12:53:49,501][pcse.crop.phenology.Vernalisation][INFO] - Critical DVS for vernalization (VERNDVS) reached at day 1984-06-06, but vernalization requirements not yet fulfilled. Forcing vernalization now (VERN=47.688571).
[2026-03-24 12:53:49,504][pcse.crop.phenology.Vernalisation][INFO] - Critical DVS for vernalization (VERNDVS) reached at day 1984-06-07, but vernalization requirements not yet fulfilled. Forcing vernalization now (VERN=47.688571).
[2026-03-24 12:53:49,506][pcse.crop.phenology.Vernalisation][INFO] - Critical DVS for vernalization (VERNDVS) reached at day 1984-06-08, but vernalization requirements not yet fulfilled. Forcing vernalization now (VERN=47.688571).
[2026-03-24 12:53:49,510][pcse.crop.phenology.Vernalisation][INFO] - Critical DVS for vernalization (VERNDVS) reached at day 1984-06-09, but vernalization requirements not yet fulfilled. Forcing vernalization now (VERN=47.688571).
[2026-03-24 12:53:49,512][pcse.crop.phenology.Vernalisation][INFO] - Critical DVS for vernalization (VERNDVS) reached at day 1984-06-10, but vernalization requirements not yet fulfilled. Forcing vernalization now (VERN=47.688571).
[2026-03-24 12:53:49,515][pcse.crop.phenology.Vernalisation][INFO] - Critical DVS for vernalization (VERNDVS) reached at day 1984-06-11, but vernalization requirements not yet fulfilled. Forcing vernalization now (VERN=47.688571).
[2026-03-24 12:53:49,518][pcse.crop.phenology.Vernalisation][INFO] - Critical DVS for vernalization (VERNDVS) reached at day 1984-06-12, but vernalization requirements not yet fulfilled. Forcing vernalization now (VERN=47.688571).
[2026-03-24 12:53:49,521][pcse.crop.phenology.Vernalisation][INFO] - Critical DVS for vernalization (VERNDVS) reached at day 1984-06-13, but vernalization requirements not yet fulfilled. Forcing vernalization now (VERN=47.688571).
[2026-03-24 12:53:49,524][pcse.crop.phenology.Vernalisation][INFO] - Critical DVS for vernalization (VERNDVS) reached at day 1984-06-14, but vernalization requirements not yet fulfilled. Forcing vernalization now (VERN=47.688571).
[2026-03-24 12:53:49,527][pcse.crop.phenology.Vernalisation][INFO] - Critical DVS for vernalization (VERNDVS) reached at day 1984-06-15, but vernalization requirements not yet fulfilled. Forcing vernalization now (VERN=47.688571).
[2026-03-24 12:53:49,529][pcse.crop.phenology.Vernalisation][INFO] - Critical DVS for vernalization (VERNDVS) reached at day 1984-06-16, but vernalization requirements not yet fulfilled. Forcing vernalization now (VERN=47.688571).
[2026-03-24 12:53:49,533][pcse.crop.phenology.Vernalisation][INFO] - Critical DVS for vernalization (VERNDVS) reached at day 1984-06-17, but vernalization requirements not yet fulfilled. Forcing vernalization now (VERN=47.688571).
[2026-03-24 12:53:49,535][pcse.crop.phenology.Vernalisation][INFO] - Critical DVS for vernalization (VERNDVS) reached at day 1984-06-18, but vernalization requirements not yet fulfilled. Forcing vernalization now (VERN=47.688571).
[2026-03-24 12:53:49,538][pcse.crop.phenology.Vernalisation][INFO] - Critical DVS for vernalization (VERNDVS) reached at day 1984-06-19, but vernalization requirements not yet fulfilled. Forcing vernalization now (VERN=47.688571).
[2026-03-24 12:53:49,541][pcse.crop.phenology.Vernalisation][INFO] - Critical DVS for vernalization (VERNDVS) reached at day 1984-06-20, but vernalization requirements not yet fulfilled. Forcing vernalization now (VERN=47.688571).
[2026-03-24 12:53:49,545][pcse.crop.phenology.Vernalisation][INFO] - Critical DVS for vernalization (VERNDVS) reached at day 1984-06-21, but vernalization requirements not yet fulfilled. Forcing vernalization now (VERN=47.688571).
[2026-03-24 12:53:49,547][pcse.crop.phenology.Vernalisation][INFO] - Critical DVS for vernalization (VERNDVS) reached at day 1984-06-22, but vernalization requirements not yet fulfilled. Forcing vernalization now (VERN=47.688571).
[2026-03-24 12:53:49,550][pcse.crop.phenology.Vernalisation][INFO] - Critical DVS for vernalization (VERNDVS) reached at day 1984-06-23, but vernalization requirements not yet fulfilled. Forcing vernalization now (VERN=47.688571).
[2026-03-24 12:53:49,552][pcse.crop.phenology.Vernalisation][INFO] - Critical DVS for vernalization (VERNDVS) reached at day 1984-06-24, but vernalization requirements not yet fulfilled. Forcing vernalization now (VERN=47.688571).
[2026-03-24 12:53:49,556][pcse.crop.phenology.Vernalisation][INFO] - Critical DVS for vernalization (VERNDVS) reached at day 1984-06-25, but vernalization requirements not yet fulfilled. Forcing vernalization now (VERN=47.688571).
[2026-03-24 12:53:49,558][pcse.crop.phenology.Vernalisation][INFO] - Critical DVS for vernalization (VERNDVS) reached at day 1984-06-26, but vernalization requirements not yet fulfilled. Forcing vernalization now (VERN=47.688571).
[2026-03-24 12:53:49,561][pcse.crop.phenology.Vernalisation][INFO] - Critical DVS for vernalization (VERNDVS) reached at day 1984-06-27, but vernalization requirements not yet fulfilled. Forcing vernalization now (VERN=47.688571).
[2026-03-24 12:53:49,564][pcse.crop.phenology.Vernalisation][INFO] - Critical DVS for vernalization (VERNDVS) reached at day 1984-06-28, but vernalization requirements not yet fulfilled. Forcing vernalization now (VERN=47.688571).
[2026-03-24 12:53:49,567][pcse.crop.phenology.Vernalisation][INFO] - Critical DVS for vernalization (VERNDVS) reached at day 1984-06-29, but vernalization requirements not yet fulfilled. Forcing vernalization now (VERN=47.688571).
[2026-03-24 12:53:49,567][pcse.crop.phenology.Annual_Phenology][INFO] - Changed phenological stage 'vegetative' to 'reproductive' on 1984-06-29
[2026-03-24 12:53:49,780][pcse.crop.phenology.Annual_Phenology][INFO] - Changed phenological stage 'reproductive' to 'mature' on 1984-09-13
[2026-03-24 12:53:49,827][pcse.base.timer.Timer][INFO] - Reached end of simulation period as specified by END_DATE.
[EPISODE DBG] episode=11 step=2651 pred_return=-2.414409 true_return=8.237871 total_feedback=0 labeled_feedback=0
[2026-03-24 12:53:49,834][pcse.agromanager.SoilCalendar][INFO] - Starting soil (oregon) with variation (oregon_1) on day 1984-02-01
[2026-03-24 12:53:49,835][pcse.agromanager.CropCalendar][INFO] - Starting crop (wheat) with variety (wheat_1) on day 1984-02-01
[2026-03-24 12:53:50,119][pcse.crop.phenology.Annual_Phenology][INFO] - Changed phenological stage 'emerging' to 'vegetative' on 1984-04-10
[2026-03-24 12:53:50,261][pcse.crop.phenology.Vernalisation][INFO] - Critical DVS for vernalization (VERNDVS) reached at day 1984-06-02, but vernalization requirements not yet fulfilled. Forcing vernalization now (VERN=47.688571).
[2026-03-24 12:53:50,265][pcse.crop.phenology.Vernalisation][INFO] - Critical DVS for vernalization (VERNDVS) reached at day 1984-06-03, but vernalization requirements not yet fulfilled. Forcing vernalization now (VERN=47.688571).
[2026-03-24 12:53:50,267][pcse.crop.phenology.Vernalisation][INFO] - Critical DVS for vernalization (VERNDVS) reached at day 1984-06-04, but vernalization requirements not yet fulfilled. Forcing vernalization now (VERN=47.688571).
[2026-03-24 12:53:50,270][pcse.crop.phenology.Vernalisation][INFO] - Critical DVS for vernalization (VERNDVS) reached at day 1984-06-05, but vernalization requirements not yet fulfilled. Forcing vernalization now (VERN=47.688571).
[2026-03-24 12:53:50,273][pcse.crop.phenology.Vernalisation][INFO] - Critical DVS for vernalization (VERNDVS) reached at day 1984-06-06, but vernalization requirements not yet fulfilled. Forcing vernalization now (VERN=47.688571).
[2026-03-24 12:53:50,276][pcse.crop.phenology.Vernalisation][INFO] - Critical DVS for vernalization (VERNDVS) reached at day 1984-06-07, but vernalization requirements not yet fulfilled. Forcing vernalization now (VERN=47.688571).
[2026-03-24 12:53:50,278][pcse.crop.phenology.Vernalisation][INFO] - Critical DVS for vernalization (VERNDVS) reached at day 1984-06-08, but vernalization requirements not yet fulfilled. Forcing vernalization now (VERN=47.688571).
[2026-03-24 12:53:50,281][pcse.crop.phenology.Vernalisation][INFO] - Critical DVS for vernalization (VERNDVS) reached at day 1984-06-09, but vernalization requirements not yet fulfilled. Forcing vernalization now (VERN=47.688571).
[2026-03-24 12:53:50,284][pcse.crop.phenology.Vernalisation][INFO] - Critical DVS for vernalization (VERNDVS) reached at day 1984-06-10, but vernalization requirements not yet fulfilled. Forcing vernalization now (VERN=47.688571).
[2026-03-24 12:53:50,287][pcse.crop.phenology.Vernalisation][INFO] - Critical DVS for vernalization (VERNDVS) reached at day 1984-06-11, but vernalization requirements not yet fulfilled. Forcing vernalization now (VERN=47.688571).
[2026-03-24 12:53:50,289][pcse.crop.phenology.Vernalisation][INFO] - Critical DVS for vernalization (VERNDVS) reached at day 1984-06-12, but vernalization requirements not yet fulfilled. Forcing vernalization now (VERN=47.688571).
[2026-03-24 12:53:50,292][pcse.crop.phenology.Vernalisation][INFO] - Critical DVS for vernalization (VERNDVS) reached at day 1984-06-13, but vernalization requirements not yet fulfilled. Forcing vernalization now (VERN=47.688571).
[2026-03-24 12:53:50,295][pcse.crop.phenology.Vernalisation][INFO] - Critical DVS for vernalization (VERNDVS) reached at day 1984-06-14, but vernalization requirements not yet fulfilled. Forcing vernalization now (VERN=47.688571).
[2026-03-24 12:53:50,297][pcse.crop.phenology.Vernalisation][INFO] - Critical DVS for vernalization (VERNDVS) reached at day 1984-06-15, but vernalization requirements not yet fulfilled. Forcing vernalization now (VERN=47.688571).
[2026-03-24 12:53:50,301][pcse.crop.phenology.Vernalisation][INFO] - Critical DVS for vernalization (VERNDVS) reached at day 1984-06-16, but vernalization requirements not yet fulfilled. Forcing vernalization now (VERN=47.688571).
[2026-03-24 12:53:50,305][pcse.crop.phenology.Vernalisation][INFO] - Critical DVS for vernalization (VERNDVS) reached at day 1984-06-17, but vernalization requirements not yet fulfilled. Forcing vernalization now (VERN=47.688571).
[2026-03-24 12:53:50,307][pcse.crop.phenology.Vernalisation][INFO] - Critical DVS for vernalization (VERNDVS) reached at day 1984-06-18, but vernalization requirements not yet fulfilled. Forcing vernalization now (VERN=47.688571).
[2026-03-24 12:53:50,310][pcse.crop.phenology.Vernalisation][INFO] - Critical DVS for vernalization (VERNDVS) reached at day 1984-06-19, but vernalization requirements not yet fulfilled. Forcing vernalization now (VERN=47.688571).
[2026-03-24 12:53:50,312][pcse.crop.phenology.Vernalisation][INFO] - Critical DVS for vernalization (VERNDVS) reached at day 1984-06-20, but vernalization requirements not yet fulfilled. Forcing vernalization now (VERN=47.688571).
[2026-03-24 12:53:50,315][pcse.crop.phenology.Vernalisation][INFO] - Critical DVS for vernalization (VERNDVS) reached at day 1984-06-21, but vernalization requirements not yet fulfilled. Forcing vernalization now (VERN=47.688571).
[2026-03-24 12:53:50,319][pcse.crop.phenology.Vernalisation][INFO] - Critical DVS for vernalization (VERNDVS) reached at day 1984-06-22, but vernalization requirements not yet fulfilled. Forcing vernalization now (VERN=47.688571).
[2026-03-24 12:53:50,322][pcse.crop.phenology.Vernalisation][INFO] - Critical DVS for vernalization (VERNDVS) reached at day 1984-06-23, but vernalization requirements not yet fulfilled. Forcing vernalization now (VERN=47.688571).
[2026-03-24 12:53:50,325][pcse.crop.phenology.Vernalisation][INFO] - Critical DVS for vernalization (VERNDVS) reached at day 1984-06-24, but vernalization requirements not yet fulfilled. Forcing vernalization now (VERN=47.688571).
[2026-03-24 12:53:50,327][pcse.crop.phenology.Vernalisation][INFO] - Critical DVS for vernalization (VERNDVS) reached at day 1984-06-25, but vernalization requirements not yet fulfilled. Forcing vernalization now (VERN=47.688571).
[2026-03-24 12:53:50,330][pcse.crop.phenology.Vernalisation][INFO] - Critical DVS for vernalization (VERNDVS) reached at day 1984-06-26, but vernalization requirements not yet fulfilled. Forcing vernalization now (VERN=47.688571).
[2026-03-24 12:53:50,333][pcse.crop.phenology.Vernalisation][INFO] - Critical DVS for vernalization (VERNDVS) reached at day 1984-06-27, but vernalization requirements not yet fulfilled. Forcing vernalization now (VERN=47.688571).
[2026-03-24 12:53:50,336][pcse.crop.phenology.Vernalisation][INFO] - Critical DVS for vernalization (VERNDVS) reached at day 1984-06-28, but vernalization requirements not yet fulfilled. Forcing vernalization now (VERN=47.688571).
[2026-03-24 12:53:50,339][pcse.crop.phenology.Vernalisation][INFO] - Critical DVS for vernalization (VERNDVS) reached at day 1984-06-29, but vernalization requirements not yet fulfilled. Forcing vernalization now (VERN=47.688571).
[2026-03-24 12:53:50,340][pcse.crop.phenology.Annual_Phenology][INFO] - Changed phenological stage 'vegetative' to 'reproductive' on 1984-06-29
[2026-03-24 12:53:50,552][pcse.crop.phenology.Annual_Phenology][INFO] - Changed phenological stage 'reproductive' to 'mature' on 1984-09-13
[2026-03-24 12:53:50,599][pcse.base.timer.Timer][INFO] - Reached end of simulation period as specified by END_DATE.
[EPISODE DBG] episode=12 step=2892 pred_return=-1.743112 true_return=0.000000 total_feedback=0 labeled_feedback=0
[2026-03-24 12:53:50,604][pcse.agromanager.SoilCalendar][INFO] - Starting soil (oregon) with variation (oregon_1) on day 1984-02-01
[2026-03-24 12:53:50,606][pcse.agromanager.CropCalendar][INFO] - Starting crop (wheat) with variety (wheat_1) on day 1984-02-01
[2026-03-24 12:53:50,881][pcse.crop.phenology.Annual_Phenology][INFO] - Changed phenological stage 'emerging' to 'vegetative' on 1984-04-10
[STEP DBG] step=3000 env_reward=0.000000 r_hat=0.000171 done=False
[NORM DBG] count=3000 mean_abs_mean=62524.906250 mean_std=9.279709 min_std=0.001000 max_std=70.508141
[2026-03-24 12:53:51,027][pcse.crop.phenology.Vernalisation][INFO] - Critical DVS for vernalization (VERNDVS) reached at day 1984-06-02, but vernalization requirements not yet fulfilled. Forcing vernalization now (VERN=47.688571).
[2026-03-24 12:53:51,030][pcse.crop.phenology.Vernalisation][INFO] - Critical DVS for vernalization (VERNDVS) reached at day 1984-06-03, but vernalization requirements not yet fulfilled. Forcing vernalization now (VERN=47.688571).
[2026-03-24 12:53:51,033][pcse.crop.phenology.Vernalisation][INFO] - Critical DVS for vernalization (VERNDVS) reached at day 1984-06-04, but vernalization requirements not yet fulfilled. Forcing vernalization now (VERN=47.688571).
[2026-03-24 12:53:51,036][pcse.crop.phenology.Vernalisation][INFO] - Critical DVS for vernalization (VERNDVS) reached at day 1984-06-05, but vernalization requirements not yet fulfilled. Forcing vernalization now (VERN=47.688571).
[2026-03-24 12:53:51,038][pcse.crop.phenology.Vernalisation][INFO] - Critical DVS for vernalization (VERNDVS) reached at day 1984-06-06, but vernalization requirements not yet fulfilled. Forcing vernalization now (VERN=47.688571).
[2026-03-24 12:53:51,042][pcse.crop.phenology.Vernalisation][INFO] - Critical DVS for vernalization (VERNDVS) reached at day 1984-06-07, but vernalization requirements not yet fulfilled. Forcing vernalization now (VERN=47.688571).
[2026-03-24 12:53:51,045][pcse.crop.phenology.Vernalisation][INFO] - Critical DVS for vernalization (VERNDVS) reached at day 1984-06-08, but vernalization requirements not yet fulfilled. Forcing vernalization now (VERN=47.688571).
[2026-03-24 12:53:51,048][pcse.crop.phenology.Vernalisation][INFO] - Critical DVS for vernalization (VERNDVS) reached at day 1984-06-09, but vernalization requirements not yet fulfilled. Forcing vernalization now (VERN=47.688571).
[2026-03-24 12:53:51,050][pcse.crop.phenology.Vernalisation][INFO] - Critical DVS for vernalization (VERNDVS) reached at day 1984-06-10, but vernalization requirements not yet fulfilled. Forcing vernalization now (VERN=47.688571).
[2026-03-24 12:53:51,053][pcse.crop.phenology.Vernalisation][INFO] - Critical DVS for vernalization (VERNDVS) reached at day 1984-06-11, but vernalization requirements not yet fulfilled. Forcing vernalization now (VERN=47.688571).
[2026-03-24 12:53:51,056][pcse.crop.phenology.Vernalisation][INFO] - Critical DVS for vernalization (VERNDVS) reached at day 1984-06-12, but vernalization requirements not yet fulfilled. Forcing vernalization now (VERN=47.688571).
[2026-03-24 12:53:51,060][pcse.crop.phenology.Vernalisation][INFO] - Critical DVS for vernalization (VERNDVS) reached at day 1984-06-13, but vernalization requirements not yet fulfilled. Forcing vernalization now (VERN=47.688571).
[2026-03-24 12:53:51,062][pcse.crop.phenology.Vernalisation][INFO] - Critical DVS for vernalization (VERNDVS) reached at day 1984-06-14, but vernalization requirements not yet fulfilled. Forcing vernalization now (VERN=47.688571).
[2026-03-24 12:53:51,065][pcse.crop.phenology.Vernalisation][INFO] - Critical DVS for vernalization (VERNDVS) reached at day 1984-06-15, but vernalization requirements not yet fulfilled. Forcing vernalization now (VERN=47.688571).
[2026-03-24 12:53:51,068][pcse.crop.phenology.Vernalisation][INFO] - Critical DVS for vernalization (VERNDVS) reached at day 1984-06-16, but vernalization requirements not yet fulfilled. Forcing vernalization now (VERN=47.688571).
[2026-03-24 12:53:51,070][pcse.crop.phenology.Vernalisation][INFO] - Critical DVS for vernalization (VERNDVS) reached at day 1984-06-17, but vernalization requirements not yet fulfilled. Forcing vernalization now (VERN=47.688571).
[2026-03-24 12:53:51,073][pcse.crop.phenology.Vernalisation][INFO] - Critical DVS for vernalization (VERNDVS) reached at day 1984-06-18, but vernalization requirements not yet fulfilled. Forcing vernalization now (VERN=47.688571).
[2026-03-24 12:53:51,077][pcse.crop.phenology.Vernalisation][INFO] - Critical DVS for vernalization (VERNDVS) reached at day 1984-06-19, but vernalization requirements not yet fulfilled. Forcing vernalization now (VERN=47.688571).
[2026-03-24 12:53:51,079][pcse.crop.phenology.Vernalisation][INFO] - Critical DVS for vernalization (VERNDVS) reached at day 1984-06-20, but vernalization requirements not yet fulfilled. Forcing vernalization now (VERN=47.688571).
[2026-03-24 12:53:51,082][pcse.crop.phenology.Vernalisation][INFO] - Critical DVS for vernalization (VERNDVS) reached at day 1984-06-21, but vernalization requirements not yet fulfilled. Forcing vernalization now (VERN=47.688571).
[2026-03-24 12:53:51,085][pcse.crop.phenology.Vernalisation][INFO] - Critical DVS for vernalization (VERNDVS) reached at day 1984-06-22, but vernalization requirements not yet fulfilled. Forcing vernalization now (VERN=47.688571).
[2026-03-24 12:53:51,087][pcse.crop.phenology.Vernalisation][INFO] - Critical DVS for vernalization (VERNDVS) reached at day 1984-06-23, but vernalization requirements not yet fulfilled. Forcing vernalization now (VERN=47.688571).
[2026-03-24 12:53:51,091][pcse.crop.phenology.Vernalisation][INFO] - Critical DVS for vernalization (VERNDVS) reached at day 1984-06-24, but vernalization requirements not yet fulfilled. Forcing vernalization now (VERN=47.688571).
[2026-03-24 12:53:51,095][pcse.crop.phenology.Vernalisation][INFO] - Critical DVS for vernalization (VERNDVS) reached at day 1984-06-25, but vernalization requirements not yet fulfilled. Forcing vernalization now (VERN=47.688571).
[2026-03-24 12:53:51,098][pcse.crop.phenology.Vernalisation][INFO] - Critical DVS for vernalization (VERNDVS) reached at day 1984-06-26, but vernalization requirements not yet fulfilled. Forcing vernalization now (VERN=47.688571).
[2026-03-24 12:53:51,100][pcse.crop.phenology.Vernalisation][INFO] - Critical DVS for vernalization (VERNDVS) reached at day 1984-06-27, but vernalization requirements not yet fulfilled. Forcing vernalization now (VERN=47.688571).
[2026-03-24 12:53:51,103][pcse.crop.phenology.Vernalisation][INFO] - Critical DVS for vernalization (VERNDVS) reached at day 1984-06-28, but vernalization requirements not yet fulfilled. Forcing vernalization now (VERN=47.688571).
[2026-03-24 12:53:51,105][pcse.crop.phenology.Vernalisation][INFO] - Critical DVS for vernalization (VERNDVS) reached at day 1984-06-29, but vernalization requirements not yet fulfilled. Forcing vernalization now (VERN=47.688571).
[2026-03-24 12:53:51,106][pcse.crop.phenology.Annual_Phenology][INFO] - Changed phenological stage 'vegetative' to 'reproductive' on 1984-06-29
[2026-03-24 12:53:51,323][pcse.crop.phenology.Annual_Phenology][INFO] - Changed phenological stage 'reproductive' to 'mature' on 1984-09-13
[2026-03-24 12:53:51,372][pcse.base.timer.Timer][INFO] - Reached end of simulation period as specified by END_DATE.
[EPISODE DBG] episode=13 step=3133 pred_return=-6.089074 true_return=67.998916 total_feedback=0 labeled_feedback=0
[2026-03-24 12:53:51,378][pcse.agromanager.SoilCalendar][INFO] - Starting soil (oregon) with variation (oregon_1) on day 1984-02-01
[2026-03-24 12:53:51,379][pcse.agromanager.CropCalendar][INFO] - Starting crop (wheat) with variety (wheat_1) on day 1984-02-01
[2026-03-24 12:53:51,674][pcse.crop.phenology.Annual_Phenology][INFO] - Changed phenological stage 'emerging' to 'vegetative' on 1984-04-10
[2026-03-24 12:53:51,850][pcse.crop.phenology.Vernalisation][INFO] - Critical DVS for vernalization (VERNDVS) reached at day 1984-06-02, but vernalization requirements not yet fulfilled. Forcing vernalization now (VERN=47.688571).
[2026-03-24 12:53:51,853][pcse.crop.phenology.Vernalisation][INFO] - Critical DVS for vernalization (VERNDVS) reached at day 1984-06-03, but vernalization requirements not yet fulfilled. Forcing vernalization now (VERN=47.688571).
[2026-03-24 12:53:51,856][pcse.crop.phenology.Vernalisation][INFO] - Critical DVS for vernalization (VERNDVS) reached at day 1984-06-04, but vernalization requirements not yet fulfilled. Forcing vernalization now (VERN=47.688571).
[2026-03-24 12:53:51,858][pcse.crop.phenology.Vernalisation][INFO] - Critical DVS for vernalization (VERNDVS) reached at day 1984-06-05, but vernalization requirements not yet fulfilled. Forcing vernalization now (VERN=47.688571).
[2026-03-24 12:53:51,861][pcse.crop.phenology.Vernalisation][INFO] - Critical DVS for vernalization (VERNDVS) reached at day 1984-06-06, but vernalization requirements not yet fulfilled. Forcing vernalization now (VERN=47.688571).
[2026-03-24 12:53:51,865][pcse.crop.phenology.Vernalisation][INFO] - Critical DVS for vernalization (VERNDVS) reached at day 1984-06-07, but vernalization requirements not yet fulfilled. Forcing vernalization now (VERN=47.688571).
[2026-03-24 12:53:51,868][pcse.crop.phenology.Vernalisation][INFO] - Critical DVS for vernalization (VERNDVS) reached at day 1984-06-08, but vernalization requirements not yet fulfilled. Forcing vernalization now (VERN=47.688571).
[2026-03-24 12:53:51,870][pcse.crop.phenology.Vernalisation][INFO] - Critical DVS for vernalization (VERNDVS) reached at day 1984-06-09, but vernalization requirements not yet fulfilled. Forcing vernalization now (VERN=47.688571).
[2026-03-24 12:53:51,874][pcse.crop.phenology.Vernalisation][INFO] - Critical DVS for vernalization (VERNDVS) reached at day 1984-06-10, but vernalization requirements not yet fulfilled. Forcing vernalization now (VERN=47.688571).
[2026-03-24 12:53:51,876][pcse.crop.phenology.Vernalisation][INFO] - Critical DVS for vernalization (VERNDVS) reached at day 1984-06-11, but vernalization requirements not yet fulfilled. Forcing vernalization now (VERN=47.688571).
[2026-03-24 12:53:51,879][pcse.crop.phenology.Vernalisation][INFO] - Critical DVS for vernalization (VERNDVS) reached at day 1984-06-12, but vernalization requirements not yet fulfilled. Forcing vernalization now (VERN=47.688571).
[2026-03-24 12:53:51,882][pcse.crop.phenology.Vernalisation][INFO] - Critical DVS for vernalization (VERNDVS) reached at day 1984-06-13, but vernalization requirements not yet fulfilled. Forcing vernalization now (VERN=47.688571).
[2026-03-24 12:53:51,884][pcse.crop.phenology.Vernalisation][INFO] - Critical DVS for vernalization (VERNDVS) reached at day 1984-06-14, but vernalization requirements not yet fulfilled. Forcing vernalization now (VERN=47.688571).
[2026-03-24 12:53:51,887][pcse.crop.phenology.Vernalisation][INFO] - Critical DVS for vernalization (VERNDVS) reached at day 1984-06-15, but vernalization requirements not yet fulfilled. Forcing vernalization now (VERN=47.688571).
[2026-03-24 12:53:51,890][pcse.crop.phenology.Vernalisation][INFO] - Critical DVS for vernalization (VERNDVS) reached at day 1984-06-16, but vernalization requirements not yet fulfilled. Forcing vernalization now (VERN=47.688571).
[2026-03-24 12:53:51,894][pcse.crop.phenology.Vernalisation][INFO] - Critical DVS for vernalization (VERNDVS) reached at day 1984-06-17, but vernalization requirements not yet fulfilled. Forcing vernalization now (VERN=47.688571).
[2026-03-24 12:53:51,896][pcse.crop.phenology.Vernalisation][INFO] - Critical DVS for vernalization (VERNDVS) reached at day 1984-06-18, but vernalization requirements not yet fulfilled. Forcing vernalization now (VERN=47.688571).
[2026-03-24 12:53:51,899][pcse.crop.phenology.Vernalisation][INFO] - Critical DVS for vernalization (VERNDVS) reached at day 1984-06-19, but vernalization requirements not yet fulfilled. Forcing vernalization now (VERN=47.688571).
[2026-03-24 12:53:51,903][pcse.crop.phenology.Vernalisation][INFO] - Critical DVS for vernalization (VERNDVS) reached at day 1984-06-20, but vernalization requirements not yet fulfilled. Forcing vernalization now (VERN=47.688571).
[2026-03-24 12:53:51,906][pcse.crop.phenology.Vernalisation][INFO] - Critical DVS for vernalization (VERNDVS) reached at day 1984-06-21, but vernalization requirements not yet fulfilled. Forcing vernalization now (VERN=47.688571).
[2026-03-24 12:53:51,908][pcse.crop.phenology.Vernalisation][INFO] - Critical DVS for vernalization (VERNDVS) reached at day 1984-06-22, but vernalization requirements not yet fulfilled. Forcing vernalization now (VERN=47.688571).
[2026-03-24 12:53:51,911][pcse.crop.phenology.Vernalisation][INFO] - Critical DVS for vernalization (VERNDVS) reached at day 1984-06-23, but vernalization requirements not yet fulfilled. Forcing vernalization now (VERN=47.688571).
[2026-03-24 12:53:51,914][pcse.crop.phenology.Vernalisation][INFO] - Critical DVS for vernalization (VERNDVS) reached at day 1984-06-24, but vernalization requirements not yet fulfilled. Forcing vernalization now (VERN=47.688571).
[2026-03-24 12:53:51,916][pcse.crop.phenology.Vernalisation][INFO] - Critical DVS for vernalization (VERNDVS) reached at day 1984-06-25, but vernalization requirements not yet fulfilled. Forcing vernalization now (VERN=47.688571).
[2026-03-24 12:53:51,920][pcse.crop.phenology.Vernalisation][INFO] - Critical DVS for vernalization (VERNDVS) reached at day 1984-06-26, but vernalization requirements not yet fulfilled. Forcing vernalization now (VERN=47.688571).
[2026-03-24 12:53:51,922][pcse.crop.phenology.Vernalisation][INFO] - Critical DVS for vernalization (VERNDVS) reached at day 1984-06-27, but vernalization requirements not yet fulfilled. Forcing vernalization now (VERN=47.688571).
[2026-03-24 12:53:51,925][pcse.crop.phenology.Vernalisation][INFO] - Critical DVS for vernalization (VERNDVS) reached at day 1984-06-28, but vernalization requirements not yet fulfilled. Forcing vernalization now (VERN=47.688571).
[2026-03-24 12:53:51,928][pcse.crop.phenology.Vernalisation][INFO] - Critical DVS for vernalization (VERNDVS) reached at day 1984-06-29, but vernalization requirements not yet fulfilled. Forcing vernalization now (VERN=47.688571).
[2026-03-24 12:53:51,928][pcse.crop.phenology.Annual_Phenology][INFO] - Changed phenological stage 'vegetative' to 'reproductive' on 1984-06-29
[2026-03-24 12:53:52,143][pcse.crop.phenology.Annual_Phenology][INFO] - Changed phenological stage 'reproductive' to 'mature' on 1984-09-13
[2026-03-24 12:53:52,199][pcse.base.timer.Timer][INFO] - Reached end of simulation period as specified by END_DATE.
[EPISODE DBG] episode=14 step=3374 pred_return=-3.325676 true_return=31.799543 total_feedback=0 labeled_feedback=0
[2026-03-24 12:53:52,203][pcse.agromanager.SoilCalendar][INFO] - Starting soil (oregon) with variation (oregon_1) on day 1984-02-01
[2026-03-24 12:53:52,205][pcse.agromanager.CropCalendar][INFO] - Starting crop (wheat) with variety (wheat_1) on day 1984-02-01
[2026-03-24 12:53:52,505][pcse.crop.phenology.Annual_Phenology][INFO] - Changed phenological stage 'emerging' to 'vegetative' on 1984-04-10
[2026-03-24 12:53:52,710][pcse.crop.phenology.Vernalisation][INFO] - Critical DVS for vernalization (VERNDVS) reached at day 1984-06-02, but vernalization requirements not yet fulfilled. Forcing vernalization now (VERN=47.688571).
[2026-03-24 12:53:52,713][pcse.crop.phenology.Vernalisation][INFO] - Critical DVS for vernalization (VERNDVS) reached at day 1984-06-03, but vernalization requirements not yet fulfilled. Forcing vernalization now (VERN=47.688571).
[2026-03-24 12:53:52,716][pcse.crop.phenology.Vernalisation][INFO] - Critical DVS for vernalization (VERNDVS) reached at day 1984-06-04, but vernalization requirements not yet fulfilled. Forcing vernalization now (VERN=47.688571).
[2026-03-24 12:53:52,719][pcse.crop.phenology.Vernalisation][INFO] - Critical DVS for vernalization (VERNDVS) reached at day 1984-06-05, but vernalization requirements not yet fulfilled. Forcing vernalization now (VERN=47.688571).
[2026-03-24 12:53:52,722][pcse.crop.phenology.Vernalisation][INFO] - Critical DVS for vernalization (VERNDVS) reached at day 1984-06-06, but vernalization requirements not yet fulfilled. Forcing vernalization now (VERN=47.688571).
[2026-03-24 12:53:52,725][pcse.crop.phenology.Vernalisation][INFO] - Critical DVS for vernalization (VERNDVS) reached at day 1984-06-07, but vernalization requirements not yet fulfilled. Forcing vernalization now (VERN=47.688571).
[2026-03-24 12:53:52,728][pcse.crop.phenology.Vernalisation][INFO] - Critical DVS for vernalization (VERNDVS) reached at day 1984-06-08, but vernalization requirements not yet fulfilled. Forcing vernalization now (VERN=47.688571).
[STEP DBG] step=3500 env_reward=0.000000 r_hat=-0.006383 done=False
[NORM DBG] count=3500 mean_abs_mean=62524.906250 mean_std=9.224997 min_std=0.001000 max_std=69.781792
[2026-03-24 12:53:52,731][pcse.crop.phenology.Vernalisation][INFO] - Critical DVS for vernalization (VERNDVS) reached at day 1984-06-09, but vernalization requirements not yet fulfilled. Forcing vernalization now (VERN=47.688571).
[2026-03-24 12:53:52,734][pcse.crop.phenology.Vernalisation][INFO] - Critical DVS for vernalization (VERNDVS) reached at day 1984-06-10, but vernalization requirements not yet fulfilled. Forcing vernalization now (VERN=47.688571).
[2026-03-24 12:53:52,737][pcse.crop.phenology.Vernalisation][INFO] - Critical DVS for vernalization (VERNDVS) reached at day 1984-06-11, but vernalization requirements not yet fulfilled. Forcing vernalization now (VERN=47.688571).
[2026-03-24 12:53:52,740][pcse.crop.phenology.Vernalisation][INFO] - Critical DVS for vernalization (VERNDVS) reached at day 1984-06-12, but vernalization requirements not yet fulfilled. Forcing vernalization now (VERN=47.688571).
[2026-03-24 12:53:52,743][pcse.crop.phenology.Vernalisation][INFO] - Critical DVS for vernalization (VERNDVS) reached at day 1984-06-13, but vernalization requirements not yet fulfilled. Forcing vernalization now (VERN=47.688571).
[2026-03-24 12:53:52,746][pcse.crop.phenology.Vernalisation][INFO] - Critical DVS for vernalization (VERNDVS) reached at day 1984-06-14, but vernalization requirements not yet fulfilled. Forcing vernalization now (VERN=47.688571).
[2026-03-24 12:53:52,749][pcse.crop.phenology.Vernalisation][INFO] - Critical DVS for vernalization (VERNDVS) reached at day 1984-06-15, but vernalization requirements not yet fulfilled. Forcing vernalization now (VERN=47.688571).
[2026-03-24 12:53:52,752][pcse.crop.phenology.Vernalisation][INFO] - Critical DVS for vernalization (VERNDVS) reached at day 1984-06-16, but vernalization requirements not yet fulfilled. Forcing vernalization now (VERN=47.688571).
[2026-03-24 12:53:52,756][pcse.crop.phenology.Vernalisation][INFO] - Critical DVS for vernalization (VERNDVS) reached at day 1984-06-17, but vernalization requirements not yet fulfilled. Forcing vernalization now (VERN=47.688571).
[2026-03-24 12:53:52,758][pcse.crop.phenology.Vernalisation][INFO] - Critical DVS for vernalization (VERNDVS) reached at day 1984-06-18, but vernalization requirements not yet fulfilled. Forcing vernalization now (VERN=47.688571).
[2026-03-24 12:53:52,761][pcse.crop.phenology.Vernalisation][INFO] - Critical DVS for vernalization (VERNDVS) reached at day 1984-06-19, but vernalization requirements not yet fulfilled. Forcing vernalization now (VERN=47.688571).
[2026-03-24 12:53:52,764][pcse.crop.phenology.Vernalisation][INFO] - Critical DVS for vernalization (VERNDVS) reached at day 1984-06-20, but vernalization requirements not yet fulfilled. Forcing vernalization now (VERN=47.688571).
[2026-03-24 12:53:52,766][pcse.crop.phenology.Vernalisation][INFO] - Critical DVS for vernalization (VERNDVS) reached at day 1984-06-21, but vernalization requirements not yet fulfilled. Forcing vernalization now (VERN=47.688571).
[2026-03-24 12:53:52,769][pcse.crop.phenology.Vernalisation][INFO] - Critical DVS for vernalization (VERNDVS) reached at day 1984-06-22, but vernalization requirements not yet fulfilled. Forcing vernalization now (VERN=47.688571).
[2026-03-24 12:53:52,771][pcse.crop.phenology.Vernalisation][INFO] - Critical DVS for vernalization (VERNDVS) reached at day 1984-06-23, but vernalization requirements not yet fulfilled. Forcing vernalization now (VERN=47.688571).
[2026-03-24 12:53:52,774][pcse.crop.phenology.Vernalisation][INFO] - Critical DVS for vernalization (VERNDVS) reached at day 1984-06-24, but vernalization requirements not yet fulfilled. Forcing vernalization now (VERN=47.688571).
[2026-03-24 12:53:52,777][pcse.crop.phenology.Vernalisation][INFO] - Critical DVS for vernalization (VERNDVS) reached at day 1984-06-25, but vernalization requirements not yet fulfilled. Forcing vernalization now (VERN=47.688571).
[2026-03-24 12:53:52,779][pcse.crop.phenology.Vernalisation][INFO] - Critical DVS for vernalization (VERNDVS) reached at day 1984-06-26, but vernalization requirements not yet fulfilled. Forcing vernalization now (VERN=47.688571).
[2026-03-24 12:53:52,782][pcse.crop.phenology.Vernalisation][INFO] - Critical DVS for vernalization (VERNDVS) reached at day 1984-06-27, but vernalization requirements not yet fulfilled. Forcing vernalization now (VERN=47.688571).
[2026-03-24 12:53:52,784][pcse.crop.phenology.Vernalisation][INFO] - Critical DVS for vernalization (VERNDVS) reached at day 1984-06-28, but vernalization requirements not yet fulfilled. Forcing vernalization now (VERN=47.688571).
[2026-03-24 12:53:52,787][pcse.crop.phenology.Vernalisation][INFO] - Critical DVS for vernalization (VERNDVS) reached at day 1984-06-29, but vernalization requirements not yet fulfilled. Forcing vernalization now (VERN=47.688571).
[2026-03-24 12:53:52,787][pcse.crop.phenology.Annual_Phenology][INFO] - Changed phenological stage 'vegetative' to 'reproductive' on 1984-06-29
[2026-03-24 12:53:52,992][pcse.crop.phenology.Annual_Phenology][INFO] - Changed phenological stage 'reproductive' to 'mature' on 1984-09-13
[2026-03-24 12:53:53,037][pcse.base.timer.Timer][INFO] - Reached end of simulation period as specified by END_DATE.
[EPISODE DBG] episode=15 step=3615 pred_return=-9.046312 true_return=382.362677 total_feedback=0 labeled_feedback=0
[2026-03-24 12:53:53,043][pcse.agromanager.SoilCalendar][INFO] - Starting soil (oregon) with variation (oregon_1) on day 1984-02-01
[2026-03-24 12:53:53,045][pcse.agromanager.CropCalendar][INFO] - Starting crop (wheat) with variety (wheat_1) on day 1984-02-01
[2026-03-24 12:53:53,322][pcse.crop.phenology.Annual_Phenology][INFO] - Changed phenological stage 'emerging' to 'vegetative' on 1984-04-10
[2026-03-24 12:53:53,446][pcse.crop.phenology.Vernalisation][INFO] - Critical DVS for vernalization (VERNDVS) reached at day 1984-06-02, but vernalization requirements not yet fulfilled. Forcing vernalization now (VERN=47.688571).
[2026-03-24 12:53:53,449][pcse.crop.phenology.Vernalisation][INFO] - Critical DVS for vernalization (VERNDVS) reached at day 1984-06-03, but vernalization requirements not yet fulfilled. Forcing vernalization now (VERN=47.688571).
[2026-03-24 12:53:53,451][pcse.crop.phenology.Vernalisation][INFO] - Critical DVS for vernalization (VERNDVS) reached at day 1984-06-04, but vernalization requirements not yet fulfilled. Forcing vernalization now (VERN=47.688571).
[2026-03-24 12:53:53,453][pcse.crop.phenology.Vernalisation][INFO] - Critical DVS for vernalization (VERNDVS) reached at day 1984-06-05, but vernalization requirements not yet fulfilled. Forcing vernalization now (VERN=47.688571).
[2026-03-24 12:53:53,456][pcse.crop.phenology.Vernalisation][INFO] - Critical DVS for vernalization (VERNDVS) reached at day 1984-06-06, but vernalization requirements not yet fulfilled. Forcing vernalization now (VERN=47.688571).
[2026-03-24 12:53:53,458][pcse.crop.phenology.Vernalisation][INFO] - Critical DVS for vernalization (VERNDVS) reached at day 1984-06-07, but vernalization requirements not yet fulfilled. Forcing vernalization now (VERN=47.688571).
[2026-03-24 12:53:53,461][pcse.crop.phenology.Vernalisation][INFO] - Critical DVS for vernalization (VERNDVS) reached at day 1984-06-08, but vernalization requirements not yet fulfilled. Forcing vernalization now (VERN=47.688571).
[2026-03-24 12:53:53,463][pcse.crop.phenology.Vernalisation][INFO] - Critical DVS for vernalization (VERNDVS) reached at day 1984-06-09, but vernalization requirements not yet fulfilled. Forcing vernalization now (VERN=47.688571).
[2026-03-24 12:53:53,466][pcse.crop.phenology.Vernalisation][INFO] - Critical DVS for vernalization (VERNDVS) reached at day 1984-06-10, but vernalization requirements not yet fulfilled. Forcing vernalization now (VERN=47.688571).
[2026-03-24 12:53:53,468][pcse.crop.phenology.Vernalisation][INFO] - Critical DVS for vernalization (VERNDVS) reached at day 1984-06-11, but vernalization requirements not yet fulfilled. Forcing vernalization now (VERN=47.688571).
[2026-03-24 12:53:53,471][pcse.crop.phenology.Vernalisation][INFO] - Critical DVS for vernalization (VERNDVS) reached at day 1984-06-12, but vernalization requirements not yet fulfilled. Forcing vernalization now (VERN=47.688571).
[2026-03-24 12:53:53,473][pcse.crop.phenology.Vernalisation][INFO] - Critical DVS for vernalization (VERNDVS) reached at day 1984-06-13, but vernalization requirements not yet fulfilled. Forcing vernalization now (VERN=47.688571).
[2026-03-24 12:53:53,475][pcse.crop.phenology.Vernalisation][INFO] - Critical DVS for vernalization (VERNDVS) reached at day 1984-06-14, but vernalization requirements not yet fulfilled. Forcing vernalization now (VERN=47.688571).
[2026-03-24 12:53:53,478][pcse.crop.phenology.Vernalisation][INFO] - Critical DVS for vernalization (VERNDVS) reached at day 1984-06-15, but vernalization requirements not yet fulfilled. Forcing vernalization now (VERN=47.688571).
[2026-03-24 12:53:53,480][pcse.crop.phenology.Vernalisation][INFO] - Critical DVS for vernalization (VERNDVS) reached at day 1984-06-16, but vernalization requirements not yet fulfilled. Forcing vernalization now (VERN=47.688571).
[2026-03-24 12:53:53,483][pcse.crop.phenology.Vernalisation][INFO] - Critical DVS for vernalization (VERNDVS) reached at day 1984-06-17, but vernalization requirements not yet fulfilled. Forcing vernalization now (VERN=47.688571).
[2026-03-24 12:53:53,485][pcse.crop.phenology.Vernalisation][INFO] - Critical DVS for vernalization (VERNDVS) reached at day 1984-06-18, but vernalization requirements not yet fulfilled. Forcing vernalization now (VERN=47.688571).
[2026-03-24 12:53:53,487][pcse.crop.phenology.Vernalisation][INFO] - Critical DVS for vernalization (VERNDVS) reached at day 1984-06-19, but vernalization requirements not yet fulfilled. Forcing vernalization now (VERN=47.688571).
[2026-03-24 12:53:53,490][pcse.crop.phenology.Vernalisation][INFO] - Critical DVS for vernalization (VERNDVS) reached at day 1984-06-20, but vernalization requirements not yet fulfilled. Forcing vernalization now (VERN=47.688571).
[2026-03-24 12:53:53,492][pcse.crop.phenology.Vernalisation][INFO] - Critical DVS for vernalization (VERNDVS) reached at day 1984-06-21, but vernalization requirements not yet fulfilled. Forcing vernalization now (VERN=47.688571).
[2026-03-24 12:53:53,495][pcse.crop.phenology.Vernalisation][INFO] - Critical DVS for vernalization (VERNDVS) reached at day 1984-06-22, but vernalization requirements not yet fulfilled. Forcing vernalization now (VERN=47.688571).
[2026-03-24 12:53:53,497][pcse.crop.phenology.Vernalisation][INFO] - Critical DVS for vernalization (VERNDVS) reached at day 1984-06-23, but vernalization requirements not yet fulfilled. Forcing vernalization now (VERN=47.688571).
[2026-03-24 12:53:53,499][pcse.crop.phenology.Vernalisation][INFO] - Critical DVS for vernalization (VERNDVS) reached at day 1984-06-24, but vernalization requirements not yet fulfilled. Forcing vernalization now (VERN=47.688571).
[2026-03-24 12:53:53,502][pcse.crop.phenology.Vernalisation][INFO] - Critical DVS for vernalization (VERNDVS) reached at day 1984-06-25, but vernalization requirements not yet fulfilled. Forcing vernalization now (VERN=47.688571).
[2026-03-24 12:53:53,504][pcse.crop.phenology.Vernalisation][INFO] - Critical DVS for vernalization (VERNDVS) reached at day 1984-06-26, but vernalization requirements not yet fulfilled. Forcing vernalization now (VERN=47.688571).
[2026-03-24 12:53:53,506][pcse.crop.phenology.Vernalisation][INFO] - Critical DVS for vernalization (VERNDVS) reached at day 1984-06-27, but vernalization requirements not yet fulfilled. Forcing vernalization now (VERN=47.688571).
[2026-03-24 12:53:53,509][pcse.crop.phenology.Vernalisation][INFO] - Critical DVS for vernalization (VERNDVS) reached at day 1984-06-28, but vernalization requirements not yet fulfilled. Forcing vernalization now (VERN=47.688571).
[2026-03-24 12:53:53,511][pcse.crop.phenology.Vernalisation][INFO] - Critical DVS for vernalization (VERNDVS) reached at day 1984-06-29, but vernalization requirements not yet fulfilled. Forcing vernalization now (VERN=47.688571).
[2026-03-24 12:53:53,511][pcse.crop.phenology.Annual_Phenology][INFO] - Changed phenological stage 'vegetative' to 'reproductive' on 1984-06-29
[2026-03-24 12:53:53,708][pcse.crop.phenology.Annual_Phenology][INFO] - Changed phenological stage 'reproductive' to 'mature' on 1984-09-13
[2026-03-24 12:53:53,753][pcse.base.timer.Timer][INFO] - Reached end of simulation period as specified by END_DATE.
[EPISODE DBG] episode=16 step=3856 pred_return=-2.198367 true_return=2.695101 total_feedback=0 labeled_feedback=0
[2026-03-24 12:53:53,757][pcse.agromanager.SoilCalendar][INFO] - Starting soil (oregon) with variation (oregon_1) on day 1984-02-01
[2026-03-24 12:53:53,759][pcse.agromanager.CropCalendar][INFO] - Starting crop (wheat) with variety (wheat_1) on day 1984-02-01
[2026-03-24 12:53:54,025][pcse.crop.phenology.Annual_Phenology][INFO] - Changed phenological stage 'emerging' to 'vegetative' on 1984-04-10
[2026-03-24 12:53:54,158][pcse.crop.phenology.Vernalisation][INFO] - Critical DVS for vernalization (VERNDVS) reached at day 1984-06-02, but vernalization requirements not yet fulfilled. Forcing vernalization now (VERN=47.688571).
[2026-03-24 12:53:54,160][pcse.crop.phenology.Vernalisation][INFO] - Critical DVS for vernalization (VERNDVS) reached at day 1984-06-03, but vernalization requirements not yet fulfilled. Forcing vernalization now (VERN=47.688571).
[2026-03-24 12:53:54,163][pcse.crop.phenology.Vernalisation][INFO] - Critical DVS for vernalization (VERNDVS) reached at day 1984-06-04, but vernalization requirements not yet fulfilled. Forcing vernalization now (VERN=47.688571).
[2026-03-24 12:53:54,166][pcse.crop.phenology.Vernalisation][INFO] - Critical DVS for vernalization (VERNDVS) reached at day 1984-06-05, but vernalization requirements not yet fulfilled. Forcing vernalization now (VERN=47.688571).
[2026-03-24 12:53:54,169][pcse.crop.phenology.Vernalisation][INFO] - Critical DVS for vernalization (VERNDVS) reached at day 1984-06-06, but vernalization requirements not yet fulfilled. Forcing vernalization now (VERN=47.688571).
[2026-03-24 12:53:54,171][pcse.crop.phenology.Vernalisation][INFO] - Critical DVS for vernalization (VERNDVS) reached at day 1984-06-07, but vernalization requirements not yet fulfilled. Forcing vernalization now (VERN=47.688571).
[2026-03-24 12:53:54,175][pcse.crop.phenology.Vernalisation][INFO] - Critical DVS for vernalization (VERNDVS) reached at day 1984-06-08, but vernalization requirements not yet fulfilled. Forcing vernalization now (VERN=47.688571).
[2026-03-24 12:53:54,178][pcse.crop.phenology.Vernalisation][INFO] - Critical DVS for vernalization (VERNDVS) reached at day 1984-06-09, but vernalization requirements not yet fulfilled. Forcing vernalization now (VERN=47.688571).
[2026-03-24 12:53:54,182][pcse.crop.phenology.Vernalisation][INFO] - Critical DVS for vernalization (VERNDVS) reached at day 1984-06-10, but vernalization requirements not yet fulfilled. Forcing vernalization now (VERN=47.688571).
[2026-03-24 12:53:54,185][pcse.crop.phenology.Vernalisation][INFO] - Critical DVS for vernalization (VERNDVS) reached at day 1984-06-11, but vernalization requirements not yet fulfilled. Forcing vernalization now (VERN=47.688571).
[2026-03-24 12:53:54,188][pcse.crop.phenology.Vernalisation][INFO] - Critical DVS for vernalization (VERNDVS) reached at day 1984-06-12, but vernalization requirements not yet fulfilled. Forcing vernalization now (VERN=47.688571).
[2026-03-24 12:53:54,191][pcse.crop.phenology.Vernalisation][INFO] - Critical DVS for vernalization (VERNDVS) reached at day 1984-06-13, but vernalization requirements not yet fulfilled. Forcing vernalization now (VERN=47.688571).
[2026-03-24 12:53:54,195][pcse.crop.phenology.Vernalisation][INFO] - Critical DVS for vernalization (VERNDVS) reached at day 1984-06-14, but vernalization requirements not yet fulfilled. Forcing vernalization now (VERN=47.688571).
[2026-03-24 12:53:54,198][pcse.crop.phenology.Vernalisation][INFO] - Critical DVS for vernalization (VERNDVS) reached at day 1984-06-15, but vernalization requirements not yet fulfilled. Forcing vernalization now (VERN=47.688571).
[2026-03-24 12:53:54,201][pcse.crop.phenology.Vernalisation][INFO] - Critical DVS for vernalization (VERNDVS) reached at day 1984-06-16, but vernalization requirements not yet fulfilled. Forcing vernalization now (VERN=47.688571).
[2026-03-24 12:53:54,203][pcse.crop.phenology.Vernalisation][INFO] - Critical DVS for vernalization (VERNDVS) reached at day 1984-06-17, but vernalization requirements not yet fulfilled. Forcing vernalization now (VERN=47.688571).
[2026-03-24 12:53:54,206][pcse.crop.phenology.Vernalisation][INFO] - Critical DVS for vernalization (VERNDVS) reached at day 1984-06-18, but vernalization requirements not yet fulfilled. Forcing vernalization now (VERN=47.688571).
[2026-03-24 12:53:54,209][pcse.crop.phenology.Vernalisation][INFO] - Critical DVS for vernalization (VERNDVS) reached at day 1984-06-19, but vernalization requirements not yet fulfilled. Forcing vernalization now (VERN=47.688571).
[2026-03-24 12:53:54,212][pcse.crop.phenology.Vernalisation][INFO] - Critical DVS for vernalization (VERNDVS) reached at day 1984-06-20, but vernalization requirements not yet fulfilled. Forcing vernalization now (VERN=47.688571).
[2026-03-24 12:53:54,214][pcse.crop.phenology.Vernalisation][INFO] - Critical DVS for vernalization (VERNDVS) reached at day 1984-06-21, but vernalization requirements not yet fulfilled. Forcing vernalization now (VERN=47.688571).
[2026-03-24 12:53:54,217][pcse.crop.phenology.Vernalisation][INFO] - Critical DVS for vernalization (VERNDVS) reached at day 1984-06-22, but vernalization requirements not yet fulfilled. Forcing vernalization now (VERN=47.688571).
[2026-03-24 12:53:54,221][pcse.crop.phenology.Vernalisation][INFO] - Critical DVS for vernalization (VERNDVS) reached at day 1984-06-23, but vernalization requirements not yet fulfilled. Forcing vernalization now (VERN=47.688571).
[2026-03-24 12:53:54,224][pcse.crop.phenology.Vernalisation][INFO] - Critical DVS for vernalization (VERNDVS) reached at day 1984-06-24, but vernalization requirements not yet fulfilled. Forcing vernalization now (VERN=47.688571).
[2026-03-24 12:53:54,227][pcse.crop.phenology.Vernalisation][INFO] - Critical DVS for vernalization (VERNDVS) reached at day 1984-06-25, but vernalization requirements not yet fulfilled. Forcing vernalization now (VERN=47.688571).
Reward function update skipped (no labeled feedback yet).
[REPLAY DBG] before first relabel n=4000 mean=-4.320961 std=192.615448 min=-8616.200195 max=0.014378
[REPLAY DBG] after first relabel n=4000 mean=-0.009403 std=0.014871 min=-0.104732 max=0.013421
[2026-03-24 12:54:24,067][pcse.crop.phenology.Vernalisation][INFO] - Critical DVS for vernalization (VERNDVS) reached at day 1984-06-26, but vernalization requirements not yet fulfilled. Forcing vernalization now (VERN=47.688571).
[STEP DBG] step=4000 env_reward=0.000000 r_hat=-0.005512 done=False
[NORM DBG] count=4000 mean_abs_mean=62524.906250 mean_std=9.199036 min_std=0.001000 max_std=69.359962
[2026-03-24 12:54:24,095][pcse.crop.phenology.Vernalisation][INFO] - Critical DVS for vernalization (VERNDVS) reached at day 1984-06-27, but vernalization requirements not yet fulfilled. Forcing vernalization now (VERN=47.688571).
[2026-03-24 12:54:24,123][pcse.crop.phenology.Vernalisation][INFO] - Critical DVS for vernalization (VERNDVS) reached at day 1984-06-28, but vernalization requirements not yet fulfilled. Forcing vernalization now (VERN=47.688571).
[2026-03-24 12:54:24,150][pcse.crop.phenology.Vernalisation][INFO] - Critical DVS for vernalization (VERNDVS) reached at day 1984-06-29, but vernalization requirements not yet fulfilled. Forcing vernalization now (VERN=47.688571).
[2026-03-24 12:54:24,151][pcse.crop.phenology.Annual_Phenology][INFO] - Changed phenological stage 'vegetative' to 'reproductive' on 1984-06-29
[2026-03-24 12:54:25,767][pcse.crop.phenology.Annual_Phenology][INFO] - Changed phenological stage 'reproductive' to 'mature' on 1984-09-13
[2026-03-24 12:54:26,087][pcse.base.timer.Timer][INFO] - Reached end of simulation period as specified by END_DATE.
| train          | E: 17 | S: 4097 | R: -2.1984 | TR: 2.6951 | TF: 0 | LR: 0 | NR: 0 | D: 32.3 s | TD: 00.0 s | BR: -0.0095 | ALOSS: 18673.7200 | CLOSS: 2924092.5633 | TLOSS: -552.3403 | TVAL: 0.1011 | AENT: -5466.9310 | BCLOSS: 0.0000
[EPISODE DBG] episode=17 step=4097 pred_return=-4.539267 true_return=248.379073 total_feedback=32 labeled_feedback=0
[2026-03-24 12:54:26,093][pcse.agromanager.SoilCalendar][INFO] - Starting soil (oregon) with variation (oregon_1) on day 1984-02-01
[2026-03-24 12:54:26,095][pcse.agromanager.CropCalendar][INFO] - Starting crop (wheat) with variety (wheat_1) on day 1984-02-01
[2026-03-24 12:54:28,014][pcse.crop.phenology.Annual_Phenology][INFO] - Changed phenological stage 'emerging' to 'vegetative' on 1984-04-10
[2026-03-24 12:54:29,915][pcse.crop.phenology.Vernalisation][INFO] - Critical DVS for vernalization (VERNDVS) reached at day 1984-06-02, but vernalization requirements not yet fulfilled. Forcing vernalization now (VERN=47.688571).
[2026-03-24 12:54:29,944][pcse.crop.phenology.Vernalisation][INFO] - Critical DVS for vernalization (VERNDVS) reached at day 1984-06-03, but vernalization requirements not yet fulfilled. Forcing vernalization now (VERN=47.688571).
[2026-03-24 12:54:29,974][pcse.crop.phenology.Vernalisation][INFO] - Critical DVS for vernalization (VERNDVS) reached at day 1984-06-04, but vernalization requirements not yet fulfilled. Forcing vernalization now (VERN=47.688571).
[2026-03-24 12:54:30,003][pcse.crop.phenology.Vernalisation][INFO] - Critical DVS for vernalization (VERNDVS) reached at day 1984-06-05, but vernalization requirements not yet fulfilled. Forcing vernalization now (VERN=47.688571).
[2026-03-24 12:54:30,032][pcse.crop.phenology.Vernalisation][INFO] - Critical DVS for vernalization (VERNDVS) reached at day 1984-06-06, but vernalization requirements not yet fulfilled. Forcing vernalization now (VERN=47.688571).
[2026-03-24 12:54:30,061][pcse.crop.phenology.Vernalisation][INFO] - Critical DVS for vernalization (VERNDVS) reached at day 1984-06-07, but vernalization requirements not yet fulfilled. Forcing vernalization now (VERN=47.688571).
[2026-03-24 12:54:30,088][pcse.crop.phenology.Vernalisation][INFO] - Critical DVS for vernalization (VERNDVS) reached at day 1984-06-08, but vernalization requirements not yet fulfilled. Forcing vernalization now (VERN=47.688571).
[2026-03-24 12:54:30,117][pcse.crop.phenology.Vernalisation][INFO] - Critical DVS for vernalization (VERNDVS) reached at day 1984-06-09, but vernalization requirements not yet fulfilled. Forcing vernalization now (VERN=47.688571).
[2026-03-24 12:54:30,148][pcse.crop.phenology.Vernalisation][INFO] - Critical DVS for vernalization (VERNDVS) reached at day 1984-06-10, but vernalization requirements not yet fulfilled. Forcing vernalization now (VERN=47.688571).
[2026-03-24 12:54:30,177][pcse.crop.phenology.Vernalisation][INFO] - Critical DVS for vernalization (VERNDVS) reached at day 1984-06-11, but vernalization requirements not yet fulfilled. Forcing vernalization now (VERN=47.688571).
[2026-03-24 12:54:30,207][pcse.crop.phenology.Vernalisation][INFO] - Critical DVS for vernalization (VERNDVS) reached at day 1984-06-12, but vernalization requirements not yet fulfilled. Forcing vernalization now (VERN=47.688571).
[2026-03-24 12:54:30,235][pcse.crop.phenology.Vernalisation][INFO] - Critical DVS for vernalization (VERNDVS) reached at day 1984-06-13, but vernalization requirements not yet fulfilled. Forcing vernalization now (VERN=47.688571).
[2026-03-24 12:54:30,264][pcse.crop.phenology.Vernalisation][INFO] - Critical DVS for vernalization (VERNDVS) reached at day 1984-06-14, but vernalization requirements not yet fulfilled. Forcing vernalization now (VERN=47.688571).
[2026-03-24 12:54:30,293][pcse.crop.phenology.Vernalisation][INFO] - Critical DVS for vernalization (VERNDVS) reached at day 1984-06-15, but vernalization requirements not yet fulfilled. Forcing vernalization now (VERN=47.688571).
[2026-03-24 12:54:30,322][pcse.crop.phenology.Vernalisation][INFO] - Critical DVS for vernalization (VERNDVS) reached at day 1984-06-16, but vernalization requirements not yet fulfilled. Forcing vernalization now (VERN=47.688571).
[2026-03-24 12:54:30,351][pcse.crop.phenology.Vernalisation][INFO] - Critical DVS for vernalization (VERNDVS) reached at day 1984-06-17, but vernalization requirements not yet fulfilled. Forcing vernalization now (VERN=47.688571).
[2026-03-24 12:54:30,378][pcse.crop.phenology.Vernalisation][INFO] - Critical DVS for vernalization (VERNDVS) reached at day 1984-06-18, but vernalization requirements not yet fulfilled. Forcing vernalization now (VERN=47.688571).
[2026-03-24 12:54:30,406][pcse.crop.phenology.Vernalisation][INFO] - Critical DVS for vernalization (VERNDVS) reached at day 1984-06-19, but vernalization requirements not yet fulfilled. Forcing vernalization now (VERN=47.688571).
[2026-03-24 12:54:30,435][pcse.crop.phenology.Vernalisation][INFO] - Critical DVS for vernalization (VERNDVS) reached at day 1984-06-20, but vernalization requirements not yet fulfilled. Forcing vernalization now (VERN=47.688571).
[2026-03-24 12:54:30,465][pcse.crop.phenology.Vernalisation][INFO] - Critical DVS for vernalization (VERNDVS) reached at day 1984-06-21, but vernalization requirements not yet fulfilled. Forcing vernalization now (VERN=47.688571).
[2026-03-24 12:54:30,495][pcse.crop.phenology.Vernalisation][INFO] - Critical DVS for vernalization (VERNDVS) reached at day 1984-06-22, but vernalization requirements not yet fulfilled. Forcing vernalization now (VERN=47.688571).
[2026-03-24 12:54:30,526][pcse.crop.phenology.Vernalisation][INFO] - Critical DVS for vernalization (VERNDVS) reached at day 1984-06-23, but vernalization requirements not yet fulfilled. Forcing vernalization now (VERN=47.688571).
[2026-03-24 12:54:30,555][pcse.crop.phenology.Vernalisation][INFO] - Critical DVS for vernalization (VERNDVS) reached at day 1984-06-24, but vernalization requirements not yet fulfilled. Forcing vernalization now (VERN=47.688571).
[2026-03-24 12:54:30,584][pcse.crop.phenology.Vernalisation][INFO] - Critical DVS for vernalization (VERNDVS) reached at day 1984-06-25, but vernalization requirements not yet fulfilled. Forcing vernalization now (VERN=47.688571).
[2026-03-24 12:54:30,612][pcse.crop.phenology.Vernalisation][INFO] - Critical DVS for vernalization (VERNDVS) reached at day 1984-06-26, but vernalization requirements not yet fulfilled. Forcing vernalization now (VERN=47.688571).
[2026-03-24 12:54:30,640][pcse.crop.phenology.Vernalisation][INFO] - Critical DVS for vernalization (VERNDVS) reached at day 1984-06-27, but vernalization requirements not yet fulfilled. Forcing vernalization now (VERN=47.688571).
[2026-03-24 12:54:30,669][pcse.crop.phenology.Vernalisation][INFO] - Critical DVS for vernalization (VERNDVS) reached at day 1984-06-28, but vernalization requirements not yet fulfilled. Forcing vernalization now (VERN=47.688571).
[2026-03-24 12:54:30,698][pcse.crop.phenology.Vernalisation][INFO] - Critical DVS for vernalization (VERNDVS) reached at day 1984-06-29, but vernalization requirements not yet fulfilled. Forcing vernalization now (VERN=47.688571).
[2026-03-24 12:54:30,698][pcse.crop.phenology.Annual_Phenology][INFO] - Changed phenological stage 'vegetative' to 'reproductive' on 1984-06-29
[2026-03-24 12:54:32,774][pcse.crop.phenology.Annual_Phenology][INFO] - Changed phenological stage 'reproductive' to 'mature' on 1984-09-13
[2026-03-24 12:54:33,249][pcse.base.timer.Timer][INFO] - Reached end of simulation period as specified by END_DATE.
| train          | E: 18 | S: 4338 | R: -4.5393 | TR: 248.3791 | TF: 32 | LR: 0 | NR: 0 | D: 07.2 s | TD: 00.0 s | BR: -0.0103 | ALOSS: 18695.0549 | CLOSS: 3208208.8207 | TLOSS: -540.1764 | TVAL: 0.1024 | AENT: -5274.6233 | BCLOSS: 0.0000
[EPISODE DBG] episode=18 step=4338 pred_return=-4.835898 true_return=134.221018 total_feedback=32 labeled_feedback=0
[2026-03-24 12:54:33,257][pcse.agromanager.SoilCalendar][INFO] - Starting soil (oregon) with variation (oregon_1) on day 1984-02-01
[2026-03-24 12:54:33,259][pcse.agromanager.CropCalendar][INFO] - Starting crop (wheat) with variety (wheat_1) on day 1984-02-01
Reward function update skipped (no labeled feedback yet).
[REPLAY DBG] before relabel step=4400 n=4400 mean=-0.010704 std=0.015671 min=-0.104732 max=0.013421
[REPLAY DBG] after relabel step=4400 n=4400 mean=-0.009462 std=0.014820 min=-0.098306 max=0.013401
[2026-03-24 12:54:35,549][pcse.crop.phenology.Annual_Phenology][INFO] - Changed phenological stage 'emerging' to 'vegetative' on 1984-04-10
[2026-03-24 12:54:37,113][pcse.crop.phenology.Vernalisation][INFO] - Critical DVS for vernalization (VERNDVS) reached at day 1984-06-02, but vernalization requirements not yet fulfilled. Forcing vernalization now (VERN=47.688571).
[2026-03-24 12:54:37,142][pcse.crop.phenology.Vernalisation][INFO] - Critical DVS for vernalization (VERNDVS) reached at day 1984-06-03, but vernalization requirements not yet fulfilled. Forcing vernalization now (VERN=47.688571).
[2026-03-24 12:54:37,173][pcse.crop.phenology.Vernalisation][INFO] - Critical DVS for vernalization (VERNDVS) reached at day 1984-06-04, but vernalization requirements not yet fulfilled. Forcing vernalization now (VERN=47.688571).
[2026-03-24 12:54:37,204][pcse.crop.phenology.Vernalisation][INFO] - Critical DVS for vernalization (VERNDVS) reached at day 1984-06-05, but vernalization requirements not yet fulfilled. Forcing vernalization now (VERN=47.688571).
[2026-03-24 12:54:37,233][pcse.crop.phenology.Vernalisation][INFO] - Critical DVS for vernalization (VERNDVS) reached at day 1984-06-06, but vernalization requirements not yet fulfilled. Forcing vernalization now (VERN=47.688571).
[2026-03-24 12:54:37,263][pcse.crop.phenology.Vernalisation][INFO] - Critical DVS for vernalization (VERNDVS) reached at day 1984-06-07, but vernalization requirements not yet fulfilled. Forcing vernalization now (VERN=47.688571).
[2026-03-24 12:54:37,293][pcse.crop.phenology.Vernalisation][INFO] - Critical DVS for vernalization (VERNDVS) reached at day 1984-06-08, but vernalization requirements not yet fulfilled. Forcing vernalization now (VERN=47.688571).
[2026-03-24 12:54:37,325][pcse.crop.phenology.Vernalisation][INFO] - Critical DVS for vernalization (VERNDVS) reached at day 1984-06-09, but vernalization requirements not yet fulfilled. Forcing vernalization now (VERN=47.688571).
[2026-03-24 12:54:37,355][pcse.crop.phenology.Vernalisation][INFO] - Critical DVS for vernalization (VERNDVS) reached at day 1984-06-10, but vernalization requirements not yet fulfilled. Forcing vernalization now (VERN=47.688571).
[2026-03-24 12:54:37,385][pcse.crop.phenology.Vernalisation][INFO] - Critical DVS for vernalization (VERNDVS) reached at day 1984-06-11, but vernalization requirements not yet fulfilled. Forcing vernalization now (VERN=47.688571).
[2026-03-24 12:54:37,415][pcse.crop.phenology.Vernalisation][INFO] - Critical DVS for vernalization (VERNDVS) reached at day 1984-06-12, but vernalization requirements not yet fulfilled. Forcing vernalization now (VERN=47.688571).
[2026-03-24 12:54:37,444][pcse.crop.phenology.Vernalisation][INFO] - Critical DVS for vernalization (VERNDVS) reached at day 1984-06-13, but vernalization requirements not yet fulfilled. Forcing vernalization now (VERN=47.688571).
[2026-03-24 12:54:37,475][pcse.crop.phenology.Vernalisation][INFO] - Critical DVS for vernalization (VERNDVS) reached at day 1984-06-14, but vernalization requirements not yet fulfilled. Forcing vernalization now (VERN=47.688571).
[2026-03-24 12:54:37,506][pcse.crop.phenology.Vernalisation][INFO] - Critical DVS for vernalization (VERNDVS) reached at day 1984-06-15, but vernalization requirements not yet fulfilled. Forcing vernalization now (VERN=47.688571).
[2026-03-24 12:54:37,538][pcse.crop.phenology.Vernalisation][INFO] - Critical DVS for vernalization (VERNDVS) reached at day 1984-06-16, but vernalization requirements not yet fulfilled. Forcing vernalization now (VERN=47.688571).
[2026-03-24 12:54:37,568][pcse.crop.phenology.Vernalisation][INFO] - Critical DVS for vernalization (VERNDVS) reached at day 1984-06-17, but vernalization requirements not yet fulfilled. Forcing vernalization now (VERN=47.688571).
[2026-03-24 12:54:37,596][pcse.crop.phenology.Vernalisation][INFO] - Critical DVS for vernalization (VERNDVS) reached at day 1984-06-18, but vernalization requirements not yet fulfilled. Forcing vernalization now (VERN=47.688571).
[2026-03-24 12:54:37,627][pcse.crop.phenology.Vernalisation][INFO] - Critical DVS for vernalization (VERNDVS) reached at day 1984-06-19, but vernalization requirements not yet fulfilled. Forcing vernalization now (VERN=47.688571).
[2026-03-24 12:54:37,657][pcse.crop.phenology.Vernalisation][INFO] - Critical DVS for vernalization (VERNDVS) reached at day 1984-06-20, but vernalization requirements not yet fulfilled. Forcing vernalization now (VERN=47.688571).
[2026-03-24 12:54:37,688][pcse.crop.phenology.Vernalisation][INFO] - Critical DVS for vernalization (VERNDVS) reached at day 1984-06-21, but vernalization requirements not yet fulfilled. Forcing vernalization now (VERN=47.688571).
[2026-03-24 12:54:37,719][pcse.crop.phenology.Vernalisation][INFO] - Critical DVS for vernalization (VERNDVS) reached at day 1984-06-22, but vernalization requirements not yet fulfilled. Forcing vernalization now (VERN=47.688571).
[2026-03-24 12:54:37,750][pcse.crop.phenology.Vernalisation][INFO] - Critical DVS for vernalization (VERNDVS) reached at day 1984-06-23, but vernalization requirements not yet fulfilled. Forcing vernalization now (VERN=47.688571).
[2026-03-24 12:54:37,782][pcse.crop.phenology.Vernalisation][INFO] - Critical DVS for vernalization (VERNDVS) reached at day 1984-06-24, but vernalization requirements not yet fulfilled. Forcing vernalization now (VERN=47.688571).
[2026-03-24 12:54:37,812][pcse.crop.phenology.Vernalisation][INFO] - Critical DVS for vernalization (VERNDVS) reached at day 1984-06-25, but vernalization requirements not yet fulfilled. Forcing vernalization now (VERN=47.688571).
[2026-03-24 12:54:37,840][pcse.crop.phenology.Vernalisation][INFO] - Critical DVS for vernalization (VERNDVS) reached at day 1984-06-26, but vernalization requirements not yet fulfilled. Forcing vernalization now (VERN=47.688571).
[2026-03-24 12:54:37,871][pcse.crop.phenology.Vernalisation][INFO] - Critical DVS for vernalization (VERNDVS) reached at day 1984-06-27, but vernalization requirements not yet fulfilled. Forcing vernalization now (VERN=47.688571).
[2026-03-24 12:54:37,901][pcse.crop.phenology.Vernalisation][INFO] - Critical DVS for vernalization (VERNDVS) reached at day 1984-06-28, but vernalization requirements not yet fulfilled. Forcing vernalization now (VERN=47.688571).
[2026-03-24 12:54:37,932][pcse.crop.phenology.Vernalisation][INFO] - Critical DVS for vernalization (VERNDVS) reached at day 1984-06-29, but vernalization requirements not yet fulfilled. Forcing vernalization now (VERN=47.688571).
[2026-03-24 12:54:37,932][pcse.crop.phenology.Annual_Phenology][INFO] - Changed phenological stage 'vegetative' to 'reproductive' on 1984-06-29
[REPLAY DBG] post-agent-update step=4500 n=4500 mean=-0.009546 std=0.014805 min=-0.098306 max=0.013401
[STEP DBG] step=4500 env_reward=1.061039 r_hat=-0.000692 done=False
[NORM DBG] count=4500 mean_abs_mean=62524.957031 mean_std=9.214245 min_std=0.001000 max_std=69.279930
[2026-03-24 12:54:40,277][pcse.crop.phenology.Annual_Phenology][INFO] - Changed phenological stage 'reproductive' to 'mature' on 1984-09-13
[2026-03-24 12:54:40,778][pcse.base.timer.Timer][INFO] - Reached end of simulation period as specified by END_DATE.
| train          | E: 19 | S: 4579 | R: -4.8359 | TR: 134.2210 | TF: 32 | LR: 0 | NR: 0 | D: 07.5 s | TD: 00.0 s | BR: -0.0098 | ALOSS: 18792.9296 | CLOSS: 3166535.3427 | TLOSS: -524.2984 | TVAL: 0.1045 | AENT: -5017.7831 | BCLOSS: 0.0000
[EPISODE DBG] episode=19 step=4579 pred_return=-4.375831 true_return=101.360861 total_feedback=64 labeled_feedback=0
[2026-03-24 12:54:40,787][pcse.agromanager.SoilCalendar][INFO] - Starting soil (oregon) with variation (oregon_1) on day 1984-02-01
[2026-03-24 12:54:40,789][pcse.agromanager.CropCalendar][INFO] - Starting crop (wheat) with variety (wheat_1) on day 1984-02-01
[2026-03-24 12:54:43,083][pcse.crop.phenology.Annual_Phenology][INFO] - Changed phenological stage 'emerging' to 'vegetative' on 1984-04-10
[2026-03-24 12:54:44,615][pcse.crop.phenology.Vernalisation][INFO] - Critical DVS for vernalization (VERNDVS) reached at day 1984-06-02, but vernalization requirements not yet fulfilled. Forcing vernalization now (VERN=47.688571).
[2026-03-24 12:54:44,644][pcse.crop.phenology.Vernalisation][INFO] - Critical DVS for vernalization (VERNDVS) reached at day 1984-06-03, but vernalization requirements not yet fulfilled. Forcing vernalization now (VERN=47.688571).
[2026-03-24 12:54:44,674][pcse.crop.phenology.Vernalisation][INFO] - Critical DVS for vernalization (VERNDVS) reached at day 1984-06-04, but vernalization requirements not yet fulfilled. Forcing vernalization now (VERN=47.688571).
[2026-03-24 12:54:44,704][pcse.crop.phenology.Vernalisation][INFO] - Critical DVS for vernalization (VERNDVS) reached at day 1984-06-05, but vernalization requirements not yet fulfilled. Forcing vernalization now (VERN=47.688571).
[2026-03-24 12:54:44,735][pcse.crop.phenology.Vernalisation][INFO] - Critical DVS for vernalization (VERNDVS) reached at day 1984-06-06, but vernalization requirements not yet fulfilled. Forcing vernalization now (VERN=47.688571).
[2026-03-24 12:54:44,765][pcse.crop.phenology.Vernalisation][INFO] - Critical DVS for vernalization (VERNDVS) reached at day 1984-06-07, but vernalization requirements not yet fulfilled. Forcing vernalization now (VERN=47.688571).
[2026-03-24 12:54:44,795][pcse.crop.phenology.Vernalisation][INFO] - Critical DVS for vernalization (VERNDVS) reached at day 1984-06-08, but vernalization requirements not yet fulfilled. Forcing vernalization now (VERN=47.688571).
[2026-03-24 12:54:44,825][pcse.crop.phenology.Vernalisation][INFO] - Critical DVS for vernalization (VERNDVS) reached at day 1984-06-09, but vernalization requirements not yet fulfilled. Forcing vernalization now (VERN=47.688571).
[2026-03-24 12:54:44,854][pcse.crop.phenology.Vernalisation][INFO] - Critical DVS for vernalization (VERNDVS) reached at day 1984-06-10, but vernalization requirements not yet fulfilled. Forcing vernalization now (VERN=47.688571).
[2026-03-24 12:54:44,884][pcse.crop.phenology.Vernalisation][INFO] - Critical DVS for vernalization (VERNDVS) reached at day 1984-06-11, but vernalization requirements not yet fulfilled. Forcing vernalization now (VERN=47.688571).
[2026-03-24 12:54:44,914][pcse.crop.phenology.Vernalisation][INFO] - Critical DVS for vernalization (VERNDVS) reached at day 1984-06-12, but vernalization requirements not yet fulfilled. Forcing vernalization now (VERN=47.688571).
[2026-03-24 12:54:44,943][pcse.crop.phenology.Vernalisation][INFO] - Critical DVS for vernalization (VERNDVS) reached at day 1984-06-13, but vernalization requirements not yet fulfilled. Forcing vernalization now (VERN=47.688571).
[2026-03-24 12:54:44,973][pcse.crop.phenology.Vernalisation][INFO] - Critical DVS for vernalization (VERNDVS) reached at day 1984-06-14, but vernalization requirements not yet fulfilled. Forcing vernalization now (VERN=47.688571).
[2026-03-24 12:54:45,004][pcse.crop.phenology.Vernalisation][INFO] - Critical DVS for vernalization (VERNDVS) reached at day 1984-06-15, but vernalization requirements not yet fulfilled. Forcing vernalization now (VERN=47.688571).
[2026-03-24 12:54:45,034][pcse.crop.phenology.Vernalisation][INFO] - Critical DVS for vernalization (VERNDVS) reached at day 1984-06-16, but vernalization requirements not yet fulfilled. Forcing vernalization now (VERN=47.688571).
[2026-03-24 12:54:45,063][pcse.crop.phenology.Vernalisation][INFO] - Critical DVS for vernalization (VERNDVS) reached at day 1984-06-17, but vernalization requirements not yet fulfilled. Forcing vernalization now (VERN=47.688571).
[2026-03-24 12:54:45,093][pcse.crop.phenology.Vernalisation][INFO] - Critical DVS for vernalization (VERNDVS) reached at day 1984-06-18, but vernalization requirements not yet fulfilled. Forcing vernalization now (VERN=47.688571).
[2026-03-24 12:54:45,123][pcse.crop.phenology.Vernalisation][INFO] - Critical DVS for vernalization (VERNDVS) reached at day 1984-06-19, but vernalization requirements not yet fulfilled. Forcing vernalization now (VERN=47.688571).
[2026-03-24 12:54:45,153][pcse.crop.phenology.Vernalisation][INFO] - Critical DVS for vernalization (VERNDVS) reached at day 1984-06-20, but vernalization requirements not yet fulfilled. Forcing vernalization now (VERN=47.688571).
[2026-03-24 12:54:45,183][pcse.crop.phenology.Vernalisation][INFO] - Critical DVS for vernalization (VERNDVS) reached at day 1984-06-21, but vernalization requirements not yet fulfilled. Forcing vernalization now (VERN=47.688571).
[2026-03-24 12:54:45,213][pcse.crop.phenology.Vernalisation][INFO] - Critical DVS for vernalization (VERNDVS) reached at day 1984-06-22, but vernalization requirements not yet fulfilled. Forcing vernalization now (VERN=47.688571).
[2026-03-24 12:54:45,241][pcse.crop.phenology.Vernalisation][INFO] - Critical DVS for vernalization (VERNDVS) reached at day 1984-06-23, but vernalization requirements not yet fulfilled. Forcing vernalization now (VERN=47.688571).
[2026-03-24 12:54:45,270][pcse.crop.phenology.Vernalisation][INFO] - Critical DVS for vernalization (VERNDVS) reached at day 1984-06-24, but vernalization requirements not yet fulfilled. Forcing vernalization now (VERN=47.688571).
[2026-03-24 12:54:45,299][pcse.crop.phenology.Vernalisation][INFO] - Critical DVS for vernalization (VERNDVS) reached at day 1984-06-25, but vernalization requirements not yet fulfilled. Forcing vernalization now (VERN=47.688571).
[2026-03-24 12:54:45,327][pcse.crop.phenology.Vernalisation][INFO] - Critical DVS for vernalization (VERNDVS) reached at day 1984-06-26, but vernalization requirements not yet fulfilled. Forcing vernalization now (VERN=47.688571).
[2026-03-24 12:54:45,356][pcse.crop.phenology.Vernalisation][INFO] - Critical DVS for vernalization (VERNDVS) reached at day 1984-06-27, but vernalization requirements not yet fulfilled. Forcing vernalization now (VERN=47.688571).
[2026-03-24 12:54:45,384][pcse.crop.phenology.Vernalisation][INFO] - Critical DVS for vernalization (VERNDVS) reached at day 1984-06-28, but vernalization requirements not yet fulfilled. Forcing vernalization now (VERN=47.688571).
[2026-03-24 12:54:45,416][pcse.crop.phenology.Vernalisation][INFO] - Critical DVS for vernalization (VERNDVS) reached at day 1984-06-29, but vernalization requirements not yet fulfilled. Forcing vernalization now (VERN=47.688571).
[2026-03-24 12:54:45,416][pcse.crop.phenology.Annual_Phenology][INFO] - Changed phenological stage 'vegetative' to 'reproductive' on 1984-06-29
Reward function update skipped (no labeled feedback yet).
[REPLAY DBG] before relabel step=4800 n=4800 mean=-0.009927 std=0.014947 min=-0.098306 max=0.013401
[REPLAY DBG] after relabel step=4800 n=4800 mean=-0.009558 std=0.014798 min=-0.095755 max=0.013460
[2026-03-24 12:54:48,150][pcse.crop.phenology.Annual_Phenology][INFO] - Changed phenological stage 'reproductive' to 'mature' on 1984-09-13
[2026-03-24 12:54:48,625][pcse.base.timer.Timer][INFO] - Reached end of simulation period as specified by END_DATE.
| train          | E: 20 | S: 4820 | R: -4.3758 | TR: 101.3609 | TF: 64 | LR: 0 | NR: 0 | D: 07.8 s | TD: 00.0 s | BR: -0.0099 | ALOSS: 18947.6427 | CLOSS: 3567269.9829 | TLOSS: -502.9834 | TVAL: 0.1066 | AENT: -4718.1718 | BCLOSS: 0.0000
[EPISODE DBG] episode=20 step=4820 pred_return=-4.018661 true_return=80.497317 total_feedback=96 labeled_feedback=0
[2026-03-24 12:54:48,633][pcse.agromanager.SoilCalendar][INFO] - Starting soil (oregon) with variation (oregon_1) on day 1984-02-01
[2026-03-24 12:54:48,635][pcse.agromanager.CropCalendar][INFO] - Starting crop (wheat) with variety (wheat_1) on day 1984-02-01
[2026-03-24 12:54:50,621][pcse.crop.phenology.Annual_Phenology][INFO] - Changed phenological stage 'emerging' to 'vegetative' on 1984-04-10
[2026-03-24 12:54:52,048][pcse.crop.phenology.Vernalisation][INFO] - Critical DVS for vernalization (VERNDVS) reached at day 1984-06-02, but vernalization requirements not yet fulfilled. Forcing vernalization now (VERN=47.688571).
[2026-03-24 12:54:52,074][pcse.crop.phenology.Vernalisation][INFO] - Critical DVS for vernalization (VERNDVS) reached at day 1984-06-03, but vernalization requirements not yet fulfilled. Forcing vernalization now (VERN=47.688571).
[2026-03-24 12:54:52,101][pcse.crop.phenology.Vernalisation][INFO] - Critical DVS for vernalization (VERNDVS) reached at day 1984-06-04, but vernalization requirements not yet fulfilled. Forcing vernalization now (VERN=47.688571).
[2026-03-24 12:54:52,130][pcse.crop.phenology.Vernalisation][INFO] - Critical DVS for vernalization (VERNDVS) reached at day 1984-06-05, but vernalization requirements not yet fulfilled. Forcing vernalization now (VERN=47.688571).
[2026-03-24 12:54:52,157][pcse.crop.phenology.Vernalisation][INFO] - Critical DVS for vernalization (VERNDVS) reached at day 1984-06-06, but vernalization requirements not yet fulfilled. Forcing vernalization now (VERN=47.688571).
[2026-03-24 12:54:52,182][pcse.crop.phenology.Vernalisation][INFO] - Critical DVS for vernalization (VERNDVS) reached at day 1984-06-07, but vernalization requirements not yet fulfilled. Forcing vernalization now (VERN=47.688571).
[2026-03-24 12:54:52,205][pcse.crop.phenology.Vernalisation][INFO] - Critical DVS for vernalization (VERNDVS) reached at day 1984-06-08, but vernalization requirements not yet fulfilled. Forcing vernalization now (VERN=47.688571).
[2026-03-24 12:54:52,232][pcse.crop.phenology.Vernalisation][INFO] - Critical DVS for vernalization (VERNDVS) reached at day 1984-06-09, but vernalization requirements not yet fulfilled. Forcing vernalization now (VERN=47.688571).
[2026-03-24 12:54:52,259][pcse.crop.phenology.Vernalisation][INFO] - Critical DVS for vernalization (VERNDVS) reached at day 1984-06-10, but vernalization requirements not yet fulfilled. Forcing vernalization now (VERN=47.688571).
[2026-03-24 12:54:52,288][pcse.crop.phenology.Vernalisation][INFO] - Critical DVS for vernalization (VERNDVS) reached at day 1984-06-11, but vernalization requirements not yet fulfilled. Forcing vernalization now (VERN=47.688571).
[2026-03-24 12:54:52,315][pcse.crop.phenology.Vernalisation][INFO] - Critical DVS for vernalization (VERNDVS) reached at day 1984-06-12, but vernalization requirements not yet fulfilled. Forcing vernalization now (VERN=47.688571).
[2026-03-24 12:54:52,340][pcse.crop.phenology.Vernalisation][INFO] - Critical DVS for vernalization (VERNDVS) reached at day 1984-06-13, but vernalization requirements not yet fulfilled. Forcing vernalization now (VERN=47.688571).
[2026-03-24 12:54:52,367][pcse.crop.phenology.Vernalisation][INFO] - Critical DVS for vernalization (VERNDVS) reached at day 1984-06-14, but vernalization requirements not yet fulfilled. Forcing vernalization now (VERN=47.688571).
[2026-03-24 12:54:52,395][pcse.crop.phenology.Vernalisation][INFO] - Critical DVS for vernalization (VERNDVS) reached at day 1984-06-15, but vernalization requirements not yet fulfilled. Forcing vernalization now (VERN=47.688571).
[2026-03-24 12:54:52,420][pcse.crop.phenology.Vernalisation][INFO] - Critical DVS for vernalization (VERNDVS) reached at day 1984-06-16, but vernalization requirements not yet fulfilled. Forcing vernalization now (VERN=47.688571).
[2026-03-24 12:54:52,448][pcse.crop.phenology.Vernalisation][INFO] - Critical DVS for vernalization (VERNDVS) reached at day 1984-06-17, but vernalization requirements not yet fulfilled. Forcing vernalization now (VERN=47.688571).
[2026-03-24 12:54:52,478][pcse.crop.phenology.Vernalisation][INFO] - Critical DVS for vernalization (VERNDVS) reached at day 1984-06-18, but vernalization requirements not yet fulfilled. Forcing vernalization now (VERN=47.688571).
[2026-03-24 12:54:52,508][pcse.crop.phenology.Vernalisation][INFO] - Critical DVS for vernalization (VERNDVS) reached at day 1984-06-19, but vernalization requirements not yet fulfilled. Forcing vernalization now (VERN=47.688571).
[2026-03-24 12:54:52,532][pcse.crop.phenology.Vernalisation][INFO] - Critical DVS for vernalization (VERNDVS) reached at day 1984-06-20, but vernalization requirements not yet fulfilled. Forcing vernalization now (VERN=47.688571).
[2026-03-24 12:54:52,559][pcse.crop.phenology.Vernalisation][INFO] - Critical DVS for vernalization (VERNDVS) reached at day 1984-06-21, but vernalization requirements not yet fulfilled. Forcing vernalization now (VERN=47.688571).
[2026-03-24 12:54:52,583][pcse.crop.phenology.Vernalisation][INFO] - Critical DVS for vernalization (VERNDVS) reached at day 1984-06-22, but vernalization requirements not yet fulfilled. Forcing vernalization now (VERN=47.688571).
[2026-03-24 12:54:52,610][pcse.crop.phenology.Vernalisation][INFO] - Critical DVS for vernalization (VERNDVS) reached at day 1984-06-23, but vernalization requirements not yet fulfilled. Forcing vernalization now (VERN=47.688571).
[2026-03-24 12:54:52,638][pcse.crop.phenology.Vernalisation][INFO] - Critical DVS for vernalization (VERNDVS) reached at day 1984-06-24, but vernalization requirements not yet fulfilled. Forcing vernalization now (VERN=47.688571).
[2026-03-24 12:54:52,667][pcse.crop.phenology.Vernalisation][INFO] - Critical DVS for vernalization (VERNDVS) reached at day 1984-06-25, but vernalization requirements not yet fulfilled. Forcing vernalization now (VERN=47.688571).
[2026-03-24 12:54:52,694][pcse.crop.phenology.Vernalisation][INFO] - Critical DVS for vernalization (VERNDVS) reached at day 1984-06-26, but vernalization requirements not yet fulfilled. Forcing vernalization now (VERN=47.688571).
[2026-03-24 12:54:52,723][pcse.crop.phenology.Vernalisation][INFO] - Critical DVS for vernalization (VERNDVS) reached at day 1984-06-27, but vernalization requirements not yet fulfilled. Forcing vernalization now (VERN=47.688571).
[2026-03-24 12:54:52,751][pcse.crop.phenology.Vernalisation][INFO] - Critical DVS for vernalization (VERNDVS) reached at day 1984-06-28, but vernalization requirements not yet fulfilled. Forcing vernalization now (VERN=47.688571).
[2026-03-24 12:54:52,775][pcse.crop.phenology.Vernalisation][INFO] - Critical DVS for vernalization (VERNDVS) reached at day 1984-06-29, but vernalization requirements not yet fulfilled. Forcing vernalization now (VERN=47.688571).
[2026-03-24 12:54:52,775][pcse.crop.phenology.Annual_Phenology][INFO] - Changed phenological stage 'vegetative' to 'reproductive' on 1984-06-29
[REPLAY DBG] post-agent-update step=5000 n=5000 mean=-0.009827 std=0.014987 min=-0.095755 max=0.013460
[STEP DBG] step=5000 env_reward=0.490524 r_hat=-0.009646 done=False
[NORM DBG] count=5000 mean_abs_mean=62525.000000 mean_std=9.211251 min_std=0.001000 max_std=69.254608
[2026-03-24 12:54:55,260][pcse.crop.phenology.Annual_Phenology][INFO] - Changed phenological stage 'reproductive' to 'mature' on 1984-09-13
[2026-03-24 12:54:55,735][pcse.base.timer.Timer][INFO] - Reached end of simulation period as specified by END_DATE.
| train          | E: 21 | S: 5061 | R: -4.0187 | TR: 80.4973 | TF: 96 | LR: 0 | NR: 0 | D: 07.1 s | TD: 00.0 s | BR: -0.0098 | ALOSS: 19020.2035 | CLOSS: 3969681.9647 | TLOSS: -484.1342 | TVAL: 0.1088 | AENT: -4451.4254 | BCLOSS: 0.0000
[EPISODE DBG] episode=21 step=5061 pred_return=-3.396939 true_return=40.551643 total_feedback=96 labeled_feedback=0
[2026-03-24 12:54:55,743][pcse.agromanager.SoilCalendar][INFO] - Starting soil (oregon) with variation (oregon_1) on day 1984-02-01
[2026-03-24 12:54:55,746][pcse.agromanager.CropCalendar][INFO] - Starting crop (wheat) with variety (wheat_1) on day 1984-02-01
[2026-03-24 12:54:57,917][pcse.crop.phenology.Annual_Phenology][INFO] - Changed phenological stage 'emerging' to 'vegetative' on 1984-04-10
[2026-03-24 12:54:59,534][pcse.crop.phenology.Vernalisation][INFO] - Critical DVS for vernalization (VERNDVS) reached at day 1984-06-02, but vernalization requirements not yet fulfilled. Forcing vernalization now (VERN=47.688571).
[2026-03-24 12:54:59,565][pcse.crop.phenology.Vernalisation][INFO] - Critical DVS for vernalization (VERNDVS) reached at day 1984-06-03, but vernalization requirements not yet fulfilled. Forcing vernalization now (VERN=47.688571).
[2026-03-24 12:54:59,596][pcse.crop.phenology.Vernalisation][INFO] - Critical DVS for vernalization (VERNDVS) reached at day 1984-06-04, but vernalization requirements not yet fulfilled. Forcing vernalization now (VERN=47.688571).
[2026-03-24 12:54:59,627][pcse.crop.phenology.Vernalisation][INFO] - Critical DVS for vernalization (VERNDVS) reached at day 1984-06-05, but vernalization requirements not yet fulfilled. Forcing vernalization now (VERN=47.688571).
[2026-03-24 12:54:59,658][pcse.crop.phenology.Vernalisation][INFO] - Critical DVS for vernalization (VERNDVS) reached at day 1984-06-06, but vernalization requirements not yet fulfilled. Forcing vernalization now (VERN=47.688571).
[2026-03-24 12:54:59,688][pcse.crop.phenology.Vernalisation][INFO] - Critical DVS for vernalization (VERNDVS) reached at day 1984-06-07, but vernalization requirements not yet fulfilled. Forcing vernalization now (VERN=47.688571).
[2026-03-24 12:54:59,719][pcse.crop.phenology.Vernalisation][INFO] - Critical DVS for vernalization (VERNDVS) reached at day 1984-06-08, but vernalization requirements not yet fulfilled. Forcing vernalization now (VERN=47.688571).
[2026-03-24 12:54:59,750][pcse.crop.phenology.Vernalisation][INFO] - Critical DVS for vernalization (VERNDVS) reached at day 1984-06-09, but vernalization requirements not yet fulfilled. Forcing vernalization now (VERN=47.688571).
[2026-03-24 12:54:59,780][pcse.crop.phenology.Vernalisation][INFO] - Critical DVS for vernalization (VERNDVS) reached at day 1984-06-10, but vernalization requirements not yet fulfilled. Forcing vernalization now (VERN=47.688571).
[2026-03-24 12:54:59,811][pcse.crop.phenology.Vernalisation][INFO] - Critical DVS for vernalization (VERNDVS) reached at day 1984-06-11, but vernalization requirements not yet fulfilled. Forcing vernalization now (VERN=47.688571).
[2026-03-24 12:54:59,841][pcse.crop.phenology.Vernalisation][INFO] - Critical DVS for vernalization (VERNDVS) reached at day 1984-06-12, but vernalization requirements not yet fulfilled. Forcing vernalization now (VERN=47.688571).
[2026-03-24 12:54:59,868][pcse.crop.phenology.Vernalisation][INFO] - Critical DVS for vernalization (VERNDVS) reached at day 1984-06-13, but vernalization requirements not yet fulfilled. Forcing vernalization now (VERN=47.688571).
[2026-03-24 12:54:59,895][pcse.crop.phenology.Vernalisation][INFO] - Critical DVS for vernalization (VERNDVS) reached at day 1984-06-14, but vernalization requirements not yet fulfilled. Forcing vernalization now (VERN=47.688571).
[2026-03-24 12:54:59,922][pcse.crop.phenology.Vernalisation][INFO] - Critical DVS for vernalization (VERNDVS) reached at day 1984-06-15, but vernalization requirements not yet fulfilled. Forcing vernalization now (VERN=47.688571).
[2026-03-24 12:54:59,949][pcse.crop.phenology.Vernalisation][INFO] - Critical DVS for vernalization (VERNDVS) reached at day 1984-06-16, but vernalization requirements not yet fulfilled. Forcing vernalization now (VERN=47.688571).
[2026-03-24 12:54:59,976][pcse.crop.phenology.Vernalisation][INFO] - Critical DVS for vernalization (VERNDVS) reached at day 1984-06-17, but vernalization requirements not yet fulfilled. Forcing vernalization now (VERN=47.688571).
[2026-03-24 12:55:00,003][pcse.crop.phenology.Vernalisation][INFO] - Critical DVS for vernalization (VERNDVS) reached at day 1984-06-18, but vernalization requirements not yet fulfilled. Forcing vernalization now (VERN=47.688571).
[2026-03-24 12:55:00,030][pcse.crop.phenology.Vernalisation][INFO] - Critical DVS for vernalization (VERNDVS) reached at day 1984-06-19, but vernalization requirements not yet fulfilled. Forcing vernalization now (VERN=47.688571).
[2026-03-24 12:55:00,060][pcse.crop.phenology.Vernalisation][INFO] - Critical DVS for vernalization (VERNDVS) reached at day 1984-06-20, but vernalization requirements not yet fulfilled. Forcing vernalization now (VERN=47.688571).
Reward function update skipped (no labeled feedback yet).
[REPLAY DBG] before relabel step=5200 n=5200 mean=-0.010054 std=0.015130 min=-0.095755 max=0.013460
[REPLAY DBG] after relabel step=5200 n=5200 mean=-0.009604 std=0.014797 min=-0.092288 max=0.013687
[2026-03-24 12:55:00,426][pcse.crop.phenology.Vernalisation][INFO] - Critical DVS for vernalization (VERNDVS) reached at day 1984-06-21, but vernalization requirements not yet fulfilled. Forcing vernalization now (VERN=47.688571).
[2026-03-24 12:55:00,473][pcse.crop.phenology.Vernalisation][INFO] - Critical DVS for vernalization (VERNDVS) reached at day 1984-06-22, but vernalization requirements not yet fulfilled. Forcing vernalization now (VERN=47.688571).
[2026-03-24 12:55:00,522][pcse.crop.phenology.Vernalisation][INFO] - Critical DVS for vernalization (VERNDVS) reached at day 1984-06-23, but vernalization requirements not yet fulfilled. Forcing vernalization now (VERN=47.688571).
[2026-03-24 12:55:00,551][pcse.crop.phenology.Vernalisation][INFO] - Critical DVS for vernalization (VERNDVS) reached at day 1984-06-24, but vernalization requirements not yet fulfilled. Forcing vernalization now (VERN=47.688571).
[2026-03-24 12:55:00,581][pcse.crop.phenology.Vernalisation][INFO] - Critical DVS for vernalization (VERNDVS) reached at day 1984-06-25, but vernalization requirements not yet fulfilled. Forcing vernalization now (VERN=47.688571).
[2026-03-24 12:55:00,611][pcse.crop.phenology.Vernalisation][INFO] - Critical DVS for vernalization (VERNDVS) reached at day 1984-06-26, but vernalization requirements not yet fulfilled. Forcing vernalization now (VERN=47.688571).
[2026-03-24 12:55:00,641][pcse.crop.phenology.Vernalisation][INFO] - Critical DVS for vernalization (VERNDVS) reached at day 1984-06-27, but vernalization requirements not yet fulfilled. Forcing vernalization now (VERN=47.688571).
[2026-03-24 12:55:00,671][pcse.crop.phenology.Vernalisation][INFO] - Critical DVS for vernalization (VERNDVS) reached at day 1984-06-28, but vernalization requirements not yet fulfilled. Forcing vernalization now (VERN=47.688571).
[2026-03-24 12:55:00,700][pcse.crop.phenology.Vernalisation][INFO] - Critical DVS for vernalization (VERNDVS) reached at day 1984-06-29, but vernalization requirements not yet fulfilled. Forcing vernalization now (VERN=47.688571).
[2026-03-24 12:55:00,700][pcse.crop.phenology.Annual_Phenology][INFO] - Changed phenological stage 'vegetative' to 'reproductive' on 1984-06-29
[2026-03-24 12:55:02,946][pcse.crop.phenology.Annual_Phenology][INFO] - Changed phenological stage 'reproductive' to 'mature' on 1984-09-13
[2026-03-24 12:55:03,440][pcse.base.timer.Timer][INFO] - Reached end of simulation period as specified by END_DATE.
| train          | E: 22 | S: 5302 | R: -3.3969 | TR: 40.5516 | TF: 96 | LR: 0 | NR: 0 | D: 07.7 s | TD: 00.0 s | BR: -0.0098 | ALOSS: 19030.8247 | CLOSS: 4613199.5963 | TLOSS: -472.2870 | TVAL: 0.1110 | AENT: -4256.7990 | BCLOSS: 0.0000
[EPISODE DBG] episode=22 step=5302 pred_return=-3.121796 true_return=21.793369 total_feedback=128 labeled_feedback=0
[2026-03-24 12:55:03,448][pcse.agromanager.SoilCalendar][INFO] - Starting soil (oregon) with variation (oregon_1) on day 1984-02-01
[2026-03-24 12:55:03,451][pcse.agromanager.CropCalendar][INFO] - Starting crop (wheat) with variety (wheat_1) on day 1984-02-01
[2026-03-24 12:55:05,488][pcse.crop.phenology.Annual_Phenology][INFO] - Changed phenological stage 'emerging' to 'vegetative' on 1984-04-10
[2026-03-24 12:55:07,427][pcse.crop.phenology.Vernalisation][INFO] - Critical DVS for vernalization (VERNDVS) reached at day 1984-06-02, but vernalization requirements not yet fulfilled. Forcing vernalization now (VERN=47.688571).
[2026-03-24 12:55:07,456][pcse.crop.phenology.Vernalisation][INFO] - Critical DVS for vernalization (VERNDVS) reached at day 1984-06-03, but vernalization requirements not yet fulfilled. Forcing vernalization now (VERN=47.688571).
[2026-03-24 12:55:07,485][pcse.crop.phenology.Vernalisation][INFO] - Critical DVS for vernalization (VERNDVS) reached at day 1984-06-04, but vernalization requirements not yet fulfilled. Forcing vernalization now (VERN=47.688571).
[2026-03-24 12:55:07,515][pcse.crop.phenology.Vernalisation][INFO] - Critical DVS for vernalization (VERNDVS) reached at day 1984-06-05, but vernalization requirements not yet fulfilled. Forcing vernalization now (VERN=47.688571).
[2026-03-24 12:55:07,544][pcse.crop.phenology.Vernalisation][INFO] - Critical DVS for vernalization (VERNDVS) reached at day 1984-06-06, but vernalization requirements not yet fulfilled. Forcing vernalization now (VERN=47.688571).
[2026-03-24 12:55:07,573][pcse.crop.phenology.Vernalisation][INFO] - Critical DVS for vernalization (VERNDVS) reached at day 1984-06-07, but vernalization requirements not yet fulfilled. Forcing vernalization now (VERN=47.688571).
[2026-03-24 12:55:07,601][pcse.crop.phenology.Vernalisation][INFO] - Critical DVS for vernalization (VERNDVS) reached at day 1984-06-08, but vernalization requirements not yet fulfilled. Forcing vernalization now (VERN=47.688571).
[2026-03-24 12:55:07,630][pcse.crop.phenology.Vernalisation][INFO] - Critical DVS for vernalization (VERNDVS) reached at day 1984-06-09, but vernalization requirements not yet fulfilled. Forcing vernalization now (VERN=47.688571).
[2026-03-24 12:55:07,659][pcse.crop.phenology.Vernalisation][INFO] - Critical DVS for vernalization (VERNDVS) reached at day 1984-06-10, but vernalization requirements not yet fulfilled. Forcing vernalization now (VERN=47.688571).
[2026-03-24 12:55:07,688][pcse.crop.phenology.Vernalisation][INFO] - Critical DVS for vernalization (VERNDVS) reached at day 1984-06-11, but vernalization requirements not yet fulfilled. Forcing vernalization now (VERN=47.688571).
[2026-03-24 12:55:07,717][pcse.crop.phenology.Vernalisation][INFO] - Critical DVS for vernalization (VERNDVS) reached at day 1984-06-12, but vernalization requirements not yet fulfilled. Forcing vernalization now (VERN=47.688571).
[2026-03-24 12:55:07,745][pcse.crop.phenology.Vernalisation][INFO] - Critical DVS for vernalization (VERNDVS) reached at day 1984-06-13, but vernalization requirements not yet fulfilled. Forcing vernalization now (VERN=47.688571).
[2026-03-24 12:55:07,775][pcse.crop.phenology.Vernalisation][INFO] - Critical DVS for vernalization (VERNDVS) reached at day 1984-06-14, but vernalization requirements not yet fulfilled. Forcing vernalization now (VERN=47.688571).
[2026-03-24 12:55:07,803][pcse.crop.phenology.Vernalisation][INFO] - Critical DVS for vernalization (VERNDVS) reached at day 1984-06-15, but vernalization requirements not yet fulfilled. Forcing vernalization now (VERN=47.688571).
[2026-03-24 12:55:07,831][pcse.crop.phenology.Vernalisation][INFO] - Critical DVS for vernalization (VERNDVS) reached at day 1984-06-16, but vernalization requirements not yet fulfilled. Forcing vernalization now (VERN=47.688571).
[2026-03-24 12:55:07,860][pcse.crop.phenology.Vernalisation][INFO] - Critical DVS for vernalization (VERNDVS) reached at day 1984-06-17, but vernalization requirements not yet fulfilled. Forcing vernalization now (VERN=47.688571).
[2026-03-24 12:55:07,891][pcse.crop.phenology.Vernalisation][INFO] - Critical DVS for vernalization (VERNDVS) reached at day 1984-06-18, but vernalization requirements not yet fulfilled. Forcing vernalization now (VERN=47.688571).
[2026-03-24 12:55:07,920][pcse.crop.phenology.Vernalisation][INFO] - Critical DVS for vernalization (VERNDVS) reached at day 1984-06-19, but vernalization requirements not yet fulfilled. Forcing vernalization now (VERN=47.688571).
[2026-03-24 12:55:07,950][pcse.crop.phenology.Vernalisation][INFO] - Critical DVS for vernalization (VERNDVS) reached at day 1984-06-20, but vernalization requirements not yet fulfilled. Forcing vernalization now (VERN=47.688571).
[2026-03-24 12:55:07,981][pcse.crop.phenology.Vernalisation][INFO] - Critical DVS for vernalization (VERNDVS) reached at day 1984-06-21, but vernalization requirements not yet fulfilled. Forcing vernalization now (VERN=47.688571).
[2026-03-24 12:55:08,011][pcse.crop.phenology.Vernalisation][INFO] - Critical DVS for vernalization (VERNDVS) reached at day 1984-06-22, but vernalization requirements not yet fulfilled. Forcing vernalization now (VERN=47.688571).
[2026-03-24 12:55:08,041][pcse.crop.phenology.Vernalisation][INFO] - Critical DVS for vernalization (VERNDVS) reached at day 1984-06-23, but vernalization requirements not yet fulfilled. Forcing vernalization now (VERN=47.688571).
[2026-03-24 12:55:08,072][pcse.crop.phenology.Vernalisation][INFO] - Critical DVS for vernalization (VERNDVS) reached at day 1984-06-24, but vernalization requirements not yet fulfilled. Forcing vernalization now (VERN=47.688571).
[2026-03-24 12:55:08,102][pcse.crop.phenology.Vernalisation][INFO] - Critical DVS for vernalization (VERNDVS) reached at day 1984-06-25, but vernalization requirements not yet fulfilled. Forcing vernalization now (VERN=47.688571).
[2026-03-24 12:55:08,133][pcse.crop.phenology.Vernalisation][INFO] - Critical DVS for vernalization (VERNDVS) reached at day 1984-06-26, but vernalization requirements not yet fulfilled. Forcing vernalization now (VERN=47.688571).
[2026-03-24 12:55:08,164][pcse.crop.phenology.Vernalisation][INFO] - Critical DVS for vernalization (VERNDVS) reached at day 1984-06-27, but vernalization requirements not yet fulfilled. Forcing vernalization now (VERN=47.688571).
[2026-03-24 12:55:08,194][pcse.crop.phenology.Vernalisation][INFO] - Critical DVS for vernalization (VERNDVS) reached at day 1984-06-28, but vernalization requirements not yet fulfilled. Forcing vernalization now (VERN=47.688571).
[2026-03-24 12:55:08,225][pcse.crop.phenology.Vernalisation][INFO] - Critical DVS for vernalization (VERNDVS) reached at day 1984-06-29, but vernalization requirements not yet fulfilled. Forcing vernalization now (VERN=47.688571).
[2026-03-24 12:55:08,225][pcse.crop.phenology.Annual_Phenology][INFO] - Changed phenological stage 'vegetative' to 'reproductive' on 1984-06-29
[REPLAY DBG] post-agent-update step=5500 n=5500 mean=-0.009656 std=0.014881 min=-0.093032 max=0.013687
[STEP DBG] step=5500 env_reward=0.141757 r_hat=-0.008041 done=False
[NORM DBG] count=5500 mean_abs_mean=62525.050781 mean_std=9.216463 min_std=0.001000 max_std=69.284126
[2026-03-24 12:55:10,418][pcse.crop.phenology.Annual_Phenology][INFO] - Changed phenological stage 'reproductive' to 'mature' on 1984-09-13
[2026-03-24 12:55:10,915][pcse.base.timer.Timer][INFO] - Reached end of simulation period as specified by END_DATE.
| train          | E: 23 | S: 5543 | R: -3.1218 | TR: 21.7934 | TF: 128 | LR: 0 | NR: 0 | D: 07.5 s | TD: 00.0 s | BR: -0.0097 | ALOSS: 18645.8195 | CLOSS: 3897070.1267 | TLOSS: -268.6838 | TVAL: 0.1129 | AENT: -2383.8962 | BCLOSS: 0.0000
[EPISODE DBG] episode=23 step=5543 pred_return=-3.089944 true_return=12.822367 total_feedback=128 labeled_feedback=0
[2026-03-24 12:55:10,924][pcse.agromanager.SoilCalendar][INFO] - Starting soil (oregon) with variation (oregon_1) on day 1984-02-01
[2026-03-24 12:55:10,926][pcse.agromanager.CropCalendar][INFO] - Starting crop (wheat) with variety (wheat_1) on day 1984-02-01
Reward function update skipped (no labeled feedback yet).
[REPLAY DBG] before relabel step=5600 n=5600 mean=-0.009822 std=0.015003 min=-0.093032 max=0.013687
[REPLAY DBG] after relabel step=5600 n=5600 mean=-0.009627 std=0.014889 min=-0.090619 max=0.013622
[2026-03-24 12:55:13,362][pcse.crop.phenology.Annual_Phenology][INFO] - Changed phenological stage 'emerging' to 'vegetative' on 1984-04-10
[2026-03-24 12:55:14,853][pcse.crop.phenology.Vernalisation][INFO] - Critical DVS for vernalization (VERNDVS) reached at day 1984-06-02, but vernalization requirements not yet fulfilled. Forcing vernalization now (VERN=47.688571).
[2026-03-24 12:55:14,882][pcse.crop.phenology.Vernalisation][INFO] - Critical DVS for vernalization (VERNDVS) reached at day 1984-06-03, but vernalization requirements not yet fulfilled. Forcing vernalization now (VERN=47.688571).
[2026-03-24 12:55:14,910][pcse.crop.phenology.Vernalisation][INFO] - Critical DVS for vernalization (VERNDVS) reached at day 1984-06-04, but vernalization requirements not yet fulfilled. Forcing vernalization now (VERN=47.688571).
[2026-03-24 12:55:14,939][pcse.crop.phenology.Vernalisation][INFO] - Critical DVS for vernalization (VERNDVS) reached at day 1984-06-05, but vernalization requirements not yet fulfilled. Forcing vernalization now (VERN=47.688571).
[2026-03-24 12:55:14,970][pcse.crop.phenology.Vernalisation][INFO] - Critical DVS for vernalization (VERNDVS) reached at day 1984-06-06, but vernalization requirements not yet fulfilled. Forcing vernalization now (VERN=47.688571).
[2026-03-24 12:55:15,000][pcse.crop.phenology.Vernalisation][INFO] - Critical DVS for vernalization (VERNDVS) reached at day 1984-06-07, but vernalization requirements not yet fulfilled. Forcing vernalization now (VERN=47.688571).
[2026-03-24 12:55:15,029][pcse.crop.phenology.Vernalisation][INFO] - Critical DVS for vernalization (VERNDVS) reached at day 1984-06-08, but vernalization requirements not yet fulfilled. Forcing vernalization now (VERN=47.688571).
[2026-03-24 12:55:15,058][pcse.crop.phenology.Vernalisation][INFO] - Critical DVS for vernalization (VERNDVS) reached at day 1984-06-09, but vernalization requirements not yet fulfilled. Forcing vernalization now (VERN=47.688571).
[2026-03-24 12:55:15,087][pcse.crop.phenology.Vernalisation][INFO] - Critical DVS for vernalization (VERNDVS) reached at day 1984-06-10, but vernalization requirements not yet fulfilled. Forcing vernalization now (VERN=47.688571).
[2026-03-24 12:55:15,114][pcse.crop.phenology.Vernalisation][INFO] - Critical DVS for vernalization (VERNDVS) reached at day 1984-06-11, but vernalization requirements not yet fulfilled. Forcing vernalization now (VERN=47.688571).
[2026-03-24 12:55:15,137][pcse.crop.phenology.Vernalisation][INFO] - Critical DVS for vernalization (VERNDVS) reached at day 1984-06-12, but vernalization requirements not yet fulfilled. Forcing vernalization now (VERN=47.688571).
[2026-03-24 12:55:15,166][pcse.crop.phenology.Vernalisation][INFO] - Critical DVS for vernalization (VERNDVS) reached at day 1984-06-13, but vernalization requirements not yet fulfilled. Forcing vernalization now (VERN=47.688571).
[2026-03-24 12:55:15,194][pcse.crop.phenology.Vernalisation][INFO] - Critical DVS for vernalization (VERNDVS) reached at day 1984-06-14, but vernalization requirements not yet fulfilled. Forcing vernalization now (VERN=47.688571).
[2026-03-24 12:55:15,222][pcse.crop.phenology.Vernalisation][INFO] - Critical DVS for vernalization (VERNDVS) reached at day 1984-06-15, but vernalization requirements not yet fulfilled. Forcing vernalization now (VERN=47.688571).
[2026-03-24 12:55:15,250][pcse.crop.phenology.Vernalisation][INFO] - Critical DVS for vernalization (VERNDVS) reached at day 1984-06-16, but vernalization requirements not yet fulfilled. Forcing vernalization now (VERN=47.688571).
[2026-03-24 12:55:15,274][pcse.crop.phenology.Vernalisation][INFO] - Critical DVS for vernalization (VERNDVS) reached at day 1984-06-17, but vernalization requirements not yet fulfilled. Forcing vernalization now (VERN=47.688571).
[2026-03-24 12:55:15,301][pcse.crop.phenology.Vernalisation][INFO] - Critical DVS for vernalization (VERNDVS) reached at day 1984-06-18, but vernalization requirements not yet fulfilled. Forcing vernalization now (VERN=47.688571).
[2026-03-24 12:55:15,331][pcse.crop.phenology.Vernalisation][INFO] - Critical DVS for vernalization (VERNDVS) reached at day 1984-06-19, but vernalization requirements not yet fulfilled. Forcing vernalization now (VERN=47.688571).
[2026-03-24 12:55:15,359][pcse.crop.phenology.Vernalisation][INFO] - Critical DVS for vernalization (VERNDVS) reached at day 1984-06-20, but vernalization requirements not yet fulfilled. Forcing vernalization now (VERN=47.688571).
[2026-03-24 12:55:15,384][pcse.crop.phenology.Vernalisation][INFO] - Critical DVS for vernalization (VERNDVS) reached at day 1984-06-21, but vernalization requirements not yet fulfilled. Forcing vernalization now (VERN=47.688571).
[2026-03-24 12:55:15,411][pcse.crop.phenology.Vernalisation][INFO] - Critical DVS for vernalization (VERNDVS) reached at day 1984-06-22, but vernalization requirements not yet fulfilled. Forcing vernalization now (VERN=47.688571).
[2026-03-24 12:55:15,439][pcse.crop.phenology.Vernalisation][INFO] - Critical DVS for vernalization (VERNDVS) reached at day 1984-06-23, but vernalization requirements not yet fulfilled. Forcing vernalization now (VERN=47.688571).
[2026-03-24 12:55:15,469][pcse.crop.phenology.Vernalisation][INFO] - Critical DVS for vernalization (VERNDVS) reached at day 1984-06-24, but vernalization requirements not yet fulfilled. Forcing vernalization now (VERN=47.688571).
[2026-03-24 12:55:15,499][pcse.crop.phenology.Vernalisation][INFO] - Critical DVS for vernalization (VERNDVS) reached at day 1984-06-25, but vernalization requirements not yet fulfilled. Forcing vernalization now (VERN=47.688571).
[2026-03-24 12:55:15,529][pcse.crop.phenology.Vernalisation][INFO] - Critical DVS for vernalization (VERNDVS) reached at day 1984-06-26, but vernalization requirements not yet fulfilled. Forcing vernalization now (VERN=47.688571).
[2026-03-24 12:55:15,558][pcse.crop.phenology.Vernalisation][INFO] - Critical DVS for vernalization (VERNDVS) reached at day 1984-06-27, but vernalization requirements not yet fulfilled. Forcing vernalization now (VERN=47.688571).
[2026-03-24 12:55:15,589][pcse.crop.phenology.Vernalisation][INFO] - Critical DVS for vernalization (VERNDVS) reached at day 1984-06-28, but vernalization requirements not yet fulfilled. Forcing vernalization now (VERN=47.688571).
[2026-03-24 12:55:15,616][pcse.crop.phenology.Vernalisation][INFO] - Critical DVS for vernalization (VERNDVS) reached at day 1984-06-29, but vernalization requirements not yet fulfilled. Forcing vernalization now (VERN=47.688571).
[2026-03-24 12:55:15,616][pcse.crop.phenology.Annual_Phenology][INFO] - Changed phenological stage 'vegetative' to 'reproductive' on 1984-06-29
[2026-03-24 12:55:17,782][pcse.crop.phenology.Annual_Phenology][INFO] - Changed phenological stage 'reproductive' to 'mature' on 1984-09-13
[2026-03-24 12:55:18,335][pcse.base.timer.Timer][INFO] - Reached end of simulation period as specified by END_DATE.
| train          | E: 24 | S: 5784 | R: -3.0899 | TR: 12.8224 | TF: 128 | LR: 0 | NR: 0 | D: 07.4 s | TD: 00.0 s | BR: -0.0097 | ALOSS: 18343.8931 | CLOSS: 3156976.0809 | TLOSS: -154.1856 | TVAL: 0.1139 | AENT: -1354.8528 | BCLOSS: 0.0000
[EPISODE DBG] episode=24 step=5784 pred_return=-2.847725 true_return=10.935679 total_feedback=160 labeled_feedback=0
[2026-03-24 12:55:18,343][pcse.agromanager.SoilCalendar][INFO] - Starting soil (oregon) with variation (oregon_1) on day 1984-02-01
[2026-03-24 12:55:18,345][pcse.agromanager.CropCalendar][INFO] - Starting crop (wheat) with variety (wheat_1) on day 1984-02-01
[2026-03-24 12:55:20,754][pcse.crop.phenology.Annual_Phenology][INFO] - Changed phenological stage 'emerging' to 'vegetative' on 1984-04-10
[2026-03-24 12:55:22,345][pcse.crop.phenology.Vernalisation][INFO] - Critical DVS for vernalization (VERNDVS) reached at day 1984-06-02, but vernalization requirements not yet fulfilled. Forcing vernalization now (VERN=47.688571).
[2026-03-24 12:55:22,374][pcse.crop.phenology.Vernalisation][INFO] - Critical DVS for vernalization (VERNDVS) reached at day 1984-06-03, but vernalization requirements not yet fulfilled. Forcing vernalization now (VERN=47.688571).
[2026-03-24 12:55:22,403][pcse.crop.phenology.Vernalisation][INFO] - Critical DVS for vernalization (VERNDVS) reached at day 1984-06-04, but vernalization requirements not yet fulfilled. Forcing vernalization now (VERN=47.688571).
[2026-03-24 12:55:22,434][pcse.crop.phenology.Vernalisation][INFO] - Critical DVS for vernalization (VERNDVS) reached at day 1984-06-05, but vernalization requirements not yet fulfilled. Forcing vernalization now (VERN=47.688571).
[2026-03-24 12:55:22,464][pcse.crop.phenology.Vernalisation][INFO] - Critical DVS for vernalization (VERNDVS) reached at day 1984-06-06, but vernalization requirements not yet fulfilled. Forcing vernalization now (VERN=47.688571).
[2026-03-24 12:55:22,494][pcse.crop.phenology.Vernalisation][INFO] - Critical DVS for vernalization (VERNDVS) reached at day 1984-06-07, but vernalization requirements not yet fulfilled. Forcing vernalization now (VERN=47.688571).
[2026-03-24 12:55:22,525][pcse.crop.phenology.Vernalisation][INFO] - Critical DVS for vernalization (VERNDVS) reached at day 1984-06-08, but vernalization requirements not yet fulfilled. Forcing vernalization now (VERN=47.688571).
[2026-03-24 12:55:22,556][pcse.crop.phenology.Vernalisation][INFO] - Critical DVS for vernalization (VERNDVS) reached at day 1984-06-09, but vernalization requirements not yet fulfilled. Forcing vernalization now (VERN=47.688571).
[2026-03-24 12:55:22,586][pcse.crop.phenology.Vernalisation][INFO] - Critical DVS for vernalization (VERNDVS) reached at day 1984-06-10, but vernalization requirements not yet fulfilled. Forcing vernalization now (VERN=47.688571).
[2026-03-24 12:55:22,615][pcse.crop.phenology.Vernalisation][INFO] - Critical DVS for vernalization (VERNDVS) reached at day 1984-06-11, but vernalization requirements not yet fulfilled. Forcing vernalization now (VERN=47.688571).
[2026-03-24 12:55:22,645][pcse.crop.phenology.Vernalisation][INFO] - Critical DVS for vernalization (VERNDVS) reached at day 1984-06-12, but vernalization requirements not yet fulfilled. Forcing vernalization now (VERN=47.688571).
[2026-03-24 12:55:22,676][pcse.crop.phenology.Vernalisation][INFO] - Critical DVS for vernalization (VERNDVS) reached at day 1984-06-13, but vernalization requirements not yet fulfilled. Forcing vernalization now (VERN=47.688571).
[2026-03-24 12:55:22,706][pcse.crop.phenology.Vernalisation][INFO] - Critical DVS for vernalization (VERNDVS) reached at day 1984-06-14, but vernalization requirements not yet fulfilled. Forcing vernalization now (VERN=47.688571).
[2026-03-24 12:55:22,737][pcse.crop.phenology.Vernalisation][INFO] - Critical DVS for vernalization (VERNDVS) reached at day 1984-06-15, but vernalization requirements not yet fulfilled. Forcing vernalization now (VERN=47.688571).
[2026-03-24 12:55:22,767][pcse.crop.phenology.Vernalisation][INFO] - Critical DVS for vernalization (VERNDVS) reached at day 1984-06-16, but vernalization requirements not yet fulfilled. Forcing vernalization now (VERN=47.688571).
[2026-03-24 12:55:22,797][pcse.crop.phenology.Vernalisation][INFO] - Critical DVS for vernalization (VERNDVS) reached at day 1984-06-17, but vernalization requirements not yet fulfilled. Forcing vernalization now (VERN=47.688571).
[2026-03-24 12:55:22,827][pcse.crop.phenology.Vernalisation][INFO] - Critical DVS for vernalization (VERNDVS) reached at day 1984-06-18, but vernalization requirements not yet fulfilled. Forcing vernalization now (VERN=47.688571).
[2026-03-24 12:55:22,856][pcse.crop.phenology.Vernalisation][INFO] - Critical DVS for vernalization (VERNDVS) reached at day 1984-06-19, but vernalization requirements not yet fulfilled. Forcing vernalization now (VERN=47.688571).
[2026-03-24 12:55:22,887][pcse.crop.phenology.Vernalisation][INFO] - Critical DVS for vernalization (VERNDVS) reached at day 1984-06-20, but vernalization requirements not yet fulfilled. Forcing vernalization now (VERN=47.688571).
[2026-03-24 12:55:22,917][pcse.crop.phenology.Vernalisation][INFO] - Critical DVS for vernalization (VERNDVS) reached at day 1984-06-21, but vernalization requirements not yet fulfilled. Forcing vernalization now (VERN=47.688571).
[2026-03-24 12:55:22,946][pcse.crop.phenology.Vernalisation][INFO] - Critical DVS for vernalization (VERNDVS) reached at day 1984-06-22, but vernalization requirements not yet fulfilled. Forcing vernalization now (VERN=47.688571).
[2026-03-24 12:55:22,977][pcse.crop.phenology.Vernalisation][INFO] - Critical DVS for vernalization (VERNDVS) reached at day 1984-06-23, but vernalization requirements not yet fulfilled. Forcing vernalization now (VERN=47.688571).
[2026-03-24 12:55:23,006][pcse.crop.phenology.Vernalisation][INFO] - Critical DVS for vernalization (VERNDVS) reached at day 1984-06-24, but vernalization requirements not yet fulfilled. Forcing vernalization now (VERN=47.688571).
[2026-03-24 12:55:23,037][pcse.crop.phenology.Vernalisation][INFO] - Critical DVS for vernalization (VERNDVS) reached at day 1984-06-25, but vernalization requirements not yet fulfilled. Forcing vernalization now (VERN=47.688571).
[2026-03-24 12:55:23,067][pcse.crop.phenology.Vernalisation][INFO] - Critical DVS for vernalization (VERNDVS) reached at day 1984-06-26, but vernalization requirements not yet fulfilled. Forcing vernalization now (VERN=47.688571).
[2026-03-24 12:55:23,097][pcse.crop.phenology.Vernalisation][INFO] - Critical DVS for vernalization (VERNDVS) reached at day 1984-06-27, but vernalization requirements not yet fulfilled. Forcing vernalization now (VERN=47.688571).
[2026-03-24 12:55:23,127][pcse.crop.phenology.Vernalisation][INFO] - Critical DVS for vernalization (VERNDVS) reached at day 1984-06-28, but vernalization requirements not yet fulfilled. Forcing vernalization now (VERN=47.688571).
[2026-03-24 12:55:23,157][pcse.crop.phenology.Vernalisation][INFO] - Critical DVS for vernalization (VERNDVS) reached at day 1984-06-29, but vernalization requirements not yet fulfilled. Forcing vernalization now (VERN=47.688571).
[2026-03-24 12:55:23,157][pcse.crop.phenology.Annual_Phenology][INFO] - Changed phenological stage 'vegetative' to 'reproductive' on 1984-06-29
Reward function update skipped (no labeled feedback yet).
[REPLAY DBG] before relabel step=6000 n=6000 mean=-0.009655 std=0.014812 min=-0.091306 max=0.013622
[REPLAY DBG] after relabel step=6000 n=6000 mean=-0.009669 std=0.014901 min=-0.090522 max=0.013608
[REPLAY DBG] post-agent-update step=6000 n=6000 mean=-0.009669 std=0.014901 min=-0.090522 max=0.013608
[STEP DBG] step=6000 env_reward=0.507050 r_hat=-0.013390 done=False
[NORM DBG] count=6000 mean_abs_mean=62525.093750 mean_std=9.228341 min_std=0.001000 max_std=69.368263
[2026-03-24 12:55:25,909][pcse.crop.phenology.Annual_Phenology][INFO] - Changed phenological stage 'reproductive' to 'mature' on 1984-09-13
[2026-03-24 12:55:26,380][pcse.base.timer.Timer][INFO] - Reached end of simulation period as specified by END_DATE.
| train          | E: 25 | S: 6025 | R: -2.8477 | TR: 10.9357 | TF: 160 | LR: 0 | NR: 0 | D: 08.0 s | TD: 00.0 s | BR: -0.0097 | ALOSS: 18455.5676 | CLOSS: 3925189.2081 | TLOSS: -222.5303 | TVAL: 0.1150 | AENT: -1936.0500 | BCLOSS: 0.0000
[EPISODE DBG] episode=25 step=6025 pred_return=-3.050036 true_return=44.398151 total_feedback=192 labeled_feedback=0
[2026-03-24 12:55:26,388][pcse.agromanager.SoilCalendar][INFO] - Starting soil (oregon) with variation (oregon_1) on day 1984-02-01
[2026-03-24 12:55:26,390][pcse.agromanager.CropCalendar][INFO] - Starting crop (wheat) with variety (wheat_1) on day 1984-02-01
[2026-03-24 12:55:28,445][pcse.crop.phenology.Annual_Phenology][INFO] - Changed phenological stage 'emerging' to 'vegetative' on 1984-04-10
[2026-03-24 12:55:29,796][pcse.crop.phenology.Vernalisation][INFO] - Critical DVS for vernalization (VERNDVS) reached at day 1984-06-02, but vernalization requirements not yet fulfilled. Forcing vernalization now (VERN=47.688571).
[2026-03-24 12:55:29,821][pcse.crop.phenology.Vernalisation][INFO] - Critical DVS for vernalization (VERNDVS) reached at day 1984-06-03, but vernalization requirements not yet fulfilled. Forcing vernalization now (VERN=47.688571).
[2026-03-24 12:55:29,848][pcse.crop.phenology.Vernalisation][INFO] - Critical DVS for vernalization (VERNDVS) reached at day 1984-06-04, but vernalization requirements not yet fulfilled. Forcing vernalization now (VERN=47.688571).
[2026-03-24 12:55:29,876][pcse.crop.phenology.Vernalisation][INFO] - Critical DVS for vernalization (VERNDVS) reached at day 1984-06-05, but vernalization requirements not yet fulfilled. Forcing vernalization now (VERN=47.688571).
[2026-03-24 12:55:29,904][pcse.crop.phenology.Vernalisation][INFO] - Critical DVS for vernalization (VERNDVS) reached at day 1984-06-06, but vernalization requirements not yet fulfilled. Forcing vernalization now (VERN=47.688571).
[2026-03-24 12:55:29,929][pcse.crop.phenology.Vernalisation][INFO] - Critical DVS for vernalization (VERNDVS) reached at day 1984-06-07, but vernalization requirements not yet fulfilled. Forcing vernalization now (VERN=47.688571).
[2026-03-24 12:55:29,953][pcse.crop.phenology.Vernalisation][INFO] - Critical DVS for vernalization (VERNDVS) reached at day 1984-06-08, but vernalization requirements not yet fulfilled. Forcing vernalization now (VERN=47.688571).
[2026-03-24 12:55:29,981][pcse.crop.phenology.Vernalisation][INFO] - Critical DVS for vernalization (VERNDVS) reached at day 1984-06-09, but vernalization requirements not yet fulfilled. Forcing vernalization now (VERN=47.688571).
[2026-03-24 12:55:30,012][pcse.crop.phenology.Vernalisation][INFO] - Critical DVS for vernalization (VERNDVS) reached at day 1984-06-10, but vernalization requirements not yet fulfilled. Forcing vernalization now (VERN=47.688571).
[2026-03-24 12:55:30,043][pcse.crop.phenology.Vernalisation][INFO] - Critical DVS for vernalization (VERNDVS) reached at day 1984-06-11, but vernalization requirements not yet fulfilled. Forcing vernalization now (VERN=47.688571).
[2026-03-24 12:55:30,072][pcse.crop.phenology.Vernalisation][INFO] - Critical DVS for vernalization (VERNDVS) reached at day 1984-06-12, but vernalization requirements not yet fulfilled. Forcing vernalization now (VERN=47.688571).
[2026-03-24 12:55:30,100][pcse.crop.phenology.Vernalisation][INFO] - Critical DVS for vernalization (VERNDVS) reached at day 1984-06-13, but vernalization requirements not yet fulfilled. Forcing vernalization now (VERN=47.688571).
[2026-03-24 12:55:30,128][pcse.crop.phenology.Vernalisation][INFO] - Critical DVS for vernalization (VERNDVS) reached at day 1984-06-14, but vernalization requirements not yet fulfilled. Forcing vernalization now (VERN=47.688571).
[2026-03-24 12:55:30,156][pcse.crop.phenology.Vernalisation][INFO] - Critical DVS for vernalization (VERNDVS) reached at day 1984-06-15, but vernalization requirements not yet fulfilled. Forcing vernalization now (VERN=47.688571).
[2026-03-24 12:55:30,183][pcse.crop.phenology.Vernalisation][INFO] - Critical DVS for vernalization (VERNDVS) reached at day 1984-06-16, but vernalization requirements not yet fulfilled. Forcing vernalization now (VERN=47.688571).
[2026-03-24 12:55:30,211][pcse.crop.phenology.Vernalisation][INFO] - Critical DVS for vernalization (VERNDVS) reached at day 1984-06-17, but vernalization requirements not yet fulfilled. Forcing vernalization now (VERN=47.688571).
[2026-03-24 12:55:30,240][pcse.crop.phenology.Vernalisation][INFO] - Critical DVS for vernalization (VERNDVS) reached at day 1984-06-18, but vernalization requirements not yet fulfilled. Forcing vernalization now (VERN=47.688571).
[2026-03-24 12:55:30,268][pcse.crop.phenology.Vernalisation][INFO] - Critical DVS for vernalization (VERNDVS) reached at day 1984-06-19, but vernalization requirements not yet fulfilled. Forcing vernalization now (VERN=47.688571).
[2026-03-24 12:55:30,293][pcse.crop.phenology.Vernalisation][INFO] - Critical DVS for vernalization (VERNDVS) reached at day 1984-06-20, but vernalization requirements not yet fulfilled. Forcing vernalization now (VERN=47.688571).
[2026-03-24 12:55:30,318][pcse.crop.phenology.Vernalisation][INFO] - Critical DVS for vernalization (VERNDVS) reached at day 1984-06-21, but vernalization requirements not yet fulfilled. Forcing vernalization now (VERN=47.688571).
[2026-03-24 12:55:30,347][pcse.crop.phenology.Vernalisation][INFO] - Critical DVS for vernalization (VERNDVS) reached at day 1984-06-22, but vernalization requirements not yet fulfilled. Forcing vernalization now (VERN=47.688571).
[2026-03-24 12:55:30,375][pcse.crop.phenology.Vernalisation][INFO] - Critical DVS for vernalization (VERNDVS) reached at day 1984-06-23, but vernalization requirements not yet fulfilled. Forcing vernalization now (VERN=47.688571).
[2026-03-24 12:55:30,405][pcse.crop.phenology.Vernalisation][INFO] - Critical DVS for vernalization (VERNDVS) reached at day 1984-06-24, but vernalization requirements not yet fulfilled. Forcing vernalization now (VERN=47.688571).
[2026-03-24 12:55:30,431][pcse.crop.phenology.Vernalisation][INFO] - Critical DVS for vernalization (VERNDVS) reached at day 1984-06-25, but vernalization requirements not yet fulfilled. Forcing vernalization now (VERN=47.688571).
[2026-03-24 12:55:30,459][pcse.crop.phenology.Vernalisation][INFO] - Critical DVS for vernalization (VERNDVS) reached at day 1984-06-26, but vernalization requirements not yet fulfilled. Forcing vernalization now (VERN=47.688571).
[2026-03-24 12:55:30,485][pcse.crop.phenology.Vernalisation][INFO] - Critical DVS for vernalization (VERNDVS) reached at day 1984-06-27, but vernalization requirements not yet fulfilled. Forcing vernalization now (VERN=47.688571).
[2026-03-24 12:55:30,515][pcse.crop.phenology.Vernalisation][INFO] - Critical DVS for vernalization (VERNDVS) reached at day 1984-06-28, but vernalization requirements not yet fulfilled. Forcing vernalization now (VERN=47.688571).
[2026-03-24 12:55:30,543][pcse.crop.phenology.Vernalisation][INFO] - Critical DVS for vernalization (VERNDVS) reached at day 1984-06-29, but vernalization requirements not yet fulfilled. Forcing vernalization now (VERN=47.688571).
[2026-03-24 12:55:30,544][pcse.crop.phenology.Annual_Phenology][INFO] - Changed phenological stage 'vegetative' to 'reproductive' on 1984-06-29
[2026-03-24 12:55:33,101][pcse.crop.phenology.Annual_Phenology][INFO] - Changed phenological stage 'reproductive' to 'mature' on 1984-09-13
[2026-03-24 12:55:33,612][pcse.base.timer.Timer][INFO] - Reached end of simulation period as specified by END_DATE.
| train          | E: 26 | S: 6266 | R: -3.0500 | TR: 44.3982 | TF: 192 | LR: 0 | NR: 0 | D: 07.2 s | TD: 00.0 s | BR: -0.0098 | ALOSS: 18563.2952 | CLOSS: 3759701.2611 | TLOSS: -281.6334 | TVAL: 0.1165 | AENT: -2415.3621 | BCLOSS: 0.0000
[EPISODE DBG] episode=26 step=6266 pred_return=-2.734059 true_return=25.952837 total_feedback=192 labeled_feedback=0
[2026-03-24 12:55:33,624][pcse.agromanager.SoilCalendar][INFO] - Starting soil (oregon) with variation (oregon_1) on day 1984-02-01
[2026-03-24 12:55:33,626][pcse.agromanager.CropCalendar][INFO] - Starting crop (wheat) with variety (wheat_1) on day 1984-02-01
[2026-03-24 12:55:35,801][pcse.crop.phenology.Annual_Phenology][INFO] - Changed phenological stage 'emerging' to 'vegetative' on 1984-04-10
[2026-03-24 12:55:37,292][pcse.crop.phenology.Vernalisation][INFO] - Critical DVS for vernalization (VERNDVS) reached at day 1984-06-02, but vernalization requirements not yet fulfilled. Forcing vernalization now (VERN=47.688571).
[2026-03-24 12:55:37,321][pcse.crop.phenology.Vernalisation][INFO] - Critical DVS for vernalization (VERNDVS) reached at day 1984-06-03, but vernalization requirements not yet fulfilled. Forcing vernalization now (VERN=47.688571).
[2026-03-24 12:55:37,351][pcse.crop.phenology.Vernalisation][INFO] - Critical DVS for vernalization (VERNDVS) reached at day 1984-06-04, but vernalization requirements not yet fulfilled. Forcing vernalization now (VERN=47.688571).
[2026-03-24 12:55:37,380][pcse.crop.phenology.Vernalisation][INFO] - Critical DVS for vernalization (VERNDVS) reached at day 1984-06-05, but vernalization requirements not yet fulfilled. Forcing vernalization now (VERN=47.688571).
[2026-03-24 12:55:37,410][pcse.crop.phenology.Vernalisation][INFO] - Critical DVS for vernalization (VERNDVS) reached at day 1984-06-06, but vernalization requirements not yet fulfilled. Forcing vernalization now (VERN=47.688571).
[2026-03-24 12:55:37,438][pcse.crop.phenology.Vernalisation][INFO] - Critical DVS for vernalization (VERNDVS) reached at day 1984-06-07, but vernalization requirements not yet fulfilled. Forcing vernalization now (VERN=47.688571).
[2026-03-24 12:55:37,463][pcse.crop.phenology.Vernalisation][INFO] - Critical DVS for vernalization (VERNDVS) reached at day 1984-06-08, but vernalization requirements not yet fulfilled. Forcing vernalization now (VERN=47.688571).
[2026-03-24 12:55:37,494][pcse.crop.phenology.Vernalisation][INFO] - Critical DVS for vernalization (VERNDVS) reached at day 1984-06-09, but vernalization requirements not yet fulfilled. Forcing vernalization now (VERN=47.688571).
[2026-03-24 12:55:37,522][pcse.crop.phenology.Vernalisation][INFO] - Critical DVS for vernalization (VERNDVS) reached at day 1984-06-10, but vernalization requirements not yet fulfilled. Forcing vernalization now (VERN=47.688571).
[2026-03-24 12:55:37,555][pcse.crop.phenology.Vernalisation][INFO] - Critical DVS for vernalization (VERNDVS) reached at day 1984-06-11, but vernalization requirements not yet fulfilled. Forcing vernalization now (VERN=47.688571).
[2026-03-24 12:55:37,582][pcse.crop.phenology.Vernalisation][INFO] - Critical DVS for vernalization (VERNDVS) reached at day 1984-06-12, but vernalization requirements not yet fulfilled. Forcing vernalization now (VERN=47.688571).
[2026-03-24 12:55:37,609][pcse.crop.phenology.Vernalisation][INFO] - Critical DVS for vernalization (VERNDVS) reached at day 1984-06-13, but vernalization requirements not yet fulfilled. Forcing vernalization now (VERN=47.688571).
[2026-03-24 12:55:37,634][pcse.crop.phenology.Vernalisation][INFO] - Critical DVS for vernalization (VERNDVS) reached at day 1984-06-14, but vernalization requirements not yet fulfilled. Forcing vernalization now (VERN=47.688571).
[2026-03-24 12:55:37,662][pcse.crop.phenology.Vernalisation][INFO] - Critical DVS for vernalization (VERNDVS) reached at day 1984-06-15, but vernalization requirements not yet fulfilled. Forcing vernalization now (VERN=47.688571).
Reward function update skipped (no labeled feedback yet).
[REPLAY DBG] before relabel step=6400 n=6400 mean=-0.009947 std=0.015008 min=-0.090522 max=0.013608
[REPLAY DBG] after relabel step=6400 n=6400 mean=-0.009709 std=0.014861 min=-0.088905 max=0.013751
[2026-03-24 12:55:38,126][pcse.crop.phenology.Vernalisation][INFO] - Critical DVS for vernalization (VERNDVS) reached at day 1984-06-16, but vernalization requirements not yet fulfilled. Forcing vernalization now (VERN=47.688571).
[2026-03-24 12:55:38,178][pcse.crop.phenology.Vernalisation][INFO] - Critical DVS for vernalization (VERNDVS) reached at day 1984-06-17, but vernalization requirements not yet fulfilled. Forcing vernalization now (VERN=47.688571).
[2026-03-24 12:55:38,206][pcse.crop.phenology.Vernalisation][INFO] - Critical DVS for vernalization (VERNDVS) reached at day 1984-06-18, but vernalization requirements not yet fulfilled. Forcing vernalization now (VERN=47.688571).
[2026-03-24 12:55:38,236][pcse.crop.phenology.Vernalisation][INFO] - Critical DVS for vernalization (VERNDVS) reached at day 1984-06-19, but vernalization requirements not yet fulfilled. Forcing vernalization now (VERN=47.688571).
[2026-03-24 12:55:38,268][pcse.crop.phenology.Vernalisation][INFO] - Critical DVS for vernalization (VERNDVS) reached at day 1984-06-20, but vernalization requirements not yet fulfilled. Forcing vernalization now (VERN=47.688571).
[2026-03-24 12:55:38,298][pcse.crop.phenology.Vernalisation][INFO] - Critical DVS for vernalization (VERNDVS) reached at day 1984-06-21, but vernalization requirements not yet fulfilled. Forcing vernalization now (VERN=47.688571).
[2026-03-24 12:55:38,326][pcse.crop.phenology.Vernalisation][INFO] - Critical DVS for vernalization (VERNDVS) reached at day 1984-06-22, but vernalization requirements not yet fulfilled. Forcing vernalization now (VERN=47.688571).
[2026-03-24 12:55:38,354][pcse.crop.phenology.Vernalisation][INFO] - Critical DVS for vernalization (VERNDVS) reached at day 1984-06-23, but vernalization requirements not yet fulfilled. Forcing vernalization now (VERN=47.688571).
[2026-03-24 12:55:38,381][pcse.crop.phenology.Vernalisation][INFO] - Critical DVS for vernalization (VERNDVS) reached at day 1984-06-24, but vernalization requirements not yet fulfilled. Forcing vernalization now (VERN=47.688571).
[2026-03-24 12:55:38,406][pcse.crop.phenology.Vernalisation][INFO] - Critical DVS for vernalization (VERNDVS) reached at day 1984-06-25, but vernalization requirements not yet fulfilled. Forcing vernalization now (VERN=47.688571).
[2026-03-24 12:55:38,435][pcse.crop.phenology.Vernalisation][INFO] - Critical DVS for vernalization (VERNDVS) reached at day 1984-06-26, but vernalization requirements not yet fulfilled. Forcing vernalization now (VERN=47.688571).
[2026-03-24 12:55:38,464][pcse.crop.phenology.Vernalisation][INFO] - Critical DVS for vernalization (VERNDVS) reached at day 1984-06-27, but vernalization requirements not yet fulfilled. Forcing vernalization now (VERN=47.688571).
[2026-03-24 12:55:38,492][pcse.crop.phenology.Vernalisation][INFO] - Critical DVS for vernalization (VERNDVS) reached at day 1984-06-28, but vernalization requirements not yet fulfilled. Forcing vernalization now (VERN=47.688571).
[2026-03-24 12:55:38,517][pcse.crop.phenology.Vernalisation][INFO] - Critical DVS for vernalization (VERNDVS) reached at day 1984-06-29, but vernalization requirements not yet fulfilled. Forcing vernalization now (VERN=47.688571).
[2026-03-24 12:55:38,517][pcse.crop.phenology.Annual_Phenology][INFO] - Changed phenological stage 'vegetative' to 'reproductive' on 1984-06-29
[2026-03-24 12:55:40,722][pcse.crop.phenology.Annual_Phenology][INFO] - Changed phenological stage 'reproductive' to 'mature' on 1984-09-13
[REPLAY DBG] post-agent-update step=6500 n=6500 mean=-0.009629 std=0.014782 min=-0.088905 max=0.013751
[STEP DBG] step=6500 env_reward=0.511181 r_hat=-0.021151 done=False
[NORM DBG] count=6500 mean_abs_mean=62525.136719 mean_std=9.245918 min_std=0.001000 max_std=69.506828
[2026-03-24 12:55:41,225][pcse.base.timer.Timer][INFO] - Reached end of simulation period as specified by END_DATE.
| train          | E: 27 | S: 6507 | R: -2.7341 | TR: 25.9528 | TF: 192 | LR: 0 | NR: 0 | D: 07.6 s | TD: 00.0 s | BR: -0.0098 | ALOSS: 18733.1039 | CLOSS: 3717438.4215 | TLOSS: -344.7176 | TVAL: 0.1188 | AENT: -2902.5718 | BCLOSS: 0.0000
[EPISODE DBG] episode=27 step=6507 pred_return=-3.135201 true_return=48.561949 total_feedback=224 labeled_feedback=0
[2026-03-24 12:55:41,237][pcse.agromanager.SoilCalendar][INFO] - Starting soil (oregon) with variation (oregon_1) on day 1984-02-01
[2026-03-24 12:55:41,239][pcse.agromanager.CropCalendar][INFO] - Starting crop (wheat) with variety (wheat_1) on day 1984-02-01
[2026-03-24 12:55:43,350][pcse.crop.phenology.Annual_Phenology][INFO] - Changed phenological stage 'emerging' to 'vegetative' on 1984-04-10
[2026-03-24 12:55:45,278][pcse.crop.phenology.Vernalisation][INFO] - Critical DVS for vernalization (VERNDVS) reached at day 1984-06-02, but vernalization requirements not yet fulfilled. Forcing vernalization now (VERN=47.688571).
[2026-03-24 12:55:45,311][pcse.crop.phenology.Vernalisation][INFO] - Critical DVS for vernalization (VERNDVS) reached at day 1984-06-03, but vernalization requirements not yet fulfilled. Forcing vernalization now (VERN=47.688571).
[2026-03-24 12:55:45,342][pcse.crop.phenology.Vernalisation][INFO] - Critical DVS for vernalization (VERNDVS) reached at day 1984-06-04, but vernalization requirements not yet fulfilled. Forcing vernalization now (VERN=47.688571).
[2026-03-24 12:55:45,375][pcse.crop.phenology.Vernalisation][INFO] - Critical DVS for vernalization (VERNDVS) reached at day 1984-06-05, but vernalization requirements not yet fulfilled. Forcing vernalization now (VERN=47.688571).
[2026-03-24 12:55:45,406][pcse.crop.phenology.Vernalisation][INFO] - Critical DVS for vernalization (VERNDVS) reached at day 1984-06-06, but vernalization requirements not yet fulfilled. Forcing vernalization now (VERN=47.688571).
[2026-03-24 12:55:45,439][pcse.crop.phenology.Vernalisation][INFO] - Critical DVS for vernalization (VERNDVS) reached at day 1984-06-07, but vernalization requirements not yet fulfilled. Forcing vernalization now (VERN=47.688571).
[2026-03-24 12:55:45,470][pcse.crop.phenology.Vernalisation][INFO] - Critical DVS for vernalization (VERNDVS) reached at day 1984-06-08, but vernalization requirements not yet fulfilled. Forcing vernalization now (VERN=47.688571).
[2026-03-24 12:55:45,502][pcse.crop.phenology.Vernalisation][INFO] - Critical DVS for vernalization (VERNDVS) reached at day 1984-06-09, but vernalization requirements not yet fulfilled. Forcing vernalization now (VERN=47.688571).
[2026-03-24 12:55:45,532][pcse.crop.phenology.Vernalisation][INFO] - Critical DVS for vernalization (VERNDVS) reached at day 1984-06-10, but vernalization requirements not yet fulfilled. Forcing vernalization now (VERN=47.688571).
[2026-03-24 12:55:45,566][pcse.crop.phenology.Vernalisation][INFO] - Critical DVS for vernalization (VERNDVS) reached at day 1984-06-11, but vernalization requirements not yet fulfilled. Forcing vernalization now (VERN=47.688571).
[2026-03-24 12:55:45,597][pcse.crop.phenology.Vernalisation][INFO] - Critical DVS for vernalization (VERNDVS) reached at day 1984-06-12, but vernalization requirements not yet fulfilled. Forcing vernalization now (VERN=47.688571).
[2026-03-24 12:55:45,628][pcse.crop.phenology.Vernalisation][INFO] - Critical DVS for vernalization (VERNDVS) reached at day 1984-06-13, but vernalization requirements not yet fulfilled. Forcing vernalization now (VERN=47.688571).
[2026-03-24 12:55:45,659][pcse.crop.phenology.Vernalisation][INFO] - Critical DVS for vernalization (VERNDVS) reached at day 1984-06-14, but vernalization requirements not yet fulfilled. Forcing vernalization now (VERN=47.688571).
[2026-03-24 12:55:45,691][pcse.crop.phenology.Vernalisation][INFO] - Critical DVS for vernalization (VERNDVS) reached at day 1984-06-15, but vernalization requirements not yet fulfilled. Forcing vernalization now (VERN=47.688571).
[2026-03-24 12:55:45,722][pcse.crop.phenology.Vernalisation][INFO] - Critical DVS for vernalization (VERNDVS) reached at day 1984-06-16, but vernalization requirements not yet fulfilled. Forcing vernalization now (VERN=47.688571).
[2026-03-24 12:55:45,753][pcse.crop.phenology.Vernalisation][INFO] - Critical DVS for vernalization (VERNDVS) reached at day 1984-06-17, but vernalization requirements not yet fulfilled. Forcing vernalization now (VERN=47.688571).
[2026-03-24 12:55:45,785][pcse.crop.phenology.Vernalisation][INFO] - Critical DVS for vernalization (VERNDVS) reached at day 1984-06-18, but vernalization requirements not yet fulfilled. Forcing vernalization now (VERN=47.688571).
[2026-03-24 12:55:45,818][pcse.crop.phenology.Vernalisation][INFO] - Critical DVS for vernalization (VERNDVS) reached at day 1984-06-19, but vernalization requirements not yet fulfilled. Forcing vernalization now (VERN=47.688571).
[2026-03-24 12:55:45,850][pcse.crop.phenology.Vernalisation][INFO] - Critical DVS for vernalization (VERNDVS) reached at day 1984-06-20, but vernalization requirements not yet fulfilled. Forcing vernalization now (VERN=47.688571).
[2026-03-24 12:55:45,879][pcse.crop.phenology.Vernalisation][INFO] - Critical DVS for vernalization (VERNDVS) reached at day 1984-06-21, but vernalization requirements not yet fulfilled. Forcing vernalization now (VERN=47.688571).
[2026-03-24 12:55:45,911][pcse.crop.phenology.Vernalisation][INFO] - Critical DVS for vernalization (VERNDVS) reached at day 1984-06-22, but vernalization requirements not yet fulfilled. Forcing vernalization now (VERN=47.688571).
[2026-03-24 12:55:45,941][pcse.crop.phenology.Vernalisation][INFO] - Critical DVS for vernalization (VERNDVS) reached at day 1984-06-23, but vernalization requirements not yet fulfilled. Forcing vernalization now (VERN=47.688571).
[2026-03-24 12:55:45,973][pcse.crop.phenology.Vernalisation][INFO] - Critical DVS for vernalization (VERNDVS) reached at day 1984-06-24, but vernalization requirements not yet fulfilled. Forcing vernalization now (VERN=47.688571).
[2026-03-24 12:55:46,005][pcse.crop.phenology.Vernalisation][INFO] - Critical DVS for vernalization (VERNDVS) reached at day 1984-06-25, but vernalization requirements not yet fulfilled. Forcing vernalization now (VERN=47.688571).
[2026-03-24 12:55:46,033][pcse.crop.phenology.Vernalisation][INFO] - Critical DVS for vernalization (VERNDVS) reached at day 1984-06-26, but vernalization requirements not yet fulfilled. Forcing vernalization now (VERN=47.688571).
[2026-03-24 12:55:46,063][pcse.crop.phenology.Vernalisation][INFO] - Critical DVS for vernalization (VERNDVS) reached at day 1984-06-27, but vernalization requirements not yet fulfilled. Forcing vernalization now (VERN=47.688571).
[2026-03-24 12:55:46,088][pcse.crop.phenology.Vernalisation][INFO] - Critical DVS for vernalization (VERNDVS) reached at day 1984-06-28, but vernalization requirements not yet fulfilled. Forcing vernalization now (VERN=47.688571).
[2026-03-24 12:55:46,118][pcse.crop.phenology.Vernalisation][INFO] - Critical DVS for vernalization (VERNDVS) reached at day 1984-06-29, but vernalization requirements not yet fulfilled. Forcing vernalization now (VERN=47.688571).
[2026-03-24 12:55:46,118][pcse.crop.phenology.Annual_Phenology][INFO] - Changed phenological stage 'vegetative' to 'reproductive' on 1984-06-29
[2026-03-24 12:55:48,575][pcse.crop.phenology.Annual_Phenology][INFO] - Changed phenological stage 'reproductive' to 'mature' on 1984-09-13
[2026-03-24 12:55:49,111][pcse.base.timer.Timer][INFO] - Reached end of simulation period as specified by END_DATE.
| train          | E: 28 | S: 6748 | R: -3.1352 | TR: 48.5619 | TF: 224 | LR: 0 | NR: 0 | D: 07.9 s | TD: 00.0 s | BR: -0.0097 | ALOSS: 18275.0553 | CLOSS: 3098131.4744 | TLOSS: -115.4545 | TVAL: 0.1206 | AENT: -959.4224 | BCLOSS: 0.0000
[EPISODE DBG] episode=28 step=6748 pred_return=-2.558800 true_return=0.093302 total_feedback=224 labeled_feedback=0
[2026-03-24 12:55:49,120][pcse.agromanager.SoilCalendar][INFO] - Starting soil (oregon) with variation (oregon_1) on day 1984-02-01
[2026-03-24 12:55:49,123][pcse.agromanager.CropCalendar][INFO] - Starting crop (wheat) with variety (wheat_1) on day 1984-02-01
Reward function update skipped (no labeled feedback yet).
[REPLAY DBG] before relabel step=6800 n=6800 mean=-0.009782 std=0.014892 min=-0.089571 max=0.013751
[REPLAY DBG] after relabel step=6800 n=6800 mean=-0.009721 std=0.014921 min=-0.088661 max=0.013660
[2026-03-24 12:55:51,582][pcse.crop.phenology.Annual_Phenology][INFO] - Changed phenological stage 'emerging' to 'vegetative' on 1984-04-10
[2026-03-24 12:55:53,211][pcse.crop.phenology.Vernalisation][INFO] - Critical DVS for vernalization (VERNDVS) reached at day 1984-06-02, but vernalization requirements not yet fulfilled. Forcing vernalization now (VERN=47.688571).
[2026-03-24 12:55:53,242][pcse.crop.phenology.Vernalisation][INFO] - Critical DVS for vernalization (VERNDVS) reached at day 1984-06-03, but vernalization requirements not yet fulfilled. Forcing vernalization now (VERN=47.688571).
[2026-03-24 12:55:53,272][pcse.crop.phenology.Vernalisation][INFO] - Critical DVS for vernalization (VERNDVS) reached at day 1984-06-04, but vernalization requirements not yet fulfilled. Forcing vernalization now (VERN=47.688571).
[2026-03-24 12:55:53,303][pcse.crop.phenology.Vernalisation][INFO] - Critical DVS for vernalization (VERNDVS) reached at day 1984-06-05, but vernalization requirements not yet fulfilled. Forcing vernalization now (VERN=47.688571).
[2026-03-24 12:55:53,332][pcse.crop.phenology.Vernalisation][INFO] - Critical DVS for vernalization (VERNDVS) reached at day 1984-06-06, but vernalization requirements not yet fulfilled. Forcing vernalization now (VERN=47.688571).
[2026-03-24 12:55:53,363][pcse.crop.phenology.Vernalisation][INFO] - Critical DVS for vernalization (VERNDVS) reached at day 1984-06-07, but vernalization requirements not yet fulfilled. Forcing vernalization now (VERN=47.688571).
[2026-03-24 12:55:53,393][pcse.crop.phenology.Vernalisation][INFO] - Critical DVS for vernalization (VERNDVS) reached at day 1984-06-08, but vernalization requirements not yet fulfilled. Forcing vernalization now (VERN=47.688571).
[2026-03-24 12:55:53,423][pcse.crop.phenology.Vernalisation][INFO] - Critical DVS for vernalization (VERNDVS) reached at day 1984-06-09, but vernalization requirements not yet fulfilled. Forcing vernalization now (VERN=47.688571).
[2026-03-24 12:55:53,453][pcse.crop.phenology.Vernalisation][INFO] - Critical DVS for vernalization (VERNDVS) reached at day 1984-06-10, but vernalization requirements not yet fulfilled. Forcing vernalization now (VERN=47.688571).
[2026-03-24 12:55:53,483][pcse.crop.phenology.Vernalisation][INFO] - Critical DVS for vernalization (VERNDVS) reached at day 1984-06-11, but vernalization requirements not yet fulfilled. Forcing vernalization now (VERN=47.688571).
[2026-03-24 12:55:53,513][pcse.crop.phenology.Vernalisation][INFO] - Critical DVS for vernalization (VERNDVS) reached at day 1984-06-12, but vernalization requirements not yet fulfilled. Forcing vernalization now (VERN=47.688571).
[2026-03-24 12:55:53,545][pcse.crop.phenology.Vernalisation][INFO] - Critical DVS for vernalization (VERNDVS) reached at day 1984-06-13, but vernalization requirements not yet fulfilled. Forcing vernalization now (VERN=47.688571).
[2026-03-24 12:55:53,575][pcse.crop.phenology.Vernalisation][INFO] - Critical DVS for vernalization (VERNDVS) reached at day 1984-06-14, but vernalization requirements not yet fulfilled. Forcing vernalization now (VERN=47.688571).
[2026-03-24 12:55:53,606][pcse.crop.phenology.Vernalisation][INFO] - Critical DVS for vernalization (VERNDVS) reached at day 1984-06-15, but vernalization requirements not yet fulfilled. Forcing vernalization now (VERN=47.688571).
[2026-03-24 12:55:53,638][pcse.crop.phenology.Vernalisation][INFO] - Critical DVS for vernalization (VERNDVS) reached at day 1984-06-16, but vernalization requirements not yet fulfilled. Forcing vernalization now (VERN=47.688571).
[2026-03-24 12:55:53,670][pcse.crop.phenology.Vernalisation][INFO] - Critical DVS for vernalization (VERNDVS) reached at day 1984-06-17, but vernalization requirements not yet fulfilled. Forcing vernalization now (VERN=47.688571).
[2026-03-24 12:55:53,701][pcse.crop.phenology.Vernalisation][INFO] - Critical DVS for vernalization (VERNDVS) reached at day 1984-06-18, but vernalization requirements not yet fulfilled. Forcing vernalization now (VERN=47.688571).
[2026-03-24 12:55:53,733][pcse.crop.phenology.Vernalisation][INFO] - Critical DVS for vernalization (VERNDVS) reached at day 1984-06-19, but vernalization requirements not yet fulfilled. Forcing vernalization now (VERN=47.688571).
[2026-03-24 12:55:53,764][pcse.crop.phenology.Vernalisation][INFO] - Critical DVS for vernalization (VERNDVS) reached at day 1984-06-20, but vernalization requirements not yet fulfilled. Forcing vernalization now (VERN=47.688571).
[2026-03-24 12:55:53,794][pcse.crop.phenology.Vernalisation][INFO] - Critical DVS for vernalization (VERNDVS) reached at day 1984-06-21, but vernalization requirements not yet fulfilled. Forcing vernalization now (VERN=47.688571).
[2026-03-24 12:55:53,825][pcse.crop.phenology.Vernalisation][INFO] - Critical DVS for vernalization (VERNDVS) reached at day 1984-06-22, but vernalization requirements not yet fulfilled. Forcing vernalization now (VERN=47.688571).
[2026-03-24 12:55:53,855][pcse.crop.phenology.Vernalisation][INFO] - Critical DVS for vernalization (VERNDVS) reached at day 1984-06-23, but vernalization requirements not yet fulfilled. Forcing vernalization now (VERN=47.688571).
[2026-03-24 12:55:53,887][pcse.crop.phenology.Vernalisation][INFO] - Critical DVS for vernalization (VERNDVS) reached at day 1984-06-24, but vernalization requirements not yet fulfilled. Forcing vernalization now (VERN=47.688571).
[2026-03-24 12:55:53,917][pcse.crop.phenology.Vernalisation][INFO] - Critical DVS for vernalization (VERNDVS) reached at day 1984-06-25, but vernalization requirements not yet fulfilled. Forcing vernalization now (VERN=47.688571).
[2026-03-24 12:55:53,948][pcse.crop.phenology.Vernalisation][INFO] - Critical DVS for vernalization (VERNDVS) reached at day 1984-06-26, but vernalization requirements not yet fulfilled. Forcing vernalization now (VERN=47.688571).
[2026-03-24 12:55:53,979][pcse.crop.phenology.Vernalisation][INFO] - Critical DVS for vernalization (VERNDVS) reached at day 1984-06-27, but vernalization requirements not yet fulfilled. Forcing vernalization now (VERN=47.688571).
[2026-03-24 12:55:54,011][pcse.crop.phenology.Vernalisation][INFO] - Critical DVS for vernalization (VERNDVS) reached at day 1984-06-28, but vernalization requirements not yet fulfilled. Forcing vernalization now (VERN=47.688571).
[2026-03-24 12:55:54,042][pcse.crop.phenology.Vernalisation][INFO] - Critical DVS for vernalization (VERNDVS) reached at day 1984-06-29, but vernalization requirements not yet fulfilled. Forcing vernalization now (VERN=47.688571).
[2026-03-24 12:55:54,042][pcse.crop.phenology.Annual_Phenology][INFO] - Changed phenological stage 'vegetative' to 'reproductive' on 1984-06-29
[2026-03-24 12:55:56,360][pcse.crop.phenology.Annual_Phenology][INFO] - Changed phenological stage 'reproductive' to 'mature' on 1984-09-13
[2026-03-24 12:55:56,901][pcse.base.timer.Timer][INFO] - Reached end of simulation period as specified by END_DATE.
| train          | E: 29 | S: 6989 | R: -2.5588 | TR: 0.0933 | TF: 224 | LR: 0 | NR: 0 | D: 07.8 s | TD: 00.0 s | BR: -0.0097 | ALOSS: 18118.7926 | CLOSS: 2738372.9803 | TLOSS: -74.7890 | TVAL: 0.1212 | AENT: -617.9011 | BCLOSS: 0.0000
[EPISODE DBG] episode=29 step=6989 pred_return=-2.215202 true_return=0.228308 total_feedback=256 labeled_feedback=0
[2026-03-24 12:55:56,912][pcse.agromanager.SoilCalendar][INFO] - Starting soil (oregon) with variation (oregon_1) on day 1984-02-01
[2026-03-24 12:55:56,915][pcse.agromanager.CropCalendar][INFO] - Starting crop (wheat) with variety (wheat_1) on day 1984-02-01
[REPLAY DBG] post-agent-update step=7000 n=7000 mean=-0.009624 std=0.014843 min=-0.088661 max=0.013660
[STEP DBG] step=7000 env_reward=0.000000 r_hat=-0.014683 done=False
[NORM DBG] count=7000 mean_abs_mean=62525.132812 mean_std=9.266649 min_std=0.001000 max_std=69.669632
[2026-03-24 12:55:59,433][pcse.crop.phenology.Annual_Phenology][INFO] - Changed phenological stage 'emerging' to 'vegetative' on 1984-04-10
[2026-03-24 12:56:01,016][pcse.crop.phenology.Vernalisation][INFO] - Critical DVS for vernalization (VERNDVS) reached at day 1984-06-02, but vernalization requirements not yet fulfilled. Forcing vernalization now (VERN=47.688571).
[2026-03-24 12:56:01,048][pcse.crop.phenology.Vernalisation][INFO] - Critical DVS for vernalization (VERNDVS) reached at day 1984-06-03, but vernalization requirements not yet fulfilled. Forcing vernalization now (VERN=47.688571).
[2026-03-24 12:56:01,079][pcse.crop.phenology.Vernalisation][INFO] - Critical DVS for vernalization (VERNDVS) reached at day 1984-06-04, but vernalization requirements not yet fulfilled. Forcing vernalization now (VERN=47.688571).
[2026-03-24 12:56:01,110][pcse.crop.phenology.Vernalisation][INFO] - Critical DVS for vernalization (VERNDVS) reached at day 1984-06-05, but vernalization requirements not yet fulfilled. Forcing vernalization now (VERN=47.688571).
[2026-03-24 12:56:01,141][pcse.crop.phenology.Vernalisation][INFO] - Critical DVS for vernalization (VERNDVS) reached at day 1984-06-06, but vernalization requirements not yet fulfilled. Forcing vernalization now (VERN=47.688571).
[2026-03-24 12:56:01,171][pcse.crop.phenology.Vernalisation][INFO] - Critical DVS for vernalization (VERNDVS) reached at day 1984-06-07, but vernalization requirements not yet fulfilled. Forcing vernalization now (VERN=47.688571).
[2026-03-24 12:56:01,204][pcse.crop.phenology.Vernalisation][INFO] - Critical DVS for vernalization (VERNDVS) reached at day 1984-06-08, but vernalization requirements not yet fulfilled. Forcing vernalization now (VERN=47.688571).
[2026-03-24 12:56:01,235][pcse.crop.phenology.Vernalisation][INFO] - Critical DVS for vernalization (VERNDVS) reached at day 1984-06-09, but vernalization requirements not yet fulfilled. Forcing vernalization now (VERN=47.688571).
[2026-03-24 12:56:01,266][pcse.crop.phenology.Vernalisation][INFO] - Critical DVS for vernalization (VERNDVS) reached at day 1984-06-10, but vernalization requirements not yet fulfilled. Forcing vernalization now (VERN=47.688571).
[2026-03-24 12:56:01,296][pcse.crop.phenology.Vernalisation][INFO] - Critical DVS for vernalization (VERNDVS) reached at day 1984-06-11, but vernalization requirements not yet fulfilled. Forcing vernalization now (VERN=47.688571).
[2026-03-24 12:56:01,327][pcse.crop.phenology.Vernalisation][INFO] - Critical DVS for vernalization (VERNDVS) reached at day 1984-06-12, but vernalization requirements not yet fulfilled. Forcing vernalization now (VERN=47.688571).
[2026-03-24 12:56:01,356][pcse.crop.phenology.Vernalisation][INFO] - Critical DVS for vernalization (VERNDVS) reached at day 1984-06-13, but vernalization requirements not yet fulfilled. Forcing vernalization now (VERN=47.688571).
[2026-03-24 12:56:01,388][pcse.crop.phenology.Vernalisation][INFO] - Critical DVS for vernalization (VERNDVS) reached at day 1984-06-14, but vernalization requirements not yet fulfilled. Forcing vernalization now (VERN=47.688571).
[2026-03-24 12:56:01,419][pcse.crop.phenology.Vernalisation][INFO] - Critical DVS for vernalization (VERNDVS) reached at day 1984-06-15, but vernalization requirements not yet fulfilled. Forcing vernalization now (VERN=47.688571).
[2026-03-24 12:56:01,448][pcse.crop.phenology.Vernalisation][INFO] - Critical DVS for vernalization (VERNDVS) reached at day 1984-06-16, but vernalization requirements not yet fulfilled. Forcing vernalization now (VERN=47.688571).
[2026-03-24 12:56:01,480][pcse.crop.phenology.Vernalisation][INFO] - Critical DVS for vernalization (VERNDVS) reached at day 1984-06-17, but vernalization requirements not yet fulfilled. Forcing vernalization now (VERN=47.688571).
[2026-03-24 12:56:01,511][pcse.crop.phenology.Vernalisation][INFO] - Critical DVS for vernalization (VERNDVS) reached at day 1984-06-18, but vernalization requirements not yet fulfilled. Forcing vernalization now (VERN=47.688571).
[2026-03-24 12:56:01,542][pcse.crop.phenology.Vernalisation][INFO] - Critical DVS for vernalization (VERNDVS) reached at day 1984-06-19, but vernalization requirements not yet fulfilled. Forcing vernalization now (VERN=47.688571).
[2026-03-24 12:56:01,572][pcse.crop.phenology.Vernalisation][INFO] - Critical DVS for vernalization (VERNDVS) reached at day 1984-06-20, but vernalization requirements not yet fulfilled. Forcing vernalization now (VERN=47.688571).
[2026-03-24 12:56:01,603][pcse.crop.phenology.Vernalisation][INFO] - Critical DVS for vernalization (VERNDVS) reached at day 1984-06-21, but vernalization requirements not yet fulfilled. Forcing vernalization now (VERN=47.688571).
[2026-03-24 12:56:01,633][pcse.crop.phenology.Vernalisation][INFO] - Critical DVS for vernalization (VERNDVS) reached at day 1984-06-22, but vernalization requirements not yet fulfilled. Forcing vernalization now (VERN=47.688571).
[2026-03-24 12:56:01,665][pcse.crop.phenology.Vernalisation][INFO] - Critical DVS for vernalization (VERNDVS) reached at day 1984-06-23, but vernalization requirements not yet fulfilled. Forcing vernalization now (VERN=47.688571).
[2026-03-24 12:56:01,695][pcse.crop.phenology.Vernalisation][INFO] - Critical DVS for vernalization (VERNDVS) reached at day 1984-06-24, but vernalization requirements not yet fulfilled. Forcing vernalization now (VERN=47.688571).
[2026-03-24 12:56:01,726][pcse.crop.phenology.Vernalisation][INFO] - Critical DVS for vernalization (VERNDVS) reached at day 1984-06-25, but vernalization requirements not yet fulfilled. Forcing vernalization now (VERN=47.688571).
[2026-03-24 12:56:01,758][pcse.crop.phenology.Vernalisation][INFO] - Critical DVS for vernalization (VERNDVS) reached at day 1984-06-26, but vernalization requirements not yet fulfilled. Forcing vernalization now (VERN=47.688571).
[2026-03-24 12:56:01,789][pcse.crop.phenology.Vernalisation][INFO] - Critical DVS for vernalization (VERNDVS) reached at day 1984-06-27, but vernalization requirements not yet fulfilled. Forcing vernalization now (VERN=47.688571).
[2026-03-24 12:56:01,820][pcse.crop.phenology.Vernalisation][INFO] - Critical DVS for vernalization (VERNDVS) reached at day 1984-06-28, but vernalization requirements not yet fulfilled. Forcing vernalization now (VERN=47.688571).
[2026-03-24 12:56:01,852][pcse.crop.phenology.Vernalisation][INFO] - Critical DVS for vernalization (VERNDVS) reached at day 1984-06-29, but vernalization requirements not yet fulfilled. Forcing vernalization now (VERN=47.688571).
[2026-03-24 12:56:01,853][pcse.crop.phenology.Annual_Phenology][INFO] - Changed phenological stage 'vegetative' to 'reproductive' on 1984-06-29
Reward function update skipped (no labeled feedback yet).
[REPLAY DBG] before relabel step=7200 n=7200 mean=-0.009577 std=0.014776 min=-0.088661 max=0.013660
[REPLAY DBG] after relabel step=7200 n=7200 mean=-0.009733 std=0.014988 min=-0.089693 max=0.013638
[2026-03-24 12:56:04,614][pcse.crop.phenology.Annual_Phenology][INFO] - Changed phenological stage 'reproductive' to 'mature' on 1984-09-13
[2026-03-24 12:56:05,136][pcse.base.timer.Timer][INFO] - Reached end of simulation period as specified by END_DATE.
| train          | E: 30 | S: 7230 | R: -2.2152 | TR: 0.2283 | TF: 256 | LR: 0 | NR: 0 | D: 08.2 s | TD: 00.0 s | BR: -0.0097 | ALOSS: 18061.1333 | CLOSS: 2608929.0365 | TLOSS: -74.6366 | TVAL: 0.1219 | AENT: -613.2899 | BCLOSS: 0.0000
[EPISODE DBG] episode=30 step=7230 pred_return=-2.184066 true_return=0.000000 total_feedback=288 labeled_feedback=0
[2026-03-24 12:56:05,145][pcse.agromanager.SoilCalendar][INFO] - Starting soil (oregon) with variation (oregon_1) on day 1984-02-01
[2026-03-24 12:56:05,148][pcse.agromanager.CropCalendar][INFO] - Starting crop (wheat) with variety (wheat_1) on day 1984-02-01
[2026-03-24 12:56:07,299][pcse.crop.phenology.Annual_Phenology][INFO] - Changed phenological stage 'emerging' to 'vegetative' on 1984-04-10
[2026-03-24 12:56:08,922][pcse.crop.phenology.Vernalisation][INFO] - Critical DVS for vernalization (VERNDVS) reached at day 1984-06-02, but vernalization requirements not yet fulfilled. Forcing vernalization now (VERN=47.688571).
[2026-03-24 12:56:08,951][pcse.crop.phenology.Vernalisation][INFO] - Critical DVS for vernalization (VERNDVS) reached at day 1984-06-03, but vernalization requirements not yet fulfilled. Forcing vernalization now (VERN=47.688571).
[2026-03-24 12:56:08,982][pcse.crop.phenology.Vernalisation][INFO] - Critical DVS for vernalization (VERNDVS) reached at day 1984-06-04, but vernalization requirements not yet fulfilled. Forcing vernalization now (VERN=47.688571).
[2026-03-24 12:56:09,013][pcse.crop.phenology.Vernalisation][INFO] - Critical DVS for vernalization (VERNDVS) reached at day 1984-06-05, but vernalization requirements not yet fulfilled. Forcing vernalization now (VERN=47.688571).
[2026-03-24 12:56:09,044][pcse.crop.phenology.Vernalisation][INFO] - Critical DVS for vernalization (VERNDVS) reached at day 1984-06-06, but vernalization requirements not yet fulfilled. Forcing vernalization now (VERN=47.688571).
[2026-03-24 12:56:09,075][pcse.crop.phenology.Vernalisation][INFO] - Critical DVS for vernalization (VERNDVS) reached at day 1984-06-07, but vernalization requirements not yet fulfilled. Forcing vernalization now (VERN=47.688571).
[2026-03-24 12:56:09,105][pcse.crop.phenology.Vernalisation][INFO] - Critical DVS for vernalization (VERNDVS) reached at day 1984-06-08, but vernalization requirements not yet fulfilled. Forcing vernalization now (VERN=47.688571).
[2026-03-24 12:56:09,137][pcse.crop.phenology.Vernalisation][INFO] - Critical DVS for vernalization (VERNDVS) reached at day 1984-06-09, but vernalization requirements not yet fulfilled. Forcing vernalization now (VERN=47.688571).
[2026-03-24 12:56:09,168][pcse.crop.phenology.Vernalisation][INFO] - Critical DVS for vernalization (VERNDVS) reached at day 1984-06-10, but vernalization requirements not yet fulfilled. Forcing vernalization now (VERN=47.688571).
[2026-03-24 12:56:09,200][pcse.crop.phenology.Vernalisation][INFO] - Critical DVS for vernalization (VERNDVS) reached at day 1984-06-11, but vernalization requirements not yet fulfilled. Forcing vernalization now (VERN=47.688571).
[2026-03-24 12:56:09,231][pcse.crop.phenology.Vernalisation][INFO] - Critical DVS for vernalization (VERNDVS) reached at day 1984-06-12, but vernalization requirements not yet fulfilled. Forcing vernalization now (VERN=47.688571).
[2026-03-24 12:56:09,262][pcse.crop.phenology.Vernalisation][INFO] - Critical DVS for vernalization (VERNDVS) reached at day 1984-06-13, but vernalization requirements not yet fulfilled. Forcing vernalization now (VERN=47.688571).
[2026-03-24 12:56:09,293][pcse.crop.phenology.Vernalisation][INFO] - Critical DVS for vernalization (VERNDVS) reached at day 1984-06-14, but vernalization requirements not yet fulfilled. Forcing vernalization now (VERN=47.688571).
[2026-03-24 12:56:09,325][pcse.crop.phenology.Vernalisation][INFO] - Critical DVS for vernalization (VERNDVS) reached at day 1984-06-15, but vernalization requirements not yet fulfilled. Forcing vernalization now (VERN=47.688571).
[2026-03-24 12:56:09,356][pcse.crop.phenology.Vernalisation][INFO] - Critical DVS for vernalization (VERNDVS) reached at day 1984-06-16, but vernalization requirements not yet fulfilled. Forcing vernalization now (VERN=47.688571).
[2026-03-24 12:56:09,397][pcse.crop.phenology.Vernalisation][INFO] - Critical DVS for vernalization (VERNDVS) reached at day 1984-06-17, but vernalization requirements not yet fulfilled. Forcing vernalization now (VERN=47.688571).
[2026-03-24 12:56:09,436][pcse.crop.phenology.Vernalisation][INFO] - Critical DVS for vernalization (VERNDVS) reached at day 1984-06-18, but vernalization requirements not yet fulfilled. Forcing vernalization now (VERN=47.688571).
[2026-03-24 12:56:09,469][pcse.crop.phenology.Vernalisation][INFO] - Critical DVS for vernalization (VERNDVS) reached at day 1984-06-19, but vernalization requirements not yet fulfilled. Forcing vernalization now (VERN=47.688571).
[2026-03-24 12:56:09,503][pcse.crop.phenology.Vernalisation][INFO] - Critical DVS for vernalization (VERNDVS) reached at day 1984-06-20, but vernalization requirements not yet fulfilled. Forcing vernalization now (VERN=47.688571).
[2026-03-24 12:56:09,533][pcse.crop.phenology.Vernalisation][INFO] - Critical DVS for vernalization (VERNDVS) reached at day 1984-06-21, but vernalization requirements not yet fulfilled. Forcing vernalization now (VERN=47.688571).
[2026-03-24 12:56:09,564][pcse.crop.phenology.Vernalisation][INFO] - Critical DVS for vernalization (VERNDVS) reached at day 1984-06-22, but vernalization requirements not yet fulfilled. Forcing vernalization now (VERN=47.688571).
[2026-03-24 12:56:09,598][pcse.crop.phenology.Vernalisation][INFO] - Critical DVS for vernalization (VERNDVS) reached at day 1984-06-23, but vernalization requirements not yet fulfilled. Forcing vernalization now (VERN=47.688571).
[2026-03-24 12:56:09,635][pcse.crop.phenology.Vernalisation][INFO] - Critical DVS for vernalization (VERNDVS) reached at day 1984-06-24, but vernalization requirements not yet fulfilled. Forcing vernalization now (VERN=47.688571).
[2026-03-24 12:56:09,668][pcse.crop.phenology.Vernalisation][INFO] - Critical DVS for vernalization (VERNDVS) reached at day 1984-06-25, but vernalization requirements not yet fulfilled. Forcing vernalization now (VERN=47.688571).
[2026-03-24 12:56:09,700][pcse.crop.phenology.Vernalisation][INFO] - Critical DVS for vernalization (VERNDVS) reached at day 1984-06-26, but vernalization requirements not yet fulfilled. Forcing vernalization now (VERN=47.688571).
[2026-03-24 12:56:09,731][pcse.crop.phenology.Vernalisation][INFO] - Critical DVS for vernalization (VERNDVS) reached at day 1984-06-27, but vernalization requirements not yet fulfilled. Forcing vernalization now (VERN=47.688571).
[2026-03-24 12:56:09,764][pcse.crop.phenology.Vernalisation][INFO] - Critical DVS for vernalization (VERNDVS) reached at day 1984-06-28, but vernalization requirements not yet fulfilled. Forcing vernalization now (VERN=47.688571).
[2026-03-24 12:56:09,799][pcse.crop.phenology.Vernalisation][INFO] - Critical DVS for vernalization (VERNDVS) reached at day 1984-06-29, but vernalization requirements not yet fulfilled. Forcing vernalization now (VERN=47.688571).
[2026-03-24 12:56:09,800][pcse.crop.phenology.Annual_Phenology][INFO] - Changed phenological stage 'vegetative' to 'reproductive' on 1984-06-29
[2026-03-24 12:56:12,318][pcse.crop.phenology.Annual_Phenology][INFO] - Changed phenological stage 'reproductive' to 'mature' on 1984-09-13
[2026-03-24 12:56:12,803][pcse.base.timer.Timer][INFO] - Reached end of simulation period as specified by END_DATE.
| train          | E: 31 | S: 7471 | R: -2.1841 | TR: 0.0000 | TF: 288 | LR: 0 | NR: 0 | D: 07.7 s | TD: 00.0 s | BR: -0.0098 | ALOSS: 17997.8475 | CLOSS: 2700691.4007 | TLOSS: -74.8579 | TVAL: 0.1226 | AENT: -611.3452 | BCLOSS: 0.0000
[EPISODE DBG] episode=31 step=7471 pred_return=-2.198970 true_return=0.228308 total_feedback=288 labeled_feedback=0
[2026-03-24 12:56:12,813][pcse.agromanager.SoilCalendar][INFO] - Starting soil (oregon) with variation (oregon_1) on day 1984-02-01
[2026-03-24 12:56:12,815][pcse.agromanager.CropCalendar][INFO] - Starting crop (wheat) with variety (wheat_1) on day 1984-02-01
[REPLAY DBG] post-agent-update step=7500 n=7500 mean=-0.009776 std=0.014964 min=-0.089853 max=0.013638
[STEP DBG] step=7500 env_reward=0.000000 r_hat=-0.013259 done=False
[NORM DBG] count=7500 mean_abs_mean=62525.101562 mean_std=9.278166 min_std=0.001000 max_std=69.753014
[2026-03-24 12:56:14,907][pcse.crop.phenology.Annual_Phenology][INFO] - Changed phenological stage 'emerging' to 'vegetative' on 1984-04-10
[2026-03-24 12:56:16,420][pcse.crop.phenology.Vernalisation][INFO] - Critical DVS for vernalization (VERNDVS) reached at day 1984-06-02, but vernalization requirements not yet fulfilled. Forcing vernalization now (VERN=47.688571).
[2026-03-24 12:56:16,446][pcse.crop.phenology.Vernalisation][INFO] - Critical DVS for vernalization (VERNDVS) reached at day 1984-06-03, but vernalization requirements not yet fulfilled. Forcing vernalization now (VERN=47.688571).
[2026-03-24 12:56:16,476][pcse.crop.phenology.Vernalisation][INFO] - Critical DVS for vernalization (VERNDVS) reached at day 1984-06-04, but vernalization requirements not yet fulfilled. Forcing vernalization now (VERN=47.688571).
[2026-03-24 12:56:16,506][pcse.crop.phenology.Vernalisation][INFO] - Critical DVS for vernalization (VERNDVS) reached at day 1984-06-05, but vernalization requirements not yet fulfilled. Forcing vernalization now (VERN=47.688571).
[2026-03-24 12:56:16,538][pcse.crop.phenology.Vernalisation][INFO] - Critical DVS for vernalization (VERNDVS) reached at day 1984-06-06, but vernalization requirements not yet fulfilled. Forcing vernalization now (VERN=47.688571).
[2026-03-24 12:56:16,565][pcse.crop.phenology.Vernalisation][INFO] - Critical DVS for vernalization (VERNDVS) reached at day 1984-06-07, but vernalization requirements not yet fulfilled. Forcing vernalization now (VERN=47.688571).
[2026-03-24 12:56:16,594][pcse.crop.phenology.Vernalisation][INFO] - Critical DVS for vernalization (VERNDVS) reached at day 1984-06-08, but vernalization requirements not yet fulfilled. Forcing vernalization now (VERN=47.688571).
[2026-03-24 12:56:16,622][pcse.crop.phenology.Vernalisation][INFO] - Critical DVS for vernalization (VERNDVS) reached at day 1984-06-09, but vernalization requirements not yet fulfilled. Forcing vernalization now (VERN=47.688571).
[2026-03-24 12:56:16,653][pcse.crop.phenology.Vernalisation][INFO] - Critical DVS for vernalization (VERNDVS) reached at day 1984-06-10, but vernalization requirements not yet fulfilled. Forcing vernalization now (VERN=47.688571).
Reward function update skipped (no labeled feedback yet).
[REPLAY DBG] before relabel step=7600 n=7600 mean=-0.009801 std=0.014919 min=-0.089853 max=0.013638
[REPLAY DBG] after relabel step=7600 n=7600 mean=-0.009757 std=0.014975 min=-0.089757 max=0.013713
[2026-03-24 12:56:17,192][pcse.crop.phenology.Vernalisation][INFO] - Critical DVS for vernalization (VERNDVS) reached at day 1984-06-11, but vernalization requirements not yet fulfilled. Forcing vernalization now (VERN=47.688571).
[2026-03-24 12:56:17,239][pcse.crop.phenology.Vernalisation][INFO] - Critical DVS for vernalization (VERNDVS) reached at day 1984-06-12, but vernalization requirements not yet fulfilled. Forcing vernalization now (VERN=47.688571).
[2026-03-24 12:56:17,281][pcse.crop.phenology.Vernalisation][INFO] - Critical DVS for vernalization (VERNDVS) reached at day 1984-06-13, but vernalization requirements not yet fulfilled. Forcing vernalization now (VERN=47.688571).
[2026-03-24 12:56:17,308][pcse.crop.phenology.Vernalisation][INFO] - Critical DVS for vernalization (VERNDVS) reached at day 1984-06-14, but vernalization requirements not yet fulfilled. Forcing vernalization now (VERN=47.688571).
[2026-03-24 12:56:17,341][pcse.crop.phenology.Vernalisation][INFO] - Critical DVS for vernalization (VERNDVS) reached at day 1984-06-15, but vernalization requirements not yet fulfilled. Forcing vernalization now (VERN=47.688571).
[2026-03-24 12:56:17,373][pcse.crop.phenology.Vernalisation][INFO] - Critical DVS for vernalization (VERNDVS) reached at day 1984-06-16, but vernalization requirements not yet fulfilled. Forcing vernalization now (VERN=47.688571).
[2026-03-24 12:56:17,405][pcse.crop.phenology.Vernalisation][INFO] - Critical DVS for vernalization (VERNDVS) reached at day 1984-06-17, but vernalization requirements not yet fulfilled. Forcing vernalization now (VERN=47.688571).
[2026-03-24 12:56:17,435][pcse.crop.phenology.Vernalisation][INFO] - Critical DVS for vernalization (VERNDVS) reached at day 1984-06-18, but vernalization requirements not yet fulfilled. Forcing vernalization now (VERN=47.688571).
[2026-03-24 12:56:17,467][pcse.crop.phenology.Vernalisation][INFO] - Critical DVS for vernalization (VERNDVS) reached at day 1984-06-19, but vernalization requirements not yet fulfilled. Forcing vernalization now (VERN=47.688571).
[2026-03-24 12:56:17,498][pcse.crop.phenology.Vernalisation][INFO] - Critical DVS for vernalization (VERNDVS) reached at day 1984-06-20, but vernalization requirements not yet fulfilled. Forcing vernalization now (VERN=47.688571).
[2026-03-24 12:56:17,528][pcse.crop.phenology.Vernalisation][INFO] - Critical DVS for vernalization (VERNDVS) reached at day 1984-06-21, but vernalization requirements not yet fulfilled. Forcing vernalization now (VERN=47.688571).
[2026-03-24 12:56:17,556][pcse.crop.phenology.Vernalisation][INFO] - Critical DVS for vernalization (VERNDVS) reached at day 1984-06-22, but vernalization requirements not yet fulfilled. Forcing vernalization now (VERN=47.688571).
[2026-03-24 12:56:17,586][pcse.crop.phenology.Vernalisation][INFO] - Critical DVS for vernalization (VERNDVS) reached at day 1984-06-23, but vernalization requirements not yet fulfilled. Forcing vernalization now (VERN=47.688571).
[2026-03-24 12:56:17,617][pcse.crop.phenology.Vernalisation][INFO] - Critical DVS for vernalization (VERNDVS) reached at day 1984-06-24, but vernalization requirements not yet fulfilled. Forcing vernalization now (VERN=47.688571).
[2026-03-24 12:56:17,652][pcse.crop.phenology.Vernalisation][INFO] - Critical DVS for vernalization (VERNDVS) reached at day 1984-06-25, but vernalization requirements not yet fulfilled. Forcing vernalization now (VERN=47.688571).
[2026-03-24 12:56:17,684][pcse.crop.phenology.Vernalisation][INFO] - Critical DVS for vernalization (VERNDVS) reached at day 1984-06-26, but vernalization requirements not yet fulfilled. Forcing vernalization now (VERN=47.688571).
[2026-03-24 12:56:17,715][pcse.crop.phenology.Vernalisation][INFO] - Critical DVS for vernalization (VERNDVS) reached at day 1984-06-27, but vernalization requirements not yet fulfilled. Forcing vernalization now (VERN=47.688571).
[2026-03-24 12:56:17,748][pcse.crop.phenology.Vernalisation][INFO] - Critical DVS for vernalization (VERNDVS) reached at day 1984-06-28, but vernalization requirements not yet fulfilled. Forcing vernalization now (VERN=47.688571).
[2026-03-24 12:56:17,782][pcse.crop.phenology.Vernalisation][INFO] - Critical DVS for vernalization (VERNDVS) reached at day 1984-06-29, but vernalization requirements not yet fulfilled. Forcing vernalization now (VERN=47.688571).
[2026-03-24 12:56:17,782][pcse.crop.phenology.Annual_Phenology][INFO] - Changed phenological stage 'vegetative' to 'reproductive' on 1984-06-29
[2026-03-24 12:56:20,206][pcse.crop.phenology.Annual_Phenology][INFO] - Changed phenological stage 'reproductive' to 'mature' on 1984-09-13
[2026-03-24 12:56:20,726][pcse.base.timer.Timer][INFO] - Reached end of simulation period as specified by END_DATE.
| train          | E: 32 | S: 7712 | R: -2.1990 | TR: 0.2283 | TF: 288 | LR: 0 | NR: 0 | D: 07.9 s | TD: 00.0 s | BR: -0.0097 | ALOSS: 17942.4649 | CLOSS: 2991517.2010 | TLOSS: -74.6302 | TVAL: 0.1235 | AENT: -605.3183 | BCLOSS: 0.0000
[EPISODE DBG] episode=32 step=7712 pred_return=-2.171651 true_return=0.000000 total_feedback=320 labeled_feedback=0
[2026-03-24 12:56:20,736][pcse.agromanager.SoilCalendar][INFO] - Starting soil (oregon) with variation (oregon_1) on day 1984-02-01
[2026-03-24 12:56:20,738][pcse.agromanager.CropCalendar][INFO] - Starting crop (wheat) with variety (wheat_1) on day 1984-02-01
[2026-03-24 12:56:22,883][pcse.crop.phenology.Annual_Phenology][INFO] - Changed phenological stage 'emerging' to 'vegetative' on 1984-04-10
[2026-03-24 12:56:24,971][pcse.crop.phenology.Vernalisation][INFO] - Critical DVS for vernalization (VERNDVS) reached at day 1984-06-02, but vernalization requirements not yet fulfilled. Forcing vernalization now (VERN=47.688571).
[2026-03-24 12:56:25,002][pcse.crop.phenology.Vernalisation][INFO] - Critical DVS for vernalization (VERNDVS) reached at day 1984-06-03, but vernalization requirements not yet fulfilled. Forcing vernalization now (VERN=47.688571).
[2026-03-24 12:56:25,034][pcse.crop.phenology.Vernalisation][INFO] - Critical DVS for vernalization (VERNDVS) reached at day 1984-06-04, but vernalization requirements not yet fulfilled. Forcing vernalization now (VERN=47.688571).
[2026-03-24 12:56:25,065][pcse.crop.phenology.Vernalisation][INFO] - Critical DVS for vernalization (VERNDVS) reached at day 1984-06-05, but vernalization requirements not yet fulfilled. Forcing vernalization now (VERN=47.688571).
[2026-03-24 12:56:25,096][pcse.crop.phenology.Vernalisation][INFO] - Critical DVS for vernalization (VERNDVS) reached at day 1984-06-06, but vernalization requirements not yet fulfilled. Forcing vernalization now (VERN=47.688571).
[2026-03-24 12:56:25,128][pcse.crop.phenology.Vernalisation][INFO] - Critical DVS for vernalization (VERNDVS) reached at day 1984-06-07, but vernalization requirements not yet fulfilled. Forcing vernalization now (VERN=47.688571).
[2026-03-24 12:56:25,160][pcse.crop.phenology.Vernalisation][INFO] - Critical DVS for vernalization (VERNDVS) reached at day 1984-06-08, but vernalization requirements not yet fulfilled. Forcing vernalization now (VERN=47.688571).
[2026-03-24 12:56:25,192][pcse.crop.phenology.Vernalisation][INFO] - Critical DVS for vernalization (VERNDVS) reached at day 1984-06-09, but vernalization requirements not yet fulfilled. Forcing vernalization now (VERN=47.688571).
[2026-03-24 12:56:25,224][pcse.crop.phenology.Vernalisation][INFO] - Critical DVS for vernalization (VERNDVS) reached at day 1984-06-10, but vernalization requirements not yet fulfilled. Forcing vernalization now (VERN=47.688571).
[2026-03-24 12:56:25,256][pcse.crop.phenology.Vernalisation][INFO] - Critical DVS for vernalization (VERNDVS) reached at day 1984-06-11, but vernalization requirements not yet fulfilled. Forcing vernalization now (VERN=47.688571).
[2026-03-24 12:56:25,288][pcse.crop.phenology.Vernalisation][INFO] - Critical DVS for vernalization (VERNDVS) reached at day 1984-06-12, but vernalization requirements not yet fulfilled. Forcing vernalization now (VERN=47.688571).
[2026-03-24 12:56:25,321][pcse.crop.phenology.Vernalisation][INFO] - Critical DVS for vernalization (VERNDVS) reached at day 1984-06-13, but vernalization requirements not yet fulfilled. Forcing vernalization now (VERN=47.688571).
[2026-03-24 12:56:25,354][pcse.crop.phenology.Vernalisation][INFO] - Critical DVS for vernalization (VERNDVS) reached at day 1984-06-14, but vernalization requirements not yet fulfilled. Forcing vernalization now (VERN=47.688571).
[2026-03-24 12:56:25,386][pcse.crop.phenology.Vernalisation][INFO] - Critical DVS for vernalization (VERNDVS) reached at day 1984-06-15, but vernalization requirements not yet fulfilled. Forcing vernalization now (VERN=47.688571).
[2026-03-24 12:56:25,419][pcse.crop.phenology.Vernalisation][INFO] - Critical DVS for vernalization (VERNDVS) reached at day 1984-06-16, but vernalization requirements not yet fulfilled. Forcing vernalization now (VERN=47.688571).
[2026-03-24 12:56:25,451][pcse.crop.phenology.Vernalisation][INFO] - Critical DVS for vernalization (VERNDVS) reached at day 1984-06-17, but vernalization requirements not yet fulfilled. Forcing vernalization now (VERN=47.688571).
[2026-03-24 12:56:25,483][pcse.crop.phenology.Vernalisation][INFO] - Critical DVS for vernalization (VERNDVS) reached at day 1984-06-18, but vernalization requirements not yet fulfilled. Forcing vernalization now (VERN=47.688571).
[2026-03-24 12:56:25,515][pcse.crop.phenology.Vernalisation][INFO] - Critical DVS for vernalization (VERNDVS) reached at day 1984-06-19, but vernalization requirements not yet fulfilled. Forcing vernalization now (VERN=47.688571).
[2026-03-24 12:56:25,548][pcse.crop.phenology.Vernalisation][INFO] - Critical DVS for vernalization (VERNDVS) reached at day 1984-06-20, but vernalization requirements not yet fulfilled. Forcing vernalization now (VERN=47.688571).
[2026-03-24 12:56:25,579][pcse.crop.phenology.Vernalisation][INFO] - Critical DVS for vernalization (VERNDVS) reached at day 1984-06-21, but vernalization requirements not yet fulfilled. Forcing vernalization now (VERN=47.688571).
[2026-03-24 12:56:25,611][pcse.crop.phenology.Vernalisation][INFO] - Critical DVS for vernalization (VERNDVS) reached at day 1984-06-22, but vernalization requirements not yet fulfilled. Forcing vernalization now (VERN=47.688571).
[2026-03-24 12:56:25,643][pcse.crop.phenology.Vernalisation][INFO] - Critical DVS for vernalization (VERNDVS) reached at day 1984-06-23, but vernalization requirements not yet fulfilled. Forcing vernalization now (VERN=47.688571).
[2026-03-24 12:56:25,675][pcse.crop.phenology.Vernalisation][INFO] - Critical DVS for vernalization (VERNDVS) reached at day 1984-06-24, but vernalization requirements not yet fulfilled. Forcing vernalization now (VERN=47.688571).
[2026-03-24 12:56:25,708][pcse.crop.phenology.Vernalisation][INFO] - Critical DVS for vernalization (VERNDVS) reached at day 1984-06-25, but vernalization requirements not yet fulfilled. Forcing vernalization now (VERN=47.688571).
[2026-03-24 12:56:25,740][pcse.crop.phenology.Vernalisation][INFO] - Critical DVS for vernalization (VERNDVS) reached at day 1984-06-26, but vernalization requirements not yet fulfilled. Forcing vernalization now (VERN=47.688571).
[2026-03-24 12:56:25,772][pcse.crop.phenology.Vernalisation][INFO] - Critical DVS for vernalization (VERNDVS) reached at day 1984-06-27, but vernalization requirements not yet fulfilled. Forcing vernalization now (VERN=47.688571).
[2026-03-24 12:56:25,804][pcse.crop.phenology.Vernalisation][INFO] - Critical DVS for vernalization (VERNDVS) reached at day 1984-06-28, but vernalization requirements not yet fulfilled. Forcing vernalization now (VERN=47.688571).
[2026-03-24 12:56:25,836][pcse.crop.phenology.Vernalisation][INFO] - Critical DVS for vernalization (VERNDVS) reached at day 1984-06-29, but vernalization requirements not yet fulfilled. Forcing vernalization now (VERN=47.688571).
[2026-03-24 12:56:25,837][pcse.crop.phenology.Annual_Phenology][INFO] - Changed phenological stage 'vegetative' to 'reproductive' on 1984-06-29
[2026-03-24 12:56:28,334][pcse.crop.phenology.Annual_Phenology][INFO] - Changed phenological stage 'reproductive' to 'mature' on 1984-09-13
[2026-03-24 12:56:28,872][pcse.base.timer.Timer][INFO] - Reached end of simulation period as specified by END_DATE.
| train          | E: 33 | S: 7953 | R: -2.1717 | TR: 0.0000 | TF: 320 | LR: 0 | NR: 0 | D: 08.1 s | TD: 00.0 s | BR: -0.0097 | ALOSS: 17925.9430 | CLOSS: 2783598.5456 | TLOSS: -74.8847 | TVAL: 0.1244 | AENT: -602.7375 | BCLOSS: 0.0000
[EPISODE DBG] episode=33 step=7953 pred_return=-2.187953 true_return=0.228308 total_feedback=320 labeled_feedback=0
[2026-03-24 12:56:28,883][pcse.agromanager.SoilCalendar][INFO] - Starting soil (oregon) with variation (oregon_1) on day 1984-02-01
[2026-03-24 12:56:28,886][pcse.agromanager.CropCalendar][INFO] - Starting crop (wheat) with variety (wheat_1) on day 1984-02-01
Reward function update skipped (no labeled feedback yet).
[REPLAY DBG] before relabel step=8000 n=8000 mean=-0.009718 std=0.014935 min=-0.090411 max=0.013713
[REPLAY DBG] after relabel step=8000 n=8000 mean=-0.009780 std=0.015054 min=-0.090210 max=0.013597
[REPLAY DBG] post-agent-update step=8000 n=8000 mean=-0.009780 std=0.015054 min=-0.090210 max=0.013597
[STEP DBG] step=8000 env_reward=0.000000 r_hat=-0.007654 done=False
[NORM DBG] count=8000 mean_abs_mean=62525.078125 mean_std=9.280989 min_std=0.001000 max_std=69.772522
[2026-03-24 12:56:31,510][pcse.crop.phenology.Annual_Phenology][INFO] - Changed phenological stage 'emerging' to 'vegetative' on 1984-04-10
[2026-03-24 12:56:33,186][pcse.crop.phenology.Vernalisation][INFO] - Critical DVS for vernalization (VERNDVS) reached at day 1984-06-02, but vernalization requirements not yet fulfilled. Forcing vernalization now (VERN=47.688571).
[2026-03-24 12:56:33,219][pcse.crop.phenology.Vernalisation][INFO] - Critical DVS for vernalization (VERNDVS) reached at day 1984-06-03, but vernalization requirements not yet fulfilled. Forcing vernalization now (VERN=47.688571).
[2026-03-24 12:56:33,251][pcse.crop.phenology.Vernalisation][INFO] - Critical DVS for vernalization (VERNDVS) reached at day 1984-06-04, but vernalization requirements not yet fulfilled. Forcing vernalization now (VERN=47.688571).
[2026-03-24 12:56:33,282][pcse.crop.phenology.Vernalisation][INFO] - Critical DVS for vernalization (VERNDVS) reached at day 1984-06-05, but vernalization requirements not yet fulfilled. Forcing vernalization now (VERN=47.688571).
[2026-03-24 12:56:33,314][pcse.crop.phenology.Vernalisation][INFO] - Critical DVS for vernalization (VERNDVS) reached at day 1984-06-06, but vernalization requirements not yet fulfilled. Forcing vernalization now (VERN=47.688571).
[2026-03-24 12:56:33,348][pcse.crop.phenology.Vernalisation][INFO] - Critical DVS for vernalization (VERNDVS) reached at day 1984-06-07, but vernalization requirements not yet fulfilled. Forcing vernalization now (VERN=47.688571).
[2026-03-24 12:56:33,379][pcse.crop.phenology.Vernalisation][INFO] - Critical DVS for vernalization (VERNDVS) reached at day 1984-06-08, but vernalization requirements not yet fulfilled. Forcing vernalization now (VERN=47.688571).
[2026-03-24 12:56:33,411][pcse.crop.phenology.Vernalisation][INFO] - Critical DVS for vernalization (VERNDVS) reached at day 1984-06-09, but vernalization requirements not yet fulfilled. Forcing vernalization now (VERN=47.688571).
[2026-03-24 12:56:33,443][pcse.crop.phenology.Vernalisation][INFO] - Critical DVS for vernalization (VERNDVS) reached at day 1984-06-10, but vernalization requirements not yet fulfilled. Forcing vernalization now (VERN=47.688571).
[2026-03-24 12:56:33,474][pcse.crop.phenology.Vernalisation][INFO] - Critical DVS for vernalization (VERNDVS) reached at day 1984-06-11, but vernalization requirements not yet fulfilled. Forcing vernalization now (VERN=47.688571).
[2026-03-24 12:56:33,504][pcse.crop.phenology.Vernalisation][INFO] - Critical DVS for vernalization (VERNDVS) reached at day 1984-06-12, but vernalization requirements not yet fulfilled. Forcing vernalization now (VERN=47.688571).
[2026-03-24 12:56:33,535][pcse.crop.phenology.Vernalisation][INFO] - Critical DVS for vernalization (VERNDVS) reached at day 1984-06-13, but vernalization requirements not yet fulfilled. Forcing vernalization now (VERN=47.688571).
[2026-03-24 12:56:33,565][pcse.crop.phenology.Vernalisation][INFO] - Critical DVS for vernalization (VERNDVS) reached at day 1984-06-14, but vernalization requirements not yet fulfilled. Forcing vernalization now (VERN=47.688571).
[2026-03-24 12:56:33,595][pcse.crop.phenology.Vernalisation][INFO] - Critical DVS for vernalization (VERNDVS) reached at day 1984-06-15, but vernalization requirements not yet fulfilled. Forcing vernalization now (VERN=47.688571).
[2026-03-24 12:56:33,626][pcse.crop.phenology.Vernalisation][INFO] - Critical DVS for vernalization (VERNDVS) reached at day 1984-06-16, but vernalization requirements not yet fulfilled. Forcing vernalization now (VERN=47.688571).
[2026-03-24 12:56:33,657][pcse.crop.phenology.Vernalisation][INFO] - Critical DVS for vernalization (VERNDVS) reached at day 1984-06-17, but vernalization requirements not yet fulfilled. Forcing vernalization now (VERN=47.688571).
[2026-03-24 12:56:33,687][pcse.crop.phenology.Vernalisation][INFO] - Critical DVS for vernalization (VERNDVS) reached at day 1984-06-18, but vernalization requirements not yet fulfilled. Forcing vernalization now (VERN=47.688571).
[2026-03-24 12:56:33,718][pcse.crop.phenology.Vernalisation][INFO] - Critical DVS for vernalization (VERNDVS) reached at day 1984-06-19, but vernalization requirements not yet fulfilled. Forcing vernalization now (VERN=47.688571).
[2026-03-24 12:56:33,748][pcse.crop.phenology.Vernalisation][INFO] - Critical DVS for vernalization (VERNDVS) reached at day 1984-06-20, but vernalization requirements not yet fulfilled. Forcing vernalization now (VERN=47.688571).
[2026-03-24 12:56:33,779][pcse.crop.phenology.Vernalisation][INFO] - Critical DVS for vernalization (VERNDVS) reached at day 1984-06-21, but vernalization requirements not yet fulfilled. Forcing vernalization now (VERN=47.688571).
[2026-03-24 12:56:33,809][pcse.crop.phenology.Vernalisation][INFO] - Critical DVS for vernalization (VERNDVS) reached at day 1984-06-22, but vernalization requirements not yet fulfilled. Forcing vernalization now (VERN=47.688571).
[2026-03-24 12:56:33,840][pcse.crop.phenology.Vernalisation][INFO] - Critical DVS for vernalization (VERNDVS) reached at day 1984-06-23, but vernalization requirements not yet fulfilled. Forcing vernalization now (VERN=47.688571).
[2026-03-24 12:56:33,870][pcse.crop.phenology.Vernalisation][INFO] - Critical DVS for vernalization (VERNDVS) reached at day 1984-06-24, but vernalization requirements not yet fulfilled. Forcing vernalization now (VERN=47.688571).
[2026-03-24 12:56:33,903][pcse.crop.phenology.Vernalisation][INFO] - Critical DVS for vernalization (VERNDVS) reached at day 1984-06-25, but vernalization requirements not yet fulfilled. Forcing vernalization now (VERN=47.688571).
[2026-03-24 12:56:33,935][pcse.crop.phenology.Vernalisation][INFO] - Critical DVS for vernalization (VERNDVS) reached at day 1984-06-26, but vernalization requirements not yet fulfilled. Forcing vernalization now (VERN=47.688571).
[2026-03-24 12:56:33,967][pcse.crop.phenology.Vernalisation][INFO] - Critical DVS for vernalization (VERNDVS) reached at day 1984-06-27, but vernalization requirements not yet fulfilled. Forcing vernalization now (VERN=47.688571).
[2026-03-24 12:56:33,999][pcse.crop.phenology.Vernalisation][INFO] - Critical DVS for vernalization (VERNDVS) reached at day 1984-06-28, but vernalization requirements not yet fulfilled. Forcing vernalization now (VERN=47.688571).
[2026-03-24 12:56:34,032][pcse.crop.phenology.Vernalisation][INFO] - Critical DVS for vernalization (VERNDVS) reached at day 1984-06-29, but vernalization requirements not yet fulfilled. Forcing vernalization now (VERN=47.688571).
[2026-03-24 12:56:34,032][pcse.crop.phenology.Annual_Phenology][INFO] - Changed phenological stage 'vegetative' to 'reproductive' on 1984-06-29
[2026-03-24 12:56:36,469][pcse.crop.phenology.Annual_Phenology][INFO] - Changed phenological stage 'reproductive' to 'mature' on 1984-09-13
[2026-03-24 12:56:37,023][pcse.base.timer.Timer][INFO] - Reached end of simulation period as specified by END_DATE.
| train          | E: 34 | S: 8194 | R: -2.1880 | TR: 0.2283 | TF: 320 | LR: 0 | NR: 0 | D: 08.1 s | TD: 00.0 s | BR: -0.0097 | ALOSS: 17849.5945 | CLOSS: 2856436.0589 | TLOSS: -74.7983 | TVAL: 0.1255 | AENT: -596.9140 | BCLOSS: 0.0000
[EPISODE DBG] episode=34 step=8194 pred_return=-2.162929 true_return=0.000000 total_feedback=352 labeled_feedback=0
[2026-03-24 12:56:37,033][pcse.agromanager.SoilCalendar][INFO] - Starting soil (oregon) with variation (oregon_1) on day 1984-02-01
[2026-03-24 12:56:37,035][pcse.agromanager.CropCalendar][INFO] - Starting crop (wheat) with variety (wheat_1) on day 1984-02-01
[2026-03-24 12:56:39,497][pcse.crop.phenology.Annual_Phenology][INFO] - Changed phenological stage 'emerging' to 'vegetative' on 1984-04-10
[2026-03-24 12:56:41,031][pcse.crop.phenology.Vernalisation][INFO] - Critical DVS for vernalization (VERNDVS) reached at day 1984-06-02, but vernalization requirements not yet fulfilled. Forcing vernalization now (VERN=47.688571).
[2026-03-24 12:56:41,063][pcse.crop.phenology.Vernalisation][INFO] - Critical DVS for vernalization (VERNDVS) reached at day 1984-06-03, but vernalization requirements not yet fulfilled. Forcing vernalization now (VERN=47.688571).
[2026-03-24 12:56:41,094][pcse.crop.phenology.Vernalisation][INFO] - Critical DVS for vernalization (VERNDVS) reached at day 1984-06-04, but vernalization requirements not yet fulfilled. Forcing vernalization now (VERN=47.688571).
[2026-03-24 12:56:41,124][pcse.crop.phenology.Vernalisation][INFO] - Critical DVS for vernalization (VERNDVS) reached at day 1984-06-05, but vernalization requirements not yet fulfilled. Forcing vernalization now (VERN=47.688571).
[2026-03-24 12:56:41,157][pcse.crop.phenology.Vernalisation][INFO] - Critical DVS for vernalization (VERNDVS) reached at day 1984-06-06, but vernalization requirements not yet fulfilled. Forcing vernalization now (VERN=47.688571).
[2026-03-24 12:56:41,186][pcse.crop.phenology.Vernalisation][INFO] - Critical DVS for vernalization (VERNDVS) reached at day 1984-06-07, but vernalization requirements not yet fulfilled. Forcing vernalization now (VERN=47.688571).
[2026-03-24 12:56:41,217][pcse.crop.phenology.Vernalisation][INFO] - Critical DVS for vernalization (VERNDVS) reached at day 1984-06-08, but vernalization requirements not yet fulfilled. Forcing vernalization now (VERN=47.688571).
[2026-03-24 12:56:41,247][pcse.crop.phenology.Vernalisation][INFO] - Critical DVS for vernalization (VERNDVS) reached at day 1984-06-09, but vernalization requirements not yet fulfilled. Forcing vernalization now (VERN=47.688571).
[2026-03-24 12:56:41,279][pcse.crop.phenology.Vernalisation][INFO] - Critical DVS for vernalization (VERNDVS) reached at day 1984-06-10, but vernalization requirements not yet fulfilled. Forcing vernalization now (VERN=47.688571).
[2026-03-24 12:56:41,311][pcse.crop.phenology.Vernalisation][INFO] - Critical DVS for vernalization (VERNDVS) reached at day 1984-06-11, but vernalization requirements not yet fulfilled. Forcing vernalization now (VERN=47.688571).
[2026-03-24 12:56:41,343][pcse.crop.phenology.Vernalisation][INFO] - Critical DVS for vernalization (VERNDVS) reached at day 1984-06-12, but vernalization requirements not yet fulfilled. Forcing vernalization now (VERN=47.688571).
[2026-03-24 12:56:41,374][pcse.crop.phenology.Vernalisation][INFO] - Critical DVS for vernalization (VERNDVS) reached at day 1984-06-13, but vernalization requirements not yet fulfilled. Forcing vernalization now (VERN=47.688571).
[2026-03-24 12:56:41,406][pcse.crop.phenology.Vernalisation][INFO] - Critical DVS for vernalization (VERNDVS) reached at day 1984-06-14, but vernalization requirements not yet fulfilled. Forcing vernalization now (VERN=47.688571).
[2026-03-24 12:56:41,436][pcse.crop.phenology.Vernalisation][INFO] - Critical DVS for vernalization (VERNDVS) reached at day 1984-06-15, but vernalization requirements not yet fulfilled. Forcing vernalization now (VERN=47.688571).
[2026-03-24 12:56:41,467][pcse.crop.phenology.Vernalisation][INFO] - Critical DVS for vernalization (VERNDVS) reached at day 1984-06-16, but vernalization requirements not yet fulfilled. Forcing vernalization now (VERN=47.688571).
[2026-03-24 12:56:41,497][pcse.crop.phenology.Vernalisation][INFO] - Critical DVS for vernalization (VERNDVS) reached at day 1984-06-17, but vernalization requirements not yet fulfilled. Forcing vernalization now (VERN=47.688571).
[2026-03-24 12:56:41,528][pcse.crop.phenology.Vernalisation][INFO] - Critical DVS for vernalization (VERNDVS) reached at day 1984-06-18, but vernalization requirements not yet fulfilled. Forcing vernalization now (VERN=47.688571).
[2026-03-24 12:56:41,559][pcse.crop.phenology.Vernalisation][INFO] - Critical DVS for vernalization (VERNDVS) reached at day 1984-06-19, but vernalization requirements not yet fulfilled. Forcing vernalization now (VERN=47.688571).
[2026-03-24 12:56:41,589][pcse.crop.phenology.Vernalisation][INFO] - Critical DVS for vernalization (VERNDVS) reached at day 1984-06-20, but vernalization requirements not yet fulfilled. Forcing vernalization now (VERN=47.688571).
[2026-03-24 12:56:41,619][pcse.crop.phenology.Vernalisation][INFO] - Critical DVS for vernalization (VERNDVS) reached at day 1984-06-21, but vernalization requirements not yet fulfilled. Forcing vernalization now (VERN=47.688571).
[2026-03-24 12:56:41,647][pcse.crop.phenology.Vernalisation][INFO] - Critical DVS for vernalization (VERNDVS) reached at day 1984-06-22, but vernalization requirements not yet fulfilled. Forcing vernalization now (VERN=47.688571).
[2026-03-24 12:56:41,677][pcse.crop.phenology.Vernalisation][INFO] - Critical DVS for vernalization (VERNDVS) reached at day 1984-06-23, but vernalization requirements not yet fulfilled. Forcing vernalization now (VERN=47.688571).
[2026-03-24 12:56:41,707][pcse.crop.phenology.Vernalisation][INFO] - Critical DVS for vernalization (VERNDVS) reached at day 1984-06-24, but vernalization requirements not yet fulfilled. Forcing vernalization now (VERN=47.688571).
[2026-03-24 12:56:41,737][pcse.crop.phenology.Vernalisation][INFO] - Critical DVS for vernalization (VERNDVS) reached at day 1984-06-25, but vernalization requirements not yet fulfilled. Forcing vernalization now (VERN=47.688571).
[2026-03-24 12:56:41,768][pcse.crop.phenology.Vernalisation][INFO] - Critical DVS for vernalization (VERNDVS) reached at day 1984-06-26, but vernalization requirements not yet fulfilled. Forcing vernalization now (VERN=47.688571).
[2026-03-24 12:56:41,799][pcse.crop.phenology.Vernalisation][INFO] - Critical DVS for vernalization (VERNDVS) reached at day 1984-06-27, but vernalization requirements not yet fulfilled. Forcing vernalization now (VERN=47.688571).
[2026-03-24 12:56:41,829][pcse.crop.phenology.Vernalisation][INFO] - Critical DVS for vernalization (VERNDVS) reached at day 1984-06-28, but vernalization requirements not yet fulfilled. Forcing vernalization now (VERN=47.688571).
[2026-03-24 12:56:41,859][pcse.crop.phenology.Vernalisation][INFO] - Critical DVS for vernalization (VERNDVS) reached at day 1984-06-29, but vernalization requirements not yet fulfilled. Forcing vernalization now (VERN=47.688571).
[2026-03-24 12:56:41,859][pcse.crop.phenology.Annual_Phenology][INFO] - Changed phenological stage 'vegetative' to 'reproductive' on 1984-06-29
Reward function update skipped (no labeled feedback yet).
[REPLAY DBG] before relabel step=8400 n=8400 mean=-0.009657 std=0.014939 min=-0.090936 max=0.013597
[REPLAY DBG] after relabel step=8400 n=8400 mean=-0.009788 std=0.015114 min=-0.091003 max=0.013589
[2026-03-24 12:56:44,609][pcse.crop.phenology.Annual_Phenology][INFO] - Changed phenological stage 'reproductive' to 'mature' on 1984-09-13
[2026-03-24 12:56:45,165][pcse.base.timer.Timer][INFO] - Reached end of simulation period as specified by END_DATE.
| train          | E: 35 | S: 8435 | R: -2.1629 | TR: 0.0000 | TF: 352 | LR: 0 | NR: 0 | D: 08.1 s | TD: 00.0 s | BR: -0.0097 | ALOSS: 17981.9944 | CLOSS: 2969412.7532 | TLOSS: -75.1331 | TVAL: 0.1267 | AENT: -593.9038 | BCLOSS: 0.0000
[EPISODE DBG] episode=35 step=8435 pred_return=-2.180543 true_return=0.228308 total_feedback=384 labeled_feedback=0
[2026-03-24 12:56:45,174][pcse.agromanager.SoilCalendar][INFO] - Starting soil (oregon) with variation (oregon_1) on day 1984-02-01
[2026-03-24 12:56:45,176][pcse.agromanager.CropCalendar][INFO] - Starting crop (wheat) with variety (wheat_1) on day 1984-02-01
[REPLAY DBG] post-agent-update step=8500 n=8500 mean=-0.009875 std=0.015135 min=-0.091003 max=0.013589
[STEP DBG] step=8500 env_reward=0.000000 r_hat=-0.004484 done=False
[NORM DBG] count=8500 mean_abs_mean=62525.062500 mean_std=9.278081 min_std=0.001000 max_std=69.749634
[2026-03-24 12:56:47,413][pcse.crop.phenology.Annual_Phenology][INFO] - Changed phenological stage 'emerging' to 'vegetative' on 1984-04-10
[2026-03-24 12:56:49,154][pcse.crop.phenology.Vernalisation][INFO] - Critical DVS for vernalization (VERNDVS) reached at day 1984-06-02, but vernalization requirements not yet fulfilled. Forcing vernalization now (VERN=47.688571).
[2026-03-24 12:56:49,188][pcse.crop.phenology.Vernalisation][INFO] - Critical DVS for vernalization (VERNDVS) reached at day 1984-06-03, but vernalization requirements not yet fulfilled. Forcing vernalization now (VERN=47.688571).
[2026-03-24 12:56:49,221][pcse.crop.phenology.Vernalisation][INFO] - Critical DVS for vernalization (VERNDVS) reached at day 1984-06-04, but vernalization requirements not yet fulfilled. Forcing vernalization now (VERN=47.688571).
[2026-03-24 12:56:49,255][pcse.crop.phenology.Vernalisation][INFO] - Critical DVS for vernalization (VERNDVS) reached at day 1984-06-05, but vernalization requirements not yet fulfilled. Forcing vernalization now (VERN=47.688571).
[2026-03-24 12:56:49,304][pcse.crop.phenology.Vernalisation][INFO] - Critical DVS for vernalization (VERNDVS) reached at day 1984-06-06, but vernalization requirements not yet fulfilled. Forcing vernalization now (VERN=47.688571).
[2026-03-24 12:56:49,340][pcse.crop.phenology.Vernalisation][INFO] - Critical DVS for vernalization (VERNDVS) reached at day 1984-06-07, but vernalization requirements not yet fulfilled. Forcing vernalization now (VERN=47.688571).
[2026-03-24 12:56:49,377][pcse.crop.phenology.Vernalisation][INFO] - Critical DVS for vernalization (VERNDVS) reached at day 1984-06-08, but vernalization requirements not yet fulfilled. Forcing vernalization now (VERN=47.688571).
[2026-03-24 12:56:49,415][pcse.crop.phenology.Vernalisation][INFO] - Critical DVS for vernalization (VERNDVS) reached at day 1984-06-09, but vernalization requirements not yet fulfilled. Forcing vernalization now (VERN=47.688571).
[2026-03-24 12:56:49,450][pcse.crop.phenology.Vernalisation][INFO] - Critical DVS for vernalization (VERNDVS) reached at day 1984-06-10, but vernalization requirements not yet fulfilled. Forcing vernalization now (VERN=47.688571).
[2026-03-24 12:56:49,486][pcse.crop.phenology.Vernalisation][INFO] - Critical DVS for vernalization (VERNDVS) reached at day 1984-06-11, but vernalization requirements not yet fulfilled. Forcing vernalization now (VERN=47.688571).
[2026-03-24 12:56:49,522][pcse.crop.phenology.Vernalisation][INFO] - Critical DVS for vernalization (VERNDVS) reached at day 1984-06-12, but vernalization requirements not yet fulfilled. Forcing vernalization now (VERN=47.688571).
[2026-03-24 12:56:49,558][pcse.crop.phenology.Vernalisation][INFO] - Critical DVS for vernalization (VERNDVS) reached at day 1984-06-13, but vernalization requirements not yet fulfilled. Forcing vernalization now (VERN=47.688571).
[2026-03-24 12:56:49,594][pcse.crop.phenology.Vernalisation][INFO] - Critical DVS for vernalization (VERNDVS) reached at day 1984-06-14, but vernalization requirements not yet fulfilled. Forcing vernalization now (VERN=47.688571).
[2026-03-24 12:56:49,631][pcse.crop.phenology.Vernalisation][INFO] - Critical DVS for vernalization (VERNDVS) reached at day 1984-06-15, but vernalization requirements not yet fulfilled. Forcing vernalization now (VERN=47.688571).
[2026-03-24 12:56:49,667][pcse.crop.phenology.Vernalisation][INFO] - Critical DVS for vernalization (VERNDVS) reached at day 1984-06-16, but vernalization requirements not yet fulfilled. Forcing vernalization now (VERN=47.688571).
[2026-03-24 12:56:49,703][pcse.crop.phenology.Vernalisation][INFO] - Critical DVS for vernalization (VERNDVS) reached at day 1984-06-17, but vernalization requirements not yet fulfilled. Forcing vernalization now (VERN=47.688571).
[2026-03-24 12:56:49,740][pcse.crop.phenology.Vernalisation][INFO] - Critical DVS for vernalization (VERNDVS) reached at day 1984-06-18, but vernalization requirements not yet fulfilled. Forcing vernalization now (VERN=47.688571).
[2026-03-24 12:56:49,775][pcse.crop.phenology.Vernalisation][INFO] - Critical DVS for vernalization (VERNDVS) reached at day 1984-06-19, but vernalization requirements not yet fulfilled. Forcing vernalization now (VERN=47.688571).
[2026-03-24 12:56:49,808][pcse.crop.phenology.Vernalisation][INFO] - Critical DVS for vernalization (VERNDVS) reached at day 1984-06-20, but vernalization requirements not yet fulfilled. Forcing vernalization now (VERN=47.688571).
[2026-03-24 12:56:49,838][pcse.crop.phenology.Vernalisation][INFO] - Critical DVS for vernalization (VERNDVS) reached at day 1984-06-21, but vernalization requirements not yet fulfilled. Forcing vernalization now (VERN=47.688571).
[2026-03-24 12:56:49,869][pcse.crop.phenology.Vernalisation][INFO] - Critical DVS for vernalization (VERNDVS) reached at day 1984-06-22, but vernalization requirements not yet fulfilled. Forcing vernalization now (VERN=47.688571).
[2026-03-24 12:56:49,902][pcse.crop.phenology.Vernalisation][INFO] - Critical DVS for vernalization (VERNDVS) reached at day 1984-06-23, but vernalization requirements not yet fulfilled. Forcing vernalization now (VERN=47.688571).
[2026-03-24 12:56:49,934][pcse.crop.phenology.Vernalisation][INFO] - Critical DVS for vernalization (VERNDVS) reached at day 1984-06-24, but vernalization requirements not yet fulfilled. Forcing vernalization now (VERN=47.688571).
[2026-03-24 12:56:49,968][pcse.crop.phenology.Vernalisation][INFO] - Critical DVS for vernalization (VERNDVS) reached at day 1984-06-25, but vernalization requirements not yet fulfilled. Forcing vernalization now (VERN=47.688571).
[2026-03-24 12:56:50,002][pcse.crop.phenology.Vernalisation][INFO] - Critical DVS for vernalization (VERNDVS) reached at day 1984-06-26, but vernalization requirements not yet fulfilled. Forcing vernalization now (VERN=47.688571).
[2026-03-24 12:56:50,036][pcse.crop.phenology.Vernalisation][INFO] - Critical DVS for vernalization (VERNDVS) reached at day 1984-06-27, but vernalization requirements not yet fulfilled. Forcing vernalization now (VERN=47.688571).
[2026-03-24 12:56:50,069][pcse.crop.phenology.Vernalisation][INFO] - Critical DVS for vernalization (VERNDVS) reached at day 1984-06-28, but vernalization requirements not yet fulfilled. Forcing vernalization now (VERN=47.688571).
[2026-03-24 12:56:50,102][pcse.crop.phenology.Vernalisation][INFO] - Critical DVS for vernalization (VERNDVS) reached at day 1984-06-29, but vernalization requirements not yet fulfilled. Forcing vernalization now (VERN=47.688571).
[2026-03-24 12:56:50,102][pcse.crop.phenology.Annual_Phenology][INFO] - Changed phenological stage 'vegetative' to 'reproductive' on 1984-06-29
[2026-03-24 12:56:52,872][pcse.crop.phenology.Annual_Phenology][INFO] - Changed phenological stage 'reproductive' to 'mature' on 1984-09-13
[2026-03-24 12:56:53,418][pcse.base.timer.Timer][INFO] - Reached end of simulation period as specified by END_DATE.
| train          | E: 36 | S: 8676 | R: -2.1805 | TR: 0.2283 | TF: 384 | LR: 0 | NR: 0 | D: 08.3 s | TD: 00.0 s | BR: -0.0098 | ALOSS: 17865.3847 | CLOSS: 2782138.1419 | TLOSS: -75.3652 | TVAL: 0.1281 | AENT: -589.4775 | BCLOSS: 0.0000
[EPISODE DBG] episode=36 step=8676 pred_return=-2.156687 true_return=0.000000 total_feedback=384 labeled_feedback=0
[2026-03-24 12:56:53,430][pcse.agromanager.SoilCalendar][INFO] - Starting soil (oregon) with variation (oregon_1) on day 1984-02-01
[2026-03-24 12:56:53,433][pcse.agromanager.CropCalendar][INFO] - Starting crop (wheat) with variety (wheat_1) on day 1984-02-01
[2026-03-24 12:56:55,648][pcse.crop.phenology.Annual_Phenology][INFO] - Changed phenological stage 'emerging' to 'vegetative' on 1984-04-10
[2026-03-24 12:56:57,338][pcse.crop.phenology.Vernalisation][INFO] - Critical DVS for vernalization (VERNDVS) reached at day 1984-06-02, but vernalization requirements not yet fulfilled. Forcing vernalization now (VERN=47.688571).
[2026-03-24 12:56:57,371][pcse.crop.phenology.Vernalisation][INFO] - Critical DVS for vernalization (VERNDVS) reached at day 1984-06-03, but vernalization requirements not yet fulfilled. Forcing vernalization now (VERN=47.688571).
[2026-03-24 12:56:57,400][pcse.crop.phenology.Vernalisation][INFO] - Critical DVS for vernalization (VERNDVS) reached at day 1984-06-04, but vernalization requirements not yet fulfilled. Forcing vernalization now (VERN=47.688571).
[2026-03-24 12:56:57,430][pcse.crop.phenology.Vernalisation][INFO] - Critical DVS for vernalization (VERNDVS) reached at day 1984-06-05, but vernalization requirements not yet fulfilled. Forcing vernalization now (VERN=47.688571).
Reward function update skipped (no labeled feedback yet).
[REPLAY DBG] before relabel step=8800 n=8800 mean=-0.009841 std=0.015060 min=-0.091445 max=0.013589
[REPLAY DBG] after relabel step=8800 n=8800 mean=-0.009808 std=0.015107 min=-0.091077 max=0.013651
[2026-03-24 12:56:57,870][pcse.crop.phenology.Vernalisation][INFO] - Critical DVS for vernalization (VERNDVS) reached at day 1984-06-06, but vernalization requirements not yet fulfilled. Forcing vernalization now (VERN=47.688571).
[2026-03-24 12:56:57,913][pcse.crop.phenology.Vernalisation][INFO] - Critical DVS for vernalization (VERNDVS) reached at day 1984-06-07, but vernalization requirements not yet fulfilled. Forcing vernalization now (VERN=47.688571).
[2026-03-24 12:56:57,956][pcse.crop.phenology.Vernalisation][INFO] - Critical DVS for vernalization (VERNDVS) reached at day 1984-06-08, but vernalization requirements not yet fulfilled. Forcing vernalization now (VERN=47.688571).
[2026-03-24 12:56:57,988][pcse.crop.phenology.Vernalisation][INFO] - Critical DVS for vernalization (VERNDVS) reached at day 1984-06-09, but vernalization requirements not yet fulfilled. Forcing vernalization now (VERN=47.688571).
[2026-03-24 12:56:58,015][pcse.crop.phenology.Vernalisation][INFO] - Critical DVS for vernalization (VERNDVS) reached at day 1984-06-10, but vernalization requirements not yet fulfilled. Forcing vernalization now (VERN=47.688571).
[2026-03-24 12:56:58,040][pcse.crop.phenology.Vernalisation][INFO] - Critical DVS for vernalization (VERNDVS) reached at day 1984-06-11, but vernalization requirements not yet fulfilled. Forcing vernalization now (VERN=47.688571).
[2026-03-24 12:56:58,074][pcse.crop.phenology.Vernalisation][INFO] - Critical DVS for vernalization (VERNDVS) reached at day 1984-06-12, but vernalization requirements not yet fulfilled. Forcing vernalization now (VERN=47.688571).
[2026-03-24 12:56:58,103][pcse.crop.phenology.Vernalisation][INFO] - Critical DVS for vernalization (VERNDVS) reached at day 1984-06-13, but vernalization requirements not yet fulfilled. Forcing vernalization now (VERN=47.688571).
[2026-03-24 12:56:58,133][pcse.crop.phenology.Vernalisation][INFO] - Critical DVS for vernalization (VERNDVS) reached at day 1984-06-14, but vernalization requirements not yet fulfilled. Forcing vernalization now (VERN=47.688571).
[2026-03-24 12:56:58,161][pcse.crop.phenology.Vernalisation][INFO] - Critical DVS for vernalization (VERNDVS) reached at day 1984-06-15, but vernalization requirements not yet fulfilled. Forcing vernalization now (VERN=47.688571).
[2026-03-24 12:56:58,183][pcse.crop.phenology.Vernalisation][INFO] - Critical DVS for vernalization (VERNDVS) reached at day 1984-06-16, but vernalization requirements not yet fulfilled. Forcing vernalization now (VERN=47.688571).
[2026-03-24 12:56:58,212][pcse.crop.phenology.Vernalisation][INFO] - Critical DVS for vernalization (VERNDVS) reached at day 1984-06-17, but vernalization requirements not yet fulfilled. Forcing vernalization now (VERN=47.688571).
[2026-03-24 12:56:58,242][pcse.crop.phenology.Vernalisation][INFO] - Critical DVS for vernalization (VERNDVS) reached at day 1984-06-18, but vernalization requirements not yet fulfilled. Forcing vernalization now (VERN=47.688571).
[2026-03-24 12:56:58,269][pcse.crop.phenology.Vernalisation][INFO] - Critical DVS for vernalization (VERNDVS) reached at day 1984-06-19, but vernalization requirements not yet fulfilled. Forcing vernalization now (VERN=47.688571).
[2026-03-24 12:56:58,298][pcse.crop.phenology.Vernalisation][INFO] - Critical DVS for vernalization (VERNDVS) reached at day 1984-06-20, but vernalization requirements not yet fulfilled. Forcing vernalization now (VERN=47.688571).
[2026-03-24 12:56:58,323][pcse.crop.phenology.Vernalisation][INFO] - Critical DVS for vernalization (VERNDVS) reached at day 1984-06-21, but vernalization requirements not yet fulfilled. Forcing vernalization now (VERN=47.688571).
[2026-03-24 12:56:58,355][pcse.crop.phenology.Vernalisation][INFO] - Critical DVS for vernalization (VERNDVS) reached at day 1984-06-22, but vernalization requirements not yet fulfilled. Forcing vernalization now (VERN=47.688571).
[2026-03-24 12:56:58,386][pcse.crop.phenology.Vernalisation][INFO] - Critical DVS for vernalization (VERNDVS) reached at day 1984-06-23, but vernalization requirements not yet fulfilled. Forcing vernalization now (VERN=47.688571).
[2026-03-24 12:56:58,419][pcse.crop.phenology.Vernalisation][INFO] - Critical DVS for vernalization (VERNDVS) reached at day 1984-06-24, but vernalization requirements not yet fulfilled. Forcing vernalization now (VERN=47.688571).
[2026-03-24 12:56:58,446][pcse.crop.phenology.Vernalisation][INFO] - Critical DVS for vernalization (VERNDVS) reached at day 1984-06-25, but vernalization requirements not yet fulfilled. Forcing vernalization now (VERN=47.688571).
[2026-03-24 12:56:58,469][pcse.crop.phenology.Vernalisation][INFO] - Critical DVS for vernalization (VERNDVS) reached at day 1984-06-26, but vernalization requirements not yet fulfilled. Forcing vernalization now (VERN=47.688571).
[2026-03-24 12:56:58,498][pcse.crop.phenology.Vernalisation][INFO] - Critical DVS for vernalization (VERNDVS) reached at day 1984-06-27, but vernalization requirements not yet fulfilled. Forcing vernalization now (VERN=47.688571).
[2026-03-24 12:56:58,528][pcse.crop.phenology.Vernalisation][INFO] - Critical DVS for vernalization (VERNDVS) reached at day 1984-06-28, but vernalization requirements not yet fulfilled. Forcing vernalization now (VERN=47.688571).
[2026-03-24 12:56:58,561][pcse.crop.phenology.Vernalisation][INFO] - Critical DVS for vernalization (VERNDVS) reached at day 1984-06-29, but vernalization requirements not yet fulfilled. Forcing vernalization now (VERN=47.688571).
[2026-03-24 12:56:58,561][pcse.crop.phenology.Annual_Phenology][INFO] - Changed phenological stage 'vegetative' to 'reproductive' on 1984-06-29
[2026-03-24 12:57:00,803][pcse.crop.phenology.Annual_Phenology][INFO] - Changed phenological stage 'reproductive' to 'mature' on 1984-09-13
[2026-03-24 12:57:01,360][pcse.base.timer.Timer][INFO] - Reached end of simulation period as specified by END_DATE.
| train          | E: 37 | S: 8917 | R: -2.1567 | TR: 0.0000 | TF: 384 | LR: 0 | NR: 0 | D: 07.9 s | TD: 00.0 s | BR: -0.0098 | ALOSS: 17692.0983 | CLOSS: 2861989.6220 | TLOSS: -75.5437 | TVAL: 0.1296 | AENT: -584.0277 | BCLOSS: 0.0000
[EPISODE DBG] episode=37 step=8917 pred_return=-2.175582 true_return=0.228308 total_feedback=416 labeled_feedback=0
[2026-03-24 12:57:01,370][pcse.agromanager.SoilCalendar][INFO] - Starting soil (oregon) with variation (oregon_1) on day 1984-02-01
[2026-03-24 12:57:01,373][pcse.agromanager.CropCalendar][INFO] - Starting crop (wheat) with variety (wheat_1) on day 1984-02-01
[2026-03-24 12:57:03,605][pcse.crop.phenology.Annual_Phenology][INFO] - Changed phenological stage 'emerging' to 'vegetative' on 1984-04-10
[REPLAY DBG] post-agent-update step=9000 n=9000 mean=-0.009802 std=0.015094 min=-0.091077 max=0.013651
[STEP DBG] step=9000 env_reward=0.000000 r_hat=-0.007511 done=False
[NORM DBG] count=9000 mean_abs_mean=62525.054688 mean_std=9.271608 min_std=0.001000 max_std=69.700897
[2026-03-24 12:57:05,523][pcse.crop.phenology.Vernalisation][INFO] - Critical DVS for vernalization (VERNDVS) reached at day 1984-06-02, but vernalization requirements not yet fulfilled. Forcing vernalization now (VERN=47.688571).
[2026-03-24 12:57:05,555][pcse.crop.phenology.Vernalisation][INFO] - Critical DVS for vernalization (VERNDVS) reached at day 1984-06-03, but vernalization requirements not yet fulfilled. Forcing vernalization now (VERN=47.688571).
[2026-03-24 12:57:05,583][pcse.crop.phenology.Vernalisation][INFO] - Critical DVS for vernalization (VERNDVS) reached at day 1984-06-04, but vernalization requirements not yet fulfilled. Forcing vernalization now (VERN=47.688571).
[2026-03-24 12:57:05,613][pcse.crop.phenology.Vernalisation][INFO] - Critical DVS for vernalization (VERNDVS) reached at day 1984-06-05, but vernalization requirements not yet fulfilled. Forcing vernalization now (VERN=47.688571).
[2026-03-24 12:57:05,638][pcse.crop.phenology.Vernalisation][INFO] - Critical DVS for vernalization (VERNDVS) reached at day 1984-06-06, but vernalization requirements not yet fulfilled. Forcing vernalization now (VERN=47.688571).
[2026-03-24 12:57:05,671][pcse.crop.phenology.Vernalisation][INFO] - Critical DVS for vernalization (VERNDVS) reached at day 1984-06-07, but vernalization requirements not yet fulfilled. Forcing vernalization now (VERN=47.688571).
[2026-03-24 12:57:05,703][pcse.crop.phenology.Vernalisation][INFO] - Critical DVS for vernalization (VERNDVS) reached at day 1984-06-08, but vernalization requirements not yet fulfilled. Forcing vernalization now (VERN=47.688571).
[2026-03-24 12:57:05,736][pcse.crop.phenology.Vernalisation][INFO] - Critical DVS for vernalization (VERNDVS) reached at day 1984-06-09, but vernalization requirements not yet fulfilled. Forcing vernalization now (VERN=47.688571).
[2026-03-24 12:57:05,768][pcse.crop.phenology.Vernalisation][INFO] - Critical DVS for vernalization (VERNDVS) reached at day 1984-06-10, but vernalization requirements not yet fulfilled. Forcing vernalization now (VERN=47.688571).
[2026-03-24 12:57:05,798][pcse.crop.phenology.Vernalisation][INFO] - Critical DVS for vernalization (VERNDVS) reached at day 1984-06-11, but vernalization requirements not yet fulfilled. Forcing vernalization now (VERN=47.688571).
[2026-03-24 12:57:05,829][pcse.crop.phenology.Vernalisation][INFO] - Critical DVS for vernalization (VERNDVS) reached at day 1984-06-12, but vernalization requirements not yet fulfilled. Forcing vernalization now (VERN=47.688571).
[2026-03-24 12:57:05,861][pcse.crop.phenology.Vernalisation][INFO] - Critical DVS for vernalization (VERNDVS) reached at day 1984-06-13, but vernalization requirements not yet fulfilled. Forcing vernalization now (VERN=47.688571).
[2026-03-24 12:57:05,891][pcse.crop.phenology.Vernalisation][INFO] - Critical DVS for vernalization (VERNDVS) reached at day 1984-06-14, but vernalization requirements not yet fulfilled. Forcing vernalization now (VERN=47.688571).
[2026-03-24 12:57:05,919][pcse.crop.phenology.Vernalisation][INFO] - Critical DVS for vernalization (VERNDVS) reached at day 1984-06-15, but vernalization requirements not yet fulfilled. Forcing vernalization now (VERN=47.688571).
[2026-03-24 12:57:05,948][pcse.crop.phenology.Vernalisation][INFO] - Critical DVS for vernalization (VERNDVS) reached at day 1984-06-16, but vernalization requirements not yet fulfilled. Forcing vernalization now (VERN=47.688571).
[2026-03-24 12:57:05,976][pcse.crop.phenology.Vernalisation][INFO] - Critical DVS for vernalization (VERNDVS) reached at day 1984-06-17, but vernalization requirements not yet fulfilled. Forcing vernalization now (VERN=47.688571).
[2026-03-24 12:57:06,003][pcse.crop.phenology.Vernalisation][INFO] - Critical DVS for vernalization (VERNDVS) reached at day 1984-06-18, but vernalization requirements not yet fulfilled. Forcing vernalization now (VERN=47.688571).
[2026-03-24 12:57:06,036][pcse.crop.phenology.Vernalisation][INFO] - Critical DVS for vernalization (VERNDVS) reached at day 1984-06-19, but vernalization requirements not yet fulfilled. Forcing vernalization now (VERN=47.688571).
[2026-03-24 12:57:06,069][pcse.crop.phenology.Vernalisation][INFO] - Critical DVS for vernalization (VERNDVS) reached at day 1984-06-20, but vernalization requirements not yet fulfilled. Forcing vernalization now (VERN=47.688571).
[2026-03-24 12:57:06,102][pcse.crop.phenology.Vernalisation][INFO] - Critical DVS for vernalization (VERNDVS) reached at day 1984-06-21, but vernalization requirements not yet fulfilled. Forcing vernalization now (VERN=47.688571).
[2026-03-24 12:57:06,134][pcse.crop.phenology.Vernalisation][INFO] - Critical DVS for vernalization (VERNDVS) reached at day 1984-06-22, but vernalization requirements not yet fulfilled. Forcing vernalization now (VERN=47.688571).
[2026-03-24 12:57:06,167][pcse.crop.phenology.Vernalisation][INFO] - Critical DVS for vernalization (VERNDVS) reached at day 1984-06-23, but vernalization requirements not yet fulfilled. Forcing vernalization now (VERN=47.688571).
[2026-03-24 12:57:06,200][pcse.crop.phenology.Vernalisation][INFO] - Critical DVS for vernalization (VERNDVS) reached at day 1984-06-24, but vernalization requirements not yet fulfilled. Forcing vernalization now (VERN=47.688571).
[2026-03-24 12:57:06,232][pcse.crop.phenology.Vernalisation][INFO] - Critical DVS for vernalization (VERNDVS) reached at day 1984-06-25, but vernalization requirements not yet fulfilled. Forcing vernalization now (VERN=47.688571).
[2026-03-24 12:57:06,266][pcse.crop.phenology.Vernalisation][INFO] - Critical DVS for vernalization (VERNDVS) reached at day 1984-06-26, but vernalization requirements not yet fulfilled. Forcing vernalization now (VERN=47.688571).
[2026-03-24 12:57:06,298][pcse.crop.phenology.Vernalisation][INFO] - Critical DVS for vernalization (VERNDVS) reached at day 1984-06-27, but vernalization requirements not yet fulfilled. Forcing vernalization now (VERN=47.688571).
[2026-03-24 12:57:06,331][pcse.crop.phenology.Vernalisation][INFO] - Critical DVS for vernalization (VERNDVS) reached at day 1984-06-28, but vernalization requirements not yet fulfilled. Forcing vernalization now (VERN=47.688571).
[2026-03-24 12:57:06,363][pcse.crop.phenology.Vernalisation][INFO] - Critical DVS for vernalization (VERNDVS) reached at day 1984-06-29, but vernalization requirements not yet fulfilled. Forcing vernalization now (VERN=47.688571).
[2026-03-24 12:57:06,363][pcse.crop.phenology.Annual_Phenology][INFO] - Changed phenological stage 'vegetative' to 'reproductive' on 1984-06-29
[2026-03-24 12:57:08,777][pcse.crop.phenology.Annual_Phenology][INFO] - Changed phenological stage 'reproductive' to 'mature' on 1984-09-13
[2026-03-24 12:57:09,321][pcse.base.timer.Timer][INFO] - Reached end of simulation period as specified by END_DATE.
| train          | E: 38 | S: 9158 | R: -2.1756 | TR: 0.2283 | TF: 416 | LR: 0 | NR: 0 | D: 08.0 s | TD: 00.0 s | BR: -0.0097 | ALOSS: 17602.6843 | CLOSS: 2796887.5357 | TLOSS: -75.5595 | TVAL: 0.1312 | AENT: -576.7411 | BCLOSS: 0.0000
[EPISODE DBG] episode=38 step=9158 pred_return=-2.152312 true_return=0.000000 total_feedback=416 labeled_feedback=0
[2026-03-24 12:57:09,328][pcse.agromanager.SoilCalendar][INFO] - Starting soil (oregon) with variation (oregon_1) on day 1984-02-01
[2026-03-24 12:57:09,330][pcse.agromanager.CropCalendar][INFO] - Starting crop (wheat) with variety (wheat_1) on day 1984-02-01
Reward function update skipped (no labeled feedback yet).
[REPLAY DBG] before relabel step=9200 n=9200 mean=-0.009760 std=0.015071 min=-0.091957 max=0.013651
[REPLAY DBG] after relabel step=9200 n=9200 mean=-0.009828 std=0.015188 min=-0.091562 max=0.013571
[2026-03-24 12:57:11,914][pcse.crop.phenology.Annual_Phenology][INFO] - Changed phenological stage 'emerging' to 'vegetative' on 1984-04-10
[2026-03-24 12:57:13,600][pcse.crop.phenology.Vernalisation][INFO] - Critical DVS for vernalization (VERNDVS) reached at day 1984-06-02, but vernalization requirements not yet fulfilled. Forcing vernalization now (VERN=47.688571).
[2026-03-24 12:57:13,634][pcse.crop.phenology.Vernalisation][INFO] - Critical DVS for vernalization (VERNDVS) reached at day 1984-06-03, but vernalization requirements not yet fulfilled. Forcing vernalization now (VERN=47.688571).
[2026-03-24 12:57:13,667][pcse.crop.phenology.Vernalisation][INFO] - Critical DVS for vernalization (VERNDVS) reached at day 1984-06-04, but vernalization requirements not yet fulfilled. Forcing vernalization now (VERN=47.688571).
[2026-03-24 12:57:13,700][pcse.crop.phenology.Vernalisation][INFO] - Critical DVS for vernalization (VERNDVS) reached at day 1984-06-05, but vernalization requirements not yet fulfilled. Forcing vernalization now (VERN=47.688571).
[2026-03-24 12:57:13,733][pcse.crop.phenology.Vernalisation][INFO] - Critical DVS for vernalization (VERNDVS) reached at day 1984-06-06, but vernalization requirements not yet fulfilled. Forcing vernalization now (VERN=47.688571).
[2026-03-24 12:57:13,765][pcse.crop.phenology.Vernalisation][INFO] - Critical DVS for vernalization (VERNDVS) reached at day 1984-06-07, but vernalization requirements not yet fulfilled. Forcing vernalization now (VERN=47.688571).
[2026-03-24 12:57:13,798][pcse.crop.phenology.Vernalisation][INFO] - Critical DVS for vernalization (VERNDVS) reached at day 1984-06-08, but vernalization requirements not yet fulfilled. Forcing vernalization now (VERN=47.688571).
[2026-03-24 12:57:13,832][pcse.crop.phenology.Vernalisation][INFO] - Critical DVS for vernalization (VERNDVS) reached at day 1984-06-09, but vernalization requirements not yet fulfilled. Forcing vernalization now (VERN=47.688571).
[2026-03-24 12:57:13,865][pcse.crop.phenology.Vernalisation][INFO] - Critical DVS for vernalization (VERNDVS) reached at day 1984-06-10, but vernalization requirements not yet fulfilled. Forcing vernalization now (VERN=47.688571).
[2026-03-24 12:57:13,897][pcse.crop.phenology.Vernalisation][INFO] - Critical DVS for vernalization (VERNDVS) reached at day 1984-06-11, but vernalization requirements not yet fulfilled. Forcing vernalization now (VERN=47.688571).
[2026-03-24 12:57:13,929][pcse.crop.phenology.Vernalisation][INFO] - Critical DVS for vernalization (VERNDVS) reached at day 1984-06-12, but vernalization requirements not yet fulfilled. Forcing vernalization now (VERN=47.688571).
[2026-03-24 12:57:13,963][pcse.crop.phenology.Vernalisation][INFO] - Critical DVS for vernalization (VERNDVS) reached at day 1984-06-13, but vernalization requirements not yet fulfilled. Forcing vernalization now (VERN=47.688571).
[2026-03-24 12:57:13,995][pcse.crop.phenology.Vernalisation][INFO] - Critical DVS for vernalization (VERNDVS) reached at day 1984-06-14, but vernalization requirements not yet fulfilled. Forcing vernalization now (VERN=47.688571).
[2026-03-24 12:57:14,028][pcse.crop.phenology.Vernalisation][INFO] - Critical DVS for vernalization (VERNDVS) reached at day 1984-06-15, but vernalization requirements not yet fulfilled. Forcing vernalization now (VERN=47.688571).
[2026-03-24 12:57:14,059][pcse.crop.phenology.Vernalisation][INFO] - Critical DVS for vernalization (VERNDVS) reached at day 1984-06-16, but vernalization requirements not yet fulfilled. Forcing vernalization now (VERN=47.688571).
[2026-03-24 12:57:14,092][pcse.crop.phenology.Vernalisation][INFO] - Critical DVS for vernalization (VERNDVS) reached at day 1984-06-17, but vernalization requirements not yet fulfilled. Forcing vernalization now (VERN=47.688571).
[2026-03-24 12:57:14,124][pcse.crop.phenology.Vernalisation][INFO] - Critical DVS for vernalization (VERNDVS) reached at day 1984-06-18, but vernalization requirements not yet fulfilled. Forcing vernalization now (VERN=47.688571).
[2026-03-24 12:57:14,157][pcse.crop.phenology.Vernalisation][INFO] - Critical DVS for vernalization (VERNDVS) reached at day 1984-06-19, but vernalization requirements not yet fulfilled. Forcing vernalization now (VERN=47.688571).
[2026-03-24 12:57:14,189][pcse.crop.phenology.Vernalisation][INFO] - Critical DVS for vernalization (VERNDVS) reached at day 1984-06-20, but vernalization requirements not yet fulfilled. Forcing vernalization now (VERN=47.688571).
[2026-03-24 12:57:14,221][pcse.crop.phenology.Vernalisation][INFO] - Critical DVS for vernalization (VERNDVS) reached at day 1984-06-21, but vernalization requirements not yet fulfilled. Forcing vernalization now (VERN=47.688571).
[2026-03-24 12:57:14,254][pcse.crop.phenology.Vernalisation][INFO] - Critical DVS for vernalization (VERNDVS) reached at day 1984-06-22, but vernalization requirements not yet fulfilled. Forcing vernalization now (VERN=47.688571).
[2026-03-24 12:57:14,286][pcse.crop.phenology.Vernalisation][INFO] - Critical DVS for vernalization (VERNDVS) reached at day 1984-06-23, but vernalization requirements not yet fulfilled. Forcing vernalization now (VERN=47.688571).
[2026-03-24 12:57:14,319][pcse.crop.phenology.Vernalisation][INFO] - Critical DVS for vernalization (VERNDVS) reached at day 1984-06-24, but vernalization requirements not yet fulfilled. Forcing vernalization now (VERN=47.688571).
[2026-03-24 12:57:14,352][pcse.crop.phenology.Vernalisation][INFO] - Critical DVS for vernalization (VERNDVS) reached at day 1984-06-25, but vernalization requirements not yet fulfilled. Forcing vernalization now (VERN=47.688571).
[2026-03-24 12:57:14,385][pcse.crop.phenology.Vernalisation][INFO] - Critical DVS for vernalization (VERNDVS) reached at day 1984-06-26, but vernalization requirements not yet fulfilled. Forcing vernalization now (VERN=47.688571).
[2026-03-24 12:57:14,418][pcse.crop.phenology.Vernalisation][INFO] - Critical DVS for vernalization (VERNDVS) reached at day 1984-06-27, but vernalization requirements not yet fulfilled. Forcing vernalization now (VERN=47.688571).
[2026-03-24 12:57:14,451][pcse.crop.phenology.Vernalisation][INFO] - Critical DVS for vernalization (VERNDVS) reached at day 1984-06-28, but vernalization requirements not yet fulfilled. Forcing vernalization now (VERN=47.688571).
[2026-03-24 12:57:14,482][pcse.crop.phenology.Vernalisation][INFO] - Critical DVS for vernalization (VERNDVS) reached at day 1984-06-29, but vernalization requirements not yet fulfilled. Forcing vernalization now (VERN=47.688571).
[2026-03-24 12:57:14,482][pcse.crop.phenology.Annual_Phenology][INFO] - Changed phenological stage 'vegetative' to 'reproductive' on 1984-06-29
[2026-03-24 12:57:16,913][pcse.crop.phenology.Annual_Phenology][INFO] - Changed phenological stage 'reproductive' to 'mature' on 1984-09-13
[2026-03-24 12:57:17,410][pcse.base.timer.Timer][INFO] - Reached end of simulation period as specified by END_DATE.
| train          | E: 39 | S: 9399 | R: -2.1523 | TR: 0.0000 | TF: 416 | LR: 0 | NR: 0 | D: 08.1 s | TD: 00.0 s | BR: -0.0098 | ALOSS: 17455.5188 | CLOSS: 2925543.6366 | TLOSS: -75.9969 | TVAL: 0.1331 | AENT: -572.0552 | BCLOSS: 0.0000
[EPISODE DBG] episode=39 step=9399 pred_return=-2.172456 true_return=0.228308 total_feedback=448 labeled_feedback=0
[2026-03-24 12:57:17,422][pcse.agromanager.SoilCalendar][INFO] - Starting soil (oregon) with variation (oregon_1) on day 1984-02-01
[2026-03-24 12:57:17,424][pcse.agromanager.CropCalendar][INFO] - Starting crop (wheat) with variety (wheat_1) on day 1984-02-01
[2026-03-24 12:57:20,034][pcse.crop.phenology.Annual_Phenology][INFO] - Changed phenological stage 'emerging' to 'vegetative' on 1984-04-10
[REPLAY DBG] post-agent-update step=9500 n=9500 mean=-0.009830 std=0.015126 min=-0.091562 max=0.013571
[STEP DBG] step=9500 env_reward=0.000000 r_hat=0.001263 done=False
[NORM DBG] count=9500 mean_abs_mean=62525.050781 mean_std=9.263395 min_std=0.001000 max_std=69.639244
[2026-03-24 12:57:21,658][pcse.crop.phenology.Vernalisation][INFO] - Critical DVS for vernalization (VERNDVS) reached at day 1984-06-02, but vernalization requirements not yet fulfilled. Forcing vernalization now (VERN=47.688571).
[2026-03-24 12:57:21,690][pcse.crop.phenology.Vernalisation][INFO] - Critical DVS for vernalization (VERNDVS) reached at day 1984-06-03, but vernalization requirements not yet fulfilled. Forcing vernalization now (VERN=47.688571).
[2026-03-24 12:57:21,722][pcse.crop.phenology.Vernalisation][INFO] - Critical DVS for vernalization (VERNDVS) reached at day 1984-06-04, but vernalization requirements not yet fulfilled. Forcing vernalization now (VERN=47.688571).
[2026-03-24 12:57:21,756][pcse.crop.phenology.Vernalisation][INFO] - Critical DVS for vernalization (VERNDVS) reached at day 1984-06-05, but vernalization requirements not yet fulfilled. Forcing vernalization now (VERN=47.688571).
[2026-03-24 12:57:21,788][pcse.crop.phenology.Vernalisation][INFO] - Critical DVS for vernalization (VERNDVS) reached at day 1984-06-06, but vernalization requirements not yet fulfilled. Forcing vernalization now (VERN=47.688571).
[2026-03-24 12:57:21,821][pcse.crop.phenology.Vernalisation][INFO] - Critical DVS for vernalization (VERNDVS) reached at day 1984-06-07, but vernalization requirements not yet fulfilled. Forcing vernalization now (VERN=47.688571).
[2026-03-24 12:57:21,853][pcse.crop.phenology.Vernalisation][INFO] - Critical DVS for vernalization (VERNDVS) reached at day 1984-06-08, but vernalization requirements not yet fulfilled. Forcing vernalization now (VERN=47.688571).
[2026-03-24 12:57:21,885][pcse.crop.phenology.Vernalisation][INFO] - Critical DVS for vernalization (VERNDVS) reached at day 1984-06-09, but vernalization requirements not yet fulfilled. Forcing vernalization now (VERN=47.688571).
[2026-03-24 12:57:21,917][pcse.crop.phenology.Vernalisation][INFO] - Critical DVS for vernalization (VERNDVS) reached at day 1984-06-10, but vernalization requirements not yet fulfilled. Forcing vernalization now (VERN=47.688571).
[2026-03-24 12:57:21,950][pcse.crop.phenology.Vernalisation][INFO] - Critical DVS for vernalization (VERNDVS) reached at day 1984-06-11, but vernalization requirements not yet fulfilled. Forcing vernalization now (VERN=47.688571).
[2026-03-24 12:57:21,982][pcse.crop.phenology.Vernalisation][INFO] - Critical DVS for vernalization (VERNDVS) reached at day 1984-06-12, but vernalization requirements not yet fulfilled. Forcing vernalization now (VERN=47.688571).
[2026-03-24 12:57:22,014][pcse.crop.phenology.Vernalisation][INFO] - Critical DVS for vernalization (VERNDVS) reached at day 1984-06-13, but vernalization requirements not yet fulfilled. Forcing vernalization now (VERN=47.688571).
[2026-03-24 12:57:22,046][pcse.crop.phenology.Vernalisation][INFO] - Critical DVS for vernalization (VERNDVS) reached at day 1984-06-14, but vernalization requirements not yet fulfilled. Forcing vernalization now (VERN=47.688571).
[2026-03-24 12:57:22,078][pcse.crop.phenology.Vernalisation][INFO] - Critical DVS for vernalization (VERNDVS) reached at day 1984-06-15, but vernalization requirements not yet fulfilled. Forcing vernalization now (VERN=47.688571).
[2026-03-24 12:57:22,110][pcse.crop.phenology.Vernalisation][INFO] - Critical DVS for vernalization (VERNDVS) reached at day 1984-06-16, but vernalization requirements not yet fulfilled. Forcing vernalization now (VERN=47.688571).
[2026-03-24 12:57:22,143][pcse.crop.phenology.Vernalisation][INFO] - Critical DVS for vernalization (VERNDVS) reached at day 1984-06-17, but vernalization requirements not yet fulfilled. Forcing vernalization now (VERN=47.688571).
[2026-03-24 12:57:22,174][pcse.crop.phenology.Vernalisation][INFO] - Critical DVS for vernalization (VERNDVS) reached at day 1984-06-18, but vernalization requirements not yet fulfilled. Forcing vernalization now (VERN=47.688571).
[2026-03-24 12:57:22,207][pcse.crop.phenology.Vernalisation][INFO] - Critical DVS for vernalization (VERNDVS) reached at day 1984-06-19, but vernalization requirements not yet fulfilled. Forcing vernalization now (VERN=47.688571).
[2026-03-24 12:57:22,238][pcse.crop.phenology.Vernalisation][INFO] - Critical DVS for vernalization (VERNDVS) reached at day 1984-06-20, but vernalization requirements not yet fulfilled. Forcing vernalization now (VERN=47.688571).
[2026-03-24 12:57:22,269][pcse.crop.phenology.Vernalisation][INFO] - Critical DVS for vernalization (VERNDVS) reached at day 1984-06-21, but vernalization requirements not yet fulfilled. Forcing vernalization now (VERN=47.688571).
[2026-03-24 12:57:22,300][pcse.crop.phenology.Vernalisation][INFO] - Critical DVS for vernalization (VERNDVS) reached at day 1984-06-22, but vernalization requirements not yet fulfilled. Forcing vernalization now (VERN=47.688571).
[2026-03-24 12:57:22,332][pcse.crop.phenology.Vernalisation][INFO] - Critical DVS for vernalization (VERNDVS) reached at day 1984-06-23, but vernalization requirements not yet fulfilled. Forcing vernalization now (VERN=47.688571).
[2026-03-24 12:57:22,361][pcse.crop.phenology.Vernalisation][INFO] - Critical DVS for vernalization (VERNDVS) reached at day 1984-06-24, but vernalization requirements not yet fulfilled. Forcing vernalization now (VERN=47.688571).
[2026-03-24 12:57:22,392][pcse.crop.phenology.Vernalisation][INFO] - Critical DVS for vernalization (VERNDVS) reached at day 1984-06-25, but vernalization requirements not yet fulfilled. Forcing vernalization now (VERN=47.688571).
[2026-03-24 12:57:22,422][pcse.crop.phenology.Vernalisation][INFO] - Critical DVS for vernalization (VERNDVS) reached at day 1984-06-26, but vernalization requirements not yet fulfilled. Forcing vernalization now (VERN=47.688571).
[2026-03-24 12:57:22,452][pcse.crop.phenology.Vernalisation][INFO] - Critical DVS for vernalization (VERNDVS) reached at day 1984-06-27, but vernalization requirements not yet fulfilled. Forcing vernalization now (VERN=47.688571).
[2026-03-24 12:57:22,483][pcse.crop.phenology.Vernalisation][INFO] - Critical DVS for vernalization (VERNDVS) reached at day 1984-06-28, but vernalization requirements not yet fulfilled. Forcing vernalization now (VERN=47.688571).
[2026-03-24 12:57:22,513][pcse.crop.phenology.Vernalisation][INFO] - Critical DVS for vernalization (VERNDVS) reached at day 1984-06-29, but vernalization requirements not yet fulfilled. Forcing vernalization now (VERN=47.688571).
[2026-03-24 12:57:22,514][pcse.crop.phenology.Annual_Phenology][INFO] - Changed phenological stage 'vegetative' to 'reproductive' on 1984-06-29
Reward function update skipped (no labeled feedback yet).
[REPLAY DBG] before relabel step=9600 n=9600 mean=-0.009726 std=0.015091 min=-0.091562 max=0.013571
[REPLAY DBG] after relabel step=9600 n=9600 mean=-0.009836 std=0.015238 min=-0.092253 max=0.013593
[2026-03-24 12:57:25,458][pcse.crop.phenology.Annual_Phenology][INFO] - Changed phenological stage 'reproductive' to 'mature' on 1984-09-13
[2026-03-24 12:57:26,012][pcse.base.timer.Timer][INFO] - Reached end of simulation period as specified by END_DATE.
| train          | E: 40 | S: 9640 | R: -2.1725 | TR: 0.2283 | TF: 448 | LR: 0 | NR: 0 | D: 08.6 s | TD: 00.0 s | BR: -0.0098 | ALOSS: 17352.3381 | CLOSS: 2856045.7049 | TLOSS: -76.7153 | TVAL: 0.1351 | AENT: -568.7767 | BCLOSS: 0.0000
[EPISODE DBG] episode=40 step=9640 pred_return=-2.149414 true_return=0.000000 total_feedback=480 labeled_feedback=0
[2026-03-24 12:57:26,022][pcse.agromanager.SoilCalendar][INFO] - Starting soil (oregon) with variation (oregon_1) on day 1984-02-01
[2026-03-24 12:57:26,024][pcse.agromanager.CropCalendar][INFO] - Starting crop (wheat) with variety (wheat_1) on day 1984-02-01
[2026-03-24 12:57:28,324][pcse.crop.phenology.Annual_Phenology][INFO] - Changed phenological stage 'emerging' to 'vegetative' on 1984-04-10
[2026-03-24 12:57:30,187][pcse.crop.phenology.Vernalisation][INFO] - Critical DVS for vernalization (VERNDVS) reached at day 1984-06-02, but vernalization requirements not yet fulfilled. Forcing vernalization now (VERN=47.688571).
[2026-03-24 12:57:30,224][pcse.crop.phenology.Vernalisation][INFO] - Critical DVS for vernalization (VERNDVS) reached at day 1984-06-03, but vernalization requirements not yet fulfilled. Forcing vernalization now (VERN=47.688571).
[2026-03-24 12:57:30,258][pcse.crop.phenology.Vernalisation][INFO] - Critical DVS for vernalization (VERNDVS) reached at day 1984-06-04, but vernalization requirements not yet fulfilled. Forcing vernalization now (VERN=47.688571).
[2026-03-24 12:57:30,293][pcse.crop.phenology.Vernalisation][INFO] - Critical DVS for vernalization (VERNDVS) reached at day 1984-06-05, but vernalization requirements not yet fulfilled. Forcing vernalization now (VERN=47.688571).
[2026-03-24 12:57:30,327][pcse.crop.phenology.Vernalisation][INFO] - Critical DVS for vernalization (VERNDVS) reached at day 1984-06-06, but vernalization requirements not yet fulfilled. Forcing vernalization now (VERN=47.688571).
[2026-03-24 12:57:30,362][pcse.crop.phenology.Vernalisation][INFO] - Critical DVS for vernalization (VERNDVS) reached at day 1984-06-07, but vernalization requirements not yet fulfilled. Forcing vernalization now (VERN=47.688571).
[2026-03-24 12:57:30,395][pcse.crop.phenology.Vernalisation][INFO] - Critical DVS for vernalization (VERNDVS) reached at day 1984-06-08, but vernalization requirements not yet fulfilled. Forcing vernalization now (VERN=47.688571).
[2026-03-24 12:57:30,430][pcse.crop.phenology.Vernalisation][INFO] - Critical DVS for vernalization (VERNDVS) reached at day 1984-06-09, but vernalization requirements not yet fulfilled. Forcing vernalization now (VERN=47.688571).
[2026-03-24 12:57:30,464][pcse.crop.phenology.Vernalisation][INFO] - Critical DVS for vernalization (VERNDVS) reached at day 1984-06-10, but vernalization requirements not yet fulfilled. Forcing vernalization now (VERN=47.688571).
[2026-03-24 12:57:30,500][pcse.crop.phenology.Vernalisation][INFO] - Critical DVS for vernalization (VERNDVS) reached at day 1984-06-11, but vernalization requirements not yet fulfilled. Forcing vernalization now (VERN=47.688571).
[2026-03-24 12:57:30,533][pcse.crop.phenology.Vernalisation][INFO] - Critical DVS for vernalization (VERNDVS) reached at day 1984-06-12, but vernalization requirements not yet fulfilled. Forcing vernalization now (VERN=47.688571).
[2026-03-24 12:57:30,567][pcse.crop.phenology.Vernalisation][INFO] - Critical DVS for vernalization (VERNDVS) reached at day 1984-06-13, but vernalization requirements not yet fulfilled. Forcing vernalization now (VERN=47.688571).
[2026-03-24 12:57:30,601][pcse.crop.phenology.Vernalisation][INFO] - Critical DVS for vernalization (VERNDVS) reached at day 1984-06-14, but vernalization requirements not yet fulfilled. Forcing vernalization now (VERN=47.688571).
[2026-03-24 12:57:30,636][pcse.crop.phenology.Vernalisation][INFO] - Critical DVS for vernalization (VERNDVS) reached at day 1984-06-15, but vernalization requirements not yet fulfilled. Forcing vernalization now (VERN=47.688571).
[2026-03-24 12:57:30,670][pcse.crop.phenology.Vernalisation][INFO] - Critical DVS for vernalization (VERNDVS) reached at day 1984-06-16, but vernalization requirements not yet fulfilled. Forcing vernalization now (VERN=47.688571).
[2026-03-24 12:57:30,703][pcse.crop.phenology.Vernalisation][INFO] - Critical DVS for vernalization (VERNDVS) reached at day 1984-06-17, but vernalization requirements not yet fulfilled. Forcing vernalization now (VERN=47.688571).
[2026-03-24 12:57:30,738][pcse.crop.phenology.Vernalisation][INFO] - Critical DVS for vernalization (VERNDVS) reached at day 1984-06-18, but vernalization requirements not yet fulfilled. Forcing vernalization now (VERN=47.688571).
[2026-03-24 12:57:30,772][pcse.crop.phenology.Vernalisation][INFO] - Critical DVS for vernalization (VERNDVS) reached at day 1984-06-19, but vernalization requirements not yet fulfilled. Forcing vernalization now (VERN=47.688571).
[2026-03-24 12:57:30,807][pcse.crop.phenology.Vernalisation][INFO] - Critical DVS for vernalization (VERNDVS) reached at day 1984-06-20, but vernalization requirements not yet fulfilled. Forcing vernalization now (VERN=47.688571).
[2026-03-24 12:57:30,840][pcse.crop.phenology.Vernalisation][INFO] - Critical DVS for vernalization (VERNDVS) reached at day 1984-06-21, but vernalization requirements not yet fulfilled. Forcing vernalization now (VERN=47.688571).
[2026-03-24 12:57:30,874][pcse.crop.phenology.Vernalisation][INFO] - Critical DVS for vernalization (VERNDVS) reached at day 1984-06-22, but vernalization requirements not yet fulfilled. Forcing vernalization now (VERN=47.688571).
[2026-03-24 12:57:30,907][pcse.crop.phenology.Vernalisation][INFO] - Critical DVS for vernalization (VERNDVS) reached at day 1984-06-23, but vernalization requirements not yet fulfilled. Forcing vernalization now (VERN=47.688571).
[2026-03-24 12:57:30,941][pcse.crop.phenology.Vernalisation][INFO] - Critical DVS for vernalization (VERNDVS) reached at day 1984-06-24, but vernalization requirements not yet fulfilled. Forcing vernalization now (VERN=47.688571).
[2026-03-24 12:57:30,975][pcse.crop.phenology.Vernalisation][INFO] - Critical DVS for vernalization (VERNDVS) reached at day 1984-06-25, but vernalization requirements not yet fulfilled. Forcing vernalization now (VERN=47.688571).
[2026-03-24 12:57:31,009][pcse.crop.phenology.Vernalisation][INFO] - Critical DVS for vernalization (VERNDVS) reached at day 1984-06-26, but vernalization requirements not yet fulfilled. Forcing vernalization now (VERN=47.688571).
[2026-03-24 12:57:31,042][pcse.crop.phenology.Vernalisation][INFO] - Critical DVS for vernalization (VERNDVS) reached at day 1984-06-27, but vernalization requirements not yet fulfilled. Forcing vernalization now (VERN=47.688571).
[2026-03-24 12:57:31,073][pcse.crop.phenology.Vernalisation][INFO] - Critical DVS for vernalization (VERNDVS) reached at day 1984-06-28, but vernalization requirements not yet fulfilled. Forcing vernalization now (VERN=47.688571).
[2026-03-24 12:57:31,104][pcse.crop.phenology.Vernalisation][INFO] - Critical DVS for vernalization (VERNDVS) reached at day 1984-06-29, but vernalization requirements not yet fulfilled. Forcing vernalization now (VERN=47.688571).
[2026-03-24 12:57:31,104][pcse.crop.phenology.Annual_Phenology][INFO] - Changed phenological stage 'vegetative' to 'reproductive' on 1984-06-29
[2026-03-24 12:57:33,552][pcse.crop.phenology.Annual_Phenology][INFO] - Changed phenological stage 'reproductive' to 'mature' on 1984-09-13
[2026-03-24 12:57:34,037][pcse.base.timer.Timer][INFO] - Reached end of simulation period as specified by END_DATE.
| train          | E: 41 | S: 9881 | R: -2.1494 | TR: 0.0000 | TF: 480 | LR: 0 | NR: 0 | D: 08.0 s | TD: 00.0 s | BR: -0.0099 | ALOSS: 17169.5575 | CLOSS: 2598770.5530 | TLOSS: -77.5179 | TVAL: 0.1373 | AENT: -565.3901 | BCLOSS: 0.0000
[EPISODE DBG] episode=41 step=9881 pred_return=-2.170572 true_return=0.228308 total_feedback=480 labeled_feedback=0
[2026-03-24 12:57:34,047][pcse.agromanager.SoilCalendar][INFO] - Starting soil (oregon) with variation (oregon_1) on day 1984-02-01
[2026-03-24 12:57:34,049][pcse.agromanager.CropCalendar][INFO] - Starting crop (wheat) with variety (wheat_1) on day 1984-02-01
[2026-03-24 12:57:36,220][pcse.crop.phenology.Annual_Phenology][INFO] - Changed phenological stage 'emerging' to 'vegetative' on 1984-04-10
Reward function update skipped (no labeled feedback yet).
[REPLAY DBG] before relabel step=10000 n=10000 mean=-0.009882 std=0.015194 min=-0.092441 max=0.013593
[REPLAY DBG] after relabel step=10000 n=10000 mean=-0.009853 std=0.015232 min=-0.092324 max=0.013632
[REPLAY DBG] post-agent-update step=10000 n=10000 mean=-0.009853 std=0.015232 min=-0.092324 max=0.013632
[STEP DBG] step=10000 env_reward=0.000000 r_hat=0.001222 done=False
[NORM DBG] count=10000 mean_abs_mean=62525.050781 mean_std=9.254860 min_std=0.001000 max_std=69.574966
[2026-03-24 12:57:38,330][pcse.crop.phenology.Vernalisation][INFO] - Critical DVS for vernalization (VERNDVS) reached at day 1984-06-02, but vernalization requirements not yet fulfilled. Forcing vernalization now (VERN=47.688571).
[2026-03-24 12:57:38,360][pcse.crop.phenology.Vernalisation][INFO] - Critical DVS for vernalization (VERNDVS) reached at day 1984-06-03, but vernalization requirements not yet fulfilled. Forcing vernalization now (VERN=47.688571).
[2026-03-24 12:57:38,395][pcse.crop.phenology.Vernalisation][INFO] - Critical DVS for vernalization (VERNDVS) reached at day 1984-06-04, but vernalization requirements not yet fulfilled. Forcing vernalization now (VERN=47.688571).
[2026-03-24 12:57:38,430][pcse.crop.phenology.Vernalisation][INFO] - Critical DVS for vernalization (VERNDVS) reached at day 1984-06-05, but vernalization requirements not yet fulfilled. Forcing vernalization now (VERN=47.688571).
[2026-03-24 12:57:38,463][pcse.crop.phenology.Vernalisation][INFO] - Critical DVS for vernalization (VERNDVS) reached at day 1984-06-06, but vernalization requirements not yet fulfilled. Forcing vernalization now (VERN=47.688571).
[2026-03-24 12:57:38,499][pcse.crop.phenology.Vernalisation][INFO] - Critical DVS for vernalization (VERNDVS) reached at day 1984-06-07, but vernalization requirements not yet fulfilled. Forcing vernalization now (VERN=47.688571).
[2026-03-24 12:57:38,531][pcse.crop.phenology.Vernalisation][INFO] - Critical DVS for vernalization (VERNDVS) reached at day 1984-06-08, but vernalization requirements not yet fulfilled. Forcing vernalization now (VERN=47.688571).
[2026-03-24 12:57:38,564][pcse.crop.phenology.Vernalisation][INFO] - Critical DVS for vernalization (VERNDVS) reached at day 1984-06-09, but vernalization requirements not yet fulfilled. Forcing vernalization now (VERN=47.688571).
[2026-03-24 12:57:38,598][pcse.crop.phenology.Vernalisation][INFO] - Critical DVS for vernalization (VERNDVS) reached at day 1984-06-10, but vernalization requirements not yet fulfilled. Forcing vernalization now (VERN=47.688571).
[2026-03-24 12:57:38,632][pcse.crop.phenology.Vernalisation][INFO] - Critical DVS for vernalization (VERNDVS) reached at day 1984-06-11, but vernalization requirements not yet fulfilled. Forcing vernalization now (VERN=47.688571).
[2026-03-24 12:57:38,665][pcse.crop.phenology.Vernalisation][INFO] - Critical DVS for vernalization (VERNDVS) reached at day 1984-06-12, but vernalization requirements not yet fulfilled. Forcing vernalization now (VERN=47.688571).
[2026-03-24 12:57:38,700][pcse.crop.phenology.Vernalisation][INFO] - Critical DVS for vernalization (VERNDVS) reached at day 1984-06-13, but vernalization requirements not yet fulfilled. Forcing vernalization now (VERN=47.688571).
[2026-03-24 12:57:38,734][pcse.crop.phenology.Vernalisation][INFO] - Critical DVS for vernalization (VERNDVS) reached at day 1984-06-14, but vernalization requirements not yet fulfilled. Forcing vernalization now (VERN=47.688571).
[2026-03-24 12:57:38,768][pcse.crop.phenology.Vernalisation][INFO] - Critical DVS for vernalization (VERNDVS) reached at day 1984-06-15, but vernalization requirements not yet fulfilled. Forcing vernalization now (VERN=47.688571).
[2026-03-24 12:57:38,798][pcse.crop.phenology.Vernalisation][INFO] - Critical DVS for vernalization (VERNDVS) reached at day 1984-06-16, but vernalization requirements not yet fulfilled. Forcing vernalization now (VERN=47.688571).
[2026-03-24 12:57:38,831][pcse.crop.phenology.Vernalisation][INFO] - Critical DVS for vernalization (VERNDVS) reached at day 1984-06-17, but vernalization requirements not yet fulfilled. Forcing vernalization now (VERN=47.688571).
[2026-03-24 12:57:38,865][pcse.crop.phenology.Vernalisation][INFO] - Critical DVS for vernalization (VERNDVS) reached at day 1984-06-18, but vernalization requirements not yet fulfilled. Forcing vernalization now (VERN=47.688571).
[2026-03-24 12:57:38,899][pcse.crop.phenology.Vernalisation][INFO] - Critical DVS for vernalization (VERNDVS) reached at day 1984-06-19, but vernalization requirements not yet fulfilled. Forcing vernalization now (VERN=47.688571).
[2026-03-24 12:57:38,927][pcse.crop.phenology.Vernalisation][INFO] - Critical DVS for vernalization (VERNDVS) reached at day 1984-06-20, but vernalization requirements not yet fulfilled. Forcing vernalization now (VERN=47.688571).
[2026-03-24 12:57:38,955][pcse.crop.phenology.Vernalisation][INFO] - Critical DVS for vernalization (VERNDVS) reached at day 1984-06-21, but vernalization requirements not yet fulfilled. Forcing vernalization now (VERN=47.688571).
[2026-03-24 12:57:38,981][pcse.crop.phenology.Vernalisation][INFO] - Critical DVS for vernalization (VERNDVS) reached at day 1984-06-22, but vernalization requirements not yet fulfilled. Forcing vernalization now (VERN=47.688571).
[2026-03-24 12:57:39,012][pcse.crop.phenology.Vernalisation][INFO] - Critical DVS for vernalization (VERNDVS) reached at day 1984-06-23, but vernalization requirements not yet fulfilled. Forcing vernalization now (VERN=47.688571).
[2026-03-24 12:57:39,043][pcse.crop.phenology.Vernalisation][INFO] - Critical DVS for vernalization (VERNDVS) reached at day 1984-06-24, but vernalization requirements not yet fulfilled. Forcing vernalization now (VERN=47.688571).
[2026-03-24 12:57:39,077][pcse.crop.phenology.Vernalisation][INFO] - Critical DVS for vernalization (VERNDVS) reached at day 1984-06-25, but vernalization requirements not yet fulfilled. Forcing vernalization now (VERN=47.688571).
[2026-03-24 12:57:39,111][pcse.crop.phenology.Vernalisation][INFO] - Critical DVS for vernalization (VERNDVS) reached at day 1984-06-26, but vernalization requirements not yet fulfilled. Forcing vernalization now (VERN=47.688571).
[2026-03-24 12:57:39,142][pcse.crop.phenology.Vernalisation][INFO] - Critical DVS for vernalization (VERNDVS) reached at day 1984-06-27, but vernalization requirements not yet fulfilled. Forcing vernalization now (VERN=47.688571).
[2026-03-24 12:57:39,170][pcse.crop.phenology.Vernalisation][INFO] - Critical DVS for vernalization (VERNDVS) reached at day 1984-06-28, but vernalization requirements not yet fulfilled. Forcing vernalization now (VERN=47.688571).
[2026-03-24 12:57:39,197][pcse.crop.phenology.Vernalisation][INFO] - Critical DVS for vernalization (VERNDVS) reached at day 1984-06-29, but vernalization requirements not yet fulfilled. Forcing vernalization now (VERN=47.688571).
[2026-03-24 12:57:39,197][pcse.crop.phenology.Annual_Phenology][INFO] - Changed phenological stage 'vegetative' to 'reproductive' on 1984-06-29
[2026-03-24 12:57:41,619][pcse.crop.phenology.Annual_Phenology][INFO] - Changed phenological stage 'reproductive' to 'mature' on 1984-09-13
[2026-03-24 12:57:42,152][pcse.base.timer.Timer][INFO] - Reached end of simulation period as specified by END_DATE.
| train          | E: 42 | S: 10122 | R: -2.1706 | TR: 0.2283 | TF: 480 | LR: 0 | NR: 0 | D: 08.1 s | TD: 00.0 s | BR: -0.0098 | ALOSS: 16983.9999 | CLOSS: 2759988.6099 | TLOSS: -78.5491 | TVAL: 0.1398 | AENT: -562.9302 | BCLOSS: 0.0000
[EPISODE DBG] episode=42 step=10122 pred_return=-2.147553 true_return=0.000000 total_feedback=512 labeled_feedback=0
[2026-03-24 12:57:42,164][pcse.agromanager.SoilCalendar][INFO] - Starting soil (oregon) with variation (oregon_1) on day 1984-02-01
[2026-03-24 12:57:42,166][pcse.agromanager.CropCalendar][INFO] - Starting crop (wheat) with variety (wheat_1) on day 1984-02-01
[2026-03-24 12:57:44,437][pcse.crop.phenology.Annual_Phenology][INFO] - Changed phenological stage 'emerging' to 'vegetative' on 1984-04-10
[2026-03-24 12:57:46,424][pcse.crop.phenology.Vernalisation][INFO] - Critical DVS for vernalization (VERNDVS) reached at day 1984-06-02, but vernalization requirements not yet fulfilled. Forcing vernalization now (VERN=47.688571).
[2026-03-24 12:57:46,458][pcse.crop.phenology.Vernalisation][INFO] - Critical DVS for vernalization (VERNDVS) reached at day 1984-06-03, but vernalization requirements not yet fulfilled. Forcing vernalization now (VERN=47.688571).
[2026-03-24 12:57:46,491][pcse.crop.phenology.Vernalisation][INFO] - Critical DVS for vernalization (VERNDVS) reached at day 1984-06-04, but vernalization requirements not yet fulfilled. Forcing vernalization now (VERN=47.688571).
[2026-03-24 12:57:46,523][pcse.crop.phenology.Vernalisation][INFO] - Critical DVS for vernalization (VERNDVS) reached at day 1984-06-05, but vernalization requirements not yet fulfilled. Forcing vernalization now (VERN=47.688571).
[2026-03-24 12:57:46,555][pcse.crop.phenology.Vernalisation][INFO] - Critical DVS for vernalization (VERNDVS) reached at day 1984-06-06, but vernalization requirements not yet fulfilled. Forcing vernalization now (VERN=47.688571).
[2026-03-24 12:57:46,588][pcse.crop.phenology.Vernalisation][INFO] - Critical DVS for vernalization (VERNDVS) reached at day 1984-06-07, but vernalization requirements not yet fulfilled. Forcing vernalization now (VERN=47.688571).
[2026-03-24 12:57:46,622][pcse.crop.phenology.Vernalisation][INFO] - Critical DVS for vernalization (VERNDVS) reached at day 1984-06-08, but vernalization requirements not yet fulfilled. Forcing vernalization now (VERN=47.688571).
[2026-03-24 12:57:46,654][pcse.crop.phenology.Vernalisation][INFO] - Critical DVS for vernalization (VERNDVS) reached at day 1984-06-09, but vernalization requirements not yet fulfilled. Forcing vernalization now (VERN=47.688571).
[2026-03-24 12:57:46,688][pcse.crop.phenology.Vernalisation][INFO] - Critical DVS for vernalization (VERNDVS) reached at day 1984-06-10, but vernalization requirements not yet fulfilled. Forcing vernalization now (VERN=47.688571).
[2026-03-24 12:57:46,719][pcse.crop.phenology.Vernalisation][INFO] - Critical DVS for vernalization (VERNDVS) reached at day 1984-06-11, but vernalization requirements not yet fulfilled. Forcing vernalization now (VERN=47.688571).
[2026-03-24 12:57:46,753][pcse.crop.phenology.Vernalisation][INFO] - Critical DVS for vernalization (VERNDVS) reached at day 1984-06-12, but vernalization requirements not yet fulfilled. Forcing vernalization now (VERN=47.688571).
[2026-03-24 12:57:46,786][pcse.crop.phenology.Vernalisation][INFO] - Critical DVS for vernalization (VERNDVS) reached at day 1984-06-13, but vernalization requirements not yet fulfilled. Forcing vernalization now (VERN=47.688571).
[2026-03-24 12:57:46,818][pcse.crop.phenology.Vernalisation][INFO] - Critical DVS for vernalization (VERNDVS) reached at day 1984-06-14, but vernalization requirements not yet fulfilled. Forcing vernalization now (VERN=47.688571).
[2026-03-24 12:57:46,850][pcse.crop.phenology.Vernalisation][INFO] - Critical DVS for vernalization (VERNDVS) reached at day 1984-06-15, but vernalization requirements not yet fulfilled. Forcing vernalization now (VERN=47.688571).
[2026-03-24 12:57:46,884][pcse.crop.phenology.Vernalisation][INFO] - Critical DVS for vernalization (VERNDVS) reached at day 1984-06-16, but vernalization requirements not yet fulfilled. Forcing vernalization now (VERN=47.688571).
[2026-03-24 12:57:46,916][pcse.crop.phenology.Vernalisation][INFO] - Critical DVS for vernalization (VERNDVS) reached at day 1984-06-17, but vernalization requirements not yet fulfilled. Forcing vernalization now (VERN=47.688571).
[2026-03-24 12:57:46,950][pcse.crop.phenology.Vernalisation][INFO] - Critical DVS for vernalization (VERNDVS) reached at day 1984-06-18, but vernalization requirements not yet fulfilled. Forcing vernalization now (VERN=47.688571).
[2026-03-24 12:57:46,983][pcse.crop.phenology.Vernalisation][INFO] - Critical DVS for vernalization (VERNDVS) reached at day 1984-06-19, but vernalization requirements not yet fulfilled. Forcing vernalization now (VERN=47.688571).
[2026-03-24 12:57:47,016][pcse.crop.phenology.Vernalisation][INFO] - Critical DVS for vernalization (VERNDVS) reached at day 1984-06-20, but vernalization requirements not yet fulfilled. Forcing vernalization now (VERN=47.688571).
[2026-03-24 12:57:47,051][pcse.crop.phenology.Vernalisation][INFO] - Critical DVS for vernalization (VERNDVS) reached at day 1984-06-21, but vernalization requirements not yet fulfilled. Forcing vernalization now (VERN=47.688571).
[2026-03-24 12:57:47,082][pcse.crop.phenology.Vernalisation][INFO] - Critical DVS for vernalization (VERNDVS) reached at day 1984-06-22, but vernalization requirements not yet fulfilled. Forcing vernalization now (VERN=47.688571).
[2026-03-24 12:57:47,132][pcse.crop.phenology.Vernalisation][INFO] - Critical DVS for vernalization (VERNDVS) reached at day 1984-06-23, but vernalization requirements not yet fulfilled. Forcing vernalization now (VERN=47.688571).
[2026-03-24 12:57:47,170][pcse.crop.phenology.Vernalisation][INFO] - Critical DVS for vernalization (VERNDVS) reached at day 1984-06-24, but vernalization requirements not yet fulfilled. Forcing vernalization now (VERN=47.688571).
[2026-03-24 12:57:47,206][pcse.crop.phenology.Vernalisation][INFO] - Critical DVS for vernalization (VERNDVS) reached at day 1984-06-25, but vernalization requirements not yet fulfilled. Forcing vernalization now (VERN=47.688571).
[2026-03-24 12:57:47,243][pcse.crop.phenology.Vernalisation][INFO] - Critical DVS for vernalization (VERNDVS) reached at day 1984-06-26, but vernalization requirements not yet fulfilled. Forcing vernalization now (VERN=47.688571).
[2026-03-24 12:57:47,280][pcse.crop.phenology.Vernalisation][INFO] - Critical DVS for vernalization (VERNDVS) reached at day 1984-06-27, but vernalization requirements not yet fulfilled. Forcing vernalization now (VERN=47.688571).
[2026-03-24 12:57:47,316][pcse.crop.phenology.Vernalisation][INFO] - Critical DVS for vernalization (VERNDVS) reached at day 1984-06-28, but vernalization requirements not yet fulfilled. Forcing vernalization now (VERN=47.688571).
[2026-03-24 12:57:47,353][pcse.crop.phenology.Vernalisation][INFO] - Critical DVS for vernalization (VERNDVS) reached at day 1984-06-29, but vernalization requirements not yet fulfilled. Forcing vernalization now (VERN=47.688571).
[2026-03-24 12:57:47,353][pcse.crop.phenology.Annual_Phenology][INFO] - Changed phenological stage 'vegetative' to 'reproductive' on 1984-06-29
[2026-03-24 12:57:49,969][pcse.crop.phenology.Annual_Phenology][INFO] - Changed phenological stage 'reproductive' to 'mature' on 1984-09-13
[2026-03-24 12:57:50,553][pcse.base.timer.Timer][INFO] - Reached end of simulation period as specified by END_DATE.
| train          | E: 43 | S: 10363 | R: -2.1476 | TR: 0.0000 | TF: 512 | LR: 0 | NR: 0 | D: 08.4 s | TD: 00.0 s | BR: -0.0098 | ALOSS: 16784.5790 | CLOSS: 2506379.5070 | TLOSS: -79.1309 | TVAL: 0.1424 | AENT: -556.6408 | BCLOSS: 0.0000
[EPISODE DBG] episode=43 step=10363 pred_return=-2.169664 true_return=0.228308 total_feedback=512 labeled_feedback=0
[2026-03-24 12:57:50,564][pcse.agromanager.SoilCalendar][INFO] - Starting soil (oregon) with variation (oregon_1) on day 1984-02-01
[2026-03-24 12:57:50,566][pcse.agromanager.CropCalendar][INFO] - Starting crop (wheat) with variety (wheat_1) on day 1984-02-01
[2026-03-24 12:57:53,154][pcse.crop.phenology.Annual_Phenology][INFO] - Changed phenological stage 'emerging' to 'vegetative' on 1984-04-10
[2026-03-24 12:57:54,942][pcse.crop.phenology.Vernalisation][INFO] - Critical DVS for vernalization (VERNDVS) reached at day 1984-06-02, but vernalization requirements not yet fulfilled. Forcing vernalization now (VERN=47.688571).
[2026-03-24 12:57:54,977][pcse.crop.phenology.Vernalisation][INFO] - Critical DVS for vernalization (VERNDVS) reached at day 1984-06-03, but vernalization requirements not yet fulfilled. Forcing vernalization now (VERN=47.688571).
[2026-03-24 12:57:55,011][pcse.crop.phenology.Vernalisation][INFO] - Critical DVS for vernalization (VERNDVS) reached at day 1984-06-04, but vernalization requirements not yet fulfilled. Forcing vernalization now (VERN=47.688571).
[2026-03-24 12:57:55,046][pcse.crop.phenology.Vernalisation][INFO] - Critical DVS for vernalization (VERNDVS) reached at day 1984-06-05, but vernalization requirements not yet fulfilled. Forcing vernalization now (VERN=47.688571).
[2026-03-24 12:57:55,079][pcse.crop.phenology.Vernalisation][INFO] - Critical DVS for vernalization (VERNDVS) reached at day 1984-06-06, but vernalization requirements not yet fulfilled. Forcing vernalization now (VERN=47.688571).
[2026-03-24 12:57:55,115][pcse.crop.phenology.Vernalisation][INFO] - Critical DVS for vernalization (VERNDVS) reached at day 1984-06-07, but vernalization requirements not yet fulfilled. Forcing vernalization now (VERN=47.688571).
[2026-03-24 12:57:55,148][pcse.crop.phenology.Vernalisation][INFO] - Critical DVS for vernalization (VERNDVS) reached at day 1984-06-08, but vernalization requirements not yet fulfilled. Forcing vernalization now (VERN=47.688571).
[2026-03-24 12:57:55,181][pcse.crop.phenology.Vernalisation][INFO] - Critical DVS for vernalization (VERNDVS) reached at day 1984-06-09, but vernalization requirements not yet fulfilled. Forcing vernalization now (VERN=47.688571).
[2026-03-24 12:57:55,213][pcse.crop.phenology.Vernalisation][INFO] - Critical DVS for vernalization (VERNDVS) reached at day 1984-06-10, but vernalization requirements not yet fulfilled. Forcing vernalization now (VERN=47.688571).
[2026-03-24 12:57:55,247][pcse.crop.phenology.Vernalisation][INFO] - Critical DVS for vernalization (VERNDVS) reached at day 1984-06-11, but vernalization requirements not yet fulfilled. Forcing vernalization now (VERN=47.688571).
[2026-03-24 12:57:55,279][pcse.crop.phenology.Vernalisation][INFO] - Critical DVS for vernalization (VERNDVS) reached at day 1984-06-12, but vernalization requirements not yet fulfilled. Forcing vernalization now (VERN=47.688571).
[2026-03-24 12:57:55,313][pcse.crop.phenology.Vernalisation][INFO] - Critical DVS for vernalization (VERNDVS) reached at day 1984-06-13, but vernalization requirements not yet fulfilled. Forcing vernalization now (VERN=47.688571).
[2026-03-24 12:57:55,346][pcse.crop.phenology.Vernalisation][INFO] - Critical DVS for vernalization (VERNDVS) reached at day 1984-06-14, but vernalization requirements not yet fulfilled. Forcing vernalization now (VERN=47.688571).
[2026-03-24 12:57:55,380][pcse.crop.phenology.Vernalisation][INFO] - Critical DVS for vernalization (VERNDVS) reached at day 1984-06-15, but vernalization requirements not yet fulfilled. Forcing vernalization now (VERN=47.688571).
[2026-03-24 12:57:55,414][pcse.crop.phenology.Vernalisation][INFO] - Critical DVS for vernalization (VERNDVS) reached at day 1984-06-16, but vernalization requirements not yet fulfilled. Forcing vernalization now (VERN=47.688571).
[2026-03-24 12:57:55,448][pcse.crop.phenology.Vernalisation][INFO] - Critical DVS for vernalization (VERNDVS) reached at day 1984-06-17, but vernalization requirements not yet fulfilled. Forcing vernalization now (VERN=47.688571).
[2026-03-24 12:57:55,480][pcse.crop.phenology.Vernalisation][INFO] - Critical DVS for vernalization (VERNDVS) reached at day 1984-06-18, but vernalization requirements not yet fulfilled. Forcing vernalization now (VERN=47.688571).
[REPLAY DBG] post-agent-update step=10500 n=10500 mean=-0.009796 std=0.015162 min=-0.092897 max=0.013632
[2026-03-24 12:57:55,515][pcse.crop.phenology.Vernalisation][INFO] - Critical DVS for vernalization (VERNDVS) reached at day 1984-06-19, but vernalization requirements not yet fulfilled. Forcing vernalization now (VERN=47.688571).
[STEP DBG] step=10500 env_reward=0.000000 r_hat=0.002765 done=False
[NORM DBG] count=10500 mean_abs_mean=62525.058594 mean_std=9.247049 min_std=0.001000 max_std=69.516396
[2026-03-24 12:57:55,548][pcse.crop.phenology.Vernalisation][INFO] - Critical DVS for vernalization (VERNDVS) reached at day 1984-06-20, but vernalization requirements not yet fulfilled. Forcing vernalization now (VERN=47.688571).
[2026-03-24 12:57:55,583][pcse.crop.phenology.Vernalisation][INFO] - Critical DVS for vernalization (VERNDVS) reached at day 1984-06-21, but vernalization requirements not yet fulfilled. Forcing vernalization now (VERN=47.688571).
[2026-03-24 12:57:55,617][pcse.crop.phenology.Vernalisation][INFO] - Critical DVS for vernalization (VERNDVS) reached at day 1984-06-22, but vernalization requirements not yet fulfilled. Forcing vernalization now (VERN=47.688571).
[2026-03-24 12:57:55,652][pcse.crop.phenology.Vernalisation][INFO] - Critical DVS for vernalization (VERNDVS) reached at day 1984-06-23, but vernalization requirements not yet fulfilled. Forcing vernalization now (VERN=47.688571).
[2026-03-24 12:57:55,685][pcse.crop.phenology.Vernalisation][INFO] - Critical DVS for vernalization (VERNDVS) reached at day 1984-06-24, but vernalization requirements not yet fulfilled. Forcing vernalization now (VERN=47.688571).
[2026-03-24 12:57:55,720][pcse.crop.phenology.Vernalisation][INFO] - Critical DVS for vernalization (VERNDVS) reached at day 1984-06-25, but vernalization requirements not yet fulfilled. Forcing vernalization now (VERN=47.688571).
[2026-03-24 12:57:55,753][pcse.crop.phenology.Vernalisation][INFO] - Critical DVS for vernalization (VERNDVS) reached at day 1984-06-26, but vernalization requirements not yet fulfilled. Forcing vernalization now (VERN=47.688571).
[2026-03-24 12:57:55,788][pcse.crop.phenology.Vernalisation][INFO] - Critical DVS for vernalization (VERNDVS) reached at day 1984-06-27, but vernalization requirements not yet fulfilled. Forcing vernalization now (VERN=47.688571).
[2026-03-24 12:57:55,821][pcse.crop.phenology.Vernalisation][INFO] - Critical DVS for vernalization (VERNDVS) reached at day 1984-06-28, but vernalization requirements not yet fulfilled. Forcing vernalization now (VERN=47.688571).
[2026-03-24 12:57:55,855][pcse.crop.phenology.Vernalisation][INFO] - Critical DVS for vernalization (VERNDVS) reached at day 1984-06-29, but vernalization requirements not yet fulfilled. Forcing vernalization now (VERN=47.688571).
[2026-03-24 12:57:55,855][pcse.crop.phenology.Annual_Phenology][INFO] - Changed phenological stage 'vegetative' to 'reproductive' on 1984-06-29
[2026-03-24 12:57:58,444][pcse.crop.phenology.Annual_Phenology][INFO] - Changed phenological stage 'reproductive' to 'mature' on 1984-09-13
[2026-03-24 12:57:59,396][pcse.base.timer.Timer][INFO] - Reached end of simulation period as specified by END_DATE.
| train          | E: 44 | S: 10604 | R: -2.1697 | TR: 0.2283 | TF: 512 | LR: 0 | NR: 0 | D: 08.8 s | TD: 00.0 s | BR: -0.0098 | ALOSS: 16609.9640 | CLOSS: 2532243.4380 | TLOSS: -80.5382 | TVAL: 0.1452 | AENT: -555.5772 | BCLOSS: 0.0000
[EPISODE DBG] episode=44 step=10604 pred_return=-2.146577 true_return=0.000000 total_feedback=512 labeled_feedback=0
[2026-03-24 12:57:59,408][pcse.agromanager.SoilCalendar][INFO] - Starting soil (oregon) with variation (oregon_1) on day 1984-02-01
[2026-03-24 12:57:59,410][pcse.agromanager.CropCalendar][INFO] - Starting crop (wheat) with variety (wheat_1) on day 1984-02-01
[2026-03-24 12:58:01,776][pcse.crop.phenology.Annual_Phenology][INFO] - Changed phenological stage 'emerging' to 'vegetative' on 1984-04-10
[2026-03-24 12:58:03,528][pcse.crop.phenology.Vernalisation][INFO] - Critical DVS for vernalization (VERNDVS) reached at day 1984-06-02, but vernalization requirements not yet fulfilled. Forcing vernalization now (VERN=47.688571).
[2026-03-24 12:58:03,562][pcse.crop.phenology.Vernalisation][INFO] - Critical DVS for vernalization (VERNDVS) reached at day 1984-06-03, but vernalization requirements not yet fulfilled. Forcing vernalization now (VERN=47.688571).
[2026-03-24 12:58:03,596][pcse.crop.phenology.Vernalisation][INFO] - Critical DVS for vernalization (VERNDVS) reached at day 1984-06-04, but vernalization requirements not yet fulfilled. Forcing vernalization now (VERN=47.688571).
[2026-03-24 12:58:03,630][pcse.crop.phenology.Vernalisation][INFO] - Critical DVS for vernalization (VERNDVS) reached at day 1984-06-05, but vernalization requirements not yet fulfilled. Forcing vernalization now (VERN=47.688571).
[2026-03-24 12:58:03,664][pcse.crop.phenology.Vernalisation][INFO] - Critical DVS for vernalization (VERNDVS) reached at day 1984-06-06, but vernalization requirements not yet fulfilled. Forcing vernalization now (VERN=47.688571).
[2026-03-24 12:58:03,698][pcse.crop.phenology.Vernalisation][INFO] - Critical DVS for vernalization (VERNDVS) reached at day 1984-06-07, but vernalization requirements not yet fulfilled. Forcing vernalization now (VERN=47.688571).
[2026-03-24 12:58:03,732][pcse.crop.phenology.Vernalisation][INFO] - Critical DVS for vernalization (VERNDVS) reached at day 1984-06-08, but vernalization requirements not yet fulfilled. Forcing vernalization now (VERN=47.688571).
[2026-03-24 12:58:03,767][pcse.crop.phenology.Vernalisation][INFO] - Critical DVS for vernalization (VERNDVS) reached at day 1984-06-09, but vernalization requirements not yet fulfilled. Forcing vernalization now (VERN=47.688571).
[2026-03-24 12:58:03,800][pcse.crop.phenology.Vernalisation][INFO] - Critical DVS for vernalization (VERNDVS) reached at day 1984-06-10, but vernalization requirements not yet fulfilled. Forcing vernalization now (VERN=47.688571).
[2026-03-24 12:58:03,834][pcse.crop.phenology.Vernalisation][INFO] - Critical DVS for vernalization (VERNDVS) reached at day 1984-06-11, but vernalization requirements not yet fulfilled. Forcing vernalization now (VERN=47.688571).
[2026-03-24 12:58:03,868][pcse.crop.phenology.Vernalisation][INFO] - Critical DVS for vernalization (VERNDVS) reached at day 1984-06-12, but vernalization requirements not yet fulfilled. Forcing vernalization now (VERN=47.688571).
[2026-03-24 12:58:03,902][pcse.crop.phenology.Vernalisation][INFO] - Critical DVS for vernalization (VERNDVS) reached at day 1984-06-13, but vernalization requirements not yet fulfilled. Forcing vernalization now (VERN=47.688571).
[2026-03-24 12:58:03,935][pcse.crop.phenology.Vernalisation][INFO] - Critical DVS for vernalization (VERNDVS) reached at day 1984-06-14, but vernalization requirements not yet fulfilled. Forcing vernalization now (VERN=47.688571).
[2026-03-24 12:58:03,969][pcse.crop.phenology.Vernalisation][INFO] - Critical DVS for vernalization (VERNDVS) reached at day 1984-06-15, but vernalization requirements not yet fulfilled. Forcing vernalization now (VERN=47.688571).
[2026-03-24 12:58:04,003][pcse.crop.phenology.Vernalisation][INFO] - Critical DVS for vernalization (VERNDVS) reached at day 1984-06-16, but vernalization requirements not yet fulfilled. Forcing vernalization now (VERN=47.688571).
[2026-03-24 12:58:04,037][pcse.crop.phenology.Vernalisation][INFO] - Critical DVS for vernalization (VERNDVS) reached at day 1984-06-17, but vernalization requirements not yet fulfilled. Forcing vernalization now (VERN=47.688571).
[2026-03-24 12:58:04,072][pcse.crop.phenology.Vernalisation][INFO] - Critical DVS for vernalization (VERNDVS) reached at day 1984-06-18, but vernalization requirements not yet fulfilled. Forcing vernalization now (VERN=47.688571).
[2026-03-24 12:58:04,106][pcse.crop.phenology.Vernalisation][INFO] - Critical DVS for vernalization (VERNDVS) reached at day 1984-06-19, but vernalization requirements not yet fulfilled. Forcing vernalization now (VERN=47.688571).
[2026-03-24 12:58:04,140][pcse.crop.phenology.Vernalisation][INFO] - Critical DVS for vernalization (VERNDVS) reached at day 1984-06-20, but vernalization requirements not yet fulfilled. Forcing vernalization now (VERN=47.688571).
[2026-03-24 12:58:04,173][pcse.crop.phenology.Vernalisation][INFO] - Critical DVS for vernalization (VERNDVS) reached at day 1984-06-21, but vernalization requirements not yet fulfilled. Forcing vernalization now (VERN=47.688571).
[2026-03-24 12:58:04,207][pcse.crop.phenology.Vernalisation][INFO] - Critical DVS for vernalization (VERNDVS) reached at day 1984-06-22, but vernalization requirements not yet fulfilled. Forcing vernalization now (VERN=47.688571).
[2026-03-24 12:58:04,241][pcse.crop.phenology.Vernalisation][INFO] - Critical DVS for vernalization (VERNDVS) reached at day 1984-06-23, but vernalization requirements not yet fulfilled. Forcing vernalization now (VERN=47.688571).
[2026-03-24 12:58:04,274][pcse.crop.phenology.Vernalisation][INFO] - Critical DVS for vernalization (VERNDVS) reached at day 1984-06-24, but vernalization requirements not yet fulfilled. Forcing vernalization now (VERN=47.688571).
[2026-03-24 12:58:04,306][pcse.crop.phenology.Vernalisation][INFO] - Critical DVS for vernalization (VERNDVS) reached at day 1984-06-25, but vernalization requirements not yet fulfilled. Forcing vernalization now (VERN=47.688571).
[2026-03-24 12:58:04,340][pcse.crop.phenology.Vernalisation][INFO] - Critical DVS for vernalization (VERNDVS) reached at day 1984-06-26, but vernalization requirements not yet fulfilled. Forcing vernalization now (VERN=47.688571).
[2026-03-24 12:58:04,372][pcse.crop.phenology.Vernalisation][INFO] - Critical DVS for vernalization (VERNDVS) reached at day 1984-06-27, but vernalization requirements not yet fulfilled. Forcing vernalization now (VERN=47.688571).
[2026-03-24 12:58:04,405][pcse.crop.phenology.Vernalisation][INFO] - Critical DVS for vernalization (VERNDVS) reached at day 1984-06-28, but vernalization requirements not yet fulfilled. Forcing vernalization now (VERN=47.688571).
[2026-03-24 12:58:04,439][pcse.crop.phenology.Vernalisation][INFO] - Critical DVS for vernalization (VERNDVS) reached at day 1984-06-29, but vernalization requirements not yet fulfilled. Forcing vernalization now (VERN=47.688571).
[2026-03-24 12:58:04,439][pcse.crop.phenology.Annual_Phenology][INFO] - Changed phenological stage 'vegetative' to 'reproductive' on 1984-06-29
[2026-03-24 12:58:07,201][pcse.crop.phenology.Annual_Phenology][INFO] - Changed phenological stage 'reproductive' to 'mature' on 1984-09-13
[2026-03-24 12:58:07,699][pcse.base.timer.Timer][INFO] - Reached end of simulation period as specified by END_DATE.
| train          | E: 45 | S: 10845 | R: -2.1466 | TR: 0.0000 | TF: 512 | LR: 0 | NR: 0 | D: 08.3 s | TD: 00.0 s | BR: -0.0097 | ALOSS: 16362.6562 | CLOSS: 2525089.6778 | TLOSS: -81.3549 | TVAL: 0.1482 | AENT: -549.9805 | BCLOSS: 0.0000
[EPISODE DBG] episode=45 step=10845 pred_return=-2.169283 true_return=0.228308 total_feedback=512 labeled_feedback=0
[2026-03-24 12:58:07,705][pcse.agromanager.SoilCalendar][INFO] - Starting soil (oregon) with variation (oregon_1) on day 1984-02-01
[2026-03-24 12:58:07,707][pcse.agromanager.CropCalendar][INFO] - Starting crop (wheat) with variety (wheat_1) on day 1984-02-01
[2026-03-24 12:58:09,982][pcse.crop.phenology.Annual_Phenology][INFO] - Changed phenological stage 'emerging' to 'vegetative' on 1984-04-10
[2026-03-24 12:58:11,661][pcse.crop.phenology.Vernalisation][INFO] - Critical DVS for vernalization (VERNDVS) reached at day 1984-06-02, but vernalization requirements not yet fulfilled. Forcing vernalization now (VERN=47.688571).
[2026-03-24 12:58:11,692][pcse.crop.phenology.Vernalisation][INFO] - Critical DVS for vernalization (VERNDVS) reached at day 1984-06-03, but vernalization requirements not yet fulfilled. Forcing vernalization now (VERN=47.688571).
[2026-03-24 12:58:11,717][pcse.crop.phenology.Vernalisation][INFO] - Critical DVS for vernalization (VERNDVS) reached at day 1984-06-04, but vernalization requirements not yet fulfilled. Forcing vernalization now (VERN=47.688571).
[2026-03-24 12:58:11,748][pcse.crop.phenology.Vernalisation][INFO] - Critical DVS for vernalization (VERNDVS) reached at day 1984-06-05, but vernalization requirements not yet fulfilled. Forcing vernalization now (VERN=47.688571).
[2026-03-24 12:58:11,781][pcse.crop.phenology.Vernalisation][INFO] - Critical DVS for vernalization (VERNDVS) reached at day 1984-06-06, but vernalization requirements not yet fulfilled. Forcing vernalization now (VERN=47.688571).
[2026-03-24 12:58:11,813][pcse.crop.phenology.Vernalisation][INFO] - Critical DVS for vernalization (VERNDVS) reached at day 1984-06-07, but vernalization requirements not yet fulfilled. Forcing vernalization now (VERN=47.688571).
[2026-03-24 12:58:11,842][pcse.crop.phenology.Vernalisation][INFO] - Critical DVS for vernalization (VERNDVS) reached at day 1984-06-08, but vernalization requirements not yet fulfilled. Forcing vernalization now (VERN=47.688571).
[2026-03-24 12:58:11,868][pcse.crop.phenology.Vernalisation][INFO] - Critical DVS for vernalization (VERNDVS) reached at day 1984-06-09, but vernalization requirements not yet fulfilled. Forcing vernalization now (VERN=47.688571).
[2026-03-24 12:58:11,902][pcse.crop.phenology.Vernalisation][INFO] - Critical DVS for vernalization (VERNDVS) reached at day 1984-06-10, but vernalization requirements not yet fulfilled. Forcing vernalization now (VERN=47.688571).
[2026-03-24 12:58:11,935][pcse.crop.phenology.Vernalisation][INFO] - Critical DVS for vernalization (VERNDVS) reached at day 1984-06-11, but vernalization requirements not yet fulfilled. Forcing vernalization now (VERN=47.688571).
[2026-03-24 12:58:11,964][pcse.crop.phenology.Vernalisation][INFO] - Critical DVS for vernalization (VERNDVS) reached at day 1984-06-12, but vernalization requirements not yet fulfilled. Forcing vernalization now (VERN=47.688571).
[2026-03-24 12:58:11,989][pcse.crop.phenology.Vernalisation][INFO] - Critical DVS for vernalization (VERNDVS) reached at day 1984-06-13, but vernalization requirements not yet fulfilled. Forcing vernalization now (VERN=47.688571).
[2026-03-24 12:58:12,021][pcse.crop.phenology.Vernalisation][INFO] - Critical DVS for vernalization (VERNDVS) reached at day 1984-06-14, but vernalization requirements not yet fulfilled. Forcing vernalization now (VERN=47.688571).
[2026-03-24 12:58:12,052][pcse.crop.phenology.Vernalisation][INFO] - Critical DVS for vernalization (VERNDVS) reached at day 1984-06-15, but vernalization requirements not yet fulfilled. Forcing vernalization now (VERN=47.688571).
[2026-03-24 12:58:12,084][pcse.crop.phenology.Vernalisation][INFO] - Critical DVS for vernalization (VERNDVS) reached at day 1984-06-16, but vernalization requirements not yet fulfilled. Forcing vernalization now (VERN=47.688571).
[2026-03-24 12:58:12,116][pcse.crop.phenology.Vernalisation][INFO] - Critical DVS for vernalization (VERNDVS) reached at day 1984-06-17, but vernalization requirements not yet fulfilled. Forcing vernalization now (VERN=47.688571).
[2026-03-24 12:58:12,145][pcse.crop.phenology.Vernalisation][INFO] - Critical DVS for vernalization (VERNDVS) reached at day 1984-06-18, but vernalization requirements not yet fulfilled. Forcing vernalization now (VERN=47.688571).
[2026-03-24 12:58:12,168][pcse.crop.phenology.Vernalisation][INFO] - Critical DVS for vernalization (VERNDVS) reached at day 1984-06-19, but vernalization requirements not yet fulfilled. Forcing vernalization now (VERN=47.688571).
[2026-03-24 12:58:12,192][pcse.crop.phenology.Vernalisation][INFO] - Critical DVS for vernalization (VERNDVS) reached at day 1984-06-20, but vernalization requirements not yet fulfilled. Forcing vernalization now (VERN=47.688571).
[2026-03-24 12:58:12,221][pcse.crop.phenology.Vernalisation][INFO] - Critical DVS for vernalization (VERNDVS) reached at day 1984-06-21, but vernalization requirements not yet fulfilled. Forcing vernalization now (VERN=47.688571).
[2026-03-24 12:58:12,253][pcse.crop.phenology.Vernalisation][INFO] - Critical DVS for vernalization (VERNDVS) reached at day 1984-06-22, but vernalization requirements not yet fulfilled. Forcing vernalization now (VERN=47.688571).
[2026-03-24 12:58:12,283][pcse.crop.phenology.Vernalisation][INFO] - Critical DVS for vernalization (VERNDVS) reached at day 1984-06-23, but vernalization requirements not yet fulfilled. Forcing vernalization now (VERN=47.688571).
[2026-03-24 12:58:12,311][pcse.crop.phenology.Vernalisation][INFO] - Critical DVS for vernalization (VERNDVS) reached at day 1984-06-24, but vernalization requirements not yet fulfilled. Forcing vernalization now (VERN=47.688571).
[2026-03-24 12:58:12,338][pcse.crop.phenology.Vernalisation][INFO] - Critical DVS for vernalization (VERNDVS) reached at day 1984-06-25, but vernalization requirements not yet fulfilled. Forcing vernalization now (VERN=47.688571).
[2026-03-24 12:58:12,369][pcse.crop.phenology.Vernalisation][INFO] - Critical DVS for vernalization (VERNDVS) reached at day 1984-06-26, but vernalization requirements not yet fulfilled. Forcing vernalization now (VERN=47.688571).
[2026-03-24 12:58:12,400][pcse.crop.phenology.Vernalisation][INFO] - Critical DVS for vernalization (VERNDVS) reached at day 1984-06-27, but vernalization requirements not yet fulfilled. Forcing vernalization now (VERN=47.688571).
[2026-03-24 12:58:12,431][pcse.crop.phenology.Vernalisation][INFO] - Critical DVS for vernalization (VERNDVS) reached at day 1984-06-28, but vernalization requirements not yet fulfilled. Forcing vernalization now (VERN=47.688571).
[2026-03-24 12:58:12,460][pcse.crop.phenology.Vernalisation][INFO] - Critical DVS for vernalization (VERNDVS) reached at day 1984-06-29, but vernalization requirements not yet fulfilled. Forcing vernalization now (VERN=47.688571).
[2026-03-24 12:58:12,460][pcse.crop.phenology.Annual_Phenology][INFO] - Changed phenological stage 'vegetative' to 'reproductive' on 1984-06-29
[REPLAY DBG] post-agent-update step=11000 n=11000 mean=-0.009742 std=0.015101 min=-0.093318 max=0.013632
[STEP DBG] step=11000 env_reward=0.000000 r_hat=0.001510 done=False
[NORM DBG] count=11000 mean_abs_mean=62525.066406 mean_std=9.240913 min_std=0.001000 max_std=69.470352
[2026-03-24 12:58:15,363][pcse.crop.phenology.Annual_Phenology][INFO] - Changed phenological stage 'reproductive' to 'mature' on 1984-09-13
[2026-03-24 12:58:15,926][pcse.base.timer.Timer][INFO] - Reached end of simulation period as specified by END_DATE.
| train          | E: 46 | S: 11086 | R: -2.1693 | TR: 0.2283 | TF: 512 | LR: 0 | NR: 0 | D: 08.2 s | TD: 00.0 s | BR: -0.0097 | ALOSS: 16111.2647 | CLOSS: 2544599.8167 | TLOSS: -82.7480 | TVAL: 0.1513 | AENT: -547.9613 | BCLOSS: 0.0000
[EPISODE DBG] episode=46 step=11086 pred_return=-2.146159 true_return=0.000000 total_feedback=512 labeled_feedback=0
[2026-03-24 12:58:15,940][pcse.agromanager.SoilCalendar][INFO] - Starting soil (oregon) with variation (oregon_1) on day 1984-02-01
[2026-03-24 12:58:15,943][pcse.agromanager.CropCalendar][INFO] - Starting crop (wheat) with variety (wheat_1) on day 1984-02-01
[2026-03-24 12:58:18,306][pcse.crop.phenology.Annual_Phenology][INFO] - Changed phenological stage 'emerging' to 'vegetative' on 1984-04-10
[2026-03-24 12:58:20,530][pcse.crop.phenology.Vernalisation][INFO] - Critical DVS for vernalization (VERNDVS) reached at day 1984-06-02, but vernalization requirements not yet fulfilled. Forcing vernalization now (VERN=47.688571).
[2026-03-24 12:58:20,565][pcse.crop.phenology.Vernalisation][INFO] - Critical DVS for vernalization (VERNDVS) reached at day 1984-06-03, but vernalization requirements not yet fulfilled. Forcing vernalization now (VERN=47.688571).
[2026-03-24 12:58:20,600][pcse.crop.phenology.Vernalisation][INFO] - Critical DVS for vernalization (VERNDVS) reached at day 1984-06-04, but vernalization requirements not yet fulfilled. Forcing vernalization now (VERN=47.688571).
[2026-03-24 12:58:20,634][pcse.crop.phenology.Vernalisation][INFO] - Critical DVS for vernalization (VERNDVS) reached at day 1984-06-05, but vernalization requirements not yet fulfilled. Forcing vernalization now (VERN=47.688571).
[2026-03-24 12:58:20,668][pcse.crop.phenology.Vernalisation][INFO] - Critical DVS for vernalization (VERNDVS) reached at day 1984-06-06, but vernalization requirements not yet fulfilled. Forcing vernalization now (VERN=47.688571).
[2026-03-24 12:58:20,703][pcse.crop.phenology.Vernalisation][INFO] - Critical DVS for vernalization (VERNDVS) reached at day 1984-06-07, but vernalization requirements not yet fulfilled. Forcing vernalization now (VERN=47.688571).
[2026-03-24 12:58:20,738][pcse.crop.phenology.Vernalisation][INFO] - Critical DVS for vernalization (VERNDVS) reached at day 1984-06-08, but vernalization requirements not yet fulfilled. Forcing vernalization now (VERN=47.688571).
[2026-03-24 12:58:20,773][pcse.crop.phenology.Vernalisation][INFO] - Critical DVS for vernalization (VERNDVS) reached at day 1984-06-09, but vernalization requirements not yet fulfilled. Forcing vernalization now (VERN=47.688571).
[2026-03-24 12:58:20,807][pcse.crop.phenology.Vernalisation][INFO] - Critical DVS for vernalization (VERNDVS) reached at day 1984-06-10, but vernalization requirements not yet fulfilled. Forcing vernalization now (VERN=47.688571).
[2026-03-24 12:58:20,842][pcse.crop.phenology.Vernalisation][INFO] - Critical DVS for vernalization (VERNDVS) reached at day 1984-06-11, but vernalization requirements not yet fulfilled. Forcing vernalization now (VERN=47.688571).
[2026-03-24 12:58:20,877][pcse.crop.phenology.Vernalisation][INFO] - Critical DVS for vernalization (VERNDVS) reached at day 1984-06-12, but vernalization requirements not yet fulfilled. Forcing vernalization now (VERN=47.688571).
[2026-03-24 12:58:20,912][pcse.crop.phenology.Vernalisation][INFO] - Critical DVS for vernalization (VERNDVS) reached at day 1984-06-13, but vernalization requirements not yet fulfilled. Forcing vernalization now (VERN=47.688571).
[2026-03-24 12:58:20,948][pcse.crop.phenology.Vernalisation][INFO] - Critical DVS for vernalization (VERNDVS) reached at day 1984-06-14, but vernalization requirements not yet fulfilled. Forcing vernalization now (VERN=47.688571).
[2026-03-24 12:58:20,983][pcse.crop.phenology.Vernalisation][INFO] - Critical DVS for vernalization (VERNDVS) reached at day 1984-06-15, but vernalization requirements not yet fulfilled. Forcing vernalization now (VERN=47.688571).
[2026-03-24 12:58:21,019][pcse.crop.phenology.Vernalisation][INFO] - Critical DVS for vernalization (VERNDVS) reached at day 1984-06-16, but vernalization requirements not yet fulfilled. Forcing vernalization now (VERN=47.688571).
[2026-03-24 12:58:21,053][pcse.crop.phenology.Vernalisation][INFO] - Critical DVS for vernalization (VERNDVS) reached at day 1984-06-17, but vernalization requirements not yet fulfilled. Forcing vernalization now (VERN=47.688571).
[2026-03-24 12:58:21,088][pcse.crop.phenology.Vernalisation][INFO] - Critical DVS for vernalization (VERNDVS) reached at day 1984-06-18, but vernalization requirements not yet fulfilled. Forcing vernalization now (VERN=47.688571).
[2026-03-24 12:58:21,124][pcse.crop.phenology.Vernalisation][INFO] - Critical DVS for vernalization (VERNDVS) reached at day 1984-06-19, but vernalization requirements not yet fulfilled. Forcing vernalization now (VERN=47.688571).
[2026-03-24 12:58:21,159][pcse.crop.phenology.Vernalisation][INFO] - Critical DVS for vernalization (VERNDVS) reached at day 1984-06-20, but vernalization requirements not yet fulfilled. Forcing vernalization now (VERN=47.688571).
[2026-03-24 12:58:21,194][pcse.crop.phenology.Vernalisation][INFO] - Critical DVS for vernalization (VERNDVS) reached at day 1984-06-21, but vernalization requirements not yet fulfilled. Forcing vernalization now (VERN=47.688571).
[2026-03-24 12:58:21,230][pcse.crop.phenology.Vernalisation][INFO] - Critical DVS for vernalization (VERNDVS) reached at day 1984-06-22, but vernalization requirements not yet fulfilled. Forcing vernalization now (VERN=47.688571).
[2026-03-24 12:58:21,264][pcse.crop.phenology.Vernalisation][INFO] - Critical DVS for vernalization (VERNDVS) reached at day 1984-06-23, but vernalization requirements not yet fulfilled. Forcing vernalization now (VERN=47.688571).
[2026-03-24 12:58:21,299][pcse.crop.phenology.Vernalisation][INFO] - Critical DVS for vernalization (VERNDVS) reached at day 1984-06-24, but vernalization requirements not yet fulfilled. Forcing vernalization now (VERN=47.688571).
[2026-03-24 12:58:21,334][pcse.crop.phenology.Vernalisation][INFO] - Critical DVS for vernalization (VERNDVS) reached at day 1984-06-25, but vernalization requirements not yet fulfilled. Forcing vernalization now (VERN=47.688571).
[2026-03-24 12:58:21,369][pcse.crop.phenology.Vernalisation][INFO] - Critical DVS for vernalization (VERNDVS) reached at day 1984-06-26, but vernalization requirements not yet fulfilled. Forcing vernalization now (VERN=47.688571).
[2026-03-24 12:58:21,404][pcse.crop.phenology.Vernalisation][INFO] - Critical DVS for vernalization (VERNDVS) reached at day 1984-06-27, but vernalization requirements not yet fulfilled. Forcing vernalization now (VERN=47.688571).
[2026-03-24 12:58:21,439][pcse.crop.phenology.Vernalisation][INFO] - Critical DVS for vernalization (VERNDVS) reached at day 1984-06-28, but vernalization requirements not yet fulfilled. Forcing vernalization now (VERN=47.688571).
[2026-03-24 12:58:21,490][pcse.crop.phenology.Vernalisation][INFO] - Critical DVS for vernalization (VERNDVS) reached at day 1984-06-29, but vernalization requirements not yet fulfilled. Forcing vernalization now (VERN=47.688571).
[2026-03-24 12:58:21,491][pcse.crop.phenology.Annual_Phenology][INFO] - Changed phenological stage 'vegetative' to 'reproductive' on 1984-06-29
[2026-03-24 12:58:24,074][pcse.crop.phenology.Annual_Phenology][INFO] - Changed phenological stage 'reproductive' to 'mature' on 1984-09-13
[2026-03-24 12:58:24,654][pcse.base.timer.Timer][INFO] - Reached end of simulation period as specified by END_DATE.
| train          | E: 47 | S: 11327 | R: -2.1462 | TR: 0.0000 | TF: 512 | LR: 0 | NR: 0 | D: 08.7 s | TD: 00.0 s | BR: -0.0097 | ALOSS: 15864.6287 | CLOSS: 2289231.4867 | TLOSS: -83.4410 | TVAL: 0.1545 | AENT: -541.1423 | BCLOSS: 0.0000
[EPISODE DBG] episode=47 step=11327 pred_return=-2.169163 true_return=0.228308 total_feedback=512 labeled_feedback=0
[2026-03-24 12:58:24,666][pcse.agromanager.SoilCalendar][INFO] - Starting soil (oregon) with variation (oregon_1) on day 1984-02-01
[2026-03-24 12:58:24,668][pcse.agromanager.CropCalendar][INFO] - Starting crop (wheat) with variety (wheat_1) on day 1984-02-01
[2026-03-24 12:58:26,940][pcse.crop.phenology.Annual_Phenology][INFO] - Changed phenological stage 'emerging' to 'vegetative' on 1984-04-10
[2026-03-24 12:58:29,157][pcse.crop.phenology.Vernalisation][INFO] - Critical DVS for vernalization (VERNDVS) reached at day 1984-06-02, but vernalization requirements not yet fulfilled. Forcing vernalization now (VERN=47.688571).
[2026-03-24 12:58:29,193][pcse.crop.phenology.Vernalisation][INFO] - Critical DVS for vernalization (VERNDVS) reached at day 1984-06-03, but vernalization requirements not yet fulfilled. Forcing vernalization now (VERN=47.688571).
[2026-03-24 12:58:29,228][pcse.crop.phenology.Vernalisation][INFO] - Critical DVS for vernalization (VERNDVS) reached at day 1984-06-04, but vernalization requirements not yet fulfilled. Forcing vernalization now (VERN=47.688571).
[2026-03-24 12:58:29,264][pcse.crop.phenology.Vernalisation][INFO] - Critical DVS for vernalization (VERNDVS) reached at day 1984-06-05, but vernalization requirements not yet fulfilled. Forcing vernalization now (VERN=47.688571).
[2026-03-24 12:58:29,296][pcse.crop.phenology.Vernalisation][INFO] - Critical DVS for vernalization (VERNDVS) reached at day 1984-06-06, but vernalization requirements not yet fulfilled. Forcing vernalization now (VERN=47.688571).
[2026-03-24 12:58:29,329][pcse.crop.phenology.Vernalisation][INFO] - Critical DVS for vernalization (VERNDVS) reached at day 1984-06-07, but vernalization requirements not yet fulfilled. Forcing vernalization now (VERN=47.688571).
[2026-03-24 12:58:29,364][pcse.crop.phenology.Vernalisation][INFO] - Critical DVS for vernalization (VERNDVS) reached at day 1984-06-08, but vernalization requirements not yet fulfilled. Forcing vernalization now (VERN=47.688571).
[2026-03-24 12:58:29,397][pcse.crop.phenology.Vernalisation][INFO] - Critical DVS for vernalization (VERNDVS) reached at day 1984-06-09, but vernalization requirements not yet fulfilled. Forcing vernalization now (VERN=47.688571).
[2026-03-24 12:58:29,430][pcse.crop.phenology.Vernalisation][INFO] - Critical DVS for vernalization (VERNDVS) reached at day 1984-06-10, but vernalization requirements not yet fulfilled. Forcing vernalization now (VERN=47.688571).
[2026-03-24 12:58:29,465][pcse.crop.phenology.Vernalisation][INFO] - Critical DVS for vernalization (VERNDVS) reached at day 1984-06-11, but vernalization requirements not yet fulfilled. Forcing vernalization now (VERN=47.688571).
[2026-03-24 12:58:29,498][pcse.crop.phenology.Vernalisation][INFO] - Critical DVS for vernalization (VERNDVS) reached at day 1984-06-12, but vernalization requirements not yet fulfilled. Forcing vernalization now (VERN=47.688571).
[2026-03-24 12:58:29,533][pcse.crop.phenology.Vernalisation][INFO] - Critical DVS for vernalization (VERNDVS) reached at day 1984-06-13, but vernalization requirements not yet fulfilled. Forcing vernalization now (VERN=47.688571).
[2026-03-24 12:58:29,567][pcse.crop.phenology.Vernalisation][INFO] - Critical DVS for vernalization (VERNDVS) reached at day 1984-06-14, but vernalization requirements not yet fulfilled. Forcing vernalization now (VERN=47.688571).
[2026-03-24 12:58:29,602][pcse.crop.phenology.Vernalisation][INFO] - Critical DVS for vernalization (VERNDVS) reached at day 1984-06-15, but vernalization requirements not yet fulfilled. Forcing vernalization now (VERN=47.688571).
[2026-03-24 12:58:29,637][pcse.crop.phenology.Vernalisation][INFO] - Critical DVS for vernalization (VERNDVS) reached at day 1984-06-16, but vernalization requirements not yet fulfilled. Forcing vernalization now (VERN=47.688571).
[2026-03-24 12:58:29,671][pcse.crop.phenology.Vernalisation][INFO] - Critical DVS for vernalization (VERNDVS) reached at day 1984-06-17, but vernalization requirements not yet fulfilled. Forcing vernalization now (VERN=47.688571).
[2026-03-24 12:58:29,706][pcse.crop.phenology.Vernalisation][INFO] - Critical DVS for vernalization (VERNDVS) reached at day 1984-06-18, but vernalization requirements not yet fulfilled. Forcing vernalization now (VERN=47.688571).
[2026-03-24 12:58:29,741][pcse.crop.phenology.Vernalisation][INFO] - Critical DVS for vernalization (VERNDVS) reached at day 1984-06-19, but vernalization requirements not yet fulfilled. Forcing vernalization now (VERN=47.688571).
[2026-03-24 12:58:29,775][pcse.crop.phenology.Vernalisation][INFO] - Critical DVS for vernalization (VERNDVS) reached at day 1984-06-20, but vernalization requirements not yet fulfilled. Forcing vernalization now (VERN=47.688571).
[2026-03-24 12:58:29,810][pcse.crop.phenology.Vernalisation][INFO] - Critical DVS for vernalization (VERNDVS) reached at day 1984-06-21, but vernalization requirements not yet fulfilled. Forcing vernalization now (VERN=47.688571).
[2026-03-24 12:58:29,845][pcse.crop.phenology.Vernalisation][INFO] - Critical DVS for vernalization (VERNDVS) reached at day 1984-06-22, but vernalization requirements not yet fulfilled. Forcing vernalization now (VERN=47.688571).
[2026-03-24 12:58:29,880][pcse.crop.phenology.Vernalisation][INFO] - Critical DVS for vernalization (VERNDVS) reached at day 1984-06-23, but vernalization requirements not yet fulfilled. Forcing vernalization now (VERN=47.688571).
[2026-03-24 12:58:29,915][pcse.crop.phenology.Vernalisation][INFO] - Critical DVS for vernalization (VERNDVS) reached at day 1984-06-24, but vernalization requirements not yet fulfilled. Forcing vernalization now (VERN=47.688571).
[2026-03-24 12:58:29,951][pcse.crop.phenology.Vernalisation][INFO] - Critical DVS for vernalization (VERNDVS) reached at day 1984-06-25, but vernalization requirements not yet fulfilled. Forcing vernalization now (VERN=47.688571).
[2026-03-24 12:58:29,986][pcse.crop.phenology.Vernalisation][INFO] - Critical DVS for vernalization (VERNDVS) reached at day 1984-06-26, but vernalization requirements not yet fulfilled. Forcing vernalization now (VERN=47.688571).
[2026-03-24 12:58:30,022][pcse.crop.phenology.Vernalisation][INFO] - Critical DVS for vernalization (VERNDVS) reached at day 1984-06-27, but vernalization requirements not yet fulfilled. Forcing vernalization now (VERN=47.688571).
[2026-03-24 12:58:30,057][pcse.crop.phenology.Vernalisation][INFO] - Critical DVS for vernalization (VERNDVS) reached at day 1984-06-28, but vernalization requirements not yet fulfilled. Forcing vernalization now (VERN=47.688571).
[2026-03-24 12:58:30,092][pcse.crop.phenology.Vernalisation][INFO] - Critical DVS for vernalization (VERNDVS) reached at day 1984-06-29, but vernalization requirements not yet fulfilled. Forcing vernalization now (VERN=47.688571).
[2026-03-24 12:58:30,092][pcse.crop.phenology.Annual_Phenology][INFO] - Changed phenological stage 'vegetative' to 'reproductive' on 1984-06-29
[REPLAY DBG] post-agent-update step=11500 n=11500 mean=-0.009692 std=0.015047 min=-0.093704 max=0.013632
[STEP DBG] step=11500 env_reward=0.000000 r_hat=-0.002143 done=False
[NORM DBG] count=11500 mean_abs_mean=62525.078125 mean_std=9.237251 min_std=0.001000 max_std=69.442429
[2026-03-24 12:58:32,725][pcse.crop.phenology.Annual_Phenology][INFO] - Changed phenological stage 'reproductive' to 'mature' on 1984-09-13
[2026-03-24 12:58:33,305][pcse.base.timer.Timer][INFO] - Reached end of simulation period as specified by END_DATE.
| train          | E: 48 | S: 11568 | R: -2.1692 | TR: 0.2283 | TF: 512 | LR: 0 | NR: 0 | D: 08.7 s | TD: 00.0 s | BR: -0.0097 | ALOSS: 15604.2917 | CLOSS: 2378800.4236 | TLOSS: -85.1041 | TVAL: 0.1578 | AENT: -540.4836 | BCLOSS: 0.0000
[EPISODE DBG] episode=48 step=11568 pred_return=-2.146048 true_return=0.000000 total_feedback=512 labeled_feedback=0
[2026-03-24 12:58:33,317][pcse.agromanager.SoilCalendar][INFO] - Starting soil (oregon) with variation (oregon_1) on day 1984-02-01
[2026-03-24 12:58:33,320][pcse.agromanager.CropCalendar][INFO] - Starting crop (wheat) with variety (wheat_1) on day 1984-02-01
[2026-03-24 12:58:36,004][pcse.crop.phenology.Annual_Phenology][INFO] - Changed phenological stage 'emerging' to 'vegetative' on 1984-04-10
[2026-03-24 12:58:37,545][pcse.crop.phenology.Vernalisation][INFO] - Critical DVS for vernalization (VERNDVS) reached at day 1984-06-02, but vernalization requirements not yet fulfilled. Forcing vernalization now (VERN=47.688571).
[2026-03-24 12:58:37,578][pcse.crop.phenology.Vernalisation][INFO] - Critical DVS for vernalization (VERNDVS) reached at day 1984-06-03, but vernalization requirements not yet fulfilled. Forcing vernalization now (VERN=47.688571).
[2026-03-24 12:58:37,610][pcse.crop.phenology.Vernalisation][INFO] - Critical DVS for vernalization (VERNDVS) reached at day 1984-06-04, but vernalization requirements not yet fulfilled. Forcing vernalization now (VERN=47.688571).
[2026-03-24 12:58:37,636][pcse.crop.phenology.Vernalisation][INFO] - Critical DVS for vernalization (VERNDVS) reached at day 1984-06-05, but vernalization requirements not yet fulfilled. Forcing vernalization now (VERN=47.688571).
[2026-03-24 12:58:37,662][pcse.crop.phenology.Vernalisation][INFO] - Critical DVS for vernalization (VERNDVS) reached at day 1984-06-06, but vernalization requirements not yet fulfilled. Forcing vernalization now (VERN=47.688571).
[2026-03-24 12:58:37,693][pcse.crop.phenology.Vernalisation][INFO] - Critical DVS for vernalization (VERNDVS) reached at day 1984-06-07, but vernalization requirements not yet fulfilled. Forcing vernalization now (VERN=47.688571).
[2026-03-24 12:58:37,726][pcse.crop.phenology.Vernalisation][INFO] - Critical DVS for vernalization (VERNDVS) reached at day 1984-06-08, but vernalization requirements not yet fulfilled. Forcing vernalization now (VERN=47.688571).
[2026-03-24 12:58:37,754][pcse.crop.phenology.Vernalisation][INFO] - Critical DVS for vernalization (VERNDVS) reached at day 1984-06-09, but vernalization requirements not yet fulfilled. Forcing vernalization now (VERN=47.688571).
[2026-03-24 12:58:37,778][pcse.crop.phenology.Vernalisation][INFO] - Critical DVS for vernalization (VERNDVS) reached at day 1984-06-10, but vernalization requirements not yet fulfilled. Forcing vernalization now (VERN=47.688571).
[2026-03-24 12:58:37,811][pcse.crop.phenology.Vernalisation][INFO] - Critical DVS for vernalization (VERNDVS) reached at day 1984-06-11, but vernalization requirements not yet fulfilled. Forcing vernalization now (VERN=47.688571).
[2026-03-24 12:58:37,842][pcse.crop.phenology.Vernalisation][INFO] - Critical DVS for vernalization (VERNDVS) reached at day 1984-06-12, but vernalization requirements not yet fulfilled. Forcing vernalization now (VERN=47.688571).
[2026-03-24 12:58:37,876][pcse.crop.phenology.Vernalisation][INFO] - Critical DVS for vernalization (VERNDVS) reached at day 1984-06-13, but vernalization requirements not yet fulfilled. Forcing vernalization now (VERN=47.688571).
[2026-03-24 12:58:37,907][pcse.crop.phenology.Vernalisation][INFO] - Critical DVS for vernalization (VERNDVS) reached at day 1984-06-14, but vernalization requirements not yet fulfilled. Forcing vernalization now (VERN=47.688571).
[2026-03-24 12:58:37,930][pcse.crop.phenology.Vernalisation][INFO] - Critical DVS for vernalization (VERNDVS) reached at day 1984-06-15, but vernalization requirements not yet fulfilled. Forcing vernalization now (VERN=47.688571).
[2026-03-24 12:58:37,963][pcse.crop.phenology.Vernalisation][INFO] - Critical DVS for vernalization (VERNDVS) reached at day 1984-06-16, but vernalization requirements not yet fulfilled. Forcing vernalization now (VERN=47.688571).
[2026-03-24 12:58:37,995][pcse.crop.phenology.Vernalisation][INFO] - Critical DVS for vernalization (VERNDVS) reached at day 1984-06-17, but vernalization requirements not yet fulfilled. Forcing vernalization now (VERN=47.688571).
[2026-03-24 12:58:38,027][pcse.crop.phenology.Vernalisation][INFO] - Critical DVS for vernalization (VERNDVS) reached at day 1984-06-18, but vernalization requirements not yet fulfilled. Forcing vernalization now (VERN=47.688571).
[2026-03-24 12:58:38,048][pcse.crop.phenology.Vernalisation][INFO] - Critical DVS for vernalization (VERNDVS) reached at day 1984-06-19, but vernalization requirements not yet fulfilled. Forcing vernalization now (VERN=47.688571).
[2026-03-24 12:58:38,080][pcse.crop.phenology.Vernalisation][INFO] - Critical DVS for vernalization (VERNDVS) reached at day 1984-06-20, but vernalization requirements not yet fulfilled. Forcing vernalization now (VERN=47.688571).
[2026-03-24 12:58:38,112][pcse.crop.phenology.Vernalisation][INFO] - Critical DVS for vernalization (VERNDVS) reached at day 1984-06-21, but vernalization requirements not yet fulfilled. Forcing vernalization now (VERN=47.688571).
[2026-03-24 12:58:38,140][pcse.crop.phenology.Vernalisation][INFO] - Critical DVS for vernalization (VERNDVS) reached at day 1984-06-22, but vernalization requirements not yet fulfilled. Forcing vernalization now (VERN=47.688571).
[2026-03-24 12:58:38,165][pcse.crop.phenology.Vernalisation][INFO] - Critical DVS for vernalization (VERNDVS) reached at day 1984-06-23, but vernalization requirements not yet fulfilled. Forcing vernalization now (VERN=47.688571).
[2026-03-24 12:58:38,197][pcse.crop.phenology.Vernalisation][INFO] - Critical DVS for vernalization (VERNDVS) reached at day 1984-06-24, but vernalization requirements not yet fulfilled. Forcing vernalization now (VERN=47.688571).
[2026-03-24 12:58:38,230][pcse.crop.phenology.Vernalisation][INFO] - Critical DVS for vernalization (VERNDVS) reached at day 1984-06-25, but vernalization requirements not yet fulfilled. Forcing vernalization now (VERN=47.688571).
[2026-03-24 12:58:38,264][pcse.crop.phenology.Vernalisation][INFO] - Critical DVS for vernalization (VERNDVS) reached at day 1984-06-26, but vernalization requirements not yet fulfilled. Forcing vernalization now (VERN=47.688571).
[2026-03-24 12:58:38,293][pcse.crop.phenology.Vernalisation][INFO] - Critical DVS for vernalization (VERNDVS) reached at day 1984-06-27, but vernalization requirements not yet fulfilled. Forcing vernalization now (VERN=47.688571).
[2026-03-24 12:58:38,323][pcse.crop.phenology.Vernalisation][INFO] - Critical DVS for vernalization (VERNDVS) reached at day 1984-06-28, but vernalization requirements not yet fulfilled. Forcing vernalization now (VERN=47.688571).
[2026-03-24 12:58:38,350][pcse.crop.phenology.Vernalisation][INFO] - Critical DVS for vernalization (VERNDVS) reached at day 1984-06-29, but vernalization requirements not yet fulfilled. Forcing vernalization now (VERN=47.688571).
[2026-03-24 12:58:38,350][pcse.crop.phenology.Annual_Phenology][INFO] - Changed phenological stage 'vegetative' to 'reproductive' on 1984-06-29
[2026-03-24 12:58:40,677][pcse.crop.phenology.Annual_Phenology][INFO] - Changed phenological stage 'reproductive' to 'mature' on 1984-09-13
[2026-03-24 12:58:41,495][pcse.base.timer.Timer][INFO] - Reached end of simulation period as specified by END_DATE.
| train          | E: 49 | S: 11809 | R: -2.1460 | TR: 0.0000 | TF: 512 | LR: 0 | NR: 0 | D: 08.2 s | TD: 00.0 s | BR: -0.0097 | ALOSS: 15351.2158 | CLOSS: 2263505.2133 | TLOSS: -85.8127 | TVAL: 0.1611 | AENT: -533.7386 | BCLOSS: 0.0000
[EPISODE DBG] episode=49 step=11809 pred_return=-2.169434 true_return=0.228308 total_feedback=512 labeled_feedback=0
[2026-03-24 12:58:41,508][pcse.agromanager.SoilCalendar][INFO] - Starting soil (oregon) with variation (oregon_1) on day 1984-02-01
[2026-03-24 12:58:41,511][pcse.agromanager.CropCalendar][INFO] - Starting crop (wheat) with variety (wheat_1) on day 1984-02-01
[2026-03-24 12:58:43,899][pcse.crop.phenology.Annual_Phenology][INFO] - Changed phenological stage 'emerging' to 'vegetative' on 1984-04-10
[2026-03-24 12:58:45,603][pcse.crop.phenology.Vernalisation][INFO] - Critical DVS for vernalization (VERNDVS) reached at day 1984-06-02, but vernalization requirements not yet fulfilled. Forcing vernalization now (VERN=47.688571).
[2026-03-24 12:58:45,638][pcse.crop.phenology.Vernalisation][INFO] - Critical DVS for vernalization (VERNDVS) reached at day 1984-06-03, but vernalization requirements not yet fulfilled. Forcing vernalization now (VERN=47.688571).
[2026-03-24 12:58:45,672][pcse.crop.phenology.Vernalisation][INFO] - Critical DVS for vernalization (VERNDVS) reached at day 1984-06-04, but vernalization requirements not yet fulfilled. Forcing vernalization now (VERN=47.688571).
[2026-03-24 12:58:45,706][pcse.crop.phenology.Vernalisation][INFO] - Critical DVS for vernalization (VERNDVS) reached at day 1984-06-05, but vernalization requirements not yet fulfilled. Forcing vernalization now (VERN=47.688571).
[2026-03-24 12:58:45,740][pcse.crop.phenology.Vernalisation][INFO] - Critical DVS for vernalization (VERNDVS) reached at day 1984-06-06, but vernalization requirements not yet fulfilled. Forcing vernalization now (VERN=47.688571).
[2026-03-24 12:58:45,773][pcse.crop.phenology.Vernalisation][INFO] - Critical DVS for vernalization (VERNDVS) reached at day 1984-06-07, but vernalization requirements not yet fulfilled. Forcing vernalization now (VERN=47.688571).
[2026-03-24 12:58:45,807][pcse.crop.phenology.Vernalisation][INFO] - Critical DVS for vernalization (VERNDVS) reached at day 1984-06-08, but vernalization requirements not yet fulfilled. Forcing vernalization now (VERN=47.688571).
[2026-03-24 12:58:45,841][pcse.crop.phenology.Vernalisation][INFO] - Critical DVS for vernalization (VERNDVS) reached at day 1984-06-09, but vernalization requirements not yet fulfilled. Forcing vernalization now (VERN=47.688571).
[2026-03-24 12:58:45,876][pcse.crop.phenology.Vernalisation][INFO] - Critical DVS for vernalization (VERNDVS) reached at day 1984-06-10, but vernalization requirements not yet fulfilled. Forcing vernalization now (VERN=47.688571).
[2026-03-24 12:58:45,909][pcse.crop.phenology.Vernalisation][INFO] - Critical DVS for vernalization (VERNDVS) reached at day 1984-06-11, but vernalization requirements not yet fulfilled. Forcing vernalization now (VERN=47.688571).
[2026-03-24 12:58:45,945][pcse.crop.phenology.Vernalisation][INFO] - Critical DVS for vernalization (VERNDVS) reached at day 1984-06-12, but vernalization requirements not yet fulfilled. Forcing vernalization now (VERN=47.688571).
[2026-03-24 12:58:45,981][pcse.crop.phenology.Vernalisation][INFO] - Critical DVS for vernalization (VERNDVS) reached at day 1984-06-13, but vernalization requirements not yet fulfilled. Forcing vernalization now (VERN=47.688571).
[2026-03-24 12:58:46,017][pcse.crop.phenology.Vernalisation][INFO] - Critical DVS for vernalization (VERNDVS) reached at day 1984-06-14, but vernalization requirements not yet fulfilled. Forcing vernalization now (VERN=47.688571).
[2026-03-24 12:58:46,052][pcse.crop.phenology.Vernalisation][INFO] - Critical DVS for vernalization (VERNDVS) reached at day 1984-06-15, but vernalization requirements not yet fulfilled. Forcing vernalization now (VERN=47.688571).
[2026-03-24 12:58:46,086][pcse.crop.phenology.Vernalisation][INFO] - Critical DVS for vernalization (VERNDVS) reached at day 1984-06-16, but vernalization requirements not yet fulfilled. Forcing vernalization now (VERN=47.688571).
[2026-03-24 12:58:46,120][pcse.crop.phenology.Vernalisation][INFO] - Critical DVS for vernalization (VERNDVS) reached at day 1984-06-17, but vernalization requirements not yet fulfilled. Forcing vernalization now (VERN=47.688571).
[2026-03-24 12:58:46,155][pcse.crop.phenology.Vernalisation][INFO] - Critical DVS for vernalization (VERNDVS) reached at day 1984-06-18, but vernalization requirements not yet fulfilled. Forcing vernalization now (VERN=47.688571).
[2026-03-24 12:58:46,189][pcse.crop.phenology.Vernalisation][INFO] - Critical DVS for vernalization (VERNDVS) reached at day 1984-06-19, but vernalization requirements not yet fulfilled. Forcing vernalization now (VERN=47.688571).
[2026-03-24 12:58:46,225][pcse.crop.phenology.Vernalisation][INFO] - Critical DVS for vernalization (VERNDVS) reached at day 1984-06-20, but vernalization requirements not yet fulfilled. Forcing vernalization now (VERN=47.688571).
[2026-03-24 12:58:46,260][pcse.crop.phenology.Vernalisation][INFO] - Critical DVS for vernalization (VERNDVS) reached at day 1984-06-21, but vernalization requirements not yet fulfilled. Forcing vernalization now (VERN=47.688571).
[2026-03-24 12:58:46,296][pcse.crop.phenology.Vernalisation][INFO] - Critical DVS for vernalization (VERNDVS) reached at day 1984-06-22, but vernalization requirements not yet fulfilled. Forcing vernalization now (VERN=47.688571).
[2026-03-24 12:58:46,332][pcse.crop.phenology.Vernalisation][INFO] - Critical DVS for vernalization (VERNDVS) reached at day 1984-06-23, but vernalization requirements not yet fulfilled. Forcing vernalization now (VERN=47.688571).
[2026-03-24 12:58:46,365][pcse.crop.phenology.Vernalisation][INFO] - Critical DVS for vernalization (VERNDVS) reached at day 1984-06-24, but vernalization requirements not yet fulfilled. Forcing vernalization now (VERN=47.688571).
[2026-03-24 12:58:46,393][pcse.crop.phenology.Vernalisation][INFO] - Critical DVS for vernalization (VERNDVS) reached at day 1984-06-25, but vernalization requirements not yet fulfilled. Forcing vernalization now (VERN=47.688571).
[2026-03-24 12:58:46,424][pcse.crop.phenology.Vernalisation][INFO] - Critical DVS for vernalization (VERNDVS) reached at day 1984-06-26, but vernalization requirements not yet fulfilled. Forcing vernalization now (VERN=47.688571).
[2026-03-24 12:58:46,459][pcse.crop.phenology.Vernalisation][INFO] - Critical DVS for vernalization (VERNDVS) reached at day 1984-06-27, but vernalization requirements not yet fulfilled. Forcing vernalization now (VERN=47.688571).
[2026-03-24 12:58:46,494][pcse.crop.phenology.Vernalisation][INFO] - Critical DVS for vernalization (VERNDVS) reached at day 1984-06-28, but vernalization requirements not yet fulfilled. Forcing vernalization now (VERN=47.688571).
[2026-03-24 12:58:46,529][pcse.crop.phenology.Vernalisation][INFO] - Critical DVS for vernalization (VERNDVS) reached at day 1984-06-29, but vernalization requirements not yet fulfilled. Forcing vernalization now (VERN=47.688571).
[2026-03-24 12:58:46,529][pcse.crop.phenology.Annual_Phenology][INFO] - Changed phenological stage 'vegetative' to 'reproductive' on 1984-06-29
[REPLAY DBG] post-agent-update step=12000 n=12000 mean=-0.009645 std=0.015002 min=-0.094061 max=0.013632
[STEP DBG] step=12000 env_reward=0.000000 r_hat=-0.005024 done=False
[NORM DBG] count=12000 mean_abs_mean=62525.093750 mean_std=9.236480 min_std=0.001000 max_std=69.437279
[2026-03-24 12:58:49,368][pcse.crop.phenology.Annual_Phenology][INFO] - Changed phenological stage 'reproductive' to 'mature' on 1984-09-13
[2026-03-24 12:58:49,843][pcse.base.timer.Timer][INFO] - Reached end of simulation period as specified by END_DATE.
| train          | E: 50 | S: 12050 | R: -2.1694 | TR: 0.2283 | TF: 512 | LR: 0 | NR: 0 | D: 08.3 s | TD: 00.0 s | BR: -0.0097 | ALOSS: 15077.2501 | CLOSS: 2337455.3665 | TLOSS: -87.3443 | TVAL: 0.1644 | AENT: -532.1563 | BCLOSS: 0.0000
[EPISODE DBG] episode=50 step=12050 pred_return=-2.146383 true_return=0.000000 total_feedback=512 labeled_feedback=0
[2026-03-24 12:58:49,850][pcse.agromanager.SoilCalendar][INFO] - Starting soil (oregon) with variation (oregon_1) on day 1984-02-01
[2026-03-24 12:58:49,852][pcse.agromanager.CropCalendar][INFO] - Starting crop (wheat) with variety (wheat_1) on day 1984-02-01
[2026-03-24 12:58:52,075][pcse.crop.phenology.Annual_Phenology][INFO] - Changed phenological stage 'emerging' to 'vegetative' on 1984-04-10
[2026-03-24 12:58:53,606][pcse.crop.phenology.Vernalisation][INFO] - Critical DVS for vernalization (VERNDVS) reached at day 1984-06-02, but vernalization requirements not yet fulfilled. Forcing vernalization now (VERN=47.688571).
[2026-03-24 12:58:53,636][pcse.crop.phenology.Vernalisation][INFO] - Critical DVS for vernalization (VERNDVS) reached at day 1984-06-03, but vernalization requirements not yet fulfilled. Forcing vernalization now (VERN=47.688571).
[2026-03-24 12:58:53,660][pcse.crop.phenology.Vernalisation][INFO] - Critical DVS for vernalization (VERNDVS) reached at day 1984-06-04, but vernalization requirements not yet fulfilled. Forcing vernalization now (VERN=47.688571).
[2026-03-24 12:58:53,688][pcse.crop.phenology.Vernalisation][INFO] - Critical DVS for vernalization (VERNDVS) reached at day 1984-06-05, but vernalization requirements not yet fulfilled. Forcing vernalization now (VERN=47.688571).
[2026-03-24 12:58:53,719][pcse.crop.phenology.Vernalisation][INFO] - Critical DVS for vernalization (VERNDVS) reached at day 1984-06-06, but vernalization requirements not yet fulfilled. Forcing vernalization now (VERN=47.688571).
[2026-03-24 12:58:53,750][pcse.crop.phenology.Vernalisation][INFO] - Critical DVS for vernalization (VERNDVS) reached at day 1984-06-07, but vernalization requirements not yet fulfilled. Forcing vernalization now (VERN=47.688571).
[2026-03-24 12:58:53,779][pcse.crop.phenology.Vernalisation][INFO] - Critical DVS for vernalization (VERNDVS) reached at day 1984-06-08, but vernalization requirements not yet fulfilled. Forcing vernalization now (VERN=47.688571).
[2026-03-24 12:58:53,801][pcse.crop.phenology.Vernalisation][INFO] - Critical DVS for vernalization (VERNDVS) reached at day 1984-06-09, but vernalization requirements not yet fulfilled. Forcing vernalization now (VERN=47.688571).
[2026-03-24 12:58:53,831][pcse.crop.phenology.Vernalisation][INFO] - Critical DVS for vernalization (VERNDVS) reached at day 1984-06-10, but vernalization requirements not yet fulfilled. Forcing vernalization now (VERN=47.688571).
[2026-03-24 12:58:53,863][pcse.crop.phenology.Vernalisation][INFO] - Critical DVS for vernalization (VERNDVS) reached at day 1984-06-11, but vernalization requirements not yet fulfilled. Forcing vernalization now (VERN=47.688571).
[2026-03-24 12:58:53,895][pcse.crop.phenology.Vernalisation][INFO] - Critical DVS for vernalization (VERNDVS) reached at day 1984-06-12, but vernalization requirements not yet fulfilled. Forcing vernalization now (VERN=47.688571).
[2026-03-24 12:58:53,927][pcse.crop.phenology.Vernalisation][INFO] - Critical DVS for vernalization (VERNDVS) reached at day 1984-06-13, but vernalization requirements not yet fulfilled. Forcing vernalization now (VERN=47.688571).
[2026-03-24 12:58:53,951][pcse.crop.phenology.Vernalisation][INFO] - Critical DVS for vernalization (VERNDVS) reached at day 1984-06-14, but vernalization requirements not yet fulfilled. Forcing vernalization now (VERN=47.688571).
[2026-03-24 12:58:53,979][pcse.crop.phenology.Vernalisation][INFO] - Critical DVS for vernalization (VERNDVS) reached at day 1984-06-15, but vernalization requirements not yet fulfilled. Forcing vernalization now (VERN=47.688571).
[2026-03-24 12:58:54,008][pcse.crop.phenology.Vernalisation][INFO] - Critical DVS for vernalization (VERNDVS) reached at day 1984-06-16, but vernalization requirements not yet fulfilled. Forcing vernalization now (VERN=47.688571).
[2026-03-24 12:58:54,037][pcse.crop.phenology.Vernalisation][INFO] - Critical DVS for vernalization (VERNDVS) reached at day 1984-06-17, but vernalization requirements not yet fulfilled. Forcing vernalization now (VERN=47.688571).
[2026-03-24 12:58:54,063][pcse.crop.phenology.Vernalisation][INFO] - Critical DVS for vernalization (VERNDVS) reached at day 1984-06-18, but vernalization requirements not yet fulfilled. Forcing vernalization now (VERN=47.688571).
[2026-03-24 12:58:54,095][pcse.crop.phenology.Vernalisation][INFO] - Critical DVS for vernalization (VERNDVS) reached at day 1984-06-19, but vernalization requirements not yet fulfilled. Forcing vernalization now (VERN=47.688571).
[2026-03-24 12:58:54,124][pcse.crop.phenology.Vernalisation][INFO] - Critical DVS for vernalization (VERNDVS) reached at day 1984-06-20, but vernalization requirements not yet fulfilled. Forcing vernalization now (VERN=47.688571).
[2026-03-24 12:58:54,148][pcse.crop.phenology.Vernalisation][INFO] - Critical DVS for vernalization (VERNDVS) reached at day 1984-06-21, but vernalization requirements not yet fulfilled. Forcing vernalization now (VERN=47.688571).
[2026-03-24 12:58:54,176][pcse.crop.phenology.Vernalisation][INFO] - Critical DVS for vernalization (VERNDVS) reached at day 1984-06-22, but vernalization requirements not yet fulfilled. Forcing vernalization now (VERN=47.688571).
[2026-03-24 12:58:54,206][pcse.crop.phenology.Vernalisation][INFO] - Critical DVS for vernalization (VERNDVS) reached at day 1984-06-23, but vernalization requirements not yet fulfilled. Forcing vernalization now (VERN=47.688571).
[2026-03-24 12:58:54,232][pcse.crop.phenology.Vernalisation][INFO] - Critical DVS for vernalization (VERNDVS) reached at day 1984-06-24, but vernalization requirements not yet fulfilled. Forcing vernalization now (VERN=47.688571).
[2026-03-24 12:58:54,261][pcse.crop.phenology.Vernalisation][INFO] - Critical DVS for vernalization (VERNDVS) reached at day 1984-06-25, but vernalization requirements not yet fulfilled. Forcing vernalization now (VERN=47.688571).
[2026-03-24 12:58:54,293][pcse.crop.phenology.Vernalisation][INFO] - Critical DVS for vernalization (VERNDVS) reached at day 1984-06-26, but vernalization requirements not yet fulfilled. Forcing vernalization now (VERN=47.688571).
[2026-03-24 12:58:54,320][pcse.crop.phenology.Vernalisation][INFO] - Critical DVS for vernalization (VERNDVS) reached at day 1984-06-27, but vernalization requirements not yet fulfilled. Forcing vernalization now (VERN=47.688571).
[2026-03-24 12:58:54,345][pcse.crop.phenology.Vernalisation][INFO] - Critical DVS for vernalization (VERNDVS) reached at day 1984-06-28, but vernalization requirements not yet fulfilled. Forcing vernalization now (VERN=47.688571).
[2026-03-24 12:58:54,376][pcse.crop.phenology.Vernalisation][INFO] - Critical DVS for vernalization (VERNDVS) reached at day 1984-06-29, but vernalization requirements not yet fulfilled. Forcing vernalization now (VERN=47.688571).
[2026-03-24 12:58:54,376][pcse.crop.phenology.Annual_Phenology][INFO] - Changed phenological stage 'vegetative' to 'reproductive' on 1984-06-29
[2026-03-24 12:58:57,189][pcse.crop.phenology.Annual_Phenology][INFO] - Changed phenological stage 'reproductive' to 'mature' on 1984-09-13
[2026-03-24 12:58:57,721][pcse.base.timer.Timer][INFO] - Reached end of simulation period as specified by END_DATE.
| train          | E: 51 | S: 12291 | R: -2.1464 | TR: 0.0000 | TF: 512 | LR: 0 | NR: 0 | D: 07.9 s | TD: 00.0 s | BR: -0.0096 | ALOSS: 14827.2348 | CLOSS: 2126325.3939 | TLOSS: -87.7086 | TVAL: 0.1678 | AENT: -523.6322 | BCLOSS: 0.0000
[EPISODE DBG] episode=51 step=12291 pred_return=-2.170120 true_return=0.228308 total_feedback=512 labeled_feedback=0
[2026-03-24 12:58:57,736][pcse.agromanager.SoilCalendar][INFO] - Starting soil (oregon) with variation (oregon_1) on day 1984-02-01
[2026-03-24 12:58:57,739][pcse.agromanager.CropCalendar][INFO] - Starting crop (wheat) with variety (wheat_1) on day 1984-02-01
[2026-03-24 12:59:00,113][pcse.crop.phenology.Annual_Phenology][INFO] - Changed phenological stage 'emerging' to 'vegetative' on 1984-04-10
[2026-03-24 12:59:02,205][pcse.crop.phenology.Vernalisation][INFO] - Critical DVS for vernalization (VERNDVS) reached at day 1984-06-02, but vernalization requirements not yet fulfilled. Forcing vernalization now (VERN=47.688571).
[2026-03-24 12:59:02,241][pcse.crop.phenology.Vernalisation][INFO] - Critical DVS for vernalization (VERNDVS) reached at day 1984-06-03, but vernalization requirements not yet fulfilled. Forcing vernalization now (VERN=47.688571).
[2026-03-24 12:59:02,276][pcse.crop.phenology.Vernalisation][INFO] - Critical DVS for vernalization (VERNDVS) reached at day 1984-06-04, but vernalization requirements not yet fulfilled. Forcing vernalization now (VERN=47.688571).
[2026-03-24 12:59:02,309][pcse.crop.phenology.Vernalisation][INFO] - Critical DVS for vernalization (VERNDVS) reached at day 1984-06-05, but vernalization requirements not yet fulfilled. Forcing vernalization now (VERN=47.688571).
[2026-03-24 12:59:02,342][pcse.crop.phenology.Vernalisation][INFO] - Critical DVS for vernalization (VERNDVS) reached at day 1984-06-06, but vernalization requirements not yet fulfilled. Forcing vernalization now (VERN=47.688571).
[2026-03-24 12:59:02,370][pcse.crop.phenology.Vernalisation][INFO] - Critical DVS for vernalization (VERNDVS) reached at day 1984-06-07, but vernalization requirements not yet fulfilled. Forcing vernalization now (VERN=47.688571).
[2026-03-24 12:59:02,404][pcse.crop.phenology.Vernalisation][INFO] - Critical DVS for vernalization (VERNDVS) reached at day 1984-06-08, but vernalization requirements not yet fulfilled. Forcing vernalization now (VERN=47.688571).
[2026-03-24 12:59:02,440][pcse.crop.phenology.Vernalisation][INFO] - Critical DVS for vernalization (VERNDVS) reached at day 1984-06-09, but vernalization requirements not yet fulfilled. Forcing vernalization now (VERN=47.688571).
[2026-03-24 12:59:02,477][pcse.crop.phenology.Vernalisation][INFO] - Critical DVS for vernalization (VERNDVS) reached at day 1984-06-10, but vernalization requirements not yet fulfilled. Forcing vernalization now (VERN=47.688571).
[2026-03-24 12:59:02,512][pcse.crop.phenology.Vernalisation][INFO] - Critical DVS for vernalization (VERNDVS) reached at day 1984-06-11, but vernalization requirements not yet fulfilled. Forcing vernalization now (VERN=47.688571).
[2026-03-24 12:59:02,548][pcse.crop.phenology.Vernalisation][INFO] - Critical DVS for vernalization (VERNDVS) reached at day 1984-06-12, but vernalization requirements not yet fulfilled. Forcing vernalization now (VERN=47.688571).
[2026-03-24 12:59:02,583][pcse.crop.phenology.Vernalisation][INFO] - Critical DVS for vernalization (VERNDVS) reached at day 1984-06-13, but vernalization requirements not yet fulfilled. Forcing vernalization now (VERN=47.688571).
[2026-03-24 12:59:02,617][pcse.crop.phenology.Vernalisation][INFO] - Critical DVS for vernalization (VERNDVS) reached at day 1984-06-14, but vernalization requirements not yet fulfilled. Forcing vernalization now (VERN=47.688571).
[2026-03-24 12:59:02,650][pcse.crop.phenology.Vernalisation][INFO] - Critical DVS for vernalization (VERNDVS) reached at day 1984-06-15, but vernalization requirements not yet fulfilled. Forcing vernalization now (VERN=47.688571).
[2026-03-24 12:59:02,679][pcse.crop.phenology.Vernalisation][INFO] - Critical DVS for vernalization (VERNDVS) reached at day 1984-06-16, but vernalization requirements not yet fulfilled. Forcing vernalization now (VERN=47.688571).
[2026-03-24 12:59:02,713][pcse.crop.phenology.Vernalisation][INFO] - Critical DVS for vernalization (VERNDVS) reached at day 1984-06-17, but vernalization requirements not yet fulfilled. Forcing vernalization now (VERN=47.688571).
[2026-03-24 12:59:02,767][pcse.crop.phenology.Vernalisation][INFO] - Critical DVS for vernalization (VERNDVS) reached at day 1984-06-18, but vernalization requirements not yet fulfilled. Forcing vernalization now (VERN=47.688571).
[2026-03-24 12:59:02,806][pcse.crop.phenology.Vernalisation][INFO] - Critical DVS for vernalization (VERNDVS) reached at day 1984-06-19, but vernalization requirements not yet fulfilled. Forcing vernalization now (VERN=47.688571).
[2026-03-24 12:59:02,847][pcse.crop.phenology.Vernalisation][INFO] - Critical DVS for vernalization (VERNDVS) reached at day 1984-06-20, but vernalization requirements not yet fulfilled. Forcing vernalization now (VERN=47.688571).
[2026-03-24 12:59:02,887][pcse.crop.phenology.Vernalisation][INFO] - Critical DVS for vernalization (VERNDVS) reached at day 1984-06-21, but vernalization requirements not yet fulfilled. Forcing vernalization now (VERN=47.688571).
[2026-03-24 12:59:02,925][pcse.crop.phenology.Vernalisation][INFO] - Critical DVS for vernalization (VERNDVS) reached at day 1984-06-22, but vernalization requirements not yet fulfilled. Forcing vernalization now (VERN=47.688571).
[2026-03-24 12:59:02,963][pcse.crop.phenology.Vernalisation][INFO] - Critical DVS for vernalization (VERNDVS) reached at day 1984-06-23, but vernalization requirements not yet fulfilled. Forcing vernalization now (VERN=47.688571).
[2026-03-24 12:59:02,998][pcse.crop.phenology.Vernalisation][INFO] - Critical DVS for vernalization (VERNDVS) reached at day 1984-06-24, but vernalization requirements not yet fulfilled. Forcing vernalization now (VERN=47.688571).
[2026-03-24 12:59:03,031][pcse.crop.phenology.Vernalisation][INFO] - Critical DVS for vernalization (VERNDVS) reached at day 1984-06-25, but vernalization requirements not yet fulfilled. Forcing vernalization now (VERN=47.688571).
[2026-03-24 12:59:03,069][pcse.crop.phenology.Vernalisation][INFO] - Critical DVS for vernalization (VERNDVS) reached at day 1984-06-26, but vernalization requirements not yet fulfilled. Forcing vernalization now (VERN=47.688571).
[2026-03-24 12:59:03,109][pcse.crop.phenology.Vernalisation][INFO] - Critical DVS for vernalization (VERNDVS) reached at day 1984-06-27, but vernalization requirements not yet fulfilled. Forcing vernalization now (VERN=47.688571).
[2026-03-24 12:59:03,147][pcse.crop.phenology.Vernalisation][INFO] - Critical DVS for vernalization (VERNDVS) reached at day 1984-06-28, but vernalization requirements not yet fulfilled. Forcing vernalization now (VERN=47.688571).
[2026-03-24 12:59:03,183][pcse.crop.phenology.Vernalisation][INFO] - Critical DVS for vernalization (VERNDVS) reached at day 1984-06-29, but vernalization requirements not yet fulfilled. Forcing vernalization now (VERN=47.688571).
[2026-03-24 12:59:03,183][pcse.crop.phenology.Annual_Phenology][INFO] - Changed phenological stage 'vegetative' to 'reproductive' on 1984-06-29
[REPLAY DBG] post-agent-update step=12500 n=12500 mean=-0.009604 std=0.014961 min=-0.094398 max=0.013632
[STEP DBG] step=12500 env_reward=0.000000 r_hat=-0.007131 done=False
[NORM DBG] count=12500 mean_abs_mean=62525.109375 mean_std=9.239154 min_std=0.001000 max_std=69.458778
[2026-03-24 12:59:05,661][pcse.crop.phenology.Annual_Phenology][INFO] - Changed phenological stage 'reproductive' to 'mature' on 1984-09-13
[2026-03-24 12:59:06,219][pcse.base.timer.Timer][INFO] - Reached end of simulation period as specified by END_DATE.
| train          | E: 52 | S: 12532 | R: -2.1701 | TR: 0.2283 | TF: 512 | LR: 0 | NR: 0 | D: 08.5 s | TD: 00.0 s | BR: -0.0097 | ALOSS: 14609.5807 | CLOSS: 2047957.4464 | TLOSS: -89.3034 | TVAL: 0.1712 | AENT: -522.6167 | BCLOSS: 0.0000
[EPISODE DBG] episode=52 step=12532 pred_return=-2.147158 true_return=0.000000 total_feedback=512 labeled_feedback=0
[2026-03-24 12:59:06,235][pcse.agromanager.SoilCalendar][INFO] - Starting soil (oregon) with variation (oregon_1) on day 1984-02-01
[2026-03-24 12:59:06,238][pcse.agromanager.CropCalendar][INFO] - Starting crop (wheat) with variety (wheat_1) on day 1984-02-01
[2026-03-24 12:59:08,637][pcse.crop.phenology.Annual_Phenology][INFO] - Changed phenological stage 'emerging' to 'vegetative' on 1984-04-10
[2026-03-24 12:59:10,707][pcse.crop.phenology.Vernalisation][INFO] - Critical DVS for vernalization (VERNDVS) reached at day 1984-06-02, but vernalization requirements not yet fulfilled. Forcing vernalization now (VERN=47.688571).
[2026-03-24 12:59:10,741][pcse.crop.phenology.Vernalisation][INFO] - Critical DVS for vernalization (VERNDVS) reached at day 1984-06-03, but vernalization requirements not yet fulfilled. Forcing vernalization now (VERN=47.688571).
[2026-03-24 12:59:10,777][pcse.crop.phenology.Vernalisation][INFO] - Critical DVS for vernalization (VERNDVS) reached at day 1984-06-04, but vernalization requirements not yet fulfilled. Forcing vernalization now (VERN=47.688571).
[2026-03-24 12:59:10,812][pcse.crop.phenology.Vernalisation][INFO] - Critical DVS for vernalization (VERNDVS) reached at day 1984-06-05, but vernalization requirements not yet fulfilled. Forcing vernalization now (VERN=47.688571).
[2026-03-24 12:59:10,847][pcse.crop.phenology.Vernalisation][INFO] - Critical DVS for vernalization (VERNDVS) reached at day 1984-06-06, but vernalization requirements not yet fulfilled. Forcing vernalization now (VERN=47.688571).
[2026-03-24 12:59:10,882][pcse.crop.phenology.Vernalisation][INFO] - Critical DVS for vernalization (VERNDVS) reached at day 1984-06-07, but vernalization requirements not yet fulfilled. Forcing vernalization now (VERN=47.688571).
[2026-03-24 12:59:10,916][pcse.crop.phenology.Vernalisation][INFO] - Critical DVS for vernalization (VERNDVS) reached at day 1984-06-08, but vernalization requirements not yet fulfilled. Forcing vernalization now (VERN=47.688571).
[2026-03-24 12:59:10,952][pcse.crop.phenology.Vernalisation][INFO] - Critical DVS for vernalization (VERNDVS) reached at day 1984-06-09, but vernalization requirements not yet fulfilled. Forcing vernalization now (VERN=47.688571).
[2026-03-24 12:59:10,989][pcse.crop.phenology.Vernalisation][INFO] - Critical DVS for vernalization (VERNDVS) reached at day 1984-06-10, but vernalization requirements not yet fulfilled. Forcing vernalization now (VERN=47.688571).
[2026-03-24 12:59:11,025][pcse.crop.phenology.Vernalisation][INFO] - Critical DVS for vernalization (VERNDVS) reached at day 1984-06-11, but vernalization requirements not yet fulfilled. Forcing vernalization now (VERN=47.688571).
[2026-03-24 12:59:11,063][pcse.crop.phenology.Vernalisation][INFO] - Critical DVS for vernalization (VERNDVS) reached at day 1984-06-12, but vernalization requirements not yet fulfilled. Forcing vernalization now (VERN=47.688571).
[2026-03-24 12:59:11,097][pcse.crop.phenology.Vernalisation][INFO] - Critical DVS for vernalization (VERNDVS) reached at day 1984-06-13, but vernalization requirements not yet fulfilled. Forcing vernalization now (VERN=47.688571).
[2026-03-24 12:59:11,134][pcse.crop.phenology.Vernalisation][INFO] - Critical DVS for vernalization (VERNDVS) reached at day 1984-06-14, but vernalization requirements not yet fulfilled. Forcing vernalization now (VERN=47.688571).
[2026-03-24 12:59:11,170][pcse.crop.phenology.Vernalisation][INFO] - Critical DVS for vernalization (VERNDVS) reached at day 1984-06-15, but vernalization requirements not yet fulfilled. Forcing vernalization now (VERN=47.688571).
[2026-03-24 12:59:11,205][pcse.crop.phenology.Vernalisation][INFO] - Critical DVS for vernalization (VERNDVS) reached at day 1984-06-16, but vernalization requirements not yet fulfilled. Forcing vernalization now (VERN=47.688571).
[2026-03-24 12:59:11,241][pcse.crop.phenology.Vernalisation][INFO] - Critical DVS for vernalization (VERNDVS) reached at day 1984-06-17, but vernalization requirements not yet fulfilled. Forcing vernalization now (VERN=47.688571).
[2026-03-24 12:59:11,278][pcse.crop.phenology.Vernalisation][INFO] - Critical DVS for vernalization (VERNDVS) reached at day 1984-06-18, but vernalization requirements not yet fulfilled. Forcing vernalization now (VERN=47.688571).
[2026-03-24 12:59:11,314][pcse.crop.phenology.Vernalisation][INFO] - Critical DVS for vernalization (VERNDVS) reached at day 1984-06-19, but vernalization requirements not yet fulfilled. Forcing vernalization now (VERN=47.688571).
[2026-03-24 12:59:11,351][pcse.crop.phenology.Vernalisation][INFO] - Critical DVS for vernalization (VERNDVS) reached at day 1984-06-20, but vernalization requirements not yet fulfilled. Forcing vernalization now (VERN=47.688571).
[2026-03-24 12:59:11,388][pcse.crop.phenology.Vernalisation][INFO] - Critical DVS for vernalization (VERNDVS) reached at day 1984-06-21, but vernalization requirements not yet fulfilled. Forcing vernalization now (VERN=47.688571).
[2026-03-24 12:59:11,424][pcse.crop.phenology.Vernalisation][INFO] - Critical DVS for vernalization (VERNDVS) reached at day 1984-06-22, but vernalization requirements not yet fulfilled. Forcing vernalization now (VERN=47.688571).
[2026-03-24 12:59:11,461][pcse.crop.phenology.Vernalisation][INFO] - Critical DVS for vernalization (VERNDVS) reached at day 1984-06-23, but vernalization requirements not yet fulfilled. Forcing vernalization now (VERN=47.688571).
[2026-03-24 12:59:11,498][pcse.crop.phenology.Vernalisation][INFO] - Critical DVS for vernalization (VERNDVS) reached at day 1984-06-24, but vernalization requirements not yet fulfilled. Forcing vernalization now (VERN=47.688571).
[2026-03-24 12:59:11,534][pcse.crop.phenology.Vernalisation][INFO] - Critical DVS for vernalization (VERNDVS) reached at day 1984-06-25, but vernalization requirements not yet fulfilled. Forcing vernalization now (VERN=47.688571).
[2026-03-24 12:59:11,569][pcse.crop.phenology.Vernalisation][INFO] - Critical DVS for vernalization (VERNDVS) reached at day 1984-06-26, but vernalization requirements not yet fulfilled. Forcing vernalization now (VERN=47.688571).
[2026-03-24 12:59:11,605][pcse.crop.phenology.Vernalisation][INFO] - Critical DVS for vernalization (VERNDVS) reached at day 1984-06-27, but vernalization requirements not yet fulfilled. Forcing vernalization now (VERN=47.688571).
[2026-03-24 12:59:11,642][pcse.crop.phenology.Vernalisation][INFO] - Critical DVS for vernalization (VERNDVS) reached at day 1984-06-28, but vernalization requirements not yet fulfilled. Forcing vernalization now (VERN=47.688571).
[2026-03-24 12:59:11,678][pcse.crop.phenology.Vernalisation][INFO] - Critical DVS for vernalization (VERNDVS) reached at day 1984-06-29, but vernalization requirements not yet fulfilled. Forcing vernalization now (VERN=47.688571).
[2026-03-24 12:59:11,678][pcse.crop.phenology.Annual_Phenology][INFO] - Changed phenological stage 'vegetative' to 'reproductive' on 1984-06-29
[2026-03-24 12:59:14,350][pcse.crop.phenology.Annual_Phenology][INFO] - Changed phenological stage 'reproductive' to 'mature' on 1984-09-13
[2026-03-24 12:59:14,909][pcse.base.timer.Timer][INFO] - Reached end of simulation period as specified by END_DATE.
| train          | E: 53 | S: 12773 | R: -2.1472 | TR: 0.0000 | TF: 512 | LR: 0 | NR: 0 | D: 08.7 s | TD: 00.0 s | BR: -0.0097 | ALOSS: 15270.5294 | CLOSS: 4245969.9121 | TLOSS: -365.8762 | TVAL: 0.1771 | AENT: -2062.0573 | BCLOSS: 0.0000
[EPISODE DBG] episode=53 step=12773 pred_return=-2.968369 true_return=29.432750 total_feedback=512 labeled_feedback=0
[2026-03-24 12:59:14,924][pcse.agromanager.SoilCalendar][INFO] - Starting soil (oregon) with variation (oregon_1) on day 1984-02-01
[2026-03-24 12:59:14,927][pcse.agromanager.CropCalendar][INFO] - Starting crop (wheat) with variety (wheat_1) on day 1984-02-01
[2026-03-24 12:59:17,544][pcse.crop.phenology.Annual_Phenology][INFO] - Changed phenological stage 'emerging' to 'vegetative' on 1984-04-10
[2026-03-24 12:59:18,786][pcse.crop.phenology.Vernalisation][INFO] - Critical DVS for vernalization (VERNDVS) reached at day 1984-06-02, but vernalization requirements not yet fulfilled. Forcing vernalization now (VERN=47.688571).
[2026-03-24 12:59:18,809][pcse.crop.phenology.Vernalisation][INFO] - Critical DVS for vernalization (VERNDVS) reached at day 1984-06-03, but vernalization requirements not yet fulfilled. Forcing vernalization now (VERN=47.688571).
[2026-03-24 12:59:18,832][pcse.crop.phenology.Vernalisation][INFO] - Critical DVS for vernalization (VERNDVS) reached at day 1984-06-04, but vernalization requirements not yet fulfilled. Forcing vernalization now (VERN=47.688571).
[2026-03-24 12:59:18,854][pcse.crop.phenology.Vernalisation][INFO] - Critical DVS for vernalization (VERNDVS) reached at day 1984-06-05, but vernalization requirements not yet fulfilled. Forcing vernalization now (VERN=47.688571).
[2026-03-24 12:59:18,878][pcse.crop.phenology.Vernalisation][INFO] - Critical DVS for vernalization (VERNDVS) reached at day 1984-06-06, but vernalization requirements not yet fulfilled. Forcing vernalization now (VERN=47.688571).
[2026-03-24 12:59:18,900][pcse.crop.phenology.Vernalisation][INFO] - Critical DVS for vernalization (VERNDVS) reached at day 1984-06-07, but vernalization requirements not yet fulfilled. Forcing vernalization now (VERN=47.688571).
[2026-03-24 12:59:18,923][pcse.crop.phenology.Vernalisation][INFO] - Critical DVS for vernalization (VERNDVS) reached at day 1984-06-08, but vernalization requirements not yet fulfilled. Forcing vernalization now (VERN=47.688571).
[2026-03-24 12:59:18,947][pcse.crop.phenology.Vernalisation][INFO] - Critical DVS for vernalization (VERNDVS) reached at day 1984-06-09, but vernalization requirements not yet fulfilled. Forcing vernalization now (VERN=47.688571).
[2026-03-24 12:59:18,971][pcse.crop.phenology.Vernalisation][INFO] - Critical DVS for vernalization (VERNDVS) reached at day 1984-06-10, but vernalization requirements not yet fulfilled. Forcing vernalization now (VERN=47.688571).
[2026-03-24 12:59:18,993][pcse.crop.phenology.Vernalisation][INFO] - Critical DVS for vernalization (VERNDVS) reached at day 1984-06-11, but vernalization requirements not yet fulfilled. Forcing vernalization now (VERN=47.688571).
[2026-03-24 12:59:19,017][pcse.crop.phenology.Vernalisation][INFO] - Critical DVS for vernalization (VERNDVS) reached at day 1984-06-12, but vernalization requirements not yet fulfilled. Forcing vernalization now (VERN=47.688571).
[2026-03-24 12:59:19,041][pcse.crop.phenology.Vernalisation][INFO] - Critical DVS for vernalization (VERNDVS) reached at day 1984-06-13, but vernalization requirements not yet fulfilled. Forcing vernalization now (VERN=47.688571).
[2026-03-24 12:59:19,065][pcse.crop.phenology.Vernalisation][INFO] - Critical DVS for vernalization (VERNDVS) reached at day 1984-06-14, but vernalization requirements not yet fulfilled. Forcing vernalization now (VERN=47.688571).
[2026-03-24 12:59:19,089][pcse.crop.phenology.Vernalisation][INFO] - Critical DVS for vernalization (VERNDVS) reached at day 1984-06-15, but vernalization requirements not yet fulfilled. Forcing vernalization now (VERN=47.688571).
[2026-03-24 12:59:19,113][pcse.crop.phenology.Vernalisation][INFO] - Critical DVS for vernalization (VERNDVS) reached at day 1984-06-16, but vernalization requirements not yet fulfilled. Forcing vernalization now (VERN=47.688571).
[2026-03-24 12:59:19,136][pcse.crop.phenology.Vernalisation][INFO] - Critical DVS for vernalization (VERNDVS) reached at day 1984-06-17, but vernalization requirements not yet fulfilled. Forcing vernalization now (VERN=47.688571).
[2026-03-24 12:59:19,160][pcse.crop.phenology.Vernalisation][INFO] - Critical DVS for vernalization (VERNDVS) reached at day 1984-06-18, but vernalization requirements not yet fulfilled. Forcing vernalization now (VERN=47.688571).
[2026-03-24 12:59:19,184][pcse.crop.phenology.Vernalisation][INFO] - Critical DVS for vernalization (VERNDVS) reached at day 1984-06-19, but vernalization requirements not yet fulfilled. Forcing vernalization now (VERN=47.688571).
[2026-03-24 12:59:19,209][pcse.crop.phenology.Vernalisation][INFO] - Critical DVS for vernalization (VERNDVS) reached at day 1984-06-20, but vernalization requirements not yet fulfilled. Forcing vernalization now (VERN=47.688571).
[2026-03-24 12:59:19,232][pcse.crop.phenology.Vernalisation][INFO] - Critical DVS for vernalization (VERNDVS) reached at day 1984-06-21, but vernalization requirements not yet fulfilled. Forcing vernalization now (VERN=47.688571).
[2026-03-24 12:59:19,255][pcse.crop.phenology.Vernalisation][INFO] - Critical DVS for vernalization (VERNDVS) reached at day 1984-06-22, but vernalization requirements not yet fulfilled. Forcing vernalization now (VERN=47.688571).
[2026-03-24 12:59:19,279][pcse.crop.phenology.Vernalisation][INFO] - Critical DVS for vernalization (VERNDVS) reached at day 1984-06-23, but vernalization requirements not yet fulfilled. Forcing vernalization now (VERN=47.688571).
[2026-03-24 12:59:19,302][pcse.crop.phenology.Vernalisation][INFO] - Critical DVS for vernalization (VERNDVS) reached at day 1984-06-24, but vernalization requirements not yet fulfilled. Forcing vernalization now (VERN=47.688571).
[2026-03-24 12:59:19,327][pcse.crop.phenology.Vernalisation][INFO] - Critical DVS for vernalization (VERNDVS) reached at day 1984-06-25, but vernalization requirements not yet fulfilled. Forcing vernalization now (VERN=47.688571).
[2026-03-24 12:59:19,350][pcse.crop.phenology.Vernalisation][INFO] - Critical DVS for vernalization (VERNDVS) reached at day 1984-06-26, but vernalization requirements not yet fulfilled. Forcing vernalization now (VERN=47.688571).
[2026-03-24 12:59:19,374][pcse.crop.phenology.Vernalisation][INFO] - Critical DVS for vernalization (VERNDVS) reached at day 1984-06-27, but vernalization requirements not yet fulfilled. Forcing vernalization now (VERN=47.688571).
[2026-03-24 12:59:19,397][pcse.crop.phenology.Vernalisation][INFO] - Critical DVS for vernalization (VERNDVS) reached at day 1984-06-28, but vernalization requirements not yet fulfilled. Forcing vernalization now (VERN=47.688571).
[2026-03-24 12:59:19,419][pcse.crop.phenology.Vernalisation][INFO] - Critical DVS for vernalization (VERNDVS) reached at day 1984-06-29, but vernalization requirements not yet fulfilled. Forcing vernalization now (VERN=47.688571).
[2026-03-24 12:59:19,420][pcse.crop.phenology.Annual_Phenology][INFO] - Changed phenological stage 'vegetative' to 'reproductive' on 1984-06-29
[2026-03-24 12:59:21,331][pcse.crop.phenology.Annual_Phenology][INFO] - Changed phenological stage 'reproductive' to 'mature' on 1984-09-13
[REPLAY DBG] post-agent-update step=13000 n=13000 mean=-0.009680 std=0.015022 min=-0.094720 max=0.013632
[STEP DBG] step=13000 env_reward=0.148006 r_hat=0.001347 done=False
[NORM DBG] count=13000 mean_abs_mean=62525.128906 mean_std=9.244871 min_std=0.001000 max_std=69.510201
[2026-03-24 12:59:22,141][pcse.base.timer.Timer][INFO] - Reached end of simulation period as specified by END_DATE.
| train          | E: 54 | S: 13014 | R: -2.9684 | TR: 29.4327 | TF: 512 | LR: 0 | NR: 0 | D: 07.2 s | TD: 00.0 s | BR: -0.0097 | ALOSS: 15636.8768 | CLOSS: 4514563.9484 | TLOSS: -375.2761 | TVAL: 0.1848 | AENT: -2032.9618 | BCLOSS: 0.0000
[EPISODE DBG] episode=54 step=13014 pred_return=-2.711766 true_return=13.729036 total_feedback=512 labeled_feedback=0
[2026-03-24 12:59:22,148][pcse.agromanager.SoilCalendar][INFO] - Starting soil (oregon) with variation (oregon_1) on day 1984-02-01
[2026-03-24 12:59:22,149][pcse.agromanager.CropCalendar][INFO] - Starting crop (wheat) with variety (wheat_1) on day 1984-02-01
[2026-03-24 12:59:23,767][pcse.crop.phenology.Annual_Phenology][INFO] - Changed phenological stage 'emerging' to 'vegetative' on 1984-04-10
[2026-03-24 12:59:24,949][pcse.crop.phenology.Vernalisation][INFO] - Critical DVS for vernalization (VERNDVS) reached at day 1984-06-02, but vernalization requirements not yet fulfilled. Forcing vernalization now (VERN=47.688571).
[2026-03-24 12:59:24,972][pcse.crop.phenology.Vernalisation][INFO] - Critical DVS for vernalization (VERNDVS) reached at day 1984-06-03, but vernalization requirements not yet fulfilled. Forcing vernalization now (VERN=47.688571).
[2026-03-24 12:59:24,994][pcse.crop.phenology.Vernalisation][INFO] - Critical DVS for vernalization (VERNDVS) reached at day 1984-06-04, but vernalization requirements not yet fulfilled. Forcing vernalization now (VERN=47.688571).
[2026-03-24 12:59:25,016][pcse.crop.phenology.Vernalisation][INFO] - Critical DVS for vernalization (VERNDVS) reached at day 1984-06-05, but vernalization requirements not yet fulfilled. Forcing vernalization now (VERN=47.688571).
[2026-03-24 12:59:25,038][pcse.crop.phenology.Vernalisation][INFO] - Critical DVS for vernalization (VERNDVS) reached at day 1984-06-06, but vernalization requirements not yet fulfilled. Forcing vernalization now (VERN=47.688571).
[2026-03-24 12:59:25,062][pcse.crop.phenology.Vernalisation][INFO] - Critical DVS for vernalization (VERNDVS) reached at day 1984-06-07, but vernalization requirements not yet fulfilled. Forcing vernalization now (VERN=47.688571).
[2026-03-24 12:59:25,083][pcse.crop.phenology.Vernalisation][INFO] - Critical DVS for vernalization (VERNDVS) reached at day 1984-06-08, but vernalization requirements not yet fulfilled. Forcing vernalization now (VERN=47.688571).
[2026-03-24 12:59:25,105][pcse.crop.phenology.Vernalisation][INFO] - Critical DVS for vernalization (VERNDVS) reached at day 1984-06-09, but vernalization requirements not yet fulfilled. Forcing vernalization now (VERN=47.688571).
[2026-03-24 12:59:25,127][pcse.crop.phenology.Vernalisation][INFO] - Critical DVS for vernalization (VERNDVS) reached at day 1984-06-10, but vernalization requirements not yet fulfilled. Forcing vernalization now (VERN=47.688571).
[2026-03-24 12:59:25,150][pcse.crop.phenology.Vernalisation][INFO] - Critical DVS for vernalization (VERNDVS) reached at day 1984-06-11, but vernalization requirements not yet fulfilled. Forcing vernalization now (VERN=47.688571).
[2026-03-24 12:59:25,173][pcse.crop.phenology.Vernalisation][INFO] - Critical DVS for vernalization (VERNDVS) reached at day 1984-06-12, but vernalization requirements not yet fulfilled. Forcing vernalization now (VERN=47.688571).
[2026-03-24 12:59:25,195][pcse.crop.phenology.Vernalisation][INFO] - Critical DVS for vernalization (VERNDVS) reached at day 1984-06-13, but vernalization requirements not yet fulfilled. Forcing vernalization now (VERN=47.688571).
[2026-03-24 12:59:25,218][pcse.crop.phenology.Vernalisation][INFO] - Critical DVS for vernalization (VERNDVS) reached at day 1984-06-14, but vernalization requirements not yet fulfilled. Forcing vernalization now (VERN=47.688571).
[2026-03-24 12:59:25,240][pcse.crop.phenology.Vernalisation][INFO] - Critical DVS for vernalization (VERNDVS) reached at day 1984-06-15, but vernalization requirements not yet fulfilled. Forcing vernalization now (VERN=47.688571).
[2026-03-24 12:59:25,262][pcse.crop.phenology.Vernalisation][INFO] - Critical DVS for vernalization (VERNDVS) reached at day 1984-06-16, but vernalization requirements not yet fulfilled. Forcing vernalization now (VERN=47.688571).
[2026-03-24 12:59:25,284][pcse.crop.phenology.Vernalisation][INFO] - Critical DVS for vernalization (VERNDVS) reached at day 1984-06-17, but vernalization requirements not yet fulfilled. Forcing vernalization now (VERN=47.688571).
[2026-03-24 12:59:25,306][pcse.crop.phenology.Vernalisation][INFO] - Critical DVS for vernalization (VERNDVS) reached at day 1984-06-18, but vernalization requirements not yet fulfilled. Forcing vernalization now (VERN=47.688571).
[2026-03-24 12:59:25,328][pcse.crop.phenology.Vernalisation][INFO] - Critical DVS for vernalization (VERNDVS) reached at day 1984-06-19, but vernalization requirements not yet fulfilled. Forcing vernalization now (VERN=47.688571).
[2026-03-24 12:59:25,349][pcse.crop.phenology.Vernalisation][INFO] - Critical DVS for vernalization (VERNDVS) reached at day 1984-06-20, but vernalization requirements not yet fulfilled. Forcing vernalization now (VERN=47.688571).
[2026-03-24 12:59:25,372][pcse.crop.phenology.Vernalisation][INFO] - Critical DVS for vernalization (VERNDVS) reached at day 1984-06-21, but vernalization requirements not yet fulfilled. Forcing vernalization now (VERN=47.688571).
[2026-03-24 12:59:25,394][pcse.crop.phenology.Vernalisation][INFO] - Critical DVS for vernalization (VERNDVS) reached at day 1984-06-22, but vernalization requirements not yet fulfilled. Forcing vernalization now (VERN=47.688571).
[2026-03-24 12:59:25,417][pcse.crop.phenology.Vernalisation][INFO] - Critical DVS for vernalization (VERNDVS) reached at day 1984-06-23, but vernalization requirements not yet fulfilled. Forcing vernalization now (VERN=47.688571).
[2026-03-24 12:59:25,439][pcse.crop.phenology.Vernalisation][INFO] - Critical DVS for vernalization (VERNDVS) reached at day 1984-06-24, but vernalization requirements not yet fulfilled. Forcing vernalization now (VERN=47.688571).
[2026-03-24 12:59:25,461][pcse.crop.phenology.Vernalisation][INFO] - Critical DVS for vernalization (VERNDVS) reached at day 1984-06-25, but vernalization requirements not yet fulfilled. Forcing vernalization now (VERN=47.688571).
[2026-03-24 12:59:25,483][pcse.crop.phenology.Vernalisation][INFO] - Critical DVS for vernalization (VERNDVS) reached at day 1984-06-26, but vernalization requirements not yet fulfilled. Forcing vernalization now (VERN=47.688571).
[2026-03-24 12:59:25,505][pcse.crop.phenology.Vernalisation][INFO] - Critical DVS for vernalization (VERNDVS) reached at day 1984-06-27, but vernalization requirements not yet fulfilled. Forcing vernalization now (VERN=47.688571).
[2026-03-24 12:59:25,528][pcse.crop.phenology.Vernalisation][INFO] - Critical DVS for vernalization (VERNDVS) reached at day 1984-06-28, but vernalization requirements not yet fulfilled. Forcing vernalization now (VERN=47.688571).
[2026-03-24 12:59:25,548][pcse.crop.phenology.Vernalisation][INFO] - Critical DVS for vernalization (VERNDVS) reached at day 1984-06-29, but vernalization requirements not yet fulfilled. Forcing vernalization now (VERN=47.688571).
[2026-03-24 12:59:25,549][pcse.crop.phenology.Annual_Phenology][INFO] - Changed phenological stage 'vegetative' to 'reproductive' on 1984-06-29
[2026-03-24 12:59:27,663][pcse.crop.phenology.Annual_Phenology][INFO] - Changed phenological stage 'reproductive' to 'mature' on 1984-09-13
[2026-03-24 12:59:28,028][pcse.base.timer.Timer][INFO] - Reached end of simulation period as specified by END_DATE.
| train          | E: 55 | S: 13255 | R: -2.7118 | TR: 13.7290 | TF: 512 | LR: 0 | NR: 0 | D: 05.9 s | TD: 00.0 s | BR: -0.0097 | ALOSS: 15026.0965 | CLOSS: 2585257.3555 | TLOSS: -178.7738 | TVAL: 0.1892 | AENT: -946.1047 | BCLOSS: 0.0000
[EPISODE DBG] episode=55 step=13255 pred_return=-2.738323 true_return=12.083472 total_feedback=512 labeled_feedback=0
[2026-03-24 12:59:28,035][pcse.agromanager.SoilCalendar][INFO] - Starting soil (oregon) with variation (oregon_1) on day 1984-02-01
[2026-03-24 12:59:28,036][pcse.agromanager.CropCalendar][INFO] - Starting crop (wheat) with variety (wheat_1) on day 1984-02-01
[2026-03-24 12:59:29,617][pcse.crop.phenology.Annual_Phenology][INFO] - Changed phenological stage 'emerging' to 'vegetative' on 1984-04-10
[2026-03-24 12:59:30,763][pcse.crop.phenology.Vernalisation][INFO] - Critical DVS for vernalization (VERNDVS) reached at day 1984-06-02, but vernalization requirements not yet fulfilled. Forcing vernalization now (VERN=47.688571).
[2026-03-24 12:59:30,784][pcse.crop.phenology.Vernalisation][INFO] - Critical DVS for vernalization (VERNDVS) reached at day 1984-06-03, but vernalization requirements not yet fulfilled. Forcing vernalization now (VERN=47.688571).
[2026-03-24 12:59:30,805][pcse.crop.phenology.Vernalisation][INFO] - Critical DVS for vernalization (VERNDVS) reached at day 1984-06-04, but vernalization requirements not yet fulfilled. Forcing vernalization now (VERN=47.688571).
[2026-03-24 12:59:30,827][pcse.crop.phenology.Vernalisation][INFO] - Critical DVS for vernalization (VERNDVS) reached at day 1984-06-05, but vernalization requirements not yet fulfilled. Forcing vernalization now (VERN=47.688571).
[2026-03-24 12:59:30,847][pcse.crop.phenology.Vernalisation][INFO] - Critical DVS for vernalization (VERNDVS) reached at day 1984-06-06, but vernalization requirements not yet fulfilled. Forcing vernalization now (VERN=47.688571).
[2026-03-24 12:59:30,867][pcse.crop.phenology.Vernalisation][INFO] - Critical DVS for vernalization (VERNDVS) reached at day 1984-06-07, but vernalization requirements not yet fulfilled. Forcing vernalization now (VERN=47.688571).
[2026-03-24 12:59:30,884][pcse.crop.phenology.Vernalisation][INFO] - Critical DVS for vernalization (VERNDVS) reached at day 1984-06-08, but vernalization requirements not yet fulfilled. Forcing vernalization now (VERN=47.688571).
[2026-03-24 12:59:30,904][pcse.crop.phenology.Vernalisation][INFO] - Critical DVS for vernalization (VERNDVS) reached at day 1984-06-09, but vernalization requirements not yet fulfilled. Forcing vernalization now (VERN=47.688571).
[2026-03-24 12:59:30,922][pcse.crop.phenology.Vernalisation][INFO] - Critical DVS for vernalization (VERNDVS) reached at day 1984-06-10, but vernalization requirements not yet fulfilled. Forcing vernalization now (VERN=47.688571).
[2026-03-24 12:59:30,941][pcse.crop.phenology.Vernalisation][INFO] - Critical DVS for vernalization (VERNDVS) reached at day 1984-06-11, but vernalization requirements not yet fulfilled. Forcing vernalization now (VERN=47.688571).
[2026-03-24 12:59:30,960][pcse.crop.phenology.Vernalisation][INFO] - Critical DVS for vernalization (VERNDVS) reached at day 1984-06-12, but vernalization requirements not yet fulfilled. Forcing vernalization now (VERN=47.688571).
[2026-03-24 12:59:30,978][pcse.crop.phenology.Vernalisation][INFO] - Critical DVS for vernalization (VERNDVS) reached at day 1984-06-13, but vernalization requirements not yet fulfilled. Forcing vernalization now (VERN=47.688571).
[2026-03-24 12:59:30,996][pcse.crop.phenology.Vernalisation][INFO] - Critical DVS for vernalization (VERNDVS) reached at day 1984-06-14, but vernalization requirements not yet fulfilled. Forcing vernalization now (VERN=47.688571).
[2026-03-24 12:59:31,015][pcse.crop.phenology.Vernalisation][INFO] - Critical DVS for vernalization (VERNDVS) reached at day 1984-06-15, but vernalization requirements not yet fulfilled. Forcing vernalization now (VERN=47.688571).
[2026-03-24 12:59:31,033][pcse.crop.phenology.Vernalisation][INFO] - Critical DVS for vernalization (VERNDVS) reached at day 1984-06-16, but vernalization requirements not yet fulfilled. Forcing vernalization now (VERN=47.688571).
[2026-03-24 12:59:31,052][pcse.crop.phenology.Vernalisation][INFO] - Critical DVS for vernalization (VERNDVS) reached at day 1984-06-17, but vernalization requirements not yet fulfilled. Forcing vernalization now (VERN=47.688571).
[2026-03-24 12:59:31,073][pcse.crop.phenology.Vernalisation][INFO] - Critical DVS for vernalization (VERNDVS) reached at day 1984-06-18, but vernalization requirements not yet fulfilled. Forcing vernalization now (VERN=47.688571).
[2026-03-24 12:59:31,093][pcse.crop.phenology.Vernalisation][INFO] - Critical DVS for vernalization (VERNDVS) reached at day 1984-06-19, but vernalization requirements not yet fulfilled. Forcing vernalization now (VERN=47.688571).
[2026-03-24 12:59:31,113][pcse.crop.phenology.Vernalisation][INFO] - Critical DVS for vernalization (VERNDVS) reached at day 1984-06-20, but vernalization requirements not yet fulfilled. Forcing vernalization now (VERN=47.688571).
[2026-03-24 12:59:31,133][pcse.crop.phenology.Vernalisation][INFO] - Critical DVS for vernalization (VERNDVS) reached at day 1984-06-21, but vernalization requirements not yet fulfilled. Forcing vernalization now (VERN=47.688571).
[2026-03-24 12:59:31,154][pcse.crop.phenology.Vernalisation][INFO] - Critical DVS for vernalization (VERNDVS) reached at day 1984-06-22, but vernalization requirements not yet fulfilled. Forcing vernalization now (VERN=47.688571).
[2026-03-24 12:59:31,172][pcse.crop.phenology.Vernalisation][INFO] - Critical DVS for vernalization (VERNDVS) reached at day 1984-06-23, but vernalization requirements not yet fulfilled. Forcing vernalization now (VERN=47.688571).
[2026-03-24 12:59:31,193][pcse.crop.phenology.Vernalisation][INFO] - Critical DVS for vernalization (VERNDVS) reached at day 1984-06-24, but vernalization requirements not yet fulfilled. Forcing vernalization now (VERN=47.688571).
[2026-03-24 12:59:31,214][pcse.crop.phenology.Vernalisation][INFO] - Critical DVS for vernalization (VERNDVS) reached at day 1984-06-25, but vernalization requirements not yet fulfilled. Forcing vernalization now (VERN=47.688571).
[2026-03-24 12:59:31,235][pcse.crop.phenology.Vernalisation][INFO] - Critical DVS for vernalization (VERNDVS) reached at day 1984-06-26, but vernalization requirements not yet fulfilled. Forcing vernalization now (VERN=47.688571).
[2026-03-24 12:59:31,615][pcse.crop.phenology.Vernalisation][INFO] - Critical DVS for vernalization (VERNDVS) reached at day 1984-06-27, but vernalization requirements not yet fulfilled. Forcing vernalization now (VERN=47.688571).
[2026-03-24 12:59:31,638][pcse.crop.phenology.Vernalisation][INFO] - Critical DVS for vernalization (VERNDVS) reached at day 1984-06-28, but vernalization requirements not yet fulfilled. Forcing vernalization now (VERN=47.688571).
[2026-03-24 12:59:31,660][pcse.crop.phenology.Vernalisation][INFO] - Critical DVS for vernalization (VERNDVS) reached at day 1984-06-29, but vernalization requirements not yet fulfilled. Forcing vernalization now (VERN=47.688571).
[2026-03-24 12:59:31,660][pcse.crop.phenology.Annual_Phenology][INFO] - Changed phenological stage 'vegetative' to 'reproductive' on 1984-06-29
[2026-03-24 12:59:33,367][pcse.crop.phenology.Annual_Phenology][INFO] - Changed phenological stage 'reproductive' to 'mature' on 1984-09-13
[2026-03-24 12:59:33,744][pcse.base.timer.Timer][INFO] - Reached end of simulation period as specified by END_DATE.
| train          | E: 56 | S: 13496 | R: -2.7383 | TR: 12.0835 | TF: 512 | LR: 0 | NR: 0 | D: 05.7 s | TD: 00.0 s | BR: -0.0098 | ALOSS: 14964.2664 | CLOSS: 2387298.7565 | TLOSS: -176.3159 | TVAL: 0.1920 | AENT: -919.3029 | BCLOSS: 0.0000
[EPISODE DBG] episode=56 step=13496 pred_return=-2.824309 true_return=20.711114 total_feedback=512 labeled_feedback=0
[2026-03-24 12:59:33,750][pcse.agromanager.SoilCalendar][INFO] - Starting soil (oregon) with variation (oregon_1) on day 1984-02-01
[2026-03-24 12:59:33,752][pcse.agromanager.CropCalendar][INFO] - Starting crop (wheat) with variety (wheat_1) on day 1984-02-01
[REPLAY DBG] post-agent-update step=13500 n=13500 mean=-0.009761 std=0.015086 min=-0.094720 max=0.013632
[STEP DBG] step=13500 env_reward=0.000000 r_hat=-0.025918 done=False
[NORM DBG] count=13500 mean_abs_mean=62525.140625 mean_std=9.254704 min_std=0.001000 max_std=69.592194
[2026-03-24 12:59:35,344][pcse.crop.phenology.Annual_Phenology][INFO] - Changed phenological stage 'emerging' to 'vegetative' on 1984-04-10
[2026-03-24 12:59:36,950][pcse.crop.phenology.Vernalisation][INFO] - Critical DVS for vernalization (VERNDVS) reached at day 1984-06-02, but vernalization requirements not yet fulfilled. Forcing vernalization now (VERN=47.688571).
[2026-03-24 12:59:36,976][pcse.crop.phenology.Vernalisation][INFO] - Critical DVS for vernalization (VERNDVS) reached at day 1984-06-03, but vernalization requirements not yet fulfilled. Forcing vernalization now (VERN=47.688571).
[2026-03-24 12:59:36,999][pcse.crop.phenology.Vernalisation][INFO] - Critical DVS for vernalization (VERNDVS) reached at day 1984-06-04, but vernalization requirements not yet fulfilled. Forcing vernalization now (VERN=47.688571).
[2026-03-24 12:59:37,023][pcse.crop.phenology.Vernalisation][INFO] - Critical DVS for vernalization (VERNDVS) reached at day 1984-06-05, but vernalization requirements not yet fulfilled. Forcing vernalization now (VERN=47.688571).
[2026-03-24 12:59:37,047][pcse.crop.phenology.Vernalisation][INFO] - Critical DVS for vernalization (VERNDVS) reached at day 1984-06-06, but vernalization requirements not yet fulfilled. Forcing vernalization now (VERN=47.688571).
[2026-03-24 12:59:37,072][pcse.crop.phenology.Vernalisation][INFO] - Critical DVS for vernalization (VERNDVS) reached at day 1984-06-07, but vernalization requirements not yet fulfilled. Forcing vernalization now (VERN=47.688571).
[2026-03-24 12:59:37,096][pcse.crop.phenology.Vernalisation][INFO] - Critical DVS for vernalization (VERNDVS) reached at day 1984-06-08, but vernalization requirements not yet fulfilled. Forcing vernalization now (VERN=47.688571).
[2026-03-24 12:59:37,120][pcse.crop.phenology.Vernalisation][INFO] - Critical DVS for vernalization (VERNDVS) reached at day 1984-06-09, but vernalization requirements not yet fulfilled. Forcing vernalization now (VERN=47.688571).
[2026-03-24 12:59:37,145][pcse.crop.phenology.Vernalisation][INFO] - Critical DVS for vernalization (VERNDVS) reached at day 1984-06-10, but vernalization requirements not yet fulfilled. Forcing vernalization now (VERN=47.688571).
[2026-03-24 12:59:37,171][pcse.crop.phenology.Vernalisation][INFO] - Critical DVS for vernalization (VERNDVS) reached at day 1984-06-11, but vernalization requirements not yet fulfilled. Forcing vernalization now (VERN=47.688571).
[2026-03-24 12:59:37,195][pcse.crop.phenology.Vernalisation][INFO] - Critical DVS for vernalization (VERNDVS) reached at day 1984-06-12, but vernalization requirements not yet fulfilled. Forcing vernalization now (VERN=47.688571).
[2026-03-24 12:59:37,220][pcse.crop.phenology.Vernalisation][INFO] - Critical DVS for vernalization (VERNDVS) reached at day 1984-06-13, but vernalization requirements not yet fulfilled. Forcing vernalization now (VERN=47.688571).
[2026-03-24 12:59:37,243][pcse.crop.phenology.Vernalisation][INFO] - Critical DVS for vernalization (VERNDVS) reached at day 1984-06-14, but vernalization requirements not yet fulfilled. Forcing vernalization now (VERN=47.688571).
[2026-03-24 12:59:37,268][pcse.crop.phenology.Vernalisation][INFO] - Critical DVS for vernalization (VERNDVS) reached at day 1984-06-15, but vernalization requirements not yet fulfilled. Forcing vernalization now (VERN=47.688571).
[2026-03-24 12:59:37,292][pcse.crop.phenology.Vernalisation][INFO] - Critical DVS for vernalization (VERNDVS) reached at day 1984-06-16, but vernalization requirements not yet fulfilled. Forcing vernalization now (VERN=47.688571).
[2026-03-24 12:59:37,318][pcse.crop.phenology.Vernalisation][INFO] - Critical DVS for vernalization (VERNDVS) reached at day 1984-06-17, but vernalization requirements not yet fulfilled. Forcing vernalization now (VERN=47.688571).
[2026-03-24 12:59:37,343][pcse.crop.phenology.Vernalisation][INFO] - Critical DVS for vernalization (VERNDVS) reached at day 1984-06-18, but vernalization requirements not yet fulfilled. Forcing vernalization now (VERN=47.688571).
[2026-03-24 12:59:37,369][pcse.crop.phenology.Vernalisation][INFO] - Critical DVS for vernalization (VERNDVS) reached at day 1984-06-19, but vernalization requirements not yet fulfilled. Forcing vernalization now (VERN=47.688571).
[2026-03-24 12:59:37,395][pcse.crop.phenology.Vernalisation][INFO] - Critical DVS for vernalization (VERNDVS) reached at day 1984-06-20, but vernalization requirements not yet fulfilled. Forcing vernalization now (VERN=47.688571).
[2026-03-24 12:59:37,421][pcse.crop.phenology.Vernalisation][INFO] - Critical DVS for vernalization (VERNDVS) reached at day 1984-06-21, but vernalization requirements not yet fulfilled. Forcing vernalization now (VERN=47.688571).
[2026-03-24 12:59:37,446][pcse.crop.phenology.Vernalisation][INFO] - Critical DVS for vernalization (VERNDVS) reached at day 1984-06-22, but vernalization requirements not yet fulfilled. Forcing vernalization now (VERN=47.688571).
[2026-03-24 12:59:37,469][pcse.crop.phenology.Vernalisation][INFO] - Critical DVS for vernalization (VERNDVS) reached at day 1984-06-23, but vernalization requirements not yet fulfilled. Forcing vernalization now (VERN=47.688571).
[2026-03-24 12:59:37,494][pcse.crop.phenology.Vernalisation][INFO] - Critical DVS for vernalization (VERNDVS) reached at day 1984-06-24, but vernalization requirements not yet fulfilled. Forcing vernalization now (VERN=47.688571).
[2026-03-24 12:59:37,518][pcse.crop.phenology.Vernalisation][INFO] - Critical DVS for vernalization (VERNDVS) reached at day 1984-06-25, but vernalization requirements not yet fulfilled. Forcing vernalization now (VERN=47.688571).
[2026-03-24 12:59:37,544][pcse.crop.phenology.Vernalisation][INFO] - Critical DVS for vernalization (VERNDVS) reached at day 1984-06-26, but vernalization requirements not yet fulfilled. Forcing vernalization now (VERN=47.688571).
[2026-03-24 12:59:37,577][pcse.crop.phenology.Vernalisation][INFO] - Critical DVS for vernalization (VERNDVS) reached at day 1984-06-27, but vernalization requirements not yet fulfilled. Forcing vernalization now (VERN=47.688571).
[2026-03-24 12:59:37,609][pcse.crop.phenology.Vernalisation][INFO] - Critical DVS for vernalization (VERNDVS) reached at day 1984-06-28, but vernalization requirements not yet fulfilled. Forcing vernalization now (VERN=47.688571).
[2026-03-24 12:59:37,638][pcse.crop.phenology.Vernalisation][INFO] - Critical DVS for vernalization (VERNDVS) reached at day 1984-06-29, but vernalization requirements not yet fulfilled. Forcing vernalization now (VERN=47.688571).
[2026-03-24 12:59:37,638][pcse.crop.phenology.Annual_Phenology][INFO] - Changed phenological stage 'vegetative' to 'reproductive' on 1984-06-29
[2026-03-24 12:59:39,477][pcse.crop.phenology.Annual_Phenology][INFO] - Changed phenological stage 'reproductive' to 'mature' on 1984-09-13
[2026-03-24 12:59:39,880][pcse.base.timer.Timer][INFO] - Reached end of simulation period as specified by END_DATE.
| train          | E: 57 | S: 13737 | R: -2.8243 | TR: 20.7111 | TF: 512 | LR: 0 | NR: 0 | D: 06.1 s | TD: 00.0 s | BR: -0.0098 | ALOSS: 14906.7197 | CLOSS: 2482474.5957 | TLOSS: -175.2313 | TVAL: 0.1950 | AENT: -899.5532 | BCLOSS: 0.0000
[EPISODE DBG] episode=57 step=13737 pred_return=-2.864099 true_return=19.897423 total_feedback=512 labeled_feedback=0
[2026-03-24 12:59:39,888][pcse.agromanager.SoilCalendar][INFO] - Starting soil (oregon) with variation (oregon_1) on day 1984-02-01
[2026-03-24 12:59:39,891][pcse.agromanager.CropCalendar][INFO] - Starting crop (wheat) with variety (wheat_1) on day 1984-02-01
[2026-03-24 12:59:42,067][pcse.crop.phenology.Annual_Phenology][INFO] - Changed phenological stage 'emerging' to 'vegetative' on 1984-04-10
[2026-03-24 12:59:43,256][pcse.crop.phenology.Vernalisation][INFO] - Critical DVS for vernalization (VERNDVS) reached at day 1984-06-02, but vernalization requirements not yet fulfilled. Forcing vernalization now (VERN=47.688571).
[2026-03-24 12:59:43,279][pcse.crop.phenology.Vernalisation][INFO] - Critical DVS for vernalization (VERNDVS) reached at day 1984-06-03, but vernalization requirements not yet fulfilled. Forcing vernalization now (VERN=47.688571).
[2026-03-24 12:59:43,301][pcse.crop.phenology.Vernalisation][INFO] - Critical DVS for vernalization (VERNDVS) reached at day 1984-06-04, but vernalization requirements not yet fulfilled. Forcing vernalization now (VERN=47.688571).
[2026-03-24 12:59:43,323][pcse.crop.phenology.Vernalisation][INFO] - Critical DVS for vernalization (VERNDVS) reached at day 1984-06-05, but vernalization requirements not yet fulfilled. Forcing vernalization now (VERN=47.688571).
[2026-03-24 12:59:43,345][pcse.crop.phenology.Vernalisation][INFO] - Critical DVS for vernalization (VERNDVS) reached at day 1984-06-06, but vernalization requirements not yet fulfilled. Forcing vernalization now (VERN=47.688571).
[2026-03-24 12:59:43,367][pcse.crop.phenology.Vernalisation][INFO] - Critical DVS for vernalization (VERNDVS) reached at day 1984-06-07, but vernalization requirements not yet fulfilled. Forcing vernalization now (VERN=47.688571).
[2026-03-24 12:59:43,390][pcse.crop.phenology.Vernalisation][INFO] - Critical DVS for vernalization (VERNDVS) reached at day 1984-06-08, but vernalization requirements not yet fulfilled. Forcing vernalization now (VERN=47.688571).
[2026-03-24 12:59:43,413][pcse.crop.phenology.Vernalisation][INFO] - Critical DVS for vernalization (VERNDVS) reached at day 1984-06-09, but vernalization requirements not yet fulfilled. Forcing vernalization now (VERN=47.688571).
[2026-03-24 12:59:43,435][pcse.crop.phenology.Vernalisation][INFO] - Critical DVS for vernalization (VERNDVS) reached at day 1984-06-10, but vernalization requirements not yet fulfilled. Forcing vernalization now (VERN=47.688571).
[2026-03-24 12:59:43,455][pcse.crop.phenology.Vernalisation][INFO] - Critical DVS for vernalization (VERNDVS) reached at day 1984-06-11, but vernalization requirements not yet fulfilled. Forcing vernalization now (VERN=47.688571).
[2026-03-24 12:59:43,477][pcse.crop.phenology.Vernalisation][INFO] - Critical DVS for vernalization (VERNDVS) reached at day 1984-06-12, but vernalization requirements not yet fulfilled. Forcing vernalization now (VERN=47.688571).
[2026-03-24 12:59:43,498][pcse.crop.phenology.Vernalisation][INFO] - Critical DVS for vernalization (VERNDVS) reached at day 1984-06-13, but vernalization requirements not yet fulfilled. Forcing vernalization now (VERN=47.688571).
[2026-03-24 12:59:43,521][pcse.crop.phenology.Vernalisation][INFO] - Critical DVS for vernalization (VERNDVS) reached at day 1984-06-14, but vernalization requirements not yet fulfilled. Forcing vernalization now (VERN=47.688571).
[2026-03-24 12:59:43,543][pcse.crop.phenology.Vernalisation][INFO] - Critical DVS for vernalization (VERNDVS) reached at day 1984-06-15, but vernalization requirements not yet fulfilled. Forcing vernalization now (VERN=47.688571).
[2026-03-24 12:59:43,566][pcse.crop.phenology.Vernalisation][INFO] - Critical DVS for vernalization (VERNDVS) reached at day 1984-06-16, but vernalization requirements not yet fulfilled. Forcing vernalization now (VERN=47.688571).
[2026-03-24 12:59:43,590][pcse.crop.phenology.Vernalisation][INFO] - Critical DVS for vernalization (VERNDVS) reached at day 1984-06-17, but vernalization requirements not yet fulfilled. Forcing vernalization now (VERN=47.688571).
[2026-03-24 12:59:43,613][pcse.crop.phenology.Vernalisation][INFO] - Critical DVS for vernalization (VERNDVS) reached at day 1984-06-18, but vernalization requirements not yet fulfilled. Forcing vernalization now (VERN=47.688571).
[2026-03-24 12:59:43,637][pcse.crop.phenology.Vernalisation][INFO] - Critical DVS for vernalization (VERNDVS) reached at day 1984-06-19, but vernalization requirements not yet fulfilled. Forcing vernalization now (VERN=47.688571).
[2026-03-24 12:59:43,661][pcse.crop.phenology.Vernalisation][INFO] - Critical DVS for vernalization (VERNDVS) reached at day 1984-06-20, but vernalization requirements not yet fulfilled. Forcing vernalization now (VERN=47.688571).
[2026-03-24 12:59:43,683][pcse.crop.phenology.Vernalisation][INFO] - Critical DVS for vernalization (VERNDVS) reached at day 1984-06-21, but vernalization requirements not yet fulfilled. Forcing vernalization now (VERN=47.688571).
[2026-03-24 12:59:43,707][pcse.crop.phenology.Vernalisation][INFO] - Critical DVS for vernalization (VERNDVS) reached at day 1984-06-22, but vernalization requirements not yet fulfilled. Forcing vernalization now (VERN=47.688571).
[2026-03-24 12:59:43,730][pcse.crop.phenology.Vernalisation][INFO] - Critical DVS for vernalization (VERNDVS) reached at day 1984-06-23, but vernalization requirements not yet fulfilled. Forcing vernalization now (VERN=47.688571).
[2026-03-24 12:59:43,755][pcse.crop.phenology.Vernalisation][INFO] - Critical DVS for vernalization (VERNDVS) reached at day 1984-06-24, but vernalization requirements not yet fulfilled. Forcing vernalization now (VERN=47.688571).
[2026-03-24 12:59:43,779][pcse.crop.phenology.Vernalisation][INFO] - Critical DVS for vernalization (VERNDVS) reached at day 1984-06-25, but vernalization requirements not yet fulfilled. Forcing vernalization now (VERN=47.688571).
[2026-03-24 12:59:43,804][pcse.crop.phenology.Vernalisation][INFO] - Critical DVS for vernalization (VERNDVS) reached at day 1984-06-26, but vernalization requirements not yet fulfilled. Forcing vernalization now (VERN=47.688571).
[2026-03-24 12:59:43,827][pcse.crop.phenology.Vernalisation][INFO] - Critical DVS for vernalization (VERNDVS) reached at day 1984-06-27, but vernalization requirements not yet fulfilled. Forcing vernalization now (VERN=47.688571).
[2026-03-24 12:59:43,850][pcse.crop.phenology.Vernalisation][INFO] - Critical DVS for vernalization (VERNDVS) reached at day 1984-06-28, but vernalization requirements not yet fulfilled. Forcing vernalization now (VERN=47.688571).
[2026-03-24 12:59:43,875][pcse.crop.phenology.Vernalisation][INFO] - Critical DVS for vernalization (VERNDVS) reached at day 1984-06-29, but vernalization requirements not yet fulfilled. Forcing vernalization now (VERN=47.688571).
[2026-03-24 12:59:43,875][pcse.crop.phenology.Annual_Phenology][INFO] - Changed phenological stage 'vegetative' to 'reproductive' on 1984-06-29
[2026-03-24 12:59:45,637][pcse.crop.phenology.Annual_Phenology][INFO] - Changed phenological stage 'reproductive' to 'mature' on 1984-09-13
[2026-03-24 12:59:46,032][pcse.base.timer.Timer][INFO] - Reached end of simulation period as specified by END_DATE.
| train          | E: 58 | S: 13978 | R: -2.8641 | TR: 19.8974 | TF: 512 | LR: 0 | NR: 0 | D: 06.2 s | TD: 00.0 s | BR: -0.0098 | ALOSS: 14879.2578 | CLOSS: 2645665.1395 | TLOSS: -173.9171 | TVAL: 0.1982 | AENT: -878.4403 | BCLOSS: 0.0000
[EPISODE DBG] episode=58 step=13978 pred_return=-2.773237 true_return=15.861067 total_feedback=512 labeled_feedback=0
[2026-03-24 12:59:46,039][pcse.agromanager.SoilCalendar][INFO] - Starting soil (oregon) with variation (oregon_1) on day 1984-02-01
[2026-03-24 12:59:46,041][pcse.agromanager.CropCalendar][INFO] - Starting crop (wheat) with variety (wheat_1) on day 1984-02-01
[REPLAY DBG] post-agent-update step=14000 n=14000 mean=-0.009848 std=0.015136 min=-0.094720 max=0.013632
[STEP DBG] step=14000 env_reward=0.000000 r_hat=-0.014160 done=False
[NORM DBG] count=14000 mean_abs_mean=62525.121094 mean_std=9.262510 min_std=0.001000 max_std=69.653481
[2026-03-24 12:59:48,031][pcse.crop.phenology.Annual_Phenology][INFO] - Changed phenological stage 'emerging' to 'vegetative' on 1984-04-10
[2026-03-24 12:59:49,224][pcse.crop.phenology.Vernalisation][INFO] - Critical DVS for vernalization (VERNDVS) reached at day 1984-06-02, but vernalization requirements not yet fulfilled. Forcing vernalization now (VERN=47.688571).
[2026-03-24 12:59:49,246][pcse.crop.phenology.Vernalisation][INFO] - Critical DVS for vernalization (VERNDVS) reached at day 1984-06-03, but vernalization requirements not yet fulfilled. Forcing vernalization now (VERN=47.688571).
[2026-03-24 12:59:49,269][pcse.crop.phenology.Vernalisation][INFO] - Critical DVS for vernalization (VERNDVS) reached at day 1984-06-04, but vernalization requirements not yet fulfilled. Forcing vernalization now (VERN=47.688571).
[2026-03-24 12:59:49,291][pcse.crop.phenology.Vernalisation][INFO] - Critical DVS for vernalization (VERNDVS) reached at day 1984-06-05, but vernalization requirements not yet fulfilled. Forcing vernalization now (VERN=47.688571).
[2026-03-24 12:59:49,313][pcse.crop.phenology.Vernalisation][INFO] - Critical DVS for vernalization (VERNDVS) reached at day 1984-06-06, but vernalization requirements not yet fulfilled. Forcing vernalization now (VERN=47.688571).
[2026-03-24 12:59:49,337][pcse.crop.phenology.Vernalisation][INFO] - Critical DVS for vernalization (VERNDVS) reached at day 1984-06-07, but vernalization requirements not yet fulfilled. Forcing vernalization now (VERN=47.688571).
[2026-03-24 12:59:49,358][pcse.crop.phenology.Vernalisation][INFO] - Critical DVS for vernalization (VERNDVS) reached at day 1984-06-08, but vernalization requirements not yet fulfilled. Forcing vernalization now (VERN=47.688571).
[2026-03-24 12:59:49,379][pcse.crop.phenology.Vernalisation][INFO] - Critical DVS for vernalization (VERNDVS) reached at day 1984-06-09, but vernalization requirements not yet fulfilled. Forcing vernalization now (VERN=47.688571).
[2026-03-24 12:59:49,401][pcse.crop.phenology.Vernalisation][INFO] - Critical DVS for vernalization (VERNDVS) reached at day 1984-06-10, but vernalization requirements not yet fulfilled. Forcing vernalization now (VERN=47.688571).
[2026-03-24 12:59:49,423][pcse.crop.phenology.Vernalisation][INFO] - Critical DVS for vernalization (VERNDVS) reached at day 1984-06-11, but vernalization requirements not yet fulfilled. Forcing vernalization now (VERN=47.688571).
[2026-03-24 12:59:49,446][pcse.crop.phenology.Vernalisation][INFO] - Critical DVS for vernalization (VERNDVS) reached at day 1984-06-12, but vernalization requirements not yet fulfilled. Forcing vernalization now (VERN=47.688571).
[2026-03-24 12:59:49,469][pcse.crop.phenology.Vernalisation][INFO] - Critical DVS for vernalization (VERNDVS) reached at day 1984-06-13, but vernalization requirements not yet fulfilled. Forcing vernalization now (VERN=47.688571).
[2026-03-24 12:59:49,491][pcse.crop.phenology.Vernalisation][INFO] - Critical DVS for vernalization (VERNDVS) reached at day 1984-06-14, but vernalization requirements not yet fulfilled. Forcing vernalization now (VERN=47.688571).
[2026-03-24 12:59:49,513][pcse.crop.phenology.Vernalisation][INFO] - Critical DVS for vernalization (VERNDVS) reached at day 1984-06-15, but vernalization requirements not yet fulfilled. Forcing vernalization now (VERN=47.688571).
[2026-03-24 12:59:49,537][pcse.crop.phenology.Vernalisation][INFO] - Critical DVS for vernalization (VERNDVS) reached at day 1984-06-16, but vernalization requirements not yet fulfilled. Forcing vernalization now (VERN=47.688571).
[2026-03-24 12:59:49,559][pcse.crop.phenology.Vernalisation][INFO] - Critical DVS for vernalization (VERNDVS) reached at day 1984-06-17, but vernalization requirements not yet fulfilled. Forcing vernalization now (VERN=47.688571).
[2026-03-24 12:59:49,583][pcse.crop.phenology.Vernalisation][INFO] - Critical DVS for vernalization (VERNDVS) reached at day 1984-06-18, but vernalization requirements not yet fulfilled. Forcing vernalization now (VERN=47.688571).
[2026-03-24 12:59:49,606][pcse.crop.phenology.Vernalisation][INFO] - Critical DVS for vernalization (VERNDVS) reached at day 1984-06-19, but vernalization requirements not yet fulfilled. Forcing vernalization now (VERN=47.688571).
[2026-03-24 12:59:49,629][pcse.crop.phenology.Vernalisation][INFO] - Critical DVS for vernalization (VERNDVS) reached at day 1984-06-20, but vernalization requirements not yet fulfilled. Forcing vernalization now (VERN=47.688571).
[2026-03-24 12:59:49,652][pcse.crop.phenology.Vernalisation][INFO] - Critical DVS for vernalization (VERNDVS) reached at day 1984-06-21, but vernalization requirements not yet fulfilled. Forcing vernalization now (VERN=47.688571).
[2026-03-24 12:59:49,675][pcse.crop.phenology.Vernalisation][INFO] - Critical DVS for vernalization (VERNDVS) reached at day 1984-06-22, but vernalization requirements not yet fulfilled. Forcing vernalization now (VERN=47.688571).
[2026-03-24 12:59:49,697][pcse.crop.phenology.Vernalisation][INFO] - Critical DVS for vernalization (VERNDVS) reached at day 1984-06-23, but vernalization requirements not yet fulfilled. Forcing vernalization now (VERN=47.688571).
[2026-03-24 12:59:49,720][pcse.crop.phenology.Vernalisation][INFO] - Critical DVS for vernalization (VERNDVS) reached at day 1984-06-24, but vernalization requirements not yet fulfilled. Forcing vernalization now (VERN=47.688571).
[2026-03-24 12:59:49,742][pcse.crop.phenology.Vernalisation][INFO] - Critical DVS for vernalization (VERNDVS) reached at day 1984-06-25, but vernalization requirements not yet fulfilled. Forcing vernalization now (VERN=47.688571).
[2026-03-24 12:59:49,765][pcse.crop.phenology.Vernalisation][INFO] - Critical DVS for vernalization (VERNDVS) reached at day 1984-06-26, but vernalization requirements not yet fulfilled. Forcing vernalization now (VERN=47.688571).
[2026-03-24 12:59:49,788][pcse.crop.phenology.Vernalisation][INFO] - Critical DVS for vernalization (VERNDVS) reached at day 1984-06-27, but vernalization requirements not yet fulfilled. Forcing vernalization now (VERN=47.688571).
[2026-03-24 12:59:49,812][pcse.crop.phenology.Vernalisation][INFO] - Critical DVS for vernalization (VERNDVS) reached at day 1984-06-28, but vernalization requirements not yet fulfilled. Forcing vernalization now (VERN=47.688571).
[2026-03-24 12:59:49,832][pcse.crop.phenology.Vernalisation][INFO] - Critical DVS for vernalization (VERNDVS) reached at day 1984-06-29, but vernalization requirements not yet fulfilled. Forcing vernalization now (VERN=47.688571).
[2026-03-24 12:59:49,833][pcse.crop.phenology.Annual_Phenology][INFO] - Changed phenological stage 'vegetative' to 'reproductive' on 1984-06-29
[2026-03-24 12:59:51,975][pcse.crop.phenology.Annual_Phenology][INFO] - Changed phenological stage 'reproductive' to 'mature' on 1984-09-13
[2026-03-24 12:59:52,396][pcse.base.timer.Timer][INFO] - Reached end of simulation period as specified by END_DATE.
| train          | E: 59 | S: 14219 | R: -2.7732 | TR: 15.8611 | TF: 512 | LR: 0 | NR: 0 | D: 06.4 s | TD: 00.0 s | BR: -0.0099 | ALOSS: 14869.4101 | CLOSS: 2533771.9686 | TLOSS: -174.3513 | TVAL: 0.2016 | AENT: -865.8630 | BCLOSS: 0.0000
[EPISODE DBG] episode=59 step=14219 pred_return=-2.697293 true_return=12.083472 total_feedback=512 labeled_feedback=0
[2026-03-24 12:59:52,403][pcse.agromanager.SoilCalendar][INFO] - Starting soil (oregon) with variation (oregon_1) on day 1984-02-01
[2026-03-24 12:59:52,405][pcse.agromanager.CropCalendar][INFO] - Starting crop (wheat) with variety (wheat_1) on day 1984-02-01
[2026-03-24 12:59:54,058][pcse.crop.phenology.Annual_Phenology][INFO] - Changed phenological stage 'emerging' to 'vegetative' on 1984-04-10
[2026-03-24 12:59:55,231][pcse.crop.phenology.Vernalisation][INFO] - Critical DVS for vernalization (VERNDVS) reached at day 1984-06-02, but vernalization requirements not yet fulfilled. Forcing vernalization now (VERN=47.688571).
[2026-03-24 12:59:55,254][pcse.crop.phenology.Vernalisation][INFO] - Critical DVS for vernalization (VERNDVS) reached at day 1984-06-03, but vernalization requirements not yet fulfilled. Forcing vernalization now (VERN=47.688571).
[2026-03-24 12:59:55,277][pcse.crop.phenology.Vernalisation][INFO] - Critical DVS for vernalization (VERNDVS) reached at day 1984-06-04, but vernalization requirements not yet fulfilled. Forcing vernalization now (VERN=47.688571).
[2026-03-24 12:59:55,301][pcse.crop.phenology.Vernalisation][INFO] - Critical DVS for vernalization (VERNDVS) reached at day 1984-06-05, but vernalization requirements not yet fulfilled. Forcing vernalization now (VERN=47.688571).
[2026-03-24 12:59:55,324][pcse.crop.phenology.Vernalisation][INFO] - Critical DVS for vernalization (VERNDVS) reached at day 1984-06-06, but vernalization requirements not yet fulfilled. Forcing vernalization now (VERN=47.688571).
[2026-03-24 12:59:55,344][pcse.crop.phenology.Vernalisation][INFO] - Critical DVS for vernalization (VERNDVS) reached at day 1984-06-07, but vernalization requirements not yet fulfilled. Forcing vernalization now (VERN=47.688571).
[2026-03-24 12:59:55,367][pcse.crop.phenology.Vernalisation][INFO] - Critical DVS for vernalization (VERNDVS) reached at day 1984-06-08, but vernalization requirements not yet fulfilled. Forcing vernalization now (VERN=47.688571).
[2026-03-24 12:59:55,387][pcse.crop.phenology.Vernalisation][INFO] - Critical DVS for vernalization (VERNDVS) reached at day 1984-06-09, but vernalization requirements not yet fulfilled. Forcing vernalization now (VERN=47.688571).
[2026-03-24 12:59:55,408][pcse.crop.phenology.Vernalisation][INFO] - Critical DVS for vernalization (VERNDVS) reached at day 1984-06-10, but vernalization requirements not yet fulfilled. Forcing vernalization now (VERN=47.688571).
[2026-03-24 12:59:55,431][pcse.crop.phenology.Vernalisation][INFO] - Critical DVS for vernalization (VERNDVS) reached at day 1984-06-11, but vernalization requirements not yet fulfilled. Forcing vernalization now (VERN=47.688571).
[2026-03-24 12:59:55,453][pcse.crop.phenology.Vernalisation][INFO] - Critical DVS for vernalization (VERNDVS) reached at day 1984-06-12, but vernalization requirements not yet fulfilled. Forcing vernalization now (VERN=47.688571).
[2026-03-24 12:59:55,475][pcse.crop.phenology.Vernalisation][INFO] - Critical DVS for vernalization (VERNDVS) reached at day 1984-06-13, but vernalization requirements not yet fulfilled. Forcing vernalization now (VERN=47.688571).
[2026-03-24 12:59:55,497][pcse.crop.phenology.Vernalisation][INFO] - Critical DVS for vernalization (VERNDVS) reached at day 1984-06-14, but vernalization requirements not yet fulfilled. Forcing vernalization now (VERN=47.688571).
[2026-03-24 12:59:55,519][pcse.crop.phenology.Vernalisation][INFO] - Critical DVS for vernalization (VERNDVS) reached at day 1984-06-15, but vernalization requirements not yet fulfilled. Forcing vernalization now (VERN=47.688571).
[2026-03-24 12:59:55,542][pcse.crop.phenology.Vernalisation][INFO] - Critical DVS for vernalization (VERNDVS) reached at day 1984-06-16, but vernalization requirements not yet fulfilled. Forcing vernalization now (VERN=47.688571).
[2026-03-24 12:59:55,565][pcse.crop.phenology.Vernalisation][INFO] - Critical DVS for vernalization (VERNDVS) reached at day 1984-06-17, but vernalization requirements not yet fulfilled. Forcing vernalization now (VERN=47.688571).
[2026-03-24 12:59:55,588][pcse.crop.phenology.Vernalisation][INFO] - Critical DVS for vernalization (VERNDVS) reached at day 1984-06-18, but vernalization requirements not yet fulfilled. Forcing vernalization now (VERN=47.688571).
[2026-03-24 12:59:55,610][pcse.crop.phenology.Vernalisation][INFO] - Critical DVS for vernalization (VERNDVS) reached at day 1984-06-19, but vernalization requirements not yet fulfilled. Forcing vernalization now (VERN=47.688571).
[2026-03-24 12:59:55,632][pcse.crop.phenology.Vernalisation][INFO] - Critical DVS for vernalization (VERNDVS) reached at day 1984-06-20, but vernalization requirements not yet fulfilled. Forcing vernalization now (VERN=47.688571).
[2026-03-24 12:59:55,655][pcse.crop.phenology.Vernalisation][INFO] - Critical DVS for vernalization (VERNDVS) reached at day 1984-06-21, but vernalization requirements not yet fulfilled. Forcing vernalization now (VERN=47.688571).
[2026-03-24 12:59:55,678][pcse.crop.phenology.Vernalisation][INFO] - Critical DVS for vernalization (VERNDVS) reached at day 1984-06-22, but vernalization requirements not yet fulfilled. Forcing vernalization now (VERN=47.688571).
[2026-03-24 12:59:55,701][pcse.crop.phenology.Vernalisation][INFO] - Critical DVS for vernalization (VERNDVS) reached at day 1984-06-23, but vernalization requirements not yet fulfilled. Forcing vernalization now (VERN=47.688571).
[2026-03-24 12:59:55,723][pcse.crop.phenology.Vernalisation][INFO] - Critical DVS for vernalization (VERNDVS) reached at day 1984-06-24, but vernalization requirements not yet fulfilled. Forcing vernalization now (VERN=47.688571).
[2026-03-24 12:59:55,746][pcse.crop.phenology.Vernalisation][INFO] - Critical DVS for vernalization (VERNDVS) reached at day 1984-06-25, but vernalization requirements not yet fulfilled. Forcing vernalization now (VERN=47.688571).
[2026-03-24 12:59:55,768][pcse.crop.phenology.Vernalisation][INFO] - Critical DVS for vernalization (VERNDVS) reached at day 1984-06-26, but vernalization requirements not yet fulfilled. Forcing vernalization now (VERN=47.688571).
[2026-03-24 12:59:55,791][pcse.crop.phenology.Vernalisation][INFO] - Critical DVS for vernalization (VERNDVS) reached at day 1984-06-27, but vernalization requirements not yet fulfilled. Forcing vernalization now (VERN=47.688571).
[2026-03-24 12:59:55,813][pcse.crop.phenology.Vernalisation][INFO] - Critical DVS for vernalization (VERNDVS) reached at day 1984-06-28, but vernalization requirements not yet fulfilled. Forcing vernalization now (VERN=47.688571).
[2026-03-24 12:59:55,835][pcse.crop.phenology.Vernalisation][INFO] - Critical DVS for vernalization (VERNDVS) reached at day 1984-06-29, but vernalization requirements not yet fulfilled. Forcing vernalization now (VERN=47.688571).
[2026-03-24 12:59:55,835][pcse.crop.phenology.Annual_Phenology][INFO] - Changed phenological stage 'vegetative' to 'reproductive' on 1984-06-29
[2026-03-24 12:59:57,963][pcse.crop.phenology.Annual_Phenology][INFO] - Changed phenological stage 'reproductive' to 'mature' on 1984-09-13
[2026-03-24 12:59:58,343][pcse.base.timer.Timer][INFO] - Reached end of simulation period as specified by END_DATE.
| train          | E: 60 | S: 14460 | R: -2.6973 | TR: 12.0835 | TF: 512 | LR: 0 | NR: 0 | D: 05.9 s | TD: 00.0 s | BR: -0.0099 | ALOSS: 14865.2642 | CLOSS: 2606901.3469 | TLOSS: -173.9344 | TVAL: 0.2052 | AENT: -848.7465 | BCLOSS: 0.0000
[EPISODE DBG] episode=60 step=14460 pred_return=-2.788404 true_return=20.711114 total_feedback=512 labeled_feedback=0
[2026-03-24 12:59:58,349][pcse.agromanager.SoilCalendar][INFO] - Starting soil (oregon) with variation (oregon_1) on day 1984-02-01
[2026-03-24 12:59:58,351][pcse.agromanager.CropCalendar][INFO] - Starting crop (wheat) with variety (wheat_1) on day 1984-02-01
[REPLAY DBG] post-agent-update step=14500 n=14500 mean=-0.009917 std=0.015172 min=-0.094720 max=0.013632
[STEP DBG] step=14500 env_reward=0.000000 r_hat=-0.011209 done=False
[NORM DBG] count=14500 mean_abs_mean=62525.109375 mean_std=9.266250 min_std=0.001000 max_std=69.678772
[2026-03-24 13:00:00,014][pcse.crop.phenology.Annual_Phenology][INFO] - Changed phenological stage 'emerging' to 'vegetative' on 1984-04-10
[2026-03-24 13:00:00,857][pcse.crop.phenology.Vernalisation][INFO] - Critical DVS for vernalization (VERNDVS) reached at day 1984-06-02, but vernalization requirements not yet fulfilled. Forcing vernalization now (VERN=47.688571).
[2026-03-24 13:00:00,873][pcse.crop.phenology.Vernalisation][INFO] - Critical DVS for vernalization (VERNDVS) reached at day 1984-06-03, but vernalization requirements not yet fulfilled. Forcing vernalization now (VERN=47.688571).
[2026-03-24 13:00:00,889][pcse.crop.phenology.Vernalisation][INFO] - Critical DVS for vernalization (VERNDVS) reached at day 1984-06-04, but vernalization requirements not yet fulfilled. Forcing vernalization now (VERN=47.688571).
[2026-03-24 13:00:00,905][pcse.crop.phenology.Vernalisation][INFO] - Critical DVS for vernalization (VERNDVS) reached at day 1984-06-05, but vernalization requirements not yet fulfilled. Forcing vernalization now (VERN=47.688571).
[2026-03-24 13:00:00,921][pcse.crop.phenology.Vernalisation][INFO] - Critical DVS for vernalization (VERNDVS) reached at day 1984-06-06, but vernalization requirements not yet fulfilled. Forcing vernalization now (VERN=47.688571).
[2026-03-24 13:00:00,937][pcse.crop.phenology.Vernalisation][INFO] - Critical DVS for vernalization (VERNDVS) reached at day 1984-06-07, but vernalization requirements not yet fulfilled. Forcing vernalization now (VERN=47.688571).
[2026-03-24 13:00:00,953][pcse.crop.phenology.Vernalisation][INFO] - Critical DVS for vernalization (VERNDVS) reached at day 1984-06-08, but vernalization requirements not yet fulfilled. Forcing vernalization now (VERN=47.688571).
[2026-03-24 13:00:00,969][pcse.crop.phenology.Vernalisation][INFO] - Critical DVS for vernalization (VERNDVS) reached at day 1984-06-09, but vernalization requirements not yet fulfilled. Forcing vernalization now (VERN=47.688571).
[2026-03-24 13:00:00,985][pcse.crop.phenology.Vernalisation][INFO] - Critical DVS for vernalization (VERNDVS) reached at day 1984-06-10, but vernalization requirements not yet fulfilled. Forcing vernalization now (VERN=47.688571).
[2026-03-24 13:00:01,002][pcse.crop.phenology.Vernalisation][INFO] - Critical DVS for vernalization (VERNDVS) reached at day 1984-06-11, but vernalization requirements not yet fulfilled. Forcing vernalization now (VERN=47.688571).
[2026-03-24 13:00:01,018][pcse.crop.phenology.Vernalisation][INFO] - Critical DVS for vernalization (VERNDVS) reached at day 1984-06-12, but vernalization requirements not yet fulfilled. Forcing vernalization now (VERN=47.688571).
[2026-03-24 13:00:01,035][pcse.crop.phenology.Vernalisation][INFO] - Critical DVS for vernalization (VERNDVS) reached at day 1984-06-13, but vernalization requirements not yet fulfilled. Forcing vernalization now (VERN=47.688571).
[2026-03-24 13:00:01,051][pcse.crop.phenology.Vernalisation][INFO] - Critical DVS for vernalization (VERNDVS) reached at day 1984-06-14, but vernalization requirements not yet fulfilled. Forcing vernalization now (VERN=47.688571).
[2026-03-24 13:00:01,067][pcse.crop.phenology.Vernalisation][INFO] - Critical DVS for vernalization (VERNDVS) reached at day 1984-06-15, but vernalization requirements not yet fulfilled. Forcing vernalization now (VERN=47.688571).
[2026-03-24 13:00:01,084][pcse.crop.phenology.Vernalisation][INFO] - Critical DVS for vernalization (VERNDVS) reached at day 1984-06-16, but vernalization requirements not yet fulfilled. Forcing vernalization now (VERN=47.688571).
[2026-03-24 13:00:01,100][pcse.crop.phenology.Vernalisation][INFO] - Critical DVS for vernalization (VERNDVS) reached at day 1984-06-17, but vernalization requirements not yet fulfilled. Forcing vernalization now (VERN=47.688571).
[2026-03-24 13:00:01,117][pcse.crop.phenology.Vernalisation][INFO] - Critical DVS for vernalization (VERNDVS) reached at day 1984-06-18, but vernalization requirements not yet fulfilled. Forcing vernalization now (VERN=47.688571).
[2026-03-24 13:00:01,133][pcse.crop.phenology.Vernalisation][INFO] - Critical DVS for vernalization (VERNDVS) reached at day 1984-06-19, but vernalization requirements not yet fulfilled. Forcing vernalization now (VERN=47.688571).
[2026-03-24 13:00:01,149][pcse.crop.phenology.Vernalisation][INFO] - Critical DVS for vernalization (VERNDVS) reached at day 1984-06-20, but vernalization requirements not yet fulfilled. Forcing vernalization now (VERN=47.688571).
[2026-03-24 13:00:01,165][pcse.crop.phenology.Vernalisation][INFO] - Critical DVS for vernalization (VERNDVS) reached at day 1984-06-21, but vernalization requirements not yet fulfilled. Forcing vernalization now (VERN=47.688571).
[2026-03-24 13:00:01,428][pcse.crop.phenology.Vernalisation][INFO] - Critical DVS for vernalization (VERNDVS) reached at day 1984-06-22, but vernalization requirements not yet fulfilled. Forcing vernalization now (VERN=47.688571).
[2026-03-24 13:00:01,445][pcse.crop.phenology.Vernalisation][INFO] - Critical DVS for vernalization (VERNDVS) reached at day 1984-06-23, but vernalization requirements not yet fulfilled. Forcing vernalization now (VERN=47.688571).
[2026-03-24 13:00:01,462][pcse.crop.phenology.Vernalisation][INFO] - Critical DVS for vernalization (VERNDVS) reached at day 1984-06-24, but vernalization requirements not yet fulfilled. Forcing vernalization now (VERN=47.688571).
[2026-03-24 13:00:01,478][pcse.crop.phenology.Vernalisation][INFO] - Critical DVS for vernalization (VERNDVS) reached at day 1984-06-25, but vernalization requirements not yet fulfilled. Forcing vernalization now (VERN=47.688571).
[2026-03-24 13:00:01,494][pcse.crop.phenology.Vernalisation][INFO] - Critical DVS for vernalization (VERNDVS) reached at day 1984-06-26, but vernalization requirements not yet fulfilled. Forcing vernalization now (VERN=47.688571).
[2026-03-24 13:00:01,510][pcse.crop.phenology.Vernalisation][INFO] - Critical DVS for vernalization (VERNDVS) reached at day 1984-06-27, but vernalization requirements not yet fulfilled. Forcing vernalization now (VERN=47.688571).
[2026-03-24 13:00:01,525][pcse.crop.phenology.Vernalisation][INFO] - Critical DVS for vernalization (VERNDVS) reached at day 1984-06-28, but vernalization requirements not yet fulfilled. Forcing vernalization now (VERN=47.688571).
[2026-03-24 13:00:01,539][pcse.crop.phenology.Vernalisation][INFO] - Critical DVS for vernalization (VERNDVS) reached at day 1984-06-29, but vernalization requirements not yet fulfilled. Forcing vernalization now (VERN=47.688571).
[2026-03-24 13:00:01,539][pcse.crop.phenology.Annual_Phenology][INFO] - Changed phenological stage 'vegetative' to 'reproductive' on 1984-06-29
[2026-03-24 13:00:02,620][pcse.crop.phenology.Annual_Phenology][INFO] - Changed phenological stage 'reproductive' to 'mature' on 1984-09-13
[2026-03-24 13:00:02,873][pcse.base.timer.Timer][INFO] - Reached end of simulation period as specified by END_DATE.
| train          | E: 61 | S: 14701 | R: -2.7884 | TR: 20.7111 | TF: 512 | LR: 0 | NR: 0 | D: 04.5 s | TD: 00.0 s | BR: -0.0099 | ALOSS: 14836.4419 | CLOSS: 2453079.2967 | TLOSS: -173.4008 | TVAL: 0.2089 | AENT: -830.9437 | BCLOSS: 0.0000
[EPISODE DBG] episode=61 step=14701 pred_return=-2.827689 true_return=19.897423 total_feedback=512 labeled_feedback=0
[2026-03-24 13:00:02,880][pcse.agromanager.SoilCalendar][INFO] - Starting soil (oregon) with variation (oregon_1) on day 1984-02-01
[2026-03-24 13:00:02,882][pcse.agromanager.CropCalendar][INFO] - Starting crop (wheat) with variety (wheat_1) on day 1984-02-01
[2026-03-24 13:00:03,979][pcse.crop.phenology.Annual_Phenology][INFO] - Changed phenological stage 'emerging' to 'vegetative' on 1984-04-10
[2026-03-24 13:00:05,156][pcse.crop.phenology.Vernalisation][INFO] - Critical DVS for vernalization (VERNDVS) reached at day 1984-06-02, but vernalization requirements not yet fulfilled. Forcing vernalization now (VERN=47.688571).
[2026-03-24 13:00:05,170][pcse.crop.phenology.Vernalisation][INFO] - Critical DVS for vernalization (VERNDVS) reached at day 1984-06-03, but vernalization requirements not yet fulfilled. Forcing vernalization now (VERN=47.688571).
[2026-03-24 13:00:05,185][pcse.crop.phenology.Vernalisation][INFO] - Critical DVS for vernalization (VERNDVS) reached at day 1984-06-04, but vernalization requirements not yet fulfilled. Forcing vernalization now (VERN=47.688571).
[2026-03-24 13:00:05,199][pcse.crop.phenology.Vernalisation][INFO] - Critical DVS for vernalization (VERNDVS) reached at day 1984-06-05, but vernalization requirements not yet fulfilled. Forcing vernalization now (VERN=47.688571).
[2026-03-24 13:00:05,214][pcse.crop.phenology.Vernalisation][INFO] - Critical DVS for vernalization (VERNDVS) reached at day 1984-06-06, but vernalization requirements not yet fulfilled. Forcing vernalization now (VERN=47.688571).
[2026-03-24 13:00:05,227][pcse.crop.phenology.Vernalisation][INFO] - Critical DVS for vernalization (VERNDVS) reached at day 1984-06-07, but vernalization requirements not yet fulfilled. Forcing vernalization now (VERN=47.688571).
[2026-03-24 13:00:05,240][pcse.crop.phenology.Vernalisation][INFO] - Critical DVS for vernalization (VERNDVS) reached at day 1984-06-08, but vernalization requirements not yet fulfilled. Forcing vernalization now (VERN=47.688571).
[2026-03-24 13:00:05,253][pcse.crop.phenology.Vernalisation][INFO] - Critical DVS for vernalization (VERNDVS) reached at day 1984-06-09, but vernalization requirements not yet fulfilled. Forcing vernalization now (VERN=47.688571).
[2026-03-24 13:00:05,268][pcse.crop.phenology.Vernalisation][INFO] - Critical DVS for vernalization (VERNDVS) reached at day 1984-06-10, but vernalization requirements not yet fulfilled. Forcing vernalization now (VERN=47.688571).
[2026-03-24 13:00:05,283][pcse.crop.phenology.Vernalisation][INFO] - Critical DVS for vernalization (VERNDVS) reached at day 1984-06-11, but vernalization requirements not yet fulfilled. Forcing vernalization now (VERN=47.688571).
[2026-03-24 13:00:05,297][pcse.crop.phenology.Vernalisation][INFO] - Critical DVS for vernalization (VERNDVS) reached at day 1984-06-12, but vernalization requirements not yet fulfilled. Forcing vernalization now (VERN=47.688571).
[2026-03-24 13:00:05,311][pcse.crop.phenology.Vernalisation][INFO] - Critical DVS for vernalization (VERNDVS) reached at day 1984-06-13, but vernalization requirements not yet fulfilled. Forcing vernalization now (VERN=47.688571).
[2026-03-24 13:00:05,326][pcse.crop.phenology.Vernalisation][INFO] - Critical DVS for vernalization (VERNDVS) reached at day 1984-06-14, but vernalization requirements not yet fulfilled. Forcing vernalization now (VERN=47.688571).
[2026-03-24 13:00:05,340][pcse.crop.phenology.Vernalisation][INFO] - Critical DVS for vernalization (VERNDVS) reached at day 1984-06-15, but vernalization requirements not yet fulfilled. Forcing vernalization now (VERN=47.688571).
[2026-03-24 13:00:05,355][pcse.crop.phenology.Vernalisation][INFO] - Critical DVS for vernalization (VERNDVS) reached at day 1984-06-16, but vernalization requirements not yet fulfilled. Forcing vernalization now (VERN=47.688571).
[2026-03-24 13:00:05,369][pcse.crop.phenology.Vernalisation][INFO] - Critical DVS for vernalization (VERNDVS) reached at day 1984-06-17, but vernalization requirements not yet fulfilled. Forcing vernalization now (VERN=47.688571).
[2026-03-24 13:00:05,384][pcse.crop.phenology.Vernalisation][INFO] - Critical DVS for vernalization (VERNDVS) reached at day 1984-06-18, but vernalization requirements not yet fulfilled. Forcing vernalization now (VERN=47.688571).
[2026-03-24 13:00:05,399][pcse.crop.phenology.Vernalisation][INFO] - Critical DVS for vernalization (VERNDVS) reached at day 1984-06-19, but vernalization requirements not yet fulfilled. Forcing vernalization now (VERN=47.688571).
[2026-03-24 13:00:05,413][pcse.crop.phenology.Vernalisation][INFO] - Critical DVS for vernalization (VERNDVS) reached at day 1984-06-20, but vernalization requirements not yet fulfilled. Forcing vernalization now (VERN=47.688571).
[2026-03-24 13:00:05,428][pcse.crop.phenology.Vernalisation][INFO] - Critical DVS for vernalization (VERNDVS) reached at day 1984-06-21, but vernalization requirements not yet fulfilled. Forcing vernalization now (VERN=47.688571).
[2026-03-24 13:00:05,442][pcse.crop.phenology.Vernalisation][INFO] - Critical DVS for vernalization (VERNDVS) reached at day 1984-06-22, but vernalization requirements not yet fulfilled. Forcing vernalization now (VERN=47.688571).
[2026-03-24 13:00:05,457][pcse.crop.phenology.Vernalisation][INFO] - Critical DVS for vernalization (VERNDVS) reached at day 1984-06-23, but vernalization requirements not yet fulfilled. Forcing vernalization now (VERN=47.688571).
[2026-03-24 13:00:05,471][pcse.crop.phenology.Vernalisation][INFO] - Critical DVS for vernalization (VERNDVS) reached at day 1984-06-24, but vernalization requirements not yet fulfilled. Forcing vernalization now (VERN=47.688571).
[2026-03-24 13:00:05,486][pcse.crop.phenology.Vernalisation][INFO] - Critical DVS for vernalization (VERNDVS) reached at day 1984-06-25, but vernalization requirements not yet fulfilled. Forcing vernalization now (VERN=47.688571).
[2026-03-24 13:00:05,501][pcse.crop.phenology.Vernalisation][INFO] - Critical DVS for vernalization (VERNDVS) reached at day 1984-06-26, but vernalization requirements not yet fulfilled. Forcing vernalization now (VERN=47.688571).
[2026-03-24 13:00:05,515][pcse.crop.phenology.Vernalisation][INFO] - Critical DVS for vernalization (VERNDVS) reached at day 1984-06-27, but vernalization requirements not yet fulfilled. Forcing vernalization now (VERN=47.688571).
[2026-03-24 13:00:05,530][pcse.crop.phenology.Vernalisation][INFO] - Critical DVS for vernalization (VERNDVS) reached at day 1984-06-28, but vernalization requirements not yet fulfilled. Forcing vernalization now (VERN=47.688571).
[2026-03-24 13:00:05,545][pcse.crop.phenology.Vernalisation][INFO] - Critical DVS for vernalization (VERNDVS) reached at day 1984-06-29, but vernalization requirements not yet fulfilled. Forcing vernalization now (VERN=47.688571).
[2026-03-24 13:00:05,545][pcse.crop.phenology.Annual_Phenology][INFO] - Changed phenological stage 'vegetative' to 'reproductive' on 1984-06-29
[2026-03-24 13:00:06,638][pcse.crop.phenology.Annual_Phenology][INFO] - Changed phenological stage 'reproductive' to 'mature' on 1984-09-13
[2026-03-24 13:00:06,881][pcse.base.timer.Timer][INFO] - Reached end of simulation period as specified by END_DATE.
| train          | E: 62 | S: 14942 | R: -2.8277 | TR: 19.8974 | TF: 512 | LR: 0 | NR: 0 | D: 04.0 s | TD: 00.0 s | BR: -0.0099 | ALOSS: 14820.4628 | CLOSS: 2460556.0663 | TLOSS: -173.7293 | TVAL: 0.2129 | AENT: -817.1230 | BCLOSS: 0.0000
[EPISODE DBG] episode=62 step=14942 pred_return=-2.737944 true_return=15.861067 total_feedback=512 labeled_feedback=0
[2026-03-24 13:00:06,887][pcse.agromanager.SoilCalendar][INFO] - Starting soil (oregon) with variation (oregon_1) on day 1984-02-01
[2026-03-24 13:00:06,889][pcse.agromanager.CropCalendar][INFO] - Starting crop (wheat) with variety (wheat_1) on day 1984-02-01
[REPLAY DBG] post-agent-update step=15000 n=15000 mean=-0.009987 std=0.015209 min=-0.094720 max=0.013632
[STEP DBG] step=15000 env_reward=0.000000 r_hat=-0.005471 done=False
[NORM DBG] count=15000 mean_abs_mean=62525.097656 mean_std=9.265365 min_std=0.001000 max_std=69.677376
[2026-03-24 13:00:09,444][pcse.crop.phenology.Annual_Phenology][INFO] - Changed phenological stage 'emerging' to 'vegetative' on 1984-04-10
[2026-03-24 13:00:10,992][pcse.crop.phenology.Vernalisation][INFO] - Critical DVS for vernalization (VERNDVS) reached at day 1984-06-02, but vernalization requirements not yet fulfilled. Forcing vernalization now (VERN=47.688571).
[2026-03-24 13:00:11,022][pcse.crop.phenology.Vernalisation][INFO] - Critical DVS for vernalization (VERNDVS) reached at day 1984-06-03, but vernalization requirements not yet fulfilled. Forcing vernalization now (VERN=47.688571).
[2026-03-24 13:00:11,051][pcse.crop.phenology.Vernalisation][INFO] - Critical DVS for vernalization (VERNDVS) reached at day 1984-06-04, but vernalization requirements not yet fulfilled. Forcing vernalization now (VERN=47.688571).
[2026-03-24 13:00:11,079][pcse.crop.phenology.Vernalisation][INFO] - Critical DVS for vernalization (VERNDVS) reached at day 1984-06-05, but vernalization requirements not yet fulfilled. Forcing vernalization now (VERN=47.688571).
[2026-03-24 13:00:11,107][pcse.crop.phenology.Vernalisation][INFO] - Critical DVS for vernalization (VERNDVS) reached at day 1984-06-06, but vernalization requirements not yet fulfilled. Forcing vernalization now (VERN=47.688571).
[2026-03-24 13:00:11,138][pcse.crop.phenology.Vernalisation][INFO] - Critical DVS for vernalization (VERNDVS) reached at day 1984-06-07, but vernalization requirements not yet fulfilled. Forcing vernalization now (VERN=47.688571).
[2026-03-24 13:00:11,164][pcse.crop.phenology.Vernalisation][INFO] - Critical DVS for vernalization (VERNDVS) reached at day 1984-06-08, but vernalization requirements not yet fulfilled. Forcing vernalization now (VERN=47.688571).
[2026-03-24 13:00:11,194][pcse.crop.phenology.Vernalisation][INFO] - Critical DVS for vernalization (VERNDVS) reached at day 1984-06-09, but vernalization requirements not yet fulfilled. Forcing vernalization now (VERN=47.688571).
[2026-03-24 13:00:11,223][pcse.crop.phenology.Vernalisation][INFO] - Critical DVS for vernalization (VERNDVS) reached at day 1984-06-10, but vernalization requirements not yet fulfilled. Forcing vernalization now (VERN=47.688571).
[2026-03-24 13:00:11,252][pcse.crop.phenology.Vernalisation][INFO] - Critical DVS for vernalization (VERNDVS) reached at day 1984-06-11, but vernalization requirements not yet fulfilled. Forcing vernalization now (VERN=47.688571).
[2026-03-24 13:00:11,282][pcse.crop.phenology.Vernalisation][INFO] - Critical DVS for vernalization (VERNDVS) reached at day 1984-06-12, but vernalization requirements not yet fulfilled. Forcing vernalization now (VERN=47.688571).
[2026-03-24 13:00:11,305][pcse.crop.phenology.Vernalisation][INFO] - Critical DVS for vernalization (VERNDVS) reached at day 1984-06-13, but vernalization requirements not yet fulfilled. Forcing vernalization now (VERN=47.688571).
[2026-03-24 13:00:11,329][pcse.crop.phenology.Vernalisation][INFO] - Critical DVS for vernalization (VERNDVS) reached at day 1984-06-14, but vernalization requirements not yet fulfilled. Forcing vernalization now (VERN=47.688571).
[2026-03-24 13:00:11,353][pcse.crop.phenology.Vernalisation][INFO] - Critical DVS for vernalization (VERNDVS) reached at day 1984-06-15, but vernalization requirements not yet fulfilled. Forcing vernalization now (VERN=47.688571).
[2026-03-24 13:00:11,377][pcse.crop.phenology.Vernalisation][INFO] - Critical DVS for vernalization (VERNDVS) reached at day 1984-06-16, but vernalization requirements not yet fulfilled. Forcing vernalization now (VERN=47.688571).
[2026-03-24 13:00:11,401][pcse.crop.phenology.Vernalisation][INFO] - Critical DVS for vernalization (VERNDVS) reached at day 1984-06-17, but vernalization requirements not yet fulfilled. Forcing vernalization now (VERN=47.688571).
[2026-03-24 13:00:11,424][pcse.crop.phenology.Vernalisation][INFO] - Critical DVS for vernalization (VERNDVS) reached at day 1984-06-18, but vernalization requirements not yet fulfilled. Forcing vernalization now (VERN=47.688571).
[2026-03-24 13:00:11,447][pcse.crop.phenology.Vernalisation][INFO] - Critical DVS for vernalization (VERNDVS) reached at day 1984-06-19, but vernalization requirements not yet fulfilled. Forcing vernalization now (VERN=47.688571).
[2026-03-24 13:00:11,471][pcse.crop.phenology.Vernalisation][INFO] - Critical DVS for vernalization (VERNDVS) reached at day 1984-06-20, but vernalization requirements not yet fulfilled. Forcing vernalization now (VERN=47.688571).
[2026-03-24 13:00:11,497][pcse.crop.phenology.Vernalisation][INFO] - Critical DVS for vernalization (VERNDVS) reached at day 1984-06-21, but vernalization requirements not yet fulfilled. Forcing vernalization now (VERN=47.688571).
[2026-03-24 13:00:11,522][pcse.crop.phenology.Vernalisation][INFO] - Critical DVS for vernalization (VERNDVS) reached at day 1984-06-22, but vernalization requirements not yet fulfilled. Forcing vernalization now (VERN=47.688571).
[2026-03-24 13:00:11,551][pcse.crop.phenology.Vernalisation][INFO] - Critical DVS for vernalization (VERNDVS) reached at day 1984-06-23, but vernalization requirements not yet fulfilled. Forcing vernalization now (VERN=47.688571).
[2026-03-24 13:00:11,576][pcse.crop.phenology.Vernalisation][INFO] - Critical DVS for vernalization (VERNDVS) reached at day 1984-06-24, but vernalization requirements not yet fulfilled. Forcing vernalization now (VERN=47.688571).
[2026-03-24 13:00:11,605][pcse.crop.phenology.Vernalisation][INFO] - Critical DVS for vernalization (VERNDVS) reached at day 1984-06-25, but vernalization requirements not yet fulfilled. Forcing vernalization now (VERN=47.688571).
[2026-03-24 13:00:11,630][pcse.crop.phenology.Vernalisation][INFO] - Critical DVS for vernalization (VERNDVS) reached at day 1984-06-26, but vernalization requirements not yet fulfilled. Forcing vernalization now (VERN=47.688571).
[2026-03-24 13:00:11,658][pcse.crop.phenology.Vernalisation][INFO] - Critical DVS for vernalization (VERNDVS) reached at day 1984-06-27, but vernalization requirements not yet fulfilled. Forcing vernalization now (VERN=47.688571).
[2026-03-24 13:00:11,684][pcse.crop.phenology.Vernalisation][INFO] - Critical DVS for vernalization (VERNDVS) reached at day 1984-06-28, but vernalization requirements not yet fulfilled. Forcing vernalization now (VERN=47.688571).
[2026-03-24 13:00:11,710][pcse.crop.phenology.Vernalisation][INFO] - Critical DVS for vernalization (VERNDVS) reached at day 1984-06-29, but vernalization requirements not yet fulfilled. Forcing vernalization now (VERN=47.688571).
[2026-03-24 13:00:11,710][pcse.crop.phenology.Annual_Phenology][INFO] - Changed phenological stage 'vegetative' to 'reproductive' on 1984-06-29
[2026-03-24 13:00:13,814][pcse.crop.phenology.Annual_Phenology][INFO] - Changed phenological stage 'reproductive' to 'mature' on 1984-09-13
[2026-03-24 13:00:14,287][pcse.base.timer.Timer][INFO] - Reached end of simulation period as specified by END_DATE.
| train          | E: 63 | S: 15183 | R: -2.7379 | TR: 15.8611 | TF: 512 | LR: 0 | NR: 0 | D: 07.4 s | TD: 00.0 s | BR: -0.0099 | ALOSS: 14806.4932 | CLOSS: 2492734.0428 | TLOSS: -175.2814 | TVAL: 0.2170 | AENT: -808.7053 | BCLOSS: 0.0000
[EPISODE DBG] episode=63 step=15183 pred_return=-2.662565 true_return=12.083472 total_feedback=512 labeled_feedback=0
[2026-03-24 13:00:14,295][pcse.agromanager.SoilCalendar][INFO] - Starting soil (oregon) with variation (oregon_1) on day 1984-02-01
[2026-03-24 13:00:14,297][pcse.agromanager.CropCalendar][INFO] - Starting crop (wheat) with variety (wheat_1) on day 1984-02-01
[2026-03-24 13:00:16,478][pcse.crop.phenology.Annual_Phenology][INFO] - Changed phenological stage 'emerging' to 'vegetative' on 1984-04-10
[2026-03-24 13:00:17,970][pcse.crop.phenology.Vernalisation][INFO] - Critical DVS for vernalization (VERNDVS) reached at day 1984-06-02, but vernalization requirements not yet fulfilled. Forcing vernalization now (VERN=47.688571).
[2026-03-24 13:00:17,999][pcse.crop.phenology.Vernalisation][INFO] - Critical DVS for vernalization (VERNDVS) reached at day 1984-06-03, but vernalization requirements not yet fulfilled. Forcing vernalization now (VERN=47.688571).
[2026-03-24 13:00:18,026][pcse.crop.phenology.Vernalisation][INFO] - Critical DVS for vernalization (VERNDVS) reached at day 1984-06-04, but vernalization requirements not yet fulfilled. Forcing vernalization now (VERN=47.688571).
[2026-03-24 13:00:18,055][pcse.crop.phenology.Vernalisation][INFO] - Critical DVS for vernalization (VERNDVS) reached at day 1984-06-05, but vernalization requirements not yet fulfilled. Forcing vernalization now (VERN=47.688571).
[2026-03-24 13:00:18,084][pcse.crop.phenology.Vernalisation][INFO] - Critical DVS for vernalization (VERNDVS) reached at day 1984-06-06, but vernalization requirements not yet fulfilled. Forcing vernalization now (VERN=47.688571).
[2026-03-24 13:00:18,112][pcse.crop.phenology.Vernalisation][INFO] - Critical DVS for vernalization (VERNDVS) reached at day 1984-06-07, but vernalization requirements not yet fulfilled. Forcing vernalization now (VERN=47.688571).
[2026-03-24 13:00:18,140][pcse.crop.phenology.Vernalisation][INFO] - Critical DVS for vernalization (VERNDVS) reached at day 1984-06-08, but vernalization requirements not yet fulfilled. Forcing vernalization now (VERN=47.688571).
[2026-03-24 13:00:18,168][pcse.crop.phenology.Vernalisation][INFO] - Critical DVS for vernalization (VERNDVS) reached at day 1984-06-09, but vernalization requirements not yet fulfilled. Forcing vernalization now (VERN=47.688571).
[2026-03-24 13:00:18,198][pcse.crop.phenology.Vernalisation][INFO] - Critical DVS for vernalization (VERNDVS) reached at day 1984-06-10, but vernalization requirements not yet fulfilled. Forcing vernalization now (VERN=47.688571).
[2026-03-24 13:00:18,226][pcse.crop.phenology.Vernalisation][INFO] - Critical DVS for vernalization (VERNDVS) reached at day 1984-06-11, but vernalization requirements not yet fulfilled. Forcing vernalization now (VERN=47.688571).
[2026-03-24 13:00:18,254][pcse.crop.phenology.Vernalisation][INFO] - Critical DVS for vernalization (VERNDVS) reached at day 1984-06-12, but vernalization requirements not yet fulfilled. Forcing vernalization now (VERN=47.688571).
[2026-03-24 13:00:18,284][pcse.crop.phenology.Vernalisation][INFO] - Critical DVS for vernalization (VERNDVS) reached at day 1984-06-13, but vernalization requirements not yet fulfilled. Forcing vernalization now (VERN=47.688571).
[2026-03-24 13:00:18,313][pcse.crop.phenology.Vernalisation][INFO] - Critical DVS for vernalization (VERNDVS) reached at day 1984-06-14, but vernalization requirements not yet fulfilled. Forcing vernalization now (VERN=47.688571).
[2026-03-24 13:00:18,342][pcse.crop.phenology.Vernalisation][INFO] - Critical DVS for vernalization (VERNDVS) reached at day 1984-06-15, but vernalization requirements not yet fulfilled. Forcing vernalization now (VERN=47.688571).
[2026-03-24 13:00:18,371][pcse.crop.phenology.Vernalisation][INFO] - Critical DVS for vernalization (VERNDVS) reached at day 1984-06-16, but vernalization requirements not yet fulfilled. Forcing vernalization now (VERN=47.688571).
[2026-03-24 13:00:18,400][pcse.crop.phenology.Vernalisation][INFO] - Critical DVS for vernalization (VERNDVS) reached at day 1984-06-17, but vernalization requirements not yet fulfilled. Forcing vernalization now (VERN=47.688571).
[2026-03-24 13:00:18,428][pcse.crop.phenology.Vernalisation][INFO] - Critical DVS for vernalization (VERNDVS) reached at day 1984-06-18, but vernalization requirements not yet fulfilled. Forcing vernalization now (VERN=47.688571).
[2026-03-24 13:00:18,456][pcse.crop.phenology.Vernalisation][INFO] - Critical DVS for vernalization (VERNDVS) reached at day 1984-06-19, but vernalization requirements not yet fulfilled. Forcing vernalization now (VERN=47.688571).
[2026-03-24 13:00:18,485][pcse.crop.phenology.Vernalisation][INFO] - Critical DVS for vernalization (VERNDVS) reached at day 1984-06-20, but vernalization requirements not yet fulfilled. Forcing vernalization now (VERN=47.688571).
[2026-03-24 13:00:18,513][pcse.crop.phenology.Vernalisation][INFO] - Critical DVS for vernalization (VERNDVS) reached at day 1984-06-21, but vernalization requirements not yet fulfilled. Forcing vernalization now (VERN=47.688571).
[2026-03-24 13:00:18,543][pcse.crop.phenology.Vernalisation][INFO] - Critical DVS for vernalization (VERNDVS) reached at day 1984-06-22, but vernalization requirements not yet fulfilled. Forcing vernalization now (VERN=47.688571).
[2026-03-24 13:00:18,571][pcse.crop.phenology.Vernalisation][INFO] - Critical DVS for vernalization (VERNDVS) reached at day 1984-06-23, but vernalization requirements not yet fulfilled. Forcing vernalization now (VERN=47.688571).
[2026-03-24 13:00:18,600][pcse.crop.phenology.Vernalisation][INFO] - Critical DVS for vernalization (VERNDVS) reached at day 1984-06-24, but vernalization requirements not yet fulfilled. Forcing vernalization now (VERN=47.688571).
[2026-03-24 13:00:18,629][pcse.crop.phenology.Vernalisation][INFO] - Critical DVS for vernalization (VERNDVS) reached at day 1984-06-25, but vernalization requirements not yet fulfilled. Forcing vernalization now (VERN=47.688571).
[2026-03-24 13:00:18,657][pcse.crop.phenology.Vernalisation][INFO] - Critical DVS for vernalization (VERNDVS) reached at day 1984-06-26, but vernalization requirements not yet fulfilled. Forcing vernalization now (VERN=47.688571).
[2026-03-24 13:00:18,685][pcse.crop.phenology.Vernalisation][INFO] - Critical DVS for vernalization (VERNDVS) reached at day 1984-06-27, but vernalization requirements not yet fulfilled. Forcing vernalization now (VERN=47.688571).
[2026-03-24 13:00:18,713][pcse.crop.phenology.Vernalisation][INFO] - Critical DVS for vernalization (VERNDVS) reached at day 1984-06-28, but vernalization requirements not yet fulfilled. Forcing vernalization now (VERN=47.688571).
[2026-03-24 13:00:18,739][pcse.crop.phenology.Vernalisation][INFO] - Critical DVS for vernalization (VERNDVS) reached at day 1984-06-29, but vernalization requirements not yet fulfilled. Forcing vernalization now (VERN=47.688571).
[2026-03-24 13:00:18,740][pcse.crop.phenology.Annual_Phenology][INFO] - Changed phenological stage 'vegetative' to 'reproductive' on 1984-06-29
[2026-03-24 13:00:21,140][pcse.crop.phenology.Annual_Phenology][INFO] - Changed phenological stage 'reproductive' to 'mature' on 1984-09-13
[2026-03-24 13:00:21,615][pcse.base.timer.Timer][INFO] - Reached end of simulation period as specified by END_DATE.
| train          | E: 64 | S: 15424 | R: -2.6626 | TR: 12.0835 | TF: 512 | LR: 0 | NR: 0 | D: 07.3 s | TD: 00.0 s | BR: -0.0100 | ALOSS: 14809.2585 | CLOSS: 2468265.5036 | TLOSS: -176.0928 | TVAL: 0.2214 | AENT: -796.5383 | BCLOSS: 0.0000
[EPISODE DBG] episode=64 step=15424 pred_return=-2.758336 true_return=20.711114 total_feedback=512 labeled_feedback=0
[2026-03-24 13:00:21,624][pcse.agromanager.SoilCalendar][INFO] - Starting soil (oregon) with variation (oregon_1) on day 1984-02-01
[2026-03-24 13:00:21,627][pcse.agromanager.CropCalendar][INFO] - Starting crop (wheat) with variety (wheat_1) on day 1984-02-01
[2026-03-24 13:00:23,613][pcse.crop.phenology.Annual_Phenology][INFO] - Changed phenological stage 'emerging' to 'vegetative' on 1984-04-10
[REPLAY DBG] post-agent-update step=15500 n=15500 mean=-0.010034 std=0.015220 min=-0.094720 max=0.013632
[STEP DBG] step=15500 env_reward=0.000000 r_hat=-0.015388 done=False
[NORM DBG] count=15500 mean_abs_mean=62525.089844 mean_std=9.263391 min_std=0.001000 max_std=69.657387
[2026-03-24 13:00:25,125][pcse.crop.phenology.Vernalisation][INFO] - Critical DVS for vernalization (VERNDVS) reached at day 1984-06-02, but vernalization requirements not yet fulfilled. Forcing vernalization now (VERN=47.688571).
[2026-03-24 13:00:25,154][pcse.crop.phenology.Vernalisation][INFO] - Critical DVS for vernalization (VERNDVS) reached at day 1984-06-03, but vernalization requirements not yet fulfilled. Forcing vernalization now (VERN=47.688571).
[2026-03-24 13:00:25,183][pcse.crop.phenology.Vernalisation][INFO] - Critical DVS for vernalization (VERNDVS) reached at day 1984-06-04, but vernalization requirements not yet fulfilled. Forcing vernalization now (VERN=47.688571).
[2026-03-24 13:00:25,212][pcse.crop.phenology.Vernalisation][INFO] - Critical DVS for vernalization (VERNDVS) reached at day 1984-06-05, but vernalization requirements not yet fulfilled. Forcing vernalization now (VERN=47.688571).
[2026-03-24 13:00:25,241][pcse.crop.phenology.Vernalisation][INFO] - Critical DVS for vernalization (VERNDVS) reached at day 1984-06-06, but vernalization requirements not yet fulfilled. Forcing vernalization now (VERN=47.688571).
[2026-03-24 13:00:25,269][pcse.crop.phenology.Vernalisation][INFO] - Critical DVS for vernalization (VERNDVS) reached at day 1984-06-07, but vernalization requirements not yet fulfilled. Forcing vernalization now (VERN=47.688571).
[2026-03-24 13:00:25,299][pcse.crop.phenology.Vernalisation][INFO] - Critical DVS for vernalization (VERNDVS) reached at day 1984-06-08, but vernalization requirements not yet fulfilled. Forcing vernalization now (VERN=47.688571).
[2026-03-24 13:00:25,327][pcse.crop.phenology.Vernalisation][INFO] - Critical DVS for vernalization (VERNDVS) reached at day 1984-06-09, but vernalization requirements not yet fulfilled. Forcing vernalization now (VERN=47.688571).
[2026-03-24 13:00:25,356][pcse.crop.phenology.Vernalisation][INFO] - Critical DVS for vernalization (VERNDVS) reached at day 1984-06-10, but vernalization requirements not yet fulfilled. Forcing vernalization now (VERN=47.688571).
[2026-03-24 13:00:25,385][pcse.crop.phenology.Vernalisation][INFO] - Critical DVS for vernalization (VERNDVS) reached at day 1984-06-11, but vernalization requirements not yet fulfilled. Forcing vernalization now (VERN=47.688571).
[2026-03-24 13:00:25,415][pcse.crop.phenology.Vernalisation][INFO] - Critical DVS for vernalization (VERNDVS) reached at day 1984-06-12, but vernalization requirements not yet fulfilled. Forcing vernalization now (VERN=47.688571).
[2026-03-24 13:00:25,445][pcse.crop.phenology.Vernalisation][INFO] - Critical DVS for vernalization (VERNDVS) reached at day 1984-06-13, but vernalization requirements not yet fulfilled. Forcing vernalization now (VERN=47.688571).
[2026-03-24 13:00:25,477][pcse.crop.phenology.Vernalisation][INFO] - Critical DVS for vernalization (VERNDVS) reached at day 1984-06-14, but vernalization requirements not yet fulfilled. Forcing vernalization now (VERN=47.688571).
[2026-03-24 13:00:25,507][pcse.crop.phenology.Vernalisation][INFO] - Critical DVS for vernalization (VERNDVS) reached at day 1984-06-15, but vernalization requirements not yet fulfilled. Forcing vernalization now (VERN=47.688571).
[2026-03-24 13:00:25,537][pcse.crop.phenology.Vernalisation][INFO] - Critical DVS for vernalization (VERNDVS) reached at day 1984-06-16, but vernalization requirements not yet fulfilled. Forcing vernalization now (VERN=47.688571).
[2026-03-24 13:00:25,567][pcse.crop.phenology.Vernalisation][INFO] - Critical DVS for vernalization (VERNDVS) reached at day 1984-06-17, but vernalization requirements not yet fulfilled. Forcing vernalization now (VERN=47.688571).
[2026-03-24 13:00:25,596][pcse.crop.phenology.Vernalisation][INFO] - Critical DVS for vernalization (VERNDVS) reached at day 1984-06-18, but vernalization requirements not yet fulfilled. Forcing vernalization now (VERN=47.688571).
[2026-03-24 13:00:25,625][pcse.crop.phenology.Vernalisation][INFO] - Critical DVS for vernalization (VERNDVS) reached at day 1984-06-19, but vernalization requirements not yet fulfilled. Forcing vernalization now (VERN=47.688571).
[2026-03-24 13:00:25,655][pcse.crop.phenology.Vernalisation][INFO] - Critical DVS for vernalization (VERNDVS) reached at day 1984-06-20, but vernalization requirements not yet fulfilled. Forcing vernalization now (VERN=47.688571).
[2026-03-24 13:00:25,682][pcse.crop.phenology.Vernalisation][INFO] - Critical DVS for vernalization (VERNDVS) reached at day 1984-06-21, but vernalization requirements not yet fulfilled. Forcing vernalization now (VERN=47.688571).
[2026-03-24 13:00:25,711][pcse.crop.phenology.Vernalisation][INFO] - Critical DVS for vernalization (VERNDVS) reached at day 1984-06-22, but vernalization requirements not yet fulfilled. Forcing vernalization now (VERN=47.688571).
[2026-03-24 13:00:25,741][pcse.crop.phenology.Vernalisation][INFO] - Critical DVS for vernalization (VERNDVS) reached at day 1984-06-23, but vernalization requirements not yet fulfilled. Forcing vernalization now (VERN=47.688571).
[2026-03-24 13:00:25,768][pcse.crop.phenology.Vernalisation][INFO] - Critical DVS for vernalization (VERNDVS) reached at day 1984-06-24, but vernalization requirements not yet fulfilled. Forcing vernalization now (VERN=47.688571).
[2026-03-24 13:00:25,795][pcse.crop.phenology.Vernalisation][INFO] - Critical DVS for vernalization (VERNDVS) reached at day 1984-06-25, but vernalization requirements not yet fulfilled. Forcing vernalization now (VERN=47.688571).
[2026-03-24 13:00:25,824][pcse.crop.phenology.Vernalisation][INFO] - Critical DVS for vernalization (VERNDVS) reached at day 1984-06-26, but vernalization requirements not yet fulfilled. Forcing vernalization now (VERN=47.688571).
[2026-03-24 13:00:25,852][pcse.crop.phenology.Vernalisation][INFO] - Critical DVS for vernalization (VERNDVS) reached at day 1984-06-27, but vernalization requirements not yet fulfilled. Forcing vernalization now (VERN=47.688571).
[2026-03-24 13:00:25,880][pcse.crop.phenology.Vernalisation][INFO] - Critical DVS for vernalization (VERNDVS) reached at day 1984-06-28, but vernalization requirements not yet fulfilled. Forcing vernalization now (VERN=47.688571).
[2026-03-24 13:00:25,907][pcse.crop.phenology.Vernalisation][INFO] - Critical DVS for vernalization (VERNDVS) reached at day 1984-06-29, but vernalization requirements not yet fulfilled. Forcing vernalization now (VERN=47.688571).
[2026-03-24 13:00:25,907][pcse.crop.phenology.Annual_Phenology][INFO] - Changed phenological stage 'vegetative' to 'reproductive' on 1984-06-29
[2026-03-24 13:00:28,493][pcse.crop.phenology.Annual_Phenology][INFO] - Changed phenological stage 'reproductive' to 'mature' on 1984-09-13
[2026-03-24 13:00:28,930][pcse.base.timer.Timer][INFO] - Reached end of simulation period as specified by END_DATE.
| train          | E: 65 | S: 15665 | R: -2.7583 | TR: 20.7111 | TF: 512 | LR: 0 | NR: 0 | D: 07.3 s | TD: 00.0 s | BR: -0.0100 | ALOSS: 14794.4419 | CLOSS: 2372153.6081 | TLOSS: -176.5407 | TVAL: 0.2259 | AENT: -782.6062 | BCLOSS: 0.0000
[EPISODE DBG] episode=65 step=15665 pred_return=-2.797228 true_return=19.897423 total_feedback=512 labeled_feedback=0
[2026-03-24 13:00:28,938][pcse.agromanager.SoilCalendar][INFO] - Starting soil (oregon) with variation (oregon_1) on day 1984-02-01
[2026-03-24 13:00:28,940][pcse.agromanager.CropCalendar][INFO] - Starting crop (wheat) with variety (wheat_1) on day 1984-02-01
[2026-03-24 13:00:30,848][pcse.crop.phenology.Annual_Phenology][INFO] - Changed phenological stage 'emerging' to 'vegetative' on 1984-04-10
[2026-03-24 13:00:32,294][pcse.crop.phenology.Vernalisation][INFO] - Critical DVS for vernalization (VERNDVS) reached at day 1984-06-02, but vernalization requirements not yet fulfilled. Forcing vernalization now (VERN=47.688571).
[2026-03-24 13:00:32,321][pcse.crop.phenology.Vernalisation][INFO] - Critical DVS for vernalization (VERNDVS) reached at day 1984-06-03, but vernalization requirements not yet fulfilled. Forcing vernalization now (VERN=47.688571).
[2026-03-24 13:00:32,349][pcse.crop.phenology.Vernalisation][INFO] - Critical DVS for vernalization (VERNDVS) reached at day 1984-06-04, but vernalization requirements not yet fulfilled. Forcing vernalization now (VERN=47.688571).
[2026-03-24 13:00:32,378][pcse.crop.phenology.Vernalisation][INFO] - Critical DVS for vernalization (VERNDVS) reached at day 1984-06-05, but vernalization requirements not yet fulfilled. Forcing vernalization now (VERN=47.688571).
[2026-03-24 13:00:32,406][pcse.crop.phenology.Vernalisation][INFO] - Critical DVS for vernalization (VERNDVS) reached at day 1984-06-06, but vernalization requirements not yet fulfilled. Forcing vernalization now (VERN=47.688571).
[2026-03-24 13:00:32,432][pcse.crop.phenology.Vernalisation][INFO] - Critical DVS for vernalization (VERNDVS) reached at day 1984-06-07, but vernalization requirements not yet fulfilled. Forcing vernalization now (VERN=47.688571).
[2026-03-24 13:00:32,461][pcse.crop.phenology.Vernalisation][INFO] - Critical DVS for vernalization (VERNDVS) reached at day 1984-06-08, but vernalization requirements not yet fulfilled. Forcing vernalization now (VERN=47.688571).
[2026-03-24 13:00:32,488][pcse.crop.phenology.Vernalisation][INFO] - Critical DVS for vernalization (VERNDVS) reached at day 1984-06-09, but vernalization requirements not yet fulfilled. Forcing vernalization now (VERN=47.688571).
[2026-03-24 13:00:32,514][pcse.crop.phenology.Vernalisation][INFO] - Critical DVS for vernalization (VERNDVS) reached at day 1984-06-10, but vernalization requirements not yet fulfilled. Forcing vernalization now (VERN=47.688571).
[2026-03-24 13:00:32,542][pcse.crop.phenology.Vernalisation][INFO] - Critical DVS for vernalization (VERNDVS) reached at day 1984-06-11, but vernalization requirements not yet fulfilled. Forcing vernalization now (VERN=47.688571).
[2026-03-24 13:00:32,568][pcse.crop.phenology.Vernalisation][INFO] - Critical DVS for vernalization (VERNDVS) reached at day 1984-06-12, but vernalization requirements not yet fulfilled. Forcing vernalization now (VERN=47.688571).
[2026-03-24 13:00:32,596][pcse.crop.phenology.Vernalisation][INFO] - Critical DVS for vernalization (VERNDVS) reached at day 1984-06-13, but vernalization requirements not yet fulfilled. Forcing vernalization now (VERN=47.688571).
[2026-03-24 13:00:32,624][pcse.crop.phenology.Vernalisation][INFO] - Critical DVS for vernalization (VERNDVS) reached at day 1984-06-14, but vernalization requirements not yet fulfilled. Forcing vernalization now (VERN=47.688571).
[2026-03-24 13:00:32,651][pcse.crop.phenology.Vernalisation][INFO] - Critical DVS for vernalization (VERNDVS) reached at day 1984-06-15, but vernalization requirements not yet fulfilled. Forcing vernalization now (VERN=47.688571).
[2026-03-24 13:00:32,677][pcse.crop.phenology.Vernalisation][INFO] - Critical DVS for vernalization (VERNDVS) reached at day 1984-06-16, but vernalization requirements not yet fulfilled. Forcing vernalization now (VERN=47.688571).
[2026-03-24 13:00:33,058][pcse.crop.phenology.Vernalisation][INFO] - Critical DVS for vernalization (VERNDVS) reached at day 1984-06-17, but vernalization requirements not yet fulfilled. Forcing vernalization now (VERN=47.688571).
[2026-03-24 13:00:33,100][pcse.crop.phenology.Vernalisation][INFO] - Critical DVS for vernalization (VERNDVS) reached at day 1984-06-18, but vernalization requirements not yet fulfilled. Forcing vernalization now (VERN=47.688571).
[2026-03-24 13:00:33,157][pcse.crop.phenology.Vernalisation][INFO] - Critical DVS for vernalization (VERNDVS) reached at day 1984-06-19, but vernalization requirements not yet fulfilled. Forcing vernalization now (VERN=47.688571).
[2026-03-24 13:00:33,183][pcse.crop.phenology.Vernalisation][INFO] - Critical DVS for vernalization (VERNDVS) reached at day 1984-06-20, but vernalization requirements not yet fulfilled. Forcing vernalization now (VERN=47.688571).
[2026-03-24 13:00:33,212][pcse.crop.phenology.Vernalisation][INFO] - Critical DVS for vernalization (VERNDVS) reached at day 1984-06-21, but vernalization requirements not yet fulfilled. Forcing vernalization now (VERN=47.688571).
[2026-03-24 13:00:33,238][pcse.crop.phenology.Vernalisation][INFO] - Critical DVS for vernalization (VERNDVS) reached at day 1984-06-22, but vernalization requirements not yet fulfilled. Forcing vernalization now (VERN=47.688571).
[2026-03-24 13:00:33,266][pcse.crop.phenology.Vernalisation][INFO] - Critical DVS for vernalization (VERNDVS) reached at day 1984-06-23, but vernalization requirements not yet fulfilled. Forcing vernalization now (VERN=47.688571).
[2026-03-24 13:00:33,294][pcse.crop.phenology.Vernalisation][INFO] - Critical DVS for vernalization (VERNDVS) reached at day 1984-06-24, but vernalization requirements not yet fulfilled. Forcing vernalization now (VERN=47.688571).
[2026-03-24 13:00:33,321][pcse.crop.phenology.Vernalisation][INFO] - Critical DVS for vernalization (VERNDVS) reached at day 1984-06-25, but vernalization requirements not yet fulfilled. Forcing vernalization now (VERN=47.688571).
[2026-03-24 13:00:33,348][pcse.crop.phenology.Vernalisation][INFO] - Critical DVS for vernalization (VERNDVS) reached at day 1984-06-26, but vernalization requirements not yet fulfilled. Forcing vernalization now (VERN=47.688571).
[2026-03-24 13:00:33,376][pcse.crop.phenology.Vernalisation][INFO] - Critical DVS for vernalization (VERNDVS) reached at day 1984-06-27, but vernalization requirements not yet fulfilled. Forcing vernalization now (VERN=47.688571).
[2026-03-24 13:00:33,402][pcse.crop.phenology.Vernalisation][INFO] - Critical DVS for vernalization (VERNDVS) reached at day 1984-06-28, but vernalization requirements not yet fulfilled. Forcing vernalization now (VERN=47.688571).
[2026-03-24 13:00:33,429][pcse.crop.phenology.Vernalisation][INFO] - Critical DVS for vernalization (VERNDVS) reached at day 1984-06-29, but vernalization requirements not yet fulfilled. Forcing vernalization now (VERN=47.688571).
[2026-03-24 13:00:33,429][pcse.crop.phenology.Annual_Phenology][INFO] - Changed phenological stage 'vegetative' to 'reproductive' on 1984-06-29
[2026-03-24 13:00:35,592][pcse.crop.phenology.Annual_Phenology][INFO] - Changed phenological stage 'reproductive' to 'mature' on 1984-09-13
[2026-03-24 13:00:35,932][pcse.base.timer.Timer][INFO] - Reached end of simulation period as specified by END_DATE.
| train          | E: 66 | S: 15906 | R: -2.7972 | TR: 19.8974 | TF: 512 | LR: 0 | NR: 0 | D: 07.0 s | TD: 00.0 s | BR: -0.0100 | ALOSS: 14778.0435 | CLOSS: 2452496.5410 | TLOSS: -178.9790 | TVAL: 0.2306 | AENT: -777.2357 | BCLOSS: 0.0000
[EPISODE DBG] episode=66 step=15906 pred_return=-2.708023 true_return=15.861067 total_feedback=512 labeled_feedback=0
[2026-03-24 13:00:35,937][pcse.agromanager.SoilCalendar][INFO] - Starting soil (oregon) with variation (oregon_1) on day 1984-02-01
[2026-03-24 13:00:35,939][pcse.agromanager.CropCalendar][INFO] - Starting crop (wheat) with variety (wheat_1) on day 1984-02-01
[2026-03-24 13:00:37,126][pcse.crop.phenology.Annual_Phenology][INFO] - Changed phenological stage 'emerging' to 'vegetative' on 1984-04-10
[REPLAY DBG] post-agent-update step=16000 n=16000 mean=-0.010087 std=0.015232 min=-0.094720 max=0.013632
[STEP DBG] step=16000 env_reward=0.000000 r_hat=-0.014360 done=False
[NORM DBG] count=16000 mean_abs_mean=62525.085938 mean_std=9.258360 min_std=0.001000 max_std=69.625740
[2026-03-24 13:00:38,280][pcse.crop.phenology.Vernalisation][INFO] - Critical DVS for vernalization (VERNDVS) reached at day 1984-06-02, but vernalization requirements not yet fulfilled. Forcing vernalization now (VERN=47.688571).
[2026-03-24 13:00:38,297][pcse.crop.phenology.Vernalisation][INFO] - Critical DVS for vernalization (VERNDVS) reached at day 1984-06-03, but vernalization requirements not yet fulfilled. Forcing vernalization now (VERN=47.688571).
[2026-03-24 13:00:38,316][pcse.crop.phenology.Vernalisation][INFO] - Critical DVS for vernalization (VERNDVS) reached at day 1984-06-04, but vernalization requirements not yet fulfilled. Forcing vernalization now (VERN=47.688571).
[2026-03-24 13:00:38,332][pcse.crop.phenology.Vernalisation][INFO] - Critical DVS for vernalization (VERNDVS) reached at day 1984-06-05, but vernalization requirements not yet fulfilled. Forcing vernalization now (VERN=47.688571).
[2026-03-24 13:00:38,349][pcse.crop.phenology.Vernalisation][INFO] - Critical DVS for vernalization (VERNDVS) reached at day 1984-06-06, but vernalization requirements not yet fulfilled. Forcing vernalization now (VERN=47.688571).
[2026-03-24 13:00:38,367][pcse.crop.phenology.Vernalisation][INFO] - Critical DVS for vernalization (VERNDVS) reached at day 1984-06-07, but vernalization requirements not yet fulfilled. Forcing vernalization now (VERN=47.688571).
[2026-03-24 13:00:38,385][pcse.crop.phenology.Vernalisation][INFO] - Critical DVS for vernalization (VERNDVS) reached at day 1984-06-08, but vernalization requirements not yet fulfilled. Forcing vernalization now (VERN=47.688571).
[2026-03-24 13:00:38,402][pcse.crop.phenology.Vernalisation][INFO] - Critical DVS for vernalization (VERNDVS) reached at day 1984-06-09, but vernalization requirements not yet fulfilled. Forcing vernalization now (VERN=47.688571).
[2026-03-24 13:00:38,419][pcse.crop.phenology.Vernalisation][INFO] - Critical DVS for vernalization (VERNDVS) reached at day 1984-06-10, but vernalization requirements not yet fulfilled. Forcing vernalization now (VERN=47.688571).
[2026-03-24 13:00:38,437][pcse.crop.phenology.Vernalisation][INFO] - Critical DVS for vernalization (VERNDVS) reached at day 1984-06-11, but vernalization requirements not yet fulfilled. Forcing vernalization now (VERN=47.688571).
[2026-03-24 13:00:38,454][pcse.crop.phenology.Vernalisation][INFO] - Critical DVS for vernalization (VERNDVS) reached at day 1984-06-12, but vernalization requirements not yet fulfilled. Forcing vernalization now (VERN=47.688571).
[2026-03-24 13:00:38,472][pcse.crop.phenology.Vernalisation][INFO] - Critical DVS for vernalization (VERNDVS) reached at day 1984-06-13, but vernalization requirements not yet fulfilled. Forcing vernalization now (VERN=47.688571).
[2026-03-24 13:00:38,489][pcse.crop.phenology.Vernalisation][INFO] - Critical DVS for vernalization (VERNDVS) reached at day 1984-06-14, but vernalization requirements not yet fulfilled. Forcing vernalization now (VERN=47.688571).
[2026-03-24 13:00:38,507][pcse.crop.phenology.Vernalisation][INFO] - Critical DVS for vernalization (VERNDVS) reached at day 1984-06-15, but vernalization requirements not yet fulfilled. Forcing vernalization now (VERN=47.688571).
[2026-03-24 13:00:38,523][pcse.crop.phenology.Vernalisation][INFO] - Critical DVS for vernalization (VERNDVS) reached at day 1984-06-16, but vernalization requirements not yet fulfilled. Forcing vernalization now (VERN=47.688571).
[2026-03-24 13:00:38,541][pcse.crop.phenology.Vernalisation][INFO] - Critical DVS for vernalization (VERNDVS) reached at day 1984-06-17, but vernalization requirements not yet fulfilled. Forcing vernalization now (VERN=47.688571).
[2026-03-24 13:00:38,558][pcse.crop.phenology.Vernalisation][INFO] - Critical DVS for vernalization (VERNDVS) reached at day 1984-06-18, but vernalization requirements not yet fulfilled. Forcing vernalization now (VERN=47.688571).
[2026-03-24 13:00:38,577][pcse.crop.phenology.Vernalisation][INFO] - Critical DVS for vernalization (VERNDVS) reached at day 1984-06-19, but vernalization requirements not yet fulfilled. Forcing vernalization now (VERN=47.688571).
[2026-03-24 13:00:38,594][pcse.crop.phenology.Vernalisation][INFO] - Critical DVS for vernalization (VERNDVS) reached at day 1984-06-20, but vernalization requirements not yet fulfilled. Forcing vernalization now (VERN=47.688571).
[2026-03-24 13:00:38,612][pcse.crop.phenology.Vernalisation][INFO] - Critical DVS for vernalization (VERNDVS) reached at day 1984-06-21, but vernalization requirements not yet fulfilled. Forcing vernalization now (VERN=47.688571).
[2026-03-24 13:00:38,630][pcse.crop.phenology.Vernalisation][INFO] - Critical DVS for vernalization (VERNDVS) reached at day 1984-06-22, but vernalization requirements not yet fulfilled. Forcing vernalization now (VERN=47.688571).
[2026-03-24 13:00:38,647][pcse.crop.phenology.Vernalisation][INFO] - Critical DVS for vernalization (VERNDVS) reached at day 1984-06-23, but vernalization requirements not yet fulfilled. Forcing vernalization now (VERN=47.688571).
[2026-03-24 13:00:38,665][pcse.crop.phenology.Vernalisation][INFO] - Critical DVS for vernalization (VERNDVS) reached at day 1984-06-24, but vernalization requirements not yet fulfilled. Forcing vernalization now (VERN=47.688571).
[2026-03-24 13:00:38,683][pcse.crop.phenology.Vernalisation][INFO] - Critical DVS for vernalization (VERNDVS) reached at day 1984-06-25, but vernalization requirements not yet fulfilled. Forcing vernalization now (VERN=47.688571).
[2026-03-24 13:00:38,700][pcse.crop.phenology.Vernalisation][INFO] - Critical DVS for vernalization (VERNDVS) reached at day 1984-06-26, but vernalization requirements not yet fulfilled. Forcing vernalization now (VERN=47.688571).
[2026-03-24 13:00:38,718][pcse.crop.phenology.Vernalisation][INFO] - Critical DVS for vernalization (VERNDVS) reached at day 1984-06-27, but vernalization requirements not yet fulfilled. Forcing vernalization now (VERN=47.688571).
[2026-03-24 13:00:38,736][pcse.crop.phenology.Vernalisation][INFO] - Critical DVS for vernalization (VERNDVS) reached at day 1984-06-28, but vernalization requirements not yet fulfilled. Forcing vernalization now (VERN=47.688571).
[2026-03-24 13:00:38,754][pcse.crop.phenology.Vernalisation][INFO] - Critical DVS for vernalization (VERNDVS) reached at day 1984-06-29, but vernalization requirements not yet fulfilled. Forcing vernalization now (VERN=47.688571).
[2026-03-24 13:00:38,754][pcse.crop.phenology.Annual_Phenology][INFO] - Changed phenological stage 'vegetative' to 'reproductive' on 1984-06-29
[2026-03-24 13:00:40,033][pcse.crop.phenology.Annual_Phenology][INFO] - Changed phenological stage 'reproductive' to 'mature' on 1984-09-13
[2026-03-24 13:00:40,322][pcse.base.timer.Timer][INFO] - Reached end of simulation period as specified by END_DATE.
| train          | E: 67 | S: 16147 | R: -2.7080 | TR: 15.8611 | TF: 512 | LR: 0 | NR: 0 | D: 04.4 s | TD: 00.0 s | BR: -0.0101 | ALOSS: 14769.4686 | CLOSS: 2289506.8533 | TLOSS: -179.6211 | TVAL: 0.2355 | AENT: -763.8433 | BCLOSS: 0.0000
[EPISODE DBG] episode=67 step=16147 pred_return=-2.632845 true_return=12.083472 total_feedback=512 labeled_feedback=0
[2026-03-24 13:00:40,330][pcse.agromanager.SoilCalendar][INFO] - Starting soil (oregon) with variation (oregon_1) on day 1984-02-01
[2026-03-24 13:00:40,332][pcse.agromanager.CropCalendar][INFO] - Starting crop (wheat) with variety (wheat_1) on day 1984-02-01
[2026-03-24 13:00:42,065][pcse.crop.phenology.Annual_Phenology][INFO] - Changed phenological stage 'emerging' to 'vegetative' on 1984-04-10
[2026-03-24 13:00:43,081][pcse.crop.phenology.Vernalisation][INFO] - Critical DVS for vernalization (VERNDVS) reached at day 1984-06-02, but vernalization requirements not yet fulfilled. Forcing vernalization now (VERN=47.688571).
[2026-03-24 13:00:43,105][pcse.crop.phenology.Vernalisation][INFO] - Critical DVS for vernalization (VERNDVS) reached at day 1984-06-03, but vernalization requirements not yet fulfilled. Forcing vernalization now (VERN=47.688571).
[2026-03-24 13:00:43,128][pcse.crop.phenology.Vernalisation][INFO] - Critical DVS for vernalization (VERNDVS) reached at day 1984-06-04, but vernalization requirements not yet fulfilled. Forcing vernalization now (VERN=47.688571).
[2026-03-24 13:00:43,149][pcse.crop.phenology.Vernalisation][INFO] - Critical DVS for vernalization (VERNDVS) reached at day 1984-06-05, but vernalization requirements not yet fulfilled. Forcing vernalization now (VERN=47.688571).
[2026-03-24 13:00:43,167][pcse.crop.phenology.Vernalisation][INFO] - Critical DVS for vernalization (VERNDVS) reached at day 1984-06-06, but vernalization requirements not yet fulfilled. Forcing vernalization now (VERN=47.688571).
[2026-03-24 13:00:43,186][pcse.crop.phenology.Vernalisation][INFO] - Critical DVS for vernalization (VERNDVS) reached at day 1984-06-07, but vernalization requirements not yet fulfilled. Forcing vernalization now (VERN=47.688571).
[2026-03-24 13:00:43,205][pcse.crop.phenology.Vernalisation][INFO] - Critical DVS for vernalization (VERNDVS) reached at day 1984-06-08, but vernalization requirements not yet fulfilled. Forcing vernalization now (VERN=47.688571).
[2026-03-24 13:00:43,223][pcse.crop.phenology.Vernalisation][INFO] - Critical DVS for vernalization (VERNDVS) reached at day 1984-06-09, but vernalization requirements not yet fulfilled. Forcing vernalization now (VERN=47.688571).
[2026-03-24 13:00:43,241][pcse.crop.phenology.Vernalisation][INFO] - Critical DVS for vernalization (VERNDVS) reached at day 1984-06-10, but vernalization requirements not yet fulfilled. Forcing vernalization now (VERN=47.688571).
[2026-03-24 13:00:43,259][pcse.crop.phenology.Vernalisation][INFO] - Critical DVS for vernalization (VERNDVS) reached at day 1984-06-11, but vernalization requirements not yet fulfilled. Forcing vernalization now (VERN=47.688571).
[2026-03-24 13:00:43,277][pcse.crop.phenology.Vernalisation][INFO] - Critical DVS for vernalization (VERNDVS) reached at day 1984-06-12, but vernalization requirements not yet fulfilled. Forcing vernalization now (VERN=47.688571).
[2026-03-24 13:00:43,296][pcse.crop.phenology.Vernalisation][INFO] - Critical DVS for vernalization (VERNDVS) reached at day 1984-06-13, but vernalization requirements not yet fulfilled. Forcing vernalization now (VERN=47.688571).
[2026-03-24 13:00:43,315][pcse.crop.phenology.Vernalisation][INFO] - Critical DVS for vernalization (VERNDVS) reached at day 1984-06-14, but vernalization requirements not yet fulfilled. Forcing vernalization now (VERN=47.688571).
[2026-03-24 13:00:43,332][pcse.crop.phenology.Vernalisation][INFO] - Critical DVS for vernalization (VERNDVS) reached at day 1984-06-15, but vernalization requirements not yet fulfilled. Forcing vernalization now (VERN=47.688571).
[2026-03-24 13:00:43,348][pcse.crop.phenology.Vernalisation][INFO] - Critical DVS for vernalization (VERNDVS) reached at day 1984-06-16, but vernalization requirements not yet fulfilled. Forcing vernalization now (VERN=47.688571).
[2026-03-24 13:00:43,366][pcse.crop.phenology.Vernalisation][INFO] - Critical DVS for vernalization (VERNDVS) reached at day 1984-06-17, but vernalization requirements not yet fulfilled. Forcing vernalization now (VERN=47.688571).
[2026-03-24 13:00:43,383][pcse.crop.phenology.Vernalisation][INFO] - Critical DVS for vernalization (VERNDVS) reached at day 1984-06-18, but vernalization requirements not yet fulfilled. Forcing vernalization now (VERN=47.688571).
[2026-03-24 13:00:43,401][pcse.crop.phenology.Vernalisation][INFO] - Critical DVS for vernalization (VERNDVS) reached at day 1984-06-19, but vernalization requirements not yet fulfilled. Forcing vernalization now (VERN=47.688571).
[2026-03-24 13:00:43,418][pcse.crop.phenology.Vernalisation][INFO] - Critical DVS for vernalization (VERNDVS) reached at day 1984-06-20, but vernalization requirements not yet fulfilled. Forcing vernalization now (VERN=47.688571).
[2026-03-24 13:00:43,436][pcse.crop.phenology.Vernalisation][INFO] - Critical DVS for vernalization (VERNDVS) reached at day 1984-06-21, but vernalization requirements not yet fulfilled. Forcing vernalization now (VERN=47.688571).
[2026-03-24 13:00:43,452][pcse.crop.phenology.Vernalisation][INFO] - Critical DVS for vernalization (VERNDVS) reached at day 1984-06-22, but vernalization requirements not yet fulfilled. Forcing vernalization now (VERN=47.688571).
[2026-03-24 13:00:43,470][pcse.crop.phenology.Vernalisation][INFO] - Critical DVS for vernalization (VERNDVS) reached at day 1984-06-23, but vernalization requirements not yet fulfilled. Forcing vernalization now (VERN=47.688571).
[2026-03-24 13:00:43,487][pcse.crop.phenology.Vernalisation][INFO] - Critical DVS for vernalization (VERNDVS) reached at day 1984-06-24, but vernalization requirements not yet fulfilled. Forcing vernalization now (VERN=47.688571).
[2026-03-24 13:00:43,504][pcse.crop.phenology.Vernalisation][INFO] - Critical DVS for vernalization (VERNDVS) reached at day 1984-06-25, but vernalization requirements not yet fulfilled. Forcing vernalization now (VERN=47.688571).
[2026-03-24 13:00:43,522][pcse.crop.phenology.Vernalisation][INFO] - Critical DVS for vernalization (VERNDVS) reached at day 1984-06-26, but vernalization requirements not yet fulfilled. Forcing vernalization now (VERN=47.688571).
[2026-03-24 13:00:43,539][pcse.crop.phenology.Vernalisation][INFO] - Critical DVS for vernalization (VERNDVS) reached at day 1984-06-27, but vernalization requirements not yet fulfilled. Forcing vernalization now (VERN=47.688571).
[2026-03-24 13:00:43,556][pcse.crop.phenology.Vernalisation][INFO] - Critical DVS for vernalization (VERNDVS) reached at day 1984-06-28, but vernalization requirements not yet fulfilled. Forcing vernalization now (VERN=47.688571).
[2026-03-24 13:00:43,573][pcse.crop.phenology.Vernalisation][INFO] - Critical DVS for vernalization (VERNDVS) reached at day 1984-06-29, but vernalization requirements not yet fulfilled. Forcing vernalization now (VERN=47.688571).
[2026-03-24 13:00:43,573][pcse.crop.phenology.Annual_Phenology][INFO] - Changed phenological stage 'vegetative' to 'reproductive' on 1984-06-29
[2026-03-24 13:00:44,876][pcse.crop.phenology.Annual_Phenology][INFO] - Changed phenological stage 'reproductive' to 'mature' on 1984-09-13
[2026-03-24 13:00:45,159][pcse.base.timer.Timer][INFO] - Reached end of simulation period as specified by END_DATE.
| train          | E: 68 | S: 16388 | R: -2.6328 | TR: 12.0835 | TF: 512 | LR: 0 | NR: 0 | D: 04.8 s | TD: 00.0 s | BR: -0.0101 | ALOSS: 14772.1431 | CLOSS: 2155051.2119 | TLOSS: -180.1886 | TVAL: 0.2405 | AENT: -750.1123 | BCLOSS: 0.0000
[EPISODE DBG] episode=68 step=16388 pred_return=-2.732955 true_return=20.711114 total_feedback=512 labeled_feedback=0
[2026-03-24 13:00:45,166][pcse.agromanager.SoilCalendar][INFO] - Starting soil (oregon) with variation (oregon_1) on day 1984-02-01
[2026-03-24 13:00:45,169][pcse.agromanager.CropCalendar][INFO] - Starting crop (wheat) with variety (wheat_1) on day 1984-02-01
[2026-03-24 13:00:46,673][pcse.crop.phenology.Annual_Phenology][INFO] - Changed phenological stage 'emerging' to 'vegetative' on 1984-04-10
[REPLAY DBG] post-agent-update step=16500 n=16500 mean=-0.010117 std=0.015232 min=-0.094720 max=0.013632
[STEP DBG] step=16500 env_reward=0.000000 r_hat=-0.002091 done=False
[NORM DBG] count=16500 mean_abs_mean=62525.085938 mean_std=9.254180 min_std=0.001000 max_std=69.588623
[2026-03-24 13:00:47,452][pcse.crop.phenology.Vernalisation][INFO] - Critical DVS for vernalization (VERNDVS) reached at day 1984-06-02, but vernalization requirements not yet fulfilled. Forcing vernalization now (VERN=47.688571).
[2026-03-24 13:00:47,467][pcse.crop.phenology.Vernalisation][INFO] - Critical DVS for vernalization (VERNDVS) reached at day 1984-06-03, but vernalization requirements not yet fulfilled. Forcing vernalization now (VERN=47.688571).
[2026-03-24 13:00:47,483][pcse.crop.phenology.Vernalisation][INFO] - Critical DVS for vernalization (VERNDVS) reached at day 1984-06-04, but vernalization requirements not yet fulfilled. Forcing vernalization now (VERN=47.688571).
[2026-03-24 13:00:47,499][pcse.crop.phenology.Vernalisation][INFO] - Critical DVS for vernalization (VERNDVS) reached at day 1984-06-05, but vernalization requirements not yet fulfilled. Forcing vernalization now (VERN=47.688571).
[2026-03-24 13:00:47,515][pcse.crop.phenology.Vernalisation][INFO] - Critical DVS for vernalization (VERNDVS) reached at day 1984-06-06, but vernalization requirements not yet fulfilled. Forcing vernalization now (VERN=47.688571).
[2026-03-24 13:00:47,529][pcse.crop.phenology.Vernalisation][INFO] - Critical DVS for vernalization (VERNDVS) reached at day 1984-06-07, but vernalization requirements not yet fulfilled. Forcing vernalization now (VERN=47.688571).
[2026-03-24 13:00:47,544][pcse.crop.phenology.Vernalisation][INFO] - Critical DVS for vernalization (VERNDVS) reached at day 1984-06-08, but vernalization requirements not yet fulfilled. Forcing vernalization now (VERN=47.688571).
[2026-03-24 13:00:47,559][pcse.crop.phenology.Vernalisation][INFO] - Critical DVS for vernalization (VERNDVS) reached at day 1984-06-09, but vernalization requirements not yet fulfilled. Forcing vernalization now (VERN=47.688571).
[2026-03-24 13:00:47,575][pcse.crop.phenology.Vernalisation][INFO] - Critical DVS for vernalization (VERNDVS) reached at day 1984-06-10, but vernalization requirements not yet fulfilled. Forcing vernalization now (VERN=47.688571).
[2026-03-24 13:00:47,591][pcse.crop.phenology.Vernalisation][INFO] - Critical DVS for vernalization (VERNDVS) reached at day 1984-06-11, but vernalization requirements not yet fulfilled. Forcing vernalization now (VERN=47.688571).
[2026-03-24 13:00:47,605][pcse.crop.phenology.Vernalisation][INFO] - Critical DVS for vernalization (VERNDVS) reached at day 1984-06-12, but vernalization requirements not yet fulfilled. Forcing vernalization now (VERN=47.688571).
[2026-03-24 13:00:47,621][pcse.crop.phenology.Vernalisation][INFO] - Critical DVS for vernalization (VERNDVS) reached at day 1984-06-13, but vernalization requirements not yet fulfilled. Forcing vernalization now (VERN=47.688571).
[2026-03-24 13:00:47,637][pcse.crop.phenology.Vernalisation][INFO] - Critical DVS for vernalization (VERNDVS) reached at day 1984-06-14, but vernalization requirements not yet fulfilled. Forcing vernalization now (VERN=47.688571).
[2026-03-24 13:00:47,651][pcse.crop.phenology.Vernalisation][INFO] - Critical DVS for vernalization (VERNDVS) reached at day 1984-06-15, but vernalization requirements not yet fulfilled. Forcing vernalization now (VERN=47.688571).
[2026-03-24 13:00:47,667][pcse.crop.phenology.Vernalisation][INFO] - Critical DVS for vernalization (VERNDVS) reached at day 1984-06-16, but vernalization requirements not yet fulfilled. Forcing vernalization now (VERN=47.688571).
[2026-03-24 13:00:47,683][pcse.crop.phenology.Vernalisation][INFO] - Critical DVS for vernalization (VERNDVS) reached at day 1984-06-17, but vernalization requirements not yet fulfilled. Forcing vernalization now (VERN=47.688571).
[2026-03-24 13:00:47,699][pcse.crop.phenology.Vernalisation][INFO] - Critical DVS for vernalization (VERNDVS) reached at day 1984-06-18, but vernalization requirements not yet fulfilled. Forcing vernalization now (VERN=47.688571).
[2026-03-24 13:00:47,714][pcse.crop.phenology.Vernalisation][INFO] - Critical DVS for vernalization (VERNDVS) reached at day 1984-06-19, but vernalization requirements not yet fulfilled. Forcing vernalization now (VERN=47.688571).
[2026-03-24 13:00:47,730][pcse.crop.phenology.Vernalisation][INFO] - Critical DVS for vernalization (VERNDVS) reached at day 1984-06-20, but vernalization requirements not yet fulfilled. Forcing vernalization now (VERN=47.688571).
[2026-03-24 13:00:47,745][pcse.crop.phenology.Vernalisation][INFO] - Critical DVS for vernalization (VERNDVS) reached at day 1984-06-21, but vernalization requirements not yet fulfilled. Forcing vernalization now (VERN=47.688571).
[2026-03-24 13:00:47,760][pcse.crop.phenology.Vernalisation][INFO] - Critical DVS for vernalization (VERNDVS) reached at day 1984-06-22, but vernalization requirements not yet fulfilled. Forcing vernalization now (VERN=47.688571).
[2026-03-24 13:00:47,775][pcse.crop.phenology.Vernalisation][INFO] - Critical DVS for vernalization (VERNDVS) reached at day 1984-06-23, but vernalization requirements not yet fulfilled. Forcing vernalization now (VERN=47.688571).
[2026-03-24 13:00:47,791][pcse.crop.phenology.Vernalisation][INFO] - Critical DVS for vernalization (VERNDVS) reached at day 1984-06-24, but vernalization requirements not yet fulfilled. Forcing vernalization now (VERN=47.688571).
[2026-03-24 13:00:47,806][pcse.crop.phenology.Vernalisation][INFO] - Critical DVS for vernalization (VERNDVS) reached at day 1984-06-25, but vernalization requirements not yet fulfilled. Forcing vernalization now (VERN=47.688571).
[2026-03-24 13:00:47,821][pcse.crop.phenology.Vernalisation][INFO] - Critical DVS for vernalization (VERNDVS) reached at day 1984-06-26, but vernalization requirements not yet fulfilled. Forcing vernalization now (VERN=47.688571).
[2026-03-24 13:00:47,837][pcse.crop.phenology.Vernalisation][INFO] - Critical DVS for vernalization (VERNDVS) reached at day 1984-06-27, but vernalization requirements not yet fulfilled. Forcing vernalization now (VERN=47.688571).
[2026-03-24 13:00:47,852][pcse.crop.phenology.Vernalisation][INFO] - Critical DVS for vernalization (VERNDVS) reached at day 1984-06-28, but vernalization requirements not yet fulfilled. Forcing vernalization now (VERN=47.688571).
[2026-03-24 13:00:47,866][pcse.crop.phenology.Vernalisation][INFO] - Critical DVS for vernalization (VERNDVS) reached at day 1984-06-29, but vernalization requirements not yet fulfilled. Forcing vernalization now (VERN=47.688571).
[2026-03-24 13:00:47,866][pcse.crop.phenology.Annual_Phenology][INFO] - Changed phenological stage 'vegetative' to 'reproductive' on 1984-06-29
[2026-03-24 13:00:49,315][pcse.crop.phenology.Annual_Phenology][INFO] - Changed phenological stage 'reproductive' to 'mature' on 1984-09-13
[2026-03-24 13:00:49,628][pcse.base.timer.Timer][INFO] - Reached end of simulation period as specified by END_DATE.
| train          | E: 69 | S: 16629 | R: -2.7330 | TR: 20.7111 | TF: 512 | LR: 0 | NR: 0 | D: 04.5 s | TD: 00.0 s | BR: -0.0101 | ALOSS: 14774.5115 | CLOSS: 2363599.8041 | TLOSS: -180.6104 | TVAL: 0.2458 | AENT: -735.7800 | BCLOSS: 0.0000
[EPISODE DBG] episode=69 step=16629 pred_return=-2.771261 true_return=19.897423 total_feedback=512 labeled_feedback=0
[2026-03-24 13:00:49,635][pcse.agromanager.SoilCalendar][INFO] - Starting soil (oregon) with variation (oregon_1) on day 1984-02-01
[2026-03-24 13:00:49,637][pcse.agromanager.CropCalendar][INFO] - Starting crop (wheat) with variety (wheat_1) on day 1984-02-01
[2026-03-24 13:00:51,126][pcse.crop.phenology.Annual_Phenology][INFO] - Changed phenological stage 'emerging' to 'vegetative' on 1984-04-10
[2026-03-24 13:00:52,012][pcse.crop.phenology.Vernalisation][INFO] - Critical DVS for vernalization (VERNDVS) reached at day 1984-06-02, but vernalization requirements not yet fulfilled. Forcing vernalization now (VERN=47.688571).
[2026-03-24 13:00:52,029][pcse.crop.phenology.Vernalisation][INFO] - Critical DVS for vernalization (VERNDVS) reached at day 1984-06-03, but vernalization requirements not yet fulfilled. Forcing vernalization now (VERN=47.688571).
[2026-03-24 13:00:52,047][pcse.crop.phenology.Vernalisation][INFO] - Critical DVS for vernalization (VERNDVS) reached at day 1984-06-04, but vernalization requirements not yet fulfilled. Forcing vernalization now (VERN=47.688571).
[2026-03-24 13:00:52,063][pcse.crop.phenology.Vernalisation][INFO] - Critical DVS for vernalization (VERNDVS) reached at day 1984-06-05, but vernalization requirements not yet fulfilled. Forcing vernalization now (VERN=47.688571).
[2026-03-24 13:00:52,080][pcse.crop.phenology.Vernalisation][INFO] - Critical DVS for vernalization (VERNDVS) reached at day 1984-06-06, but vernalization requirements not yet fulfilled. Forcing vernalization now (VERN=47.688571).
[2026-03-24 13:00:52,097][pcse.crop.phenology.Vernalisation][INFO] - Critical DVS for vernalization (VERNDVS) reached at day 1984-06-07, but vernalization requirements not yet fulfilled. Forcing vernalization now (VERN=47.688571).
[2026-03-24 13:00:52,113][pcse.crop.phenology.Vernalisation][INFO] - Critical DVS for vernalization (VERNDVS) reached at day 1984-06-08, but vernalization requirements not yet fulfilled. Forcing vernalization now (VERN=47.688571).
[2026-03-24 13:00:52,131][pcse.crop.phenology.Vernalisation][INFO] - Critical DVS for vernalization (VERNDVS) reached at day 1984-06-09, but vernalization requirements not yet fulfilled. Forcing vernalization now (VERN=47.688571).
[2026-03-24 13:00:52,147][pcse.crop.phenology.Vernalisation][INFO] - Critical DVS for vernalization (VERNDVS) reached at day 1984-06-10, but vernalization requirements not yet fulfilled. Forcing vernalization now (VERN=47.688571).
[2026-03-24 13:00:52,164][pcse.crop.phenology.Vernalisation][INFO] - Critical DVS for vernalization (VERNDVS) reached at day 1984-06-11, but vernalization requirements not yet fulfilled. Forcing vernalization now (VERN=47.688571).
[2026-03-24 13:00:52,182][pcse.crop.phenology.Vernalisation][INFO] - Critical DVS for vernalization (VERNDVS) reached at day 1984-06-12, but vernalization requirements not yet fulfilled. Forcing vernalization now (VERN=47.688571).
[2026-03-24 13:00:52,199][pcse.crop.phenology.Vernalisation][INFO] - Critical DVS for vernalization (VERNDVS) reached at day 1984-06-13, but vernalization requirements not yet fulfilled. Forcing vernalization now (VERN=47.688571).
[2026-03-24 13:00:52,217][pcse.crop.phenology.Vernalisation][INFO] - Critical DVS for vernalization (VERNDVS) reached at day 1984-06-14, but vernalization requirements not yet fulfilled. Forcing vernalization now (VERN=47.688571).
[2026-03-24 13:00:52,234][pcse.crop.phenology.Vernalisation][INFO] - Critical DVS for vernalization (VERNDVS) reached at day 1984-06-15, but vernalization requirements not yet fulfilled. Forcing vernalization now (VERN=47.688571).
[2026-03-24 13:00:52,251][pcse.crop.phenology.Vernalisation][INFO] - Critical DVS for vernalization (VERNDVS) reached at day 1984-06-16, but vernalization requirements not yet fulfilled. Forcing vernalization now (VERN=47.688571).
[2026-03-24 13:00:52,268][pcse.crop.phenology.Vernalisation][INFO] - Critical DVS for vernalization (VERNDVS) reached at day 1984-06-17, but vernalization requirements not yet fulfilled. Forcing vernalization now (VERN=47.688571).
[2026-03-24 13:00:52,285][pcse.crop.phenology.Vernalisation][INFO] - Critical DVS for vernalization (VERNDVS) reached at day 1984-06-18, but vernalization requirements not yet fulfilled. Forcing vernalization now (VERN=47.688571).
[2026-03-24 13:00:52,303][pcse.crop.phenology.Vernalisation][INFO] - Critical DVS for vernalization (VERNDVS) reached at day 1984-06-19, but vernalization requirements not yet fulfilled. Forcing vernalization now (VERN=47.688571).
[2026-03-24 13:00:52,321][pcse.crop.phenology.Vernalisation][INFO] - Critical DVS for vernalization (VERNDVS) reached at day 1984-06-20, but vernalization requirements not yet fulfilled. Forcing vernalization now (VERN=47.688571).
[2026-03-24 13:00:52,337][pcse.crop.phenology.Vernalisation][INFO] - Critical DVS for vernalization (VERNDVS) reached at day 1984-06-21, but vernalization requirements not yet fulfilled. Forcing vernalization now (VERN=47.688571).
[2026-03-24 13:00:52,354][pcse.crop.phenology.Vernalisation][INFO] - Critical DVS for vernalization (VERNDVS) reached at day 1984-06-22, but vernalization requirements not yet fulfilled. Forcing vernalization now (VERN=47.688571).
[2026-03-24 13:00:52,372][pcse.crop.phenology.Vernalisation][INFO] - Critical DVS for vernalization (VERNDVS) reached at day 1984-06-23, but vernalization requirements not yet fulfilled. Forcing vernalization now (VERN=47.688571).
[2026-03-24 13:00:52,389][pcse.crop.phenology.Vernalisation][INFO] - Critical DVS for vernalization (VERNDVS) reached at day 1984-06-24, but vernalization requirements not yet fulfilled. Forcing vernalization now (VERN=47.688571).
[2026-03-24 13:00:52,407][pcse.crop.phenology.Vernalisation][INFO] - Critical DVS for vernalization (VERNDVS) reached at day 1984-06-25, but vernalization requirements not yet fulfilled. Forcing vernalization now (VERN=47.688571).
[2026-03-24 13:00:52,425][pcse.crop.phenology.Vernalisation][INFO] - Critical DVS for vernalization (VERNDVS) reached at day 1984-06-26, but vernalization requirements not yet fulfilled. Forcing vernalization now (VERN=47.688571).
[2026-03-24 13:00:52,442][pcse.crop.phenology.Vernalisation][INFO] - Critical DVS for vernalization (VERNDVS) reached at day 1984-06-27, but vernalization requirements not yet fulfilled. Forcing vernalization now (VERN=47.688571).
[2026-03-24 13:00:52,460][pcse.crop.phenology.Vernalisation][INFO] - Critical DVS for vernalization (VERNDVS) reached at day 1984-06-28, but vernalization requirements not yet fulfilled. Forcing vernalization now (VERN=47.688571).
[2026-03-24 13:00:52,476][pcse.crop.phenology.Vernalisation][INFO] - Critical DVS for vernalization (VERNDVS) reached at day 1984-06-29, but vernalization requirements not yet fulfilled. Forcing vernalization now (VERN=47.688571).
[2026-03-24 13:00:52,476][pcse.crop.phenology.Annual_Phenology][INFO] - Changed phenological stage 'vegetative' to 'reproductive' on 1984-06-29
[2026-03-24 13:00:53,944][pcse.crop.phenology.Annual_Phenology][INFO] - Changed phenological stage 'reproductive' to 'mature' on 1984-09-13
[2026-03-24 13:00:54,187][pcse.base.timer.Timer][INFO] - Reached end of simulation period as specified by END_DATE.
| train          | E: 70 | S: 16870 | R: -2.7713 | TR: 19.8974 | TF: 512 | LR: 0 | NR: 0 | D: 04.6 s | TD: 00.0 s | BR: -0.0101 | ALOSS: 14865.2887 | CLOSS: 3161962.7208 | TLOSS: -209.4438 | TVAL: 0.2513 | AENT: -833.3339 | BCLOSS: 0.0000
[EPISODE DBG] episode=70 step=16870 pred_return=-2.660470 true_return=15.861067 total_feedback=512 labeled_feedback=0
[2026-03-24 13:00:54,192][pcse.agromanager.SoilCalendar][INFO] - Starting soil (oregon) with variation (oregon_1) on day 1984-02-01
[2026-03-24 13:00:54,194][pcse.agromanager.CropCalendar][INFO] - Starting crop (wheat) with variety (wheat_1) on day 1984-02-01
[2026-03-24 13:00:55,290][pcse.crop.phenology.Annual_Phenology][INFO] - Changed phenological stage 'emerging' to 'vegetative' on 1984-04-10
[2026-03-24 13:00:56,109][pcse.crop.phenology.Vernalisation][INFO] - Critical DVS for vernalization (VERNDVS) reached at day 1984-06-02, but vernalization requirements not yet fulfilled. Forcing vernalization now (VERN=47.688571).
[2026-03-24 13:00:56,126][pcse.crop.phenology.Vernalisation][INFO] - Critical DVS for vernalization (VERNDVS) reached at day 1984-06-03, but vernalization requirements not yet fulfilled. Forcing vernalization now (VERN=47.688571).
[2026-03-24 13:00:56,143][pcse.crop.phenology.Vernalisation][INFO] - Critical DVS for vernalization (VERNDVS) reached at day 1984-06-04, but vernalization requirements not yet fulfilled. Forcing vernalization now (VERN=47.688571).
[2026-03-24 13:00:56,161][pcse.crop.phenology.Vernalisation][INFO] - Critical DVS for vernalization (VERNDVS) reached at day 1984-06-05, but vernalization requirements not yet fulfilled. Forcing vernalization now (VERN=47.688571).
[2026-03-24 13:00:56,178][pcse.crop.phenology.Vernalisation][INFO] - Critical DVS for vernalization (VERNDVS) reached at day 1984-06-06, but vernalization requirements not yet fulfilled. Forcing vernalization now (VERN=47.688571).
[2026-03-24 13:00:56,193][pcse.crop.phenology.Vernalisation][INFO] - Critical DVS for vernalization (VERNDVS) reached at day 1984-06-07, but vernalization requirements not yet fulfilled. Forcing vernalization now (VERN=47.688571).
[2026-03-24 13:00:56,209][pcse.crop.phenology.Vernalisation][INFO] - Critical DVS for vernalization (VERNDVS) reached at day 1984-06-08, but vernalization requirements not yet fulfilled. Forcing vernalization now (VERN=47.688571).
[2026-03-24 13:00:56,226][pcse.crop.phenology.Vernalisation][INFO] - Critical DVS for vernalization (VERNDVS) reached at day 1984-06-09, but vernalization requirements not yet fulfilled. Forcing vernalization now (VERN=47.688571).
[2026-03-24 13:00:56,243][pcse.crop.phenology.Vernalisation][INFO] - Critical DVS for vernalization (VERNDVS) reached at day 1984-06-10, but vernalization requirements not yet fulfilled. Forcing vernalization now (VERN=47.688571).
[2026-03-24 13:00:56,259][pcse.crop.phenology.Vernalisation][INFO] - Critical DVS for vernalization (VERNDVS) reached at day 1984-06-11, but vernalization requirements not yet fulfilled. Forcing vernalization now (VERN=47.688571).
[REPLAY DBG] post-agent-update step=17000 n=17000 mean=-0.010148 std=0.015246 min=-0.094720 max=0.013632
[2026-03-24 13:00:56,636][pcse.crop.phenology.Vernalisation][INFO] - Critical DVS for vernalization (VERNDVS) reached at day 1984-06-12, but vernalization requirements not yet fulfilled. Forcing vernalization now (VERN=47.688571).
[STEP DBG] step=17000 env_reward=0.000000 r_hat=0.004010 done=False
[NORM DBG] count=17000 mean_abs_mean=62525.085938 mean_std=9.248766 min_std=0.001000 max_std=69.551483
[2026-03-24 13:00:56,662][pcse.crop.phenology.Vernalisation][INFO] - Critical DVS for vernalization (VERNDVS) reached at day 1984-06-13, but vernalization requirements not yet fulfilled. Forcing vernalization now (VERN=47.688571).
[2026-03-24 13:00:56,690][pcse.crop.phenology.Vernalisation][INFO] - Critical DVS for vernalization (VERNDVS) reached at day 1984-06-14, but vernalization requirements not yet fulfilled. Forcing vernalization now (VERN=47.688571).
[2026-03-24 13:00:56,718][pcse.crop.phenology.Vernalisation][INFO] - Critical DVS for vernalization (VERNDVS) reached at day 1984-06-15, but vernalization requirements not yet fulfilled. Forcing vernalization now (VERN=47.688571).
[2026-03-24 13:00:56,735][pcse.crop.phenology.Vernalisation][INFO] - Critical DVS for vernalization (VERNDVS) reached at day 1984-06-16, but vernalization requirements not yet fulfilled. Forcing vernalization now (VERN=47.688571).
[2026-03-24 13:00:56,752][pcse.crop.phenology.Vernalisation][INFO] - Critical DVS for vernalization (VERNDVS) reached at day 1984-06-17, but vernalization requirements not yet fulfilled. Forcing vernalization now (VERN=47.688571).
[2026-03-24 13:00:56,769][pcse.crop.phenology.Vernalisation][INFO] - Critical DVS for vernalization (VERNDVS) reached at day 1984-06-18, but vernalization requirements not yet fulfilled. Forcing vernalization now (VERN=47.688571).
[2026-03-24 13:00:56,785][pcse.crop.phenology.Vernalisation][INFO] - Critical DVS for vernalization (VERNDVS) reached at day 1984-06-19, but vernalization requirements not yet fulfilled. Forcing vernalization now (VERN=47.688571).
[2026-03-24 13:00:56,802][pcse.crop.phenology.Vernalisation][INFO] - Critical DVS for vernalization (VERNDVS) reached at day 1984-06-20, but vernalization requirements not yet fulfilled. Forcing vernalization now (VERN=47.688571).
[2026-03-24 13:00:56,817][pcse.crop.phenology.Vernalisation][INFO] - Critical DVS for vernalization (VERNDVS) reached at day 1984-06-21, but vernalization requirements not yet fulfilled. Forcing vernalization now (VERN=47.688571).
[2026-03-24 13:00:56,833][pcse.crop.phenology.Vernalisation][INFO] - Critical DVS for vernalization (VERNDVS) reached at day 1984-06-22, but vernalization requirements not yet fulfilled. Forcing vernalization now (VERN=47.688571).
[2026-03-24 13:00:56,848][pcse.crop.phenology.Vernalisation][INFO] - Critical DVS for vernalization (VERNDVS) reached at day 1984-06-23, but vernalization requirements not yet fulfilled. Forcing vernalization now (VERN=47.688571).
[2026-03-24 13:00:56,864][pcse.crop.phenology.Vernalisation][INFO] - Critical DVS for vernalization (VERNDVS) reached at day 1984-06-24, but vernalization requirements not yet fulfilled. Forcing vernalization now (VERN=47.688571).
[2026-03-24 13:00:56,880][pcse.crop.phenology.Vernalisation][INFO] - Critical DVS for vernalization (VERNDVS) reached at day 1984-06-25, but vernalization requirements not yet fulfilled. Forcing vernalization now (VERN=47.688571).
[2026-03-24 13:00:56,896][pcse.crop.phenology.Vernalisation][INFO] - Critical DVS for vernalization (VERNDVS) reached at day 1984-06-26, but vernalization requirements not yet fulfilled. Forcing vernalization now (VERN=47.688571).
[2026-03-24 13:00:56,913][pcse.crop.phenology.Vernalisation][INFO] - Critical DVS for vernalization (VERNDVS) reached at day 1984-06-27, but vernalization requirements not yet fulfilled. Forcing vernalization now (VERN=47.688571).
[2026-03-24 13:00:56,926][pcse.crop.phenology.Vernalisation][INFO] - Critical DVS for vernalization (VERNDVS) reached at day 1984-06-28, but vernalization requirements not yet fulfilled. Forcing vernalization now (VERN=47.688571).
[2026-03-24 13:00:56,941][pcse.crop.phenology.Vernalisation][INFO] - Critical DVS for vernalization (VERNDVS) reached at day 1984-06-29, but vernalization requirements not yet fulfilled. Forcing vernalization now (VERN=47.688571).
[2026-03-24 13:00:56,941][pcse.crop.phenology.Annual_Phenology][INFO] - Changed phenological stage 'vegetative' to 'reproductive' on 1984-06-29
[2026-03-24 13:00:58,154][pcse.crop.phenology.Annual_Phenology][INFO] - Changed phenological stage 'reproductive' to 'mature' on 1984-09-13
[2026-03-24 13:00:58,385][pcse.base.timer.Timer][INFO] - Reached end of simulation period as specified by END_DATE.
| train          | E: 71 | S: 17111 | R: -2.6605 | TR: 15.8611 | TF: 512 | LR: 0 | NR: 0 | D: 04.2 s | TD: 00.0 s | BR: -0.0102 | ALOSS: 15177.3661 | CLOSS: 2056518.6660 | TLOSS: -360.0178 | TVAL: 0.2595 | AENT: -1388.5120 | BCLOSS: 0.0000
[EPISODE DBG] episode=71 step=17111 pred_return=-2.898087 true_return=22.107560 total_feedback=512 labeled_feedback=0
[2026-03-24 13:00:58,390][pcse.agromanager.SoilCalendar][INFO] - Starting soil (oregon) with variation (oregon_1) on day 1984-02-01
[2026-03-24 13:00:58,392][pcse.agromanager.CropCalendar][INFO] - Starting crop (wheat) with variety (wheat_1) on day 1984-02-01
[2026-03-24 13:00:59,499][pcse.crop.phenology.Annual_Phenology][INFO] - Changed phenological stage 'emerging' to 'vegetative' on 1984-04-10
[2026-03-24 13:01:00,705][pcse.crop.phenology.Vernalisation][INFO] - Critical DVS for vernalization (VERNDVS) reached at day 1984-06-02, but vernalization requirements not yet fulfilled. Forcing vernalization now (VERN=47.688571).
[2026-03-24 13:01:00,721][pcse.crop.phenology.Vernalisation][INFO] - Critical DVS for vernalization (VERNDVS) reached at day 1984-06-03, but vernalization requirements not yet fulfilled. Forcing vernalization now (VERN=47.688571).
[2026-03-24 13:01:00,737][pcse.crop.phenology.Vernalisation][INFO] - Critical DVS for vernalization (VERNDVS) reached at day 1984-06-04, but vernalization requirements not yet fulfilled. Forcing vernalization now (VERN=47.688571).
[2026-03-24 13:01:00,752][pcse.crop.phenology.Vernalisation][INFO] - Critical DVS for vernalization (VERNDVS) reached at day 1984-06-05, but vernalization requirements not yet fulfilled. Forcing vernalization now (VERN=47.688571).
[2026-03-24 13:01:00,768][pcse.crop.phenology.Vernalisation][INFO] - Critical DVS for vernalization (VERNDVS) reached at day 1984-06-06, but vernalization requirements not yet fulfilled. Forcing vernalization now (VERN=47.688571).
[2026-03-24 13:01:00,783][pcse.crop.phenology.Vernalisation][INFO] - Critical DVS for vernalization (VERNDVS) reached at day 1984-06-07, but vernalization requirements not yet fulfilled. Forcing vernalization now (VERN=47.688571).
[2026-03-24 13:01:00,799][pcse.crop.phenology.Vernalisation][INFO] - Critical DVS for vernalization (VERNDVS) reached at day 1984-06-08, but vernalization requirements not yet fulfilled. Forcing vernalization now (VERN=47.688571).
[2026-03-24 13:01:00,814][pcse.crop.phenology.Vernalisation][INFO] - Critical DVS for vernalization (VERNDVS) reached at day 1984-06-09, but vernalization requirements not yet fulfilled. Forcing vernalization now (VERN=47.688571).
[2026-03-24 13:01:00,829][pcse.crop.phenology.Vernalisation][INFO] - Critical DVS for vernalization (VERNDVS) reached at day 1984-06-10, but vernalization requirements not yet fulfilled. Forcing vernalization now (VERN=47.688571).
[2026-03-24 13:01:00,844][pcse.crop.phenology.Vernalisation][INFO] - Critical DVS for vernalization (VERNDVS) reached at day 1984-06-11, but vernalization requirements not yet fulfilled. Forcing vernalization now (VERN=47.688571).
[2026-03-24 13:01:00,859][pcse.crop.phenology.Vernalisation][INFO] - Critical DVS for vernalization (VERNDVS) reached at day 1984-06-12, but vernalization requirements not yet fulfilled. Forcing vernalization now (VERN=47.688571).
[2026-03-24 13:01:00,875][pcse.crop.phenology.Vernalisation][INFO] - Critical DVS for vernalization (VERNDVS) reached at day 1984-06-13, but vernalization requirements not yet fulfilled. Forcing vernalization now (VERN=47.688571).
[2026-03-24 13:01:00,891][pcse.crop.phenology.Vernalisation][INFO] - Critical DVS for vernalization (VERNDVS) reached at day 1984-06-14, but vernalization requirements not yet fulfilled. Forcing vernalization now (VERN=47.688571).
[2026-03-24 13:01:00,906][pcse.crop.phenology.Vernalisation][INFO] - Critical DVS for vernalization (VERNDVS) reached at day 1984-06-15, but vernalization requirements not yet fulfilled. Forcing vernalization now (VERN=47.688571).
[2026-03-24 13:01:00,920][pcse.crop.phenology.Vernalisation][INFO] - Critical DVS for vernalization (VERNDVS) reached at day 1984-06-16, but vernalization requirements not yet fulfilled. Forcing vernalization now (VERN=47.688571).
[2026-03-24 13:01:00,937][pcse.crop.phenology.Vernalisation][INFO] - Critical DVS for vernalization (VERNDVS) reached at day 1984-06-17, but vernalization requirements not yet fulfilled. Forcing vernalization now (VERN=47.688571).
[2026-03-24 13:01:00,953][pcse.crop.phenology.Vernalisation][INFO] - Critical DVS for vernalization (VERNDVS) reached at day 1984-06-18, but vernalization requirements not yet fulfilled. Forcing vernalization now (VERN=47.688571).
[2026-03-24 13:01:00,968][pcse.crop.phenology.Vernalisation][INFO] - Critical DVS for vernalization (VERNDVS) reached at day 1984-06-19, but vernalization requirements not yet fulfilled. Forcing vernalization now (VERN=47.688571).
[2026-03-24 13:01:00,983][pcse.crop.phenology.Vernalisation][INFO] - Critical DVS for vernalization (VERNDVS) reached at day 1984-06-20, but vernalization requirements not yet fulfilled. Forcing vernalization now (VERN=47.688571).
[2026-03-24 13:01:00,999][pcse.crop.phenology.Vernalisation][INFO] - Critical DVS for vernalization (VERNDVS) reached at day 1984-06-21, but vernalization requirements not yet fulfilled. Forcing vernalization now (VERN=47.688571).
[2026-03-24 13:01:01,015][pcse.crop.phenology.Vernalisation][INFO] - Critical DVS for vernalization (VERNDVS) reached at day 1984-06-22, but vernalization requirements not yet fulfilled. Forcing vernalization now (VERN=47.688571).
[2026-03-24 13:01:01,030][pcse.crop.phenology.Vernalisation][INFO] - Critical DVS for vernalization (VERNDVS) reached at day 1984-06-23, but vernalization requirements not yet fulfilled. Forcing vernalization now (VERN=47.688571).
[2026-03-24 13:01:01,045][pcse.crop.phenology.Vernalisation][INFO] - Critical DVS for vernalization (VERNDVS) reached at day 1984-06-24, but vernalization requirements not yet fulfilled. Forcing vernalization now (VERN=47.688571).
[2026-03-24 13:01:01,059][pcse.crop.phenology.Vernalisation][INFO] - Critical DVS for vernalization (VERNDVS) reached at day 1984-06-25, but vernalization requirements not yet fulfilled. Forcing vernalization now (VERN=47.688571).
[2026-03-24 13:01:01,075][pcse.crop.phenology.Vernalisation][INFO] - Critical DVS for vernalization (VERNDVS) reached at day 1984-06-26, but vernalization requirements not yet fulfilled. Forcing vernalization now (VERN=47.688571).
[2026-03-24 13:01:01,091][pcse.crop.phenology.Vernalisation][INFO] - Critical DVS for vernalization (VERNDVS) reached at day 1984-06-27, but vernalization requirements not yet fulfilled. Forcing vernalization now (VERN=47.688571).
[2026-03-24 13:01:01,106][pcse.crop.phenology.Vernalisation][INFO] - Critical DVS for vernalization (VERNDVS) reached at day 1984-06-28, but vernalization requirements not yet fulfilled. Forcing vernalization now (VERN=47.688571).
[2026-03-24 13:01:01,120][pcse.crop.phenology.Vernalisation][INFO] - Critical DVS for vernalization (VERNDVS) reached at day 1984-06-29, but vernalization requirements not yet fulfilled. Forcing vernalization now (VERN=47.688571).
[2026-03-24 13:01:01,120][pcse.crop.phenology.Annual_Phenology][INFO] - Changed phenological stage 'vegetative' to 'reproductive' on 1984-06-29
[2026-03-24 13:01:02,263][pcse.crop.phenology.Annual_Phenology][INFO] - Changed phenological stage 'reproductive' to 'mature' on 1984-09-13
[2026-03-24 13:01:02,522][pcse.base.timer.Timer][INFO] - Reached end of simulation period as specified by END_DATE.
| train          | E: 72 | S: 17352 | R: -2.8981 | TR: 22.1076 | TF: 512 | LR: 0 | NR: 0 | D: 04.1 s | TD: 00.0 s | BR: -0.0102 | ALOSS: 15232.4467 | CLOSS: 2010286.8778 | TLOSS: -356.0706 | TVAL: 0.2682 | AENT: -1328.7833 | BCLOSS: 0.0000
[EPISODE DBG] episode=72 step=17352 pred_return=-2.818616 true_return=27.250778 total_feedback=512 labeled_feedback=0
[2026-03-24 13:01:02,527][pcse.agromanager.SoilCalendar][INFO] - Starting soil (oregon) with variation (oregon_1) on day 1984-02-01
[2026-03-24 13:01:02,529][pcse.agromanager.CropCalendar][INFO] - Starting crop (wheat) with variety (wheat_1) on day 1984-02-01
[2026-03-24 13:01:04,128][pcse.crop.phenology.Annual_Phenology][INFO] - Changed phenological stage 'emerging' to 'vegetative' on 1984-04-10
[2026-03-24 13:01:05,078][pcse.crop.phenology.Vernalisation][INFO] - Critical DVS for vernalization (VERNDVS) reached at day 1984-06-02, but vernalization requirements not yet fulfilled. Forcing vernalization now (VERN=47.688571).
[2026-03-24 13:01:05,096][pcse.crop.phenology.Vernalisation][INFO] - Critical DVS for vernalization (VERNDVS) reached at day 1984-06-03, but vernalization requirements not yet fulfilled. Forcing vernalization now (VERN=47.688571).
[2026-03-24 13:01:05,115][pcse.crop.phenology.Vernalisation][INFO] - Critical DVS for vernalization (VERNDVS) reached at day 1984-06-04, but vernalization requirements not yet fulfilled. Forcing vernalization now (VERN=47.688571).
[2026-03-24 13:01:05,134][pcse.crop.phenology.Vernalisation][INFO] - Critical DVS for vernalization (VERNDVS) reached at day 1984-06-05, but vernalization requirements not yet fulfilled. Forcing vernalization now (VERN=47.688571).
[2026-03-24 13:01:05,152][pcse.crop.phenology.Vernalisation][INFO] - Critical DVS for vernalization (VERNDVS) reached at day 1984-06-06, but vernalization requirements not yet fulfilled. Forcing vernalization now (VERN=47.688571).
[2026-03-24 13:01:05,170][pcse.crop.phenology.Vernalisation][INFO] - Critical DVS for vernalization (VERNDVS) reached at day 1984-06-07, but vernalization requirements not yet fulfilled. Forcing vernalization now (VERN=47.688571).
[2026-03-24 13:01:05,188][pcse.crop.phenology.Vernalisation][INFO] - Critical DVS for vernalization (VERNDVS) reached at day 1984-06-08, but vernalization requirements not yet fulfilled. Forcing vernalization now (VERN=47.688571).
[2026-03-24 13:01:05,206][pcse.crop.phenology.Vernalisation][INFO] - Critical DVS for vernalization (VERNDVS) reached at day 1984-06-09, but vernalization requirements not yet fulfilled. Forcing vernalization now (VERN=47.688571).
[2026-03-24 13:01:05,222][pcse.crop.phenology.Vernalisation][INFO] - Critical DVS for vernalization (VERNDVS) reached at day 1984-06-10, but vernalization requirements not yet fulfilled. Forcing vernalization now (VERN=47.688571).
[2026-03-24 13:01:05,238][pcse.crop.phenology.Vernalisation][INFO] - Critical DVS for vernalization (VERNDVS) reached at day 1984-06-11, but vernalization requirements not yet fulfilled. Forcing vernalization now (VERN=47.688571).
[2026-03-24 13:01:05,257][pcse.crop.phenology.Vernalisation][INFO] - Critical DVS for vernalization (VERNDVS) reached at day 1984-06-12, but vernalization requirements not yet fulfilled. Forcing vernalization now (VERN=47.688571).
[2026-03-24 13:01:05,274][pcse.crop.phenology.Vernalisation][INFO] - Critical DVS for vernalization (VERNDVS) reached at day 1984-06-13, but vernalization requirements not yet fulfilled. Forcing vernalization now (VERN=47.688571).
[2026-03-24 13:01:05,292][pcse.crop.phenology.Vernalisation][INFO] - Critical DVS for vernalization (VERNDVS) reached at day 1984-06-14, but vernalization requirements not yet fulfilled. Forcing vernalization now (VERN=47.688571).
[2026-03-24 13:01:05,309][pcse.crop.phenology.Vernalisation][INFO] - Critical DVS for vernalization (VERNDVS) reached at day 1984-06-15, but vernalization requirements not yet fulfilled. Forcing vernalization now (VERN=47.688571).
[2026-03-24 13:01:05,326][pcse.crop.phenology.Vernalisation][INFO] - Critical DVS for vernalization (VERNDVS) reached at day 1984-06-16, but vernalization requirements not yet fulfilled. Forcing vernalization now (VERN=47.688571).
[2026-03-24 13:01:05,341][pcse.crop.phenology.Vernalisation][INFO] - Critical DVS for vernalization (VERNDVS) reached at day 1984-06-17, but vernalization requirements not yet fulfilled. Forcing vernalization now (VERN=47.688571).
[2026-03-24 13:01:05,357][pcse.crop.phenology.Vernalisation][INFO] - Critical DVS for vernalization (VERNDVS) reached at day 1984-06-18, but vernalization requirements not yet fulfilled. Forcing vernalization now (VERN=47.688571).
[2026-03-24 13:01:05,372][pcse.crop.phenology.Vernalisation][INFO] - Critical DVS for vernalization (VERNDVS) reached at day 1984-06-19, but vernalization requirements not yet fulfilled. Forcing vernalization now (VERN=47.688571).
[2026-03-24 13:01:05,388][pcse.crop.phenology.Vernalisation][INFO] - Critical DVS for vernalization (VERNDVS) reached at day 1984-06-20, but vernalization requirements not yet fulfilled. Forcing vernalization now (VERN=47.688571).
[2026-03-24 13:01:05,404][pcse.crop.phenology.Vernalisation][INFO] - Critical DVS for vernalization (VERNDVS) reached at day 1984-06-21, but vernalization requirements not yet fulfilled. Forcing vernalization now (VERN=47.688571).
[2026-03-24 13:01:05,420][pcse.crop.phenology.Vernalisation][INFO] - Critical DVS for vernalization (VERNDVS) reached at day 1984-06-22, but vernalization requirements not yet fulfilled. Forcing vernalization now (VERN=47.688571).
[2026-03-24 13:01:05,436][pcse.crop.phenology.Vernalisation][INFO] - Critical DVS for vernalization (VERNDVS) reached at day 1984-06-23, but vernalization requirements not yet fulfilled. Forcing vernalization now (VERN=47.688571).
[2026-03-24 13:01:05,452][pcse.crop.phenology.Vernalisation][INFO] - Critical DVS for vernalization (VERNDVS) reached at day 1984-06-24, but vernalization requirements not yet fulfilled. Forcing vernalization now (VERN=47.688571).
[2026-03-24 13:01:05,467][pcse.crop.phenology.Vernalisation][INFO] - Critical DVS for vernalization (VERNDVS) reached at day 1984-06-25, but vernalization requirements not yet fulfilled. Forcing vernalization now (VERN=47.688571).
[2026-03-24 13:01:05,483][pcse.crop.phenology.Vernalisation][INFO] - Critical DVS for vernalization (VERNDVS) reached at day 1984-06-26, but vernalization requirements not yet fulfilled. Forcing vernalization now (VERN=47.688571).
[2026-03-24 13:01:05,499][pcse.crop.phenology.Vernalisation][INFO] - Critical DVS for vernalization (VERNDVS) reached at day 1984-06-27, but vernalization requirements not yet fulfilled. Forcing vernalization now (VERN=47.688571).
[2026-03-24 13:01:05,515][pcse.crop.phenology.Vernalisation][INFO] - Critical DVS for vernalization (VERNDVS) reached at day 1984-06-28, but vernalization requirements not yet fulfilled. Forcing vernalization now (VERN=47.688571).
[2026-03-24 13:01:05,531][pcse.crop.phenology.Vernalisation][INFO] - Critical DVS for vernalization (VERNDVS) reached at day 1984-06-29, but vernalization requirements not yet fulfilled. Forcing vernalization now (VERN=47.688571).
[2026-03-24 13:01:05,531][pcse.crop.phenology.Annual_Phenology][INFO] - Changed phenological stage 'vegetative' to 'reproductive' on 1984-06-29
[REPLAY DBG] post-agent-update step=17500 n=17500 mean=-0.010175 std=0.015259 min=-0.094720 max=0.013632
[STEP DBG] step=17500 env_reward=0.000000 r_hat=-0.001027 done=False
[NORM DBG] count=17500 mean_abs_mean=62525.089844 mean_std=9.243853 min_std=0.001000 max_std=69.519073
[2026-03-24 13:01:06,818][pcse.crop.phenology.Annual_Phenology][INFO] - Changed phenological stage 'reproductive' to 'mature' on 1984-09-13
[2026-03-24 13:01:07,104][pcse.base.timer.Timer][INFO] - Reached end of simulation period as specified by END_DATE.
| train          | E: 73 | S: 17593 | R: -2.8186 | TR: 27.2508 | TF: 512 | LR: 0 | NR: 0 | D: 04.6 s | TD: 00.0 s | BR: -0.0102 | ALOSS: 15287.8413 | CLOSS: 2103867.1076 | TLOSS: -354.2260 | TVAL: 0.2760 | AENT: -1284.6424 | BCLOSS: 0.0000
[EPISODE DBG] episode=73 step=17593 pred_return=-3.031786 true_return=44.905043 total_feedback=512 labeled_feedback=0
[2026-03-24 13:01:07,111][pcse.agromanager.SoilCalendar][INFO] - Starting soil (oregon) with variation (oregon_1) on day 1984-02-01
[2026-03-24 13:01:07,113][pcse.agromanager.CropCalendar][INFO] - Starting crop (wheat) with variety (wheat_1) on day 1984-02-01
[2026-03-24 13:01:08,784][pcse.crop.phenology.Annual_Phenology][INFO] - Changed phenological stage 'emerging' to 'vegetative' on 1984-04-10
[2026-03-24 13:01:09,705][pcse.crop.phenology.Vernalisation][INFO] - Critical DVS for vernalization (VERNDVS) reached at day 1984-06-02, but vernalization requirements not yet fulfilled. Forcing vernalization now (VERN=47.688571).
[2026-03-24 13:01:09,721][pcse.crop.phenology.Vernalisation][INFO] - Critical DVS for vernalization (VERNDVS) reached at day 1984-06-03, but vernalization requirements not yet fulfilled. Forcing vernalization now (VERN=47.688571).
[2026-03-24 13:01:09,740][pcse.crop.phenology.Vernalisation][INFO] - Critical DVS for vernalization (VERNDVS) reached at day 1984-06-04, but vernalization requirements not yet fulfilled. Forcing vernalization now (VERN=47.688571).
[2026-03-24 13:01:09,758][pcse.crop.phenology.Vernalisation][INFO] - Critical DVS for vernalization (VERNDVS) reached at day 1984-06-05, but vernalization requirements not yet fulfilled. Forcing vernalization now (VERN=47.688571).
[2026-03-24 13:01:09,775][pcse.crop.phenology.Vernalisation][INFO] - Critical DVS for vernalization (VERNDVS) reached at day 1984-06-06, but vernalization requirements not yet fulfilled. Forcing vernalization now (VERN=47.688571).
[2026-03-24 13:01:09,793][pcse.crop.phenology.Vernalisation][INFO] - Critical DVS for vernalization (VERNDVS) reached at day 1984-06-07, but vernalization requirements not yet fulfilled. Forcing vernalization now (VERN=47.688571).
[2026-03-24 13:01:09,810][pcse.crop.phenology.Vernalisation][INFO] - Critical DVS for vernalization (VERNDVS) reached at day 1984-06-08, but vernalization requirements not yet fulfilled. Forcing vernalization now (VERN=47.688571).
[2026-03-24 13:01:09,828][pcse.crop.phenology.Vernalisation][INFO] - Critical DVS for vernalization (VERNDVS) reached at day 1984-06-09, but vernalization requirements not yet fulfilled. Forcing vernalization now (VERN=47.688571).
[2026-03-24 13:01:09,848][pcse.crop.phenology.Vernalisation][INFO] - Critical DVS for vernalization (VERNDVS) reached at day 1984-06-10, but vernalization requirements not yet fulfilled. Forcing vernalization now (VERN=47.688571).
[2026-03-24 13:01:09,866][pcse.crop.phenology.Vernalisation][INFO] - Critical DVS for vernalization (VERNDVS) reached at day 1984-06-11, but vernalization requirements not yet fulfilled. Forcing vernalization now (VERN=47.688571).
[2026-03-24 13:01:09,883][pcse.crop.phenology.Vernalisation][INFO] - Critical DVS for vernalization (VERNDVS) reached at day 1984-06-12, but vernalization requirements not yet fulfilled. Forcing vernalization now (VERN=47.688571).
[2026-03-24 13:01:09,900][pcse.crop.phenology.Vernalisation][INFO] - Critical DVS for vernalization (VERNDVS) reached at day 1984-06-13, but vernalization requirements not yet fulfilled. Forcing vernalization now (VERN=47.688571).
[2026-03-24 13:01:09,918][pcse.crop.phenology.Vernalisation][INFO] - Critical DVS for vernalization (VERNDVS) reached at day 1984-06-14, but vernalization requirements not yet fulfilled. Forcing vernalization now (VERN=47.688571).
[2026-03-24 13:01:09,936][pcse.crop.phenology.Vernalisation][INFO] - Critical DVS for vernalization (VERNDVS) reached at day 1984-06-15, but vernalization requirements not yet fulfilled. Forcing vernalization now (VERN=47.688571).
[2026-03-24 13:01:09,954][pcse.crop.phenology.Vernalisation][INFO] - Critical DVS for vernalization (VERNDVS) reached at day 1984-06-16, but vernalization requirements not yet fulfilled. Forcing vernalization now (VERN=47.688571).
[2026-03-24 13:01:09,972][pcse.crop.phenology.Vernalisation][INFO] - Critical DVS for vernalization (VERNDVS) reached at day 1984-06-17, but vernalization requirements not yet fulfilled. Forcing vernalization now (VERN=47.688571).
[2026-03-24 13:01:09,990][pcse.crop.phenology.Vernalisation][INFO] - Critical DVS for vernalization (VERNDVS) reached at day 1984-06-18, but vernalization requirements not yet fulfilled. Forcing vernalization now (VERN=47.688571).
[2026-03-24 13:01:10,009][pcse.crop.phenology.Vernalisation][INFO] - Critical DVS for vernalization (VERNDVS) reached at day 1984-06-19, but vernalization requirements not yet fulfilled. Forcing vernalization now (VERN=47.688571).
[2026-03-24 13:01:10,027][pcse.crop.phenology.Vernalisation][INFO] - Critical DVS for vernalization (VERNDVS) reached at day 1984-06-20, but vernalization requirements not yet fulfilled. Forcing vernalization now (VERN=47.688571).
[2026-03-24 13:01:10,046][pcse.crop.phenology.Vernalisation][INFO] - Critical DVS for vernalization (VERNDVS) reached at day 1984-06-21, but vernalization requirements not yet fulfilled. Forcing vernalization now (VERN=47.688571).
[2026-03-24 13:01:10,064][pcse.crop.phenology.Vernalisation][INFO] - Critical DVS for vernalization (VERNDVS) reached at day 1984-06-22, but vernalization requirements not yet fulfilled. Forcing vernalization now (VERN=47.688571).
[2026-03-24 13:01:10,082][pcse.crop.phenology.Vernalisation][INFO] - Critical DVS for vernalization (VERNDVS) reached at day 1984-06-23, but vernalization requirements not yet fulfilled. Forcing vernalization now (VERN=47.688571).
[2026-03-24 13:01:10,101][pcse.crop.phenology.Vernalisation][INFO] - Critical DVS for vernalization (VERNDVS) reached at day 1984-06-24, but vernalization requirements not yet fulfilled. Forcing vernalization now (VERN=47.688571).
[2026-03-24 13:01:10,121][pcse.crop.phenology.Vernalisation][INFO] - Critical DVS for vernalization (VERNDVS) reached at day 1984-06-25, but vernalization requirements not yet fulfilled. Forcing vernalization now (VERN=47.688571).
[2026-03-24 13:01:10,139][pcse.crop.phenology.Vernalisation][INFO] - Critical DVS for vernalization (VERNDVS) reached at day 1984-06-26, but vernalization requirements not yet fulfilled. Forcing vernalization now (VERN=47.688571).
[2026-03-24 13:01:10,157][pcse.crop.phenology.Vernalisation][INFO] - Critical DVS for vernalization (VERNDVS) reached at day 1984-06-27, but vernalization requirements not yet fulfilled. Forcing vernalization now (VERN=47.688571).
[2026-03-24 13:01:10,176][pcse.crop.phenology.Vernalisation][INFO] - Critical DVS for vernalization (VERNDVS) reached at day 1984-06-28, but vernalization requirements not yet fulfilled. Forcing vernalization now (VERN=47.688571).
[2026-03-24 13:01:10,194][pcse.crop.phenology.Vernalisation][INFO] - Critical DVS for vernalization (VERNDVS) reached at day 1984-06-29, but vernalization requirements not yet fulfilled. Forcing vernalization now (VERN=47.688571).
[2026-03-24 13:01:10,194][pcse.crop.phenology.Annual_Phenology][INFO] - Changed phenological stage 'vegetative' to 'reproductive' on 1984-06-29
[2026-03-24 13:01:11,921][pcse.crop.phenology.Annual_Phenology][INFO] - Changed phenological stage 'reproductive' to 'mature' on 1984-09-13
[2026-03-24 13:01:12,231][pcse.base.timer.Timer][INFO] - Reached end of simulation period as specified by END_DATE.
| train          | E: 74 | S: 17834 | R: -3.0318 | TR: 44.9050 | TF: 512 | LR: 0 | NR: 0 | D: 05.1 s | TD: 00.0 s | BR: -0.0102 | ALOSS: 15307.8991 | CLOSS: 2458510.4505 | TLOSS: -322.2944 | TVAL: 0.2831 | AENT: -1140.1123 | BCLOSS: 0.0000
[EPISODE DBG] episode=74 step=17834 pred_return=-2.905388 true_return=33.183645 total_feedback=512 labeled_feedback=0
[2026-03-24 13:01:12,238][pcse.agromanager.SoilCalendar][INFO] - Starting soil (oregon) with variation (oregon_1) on day 1984-02-01
[2026-03-24 13:01:12,241][pcse.agromanager.CropCalendar][INFO] - Starting crop (wheat) with variety (wheat_1) on day 1984-02-01
[2026-03-24 13:01:13,575][pcse.crop.phenology.Annual_Phenology][INFO] - Changed phenological stage 'emerging' to 'vegetative' on 1984-04-10
[2026-03-24 13:01:14,463][pcse.crop.phenology.Vernalisation][INFO] - Critical DVS for vernalization (VERNDVS) reached at day 1984-06-02, but vernalization requirements not yet fulfilled. Forcing vernalization now (VERN=47.688571).
[2026-03-24 13:01:14,479][pcse.crop.phenology.Vernalisation][INFO] - Critical DVS for vernalization (VERNDVS) reached at day 1984-06-03, but vernalization requirements not yet fulfilled. Forcing vernalization now (VERN=47.688571).
[2026-03-24 13:01:14,497][pcse.crop.phenology.Vernalisation][INFO] - Critical DVS for vernalization (VERNDVS) reached at day 1984-06-04, but vernalization requirements not yet fulfilled. Forcing vernalization now (VERN=47.688571).
[2026-03-24 13:01:14,513][pcse.crop.phenology.Vernalisation][INFO] - Critical DVS for vernalization (VERNDVS) reached at day 1984-06-05, but vernalization requirements not yet fulfilled. Forcing vernalization now (VERN=47.688571).
[2026-03-24 13:01:14,530][pcse.crop.phenology.Vernalisation][INFO] - Critical DVS for vernalization (VERNDVS) reached at day 1984-06-06, but vernalization requirements not yet fulfilled. Forcing vernalization now (VERN=47.688571).
[2026-03-24 13:01:14,546][pcse.crop.phenology.Vernalisation][INFO] - Critical DVS for vernalization (VERNDVS) reached at day 1984-06-07, but vernalization requirements not yet fulfilled. Forcing vernalization now (VERN=47.688571).
[2026-03-24 13:01:14,563][pcse.crop.phenology.Vernalisation][INFO] - Critical DVS for vernalization (VERNDVS) reached at day 1984-06-08, but vernalization requirements not yet fulfilled. Forcing vernalization now (VERN=47.688571).
[2026-03-24 13:01:14,580][pcse.crop.phenology.Vernalisation][INFO] - Critical DVS for vernalization (VERNDVS) reached at day 1984-06-09, but vernalization requirements not yet fulfilled. Forcing vernalization now (VERN=47.688571).
[2026-03-24 13:01:14,598][pcse.crop.phenology.Vernalisation][INFO] - Critical DVS for vernalization (VERNDVS) reached at day 1984-06-10, but vernalization requirements not yet fulfilled. Forcing vernalization now (VERN=47.688571).
[2026-03-24 13:01:14,616][pcse.crop.phenology.Vernalisation][INFO] - Critical DVS for vernalization (VERNDVS) reached at day 1984-06-11, but vernalization requirements not yet fulfilled. Forcing vernalization now (VERN=47.688571).
[2026-03-24 13:01:14,633][pcse.crop.phenology.Vernalisation][INFO] - Critical DVS for vernalization (VERNDVS) reached at day 1984-06-12, but vernalization requirements not yet fulfilled. Forcing vernalization now (VERN=47.688571).
[2026-03-24 13:01:14,651][pcse.crop.phenology.Vernalisation][INFO] - Critical DVS for vernalization (VERNDVS) reached at day 1984-06-13, but vernalization requirements not yet fulfilled. Forcing vernalization now (VERN=47.688571).
[2026-03-24 13:01:14,668][pcse.crop.phenology.Vernalisation][INFO] - Critical DVS for vernalization (VERNDVS) reached at day 1984-06-14, but vernalization requirements not yet fulfilled. Forcing vernalization now (VERN=47.688571).
[2026-03-24 13:01:14,686][pcse.crop.phenology.Vernalisation][INFO] - Critical DVS for vernalization (VERNDVS) reached at day 1984-06-15, but vernalization requirements not yet fulfilled. Forcing vernalization now (VERN=47.688571).
[2026-03-24 13:01:14,704][pcse.crop.phenology.Vernalisation][INFO] - Critical DVS for vernalization (VERNDVS) reached at day 1984-06-16, but vernalization requirements not yet fulfilled. Forcing vernalization now (VERN=47.688571).
[2026-03-24 13:01:14,721][pcse.crop.phenology.Vernalisation][INFO] - Critical DVS for vernalization (VERNDVS) reached at day 1984-06-17, but vernalization requirements not yet fulfilled. Forcing vernalization now (VERN=47.688571).
[2026-03-24 13:01:14,739][pcse.crop.phenology.Vernalisation][INFO] - Critical DVS for vernalization (VERNDVS) reached at day 1984-06-18, but vernalization requirements not yet fulfilled. Forcing vernalization now (VERN=47.688571).
[2026-03-24 13:01:14,757][pcse.crop.phenology.Vernalisation][INFO] - Critical DVS for vernalization (VERNDVS) reached at day 1984-06-19, but vernalization requirements not yet fulfilled. Forcing vernalization now (VERN=47.688571).
[2026-03-24 13:01:14,774][pcse.crop.phenology.Vernalisation][INFO] - Critical DVS for vernalization (VERNDVS) reached at day 1984-06-20, but vernalization requirements not yet fulfilled. Forcing vernalization now (VERN=47.688571).
[2026-03-24 13:01:14,792][pcse.crop.phenology.Vernalisation][INFO] - Critical DVS for vernalization (VERNDVS) reached at day 1984-06-21, but vernalization requirements not yet fulfilled. Forcing vernalization now (VERN=47.688571).
[2026-03-24 13:01:14,809][pcse.crop.phenology.Vernalisation][INFO] - Critical DVS for vernalization (VERNDVS) reached at day 1984-06-22, but vernalization requirements not yet fulfilled. Forcing vernalization now (VERN=47.688571).
[2026-03-24 13:01:14,827][pcse.crop.phenology.Vernalisation][INFO] - Critical DVS for vernalization (VERNDVS) reached at day 1984-06-23, but vernalization requirements not yet fulfilled. Forcing vernalization now (VERN=47.688571).
[2026-03-24 13:01:14,845][pcse.crop.phenology.Vernalisation][INFO] - Critical DVS for vernalization (VERNDVS) reached at day 1984-06-24, but vernalization requirements not yet fulfilled. Forcing vernalization now (VERN=47.688571).
[2026-03-24 13:01:14,863][pcse.crop.phenology.Vernalisation][INFO] - Critical DVS for vernalization (VERNDVS) reached at day 1984-06-25, but vernalization requirements not yet fulfilled. Forcing vernalization now (VERN=47.688571).
[2026-03-24 13:01:14,880][pcse.crop.phenology.Vernalisation][INFO] - Critical DVS for vernalization (VERNDVS) reached at day 1984-06-26, but vernalization requirements not yet fulfilled. Forcing vernalization now (VERN=47.688571).
[2026-03-24 13:01:14,898][pcse.crop.phenology.Vernalisation][INFO] - Critical DVS for vernalization (VERNDVS) reached at day 1984-06-27, but vernalization requirements not yet fulfilled. Forcing vernalization now (VERN=47.688571).
[2026-03-24 13:01:14,915][pcse.crop.phenology.Vernalisation][INFO] - Critical DVS for vernalization (VERNDVS) reached at day 1984-06-28, but vernalization requirements not yet fulfilled. Forcing vernalization now (VERN=47.688571).
[2026-03-24 13:01:14,933][pcse.crop.phenology.Vernalisation][INFO] - Critical DVS for vernalization (VERNDVS) reached at day 1984-06-29, but vernalization requirements not yet fulfilled. Forcing vernalization now (VERN=47.688571).
[2026-03-24 13:01:14,933][pcse.crop.phenology.Annual_Phenology][INFO] - Changed phenological stage 'vegetative' to 'reproductive' on 1984-06-29
[REPLAY DBG] post-agent-update step=18000 n=18000 mean=-0.010225 std=0.015261 min=-0.094720 max=0.013632
[STEP DBG] step=18000 env_reward=0.347387 r_hat=-0.004470 done=False
[NORM DBG] count=18000 mean_abs_mean=62525.097656 mean_std=9.241518 min_std=0.001000 max_std=69.495674
[2026-03-24 13:01:16,515][pcse.crop.phenology.Annual_Phenology][INFO] - Changed phenological stage 'reproductive' to 'mature' on 1984-09-13
[2026-03-24 13:01:16,779][pcse.base.timer.Timer][INFO] - Reached end of simulation period as specified by END_DATE.
| train          | E: 75 | S: 18075 | R: -2.9054 | TR: 33.1836 | TF: 512 | LR: 0 | NR: 0 | D: 04.5 s | TD: 00.0 s | BR: -0.0103 | ALOSS: 15436.0223 | CLOSS: 3604379.5422 | TLOSS: -304.5436 | TVAL: 0.2892 | AENT: -1053.8758 | BCLOSS: 0.0000
[EPISODE DBG] episode=75 step=18075 pred_return=-2.861677 true_return=31.873154 total_feedback=512 labeled_feedback=0
[2026-03-24 13:01:16,784][pcse.agromanager.SoilCalendar][INFO] - Starting soil (oregon) with variation (oregon_1) on day 1984-02-01
[2026-03-24 13:01:16,786][pcse.agromanager.CropCalendar][INFO] - Starting crop (wheat) with variety (wheat_1) on day 1984-02-01
[2026-03-24 13:01:17,960][pcse.crop.phenology.Annual_Phenology][INFO] - Changed phenological stage 'emerging' to 'vegetative' on 1984-04-10
[2026-03-24 13:01:18,899][pcse.crop.phenology.Vernalisation][INFO] - Critical DVS for vernalization (VERNDVS) reached at day 1984-06-02, but vernalization requirements not yet fulfilled. Forcing vernalization now (VERN=47.688571).
[2026-03-24 13:01:18,916][pcse.crop.phenology.Vernalisation][INFO] - Critical DVS for vernalization (VERNDVS) reached at day 1984-06-03, but vernalization requirements not yet fulfilled. Forcing vernalization now (VERN=47.688571).
[2026-03-24 13:01:18,932][pcse.crop.phenology.Vernalisation][INFO] - Critical DVS for vernalization (VERNDVS) reached at day 1984-06-04, but vernalization requirements not yet fulfilled. Forcing vernalization now (VERN=47.688571).
[2026-03-24 13:01:18,948][pcse.crop.phenology.Vernalisation][INFO] - Critical DVS for vernalization (VERNDVS) reached at day 1984-06-05, but vernalization requirements not yet fulfilled. Forcing vernalization now (VERN=47.688571).
[2026-03-24 13:01:18,964][pcse.crop.phenology.Vernalisation][INFO] - Critical DVS for vernalization (VERNDVS) reached at day 1984-06-06, but vernalization requirements not yet fulfilled. Forcing vernalization now (VERN=47.688571).
[2026-03-24 13:01:19,303][pcse.crop.phenology.Vernalisation][INFO] - Critical DVS for vernalization (VERNDVS) reached at day 1984-06-07, but vernalization requirements not yet fulfilled. Forcing vernalization now (VERN=47.688571).
[2026-03-24 13:01:19,335][pcse.crop.phenology.Vernalisation][INFO] - Critical DVS for vernalization (VERNDVS) reached at day 1984-06-08, but vernalization requirements not yet fulfilled. Forcing vernalization now (VERN=47.688571).
[2026-03-24 13:01:19,361][pcse.crop.phenology.Vernalisation][INFO] - Critical DVS for vernalization (VERNDVS) reached at day 1984-06-09, but vernalization requirements not yet fulfilled. Forcing vernalization now (VERN=47.688571).
[2026-03-24 13:01:19,387][pcse.crop.phenology.Vernalisation][INFO] - Critical DVS for vernalization (VERNDVS) reached at day 1984-06-10, but vernalization requirements not yet fulfilled. Forcing vernalization now (VERN=47.688571).
[2026-03-24 13:01:19,404][pcse.crop.phenology.Vernalisation][INFO] - Critical DVS for vernalization (VERNDVS) reached at day 1984-06-11, but vernalization requirements not yet fulfilled. Forcing vernalization now (VERN=47.688571).
[2026-03-24 13:01:19,422][pcse.crop.phenology.Vernalisation][INFO] - Critical DVS for vernalization (VERNDVS) reached at day 1984-06-12, but vernalization requirements not yet fulfilled. Forcing vernalization now (VERN=47.688571).
[2026-03-24 13:01:19,438][pcse.crop.phenology.Vernalisation][INFO] - Critical DVS for vernalization (VERNDVS) reached at day 1984-06-13, but vernalization requirements not yet fulfilled. Forcing vernalization now (VERN=47.688571).
[2026-03-24 13:01:19,454][pcse.crop.phenology.Vernalisation][INFO] - Critical DVS for vernalization (VERNDVS) reached at day 1984-06-14, but vernalization requirements not yet fulfilled. Forcing vernalization now (VERN=47.688571).
[2026-03-24 13:01:19,471][pcse.crop.phenology.Vernalisation][INFO] - Critical DVS for vernalization (VERNDVS) reached at day 1984-06-15, but vernalization requirements not yet fulfilled. Forcing vernalization now (VERN=47.688571).
[2026-03-24 13:01:19,487][pcse.crop.phenology.Vernalisation][INFO] - Critical DVS for vernalization (VERNDVS) reached at day 1984-06-16, but vernalization requirements not yet fulfilled. Forcing vernalization now (VERN=47.688571).
[2026-03-24 13:01:19,504][pcse.crop.phenology.Vernalisation][INFO] - Critical DVS for vernalization (VERNDVS) reached at day 1984-06-17, but vernalization requirements not yet fulfilled. Forcing vernalization now (VERN=47.688571).
[2026-03-24 13:01:19,521][pcse.crop.phenology.Vernalisation][INFO] - Critical DVS for vernalization (VERNDVS) reached at day 1984-06-18, but vernalization requirements not yet fulfilled. Forcing vernalization now (VERN=47.688571).
[2026-03-24 13:01:19,538][pcse.crop.phenology.Vernalisation][INFO] - Critical DVS for vernalization (VERNDVS) reached at day 1984-06-19, but vernalization requirements not yet fulfilled. Forcing vernalization now (VERN=47.688571).
[2026-03-24 13:01:19,552][pcse.crop.phenology.Vernalisation][INFO] - Critical DVS for vernalization (VERNDVS) reached at day 1984-06-20, but vernalization requirements not yet fulfilled. Forcing vernalization now (VERN=47.688571).
[2026-03-24 13:01:19,566][pcse.crop.phenology.Vernalisation][INFO] - Critical DVS for vernalization (VERNDVS) reached at day 1984-06-21, but vernalization requirements not yet fulfilled. Forcing vernalization now (VERN=47.688571).
[2026-03-24 13:01:19,580][pcse.crop.phenology.Vernalisation][INFO] - Critical DVS for vernalization (VERNDVS) reached at day 1984-06-22, but vernalization requirements not yet fulfilled. Forcing vernalization now (VERN=47.688571).
[2026-03-24 13:01:19,594][pcse.crop.phenology.Vernalisation][INFO] - Critical DVS for vernalization (VERNDVS) reached at day 1984-06-23, but vernalization requirements not yet fulfilled. Forcing vernalization now (VERN=47.688571).
[2026-03-24 13:01:19,607][pcse.crop.phenology.Vernalisation][INFO] - Critical DVS for vernalization (VERNDVS) reached at day 1984-06-24, but vernalization requirements not yet fulfilled. Forcing vernalization now (VERN=47.688571).
[2026-03-24 13:01:19,621][pcse.crop.phenology.Vernalisation][INFO] - Critical DVS for vernalization (VERNDVS) reached at day 1984-06-25, but vernalization requirements not yet fulfilled. Forcing vernalization now (VERN=47.688571).
[2026-03-24 13:01:19,635][pcse.crop.phenology.Vernalisation][INFO] - Critical DVS for vernalization (VERNDVS) reached at day 1984-06-26, but vernalization requirements not yet fulfilled. Forcing vernalization now (VERN=47.688571).
[2026-03-24 13:01:19,649][pcse.crop.phenology.Vernalisation][INFO] - Critical DVS for vernalization (VERNDVS) reached at day 1984-06-27, but vernalization requirements not yet fulfilled. Forcing vernalization now (VERN=47.688571).
[2026-03-24 13:01:19,663][pcse.crop.phenology.Vernalisation][INFO] - Critical DVS for vernalization (VERNDVS) reached at day 1984-06-28, but vernalization requirements not yet fulfilled. Forcing vernalization now (VERN=47.688571).
[2026-03-24 13:01:19,676][pcse.crop.phenology.Vernalisation][INFO] - Critical DVS for vernalization (VERNDVS) reached at day 1984-06-29, but vernalization requirements not yet fulfilled. Forcing vernalization now (VERN=47.688571).
[2026-03-24 13:01:19,677][pcse.crop.phenology.Annual_Phenology][INFO] - Changed phenological stage 'vegetative' to 'reproductive' on 1984-06-29
[2026-03-24 13:01:20,808][pcse.crop.phenology.Annual_Phenology][INFO] - Changed phenological stage 'reproductive' to 'mature' on 1984-09-13
[2026-03-24 13:01:21,066][pcse.base.timer.Timer][INFO] - Reached end of simulation period as specified by END_DATE.
| train          | E: 76 | S: 18316 | R: -2.8617 | TR: 31.8732 | TF: 512 | LR: 0 | NR: 0 | D: 04.3 s | TD: 00.0 s | BR: -0.0102 | ALOSS: 15362.4796 | CLOSS: 2879426.7156 | TLOSS: -297.8413 | TVAL: 0.2953 | AENT: -1009.5488 | BCLOSS: 0.0000
[EPISODE DBG] episode=76 step=18316 pred_return=-2.636986 true_return=6.635810 total_feedback=512 labeled_feedback=0
[2026-03-24 13:01:21,071][pcse.agromanager.SoilCalendar][INFO] - Starting soil (oregon) with variation (oregon_1) on day 1984-02-01
[2026-03-24 13:01:21,073][pcse.agromanager.CropCalendar][INFO] - Starting crop (wheat) with variety (wheat_1) on day 1984-02-01
[2026-03-24 13:01:22,269][pcse.crop.phenology.Annual_Phenology][INFO] - Changed phenological stage 'emerging' to 'vegetative' on 1984-04-10
[2026-03-24 13:01:23,413][pcse.crop.phenology.Vernalisation][INFO] - Critical DVS for vernalization (VERNDVS) reached at day 1984-06-02, but vernalization requirements not yet fulfilled. Forcing vernalization now (VERN=47.688571).
[2026-03-24 13:01:23,429][pcse.crop.phenology.Vernalisation][INFO] - Critical DVS for vernalization (VERNDVS) reached at day 1984-06-03, but vernalization requirements not yet fulfilled. Forcing vernalization now (VERN=47.688571).
[2026-03-24 13:01:23,445][pcse.crop.phenology.Vernalisation][INFO] - Critical DVS for vernalization (VERNDVS) reached at day 1984-06-04, but vernalization requirements not yet fulfilled. Forcing vernalization now (VERN=47.688571).
[2026-03-24 13:01:23,461][pcse.crop.phenology.Vernalisation][INFO] - Critical DVS for vernalization (VERNDVS) reached at day 1984-06-05, but vernalization requirements not yet fulfilled. Forcing vernalization now (VERN=47.688571).
[2026-03-24 13:01:23,475][pcse.crop.phenology.Vernalisation][INFO] - Critical DVS for vernalization (VERNDVS) reached at day 1984-06-06, but vernalization requirements not yet fulfilled. Forcing vernalization now (VERN=47.688571).
[2026-03-24 13:01:23,490][pcse.crop.phenology.Vernalisation][INFO] - Critical DVS for vernalization (VERNDVS) reached at day 1984-06-07, but vernalization requirements not yet fulfilled. Forcing vernalization now (VERN=47.688571).
[2026-03-24 13:01:23,506][pcse.crop.phenology.Vernalisation][INFO] - Critical DVS for vernalization (VERNDVS) reached at day 1984-06-08, but vernalization requirements not yet fulfilled. Forcing vernalization now (VERN=47.688571).
[2026-03-24 13:01:23,521][pcse.crop.phenology.Vernalisation][INFO] - Critical DVS for vernalization (VERNDVS) reached at day 1984-06-09, but vernalization requirements not yet fulfilled. Forcing vernalization now (VERN=47.688571).
[2026-03-24 13:01:23,536][pcse.crop.phenology.Vernalisation][INFO] - Critical DVS for vernalization (VERNDVS) reached at day 1984-06-10, but vernalization requirements not yet fulfilled. Forcing vernalization now (VERN=47.688571).
[2026-03-24 13:01:23,552][pcse.crop.phenology.Vernalisation][INFO] - Critical DVS for vernalization (VERNDVS) reached at day 1984-06-11, but vernalization requirements not yet fulfilled. Forcing vernalization now (VERN=47.688571).
[2026-03-24 13:01:23,567][pcse.crop.phenology.Vernalisation][INFO] - Critical DVS for vernalization (VERNDVS) reached at day 1984-06-12, but vernalization requirements not yet fulfilled. Forcing vernalization now (VERN=47.688571).
[2026-03-24 13:01:23,583][pcse.crop.phenology.Vernalisation][INFO] - Critical DVS for vernalization (VERNDVS) reached at day 1984-06-13, but vernalization requirements not yet fulfilled. Forcing vernalization now (VERN=47.688571).
[2026-03-24 13:01:23,599][pcse.crop.phenology.Vernalisation][INFO] - Critical DVS for vernalization (VERNDVS) reached at day 1984-06-14, but vernalization requirements not yet fulfilled. Forcing vernalization now (VERN=47.688571).
[2026-03-24 13:01:23,614][pcse.crop.phenology.Vernalisation][INFO] - Critical DVS for vernalization (VERNDVS) reached at day 1984-06-15, but vernalization requirements not yet fulfilled. Forcing vernalization now (VERN=47.688571).
[2026-03-24 13:01:23,630][pcse.crop.phenology.Vernalisation][INFO] - Critical DVS for vernalization (VERNDVS) reached at day 1984-06-16, but vernalization requirements not yet fulfilled. Forcing vernalization now (VERN=47.688571).
[2026-03-24 13:01:23,646][pcse.crop.phenology.Vernalisation][INFO] - Critical DVS for vernalization (VERNDVS) reached at day 1984-06-17, but vernalization requirements not yet fulfilled. Forcing vernalization now (VERN=47.688571).
[2026-03-24 13:01:23,661][pcse.crop.phenology.Vernalisation][INFO] - Critical DVS for vernalization (VERNDVS) reached at day 1984-06-18, but vernalization requirements not yet fulfilled. Forcing vernalization now (VERN=47.688571).
[2026-03-24 13:01:23,677][pcse.crop.phenology.Vernalisation][INFO] - Critical DVS for vernalization (VERNDVS) reached at day 1984-06-19, but vernalization requirements not yet fulfilled. Forcing vernalization now (VERN=47.688571).
[2026-03-24 13:01:23,693][pcse.crop.phenology.Vernalisation][INFO] - Critical DVS for vernalization (VERNDVS) reached at day 1984-06-20, but vernalization requirements not yet fulfilled. Forcing vernalization now (VERN=47.688571).
[2026-03-24 13:01:23,709][pcse.crop.phenology.Vernalisation][INFO] - Critical DVS for vernalization (VERNDVS) reached at day 1984-06-21, but vernalization requirements not yet fulfilled. Forcing vernalization now (VERN=47.688571).
[2026-03-24 13:01:23,725][pcse.crop.phenology.Vernalisation][INFO] - Critical DVS for vernalization (VERNDVS) reached at day 1984-06-22, but vernalization requirements not yet fulfilled. Forcing vernalization now (VERN=47.688571).
[2026-03-24 13:01:23,740][pcse.crop.phenology.Vernalisation][INFO] - Critical DVS for vernalization (VERNDVS) reached at day 1984-06-23, but vernalization requirements not yet fulfilled. Forcing vernalization now (VERN=47.688571).
[2026-03-24 13:01:23,755][pcse.crop.phenology.Vernalisation][INFO] - Critical DVS for vernalization (VERNDVS) reached at day 1984-06-24, but vernalization requirements not yet fulfilled. Forcing vernalization now (VERN=47.688571).
[2026-03-24 13:01:23,771][pcse.crop.phenology.Vernalisation][INFO] - Critical DVS for vernalization (VERNDVS) reached at day 1984-06-25, but vernalization requirements not yet fulfilled. Forcing vernalization now (VERN=47.688571).
[2026-03-24 13:01:23,785][pcse.crop.phenology.Vernalisation][INFO] - Critical DVS for vernalization (VERNDVS) reached at day 1984-06-26, but vernalization requirements not yet fulfilled. Forcing vernalization now (VERN=47.688571).
[2026-03-24 13:01:23,801][pcse.crop.phenology.Vernalisation][INFO] - Critical DVS for vernalization (VERNDVS) reached at day 1984-06-27, but vernalization requirements not yet fulfilled. Forcing vernalization now (VERN=47.688571).
[2026-03-24 13:01:23,817][pcse.crop.phenology.Vernalisation][INFO] - Critical DVS for vernalization (VERNDVS) reached at day 1984-06-28, but vernalization requirements not yet fulfilled. Forcing vernalization now (VERN=47.688571).
[2026-03-24 13:01:23,833][pcse.crop.phenology.Vernalisation][INFO] - Critical DVS for vernalization (VERNDVS) reached at day 1984-06-29, but vernalization requirements not yet fulfilled. Forcing vernalization now (VERN=47.688571).
[2026-03-24 13:01:23,833][pcse.crop.phenology.Annual_Phenology][INFO] - Changed phenological stage 'vegetative' to 'reproductive' on 1984-06-29
[REPLAY DBG] post-agent-update step=18500 n=18500 mean=-0.010237 std=0.015263 min=-0.094720 max=0.013632
[STEP DBG] step=18500 env_reward=0.160324 r_hat=0.007056 done=False
[NORM DBG] count=18500 mean_abs_mean=62525.105469 mean_std=9.239569 min_std=0.001000 max_std=69.485069
[2026-03-24 13:01:25,023][pcse.crop.phenology.Annual_Phenology][INFO] - Changed phenological stage 'reproductive' to 'mature' on 1984-09-13
[2026-03-24 13:01:25,299][pcse.base.timer.Timer][INFO] - Reached end of simulation period as specified by END_DATE.
| train          | E: 77 | S: 18557 | R: -2.6370 | TR: 6.6358 | TF: 512 | LR: 0 | NR: 0 | D: 04.2 s | TD: 00.0 s | BR: -0.0103 | ALOSS: 15381.0925 | CLOSS: 2628083.8838 | TLOSS: -297.3844 | TVAL: 0.3014 | AENT: -987.8001 | BCLOSS: 0.0000
[EPISODE DBG] episode=77 step=18557 pred_return=-2.537276 true_return=13.715312 total_feedback=512 labeled_feedback=0
[2026-03-24 13:01:25,304][pcse.agromanager.SoilCalendar][INFO] - Starting soil (oregon) with variation (oregon_1) on day 1984-02-01
[2026-03-24 13:01:25,305][pcse.agromanager.CropCalendar][INFO] - Starting crop (wheat) with variety (wheat_1) on day 1984-02-01
[2026-03-24 13:01:26,768][pcse.crop.phenology.Annual_Phenology][INFO] - Changed phenological stage 'emerging' to 'vegetative' on 1984-04-10
[2026-03-24 13:01:27,546][pcse.crop.phenology.Vernalisation][INFO] - Critical DVS for vernalization (VERNDVS) reached at day 1984-06-02, but vernalization requirements not yet fulfilled. Forcing vernalization now (VERN=47.688571).
[2026-03-24 13:01:27,561][pcse.crop.phenology.Vernalisation][INFO] - Critical DVS for vernalization (VERNDVS) reached at day 1984-06-03, but vernalization requirements not yet fulfilled. Forcing vernalization now (VERN=47.688571).
[2026-03-24 13:01:27,575][pcse.crop.phenology.Vernalisation][INFO] - Critical DVS for vernalization (VERNDVS) reached at day 1984-06-04, but vernalization requirements not yet fulfilled. Forcing vernalization now (VERN=47.688571).
[2026-03-24 13:01:27,589][pcse.crop.phenology.Vernalisation][INFO] - Critical DVS for vernalization (VERNDVS) reached at day 1984-06-05, but vernalization requirements not yet fulfilled. Forcing vernalization now (VERN=47.688571).
[2026-03-24 13:01:27,603][pcse.crop.phenology.Vernalisation][INFO] - Critical DVS for vernalization (VERNDVS) reached at day 1984-06-06, but vernalization requirements not yet fulfilled. Forcing vernalization now (VERN=47.688571).
[2026-03-24 13:01:27,617][pcse.crop.phenology.Vernalisation][INFO] - Critical DVS for vernalization (VERNDVS) reached at day 1984-06-07, but vernalization requirements not yet fulfilled. Forcing vernalization now (VERN=47.688571).
[2026-03-24 13:01:27,631][pcse.crop.phenology.Vernalisation][INFO] - Critical DVS for vernalization (VERNDVS) reached at day 1984-06-08, but vernalization requirements not yet fulfilled. Forcing vernalization now (VERN=47.688571).
[2026-03-24 13:01:27,646][pcse.crop.phenology.Vernalisation][INFO] - Critical DVS for vernalization (VERNDVS) reached at day 1984-06-09, but vernalization requirements not yet fulfilled. Forcing vernalization now (VERN=47.688571).
[2026-03-24 13:01:27,660][pcse.crop.phenology.Vernalisation][INFO] - Critical DVS for vernalization (VERNDVS) reached at day 1984-06-10, but vernalization requirements not yet fulfilled. Forcing vernalization now (VERN=47.688571).
[2026-03-24 13:01:27,674][pcse.crop.phenology.Vernalisation][INFO] - Critical DVS for vernalization (VERNDVS) reached at day 1984-06-11, but vernalization requirements not yet fulfilled. Forcing vernalization now (VERN=47.688571).
[2026-03-24 13:01:27,688][pcse.crop.phenology.Vernalisation][INFO] - Critical DVS for vernalization (VERNDVS) reached at day 1984-06-12, but vernalization requirements not yet fulfilled. Forcing vernalization now (VERN=47.688571).
[2026-03-24 13:01:27,702][pcse.crop.phenology.Vernalisation][INFO] - Critical DVS for vernalization (VERNDVS) reached at day 1984-06-13, but vernalization requirements not yet fulfilled. Forcing vernalization now (VERN=47.688571).
[2026-03-24 13:01:27,716][pcse.crop.phenology.Vernalisation][INFO] - Critical DVS for vernalization (VERNDVS) reached at day 1984-06-14, but vernalization requirements not yet fulfilled. Forcing vernalization now (VERN=47.688571).
[2026-03-24 13:01:27,732][pcse.crop.phenology.Vernalisation][INFO] - Critical DVS for vernalization (VERNDVS) reached at day 1984-06-15, but vernalization requirements not yet fulfilled. Forcing vernalization now (VERN=47.688571).
[2026-03-24 13:01:27,748][pcse.crop.phenology.Vernalisation][INFO] - Critical DVS for vernalization (VERNDVS) reached at day 1984-06-16, but vernalization requirements not yet fulfilled. Forcing vernalization now (VERN=47.688571).
[2026-03-24 13:01:27,764][pcse.crop.phenology.Vernalisation][INFO] - Critical DVS for vernalization (VERNDVS) reached at day 1984-06-17, but vernalization requirements not yet fulfilled. Forcing vernalization now (VERN=47.688571).
[2026-03-24 13:01:27,779][pcse.crop.phenology.Vernalisation][INFO] - Critical DVS for vernalization (VERNDVS) reached at day 1984-06-18, but vernalization requirements not yet fulfilled. Forcing vernalization now (VERN=47.688571).
[2026-03-24 13:01:27,795][pcse.crop.phenology.Vernalisation][INFO] - Critical DVS for vernalization (VERNDVS) reached at day 1984-06-19, but vernalization requirements not yet fulfilled. Forcing vernalization now (VERN=47.688571).
[2026-03-24 13:01:27,811][pcse.crop.phenology.Vernalisation][INFO] - Critical DVS for vernalization (VERNDVS) reached at day 1984-06-20, but vernalization requirements not yet fulfilled. Forcing vernalization now (VERN=47.688571).
[2026-03-24 13:01:27,827][pcse.crop.phenology.Vernalisation][INFO] - Critical DVS for vernalization (VERNDVS) reached at day 1984-06-21, but vernalization requirements not yet fulfilled. Forcing vernalization now (VERN=47.688571).
[2026-03-24 13:01:27,842][pcse.crop.phenology.Vernalisation][INFO] - Critical DVS for vernalization (VERNDVS) reached at day 1984-06-22, but vernalization requirements not yet fulfilled. Forcing vernalization now (VERN=47.688571).
[2026-03-24 13:01:27,858][pcse.crop.phenology.Vernalisation][INFO] - Critical DVS for vernalization (VERNDVS) reached at day 1984-06-23, but vernalization requirements not yet fulfilled. Forcing vernalization now (VERN=47.688571).
[2026-03-24 13:01:27,874][pcse.crop.phenology.Vernalisation][INFO] - Critical DVS for vernalization (VERNDVS) reached at day 1984-06-24, but vernalization requirements not yet fulfilled. Forcing vernalization now (VERN=47.688571).
[2026-03-24 13:01:27,889][pcse.crop.phenology.Vernalisation][INFO] - Critical DVS for vernalization (VERNDVS) reached at day 1984-06-25, but vernalization requirements not yet fulfilled. Forcing vernalization now (VERN=47.688571).
[2026-03-24 13:01:27,904][pcse.crop.phenology.Vernalisation][INFO] - Critical DVS for vernalization (VERNDVS) reached at day 1984-06-26, but vernalization requirements not yet fulfilled. Forcing vernalization now (VERN=47.688571).
[2026-03-24 13:01:27,920][pcse.crop.phenology.Vernalisation][INFO] - Critical DVS for vernalization (VERNDVS) reached at day 1984-06-27, but vernalization requirements not yet fulfilled. Forcing vernalization now (VERN=47.688571).
[2026-03-24 13:01:27,934][pcse.crop.phenology.Vernalisation][INFO] - Critical DVS for vernalization (VERNDVS) reached at day 1984-06-28, but vernalization requirements not yet fulfilled. Forcing vernalization now (VERN=47.688571).
[2026-03-24 13:01:27,950][pcse.crop.phenology.Vernalisation][INFO] - Critical DVS for vernalization (VERNDVS) reached at day 1984-06-29, but vernalization requirements not yet fulfilled. Forcing vernalization now (VERN=47.688571).
[2026-03-24 13:01:27,950][pcse.crop.phenology.Annual_Phenology][INFO] - Changed phenological stage 'vegetative' to 'reproductive' on 1984-06-29
[2026-03-24 13:01:29,049][pcse.crop.phenology.Annual_Phenology][INFO] - Changed phenological stage 'reproductive' to 'mature' on 1984-09-13
[2026-03-24 13:01:29,300][pcse.base.timer.Timer][INFO] - Reached end of simulation period as specified by END_DATE.
| train          | E: 78 | S: 18798 | R: -2.5373 | TR: 13.7153 | TF: 512 | LR: 0 | NR: 0 | D: 04.0 s | TD: 00.0 s | BR: -0.0102 | ALOSS: 15661.2575 | CLOSS: 4593890.9339 | TLOSS: -404.1652 | TVAL: 0.3079 | AENT: -1311.5559 | BCLOSS: 0.0000
[EPISODE DBG] episode=78 step=18798 pred_return=-2.900073 true_return=41.660859 total_feedback=512 labeled_feedback=0
[2026-03-24 13:01:29,305][pcse.agromanager.SoilCalendar][INFO] - Starting soil (oregon) with variation (oregon_1) on day 1984-02-01
[2026-03-24 13:01:29,306][pcse.agromanager.CropCalendar][INFO] - Starting crop (wheat) with variety (wheat_1) on day 1984-02-01
[2026-03-24 13:01:30,949][pcse.crop.phenology.Annual_Phenology][INFO] - Changed phenological stage 'emerging' to 'vegetative' on 1984-04-10
[2026-03-24 13:01:31,980][pcse.crop.phenology.Vernalisation][INFO] - Critical DVS for vernalization (VERNDVS) reached at day 1984-06-02, but vernalization requirements not yet fulfilled. Forcing vernalization now (VERN=47.688571).
[2026-03-24 13:01:31,996][pcse.crop.phenology.Vernalisation][INFO] - Critical DVS for vernalization (VERNDVS) reached at day 1984-06-03, but vernalization requirements not yet fulfilled. Forcing vernalization now (VERN=47.688571).
[2026-03-24 13:01:32,013][pcse.crop.phenology.Vernalisation][INFO] - Critical DVS for vernalization (VERNDVS) reached at day 1984-06-04, but vernalization requirements not yet fulfilled. Forcing vernalization now (VERN=47.688571).
[2026-03-24 13:01:32,030][pcse.crop.phenology.Vernalisation][INFO] - Critical DVS for vernalization (VERNDVS) reached at day 1984-06-05, but vernalization requirements not yet fulfilled. Forcing vernalization now (VERN=47.688571).
[2026-03-24 13:01:32,048][pcse.crop.phenology.Vernalisation][INFO] - Critical DVS for vernalization (VERNDVS) reached at day 1984-06-06, but vernalization requirements not yet fulfilled. Forcing vernalization now (VERN=47.688571).
[2026-03-24 13:01:32,065][pcse.crop.phenology.Vernalisation][INFO] - Critical DVS for vernalization (VERNDVS) reached at day 1984-06-07, but vernalization requirements not yet fulfilled. Forcing vernalization now (VERN=47.688571).
[2026-03-24 13:01:32,082][pcse.crop.phenology.Vernalisation][INFO] - Critical DVS for vernalization (VERNDVS) reached at day 1984-06-08, but vernalization requirements not yet fulfilled. Forcing vernalization now (VERN=47.688571).
[2026-03-24 13:01:32,099][pcse.crop.phenology.Vernalisation][INFO] - Critical DVS for vernalization (VERNDVS) reached at day 1984-06-09, but vernalization requirements not yet fulfilled. Forcing vernalization now (VERN=47.688571).
[2026-03-24 13:01:32,116][pcse.crop.phenology.Vernalisation][INFO] - Critical DVS for vernalization (VERNDVS) reached at day 1984-06-10, but vernalization requirements not yet fulfilled. Forcing vernalization now (VERN=47.688571).
[2026-03-24 13:01:32,133][pcse.crop.phenology.Vernalisation][INFO] - Critical DVS for vernalization (VERNDVS) reached at day 1984-06-11, but vernalization requirements not yet fulfilled. Forcing vernalization now (VERN=47.688571).
[2026-03-24 13:01:32,151][pcse.crop.phenology.Vernalisation][INFO] - Critical DVS for vernalization (VERNDVS) reached at day 1984-06-12, but vernalization requirements not yet fulfilled. Forcing vernalization now (VERN=47.688571).
[2026-03-24 13:01:32,168][pcse.crop.phenology.Vernalisation][INFO] - Critical DVS for vernalization (VERNDVS) reached at day 1984-06-13, but vernalization requirements not yet fulfilled. Forcing vernalization now (VERN=47.688571).
[2026-03-24 13:01:32,186][pcse.crop.phenology.Vernalisation][INFO] - Critical DVS for vernalization (VERNDVS) reached at day 1984-06-14, but vernalization requirements not yet fulfilled. Forcing vernalization now (VERN=47.688571).
[2026-03-24 13:01:32,203][pcse.crop.phenology.Vernalisation][INFO] - Critical DVS for vernalization (VERNDVS) reached at day 1984-06-15, but vernalization requirements not yet fulfilled. Forcing vernalization now (VERN=47.688571).
[2026-03-24 13:01:32,220][pcse.crop.phenology.Vernalisation][INFO] - Critical DVS for vernalization (VERNDVS) reached at day 1984-06-16, but vernalization requirements not yet fulfilled. Forcing vernalization now (VERN=47.688571).
[2026-03-24 13:01:32,237][pcse.crop.phenology.Vernalisation][INFO] - Critical DVS for vernalization (VERNDVS) reached at day 1984-06-17, but vernalization requirements not yet fulfilled. Forcing vernalization now (VERN=47.688571).
[2026-03-24 13:01:32,256][pcse.crop.phenology.Vernalisation][INFO] - Critical DVS for vernalization (VERNDVS) reached at day 1984-06-18, but vernalization requirements not yet fulfilled. Forcing vernalization now (VERN=47.688571).
[2026-03-24 13:01:32,273][pcse.crop.phenology.Vernalisation][INFO] - Critical DVS for vernalization (VERNDVS) reached at day 1984-06-19, but vernalization requirements not yet fulfilled. Forcing vernalization now (VERN=47.688571).
[2026-03-24 13:01:32,290][pcse.crop.phenology.Vernalisation][INFO] - Critical DVS for vernalization (VERNDVS) reached at day 1984-06-20, but vernalization requirements not yet fulfilled. Forcing vernalization now (VERN=47.688571).
[2026-03-24 13:01:32,307][pcse.crop.phenology.Vernalisation][INFO] - Critical DVS for vernalization (VERNDVS) reached at day 1984-06-21, but vernalization requirements not yet fulfilled. Forcing vernalization now (VERN=47.688571).
[2026-03-24 13:01:32,326][pcse.crop.phenology.Vernalisation][INFO] - Critical DVS for vernalization (VERNDVS) reached at day 1984-06-22, but vernalization requirements not yet fulfilled. Forcing vernalization now (VERN=47.688571).
[2026-03-24 13:01:32,343][pcse.crop.phenology.Vernalisation][INFO] - Critical DVS for vernalization (VERNDVS) reached at day 1984-06-23, but vernalization requirements not yet fulfilled. Forcing vernalization now (VERN=47.688571).
[2026-03-24 13:01:32,361][pcse.crop.phenology.Vernalisation][INFO] - Critical DVS for vernalization (VERNDVS) reached at day 1984-06-24, but vernalization requirements not yet fulfilled. Forcing vernalization now (VERN=47.688571).
[2026-03-24 13:01:32,378][pcse.crop.phenology.Vernalisation][INFO] - Critical DVS for vernalization (VERNDVS) reached at day 1984-06-25, but vernalization requirements not yet fulfilled. Forcing vernalization now (VERN=47.688571).
[2026-03-24 13:01:32,396][pcse.crop.phenology.Vernalisation][INFO] - Critical DVS for vernalization (VERNDVS) reached at day 1984-06-26, but vernalization requirements not yet fulfilled. Forcing vernalization now (VERN=47.688571).
[2026-03-24 13:01:32,414][pcse.crop.phenology.Vernalisation][INFO] - Critical DVS for vernalization (VERNDVS) reached at day 1984-06-27, but vernalization requirements not yet fulfilled. Forcing vernalization now (VERN=47.688571).
[2026-03-24 13:01:32,432][pcse.crop.phenology.Vernalisation][INFO] - Critical DVS for vernalization (VERNDVS) reached at day 1984-06-28, but vernalization requirements not yet fulfilled. Forcing vernalization now (VERN=47.688571).
[2026-03-24 13:01:32,449][pcse.crop.phenology.Vernalisation][INFO] - Critical DVS for vernalization (VERNDVS) reached at day 1984-06-29, but vernalization requirements not yet fulfilled. Forcing vernalization now (VERN=47.688571).
[2026-03-24 13:01:32,449][pcse.crop.phenology.Annual_Phenology][INFO] - Changed phenological stage 'vegetative' to 'reproductive' on 1984-06-29
[REPLAY DBG] post-agent-update step=19000 n=19000 mean=-0.010263 std=0.015259 min=-0.094720 max=0.013632
[STEP DBG] step=19000 env_reward=0.348291 r_hat=0.005794 done=False
[NORM DBG] count=19000 mean_abs_mean=62525.117188 mean_std=9.240610 min_std=0.001000 max_std=69.490601
[2026-03-24 13:01:34,129][pcse.crop.phenology.Annual_Phenology][INFO] - Changed phenological stage 'reproductive' to 'mature' on 1984-09-13
[2026-03-24 13:01:34,367][pcse.base.timer.Timer][INFO] - Reached end of simulation period as specified by END_DATE.
| train          | E: 79 | S: 19039 | R: -2.9001 | TR: 41.6609 | TF: 512 | LR: 0 | NR: 0 | D: 05.1 s | TD: 00.0 s | BR: -0.0103 | ALOSS: 15790.4885 | CLOSS: 3177893.5477 | TLOSS: -402.8171 | TVAL: 0.3161 | AENT: -1275.5213 | BCLOSS: 0.0000
[EPISODE DBG] episode=79 step=19039 pred_return=-2.779012 true_return=29.923536 total_feedback=512 labeled_feedback=0
[2026-03-24 13:01:34,373][pcse.agromanager.SoilCalendar][INFO] - Starting soil (oregon) with variation (oregon_1) on day 1984-02-01
[2026-03-24 13:01:34,375][pcse.agromanager.CropCalendar][INFO] - Starting crop (wheat) with variety (wheat_1) on day 1984-02-01
[2026-03-24 13:01:35,478][pcse.crop.phenology.Annual_Phenology][INFO] - Changed phenological stage 'emerging' to 'vegetative' on 1984-04-10
[2026-03-24 13:01:36,257][pcse.crop.phenology.Vernalisation][INFO] - Critical DVS for vernalization (VERNDVS) reached at day 1984-06-02, but vernalization requirements not yet fulfilled. Forcing vernalization now (VERN=47.688571).
[2026-03-24 13:01:36,273][pcse.crop.phenology.Vernalisation][INFO] - Critical DVS for vernalization (VERNDVS) reached at day 1984-06-03, but vernalization requirements not yet fulfilled. Forcing vernalization now (VERN=47.688571).
[2026-03-24 13:01:36,289][pcse.crop.phenology.Vernalisation][INFO] - Critical DVS for vernalization (VERNDVS) reached at day 1984-06-04, but vernalization requirements not yet fulfilled. Forcing vernalization now (VERN=47.688571).
[2026-03-24 13:01:36,304][pcse.crop.phenology.Vernalisation][INFO] - Critical DVS for vernalization (VERNDVS) reached at day 1984-06-05, but vernalization requirements not yet fulfilled. Forcing vernalization now (VERN=47.688571).
[2026-03-24 13:01:36,320][pcse.crop.phenology.Vernalisation][INFO] - Critical DVS for vernalization (VERNDVS) reached at day 1984-06-06, but vernalization requirements not yet fulfilled. Forcing vernalization now (VERN=47.688571).
[2026-03-24 13:01:36,336][pcse.crop.phenology.Vernalisation][INFO] - Critical DVS for vernalization (VERNDVS) reached at day 1984-06-07, but vernalization requirements not yet fulfilled. Forcing vernalization now (VERN=47.688571).
[2026-03-24 13:01:36,352][pcse.crop.phenology.Vernalisation][INFO] - Critical DVS for vernalization (VERNDVS) reached at day 1984-06-08, but vernalization requirements not yet fulfilled. Forcing vernalization now (VERN=47.688571).
[2026-03-24 13:01:36,367][pcse.crop.phenology.Vernalisation][INFO] - Critical DVS for vernalization (VERNDVS) reached at day 1984-06-09, but vernalization requirements not yet fulfilled. Forcing vernalization now (VERN=47.688571).
[2026-03-24 13:01:36,383][pcse.crop.phenology.Vernalisation][INFO] - Critical DVS for vernalization (VERNDVS) reached at day 1984-06-10, but vernalization requirements not yet fulfilled. Forcing vernalization now (VERN=47.688571).
[2026-03-24 13:01:36,399][pcse.crop.phenology.Vernalisation][INFO] - Critical DVS for vernalization (VERNDVS) reached at day 1984-06-11, but vernalization requirements not yet fulfilled. Forcing vernalization now (VERN=47.688571).
[2026-03-24 13:01:36,415][pcse.crop.phenology.Vernalisation][INFO] - Critical DVS for vernalization (VERNDVS) reached at day 1984-06-12, but vernalization requirements not yet fulfilled. Forcing vernalization now (VERN=47.688571).
[2026-03-24 13:01:36,430][pcse.crop.phenology.Vernalisation][INFO] - Critical DVS for vernalization (VERNDVS) reached at day 1984-06-13, but vernalization requirements not yet fulfilled. Forcing vernalization now (VERN=47.688571).
[2026-03-24 13:01:36,446][pcse.crop.phenology.Vernalisation][INFO] - Critical DVS for vernalization (VERNDVS) reached at day 1984-06-14, but vernalization requirements not yet fulfilled. Forcing vernalization now (VERN=47.688571).
[2026-03-24 13:01:36,460][pcse.crop.phenology.Vernalisation][INFO] - Critical DVS for vernalization (VERNDVS) reached at day 1984-06-15, but vernalization requirements not yet fulfilled. Forcing vernalization now (VERN=47.688571).
[2026-03-24 13:01:36,476][pcse.crop.phenology.Vernalisation][INFO] - Critical DVS for vernalization (VERNDVS) reached at day 1984-06-16, but vernalization requirements not yet fulfilled. Forcing vernalization now (VERN=47.688571).
[2026-03-24 13:01:36,492][pcse.crop.phenology.Vernalisation][INFO] - Critical DVS for vernalization (VERNDVS) reached at day 1984-06-17, but vernalization requirements not yet fulfilled. Forcing vernalization now (VERN=47.688571).
[2026-03-24 13:01:36,508][pcse.crop.phenology.Vernalisation][INFO] - Critical DVS for vernalization (VERNDVS) reached at day 1984-06-18, but vernalization requirements not yet fulfilled. Forcing vernalization now (VERN=47.688571).
[2026-03-24 13:01:36,524][pcse.crop.phenology.Vernalisation][INFO] - Critical DVS for vernalization (VERNDVS) reached at day 1984-06-19, but vernalization requirements not yet fulfilled. Forcing vernalization now (VERN=47.688571).
[2026-03-24 13:01:36,539][pcse.crop.phenology.Vernalisation][INFO] - Critical DVS for vernalization (VERNDVS) reached at day 1984-06-20, but vernalization requirements not yet fulfilled. Forcing vernalization now (VERN=47.688571).
[2026-03-24 13:01:36,555][pcse.crop.phenology.Vernalisation][INFO] - Critical DVS for vernalization (VERNDVS) reached at day 1984-06-21, but vernalization requirements not yet fulfilled. Forcing vernalization now (VERN=47.688571).
[2026-03-24 13:01:36,571][pcse.crop.phenology.Vernalisation][INFO] - Critical DVS for vernalization (VERNDVS) reached at day 1984-06-22, but vernalization requirements not yet fulfilled. Forcing vernalization now (VERN=47.688571).
[2026-03-24 13:01:36,587][pcse.crop.phenology.Vernalisation][INFO] - Critical DVS for vernalization (VERNDVS) reached at day 1984-06-23, but vernalization requirements not yet fulfilled. Forcing vernalization now (VERN=47.688571).
[2026-03-24 13:01:36,603][pcse.crop.phenology.Vernalisation][INFO] - Critical DVS for vernalization (VERNDVS) reached at day 1984-06-24, but vernalization requirements not yet fulfilled. Forcing vernalization now (VERN=47.688571).
[2026-03-24 13:01:36,616][pcse.crop.phenology.Vernalisation][INFO] - Critical DVS for vernalization (VERNDVS) reached at day 1984-06-25, but vernalization requirements not yet fulfilled. Forcing vernalization now (VERN=47.688571).
[2026-03-24 13:01:36,631][pcse.crop.phenology.Vernalisation][INFO] - Critical DVS for vernalization (VERNDVS) reached at day 1984-06-26, but vernalization requirements not yet fulfilled. Forcing vernalization now (VERN=47.688571).
[2026-03-24 13:01:36,646][pcse.crop.phenology.Vernalisation][INFO] - Critical DVS for vernalization (VERNDVS) reached at day 1984-06-27, but vernalization requirements not yet fulfilled. Forcing vernalization now (VERN=47.688571).
[2026-03-24 13:01:36,661][pcse.crop.phenology.Vernalisation][INFO] - Critical DVS for vernalization (VERNDVS) reached at day 1984-06-28, but vernalization requirements not yet fulfilled. Forcing vernalization now (VERN=47.688571).
[2026-03-24 13:01:36,675][pcse.crop.phenology.Vernalisation][INFO] - Critical DVS for vernalization (VERNDVS) reached at day 1984-06-29, but vernalization requirements not yet fulfilled. Forcing vernalization now (VERN=47.688571).
[2026-03-24 13:01:36,675][pcse.crop.phenology.Annual_Phenology][INFO] - Changed phenological stage 'vegetative' to 'reproductive' on 1984-06-29
[2026-03-24 13:01:38,367][pcse.crop.phenology.Annual_Phenology][INFO] - Changed phenological stage 'reproductive' to 'mature' on 1984-09-13
[2026-03-24 13:01:38,678][pcse.base.timer.Timer][INFO] - Reached end of simulation period as specified by END_DATE.
| train          | E: 80 | S: 19280 | R: -2.7790 | TR: 29.9235 | TF: 512 | LR: 0 | NR: 0 | D: 04.3 s | TD: 00.0 s | BR: -0.0103 | ALOSS: 15902.3415 | CLOSS: 2971536.7186 | TLOSS: -401.7088 | TVAL: 0.3233 | AENT: -1243.5416 | BCLOSS: 0.0000
[EPISODE DBG] episode=80 step=19280 pred_return=-2.793673 true_return=25.908475 total_feedback=512 labeled_feedback=0
[2026-03-24 13:01:38,685][pcse.agromanager.SoilCalendar][INFO] - Starting soil (oregon) with variation (oregon_1) on day 1984-02-01
[2026-03-24 13:01:38,688][pcse.agromanager.CropCalendar][INFO] - Starting crop (wheat) with variety (wheat_1) on day 1984-02-01
[2026-03-24 13:01:40,168][pcse.crop.phenology.Annual_Phenology][INFO] - Changed phenological stage 'emerging' to 'vegetative' on 1984-04-10
[2026-03-24 13:01:41,464][pcse.crop.phenology.Vernalisation][INFO] - Critical DVS for vernalization (VERNDVS) reached at day 1984-06-02, but vernalization requirements not yet fulfilled. Forcing vernalization now (VERN=47.688571).
[2026-03-24 13:01:41,492][pcse.crop.phenology.Vernalisation][INFO] - Critical DVS for vernalization (VERNDVS) reached at day 1984-06-03, but vernalization requirements not yet fulfilled. Forcing vernalization now (VERN=47.688571).
[2026-03-24 13:01:41,524][pcse.crop.phenology.Vernalisation][INFO] - Critical DVS for vernalization (VERNDVS) reached at day 1984-06-04, but vernalization requirements not yet fulfilled. Forcing vernalization now (VERN=47.688571).
[2026-03-24 13:01:41,546][pcse.crop.phenology.Vernalisation][INFO] - Critical DVS for vernalization (VERNDVS) reached at day 1984-06-05, but vernalization requirements not yet fulfilled. Forcing vernalization now (VERN=47.688571).
[2026-03-24 13:01:41,561][pcse.crop.phenology.Vernalisation][INFO] - Critical DVS for vernalization (VERNDVS) reached at day 1984-06-06, but vernalization requirements not yet fulfilled. Forcing vernalization now (VERN=47.688571).
[2026-03-24 13:01:41,577][pcse.crop.phenology.Vernalisation][INFO] - Critical DVS for vernalization (VERNDVS) reached at day 1984-06-07, but vernalization requirements not yet fulfilled. Forcing vernalization now (VERN=47.688571).
[2026-03-24 13:01:41,593][pcse.crop.phenology.Vernalisation][INFO] - Critical DVS for vernalization (VERNDVS) reached at day 1984-06-08, but vernalization requirements not yet fulfilled. Forcing vernalization now (VERN=47.688571).
[2026-03-24 13:01:41,610][pcse.crop.phenology.Vernalisation][INFO] - Critical DVS for vernalization (VERNDVS) reached at day 1984-06-09, but vernalization requirements not yet fulfilled. Forcing vernalization now (VERN=47.688571).
[2026-03-24 13:01:41,627][pcse.crop.phenology.Vernalisation][INFO] - Critical DVS for vernalization (VERNDVS) reached at day 1984-06-10, but vernalization requirements not yet fulfilled. Forcing vernalization now (VERN=47.688571).
[2026-03-24 13:01:41,642][pcse.crop.phenology.Vernalisation][INFO] - Critical DVS for vernalization (VERNDVS) reached at day 1984-06-11, but vernalization requirements not yet fulfilled. Forcing vernalization now (VERN=47.688571).
[2026-03-24 13:01:41,658][pcse.crop.phenology.Vernalisation][INFO] - Critical DVS for vernalization (VERNDVS) reached at day 1984-06-12, but vernalization requirements not yet fulfilled. Forcing vernalization now (VERN=47.688571).
[2026-03-24 13:01:41,675][pcse.crop.phenology.Vernalisation][INFO] - Critical DVS for vernalization (VERNDVS) reached at day 1984-06-13, but vernalization requirements not yet fulfilled. Forcing vernalization now (VERN=47.688571).
[2026-03-24 13:01:41,691][pcse.crop.phenology.Vernalisation][INFO] - Critical DVS for vernalization (VERNDVS) reached at day 1984-06-14, but vernalization requirements not yet fulfilled. Forcing vernalization now (VERN=47.688571).
[2026-03-24 13:01:41,707][pcse.crop.phenology.Vernalisation][INFO] - Critical DVS for vernalization (VERNDVS) reached at day 1984-06-15, but vernalization requirements not yet fulfilled. Forcing vernalization now (VERN=47.688571).
[2026-03-24 13:01:41,723][pcse.crop.phenology.Vernalisation][INFO] - Critical DVS for vernalization (VERNDVS) reached at day 1984-06-16, but vernalization requirements not yet fulfilled. Forcing vernalization now (VERN=47.688571).
[2026-03-24 13:01:41,739][pcse.crop.phenology.Vernalisation][INFO] - Critical DVS for vernalization (VERNDVS) reached at day 1984-06-17, but vernalization requirements not yet fulfilled. Forcing vernalization now (VERN=47.688571).
[2026-03-24 13:01:41,754][pcse.crop.phenology.Vernalisation][INFO] - Critical DVS for vernalization (VERNDVS) reached at day 1984-06-18, but vernalization requirements not yet fulfilled. Forcing vernalization now (VERN=47.688571).
[2026-03-24 13:01:41,770][pcse.crop.phenology.Vernalisation][INFO] - Critical DVS for vernalization (VERNDVS) reached at day 1984-06-19, but vernalization requirements not yet fulfilled. Forcing vernalization now (VERN=47.688571).
[2026-03-24 13:01:41,786][pcse.crop.phenology.Vernalisation][INFO] - Critical DVS for vernalization (VERNDVS) reached at day 1984-06-20, but vernalization requirements not yet fulfilled. Forcing vernalization now (VERN=47.688571).
[2026-03-24 13:01:41,801][pcse.crop.phenology.Vernalisation][INFO] - Critical DVS for vernalization (VERNDVS) reached at day 1984-06-21, but vernalization requirements not yet fulfilled. Forcing vernalization now (VERN=47.688571).
[2026-03-24 13:01:41,816][pcse.crop.phenology.Vernalisation][INFO] - Critical DVS for vernalization (VERNDVS) reached at day 1984-06-22, but vernalization requirements not yet fulfilled. Forcing vernalization now (VERN=47.688571).
[2026-03-24 13:01:41,832][pcse.crop.phenology.Vernalisation][INFO] - Critical DVS for vernalization (VERNDVS) reached at day 1984-06-23, but vernalization requirements not yet fulfilled. Forcing vernalization now (VERN=47.688571).
[2026-03-24 13:01:41,848][pcse.crop.phenology.Vernalisation][INFO] - Critical DVS for vernalization (VERNDVS) reached at day 1984-06-24, but vernalization requirements not yet fulfilled. Forcing vernalization now (VERN=47.688571).
[2026-03-24 13:01:41,864][pcse.crop.phenology.Vernalisation][INFO] - Critical DVS for vernalization (VERNDVS) reached at day 1984-06-25, but vernalization requirements not yet fulfilled. Forcing vernalization now (VERN=47.688571).
[2026-03-24 13:01:41,880][pcse.crop.phenology.Vernalisation][INFO] - Critical DVS for vernalization (VERNDVS) reached at day 1984-06-26, but vernalization requirements not yet fulfilled. Forcing vernalization now (VERN=47.688571).
[2026-03-24 13:01:41,896][pcse.crop.phenology.Vernalisation][INFO] - Critical DVS for vernalization (VERNDVS) reached at day 1984-06-27, but vernalization requirements not yet fulfilled. Forcing vernalization now (VERN=47.688571).
[2026-03-24 13:01:41,912][pcse.crop.phenology.Vernalisation][INFO] - Critical DVS for vernalization (VERNDVS) reached at day 1984-06-28, but vernalization requirements not yet fulfilled. Forcing vernalization now (VERN=47.688571).
[2026-03-24 13:01:41,927][pcse.crop.phenology.Vernalisation][INFO] - Critical DVS for vernalization (VERNDVS) reached at day 1984-06-29, but vernalization requirements not yet fulfilled. Forcing vernalization now (VERN=47.688571).
[2026-03-24 13:01:41,927][pcse.crop.phenology.Annual_Phenology][INFO] - Changed phenological stage 'vegetative' to 'reproductive' on 1984-06-29
[REPLAY DBG] post-agent-update step=19500 n=19500 mean=-0.010299 std=0.015267 min=-0.094720 max=0.013632
[STEP DBG] step=19500 env_reward=0.452651 r_hat=-0.012855 done=False
[NORM DBG] count=19500 mean_abs_mean=62525.128906 mean_std=9.243742 min_std=0.001000 max_std=69.515266
[2026-03-24 13:01:43,049][pcse.crop.phenology.Annual_Phenology][INFO] - Changed phenological stage 'reproductive' to 'mature' on 1984-09-13
[2026-03-24 13:01:43,313][pcse.base.timer.Timer][INFO] - Reached end of simulation period as specified by END_DATE.
| train          | E: 81 | S: 19521 | R: -2.7937 | TR: 25.9085 | TF: 512 | LR: 0 | NR: 0 | D: 04.6 s | TD: 00.0 s | BR: -0.0104 | ALOSS: 15979.4049 | CLOSS: 2945187.3444 | TLOSS: -378.4433 | TVAL: 0.3303 | AENT: -1147.1293 | BCLOSS: 0.0000
[EPISODE DBG] episode=81 step=19521 pred_return=-2.981465 true_return=40.058719 total_feedback=512 labeled_feedback=0
[2026-03-24 13:01:43,318][pcse.agromanager.SoilCalendar][INFO] - Starting soil (oregon) with variation (oregon_1) on day 1984-02-01
[2026-03-24 13:01:43,319][pcse.agromanager.CropCalendar][INFO] - Starting crop (wheat) with variety (wheat_1) on day 1984-02-01
[2026-03-24 13:01:44,417][pcse.crop.phenology.Annual_Phenology][INFO] - Changed phenological stage 'emerging' to 'vegetative' on 1984-04-10
[2026-03-24 13:01:45,579][pcse.crop.phenology.Vernalisation][INFO] - Critical DVS for vernalization (VERNDVS) reached at day 1984-06-02, but vernalization requirements not yet fulfilled. Forcing vernalization now (VERN=47.688571).
[2026-03-24 13:01:45,595][pcse.crop.phenology.Vernalisation][INFO] - Critical DVS for vernalization (VERNDVS) reached at day 1984-06-03, but vernalization requirements not yet fulfilled. Forcing vernalization now (VERN=47.688571).
[2026-03-24 13:01:45,612][pcse.crop.phenology.Vernalisation][INFO] - Critical DVS for vernalization (VERNDVS) reached at day 1984-06-04, but vernalization requirements not yet fulfilled. Forcing vernalization now (VERN=47.688571).
[2026-03-24 13:01:45,629][pcse.crop.phenology.Vernalisation][INFO] - Critical DVS for vernalization (VERNDVS) reached at day 1984-06-05, but vernalization requirements not yet fulfilled. Forcing vernalization now (VERN=47.688571).
[2026-03-24 13:01:45,646][pcse.crop.phenology.Vernalisation][INFO] - Critical DVS for vernalization (VERNDVS) reached at day 1984-06-06, but vernalization requirements not yet fulfilled. Forcing vernalization now (VERN=47.688571).
[2026-03-24 13:01:45,662][pcse.crop.phenology.Vernalisation][INFO] - Critical DVS for vernalization (VERNDVS) reached at day 1984-06-07, but vernalization requirements not yet fulfilled. Forcing vernalization now (VERN=47.688571).
[2026-03-24 13:01:45,679][pcse.crop.phenology.Vernalisation][INFO] - Critical DVS for vernalization (VERNDVS) reached at day 1984-06-08, but vernalization requirements not yet fulfilled. Forcing vernalization now (VERN=47.688571).
[2026-03-24 13:01:45,694][pcse.crop.phenology.Vernalisation][INFO] - Critical DVS for vernalization (VERNDVS) reached at day 1984-06-09, but vernalization requirements not yet fulfilled. Forcing vernalization now (VERN=47.688571).
[2026-03-24 13:01:45,710][pcse.crop.phenology.Vernalisation][INFO] - Critical DVS for vernalization (VERNDVS) reached at day 1984-06-10, but vernalization requirements not yet fulfilled. Forcing vernalization now (VERN=47.688571).
[2026-03-24 13:01:45,725][pcse.crop.phenology.Vernalisation][INFO] - Critical DVS for vernalization (VERNDVS) reached at day 1984-06-11, but vernalization requirements not yet fulfilled. Forcing vernalization now (VERN=47.688571).
[2026-03-24 13:01:45,742][pcse.crop.phenology.Vernalisation][INFO] - Critical DVS for vernalization (VERNDVS) reached at day 1984-06-12, but vernalization requirements not yet fulfilled. Forcing vernalization now (VERN=47.688571).
[2026-03-24 13:01:45,757][pcse.crop.phenology.Vernalisation][INFO] - Critical DVS for vernalization (VERNDVS) reached at day 1984-06-13, but vernalization requirements not yet fulfilled. Forcing vernalization now (VERN=47.688571).
[2026-03-24 13:01:45,772][pcse.crop.phenology.Vernalisation][INFO] - Critical DVS for vernalization (VERNDVS) reached at day 1984-06-14, but vernalization requirements not yet fulfilled. Forcing vernalization now (VERN=47.688571).
[2026-03-24 13:01:45,788][pcse.crop.phenology.Vernalisation][INFO] - Critical DVS for vernalization (VERNDVS) reached at day 1984-06-15, but vernalization requirements not yet fulfilled. Forcing vernalization now (VERN=47.688571).
[2026-03-24 13:01:45,804][pcse.crop.phenology.Vernalisation][INFO] - Critical DVS for vernalization (VERNDVS) reached at day 1984-06-16, but vernalization requirements not yet fulfilled. Forcing vernalization now (VERN=47.688571).
[2026-03-24 13:01:45,819][pcse.crop.phenology.Vernalisation][INFO] - Critical DVS for vernalization (VERNDVS) reached at day 1984-06-17, but vernalization requirements not yet fulfilled. Forcing vernalization now (VERN=47.688571).
[2026-03-24 13:01:45,834][pcse.crop.phenology.Vernalisation][INFO] - Critical DVS for vernalization (VERNDVS) reached at day 1984-06-18, but vernalization requirements not yet fulfilled. Forcing vernalization now (VERN=47.688571).
[2026-03-24 13:01:45,850][pcse.crop.phenology.Vernalisation][INFO] - Critical DVS for vernalization (VERNDVS) reached at day 1984-06-19, but vernalization requirements not yet fulfilled. Forcing vernalization now (VERN=47.688571).
[2026-03-24 13:01:45,865][pcse.crop.phenology.Vernalisation][INFO] - Critical DVS for vernalization (VERNDVS) reached at day 1984-06-20, but vernalization requirements not yet fulfilled. Forcing vernalization now (VERN=47.688571).
[2026-03-24 13:01:45,881][pcse.crop.phenology.Vernalisation][INFO] - Critical DVS for vernalization (VERNDVS) reached at day 1984-06-21, but vernalization requirements not yet fulfilled. Forcing vernalization now (VERN=47.688571).
[2026-03-24 13:01:45,898][pcse.crop.phenology.Vernalisation][INFO] - Critical DVS for vernalization (VERNDVS) reached at day 1984-06-22, but vernalization requirements not yet fulfilled. Forcing vernalization now (VERN=47.688571).
[2026-03-24 13:01:45,914][pcse.crop.phenology.Vernalisation][INFO] - Critical DVS for vernalization (VERNDVS) reached at day 1984-06-23, but vernalization requirements not yet fulfilled. Forcing vernalization now (VERN=47.688571).
[2026-03-24 13:01:45,930][pcse.crop.phenology.Vernalisation][INFO] - Critical DVS for vernalization (VERNDVS) reached at day 1984-06-24, but vernalization requirements not yet fulfilled. Forcing vernalization now (VERN=47.688571).
[2026-03-24 13:01:45,945][pcse.crop.phenology.Vernalisation][INFO] - Critical DVS for vernalization (VERNDVS) reached at day 1984-06-25, but vernalization requirements not yet fulfilled. Forcing vernalization now (VERN=47.688571).
[2026-03-24 13:01:45,962][pcse.crop.phenology.Vernalisation][INFO] - Critical DVS for vernalization (VERNDVS) reached at day 1984-06-26, but vernalization requirements not yet fulfilled. Forcing vernalization now (VERN=47.688571).
[2026-03-24 13:01:45,977][pcse.crop.phenology.Vernalisation][INFO] - Critical DVS for vernalization (VERNDVS) reached at day 1984-06-27, but vernalization requirements not yet fulfilled. Forcing vernalization now (VERN=47.688571).
[2026-03-24 13:01:45,992][pcse.crop.phenology.Vernalisation][INFO] - Critical DVS for vernalization (VERNDVS) reached at day 1984-06-28, but vernalization requirements not yet fulfilled. Forcing vernalization now (VERN=47.688571).
[2026-03-24 13:01:46,008][pcse.crop.phenology.Vernalisation][INFO] - Critical DVS for vernalization (VERNDVS) reached at day 1984-06-29, but vernalization requirements not yet fulfilled. Forcing vernalization now (VERN=47.688571).
[2026-03-24 13:01:46,008][pcse.crop.phenology.Annual_Phenology][INFO] - Changed phenological stage 'vegetative' to 'reproductive' on 1984-06-29
[2026-03-24 13:01:47,301][pcse.crop.phenology.Annual_Phenology][INFO] - Changed phenological stage 'reproductive' to 'mature' on 1984-09-13
[2026-03-24 13:01:47,568][pcse.base.timer.Timer][INFO] - Reached end of simulation period as specified by END_DATE.
| train          | E: 82 | S: 19762 | R: -2.9815 | TR: 40.0587 | TF: 512 | LR: 0 | NR: 0 | D: 04.3 s | TD: 00.0 s | BR: -0.0103 | ALOSS: 15821.5319 | CLOSS: 2272851.8439 | TLOSS: -268.3629 | TVAL: 0.3360 | AENT: -799.6012 | BCLOSS: 0.0000
[EPISODE DBG] episode=82 step=19762 pred_return=-2.674004 true_return=22.488642 total_feedback=512 labeled_feedback=0
[2026-03-24 13:01:47,573][pcse.agromanager.SoilCalendar][INFO] - Starting soil (oregon) with variation (oregon_1) on day 1984-02-01
[2026-03-24 13:01:47,575][pcse.agromanager.CropCalendar][INFO] - Starting crop (wheat) with variety (wheat_1) on day 1984-02-01
[2026-03-24 13:01:49,189][pcse.crop.phenology.Annual_Phenology][INFO] - Changed phenological stage 'emerging' to 'vegetative' on 1984-04-10
[2026-03-24 13:01:50,090][pcse.crop.phenology.Vernalisation][INFO] - Critical DVS for vernalization (VERNDVS) reached at day 1984-06-02, but vernalization requirements not yet fulfilled. Forcing vernalization now (VERN=47.688571).
[2026-03-24 13:01:50,107][pcse.crop.phenology.Vernalisation][INFO] - Critical DVS for vernalization (VERNDVS) reached at day 1984-06-03, but vernalization requirements not yet fulfilled. Forcing vernalization now (VERN=47.688571).
[2026-03-24 13:01:50,125][pcse.crop.phenology.Vernalisation][INFO] - Critical DVS for vernalization (VERNDVS) reached at day 1984-06-04, but vernalization requirements not yet fulfilled. Forcing vernalization now (VERN=47.688571).
[2026-03-24 13:01:50,142][pcse.crop.phenology.Vernalisation][INFO] - Critical DVS for vernalization (VERNDVS) reached at day 1984-06-05, but vernalization requirements not yet fulfilled. Forcing vernalization now (VERN=47.688571).
[2026-03-24 13:01:50,158][pcse.crop.phenology.Vernalisation][INFO] - Critical DVS for vernalization (VERNDVS) reached at day 1984-06-06, but vernalization requirements not yet fulfilled. Forcing vernalization now (VERN=47.688571).
[2026-03-24 13:01:50,174][pcse.crop.phenology.Vernalisation][INFO] - Critical DVS for vernalization (VERNDVS) reached at day 1984-06-07, but vernalization requirements not yet fulfilled. Forcing vernalization now (VERN=47.688571).
[2026-03-24 13:01:50,191][pcse.crop.phenology.Vernalisation][INFO] - Critical DVS for vernalization (VERNDVS) reached at day 1984-06-08, but vernalization requirements not yet fulfilled. Forcing vernalization now (VERN=47.688571).
[2026-03-24 13:01:50,208][pcse.crop.phenology.Vernalisation][INFO] - Critical DVS for vernalization (VERNDVS) reached at day 1984-06-09, but vernalization requirements not yet fulfilled. Forcing vernalization now (VERN=47.688571).
[2026-03-24 13:01:50,225][pcse.crop.phenology.Vernalisation][INFO] - Critical DVS for vernalization (VERNDVS) reached at day 1984-06-10, but vernalization requirements not yet fulfilled. Forcing vernalization now (VERN=47.688571).
[2026-03-24 13:01:50,241][pcse.crop.phenology.Vernalisation][INFO] - Critical DVS for vernalization (VERNDVS) reached at day 1984-06-11, but vernalization requirements not yet fulfilled. Forcing vernalization now (VERN=47.688571).
[2026-03-24 13:01:50,258][pcse.crop.phenology.Vernalisation][INFO] - Critical DVS for vernalization (VERNDVS) reached at day 1984-06-12, but vernalization requirements not yet fulfilled. Forcing vernalization now (VERN=47.688571).
[2026-03-24 13:01:50,275][pcse.crop.phenology.Vernalisation][INFO] - Critical DVS for vernalization (VERNDVS) reached at day 1984-06-13, but vernalization requirements not yet fulfilled. Forcing vernalization now (VERN=47.688571).
[2026-03-24 13:01:50,292][pcse.crop.phenology.Vernalisation][INFO] - Critical DVS for vernalization (VERNDVS) reached at day 1984-06-14, but vernalization requirements not yet fulfilled. Forcing vernalization now (VERN=47.688571).
[2026-03-24 13:01:50,308][pcse.crop.phenology.Vernalisation][INFO] - Critical DVS for vernalization (VERNDVS) reached at day 1984-06-15, but vernalization requirements not yet fulfilled. Forcing vernalization now (VERN=47.688571).
[2026-03-24 13:01:50,325][pcse.crop.phenology.Vernalisation][INFO] - Critical DVS for vernalization (VERNDVS) reached at day 1984-06-16, but vernalization requirements not yet fulfilled. Forcing vernalization now (VERN=47.688571).
[2026-03-24 13:01:50,342][pcse.crop.phenology.Vernalisation][INFO] - Critical DVS for vernalization (VERNDVS) reached at day 1984-06-17, but vernalization requirements not yet fulfilled. Forcing vernalization now (VERN=47.688571).
[2026-03-24 13:01:50,359][pcse.crop.phenology.Vernalisation][INFO] - Critical DVS for vernalization (VERNDVS) reached at day 1984-06-18, but vernalization requirements not yet fulfilled. Forcing vernalization now (VERN=47.688571).
[2026-03-24 13:01:50,376][pcse.crop.phenology.Vernalisation][INFO] - Critical DVS for vernalization (VERNDVS) reached at day 1984-06-19, but vernalization requirements not yet fulfilled. Forcing vernalization now (VERN=47.688571).
[2026-03-24 13:01:50,392][pcse.crop.phenology.Vernalisation][INFO] - Critical DVS for vernalization (VERNDVS) reached at day 1984-06-20, but vernalization requirements not yet fulfilled. Forcing vernalization now (VERN=47.688571).
[2026-03-24 13:01:50,410][pcse.crop.phenology.Vernalisation][INFO] - Critical DVS for vernalization (VERNDVS) reached at day 1984-06-21, but vernalization requirements not yet fulfilled. Forcing vernalization now (VERN=47.688571).
[2026-03-24 13:01:50,427][pcse.crop.phenology.Vernalisation][INFO] - Critical DVS for vernalization (VERNDVS) reached at day 1984-06-22, but vernalization requirements not yet fulfilled. Forcing vernalization now (VERN=47.688571).
[2026-03-24 13:01:50,444][pcse.crop.phenology.Vernalisation][INFO] - Critical DVS for vernalization (VERNDVS) reached at day 1984-06-23, but vernalization requirements not yet fulfilled. Forcing vernalization now (VERN=47.688571).
[2026-03-24 13:01:50,461][pcse.crop.phenology.Vernalisation][INFO] - Critical DVS for vernalization (VERNDVS) reached at day 1984-06-24, but vernalization requirements not yet fulfilled. Forcing vernalization now (VERN=47.688571).
[2026-03-24 13:01:50,478][pcse.crop.phenology.Vernalisation][INFO] - Critical DVS for vernalization (VERNDVS) reached at day 1984-06-25, but vernalization requirements not yet fulfilled. Forcing vernalization now (VERN=47.688571).
[2026-03-24 13:01:50,495][pcse.crop.phenology.Vernalisation][INFO] - Critical DVS for vernalization (VERNDVS) reached at day 1984-06-26, but vernalization requirements not yet fulfilled. Forcing vernalization now (VERN=47.688571).
[2026-03-24 13:01:50,512][pcse.crop.phenology.Vernalisation][INFO] - Critical DVS for vernalization (VERNDVS) reached at day 1984-06-27, but vernalization requirements not yet fulfilled. Forcing vernalization now (VERN=47.688571).
[2026-03-24 13:01:50,529][pcse.crop.phenology.Vernalisation][INFO] - Critical DVS for vernalization (VERNDVS) reached at day 1984-06-28, but vernalization requirements not yet fulfilled. Forcing vernalization now (VERN=47.688571).
[2026-03-24 13:01:50,546][pcse.crop.phenology.Vernalisation][INFO] - Critical DVS for vernalization (VERNDVS) reached at day 1984-06-29, but vernalization requirements not yet fulfilled. Forcing vernalization now (VERN=47.688571).
[2026-03-24 13:01:50,547][pcse.crop.phenology.Annual_Phenology][INFO] - Changed phenological stage 'vegetative' to 'reproductive' on 1984-06-29
[2026-03-24 13:01:51,830][pcse.crop.phenology.Annual_Phenology][INFO] - Changed phenological stage 'reproductive' to 'mature' on 1984-09-13
[REPLAY DBG] post-agent-update step=20000 n=20000 mean=-0.010309 std=0.015258 min=-0.094720 max=0.013632
[STEP DBG] step=20000 env_reward=0.007009 r_hat=-0.011759 done=False
[NORM DBG] count=20000 mean_abs_mean=62525.140625 mean_std=9.249336 min_std=0.001000 max_std=69.561745
[2026-03-24 13:01:52,426][pcse.base.timer.Timer][INFO] - Reached end of simulation period as specified by END_DATE.
| train          | E: 83 | S: 20003 | R: -2.6740 | TR: 22.4886 | TF: 512 | LR: 0 | NR: 0 | D: 04.9 s | TD: 00.0 s | BR: -0.0103 | ALOSS: 15833.7466 | CLOSS: 2216334.6181 | TLOSS: -266.0366 | TVAL: 0.3411 | AENT: -780.9285 | BCLOSS: 0.0000
[EPISODE DBG] episode=83 step=20003 pred_return=-2.414787 true_return=0.782103 total_feedback=512 labeled_feedback=0
[2026-03-24 13:01:52,434][pcse.agromanager.SoilCalendar][INFO] - Starting soil (oregon) with variation (oregon_1) on day 1984-02-01
[2026-03-24 13:01:52,437][pcse.agromanager.CropCalendar][INFO] - Starting crop (wheat) with variety (wheat_1) on day 1984-02-01
[2026-03-24 13:01:53,611][pcse.crop.phenology.Annual_Phenology][INFO] - Changed phenological stage 'emerging' to 'vegetative' on 1984-04-10
[2026-03-24 13:01:54,465][pcse.crop.phenology.Vernalisation][INFO] - Critical DVS for vernalization (VERNDVS) reached at day 1984-06-02, but vernalization requirements not yet fulfilled. Forcing vernalization now (VERN=47.688571).
[2026-03-24 13:01:54,482][pcse.crop.phenology.Vernalisation][INFO] - Critical DVS for vernalization (VERNDVS) reached at day 1984-06-03, but vernalization requirements not yet fulfilled. Forcing vernalization now (VERN=47.688571).
[2026-03-24 13:01:54,499][pcse.crop.phenology.Vernalisation][INFO] - Critical DVS for vernalization (VERNDVS) reached at day 1984-06-04, but vernalization requirements not yet fulfilled. Forcing vernalization now (VERN=47.688571).
[2026-03-24 13:01:54,514][pcse.crop.phenology.Vernalisation][INFO] - Critical DVS for vernalization (VERNDVS) reached at day 1984-06-05, but vernalization requirements not yet fulfilled. Forcing vernalization now (VERN=47.688571).
[2026-03-24 13:01:54,531][pcse.crop.phenology.Vernalisation][INFO] - Critical DVS for vernalization (VERNDVS) reached at day 1984-06-06, but vernalization requirements not yet fulfilled. Forcing vernalization now (VERN=47.688571).
[2026-03-24 13:01:54,548][pcse.crop.phenology.Vernalisation][INFO] - Critical DVS for vernalization (VERNDVS) reached at day 1984-06-07, but vernalization requirements not yet fulfilled. Forcing vernalization now (VERN=47.688571).
[2026-03-24 13:01:54,564][pcse.crop.phenology.Vernalisation][INFO] - Critical DVS for vernalization (VERNDVS) reached at day 1984-06-08, but vernalization requirements not yet fulfilled. Forcing vernalization now (VERN=47.688571).
[2026-03-24 13:01:54,580][pcse.crop.phenology.Vernalisation][INFO] - Critical DVS for vernalization (VERNDVS) reached at day 1984-06-09, but vernalization requirements not yet fulfilled. Forcing vernalization now (VERN=47.688571).
[2026-03-24 13:01:54,595][pcse.crop.phenology.Vernalisation][INFO] - Critical DVS for vernalization (VERNDVS) reached at day 1984-06-10, but vernalization requirements not yet fulfilled. Forcing vernalization now (VERN=47.688571).
[2026-03-24 13:01:54,612][pcse.crop.phenology.Vernalisation][INFO] - Critical DVS for vernalization (VERNDVS) reached at day 1984-06-11, but vernalization requirements not yet fulfilled. Forcing vernalization now (VERN=47.688571).
[2026-03-24 13:01:54,629][pcse.crop.phenology.Vernalisation][INFO] - Critical DVS for vernalization (VERNDVS) reached at day 1984-06-12, but vernalization requirements not yet fulfilled. Forcing vernalization now (VERN=47.688571).
[2026-03-24 13:01:54,646][pcse.crop.phenology.Vernalisation][INFO] - Critical DVS for vernalization (VERNDVS) reached at day 1984-06-13, but vernalization requirements not yet fulfilled. Forcing vernalization now (VERN=47.688571).
[2026-03-24 13:01:54,661][pcse.crop.phenology.Vernalisation][INFO] - Critical DVS for vernalization (VERNDVS) reached at day 1984-06-14, but vernalization requirements not yet fulfilled. Forcing vernalization now (VERN=47.688571).
[2026-03-24 13:01:54,677][pcse.crop.phenology.Vernalisation][INFO] - Critical DVS for vernalization (VERNDVS) reached at day 1984-06-15, but vernalization requirements not yet fulfilled. Forcing vernalization now (VERN=47.688571).
[2026-03-24 13:01:54,694][pcse.crop.phenology.Vernalisation][INFO] - Critical DVS for vernalization (VERNDVS) reached at day 1984-06-16, but vernalization requirements not yet fulfilled. Forcing vernalization now (VERN=47.688571).
[2026-03-24 13:01:54,711][pcse.crop.phenology.Vernalisation][INFO] - Critical DVS for vernalization (VERNDVS) reached at day 1984-06-17, but vernalization requirements not yet fulfilled. Forcing vernalization now (VERN=47.688571).
[2026-03-24 13:01:54,728][pcse.crop.phenology.Vernalisation][INFO] - Critical DVS for vernalization (VERNDVS) reached at day 1984-06-18, but vernalization requirements not yet fulfilled. Forcing vernalization now (VERN=47.688571).
[2026-03-24 13:01:54,744][pcse.crop.phenology.Vernalisation][INFO] - Critical DVS for vernalization (VERNDVS) reached at day 1984-06-19, but vernalization requirements not yet fulfilled. Forcing vernalization now (VERN=47.688571).
[2026-03-24 13:01:54,759][pcse.crop.phenology.Vernalisation][INFO] - Critical DVS for vernalization (VERNDVS) reached at day 1984-06-20, but vernalization requirements not yet fulfilled. Forcing vernalization now (VERN=47.688571).
[2026-03-24 13:01:54,775][pcse.crop.phenology.Vernalisation][INFO] - Critical DVS for vernalization (VERNDVS) reached at day 1984-06-21, but vernalization requirements not yet fulfilled. Forcing vernalization now (VERN=47.688571).
[2026-03-24 13:01:54,791][pcse.crop.phenology.Vernalisation][INFO] - Critical DVS for vernalization (VERNDVS) reached at day 1984-06-22, but vernalization requirements not yet fulfilled. Forcing vernalization now (VERN=47.688571).
[2026-03-24 13:01:54,808][pcse.crop.phenology.Vernalisation][INFO] - Critical DVS for vernalization (VERNDVS) reached at day 1984-06-23, but vernalization requirements not yet fulfilled. Forcing vernalization now (VERN=47.688571).
[2026-03-24 13:01:54,825][pcse.crop.phenology.Vernalisation][INFO] - Critical DVS for vernalization (VERNDVS) reached at day 1984-06-24, but vernalization requirements not yet fulfilled. Forcing vernalization now (VERN=47.688571).
[2026-03-24 13:01:54,841][pcse.crop.phenology.Vernalisation][INFO] - Critical DVS for vernalization (VERNDVS) reached at day 1984-06-25, but vernalization requirements not yet fulfilled. Forcing vernalization now (VERN=47.688571).
[2026-03-24 13:01:54,857][pcse.crop.phenology.Vernalisation][INFO] - Critical DVS for vernalization (VERNDVS) reached at day 1984-06-26, but vernalization requirements not yet fulfilled. Forcing vernalization now (VERN=47.688571).
[2026-03-24 13:01:54,874][pcse.crop.phenology.Vernalisation][INFO] - Critical DVS for vernalization (VERNDVS) reached at day 1984-06-27, but vernalization requirements not yet fulfilled. Forcing vernalization now (VERN=47.688571).
[2026-03-24 13:01:54,889][pcse.crop.phenology.Vernalisation][INFO] - Critical DVS for vernalization (VERNDVS) reached at day 1984-06-28, but vernalization requirements not yet fulfilled. Forcing vernalization now (VERN=47.688571).
[2026-03-24 13:01:54,906][pcse.crop.phenology.Vernalisation][INFO] - Critical DVS for vernalization (VERNDVS) reached at day 1984-06-29, but vernalization requirements not yet fulfilled. Forcing vernalization now (VERN=47.688571).
[2026-03-24 13:01:54,906][pcse.crop.phenology.Annual_Phenology][INFO] - Changed phenological stage 'vegetative' to 'reproductive' on 1984-06-29
[2026-03-24 13:01:56,549][pcse.crop.phenology.Annual_Phenology][INFO] - Changed phenological stage 'reproductive' to 'mature' on 1984-09-13
[2026-03-24 13:01:56,806][pcse.base.timer.Timer][INFO] - Reached end of simulation period as specified by END_DATE.
| train          | E: 84 | S: 20244 | R: -2.4148 | TR: 0.7821 | TF: 512 | LR: 0 | NR: 0 | D: 04.4 s | TD: 00.0 s | BR: -0.0104 | ALOSS: 15858.4002 | CLOSS: 2083158.7282 | TLOSS: -263.4108 | TVAL: 0.3464 | AENT: -761.3260 | BCLOSS: 0.0000
[EPISODE DBG] episode=84 step=20244 pred_return=-2.435460 true_return=14.774435 total_feedback=512 labeled_feedback=0
[2026-03-24 13:01:56,811][pcse.agromanager.SoilCalendar][INFO] - Starting soil (oregon) with variation (oregon_1) on day 1984-02-01
[2026-03-24 13:01:56,813][pcse.agromanager.CropCalendar][INFO] - Starting crop (wheat) with variety (wheat_1) on day 1984-02-01
[2026-03-24 13:01:57,908][pcse.crop.phenology.Annual_Phenology][INFO] - Changed phenological stage 'emerging' to 'vegetative' on 1984-04-10
[2026-03-24 13:01:58,682][pcse.crop.phenology.Vernalisation][INFO] - Critical DVS for vernalization (VERNDVS) reached at day 1984-06-02, but vernalization requirements not yet fulfilled. Forcing vernalization now (VERN=47.688571).
[2026-03-24 13:01:58,696][pcse.crop.phenology.Vernalisation][INFO] - Critical DVS for vernalization (VERNDVS) reached at day 1984-06-03, but vernalization requirements not yet fulfilled. Forcing vernalization now (VERN=47.688571).
[2026-03-24 13:01:58,709][pcse.crop.phenology.Vernalisation][INFO] - Critical DVS for vernalization (VERNDVS) reached at day 1984-06-04, but vernalization requirements not yet fulfilled. Forcing vernalization now (VERN=47.688571).
[2026-03-24 13:01:58,724][pcse.crop.phenology.Vernalisation][INFO] - Critical DVS for vernalization (VERNDVS) reached at day 1984-06-05, but vernalization requirements not yet fulfilled. Forcing vernalization now (VERN=47.688571).
[2026-03-24 13:01:58,738][pcse.crop.phenology.Vernalisation][INFO] - Critical DVS for vernalization (VERNDVS) reached at day 1984-06-06, but vernalization requirements not yet fulfilled. Forcing vernalization now (VERN=47.688571).
[2026-03-24 13:01:58,753][pcse.crop.phenology.Vernalisation][INFO] - Critical DVS for vernalization (VERNDVS) reached at day 1984-06-07, but vernalization requirements not yet fulfilled. Forcing vernalization now (VERN=47.688571).
[2026-03-24 13:01:58,769][pcse.crop.phenology.Vernalisation][INFO] - Critical DVS for vernalization (VERNDVS) reached at day 1984-06-08, but vernalization requirements not yet fulfilled. Forcing vernalization now (VERN=47.688571).
[2026-03-24 13:01:58,783][pcse.crop.phenology.Vernalisation][INFO] - Critical DVS for vernalization (VERNDVS) reached at day 1984-06-09, but vernalization requirements not yet fulfilled. Forcing vernalization now (VERN=47.688571).
[2026-03-24 13:01:58,800][pcse.crop.phenology.Vernalisation][INFO] - Critical DVS for vernalization (VERNDVS) reached at day 1984-06-10, but vernalization requirements not yet fulfilled. Forcing vernalization now (VERN=47.688571).
[2026-03-24 13:01:58,814][pcse.crop.phenology.Vernalisation][INFO] - Critical DVS for vernalization (VERNDVS) reached at day 1984-06-11, but vernalization requirements not yet fulfilled. Forcing vernalization now (VERN=47.688571).
[2026-03-24 13:01:58,830][pcse.crop.phenology.Vernalisation][INFO] - Critical DVS for vernalization (VERNDVS) reached at day 1984-06-12, but vernalization requirements not yet fulfilled. Forcing vernalization now (VERN=47.688571).
[2026-03-24 13:01:58,845][pcse.crop.phenology.Vernalisation][INFO] - Critical DVS for vernalization (VERNDVS) reached at day 1984-06-13, but vernalization requirements not yet fulfilled. Forcing vernalization now (VERN=47.688571).
[2026-03-24 13:01:58,860][pcse.crop.phenology.Vernalisation][INFO] - Critical DVS for vernalization (VERNDVS) reached at day 1984-06-14, but vernalization requirements not yet fulfilled. Forcing vernalization now (VERN=47.688571).
[2026-03-24 13:01:58,875][pcse.crop.phenology.Vernalisation][INFO] - Critical DVS for vernalization (VERNDVS) reached at day 1984-06-15, but vernalization requirements not yet fulfilled. Forcing vernalization now (VERN=47.688571).
[2026-03-24 13:01:58,891][pcse.crop.phenology.Vernalisation][INFO] - Critical DVS for vernalization (VERNDVS) reached at day 1984-06-16, but vernalization requirements not yet fulfilled. Forcing vernalization now (VERN=47.688571).
[2026-03-24 13:01:58,906][pcse.crop.phenology.Vernalisation][INFO] - Critical DVS for vernalization (VERNDVS) reached at day 1984-06-17, but vernalization requirements not yet fulfilled. Forcing vernalization now (VERN=47.688571).
[2026-03-24 13:01:58,921][pcse.crop.phenology.Vernalisation][INFO] - Critical DVS for vernalization (VERNDVS) reached at day 1984-06-18, but vernalization requirements not yet fulfilled. Forcing vernalization now (VERN=47.688571).
[2026-03-24 13:01:58,936][pcse.crop.phenology.Vernalisation][INFO] - Critical DVS for vernalization (VERNDVS) reached at day 1984-06-19, but vernalization requirements not yet fulfilled. Forcing vernalization now (VERN=47.688571).
[2026-03-24 13:01:58,952][pcse.crop.phenology.Vernalisation][INFO] - Critical DVS for vernalization (VERNDVS) reached at day 1984-06-20, but vernalization requirements not yet fulfilled. Forcing vernalization now (VERN=47.688571).
[2026-03-24 13:01:58,966][pcse.crop.phenology.Vernalisation][INFO] - Critical DVS for vernalization (VERNDVS) reached at day 1984-06-21, but vernalization requirements not yet fulfilled. Forcing vernalization now (VERN=47.688571).
[2026-03-24 13:01:58,981][pcse.crop.phenology.Vernalisation][INFO] - Critical DVS for vernalization (VERNDVS) reached at day 1984-06-22, but vernalization requirements not yet fulfilled. Forcing vernalization now (VERN=47.688571).
[2026-03-24 13:01:58,996][pcse.crop.phenology.Vernalisation][INFO] - Critical DVS for vernalization (VERNDVS) reached at day 1984-06-23, but vernalization requirements not yet fulfilled. Forcing vernalization now (VERN=47.688571).
[2026-03-24 13:01:59,010][pcse.crop.phenology.Vernalisation][INFO] - Critical DVS for vernalization (VERNDVS) reached at day 1984-06-24, but vernalization requirements not yet fulfilled. Forcing vernalization now (VERN=47.688571).
[2026-03-24 13:01:59,025][pcse.crop.phenology.Vernalisation][INFO] - Critical DVS for vernalization (VERNDVS) reached at day 1984-06-25, but vernalization requirements not yet fulfilled. Forcing vernalization now (VERN=47.688571).
[2026-03-24 13:01:59,041][pcse.crop.phenology.Vernalisation][INFO] - Critical DVS for vernalization (VERNDVS) reached at day 1984-06-26, but vernalization requirements not yet fulfilled. Forcing vernalization now (VERN=47.688571).
[2026-03-24 13:01:59,057][pcse.crop.phenology.Vernalisation][INFO] - Critical DVS for vernalization (VERNDVS) reached at day 1984-06-27, but vernalization requirements not yet fulfilled. Forcing vernalization now (VERN=47.688571).
[2026-03-24 13:01:59,072][pcse.crop.phenology.Vernalisation][INFO] - Critical DVS for vernalization (VERNDVS) reached at day 1984-06-28, but vernalization requirements not yet fulfilled. Forcing vernalization now (VERN=47.688571).
[2026-03-24 13:01:59,087][pcse.crop.phenology.Vernalisation][INFO] - Critical DVS for vernalization (VERNDVS) reached at day 1984-06-29, but vernalization requirements not yet fulfilled. Forcing vernalization now (VERN=47.688571).
[2026-03-24 13:01:59,087][pcse.crop.phenology.Annual_Phenology][INFO] - Changed phenological stage 'vegetative' to 'reproductive' on 1984-06-29
[2026-03-24 13:02:00,702][pcse.crop.phenology.Annual_Phenology][INFO] - Changed phenological stage 'reproductive' to 'mature' on 1984-09-13
[2026-03-24 13:02:00,985][pcse.base.timer.Timer][INFO] - Reached end of simulation period as specified by END_DATE.
| train          | E: 85 | S: 20485 | R: -2.4355 | TR: 14.7744 | TF: 512 | LR: 0 | NR: 0 | D: 04.2 s | TD: 00.0 s | BR: -0.0103 | ALOSS: 15884.6648 | CLOSS: 2285037.6304 | TLOSS: -262.4342 | TVAL: 0.3521 | AENT: -746.4092 | BCLOSS: 0.0000
[EPISODE DBG] episode=85 step=20485 pred_return=-2.568031 true_return=27.023877 total_feedback=512 labeled_feedback=0
[2026-03-24 13:02:00,990][pcse.agromanager.SoilCalendar][INFO] - Starting soil (oregon) with variation (oregon_1) on day 1984-02-01
[2026-03-24 13:02:00,992][pcse.agromanager.CropCalendar][INFO] - Starting crop (wheat) with variety (wheat_1) on day 1984-02-01
[REPLAY DBG] post-agent-update step=20500 n=20500 mean=-0.010323 std=0.015258 min=-0.094720 max=0.013632
[STEP DBG] step=20500 env_reward=0.000000 r_hat=-0.017632 done=False
[NORM DBG] count=20500 mean_abs_mean=62525.128906 mean_std=9.255805 min_std=0.001000 max_std=69.613472
[2026-03-24 13:02:02,194][pcse.crop.phenology.Annual_Phenology][INFO] - Changed phenological stage 'emerging' to 'vegetative' on 1984-04-10
[2026-03-24 13:02:03,387][pcse.crop.phenology.Vernalisation][INFO] - Critical DVS for vernalization (VERNDVS) reached at day 1984-06-02, but vernalization requirements not yet fulfilled. Forcing vernalization now (VERN=47.688571).
[2026-03-24 13:02:03,402][pcse.crop.phenology.Vernalisation][INFO] - Critical DVS for vernalization (VERNDVS) reached at day 1984-06-03, but vernalization requirements not yet fulfilled. Forcing vernalization now (VERN=47.688571).
[2026-03-24 13:02:03,417][pcse.crop.phenology.Vernalisation][INFO] - Critical DVS for vernalization (VERNDVS) reached at day 1984-06-04, but vernalization requirements not yet fulfilled. Forcing vernalization now (VERN=47.688571).
[2026-03-24 13:02:03,433][pcse.crop.phenology.Vernalisation][INFO] - Critical DVS for vernalization (VERNDVS) reached at day 1984-06-05, but vernalization requirements not yet fulfilled. Forcing vernalization now (VERN=47.688571).
[2026-03-24 13:02:03,448][pcse.crop.phenology.Vernalisation][INFO] - Critical DVS for vernalization (VERNDVS) reached at day 1984-06-06, but vernalization requirements not yet fulfilled. Forcing vernalization now (VERN=47.688571).
[2026-03-24 13:02:03,464][pcse.crop.phenology.Vernalisation][INFO] - Critical DVS for vernalization (VERNDVS) reached at day 1984-06-07, but vernalization requirements not yet fulfilled. Forcing vernalization now (VERN=47.688571).
[2026-03-24 13:02:03,480][pcse.crop.phenology.Vernalisation][INFO] - Critical DVS for vernalization (VERNDVS) reached at day 1984-06-08, but vernalization requirements not yet fulfilled. Forcing vernalization now (VERN=47.688571).
[2026-03-24 13:02:03,496][pcse.crop.phenology.Vernalisation][INFO] - Critical DVS for vernalization (VERNDVS) reached at day 1984-06-09, but vernalization requirements not yet fulfilled. Forcing vernalization now (VERN=47.688571).
[2026-03-24 13:02:03,511][pcse.crop.phenology.Vernalisation][INFO] - Critical DVS for vernalization (VERNDVS) reached at day 1984-06-10, but vernalization requirements not yet fulfilled. Forcing vernalization now (VERN=47.688571).
[2026-03-24 13:02:03,527][pcse.crop.phenology.Vernalisation][INFO] - Critical DVS for vernalization (VERNDVS) reached at day 1984-06-11, but vernalization requirements not yet fulfilled. Forcing vernalization now (VERN=47.688571).
[2026-03-24 13:02:03,542][pcse.crop.phenology.Vernalisation][INFO] - Critical DVS for vernalization (VERNDVS) reached at day 1984-06-12, but vernalization requirements not yet fulfilled. Forcing vernalization now (VERN=47.688571).
[2026-03-24 13:02:03,557][pcse.crop.phenology.Vernalisation][INFO] - Critical DVS for vernalization (VERNDVS) reached at day 1984-06-13, but vernalization requirements not yet fulfilled. Forcing vernalization now (VERN=47.688571).
[2026-03-24 13:02:03,573][pcse.crop.phenology.Vernalisation][INFO] - Critical DVS for vernalization (VERNDVS) reached at day 1984-06-14, but vernalization requirements not yet fulfilled. Forcing vernalization now (VERN=47.688571).
[2026-03-24 13:02:03,589][pcse.crop.phenology.Vernalisation][INFO] - Critical DVS for vernalization (VERNDVS) reached at day 1984-06-15, but vernalization requirements not yet fulfilled. Forcing vernalization now (VERN=47.688571).
[2026-03-24 13:02:03,604][pcse.crop.phenology.Vernalisation][INFO] - Critical DVS for vernalization (VERNDVS) reached at day 1984-06-16, but vernalization requirements not yet fulfilled. Forcing vernalization now (VERN=47.688571).
[2026-03-24 13:02:03,620][pcse.crop.phenology.Vernalisation][INFO] - Critical DVS for vernalization (VERNDVS) reached at day 1984-06-17, but vernalization requirements not yet fulfilled. Forcing vernalization now (VERN=47.688571).
[2026-03-24 13:02:03,634][pcse.crop.phenology.Vernalisation][INFO] - Critical DVS for vernalization (VERNDVS) reached at day 1984-06-18, but vernalization requirements not yet fulfilled. Forcing vernalization now (VERN=47.688571).
[2026-03-24 13:02:03,649][pcse.crop.phenology.Vernalisation][INFO] - Critical DVS for vernalization (VERNDVS) reached at day 1984-06-19, but vernalization requirements not yet fulfilled. Forcing vernalization now (VERN=47.688571).
[2026-03-24 13:02:03,664][pcse.crop.phenology.Vernalisation][INFO] - Critical DVS for vernalization (VERNDVS) reached at day 1984-06-20, but vernalization requirements not yet fulfilled. Forcing vernalization now (VERN=47.688571).
[2026-03-24 13:02:03,680][pcse.crop.phenology.Vernalisation][INFO] - Critical DVS for vernalization (VERNDVS) reached at day 1984-06-21, but vernalization requirements not yet fulfilled. Forcing vernalization now (VERN=47.688571).
[2026-03-24 13:02:03,695][pcse.crop.phenology.Vernalisation][INFO] - Critical DVS for vernalization (VERNDVS) reached at day 1984-06-22, but vernalization requirements not yet fulfilled. Forcing vernalization now (VERN=47.688571).
[2026-03-24 13:02:03,710][pcse.crop.phenology.Vernalisation][INFO] - Critical DVS for vernalization (VERNDVS) reached at day 1984-06-23, but vernalization requirements not yet fulfilled. Forcing vernalization now (VERN=47.688571).
[2026-03-24 13:02:03,725][pcse.crop.phenology.Vernalisation][INFO] - Critical DVS for vernalization (VERNDVS) reached at day 1984-06-24, but vernalization requirements not yet fulfilled. Forcing vernalization now (VERN=47.688571).
[2026-03-24 13:02:03,741][pcse.crop.phenology.Vernalisation][INFO] - Critical DVS for vernalization (VERNDVS) reached at day 1984-06-25, but vernalization requirements not yet fulfilled. Forcing vernalization now (VERN=47.688571).
[2026-03-24 13:02:03,756][pcse.crop.phenology.Vernalisation][INFO] - Critical DVS for vernalization (VERNDVS) reached at day 1984-06-26, but vernalization requirements not yet fulfilled. Forcing vernalization now (VERN=47.688571).
[2026-03-24 13:02:03,770][pcse.crop.phenology.Vernalisation][INFO] - Critical DVS for vernalization (VERNDVS) reached at day 1984-06-27, but vernalization requirements not yet fulfilled. Forcing vernalization now (VERN=47.688571).
[2026-03-24 13:02:03,784][pcse.crop.phenology.Vernalisation][INFO] - Critical DVS for vernalization (VERNDVS) reached at day 1984-06-28, but vernalization requirements not yet fulfilled. Forcing vernalization now (VERN=47.688571).
[2026-03-24 13:02:03,798][pcse.crop.phenology.Vernalisation][INFO] - Critical DVS for vernalization (VERNDVS) reached at day 1984-06-29, but vernalization requirements not yet fulfilled. Forcing vernalization now (VERN=47.688571).
[2026-03-24 13:02:03,798][pcse.crop.phenology.Annual_Phenology][INFO] - Changed phenological stage 'vegetative' to 'reproductive' on 1984-06-29
[2026-03-24 13:02:05,042][pcse.crop.phenology.Annual_Phenology][INFO] - Changed phenological stage 'reproductive' to 'mature' on 1984-09-13
[2026-03-24 13:02:05,325][pcse.base.timer.Timer][INFO] - Reached end of simulation period as specified by END_DATE.
| train          | E: 86 | S: 20726 | R: -2.5680 | TR: 27.0239 | TF: 512 | LR: 0 | NR: 0 | D: 04.3 s | TD: 00.0 s | BR: -0.0103 | ALOSS: 15921.1642 | CLOSS: 2355631.9704 | TLOSS: -263.4800 | TVAL: 0.3580 | AENT: -736.9830 | BCLOSS: 0.0000
[EPISODE DBG] episode=86 step=20726 pred_return=-2.624199 true_return=27.959066 total_feedback=512 labeled_feedback=0
[2026-03-24 13:02:05,330][pcse.agromanager.SoilCalendar][INFO] - Starting soil (oregon) with variation (oregon_1) on day 1984-02-01
[2026-03-24 13:02:05,331][pcse.agromanager.CropCalendar][INFO] - Starting crop (wheat) with variety (wheat_1) on day 1984-02-01
[2026-03-24 13:02:06,500][pcse.crop.phenology.Annual_Phenology][INFO] - Changed phenological stage 'emerging' to 'vegetative' on 1984-04-10
[2026-03-24 13:02:07,777][pcse.crop.phenology.Vernalisation][INFO] - Critical DVS for vernalization (VERNDVS) reached at day 1984-06-02, but vernalization requirements not yet fulfilled. Forcing vernalization now (VERN=47.688571).
[2026-03-24 13:02:07,796][pcse.crop.phenology.Vernalisation][INFO] - Critical DVS for vernalization (VERNDVS) reached at day 1984-06-03, but vernalization requirements not yet fulfilled. Forcing vernalization now (VERN=47.688571).
[2026-03-24 13:02:07,814][pcse.crop.phenology.Vernalisation][INFO] - Critical DVS for vernalization (VERNDVS) reached at day 1984-06-04, but vernalization requirements not yet fulfilled. Forcing vernalization now (VERN=47.688571).
[2026-03-24 13:02:07,831][pcse.crop.phenology.Vernalisation][INFO] - Critical DVS for vernalization (VERNDVS) reached at day 1984-06-05, but vernalization requirements not yet fulfilled. Forcing vernalization now (VERN=47.688571).
[2026-03-24 13:02:07,850][pcse.crop.phenology.Vernalisation][INFO] - Critical DVS for vernalization (VERNDVS) reached at day 1984-06-06, but vernalization requirements not yet fulfilled. Forcing vernalization now (VERN=47.688571).
[2026-03-24 13:02:07,867][pcse.crop.phenology.Vernalisation][INFO] - Critical DVS for vernalization (VERNDVS) reached at day 1984-06-07, but vernalization requirements not yet fulfilled. Forcing vernalization now (VERN=47.688571).
[2026-03-24 13:02:07,884][pcse.crop.phenology.Vernalisation][INFO] - Critical DVS for vernalization (VERNDVS) reached at day 1984-06-08, but vernalization requirements not yet fulfilled. Forcing vernalization now (VERN=47.688571).
[2026-03-24 13:02:07,902][pcse.crop.phenology.Vernalisation][INFO] - Critical DVS for vernalization (VERNDVS) reached at day 1984-06-09, but vernalization requirements not yet fulfilled. Forcing vernalization now (VERN=47.688571).
[2026-03-24 13:02:07,919][pcse.crop.phenology.Vernalisation][INFO] - Critical DVS for vernalization (VERNDVS) reached at day 1984-06-10, but vernalization requirements not yet fulfilled. Forcing vernalization now (VERN=47.688571).
[2026-03-24 13:02:07,938][pcse.crop.phenology.Vernalisation][INFO] - Critical DVS for vernalization (VERNDVS) reached at day 1984-06-11, but vernalization requirements not yet fulfilled. Forcing vernalization now (VERN=47.688571).
[2026-03-24 13:02:07,955][pcse.crop.phenology.Vernalisation][INFO] - Critical DVS for vernalization (VERNDVS) reached at day 1984-06-12, but vernalization requirements not yet fulfilled. Forcing vernalization now (VERN=47.688571).
[2026-03-24 13:02:07,973][pcse.crop.phenology.Vernalisation][INFO] - Critical DVS for vernalization (VERNDVS) reached at day 1984-06-13, but vernalization requirements not yet fulfilled. Forcing vernalization now (VERN=47.688571).
[2026-03-24 13:02:07,990][pcse.crop.phenology.Vernalisation][INFO] - Critical DVS for vernalization (VERNDVS) reached at day 1984-06-14, but vernalization requirements not yet fulfilled. Forcing vernalization now (VERN=47.688571).
[2026-03-24 13:02:08,007][pcse.crop.phenology.Vernalisation][INFO] - Critical DVS for vernalization (VERNDVS) reached at day 1984-06-15, but vernalization requirements not yet fulfilled. Forcing vernalization now (VERN=47.688571).
[2026-03-24 13:02:08,025][pcse.crop.phenology.Vernalisation][INFO] - Critical DVS for vernalization (VERNDVS) reached at day 1984-06-16, but vernalization requirements not yet fulfilled. Forcing vernalization now (VERN=47.688571).
[2026-03-24 13:02:08,043][pcse.crop.phenology.Vernalisation][INFO] - Critical DVS for vernalization (VERNDVS) reached at day 1984-06-17, but vernalization requirements not yet fulfilled. Forcing vernalization now (VERN=47.688571).
[2026-03-24 13:02:08,062][pcse.crop.phenology.Vernalisation][INFO] - Critical DVS for vernalization (VERNDVS) reached at day 1984-06-18, but vernalization requirements not yet fulfilled. Forcing vernalization now (VERN=47.688571).
[2026-03-24 13:02:08,080][pcse.crop.phenology.Vernalisation][INFO] - Critical DVS for vernalization (VERNDVS) reached at day 1984-06-19, but vernalization requirements not yet fulfilled. Forcing vernalization now (VERN=47.688571).
[2026-03-24 13:02:08,098][pcse.crop.phenology.Vernalisation][INFO] - Critical DVS for vernalization (VERNDVS) reached at day 1984-06-20, but vernalization requirements not yet fulfilled. Forcing vernalization now (VERN=47.688571).
[2026-03-24 13:02:08,115][pcse.crop.phenology.Vernalisation][INFO] - Critical DVS for vernalization (VERNDVS) reached at day 1984-06-21, but vernalization requirements not yet fulfilled. Forcing vernalization now (VERN=47.688571).
[2026-03-24 13:02:08,133][pcse.crop.phenology.Vernalisation][INFO] - Critical DVS for vernalization (VERNDVS) reached at day 1984-06-22, but vernalization requirements not yet fulfilled. Forcing vernalization now (VERN=47.688571).
[2026-03-24 13:02:08,151][pcse.crop.phenology.Vernalisation][INFO] - Critical DVS for vernalization (VERNDVS) reached at day 1984-06-23, but vernalization requirements not yet fulfilled. Forcing vernalization now (VERN=47.688571).
[2026-03-24 13:02:08,169][pcse.crop.phenology.Vernalisation][INFO] - Critical DVS for vernalization (VERNDVS) reached at day 1984-06-24, but vernalization requirements not yet fulfilled. Forcing vernalization now (VERN=47.688571).
[2026-03-24 13:02:08,188][pcse.crop.phenology.Vernalisation][INFO] - Critical DVS for vernalization (VERNDVS) reached at day 1984-06-25, but vernalization requirements not yet fulfilled. Forcing vernalization now (VERN=47.688571).
[2026-03-24 13:02:08,207][pcse.crop.phenology.Vernalisation][INFO] - Critical DVS for vernalization (VERNDVS) reached at day 1984-06-26, but vernalization requirements not yet fulfilled. Forcing vernalization now (VERN=47.688571).
[2026-03-24 13:02:08,225][pcse.crop.phenology.Vernalisation][INFO] - Critical DVS for vernalization (VERNDVS) reached at day 1984-06-27, but vernalization requirements not yet fulfilled. Forcing vernalization now (VERN=47.688571).
[2026-03-24 13:02:08,243][pcse.crop.phenology.Vernalisation][INFO] - Critical DVS for vernalization (VERNDVS) reached at day 1984-06-28, but vernalization requirements not yet fulfilled. Forcing vernalization now (VERN=47.688571).
[2026-03-24 13:02:08,261][pcse.crop.phenology.Vernalisation][INFO] - Critical DVS for vernalization (VERNDVS) reached at day 1984-06-29, but vernalization requirements not yet fulfilled. Forcing vernalization now (VERN=47.688571).
[2026-03-24 13:02:08,261][pcse.crop.phenology.Annual_Phenology][INFO] - Changed phenological stage 'vegetative' to 'reproductive' on 1984-06-29
[2026-03-24 13:02:09,628][pcse.crop.phenology.Annual_Phenology][INFO] - Changed phenological stage 'reproductive' to 'mature' on 1984-09-13
[2026-03-24 13:02:09,903][pcse.base.timer.Timer][INFO] - Reached end of simulation period as specified by END_DATE.
| train          | E: 87 | S: 20967 | R: -2.6242 | TR: 27.9591 | TF: 512 | LR: 0 | NR: 0 | D: 04.6 s | TD: 00.0 s | BR: -0.0103 | ALOSS: 16170.1231 | CLOSS: 3924570.1769 | TLOSS: -346.0931 | TVAL: 0.3645 | AENT: -948.9512 | BCLOSS: 0.0000
[EPISODE DBG] episode=87 step=20967 pred_return=-3.523347 true_return=79.529794 total_feedback=512 labeled_feedback=0
[2026-03-24 13:02:09,911][pcse.agromanager.SoilCalendar][INFO] - Starting soil (oregon) with variation (oregon_1) on day 1984-02-01
[2026-03-24 13:02:09,913][pcse.agromanager.CropCalendar][INFO] - Starting crop (wheat) with variety (wheat_1) on day 1984-02-01
[REPLAY DBG] post-agent-update step=21000 n=21000 mean=-0.010393 std=0.015253 min=-0.094720 max=0.013632
[STEP DBG] step=21000 env_reward=0.000000 r_hat=-0.053071 done=False
[NORM DBG] count=21000 mean_abs_mean=62525.121094 mean_std=9.259857 min_std=0.001000 max_std=69.639984
[2026-03-24 13:02:11,554][pcse.crop.phenology.Annual_Phenology][INFO] - Changed phenological stage 'emerging' to 'vegetative' on 1984-04-10
[2026-03-24 13:02:12,438][pcse.crop.phenology.Vernalisation][INFO] - Critical DVS for vernalization (VERNDVS) reached at day 1984-06-02, but vernalization requirements not yet fulfilled. Forcing vernalization now (VERN=47.688571).
[2026-03-24 13:02:12,455][pcse.crop.phenology.Vernalisation][INFO] - Critical DVS for vernalization (VERNDVS) reached at day 1984-06-03, but vernalization requirements not yet fulfilled. Forcing vernalization now (VERN=47.688571).
[2026-03-24 13:02:12,472][pcse.crop.phenology.Vernalisation][INFO] - Critical DVS for vernalization (VERNDVS) reached at day 1984-06-04, but vernalization requirements not yet fulfilled. Forcing vernalization now (VERN=47.688571).
[2026-03-24 13:02:12,489][pcse.crop.phenology.Vernalisation][INFO] - Critical DVS for vernalization (VERNDVS) reached at day 1984-06-05, but vernalization requirements not yet fulfilled. Forcing vernalization now (VERN=47.688571).
[2026-03-24 13:02:12,506][pcse.crop.phenology.Vernalisation][INFO] - Critical DVS for vernalization (VERNDVS) reached at day 1984-06-06, but vernalization requirements not yet fulfilled. Forcing vernalization now (VERN=47.688571).
[2026-03-24 13:02:12,524][pcse.crop.phenology.Vernalisation][INFO] - Critical DVS for vernalization (VERNDVS) reached at day 1984-06-07, but vernalization requirements not yet fulfilled. Forcing vernalization now (VERN=47.688571).
[2026-03-24 13:02:12,540][pcse.crop.phenology.Vernalisation][INFO] - Critical DVS for vernalization (VERNDVS) reached at day 1984-06-08, but vernalization requirements not yet fulfilled. Forcing vernalization now (VERN=47.688571).
[2026-03-24 13:02:12,558][pcse.crop.phenology.Vernalisation][INFO] - Critical DVS for vernalization (VERNDVS) reached at day 1984-06-09, but vernalization requirements not yet fulfilled. Forcing vernalization now (VERN=47.688571).
[2026-03-24 13:02:12,575][pcse.crop.phenology.Vernalisation][INFO] - Critical DVS for vernalization (VERNDVS) reached at day 1984-06-10, but vernalization requirements not yet fulfilled. Forcing vernalization now (VERN=47.688571).
[2026-03-24 13:02:12,592][pcse.crop.phenology.Vernalisation][INFO] - Critical DVS for vernalization (VERNDVS) reached at day 1984-06-11, but vernalization requirements not yet fulfilled. Forcing vernalization now (VERN=47.688571).
[2026-03-24 13:02:12,610][pcse.crop.phenology.Vernalisation][INFO] - Critical DVS for vernalization (VERNDVS) reached at day 1984-06-12, but vernalization requirements not yet fulfilled. Forcing vernalization now (VERN=47.688571).
[2026-03-24 13:02:12,626][pcse.crop.phenology.Vernalisation][INFO] - Critical DVS for vernalization (VERNDVS) reached at day 1984-06-13, but vernalization requirements not yet fulfilled. Forcing vernalization now (VERN=47.688571).
[2026-03-24 13:02:12,643][pcse.crop.phenology.Vernalisation][INFO] - Critical DVS for vernalization (VERNDVS) reached at day 1984-06-14, but vernalization requirements not yet fulfilled. Forcing vernalization now (VERN=47.688571).
[2026-03-24 13:02:12,660][pcse.crop.phenology.Vernalisation][INFO] - Critical DVS for vernalization (VERNDVS) reached at day 1984-06-15, but vernalization requirements not yet fulfilled. Forcing vernalization now (VERN=47.688571).
[2026-03-24 13:02:12,677][pcse.crop.phenology.Vernalisation][INFO] - Critical DVS for vernalization (VERNDVS) reached at day 1984-06-16, but vernalization requirements not yet fulfilled. Forcing vernalization now (VERN=47.688571).
[2026-03-24 13:02:12,694][pcse.crop.phenology.Vernalisation][INFO] - Critical DVS for vernalization (VERNDVS) reached at day 1984-06-17, but vernalization requirements not yet fulfilled. Forcing vernalization now (VERN=47.688571).
[2026-03-24 13:02:12,710][pcse.crop.phenology.Vernalisation][INFO] - Critical DVS for vernalization (VERNDVS) reached at day 1984-06-18, but vernalization requirements not yet fulfilled. Forcing vernalization now (VERN=47.688571).
[2026-03-24 13:02:12,728][pcse.crop.phenology.Vernalisation][INFO] - Critical DVS for vernalization (VERNDVS) reached at day 1984-06-19, but vernalization requirements not yet fulfilled. Forcing vernalization now (VERN=47.688571).
[2026-03-24 13:02:12,744][pcse.crop.phenology.Vernalisation][INFO] - Critical DVS for vernalization (VERNDVS) reached at day 1984-06-20, but vernalization requirements not yet fulfilled. Forcing vernalization now (VERN=47.688571).
[2026-03-24 13:02:12,761][pcse.crop.phenology.Vernalisation][INFO] - Critical DVS for vernalization (VERNDVS) reached at day 1984-06-21, but vernalization requirements not yet fulfilled. Forcing vernalization now (VERN=47.688571).
[2026-03-24 13:02:12,778][pcse.crop.phenology.Vernalisation][INFO] - Critical DVS for vernalization (VERNDVS) reached at day 1984-06-22, but vernalization requirements not yet fulfilled. Forcing vernalization now (VERN=47.688571).
[2026-03-24 13:02:12,795][pcse.crop.phenology.Vernalisation][INFO] - Critical DVS for vernalization (VERNDVS) reached at day 1984-06-23, but vernalization requirements not yet fulfilled. Forcing vernalization now (VERN=47.688571).
[2026-03-24 13:02:12,811][pcse.crop.phenology.Vernalisation][INFO] - Critical DVS for vernalization (VERNDVS) reached at day 1984-06-24, but vernalization requirements not yet fulfilled. Forcing vernalization now (VERN=47.688571).
[2026-03-24 13:02:12,829][pcse.crop.phenology.Vernalisation][INFO] - Critical DVS for vernalization (VERNDVS) reached at day 1984-06-25, but vernalization requirements not yet fulfilled. Forcing vernalization now (VERN=47.688571).
[2026-03-24 13:02:12,845][pcse.crop.phenology.Vernalisation][INFO] - Critical DVS for vernalization (VERNDVS) reached at day 1984-06-26, but vernalization requirements not yet fulfilled. Forcing vernalization now (VERN=47.688571).
[2026-03-24 13:02:12,862][pcse.crop.phenology.Vernalisation][INFO] - Critical DVS for vernalization (VERNDVS) reached at day 1984-06-27, but vernalization requirements not yet fulfilled. Forcing vernalization now (VERN=47.688571).
[2026-03-24 13:02:12,879][pcse.crop.phenology.Vernalisation][INFO] - Critical DVS for vernalization (VERNDVS) reached at day 1984-06-28, but vernalization requirements not yet fulfilled. Forcing vernalization now (VERN=47.688571).
[2026-03-24 13:02:12,895][pcse.crop.phenology.Vernalisation][INFO] - Critical DVS for vernalization (VERNDVS) reached at day 1984-06-29, but vernalization requirements not yet fulfilled. Forcing vernalization now (VERN=47.688571).
[2026-03-24 13:02:12,896][pcse.crop.phenology.Annual_Phenology][INFO] - Changed phenological stage 'vegetative' to 'reproductive' on 1984-06-29
[2026-03-24 13:02:14,180][pcse.crop.phenology.Annual_Phenology][INFO] - Changed phenological stage 'reproductive' to 'mature' on 1984-09-13
[2026-03-24 13:02:14,884][pcse.base.timer.Timer][INFO] - Reached end of simulation period as specified by END_DATE.
| train          | E: 88 | S: 21208 | R: -3.5233 | TR: 79.5298 | TF: 512 | LR: 0 | NR: 0 | D: 05.0 s | TD: 00.0 s | BR: -0.0104 | ALOSS: 16562.2044 | CLOSS: 3293744.2907 | TLOSS: -470.5158 | TVAL: 0.3744 | AENT: -1258.0314 | BCLOSS: 0.0000
[EPISODE DBG] episode=88 step=21208 pred_return=-3.119230 true_return=48.629260 total_feedback=512 labeled_feedback=0
[2026-03-24 13:02:14,892][pcse.agromanager.SoilCalendar][INFO] - Starting soil (oregon) with variation (oregon_1) on day 1984-02-01
[2026-03-24 13:02:14,894][pcse.agromanager.CropCalendar][INFO] - Starting crop (wheat) with variety (wheat_1) on day 1984-02-01
[2026-03-24 13:02:16,384][pcse.crop.phenology.Annual_Phenology][INFO] - Changed phenological stage 'emerging' to 'vegetative' on 1984-04-10
[2026-03-24 13:02:17,270][pcse.crop.phenology.Vernalisation][INFO] - Critical DVS for vernalization (VERNDVS) reached at day 1984-06-02, but vernalization requirements not yet fulfilled. Forcing vernalization now (VERN=47.688571).
[2026-03-24 13:02:17,288][pcse.crop.phenology.Vernalisation][INFO] - Critical DVS for vernalization (VERNDVS) reached at day 1984-06-03, but vernalization requirements not yet fulfilled. Forcing vernalization now (VERN=47.688571).
[2026-03-24 13:02:17,305][pcse.crop.phenology.Vernalisation][INFO] - Critical DVS for vernalization (VERNDVS) reached at day 1984-06-04, but vernalization requirements not yet fulfilled. Forcing vernalization now (VERN=47.688571).
[2026-03-24 13:02:17,323][pcse.crop.phenology.Vernalisation][INFO] - Critical DVS for vernalization (VERNDVS) reached at day 1984-06-05, but vernalization requirements not yet fulfilled. Forcing vernalization now (VERN=47.688571).
[2026-03-24 13:02:17,341][pcse.crop.phenology.Vernalisation][INFO] - Critical DVS for vernalization (VERNDVS) reached at day 1984-06-06, but vernalization requirements not yet fulfilled. Forcing vernalization now (VERN=47.688571).
[2026-03-24 13:02:17,358][pcse.crop.phenology.Vernalisation][INFO] - Critical DVS for vernalization (VERNDVS) reached at day 1984-06-07, but vernalization requirements not yet fulfilled. Forcing vernalization now (VERN=47.688571).
[2026-03-24 13:02:17,376][pcse.crop.phenology.Vernalisation][INFO] - Critical DVS for vernalization (VERNDVS) reached at day 1984-06-08, but vernalization requirements not yet fulfilled. Forcing vernalization now (VERN=47.688571).
[2026-03-24 13:02:17,394][pcse.crop.phenology.Vernalisation][INFO] - Critical DVS for vernalization (VERNDVS) reached at day 1984-06-09, but vernalization requirements not yet fulfilled. Forcing vernalization now (VERN=47.688571).
[2026-03-24 13:02:17,411][pcse.crop.phenology.Vernalisation][INFO] - Critical DVS for vernalization (VERNDVS) reached at day 1984-06-10, but vernalization requirements not yet fulfilled. Forcing vernalization now (VERN=47.688571).
[2026-03-24 13:02:17,429][pcse.crop.phenology.Vernalisation][INFO] - Critical DVS for vernalization (VERNDVS) reached at day 1984-06-11, but vernalization requirements not yet fulfilled. Forcing vernalization now (VERN=47.688571).
[2026-03-24 13:02:17,447][pcse.crop.phenology.Vernalisation][INFO] - Critical DVS for vernalization (VERNDVS) reached at day 1984-06-12, but vernalization requirements not yet fulfilled. Forcing vernalization now (VERN=47.688571).
[2026-03-24 13:02:17,464][pcse.crop.phenology.Vernalisation][INFO] - Critical DVS for vernalization (VERNDVS) reached at day 1984-06-13, but vernalization requirements not yet fulfilled. Forcing vernalization now (VERN=47.688571).
[2026-03-24 13:02:17,482][pcse.crop.phenology.Vernalisation][INFO] - Critical DVS for vernalization (VERNDVS) reached at day 1984-06-14, but vernalization requirements not yet fulfilled. Forcing vernalization now (VERN=47.688571).
[2026-03-24 13:02:17,498][pcse.crop.phenology.Vernalisation][INFO] - Critical DVS for vernalization (VERNDVS) reached at day 1984-06-15, but vernalization requirements not yet fulfilled. Forcing vernalization now (VERN=47.688571).
[2026-03-24 13:02:17,515][pcse.crop.phenology.Vernalisation][INFO] - Critical DVS for vernalization (VERNDVS) reached at day 1984-06-16, but vernalization requirements not yet fulfilled. Forcing vernalization now (VERN=47.688571).
[2026-03-24 13:02:17,532][pcse.crop.phenology.Vernalisation][INFO] - Critical DVS for vernalization (VERNDVS) reached at day 1984-06-17, but vernalization requirements not yet fulfilled. Forcing vernalization now (VERN=47.688571).
[2026-03-24 13:02:17,550][pcse.crop.phenology.Vernalisation][INFO] - Critical DVS for vernalization (VERNDVS) reached at day 1984-06-18, but vernalization requirements not yet fulfilled. Forcing vernalization now (VERN=47.688571).
[2026-03-24 13:02:17,567][pcse.crop.phenology.Vernalisation][INFO] - Critical DVS for vernalization (VERNDVS) reached at day 1984-06-19, but vernalization requirements not yet fulfilled. Forcing vernalization now (VERN=47.688571).
[2026-03-24 13:02:17,585][pcse.crop.phenology.Vernalisation][INFO] - Critical DVS for vernalization (VERNDVS) reached at day 1984-06-20, but vernalization requirements not yet fulfilled. Forcing vernalization now (VERN=47.688571).
[2026-03-24 13:02:17,602][pcse.crop.phenology.Vernalisation][INFO] - Critical DVS for vernalization (VERNDVS) reached at day 1984-06-21, but vernalization requirements not yet fulfilled. Forcing vernalization now (VERN=47.688571).
[2026-03-24 13:02:17,619][pcse.crop.phenology.Vernalisation][INFO] - Critical DVS for vernalization (VERNDVS) reached at day 1984-06-22, but vernalization requirements not yet fulfilled. Forcing vernalization now (VERN=47.688571).
[2026-03-24 13:02:17,636][pcse.crop.phenology.Vernalisation][INFO] - Critical DVS for vernalization (VERNDVS) reached at day 1984-06-23, but vernalization requirements not yet fulfilled. Forcing vernalization now (VERN=47.688571).
[2026-03-24 13:02:17,653][pcse.crop.phenology.Vernalisation][INFO] - Critical DVS for vernalization (VERNDVS) reached at day 1984-06-24, but vernalization requirements not yet fulfilled. Forcing vernalization now (VERN=47.688571).
[2026-03-24 13:02:17,671][pcse.crop.phenology.Vernalisation][INFO] - Critical DVS for vernalization (VERNDVS) reached at day 1984-06-25, but vernalization requirements not yet fulfilled. Forcing vernalization now (VERN=47.688571).
[2026-03-24 13:02:17,688][pcse.crop.phenology.Vernalisation][INFO] - Critical DVS for vernalization (VERNDVS) reached at day 1984-06-26, but vernalization requirements not yet fulfilled. Forcing vernalization now (VERN=47.688571).
[2026-03-24 13:02:17,705][pcse.crop.phenology.Vernalisation][INFO] - Critical DVS for vernalization (VERNDVS) reached at day 1984-06-27, but vernalization requirements not yet fulfilled. Forcing vernalization now (VERN=47.688571).
[2026-03-24 13:02:17,723][pcse.crop.phenology.Vernalisation][INFO] - Critical DVS for vernalization (VERNDVS) reached at day 1984-06-28, but vernalization requirements not yet fulfilled. Forcing vernalization now (VERN=47.688571).
[2026-03-24 13:02:17,741][pcse.crop.phenology.Vernalisation][INFO] - Critical DVS for vernalization (VERNDVS) reached at day 1984-06-29, but vernalization requirements not yet fulfilled. Forcing vernalization now (VERN=47.688571).
[2026-03-24 13:02:17,741][pcse.crop.phenology.Annual_Phenology][INFO] - Changed phenological stage 'vegetative' to 'reproductive' on 1984-06-29
[2026-03-24 13:02:19,260][pcse.crop.phenology.Annual_Phenology][INFO] - Changed phenological stage 'reproductive' to 'mature' on 1984-09-13
[2026-03-24 13:02:19,515][pcse.base.timer.Timer][INFO] - Reached end of simulation period as specified by END_DATE.
| train          | E: 89 | S: 21449 | R: -3.1192 | TR: 48.6293 | TF: 512 | LR: 0 | NR: 0 | D: 04.6 s | TD: 00.0 s | BR: -0.0104 | ALOSS: 16714.6020 | CLOSS: 3057128.1137 | TLOSS: -468.5626 | TVAL: 0.3843 | AENT: -1220.4280 | BCLOSS: 0.0000
[EPISODE DBG] episode=89 step=21449 pred_return=-3.242221 true_return=55.674764 total_feedback=512 labeled_feedback=0
[2026-03-24 13:02:19,519][pcse.agromanager.SoilCalendar][INFO] - Starting soil (oregon) with variation (oregon_1) on day 1984-02-01
[2026-03-24 13:02:19,521][pcse.agromanager.CropCalendar][INFO] - Starting crop (wheat) with variety (wheat_1) on day 1984-02-01
[REPLAY DBG] post-agent-update step=21500 n=21500 mean=-0.010472 std=0.015276 min=-0.094720 max=0.013632
[STEP DBG] step=21500 env_reward=0.000000 r_hat=-0.005430 done=False
[NORM DBG] count=21500 mean_abs_mean=62525.113281 mean_std=9.260418 min_std=0.001000 max_std=69.646278
[2026-03-24 13:02:20,614][pcse.crop.phenology.Annual_Phenology][INFO] - Changed phenological stage 'emerging' to 'vegetative' on 1984-04-10
[2026-03-24 13:02:21,541][pcse.crop.phenology.Vernalisation][INFO] - Critical DVS for vernalization (VERNDVS) reached at day 1984-06-02, but vernalization requirements not yet fulfilled. Forcing vernalization now (VERN=47.688571).
[2026-03-24 13:02:21,559][pcse.crop.phenology.Vernalisation][INFO] - Critical DVS for vernalization (VERNDVS) reached at day 1984-06-03, but vernalization requirements not yet fulfilled. Forcing vernalization now (VERN=47.688571).
[2026-03-24 13:02:21,577][pcse.crop.phenology.Vernalisation][INFO] - Critical DVS for vernalization (VERNDVS) reached at day 1984-06-04, but vernalization requirements not yet fulfilled. Forcing vernalization now (VERN=47.688571).
[2026-03-24 13:02:21,596][pcse.crop.phenology.Vernalisation][INFO] - Critical DVS for vernalization (VERNDVS) reached at day 1984-06-05, but vernalization requirements not yet fulfilled. Forcing vernalization now (VERN=47.688571).
[2026-03-24 13:02:21,614][pcse.crop.phenology.Vernalisation][INFO] - Critical DVS for vernalization (VERNDVS) reached at day 1984-06-06, but vernalization requirements not yet fulfilled. Forcing vernalization now (VERN=47.688571).
[2026-03-24 13:02:21,633][pcse.crop.phenology.Vernalisation][INFO] - Critical DVS for vernalization (VERNDVS) reached at day 1984-06-07, but vernalization requirements not yet fulfilled. Forcing vernalization now (VERN=47.688571).
[2026-03-24 13:02:21,650][pcse.crop.phenology.Vernalisation][INFO] - Critical DVS for vernalization (VERNDVS) reached at day 1984-06-08, but vernalization requirements not yet fulfilled. Forcing vernalization now (VERN=47.688571).
[2026-03-24 13:02:21,669][pcse.crop.phenology.Vernalisation][INFO] - Critical DVS for vernalization (VERNDVS) reached at day 1984-06-09, but vernalization requirements not yet fulfilled. Forcing vernalization now (VERN=47.688571).
[2026-03-24 13:02:21,688][pcse.crop.phenology.Vernalisation][INFO] - Critical DVS for vernalization (VERNDVS) reached at day 1984-06-10, but vernalization requirements not yet fulfilled. Forcing vernalization now (VERN=47.688571).
[2026-03-24 13:02:21,706][pcse.crop.phenology.Vernalisation][INFO] - Critical DVS for vernalization (VERNDVS) reached at day 1984-06-11, but vernalization requirements not yet fulfilled. Forcing vernalization now (VERN=47.688571).
[2026-03-24 13:02:21,724][pcse.crop.phenology.Vernalisation][INFO] - Critical DVS for vernalization (VERNDVS) reached at day 1984-06-12, but vernalization requirements not yet fulfilled. Forcing vernalization now (VERN=47.688571).
[2026-03-24 13:02:21,742][pcse.crop.phenology.Vernalisation][INFO] - Critical DVS for vernalization (VERNDVS) reached at day 1984-06-13, but vernalization requirements not yet fulfilled. Forcing vernalization now (VERN=47.688571).
[2026-03-24 13:02:21,761][pcse.crop.phenology.Vernalisation][INFO] - Critical DVS for vernalization (VERNDVS) reached at day 1984-06-14, but vernalization requirements not yet fulfilled. Forcing vernalization now (VERN=47.688571).
[2026-03-24 13:02:21,779][pcse.crop.phenology.Vernalisation][INFO] - Critical DVS for vernalization (VERNDVS) reached at day 1984-06-15, but vernalization requirements not yet fulfilled. Forcing vernalization now (VERN=47.688571).
[2026-03-24 13:02:21,797][pcse.crop.phenology.Vernalisation][INFO] - Critical DVS for vernalization (VERNDVS) reached at day 1984-06-16, but vernalization requirements not yet fulfilled. Forcing vernalization now (VERN=47.688571).
[2026-03-24 13:02:21,815][pcse.crop.phenology.Vernalisation][INFO] - Critical DVS for vernalization (VERNDVS) reached at day 1984-06-17, but vernalization requirements not yet fulfilled. Forcing vernalization now (VERN=47.688571).
[2026-03-24 13:02:21,834][pcse.crop.phenology.Vernalisation][INFO] - Critical DVS for vernalization (VERNDVS) reached at day 1984-06-18, but vernalization requirements not yet fulfilled. Forcing vernalization now (VERN=47.688571).
[2026-03-24 13:02:21,853][pcse.crop.phenology.Vernalisation][INFO] - Critical DVS for vernalization (VERNDVS) reached at day 1984-06-19, but vernalization requirements not yet fulfilled. Forcing vernalization now (VERN=47.688571).
[2026-03-24 13:02:21,871][pcse.crop.phenology.Vernalisation][INFO] - Critical DVS for vernalization (VERNDVS) reached at day 1984-06-20, but vernalization requirements not yet fulfilled. Forcing vernalization now (VERN=47.688571).
[2026-03-24 13:02:21,889][pcse.crop.phenology.Vernalisation][INFO] - Critical DVS for vernalization (VERNDVS) reached at day 1984-06-21, but vernalization requirements not yet fulfilled. Forcing vernalization now (VERN=47.688571).
[2026-03-24 13:02:21,907][pcse.crop.phenology.Vernalisation][INFO] - Critical DVS for vernalization (VERNDVS) reached at day 1984-06-22, but vernalization requirements not yet fulfilled. Forcing vernalization now (VERN=47.688571).
[2026-03-24 13:02:21,925][pcse.crop.phenology.Vernalisation][INFO] - Critical DVS for vernalization (VERNDVS) reached at day 1984-06-23, but vernalization requirements not yet fulfilled. Forcing vernalization now (VERN=47.688571).
[2026-03-24 13:02:21,944][pcse.crop.phenology.Vernalisation][INFO] - Critical DVS for vernalization (VERNDVS) reached at day 1984-06-24, but vernalization requirements not yet fulfilled. Forcing vernalization now (VERN=47.688571).
[2026-03-24 13:02:21,963][pcse.crop.phenology.Vernalisation][INFO] - Critical DVS for vernalization (VERNDVS) reached at day 1984-06-25, but vernalization requirements not yet fulfilled. Forcing vernalization now (VERN=47.688571).
[2026-03-24 13:02:21,981][pcse.crop.phenology.Vernalisation][INFO] - Critical DVS for vernalization (VERNDVS) reached at day 1984-06-26, but vernalization requirements not yet fulfilled. Forcing vernalization now (VERN=47.688571).
[2026-03-24 13:02:21,998][pcse.crop.phenology.Vernalisation][INFO] - Critical DVS for vernalization (VERNDVS) reached at day 1984-06-27, but vernalization requirements not yet fulfilled. Forcing vernalization now (VERN=47.688571).
[2026-03-24 13:02:22,017][pcse.crop.phenology.Vernalisation][INFO] - Critical DVS for vernalization (VERNDVS) reached at day 1984-06-28, but vernalization requirements not yet fulfilled. Forcing vernalization now (VERN=47.688571).
[2026-03-24 13:02:22,035][pcse.crop.phenology.Vernalisation][INFO] - Critical DVS for vernalization (VERNDVS) reached at day 1984-06-29, but vernalization requirements not yet fulfilled. Forcing vernalization now (VERN=47.688571).
[2026-03-24 13:02:22,035][pcse.crop.phenology.Annual_Phenology][INFO] - Changed phenological stage 'vegetative' to 'reproductive' on 1984-06-29
[2026-03-24 13:02:23,578][pcse.crop.phenology.Annual_Phenology][INFO] - Changed phenological stage 'reproductive' to 'mature' on 1984-09-13
[2026-03-24 13:02:23,813][pcse.base.timer.Timer][INFO] - Reached end of simulation period as specified by END_DATE.
| train          | E: 90 | S: 21690 | R: -3.2422 | TR: 55.6748 | TF: 512 | LR: 0 | NR: 0 | D: 04.3 s | TD: 00.0 s | BR: -0.0104 | ALOSS: 16792.0207 | CLOSS: 5066047.4632 | TLOSS: -372.9861 | TVAL: 0.3932 | AENT: -950.4649 | BCLOSS: 0.0000
[EPISODE DBG] episode=90 step=21690 pred_return=-3.700483 true_return=82.501884 total_feedback=512 labeled_feedback=0
[2026-03-24 13:02:23,819][pcse.agromanager.SoilCalendar][INFO] - Starting soil (oregon) with variation (oregon_1) on day 1984-02-01
[2026-03-24 13:02:23,821][pcse.agromanager.CropCalendar][INFO] - Starting crop (wheat) with variety (wheat_1) on day 1984-02-01
[2026-03-24 13:02:24,919][pcse.crop.phenology.Annual_Phenology][INFO] - Changed phenological stage 'emerging' to 'vegetative' on 1984-04-10
[2026-03-24 13:02:26,052][pcse.crop.phenology.Vernalisation][INFO] - Critical DVS for vernalization (VERNDVS) reached at day 1984-06-02, but vernalization requirements not yet fulfilled. Forcing vernalization now (VERN=47.688571).
[2026-03-24 13:02:26,070][pcse.crop.phenology.Vernalisation][INFO] - Critical DVS for vernalization (VERNDVS) reached at day 1984-06-03, but vernalization requirements not yet fulfilled. Forcing vernalization now (VERN=47.688571).
[2026-03-24 13:02:26,087][pcse.crop.phenology.Vernalisation][INFO] - Critical DVS for vernalization (VERNDVS) reached at day 1984-06-04, but vernalization requirements not yet fulfilled. Forcing vernalization now (VERN=47.688571).
[2026-03-24 13:02:26,105][pcse.crop.phenology.Vernalisation][INFO] - Critical DVS for vernalization (VERNDVS) reached at day 1984-06-05, but vernalization requirements not yet fulfilled. Forcing vernalization now (VERN=47.688571).
[2026-03-24 13:02:26,123][pcse.crop.phenology.Vernalisation][INFO] - Critical DVS for vernalization (VERNDVS) reached at day 1984-06-06, but vernalization requirements not yet fulfilled. Forcing vernalization now (VERN=47.688571).
[2026-03-24 13:02:26,140][pcse.crop.phenology.Vernalisation][INFO] - Critical DVS for vernalization (VERNDVS) reached at day 1984-06-07, but vernalization requirements not yet fulfilled. Forcing vernalization now (VERN=47.688571).
[2026-03-24 13:02:26,158][pcse.crop.phenology.Vernalisation][INFO] - Critical DVS for vernalization (VERNDVS) reached at day 1984-06-08, but vernalization requirements not yet fulfilled. Forcing vernalization now (VERN=47.688571).
[2026-03-24 13:02:26,176][pcse.crop.phenology.Vernalisation][INFO] - Critical DVS for vernalization (VERNDVS) reached at day 1984-06-09, but vernalization requirements not yet fulfilled. Forcing vernalization now (VERN=47.688571).
[2026-03-24 13:02:26,194][pcse.crop.phenology.Vernalisation][INFO] - Critical DVS for vernalization (VERNDVS) reached at day 1984-06-10, but vernalization requirements not yet fulfilled. Forcing vernalization now (VERN=47.688571).
[2026-03-24 13:02:26,212][pcse.crop.phenology.Vernalisation][INFO] - Critical DVS for vernalization (VERNDVS) reached at day 1984-06-11, but vernalization requirements not yet fulfilled. Forcing vernalization now (VERN=47.688571).
[2026-03-24 13:02:26,231][pcse.crop.phenology.Vernalisation][INFO] - Critical DVS for vernalization (VERNDVS) reached at day 1984-06-12, but vernalization requirements not yet fulfilled. Forcing vernalization now (VERN=47.688571).
[2026-03-24 13:02:26,248][pcse.crop.phenology.Vernalisation][INFO] - Critical DVS for vernalization (VERNDVS) reached at day 1984-06-13, but vernalization requirements not yet fulfilled. Forcing vernalization now (VERN=47.688571).
[2026-03-24 13:02:26,265][pcse.crop.phenology.Vernalisation][INFO] - Critical DVS for vernalization (VERNDVS) reached at day 1984-06-14, but vernalization requirements not yet fulfilled. Forcing vernalization now (VERN=47.688571).
[2026-03-24 13:02:26,283][pcse.crop.phenology.Vernalisation][INFO] - Critical DVS for vernalization (VERNDVS) reached at day 1984-06-15, but vernalization requirements not yet fulfilled. Forcing vernalization now (VERN=47.688571).
[2026-03-24 13:02:26,300][pcse.crop.phenology.Vernalisation][INFO] - Critical DVS for vernalization (VERNDVS) reached at day 1984-06-16, but vernalization requirements not yet fulfilled. Forcing vernalization now (VERN=47.688571).
[2026-03-24 13:02:26,316][pcse.crop.phenology.Vernalisation][INFO] - Critical DVS for vernalization (VERNDVS) reached at day 1984-06-17, but vernalization requirements not yet fulfilled. Forcing vernalization now (VERN=47.688571).
[2026-03-24 13:02:26,333][pcse.crop.phenology.Vernalisation][INFO] - Critical DVS for vernalization (VERNDVS) reached at day 1984-06-18, but vernalization requirements not yet fulfilled. Forcing vernalization now (VERN=47.688571).
[2026-03-24 13:02:26,351][pcse.crop.phenology.Vernalisation][INFO] - Critical DVS for vernalization (VERNDVS) reached at day 1984-06-19, but vernalization requirements not yet fulfilled. Forcing vernalization now (VERN=47.688571).
[2026-03-24 13:02:26,369][pcse.crop.phenology.Vernalisation][INFO] - Critical DVS for vernalization (VERNDVS) reached at day 1984-06-20, but vernalization requirements not yet fulfilled. Forcing vernalization now (VERN=47.688571).
[2026-03-24 13:02:26,386][pcse.crop.phenology.Vernalisation][INFO] - Critical DVS for vernalization (VERNDVS) reached at day 1984-06-21, but vernalization requirements not yet fulfilled. Forcing vernalization now (VERN=47.688571).
[2026-03-24 13:02:26,404][pcse.crop.phenology.Vernalisation][INFO] - Critical DVS for vernalization (VERNDVS) reached at day 1984-06-22, but vernalization requirements not yet fulfilled. Forcing vernalization now (VERN=47.688571).
[2026-03-24 13:02:26,422][pcse.crop.phenology.Vernalisation][INFO] - Critical DVS for vernalization (VERNDVS) reached at day 1984-06-23, but vernalization requirements not yet fulfilled. Forcing vernalization now (VERN=47.688571).
[2026-03-24 13:02:26,439][pcse.crop.phenology.Vernalisation][INFO] - Critical DVS for vernalization (VERNDVS) reached at day 1984-06-24, but vernalization requirements not yet fulfilled. Forcing vernalization now (VERN=47.688571).
[2026-03-24 13:02:26,457][pcse.crop.phenology.Vernalisation][INFO] - Critical DVS for vernalization (VERNDVS) reached at day 1984-06-25, but vernalization requirements not yet fulfilled. Forcing vernalization now (VERN=47.688571).
[2026-03-24 13:02:26,474][pcse.crop.phenology.Vernalisation][INFO] - Critical DVS for vernalization (VERNDVS) reached at day 1984-06-26, but vernalization requirements not yet fulfilled. Forcing vernalization now (VERN=47.688571).
[2026-03-24 13:02:26,489][pcse.crop.phenology.Vernalisation][INFO] - Critical DVS for vernalization (VERNDVS) reached at day 1984-06-27, but vernalization requirements not yet fulfilled. Forcing vernalization now (VERN=47.688571).
[2026-03-24 13:02:26,506][pcse.crop.phenology.Vernalisation][INFO] - Critical DVS for vernalization (VERNDVS) reached at day 1984-06-28, but vernalization requirements not yet fulfilled. Forcing vernalization now (VERN=47.688571).
[2026-03-24 13:02:26,522][pcse.crop.phenology.Vernalisation][INFO] - Critical DVS for vernalization (VERNDVS) reached at day 1984-06-29, but vernalization requirements not yet fulfilled. Forcing vernalization now (VERN=47.688571).
[2026-03-24 13:02:26,522][pcse.crop.phenology.Annual_Phenology][INFO] - Changed phenological stage 'vegetative' to 'reproductive' on 1984-06-29
[2026-03-24 13:02:27,840][pcse.crop.phenology.Annual_Phenology][INFO] - Changed phenological stage 'reproductive' to 'mature' on 1984-09-13
[2026-03-24 13:02:28,103][pcse.base.timer.Timer][INFO] - Reached end of simulation period as specified by END_DATE.
| train          | E: 91 | S: 21931 | R: -3.7005 | TR: 82.5019 | TF: 512 | LR: 0 | NR: 0 | D: 04.3 s | TD: 00.0 s | BR: -0.0105 | ALOSS: 16618.7859 | CLOSS: 3613890.0183 | TLOSS: -321.8551 | TVAL: 0.4001 | AENT: -805.4958 | BCLOSS: 0.0000
[EPISODE DBG] episode=91 step=21931 pred_return=-3.289320 true_return=57.718482 total_feedback=512 labeled_feedback=0
[2026-03-24 13:02:28,108][pcse.agromanager.SoilCalendar][INFO] - Starting soil (oregon) with variation (oregon_1) on day 1984-02-01
[2026-03-24 13:02:28,110][pcse.agromanager.CropCalendar][INFO] - Starting crop (wheat) with variety (wheat_1) on day 1984-02-01
[2026-03-24 13:02:29,287][pcse.crop.phenology.Annual_Phenology][INFO] - Changed phenological stage 'emerging' to 'vegetative' on 1984-04-10
[REPLAY DBG] post-agent-update step=22000 n=22000 mean=-0.010565 std=0.015272 min=-0.094720 max=0.013632
[STEP DBG] step=22000 env_reward=0.000000 r_hat=-0.040073 done=False
[NORM DBG] count=22000 mean_abs_mean=62525.105469 mean_std=9.259897 min_std=0.001000 max_std=69.637604
[2026-03-24 13:02:30,456][pcse.crop.phenology.Vernalisation][INFO] - Critical DVS for vernalization (VERNDVS) reached at day 1984-06-02, but vernalization requirements not yet fulfilled. Forcing vernalization now (VERN=47.688571).
[2026-03-24 13:02:30,473][pcse.crop.phenology.Vernalisation][INFO] - Critical DVS for vernalization (VERNDVS) reached at day 1984-06-03, but vernalization requirements not yet fulfilled. Forcing vernalization now (VERN=47.688571).
[2026-03-24 13:02:30,490][pcse.crop.phenology.Vernalisation][INFO] - Critical DVS for vernalization (VERNDVS) reached at day 1984-06-04, but vernalization requirements not yet fulfilled. Forcing vernalization now (VERN=47.688571).
[2026-03-24 13:02:30,506][pcse.crop.phenology.Vernalisation][INFO] - Critical DVS for vernalization (VERNDVS) reached at day 1984-06-05, but vernalization requirements not yet fulfilled. Forcing vernalization now (VERN=47.688571).
[2026-03-24 13:02:30,521][pcse.crop.phenology.Vernalisation][INFO] - Critical DVS for vernalization (VERNDVS) reached at day 1984-06-06, but vernalization requirements not yet fulfilled. Forcing vernalization now (VERN=47.688571).
[2026-03-24 13:02:30,537][pcse.crop.phenology.Vernalisation][INFO] - Critical DVS for vernalization (VERNDVS) reached at day 1984-06-07, but vernalization requirements not yet fulfilled. Forcing vernalization now (VERN=47.688571).
[2026-03-24 13:02:30,552][pcse.crop.phenology.Vernalisation][INFO] - Critical DVS for vernalization (VERNDVS) reached at day 1984-06-08, but vernalization requirements not yet fulfilled. Forcing vernalization now (VERN=47.688571).
[2026-03-24 13:02:30,569][pcse.crop.phenology.Vernalisation][INFO] - Critical DVS for vernalization (VERNDVS) reached at day 1984-06-09, but vernalization requirements not yet fulfilled. Forcing vernalization now (VERN=47.688571).
[2026-03-24 13:02:30,585][pcse.crop.phenology.Vernalisation][INFO] - Critical DVS for vernalization (VERNDVS) reached at day 1984-06-10, but vernalization requirements not yet fulfilled. Forcing vernalization now (VERN=47.688571).
[2026-03-24 13:02:30,600][pcse.crop.phenology.Vernalisation][INFO] - Critical DVS for vernalization (VERNDVS) reached at day 1984-06-11, but vernalization requirements not yet fulfilled. Forcing vernalization now (VERN=47.688571).
[2026-03-24 13:02:30,614][pcse.crop.phenology.Vernalisation][INFO] - Critical DVS for vernalization (VERNDVS) reached at day 1984-06-12, but vernalization requirements not yet fulfilled. Forcing vernalization now (VERN=47.688571).
[2026-03-24 13:02:30,628][pcse.crop.phenology.Vernalisation][INFO] - Critical DVS for vernalization (VERNDVS) reached at day 1984-06-13, but vernalization requirements not yet fulfilled. Forcing vernalization now (VERN=47.688571).
[2026-03-24 13:02:30,642][pcse.crop.phenology.Vernalisation][INFO] - Critical DVS for vernalization (VERNDVS) reached at day 1984-06-14, but vernalization requirements not yet fulfilled. Forcing vernalization now (VERN=47.688571).
[2026-03-24 13:02:30,656][pcse.crop.phenology.Vernalisation][INFO] - Critical DVS for vernalization (VERNDVS) reached at day 1984-06-15, but vernalization requirements not yet fulfilled. Forcing vernalization now (VERN=47.688571).
[2026-03-24 13:02:30,670][pcse.crop.phenology.Vernalisation][INFO] - Critical DVS for vernalization (VERNDVS) reached at day 1984-06-16, but vernalization requirements not yet fulfilled. Forcing vernalization now (VERN=47.688571).
[2026-03-24 13:02:30,684][pcse.crop.phenology.Vernalisation][INFO] - Critical DVS for vernalization (VERNDVS) reached at day 1984-06-17, but vernalization requirements not yet fulfilled. Forcing vernalization now (VERN=47.688571).
[2026-03-24 13:02:30,697][pcse.crop.phenology.Vernalisation][INFO] - Critical DVS for vernalization (VERNDVS) reached at day 1984-06-18, but vernalization requirements not yet fulfilled. Forcing vernalization now (VERN=47.688571).
[2026-03-24 13:02:30,711][pcse.crop.phenology.Vernalisation][INFO] - Critical DVS for vernalization (VERNDVS) reached at day 1984-06-19, but vernalization requirements not yet fulfilled. Forcing vernalization now (VERN=47.688571).
[2026-03-24 13:02:30,725][pcse.crop.phenology.Vernalisation][INFO] - Critical DVS for vernalization (VERNDVS) reached at day 1984-06-20, but vernalization requirements not yet fulfilled. Forcing vernalization now (VERN=47.688571).
[2026-03-24 13:02:30,738][pcse.crop.phenology.Vernalisation][INFO] - Critical DVS for vernalization (VERNDVS) reached at day 1984-06-21, but vernalization requirements not yet fulfilled. Forcing vernalization now (VERN=47.688571).
[2026-03-24 13:02:30,752][pcse.crop.phenology.Vernalisation][INFO] - Critical DVS for vernalization (VERNDVS) reached at day 1984-06-22, but vernalization requirements not yet fulfilled. Forcing vernalization now (VERN=47.688571).
[2026-03-24 13:02:30,766][pcse.crop.phenology.Vernalisation][INFO] - Critical DVS for vernalization (VERNDVS) reached at day 1984-06-23, but vernalization requirements not yet fulfilled. Forcing vernalization now (VERN=47.688571).
[2026-03-24 13:02:30,781][pcse.crop.phenology.Vernalisation][INFO] - Critical DVS for vernalization (VERNDVS) reached at day 1984-06-24, but vernalization requirements not yet fulfilled. Forcing vernalization now (VERN=47.688571).
[2026-03-24 13:02:30,795][pcse.crop.phenology.Vernalisation][INFO] - Critical DVS for vernalization (VERNDVS) reached at day 1984-06-25, but vernalization requirements not yet fulfilled. Forcing vernalization now (VERN=47.688571).
[2026-03-24 13:02:30,810][pcse.crop.phenology.Vernalisation][INFO] - Critical DVS for vernalization (VERNDVS) reached at day 1984-06-26, but vernalization requirements not yet fulfilled. Forcing vernalization now (VERN=47.688571).
[2026-03-24 13:02:30,824][pcse.crop.phenology.Vernalisation][INFO] - Critical DVS for vernalization (VERNDVS) reached at day 1984-06-27, but vernalization requirements not yet fulfilled. Forcing vernalization now (VERN=47.688571).
[2026-03-24 13:02:30,839][pcse.crop.phenology.Vernalisation][INFO] - Critical DVS for vernalization (VERNDVS) reached at day 1984-06-28, but vernalization requirements not yet fulfilled. Forcing vernalization now (VERN=47.688571).
[2026-03-24 13:02:30,853][pcse.crop.phenology.Vernalisation][INFO] - Critical DVS for vernalization (VERNDVS) reached at day 1984-06-29, but vernalization requirements not yet fulfilled. Forcing vernalization now (VERN=47.688571).
[2026-03-24 13:02:30,853][pcse.crop.phenology.Annual_Phenology][INFO] - Changed phenological stage 'vegetative' to 'reproductive' on 1984-06-29
[2026-03-24 13:02:32,081][pcse.crop.phenology.Annual_Phenology][INFO] - Changed phenological stage 'reproductive' to 'mature' on 1984-09-13
[2026-03-24 13:02:32,367][pcse.base.timer.Timer][INFO] - Reached end of simulation period as specified by END_DATE.
| train          | E: 92 | S: 22172 | R: -3.2893 | TR: 57.7185 | TF: 512 | LR: 0 | NR: 0 | D: 04.3 s | TD: 00.0 s | BR: -0.0106 | ALOSS: 16686.1319 | CLOSS: 3437423.3041 | TLOSS: -321.8005 | TVAL: 0.4071 | AENT: -791.4771 | BCLOSS: 0.0000
[EPISODE DBG] episode=92 step=22172 pred_return=-3.035265 true_return=42.954051 total_feedback=512 labeled_feedback=0
[2026-03-24 13:02:32,375][pcse.agromanager.SoilCalendar][INFO] - Starting soil (oregon) with variation (oregon_1) on day 1984-02-01
[2026-03-24 13:02:32,377][pcse.agromanager.CropCalendar][INFO] - Starting crop (wheat) with variety (wheat_1) on day 1984-02-01
[2026-03-24 13:02:34,011][pcse.crop.phenology.Annual_Phenology][INFO] - Changed phenological stage 'emerging' to 'vegetative' on 1984-04-10
[2026-03-24 13:02:34,812][pcse.crop.phenology.Vernalisation][INFO] - Critical DVS for vernalization (VERNDVS) reached at day 1984-06-02, but vernalization requirements not yet fulfilled. Forcing vernalization now (VERN=47.688571).
[2026-03-24 13:02:34,827][pcse.crop.phenology.Vernalisation][INFO] - Critical DVS for vernalization (VERNDVS) reached at day 1984-06-03, but vernalization requirements not yet fulfilled. Forcing vernalization now (VERN=47.688571).
[2026-03-24 13:02:34,843][pcse.crop.phenology.Vernalisation][INFO] - Critical DVS for vernalization (VERNDVS) reached at day 1984-06-04, but vernalization requirements not yet fulfilled. Forcing vernalization now (VERN=47.688571).
[2026-03-24 13:02:34,859][pcse.crop.phenology.Vernalisation][INFO] - Critical DVS for vernalization (VERNDVS) reached at day 1984-06-05, but vernalization requirements not yet fulfilled. Forcing vernalization now (VERN=47.688571).
[2026-03-24 13:02:34,874][pcse.crop.phenology.Vernalisation][INFO] - Critical DVS for vernalization (VERNDVS) reached at day 1984-06-06, but vernalization requirements not yet fulfilled. Forcing vernalization now (VERN=47.688571).
[2026-03-24 13:02:34,890][pcse.crop.phenology.Vernalisation][INFO] - Critical DVS for vernalization (VERNDVS) reached at day 1984-06-07, but vernalization requirements not yet fulfilled. Forcing vernalization now (VERN=47.688571).
[2026-03-24 13:02:34,906][pcse.crop.phenology.Vernalisation][INFO] - Critical DVS for vernalization (VERNDVS) reached at day 1984-06-08, but vernalization requirements not yet fulfilled. Forcing vernalization now (VERN=47.688571).
[2026-03-24 13:02:34,920][pcse.crop.phenology.Vernalisation][INFO] - Critical DVS for vernalization (VERNDVS) reached at day 1984-06-09, but vernalization requirements not yet fulfilled. Forcing vernalization now (VERN=47.688571).
[2026-03-24 13:02:34,937][pcse.crop.phenology.Vernalisation][INFO] - Critical DVS for vernalization (VERNDVS) reached at day 1984-06-10, but vernalization requirements not yet fulfilled. Forcing vernalization now (VERN=47.688571).
[2026-03-24 13:02:34,953][pcse.crop.phenology.Vernalisation][INFO] - Critical DVS for vernalization (VERNDVS) reached at day 1984-06-11, but vernalization requirements not yet fulfilled. Forcing vernalization now (VERN=47.688571).
[2026-03-24 13:02:34,970][pcse.crop.phenology.Vernalisation][INFO] - Critical DVS for vernalization (VERNDVS) reached at day 1984-06-12, but vernalization requirements not yet fulfilled. Forcing vernalization now (VERN=47.688571).
[2026-03-24 13:02:34,986][pcse.crop.phenology.Vernalisation][INFO] - Critical DVS for vernalization (VERNDVS) reached at day 1984-06-13, but vernalization requirements not yet fulfilled. Forcing vernalization now (VERN=47.688571).
[2026-03-24 13:02:35,004][pcse.crop.phenology.Vernalisation][INFO] - Critical DVS for vernalization (VERNDVS) reached at day 1984-06-14, but vernalization requirements not yet fulfilled. Forcing vernalization now (VERN=47.688571).
[2026-03-24 13:02:35,020][pcse.crop.phenology.Vernalisation][INFO] - Critical DVS for vernalization (VERNDVS) reached at day 1984-06-15, but vernalization requirements not yet fulfilled. Forcing vernalization now (VERN=47.688571).
[2026-03-24 13:02:35,037][pcse.crop.phenology.Vernalisation][INFO] - Critical DVS for vernalization (VERNDVS) reached at day 1984-06-16, but vernalization requirements not yet fulfilled. Forcing vernalization now (VERN=47.688571).
[2026-03-24 13:02:35,054][pcse.crop.phenology.Vernalisation][INFO] - Critical DVS for vernalization (VERNDVS) reached at day 1984-06-17, but vernalization requirements not yet fulfilled. Forcing vernalization now (VERN=47.688571).
[2026-03-24 13:02:35,070][pcse.crop.phenology.Vernalisation][INFO] - Critical DVS for vernalization (VERNDVS) reached at day 1984-06-18, but vernalization requirements not yet fulfilled. Forcing vernalization now (VERN=47.688571).
[2026-03-24 13:02:35,087][pcse.crop.phenology.Vernalisation][INFO] - Critical DVS for vernalization (VERNDVS) reached at day 1984-06-19, but vernalization requirements not yet fulfilled. Forcing vernalization now (VERN=47.688571).
[2026-03-24 13:02:35,104][pcse.crop.phenology.Vernalisation][INFO] - Critical DVS for vernalization (VERNDVS) reached at day 1984-06-20, but vernalization requirements not yet fulfilled. Forcing vernalization now (VERN=47.688571).
[2026-03-24 13:02:35,121][pcse.crop.phenology.Vernalisation][INFO] - Critical DVS for vernalization (VERNDVS) reached at day 1984-06-21, but vernalization requirements not yet fulfilled. Forcing vernalization now (VERN=47.688571).
[2026-03-24 13:02:35,139][pcse.crop.phenology.Vernalisation][INFO] - Critical DVS for vernalization (VERNDVS) reached at day 1984-06-22, but vernalization requirements not yet fulfilled. Forcing vernalization now (VERN=47.688571).
[2026-03-24 13:02:35,156][pcse.crop.phenology.Vernalisation][INFO] - Critical DVS for vernalization (VERNDVS) reached at day 1984-06-23, but vernalization requirements not yet fulfilled. Forcing vernalization now (VERN=47.688571).
[2026-03-24 13:02:35,175][pcse.crop.phenology.Vernalisation][INFO] - Critical DVS for vernalization (VERNDVS) reached at day 1984-06-24, but vernalization requirements not yet fulfilled. Forcing vernalization now (VERN=47.688571).
[2026-03-24 13:02:35,206][pcse.crop.phenology.Vernalisation][INFO] - Critical DVS for vernalization (VERNDVS) reached at day 1984-06-25, but vernalization requirements not yet fulfilled. Forcing vernalization now (VERN=47.688571).
[2026-03-24 13:02:35,228][pcse.crop.phenology.Vernalisation][INFO] - Critical DVS for vernalization (VERNDVS) reached at day 1984-06-26, but vernalization requirements not yet fulfilled. Forcing vernalization now (VERN=47.688571).
[2026-03-24 13:02:35,249][pcse.crop.phenology.Vernalisation][INFO] - Critical DVS for vernalization (VERNDVS) reached at day 1984-06-27, but vernalization requirements not yet fulfilled. Forcing vernalization now (VERN=47.688571).
[2026-03-24 13:02:35,271][pcse.crop.phenology.Vernalisation][INFO] - Critical DVS for vernalization (VERNDVS) reached at day 1984-06-28, but vernalization requirements not yet fulfilled. Forcing vernalization now (VERN=47.688571).
[2026-03-24 13:02:35,293][pcse.crop.phenology.Vernalisation][INFO] - Critical DVS for vernalization (VERNDVS) reached at day 1984-06-29, but vernalization requirements not yet fulfilled. Forcing vernalization now (VERN=47.688571).
[2026-03-24 13:02:35,293][pcse.crop.phenology.Annual_Phenology][INFO] - Changed phenological stage 'vegetative' to 'reproductive' on 1984-06-29
[2026-03-24 13:02:36,588][pcse.crop.phenology.Annual_Phenology][INFO] - Changed phenological stage 'reproductive' to 'mature' on 1984-09-13
[2026-03-24 13:02:37,275][pcse.base.timer.Timer][INFO] - Reached end of simulation period as specified by END_DATE.
| train          | E: 93 | S: 22413 | R: -3.0353 | TR: 42.9541 | TF: 512 | LR: 0 | NR: 0 | D: 04.9 s | TD: 00.0 s | BR: -0.0106 | ALOSS: 16750.1362 | CLOSS: 3521820.8755 | TLOSS: -321.6582 | TVAL: 0.4145 | AENT: -777.0695 | BCLOSS: 0.0000
[EPISODE DBG] episode=93 step=22413 pred_return=-2.735414 true_return=22.107560 total_feedback=512 labeled_feedback=0
[2026-03-24 13:02:37,280][pcse.agromanager.SoilCalendar][INFO] - Starting soil (oregon) with variation (oregon_1) on day 1984-02-01
[2026-03-24 13:02:37,282][pcse.agromanager.CropCalendar][INFO] - Starting crop (wheat) with variety (wheat_1) on day 1984-02-01
[2026-03-24 13:02:38,388][pcse.crop.phenology.Annual_Phenology][INFO] - Changed phenological stage 'emerging' to 'vegetative' on 1984-04-10
[REPLAY DBG] post-agent-update step=22500 n=22500 mean=-0.010599 std=0.015270 min=-0.094720 max=0.013632
[STEP DBG] step=22500 env_reward=0.000000 r_hat=-0.021502 done=False
[NORM DBG] count=22500 mean_abs_mean=62525.101562 mean_std=9.256880 min_std=0.001000 max_std=69.618713
[2026-03-24 13:02:39,161][pcse.crop.phenology.Vernalisation][INFO] - Critical DVS for vernalization (VERNDVS) reached at day 1984-06-02, but vernalization requirements not yet fulfilled. Forcing vernalization now (VERN=47.688571).
[2026-03-24 13:02:39,176][pcse.crop.phenology.Vernalisation][INFO] - Critical DVS for vernalization (VERNDVS) reached at day 1984-06-03, but vernalization requirements not yet fulfilled. Forcing vernalization now (VERN=47.688571).
[2026-03-24 13:02:39,192][pcse.crop.phenology.Vernalisation][INFO] - Critical DVS for vernalization (VERNDVS) reached at day 1984-06-04, but vernalization requirements not yet fulfilled. Forcing vernalization now (VERN=47.688571).
[2026-03-24 13:02:39,207][pcse.crop.phenology.Vernalisation][INFO] - Critical DVS for vernalization (VERNDVS) reached at day 1984-06-05, but vernalization requirements not yet fulfilled. Forcing vernalization now (VERN=47.688571).
[2026-03-24 13:02:39,223][pcse.crop.phenology.Vernalisation][INFO] - Critical DVS for vernalization (VERNDVS) reached at day 1984-06-06, but vernalization requirements not yet fulfilled. Forcing vernalization now (VERN=47.688571).
[2026-03-24 13:02:39,239][pcse.crop.phenology.Vernalisation][INFO] - Critical DVS for vernalization (VERNDVS) reached at day 1984-06-07, but vernalization requirements not yet fulfilled. Forcing vernalization now (VERN=47.688571).
[2026-03-24 13:02:39,254][pcse.crop.phenology.Vernalisation][INFO] - Critical DVS for vernalization (VERNDVS) reached at day 1984-06-08, but vernalization requirements not yet fulfilled. Forcing vernalization now (VERN=47.688571).
[2026-03-24 13:02:39,270][pcse.crop.phenology.Vernalisation][INFO] - Critical DVS for vernalization (VERNDVS) reached at day 1984-06-09, but vernalization requirements not yet fulfilled. Forcing vernalization now (VERN=47.688571).
[2026-03-24 13:02:39,285][pcse.crop.phenology.Vernalisation][INFO] - Critical DVS for vernalization (VERNDVS) reached at day 1984-06-10, but vernalization requirements not yet fulfilled. Forcing vernalization now (VERN=47.688571).
[2026-03-24 13:02:39,300][pcse.crop.phenology.Vernalisation][INFO] - Critical DVS for vernalization (VERNDVS) reached at day 1984-06-11, but vernalization requirements not yet fulfilled. Forcing vernalization now (VERN=47.688571).
[2026-03-24 13:02:39,316][pcse.crop.phenology.Vernalisation][INFO] - Critical DVS for vernalization (VERNDVS) reached at day 1984-06-12, but vernalization requirements not yet fulfilled. Forcing vernalization now (VERN=47.688571).
[2026-03-24 13:02:39,331][pcse.crop.phenology.Vernalisation][INFO] - Critical DVS for vernalization (VERNDVS) reached at day 1984-06-13, but vernalization requirements not yet fulfilled. Forcing vernalization now (VERN=47.688571).
[2026-03-24 13:02:39,346][pcse.crop.phenology.Vernalisation][INFO] - Critical DVS for vernalization (VERNDVS) reached at day 1984-06-14, but vernalization requirements not yet fulfilled. Forcing vernalization now (VERN=47.688571).
[2026-03-24 13:02:39,361][pcse.crop.phenology.Vernalisation][INFO] - Critical DVS for vernalization (VERNDVS) reached at day 1984-06-15, but vernalization requirements not yet fulfilled. Forcing vernalization now (VERN=47.688571).
[2026-03-24 13:02:39,376][pcse.crop.phenology.Vernalisation][INFO] - Critical DVS for vernalization (VERNDVS) reached at day 1984-06-16, but vernalization requirements not yet fulfilled. Forcing vernalization now (VERN=47.688571).
[2026-03-24 13:02:39,391][pcse.crop.phenology.Vernalisation][INFO] - Critical DVS for vernalization (VERNDVS) reached at day 1984-06-17, but vernalization requirements not yet fulfilled. Forcing vernalization now (VERN=47.688571).
[2026-03-24 13:02:39,407][pcse.crop.phenology.Vernalisation][INFO] - Critical DVS for vernalization (VERNDVS) reached at day 1984-06-18, but vernalization requirements not yet fulfilled. Forcing vernalization now (VERN=47.688571).
[2026-03-24 13:02:39,422][pcse.crop.phenology.Vernalisation][INFO] - Critical DVS for vernalization (VERNDVS) reached at day 1984-06-19, but vernalization requirements not yet fulfilled. Forcing vernalization now (VERN=47.688571).
[2026-03-24 13:02:39,438][pcse.crop.phenology.Vernalisation][INFO] - Critical DVS for vernalization (VERNDVS) reached at day 1984-06-20, but vernalization requirements not yet fulfilled. Forcing vernalization now (VERN=47.688571).
[2026-03-24 13:02:39,454][pcse.crop.phenology.Vernalisation][INFO] - Critical DVS for vernalization (VERNDVS) reached at day 1984-06-21, but vernalization requirements not yet fulfilled. Forcing vernalization now (VERN=47.688571).
[2026-03-24 13:02:39,470][pcse.crop.phenology.Vernalisation][INFO] - Critical DVS for vernalization (VERNDVS) reached at day 1984-06-22, but vernalization requirements not yet fulfilled. Forcing vernalization now (VERN=47.688571).
[2026-03-24 13:02:39,485][pcse.crop.phenology.Vernalisation][INFO] - Critical DVS for vernalization (VERNDVS) reached at day 1984-06-23, but vernalization requirements not yet fulfilled. Forcing vernalization now (VERN=47.688571).
[2026-03-24 13:02:39,500][pcse.crop.phenology.Vernalisation][INFO] - Critical DVS for vernalization (VERNDVS) reached at day 1984-06-24, but vernalization requirements not yet fulfilled. Forcing vernalization now (VERN=47.688571).
[2026-03-24 13:02:39,514][pcse.crop.phenology.Vernalisation][INFO] - Critical DVS for vernalization (VERNDVS) reached at day 1984-06-25, but vernalization requirements not yet fulfilled. Forcing vernalization now (VERN=47.688571).
[2026-03-24 13:02:39,529][pcse.crop.phenology.Vernalisation][INFO] - Critical DVS for vernalization (VERNDVS) reached at day 1984-06-26, but vernalization requirements not yet fulfilled. Forcing vernalization now (VERN=47.688571).
[2026-03-24 13:02:39,544][pcse.crop.phenology.Vernalisation][INFO] - Critical DVS for vernalization (VERNDVS) reached at day 1984-06-27, but vernalization requirements not yet fulfilled. Forcing vernalization now (VERN=47.688571).
[2026-03-24 13:02:39,559][pcse.crop.phenology.Vernalisation][INFO] - Critical DVS for vernalization (VERNDVS) reached at day 1984-06-28, but vernalization requirements not yet fulfilled. Forcing vernalization now (VERN=47.688571).
[2026-03-24 13:02:39,574][pcse.crop.phenology.Vernalisation][INFO] - Critical DVS for vernalization (VERNDVS) reached at day 1984-06-29, but vernalization requirements not yet fulfilled. Forcing vernalization now (VERN=47.688571).
[2026-03-24 13:02:39,574][pcse.crop.phenology.Annual_Phenology][INFO] - Changed phenological stage 'vegetative' to 'reproductive' on 1984-06-29
[2026-03-24 13:02:41,036][pcse.crop.phenology.Annual_Phenology][INFO] - Changed phenological stage 'reproductive' to 'mature' on 1984-09-13
[2026-03-24 13:02:41,296][pcse.base.timer.Timer][INFO] - Reached end of simulation period as specified by END_DATE.
| train          | E: 94 | S: 22654 | R: -2.7354 | TR: 22.1076 | TF: 512 | LR: 0 | NR: 0 | D: 04.0 s | TD: 00.0 s | BR: -0.0106 | ALOSS: 16831.1626 | CLOSS: 2705581.7939 | TLOSS: -325.1909 | TVAL: 0.4223 | AENT: -771.1771 | BCLOSS: 0.0000
[EPISODE DBG] episode=94 step=22654 pred_return=-2.669738 true_return=27.250778 total_feedback=512 labeled_feedback=0
[2026-03-24 13:02:41,301][pcse.agromanager.SoilCalendar][INFO] - Starting soil (oregon) with variation (oregon_1) on day 1984-02-01
[2026-03-24 13:02:41,302][pcse.agromanager.CropCalendar][INFO] - Starting crop (wheat) with variety (wheat_1) on day 1984-02-01
[2026-03-24 13:02:42,410][pcse.crop.phenology.Annual_Phenology][INFO] - Changed phenological stage 'emerging' to 'vegetative' on 1984-04-10
[2026-03-24 13:02:43,317][pcse.crop.phenology.Vernalisation][INFO] - Critical DVS for vernalization (VERNDVS) reached at day 1984-06-02, but vernalization requirements not yet fulfilled. Forcing vernalization now (VERN=47.688571).
[2026-03-24 13:02:43,340][pcse.crop.phenology.Vernalisation][INFO] - Critical DVS for vernalization (VERNDVS) reached at day 1984-06-03, but vernalization requirements not yet fulfilled. Forcing vernalization now (VERN=47.688571).
[2026-03-24 13:02:43,363][pcse.crop.phenology.Vernalisation][INFO] - Critical DVS for vernalization (VERNDVS) reached at day 1984-06-04, but vernalization requirements not yet fulfilled. Forcing vernalization now (VERN=47.688571).
[2026-03-24 13:02:43,386][pcse.crop.phenology.Vernalisation][INFO] - Critical DVS for vernalization (VERNDVS) reached at day 1984-06-05, but vernalization requirements not yet fulfilled. Forcing vernalization now (VERN=47.688571).
[2026-03-24 13:02:43,408][pcse.crop.phenology.Vernalisation][INFO] - Critical DVS for vernalization (VERNDVS) reached at day 1984-06-06, but vernalization requirements not yet fulfilled. Forcing vernalization now (VERN=47.688571).
[2026-03-24 13:02:43,431][pcse.crop.phenology.Vernalisation][INFO] - Critical DVS for vernalization (VERNDVS) reached at day 1984-06-07, but vernalization requirements not yet fulfilled. Forcing vernalization now (VERN=47.688571).
[2026-03-24 13:02:43,449][pcse.crop.phenology.Vernalisation][INFO] - Critical DVS for vernalization (VERNDVS) reached at day 1984-06-08, but vernalization requirements not yet fulfilled. Forcing vernalization now (VERN=47.688571).
[2026-03-24 13:02:43,467][pcse.crop.phenology.Vernalisation][INFO] - Critical DVS for vernalization (VERNDVS) reached at day 1984-06-09, but vernalization requirements not yet fulfilled. Forcing vernalization now (VERN=47.688571).
[2026-03-24 13:02:43,486][pcse.crop.phenology.Vernalisation][INFO] - Critical DVS for vernalization (VERNDVS) reached at day 1984-06-10, but vernalization requirements not yet fulfilled. Forcing vernalization now (VERN=47.688571).
[2026-03-24 13:02:43,504][pcse.crop.phenology.Vernalisation][INFO] - Critical DVS for vernalization (VERNDVS) reached at day 1984-06-11, but vernalization requirements not yet fulfilled. Forcing vernalization now (VERN=47.688571).
[2026-03-24 13:02:43,523][pcse.crop.phenology.Vernalisation][INFO] - Critical DVS for vernalization (VERNDVS) reached at day 1984-06-12, but vernalization requirements not yet fulfilled. Forcing vernalization now (VERN=47.688571).
[2026-03-24 13:02:43,541][pcse.crop.phenology.Vernalisation][INFO] - Critical DVS for vernalization (VERNDVS) reached at day 1984-06-13, but vernalization requirements not yet fulfilled. Forcing vernalization now (VERN=47.688571).
[2026-03-24 13:02:43,558][pcse.crop.phenology.Vernalisation][INFO] - Critical DVS for vernalization (VERNDVS) reached at day 1984-06-14, but vernalization requirements not yet fulfilled. Forcing vernalization now (VERN=47.688571).
[2026-03-24 13:02:43,573][pcse.crop.phenology.Vernalisation][INFO] - Critical DVS for vernalization (VERNDVS) reached at day 1984-06-15, but vernalization requirements not yet fulfilled. Forcing vernalization now (VERN=47.688571).
[2026-03-24 13:02:43,591][pcse.crop.phenology.Vernalisation][INFO] - Critical DVS for vernalization (VERNDVS) reached at day 1984-06-16, but vernalization requirements not yet fulfilled. Forcing vernalization now (VERN=47.688571).
[2026-03-24 13:02:43,609][pcse.crop.phenology.Vernalisation][INFO] - Critical DVS for vernalization (VERNDVS) reached at day 1984-06-17, but vernalization requirements not yet fulfilled. Forcing vernalization now (VERN=47.688571).
[2026-03-24 13:02:43,626][pcse.crop.phenology.Vernalisation][INFO] - Critical DVS for vernalization (VERNDVS) reached at day 1984-06-18, but vernalization requirements not yet fulfilled. Forcing vernalization now (VERN=47.688571).
[2026-03-24 13:02:43,643][pcse.crop.phenology.Vernalisation][INFO] - Critical DVS for vernalization (VERNDVS) reached at day 1984-06-19, but vernalization requirements not yet fulfilled. Forcing vernalization now (VERN=47.688571).
[2026-03-24 13:02:43,661][pcse.crop.phenology.Vernalisation][INFO] - Critical DVS for vernalization (VERNDVS) reached at day 1984-06-20, but vernalization requirements not yet fulfilled. Forcing vernalization now (VERN=47.688571).
[2026-03-24 13:02:43,678][pcse.crop.phenology.Vernalisation][INFO] - Critical DVS for vernalization (VERNDVS) reached at day 1984-06-21, but vernalization requirements not yet fulfilled. Forcing vernalization now (VERN=47.688571).
[2026-03-24 13:02:43,696][pcse.crop.phenology.Vernalisation][INFO] - Critical DVS for vernalization (VERNDVS) reached at day 1984-06-22, but vernalization requirements not yet fulfilled. Forcing vernalization now (VERN=47.688571).
[2026-03-24 13:02:43,714][pcse.crop.phenology.Vernalisation][INFO] - Critical DVS for vernalization (VERNDVS) reached at day 1984-06-23, but vernalization requirements not yet fulfilled. Forcing vernalization now (VERN=47.688571).
[2026-03-24 13:02:43,732][pcse.crop.phenology.Vernalisation][INFO] - Critical DVS for vernalization (VERNDVS) reached at day 1984-06-24, but vernalization requirements not yet fulfilled. Forcing vernalization now (VERN=47.688571).
[2026-03-24 13:02:43,749][pcse.crop.phenology.Vernalisation][INFO] - Critical DVS for vernalization (VERNDVS) reached at day 1984-06-25, but vernalization requirements not yet fulfilled. Forcing vernalization now (VERN=47.688571).
[2026-03-24 13:02:43,767][pcse.crop.phenology.Vernalisation][INFO] - Critical DVS for vernalization (VERNDVS) reached at day 1984-06-26, but vernalization requirements not yet fulfilled. Forcing vernalization now (VERN=47.688571).
[2026-03-24 13:02:43,785][pcse.crop.phenology.Vernalisation][INFO] - Critical DVS for vernalization (VERNDVS) reached at day 1984-06-27, but vernalization requirements not yet fulfilled. Forcing vernalization now (VERN=47.688571).
[2026-03-24 13:02:44,166][pcse.crop.phenology.Vernalisation][INFO] - Critical DVS for vernalization (VERNDVS) reached at day 1984-06-28, but vernalization requirements not yet fulfilled. Forcing vernalization now (VERN=47.688571).
[2026-03-24 13:02:44,204][pcse.crop.phenology.Vernalisation][INFO] - Critical DVS for vernalization (VERNDVS) reached at day 1984-06-29, but vernalization requirements not yet fulfilled. Forcing vernalization now (VERN=47.688571).
[2026-03-24 13:02:44,205][pcse.crop.phenology.Annual_Phenology][INFO] - Changed phenological stage 'vegetative' to 'reproductive' on 1984-06-29
[2026-03-24 13:02:45,374][pcse.crop.phenology.Annual_Phenology][INFO] - Changed phenological stage 'reproductive' to 'mature' on 1984-09-13
[2026-03-24 13:02:45,635][pcse.base.timer.Timer][INFO] - Reached end of simulation period as specified by END_DATE.
| train          | E: 95 | S: 22895 | R: -2.6697 | TR: 27.2508 | TF: 512 | LR: 0 | NR: 0 | D: 04.3 s | TD: 00.0 s | BR: -0.0106 | ALOSS: 16862.3081 | CLOSS: 4054292.0001 | TLOSS: -309.1370 | TVAL: 0.4301 | AENT: -719.4983 | BCLOSS: 0.0000
[EPISODE DBG] episode=95 step=22895 pred_return=-2.461086 true_return=17.565739 total_feedback=512 labeled_feedback=0
[2026-03-24 13:02:45,640][pcse.agromanager.SoilCalendar][INFO] - Starting soil (oregon) with variation (oregon_1) on day 1984-02-01
[2026-03-24 13:02:45,642][pcse.agromanager.CropCalendar][INFO] - Starting crop (wheat) with variety (wheat_1) on day 1984-02-01
[2026-03-24 13:02:46,850][pcse.crop.phenology.Annual_Phenology][INFO] - Changed phenological stage 'emerging' to 'vegetative' on 1984-04-10
[REPLAY DBG] post-agent-update step=23000 n=23000 mean=-0.010600 std=0.015260 min=-0.094720 max=0.013632
[STEP DBG] step=23000 env_reward=0.000000 r_hat=-0.006711 done=False
[NORM DBG] count=23000 mean_abs_mean=62525.101562 mean_std=9.253086 min_std=0.001000 max_std=69.593918
[2026-03-24 13:02:48,010][pcse.crop.phenology.Vernalisation][INFO] - Critical DVS for vernalization (VERNDVS) reached at day 1984-06-02, but vernalization requirements not yet fulfilled. Forcing vernalization now (VERN=47.688571).
[2026-03-24 13:02:48,026][pcse.crop.phenology.Vernalisation][INFO] - Critical DVS for vernalization (VERNDVS) reached at day 1984-06-03, but vernalization requirements not yet fulfilled. Forcing vernalization now (VERN=47.688571).
[2026-03-24 13:02:48,043][pcse.crop.phenology.Vernalisation][INFO] - Critical DVS for vernalization (VERNDVS) reached at day 1984-06-04, but vernalization requirements not yet fulfilled. Forcing vernalization now (VERN=47.688571).
[2026-03-24 13:02:48,060][pcse.crop.phenology.Vernalisation][INFO] - Critical DVS for vernalization (VERNDVS) reached at day 1984-06-05, but vernalization requirements not yet fulfilled. Forcing vernalization now (VERN=47.688571).
[2026-03-24 13:02:48,076][pcse.crop.phenology.Vernalisation][INFO] - Critical DVS for vernalization (VERNDVS) reached at day 1984-06-06, but vernalization requirements not yet fulfilled. Forcing vernalization now (VERN=47.688571).
[2026-03-24 13:02:48,091][pcse.crop.phenology.Vernalisation][INFO] - Critical DVS for vernalization (VERNDVS) reached at day 1984-06-07, but vernalization requirements not yet fulfilled. Forcing vernalization now (VERN=47.688571).
[2026-03-24 13:02:48,108][pcse.crop.phenology.Vernalisation][INFO] - Critical DVS for vernalization (VERNDVS) reached at day 1984-06-08, but vernalization requirements not yet fulfilled. Forcing vernalization now (VERN=47.688571).
[2026-03-24 13:02:48,124][pcse.crop.phenology.Vernalisation][INFO] - Critical DVS for vernalization (VERNDVS) reached at day 1984-06-09, but vernalization requirements not yet fulfilled. Forcing vernalization now (VERN=47.688571).
[2026-03-24 13:02:48,141][pcse.crop.phenology.Vernalisation][INFO] - Critical DVS for vernalization (VERNDVS) reached at day 1984-06-10, but vernalization requirements not yet fulfilled. Forcing vernalization now (VERN=47.688571).
[2026-03-24 13:02:48,157][pcse.crop.phenology.Vernalisation][INFO] - Critical DVS for vernalization (VERNDVS) reached at day 1984-06-11, but vernalization requirements not yet fulfilled. Forcing vernalization now (VERN=47.688571).
[2026-03-24 13:02:48,173][pcse.crop.phenology.Vernalisation][INFO] - Critical DVS for vernalization (VERNDVS) reached at day 1984-06-12, but vernalization requirements not yet fulfilled. Forcing vernalization now (VERN=47.688571).
[2026-03-24 13:02:48,189][pcse.crop.phenology.Vernalisation][INFO] - Critical DVS for vernalization (VERNDVS) reached at day 1984-06-13, but vernalization requirements not yet fulfilled. Forcing vernalization now (VERN=47.688571).
[2026-03-24 13:02:48,205][pcse.crop.phenology.Vernalisation][INFO] - Critical DVS for vernalization (VERNDVS) reached at day 1984-06-14, but vernalization requirements not yet fulfilled. Forcing vernalization now (VERN=47.688571).
[2026-03-24 13:02:48,221][pcse.crop.phenology.Vernalisation][INFO] - Critical DVS for vernalization (VERNDVS) reached at day 1984-06-15, but vernalization requirements not yet fulfilled. Forcing vernalization now (VERN=47.688571).
[2026-03-24 13:02:48,238][pcse.crop.phenology.Vernalisation][INFO] - Critical DVS for vernalization (VERNDVS) reached at day 1984-06-16, but vernalization requirements not yet fulfilled. Forcing vernalization now (VERN=47.688571).
[2026-03-24 13:02:48,255][pcse.crop.phenology.Vernalisation][INFO] - Critical DVS for vernalization (VERNDVS) reached at day 1984-06-17, but vernalization requirements not yet fulfilled. Forcing vernalization now (VERN=47.688571).
[2026-03-24 13:02:48,271][pcse.crop.phenology.Vernalisation][INFO] - Critical DVS for vernalization (VERNDVS) reached at day 1984-06-18, but vernalization requirements not yet fulfilled. Forcing vernalization now (VERN=47.688571).
[2026-03-24 13:02:48,289][pcse.crop.phenology.Vernalisation][INFO] - Critical DVS for vernalization (VERNDVS) reached at day 1984-06-19, but vernalization requirements not yet fulfilled. Forcing vernalization now (VERN=47.688571).
[2026-03-24 13:02:48,310][pcse.crop.phenology.Vernalisation][INFO] - Critical DVS for vernalization (VERNDVS) reached at day 1984-06-20, but vernalization requirements not yet fulfilled. Forcing vernalization now (VERN=47.688571).
[2026-03-24 13:02:48,328][pcse.crop.phenology.Vernalisation][INFO] - Critical DVS for vernalization (VERNDVS) reached at day 1984-06-21, but vernalization requirements not yet fulfilled. Forcing vernalization now (VERN=47.688571).
[2026-03-24 13:02:48,347][pcse.crop.phenology.Vernalisation][INFO] - Critical DVS for vernalization (VERNDVS) reached at day 1984-06-22, but vernalization requirements not yet fulfilled. Forcing vernalization now (VERN=47.688571).
[2026-03-24 13:02:48,365][pcse.crop.phenology.Vernalisation][INFO] - Critical DVS for vernalization (VERNDVS) reached at day 1984-06-23, but vernalization requirements not yet fulfilled. Forcing vernalization now (VERN=47.688571).
[2026-03-24 13:02:48,383][pcse.crop.phenology.Vernalisation][INFO] - Critical DVS for vernalization (VERNDVS) reached at day 1984-06-24, but vernalization requirements not yet fulfilled. Forcing vernalization now (VERN=47.688571).
[2026-03-24 13:02:48,402][pcse.crop.phenology.Vernalisation][INFO] - Critical DVS for vernalization (VERNDVS) reached at day 1984-06-25, but vernalization requirements not yet fulfilled. Forcing vernalization now (VERN=47.688571).
[2026-03-24 13:02:48,418][pcse.crop.phenology.Vernalisation][INFO] - Critical DVS for vernalization (VERNDVS) reached at day 1984-06-26, but vernalization requirements not yet fulfilled. Forcing vernalization now (VERN=47.688571).
[2026-03-24 13:02:48,436][pcse.crop.phenology.Vernalisation][INFO] - Critical DVS for vernalization (VERNDVS) reached at day 1984-06-27, but vernalization requirements not yet fulfilled. Forcing vernalization now (VERN=47.688571).
[2026-03-24 13:02:48,454][pcse.crop.phenology.Vernalisation][INFO] - Critical DVS for vernalization (VERNDVS) reached at day 1984-06-28, but vernalization requirements not yet fulfilled. Forcing vernalization now (VERN=47.688571).
[2026-03-24 13:02:48,471][pcse.crop.phenology.Vernalisation][INFO] - Critical DVS for vernalization (VERNDVS) reached at day 1984-06-29, but vernalization requirements not yet fulfilled. Forcing vernalization now (VERN=47.688571).
[2026-03-24 13:02:48,472][pcse.crop.phenology.Annual_Phenology][INFO] - Changed phenological stage 'vegetative' to 'reproductive' on 1984-06-29
[2026-03-24 13:02:49,862][pcse.crop.phenology.Annual_Phenology][INFO] - Changed phenological stage 'reproductive' to 'mature' on 1984-09-13
[2026-03-24 13:02:50,179][pcse.base.timer.Timer][INFO] - Reached end of simulation period as specified by END_DATE.
| train          | E: 96 | S: 23136 | R: -2.4611 | TR: 17.5657 | TF: 512 | LR: 0 | NR: 0 | D: 04.5 s | TD: 00.0 s | BR: -0.0106 | ALOSS: 16916.7221 | CLOSS: 3687939.9717 | TLOSS: -321.9182 | TVAL: 0.4385 | AENT: -735.1107 | BCLOSS: 0.0000
[EPISODE DBG] episode=96 step=23136 pred_return=-2.915234 true_return=44.905043 total_feedback=512 labeled_feedback=0
[2026-03-24 13:02:50,186][pcse.agromanager.SoilCalendar][INFO] - Starting soil (oregon) with variation (oregon_1) on day 1984-02-01
[2026-03-24 13:02:50,189][pcse.agromanager.CropCalendar][INFO] - Starting crop (wheat) with variety (wheat_1) on day 1984-02-01
[2026-03-24 13:02:51,940][pcse.crop.phenology.Annual_Phenology][INFO] - Changed phenological stage 'emerging' to 'vegetative' on 1984-04-10
[2026-03-24 13:02:52,819][pcse.crop.phenology.Vernalisation][INFO] - Critical DVS for vernalization (VERNDVS) reached at day 1984-06-02, but vernalization requirements not yet fulfilled. Forcing vernalization now (VERN=47.688571).
[2026-03-24 13:02:52,836][pcse.crop.phenology.Vernalisation][INFO] - Critical DVS for vernalization (VERNDVS) reached at day 1984-06-03, but vernalization requirements not yet fulfilled. Forcing vernalization now (VERN=47.688571).
[2026-03-24 13:02:52,853][pcse.crop.phenology.Vernalisation][INFO] - Critical DVS for vernalization (VERNDVS) reached at day 1984-06-04, but vernalization requirements not yet fulfilled. Forcing vernalization now (VERN=47.688571).
[2026-03-24 13:02:52,870][pcse.crop.phenology.Vernalisation][INFO] - Critical DVS for vernalization (VERNDVS) reached at day 1984-06-05, but vernalization requirements not yet fulfilled. Forcing vernalization now (VERN=47.688571).
[2026-03-24 13:02:52,887][pcse.crop.phenology.Vernalisation][INFO] - Critical DVS for vernalization (VERNDVS) reached at day 1984-06-06, but vernalization requirements not yet fulfilled. Forcing vernalization now (VERN=47.688571).
[2026-03-24 13:02:52,904][pcse.crop.phenology.Vernalisation][INFO] - Critical DVS for vernalization (VERNDVS) reached at day 1984-06-07, but vernalization requirements not yet fulfilled. Forcing vernalization now (VERN=47.688571).
[2026-03-24 13:02:52,922][pcse.crop.phenology.Vernalisation][INFO] - Critical DVS for vernalization (VERNDVS) reached at day 1984-06-08, but vernalization requirements not yet fulfilled. Forcing vernalization now (VERN=47.688571).
[2026-03-24 13:02:52,938][pcse.crop.phenology.Vernalisation][INFO] - Critical DVS for vernalization (VERNDVS) reached at day 1984-06-09, but vernalization requirements not yet fulfilled. Forcing vernalization now (VERN=47.688571).
[2026-03-24 13:02:52,955][pcse.crop.phenology.Vernalisation][INFO] - Critical DVS for vernalization (VERNDVS) reached at day 1984-06-10, but vernalization requirements not yet fulfilled. Forcing vernalization now (VERN=47.688571).
[2026-03-24 13:02:52,973][pcse.crop.phenology.Vernalisation][INFO] - Critical DVS for vernalization (VERNDVS) reached at day 1984-06-11, but vernalization requirements not yet fulfilled. Forcing vernalization now (VERN=47.688571).
[2026-03-24 13:02:52,990][pcse.crop.phenology.Vernalisation][INFO] - Critical DVS for vernalization (VERNDVS) reached at day 1984-06-12, but vernalization requirements not yet fulfilled. Forcing vernalization now (VERN=47.688571).
[2026-03-24 13:02:53,008][pcse.crop.phenology.Vernalisation][INFO] - Critical DVS for vernalization (VERNDVS) reached at day 1984-06-13, but vernalization requirements not yet fulfilled. Forcing vernalization now (VERN=47.688571).
[2026-03-24 13:02:53,025][pcse.crop.phenology.Vernalisation][INFO] - Critical DVS for vernalization (VERNDVS) reached at day 1984-06-14, but vernalization requirements not yet fulfilled. Forcing vernalization now (VERN=47.688571).
[2026-03-24 13:02:53,042][pcse.crop.phenology.Vernalisation][INFO] - Critical DVS for vernalization (VERNDVS) reached at day 1984-06-15, but vernalization requirements not yet fulfilled. Forcing vernalization now (VERN=47.688571).
[2026-03-24 13:02:53,059][pcse.crop.phenology.Vernalisation][INFO] - Critical DVS for vernalization (VERNDVS) reached at day 1984-06-16, but vernalization requirements not yet fulfilled. Forcing vernalization now (VERN=47.688571).
[2026-03-24 13:02:53,076][pcse.crop.phenology.Vernalisation][INFO] - Critical DVS for vernalization (VERNDVS) reached at day 1984-06-17, but vernalization requirements not yet fulfilled. Forcing vernalization now (VERN=47.688571).
[2026-03-24 13:02:53,094][pcse.crop.phenology.Vernalisation][INFO] - Critical DVS for vernalization (VERNDVS) reached at day 1984-06-18, but vernalization requirements not yet fulfilled. Forcing vernalization now (VERN=47.688571).
[2026-03-24 13:02:53,111][pcse.crop.phenology.Vernalisation][INFO] - Critical DVS for vernalization (VERNDVS) reached at day 1984-06-19, but vernalization requirements not yet fulfilled. Forcing vernalization now (VERN=47.688571).
[2026-03-24 13:02:53,127][pcse.crop.phenology.Vernalisation][INFO] - Critical DVS for vernalization (VERNDVS) reached at day 1984-06-20, but vernalization requirements not yet fulfilled. Forcing vernalization now (VERN=47.688571).
[2026-03-24 13:02:53,144][pcse.crop.phenology.Vernalisation][INFO] - Critical DVS for vernalization (VERNDVS) reached at day 1984-06-21, but vernalization requirements not yet fulfilled. Forcing vernalization now (VERN=47.688571).
[2026-03-24 13:02:53,161][pcse.crop.phenology.Vernalisation][INFO] - Critical DVS for vernalization (VERNDVS) reached at day 1984-06-22, but vernalization requirements not yet fulfilled. Forcing vernalization now (VERN=47.688571).
[2026-03-24 13:02:53,178][pcse.crop.phenology.Vernalisation][INFO] - Critical DVS for vernalization (VERNDVS) reached at day 1984-06-23, but vernalization requirements not yet fulfilled. Forcing vernalization now (VERN=47.688571).
[2026-03-24 13:02:53,194][pcse.crop.phenology.Vernalisation][INFO] - Critical DVS for vernalization (VERNDVS) reached at day 1984-06-24, but vernalization requirements not yet fulfilled. Forcing vernalization now (VERN=47.688571).
[2026-03-24 13:02:53,211][pcse.crop.phenology.Vernalisation][INFO] - Critical DVS for vernalization (VERNDVS) reached at day 1984-06-25, but vernalization requirements not yet fulfilled. Forcing vernalization now (VERN=47.688571).
[2026-03-24 13:02:53,228][pcse.crop.phenology.Vernalisation][INFO] - Critical DVS for vernalization (VERNDVS) reached at day 1984-06-26, but vernalization requirements not yet fulfilled. Forcing vernalization now (VERN=47.688571).
[2026-03-24 13:02:53,244][pcse.crop.phenology.Vernalisation][INFO] - Critical DVS for vernalization (VERNDVS) reached at day 1984-06-27, but vernalization requirements not yet fulfilled. Forcing vernalization now (VERN=47.688571).
[2026-03-24 13:02:53,261][pcse.crop.phenology.Vernalisation][INFO] - Critical DVS for vernalization (VERNDVS) reached at day 1984-06-28, but vernalization requirements not yet fulfilled. Forcing vernalization now (VERN=47.688571).
[2026-03-24 13:02:53,277][pcse.crop.phenology.Vernalisation][INFO] - Critical DVS for vernalization (VERNDVS) reached at day 1984-06-29, but vernalization requirements not yet fulfilled. Forcing vernalization now (VERN=47.688571).
[2026-03-24 13:02:53,278][pcse.crop.phenology.Annual_Phenology][INFO] - Changed phenological stage 'vegetative' to 'reproductive' on 1984-06-29
[2026-03-24 13:02:54,570][pcse.crop.phenology.Annual_Phenology][INFO] - Changed phenological stage 'reproductive' to 'mature' on 1984-09-13
[2026-03-24 13:02:54,855][pcse.base.timer.Timer][INFO] - Reached end of simulation period as specified by END_DATE.
| train          | E: 97 | S: 23377 | R: -2.9152 | TR: 44.9050 | TF: 512 | LR: 0 | NR: 0 | D: 04.7 s | TD: 00.0 s | BR: -0.0106 | ALOSS: 16885.5964 | CLOSS: 2633358.7169 | TLOSS: -282.7159 | TVAL: 0.4467 | AENT: -633.9264 | BCLOSS: 0.0000
[EPISODE DBG] episode=97 step=23377 pred_return=-2.528756 true_return=23.719060 total_feedback=512 labeled_feedback=0
[2026-03-24 13:02:54,862][pcse.agromanager.SoilCalendar][INFO] - Starting soil (oregon) with variation (oregon_1) on day 1984-02-01
[2026-03-24 13:02:54,865][pcse.agromanager.CropCalendar][INFO] - Starting crop (wheat) with variety (wheat_1) on day 1984-02-01
[2026-03-24 13:02:56,431][pcse.crop.phenology.Annual_Phenology][INFO] - Changed phenological stage 'emerging' to 'vegetative' on 1984-04-10
[2026-03-24 13:02:57,273][pcse.crop.phenology.Vernalisation][INFO] - Critical DVS for vernalization (VERNDVS) reached at day 1984-06-02, but vernalization requirements not yet fulfilled. Forcing vernalization now (VERN=47.688571).
[2026-03-24 13:02:57,290][pcse.crop.phenology.Vernalisation][INFO] - Critical DVS for vernalization (VERNDVS) reached at day 1984-06-03, but vernalization requirements not yet fulfilled. Forcing vernalization now (VERN=47.688571).
[2026-03-24 13:02:57,306][pcse.crop.phenology.Vernalisation][INFO] - Critical DVS for vernalization (VERNDVS) reached at day 1984-06-04, but vernalization requirements not yet fulfilled. Forcing vernalization now (VERN=47.688571).
[REPLAY DBG] post-agent-update step=23500 n=23500 mean=-0.010611 std=0.015250 min=-0.094720 max=0.013632
[2026-03-24 13:02:57,323][pcse.crop.phenology.Vernalisation][INFO] - Critical DVS for vernalization (VERNDVS) reached at day 1984-06-05, but vernalization requirements not yet fulfilled. Forcing vernalization now (VERN=47.688571).
[STEP DBG] step=23500 env_reward=0.000000 r_hat=-0.002042 done=False
[NORM DBG] count=23500 mean_abs_mean=62525.101562 mean_std=9.250244 min_std=0.001000 max_std=69.567184
[2026-03-24 13:02:57,339][pcse.crop.phenology.Vernalisation][INFO] - Critical DVS for vernalization (VERNDVS) reached at day 1984-06-06, but vernalization requirements not yet fulfilled. Forcing vernalization now (VERN=47.688571).
[2026-03-24 13:02:57,356][pcse.crop.phenology.Vernalisation][INFO] - Critical DVS for vernalization (VERNDVS) reached at day 1984-06-07, but vernalization requirements not yet fulfilled. Forcing vernalization now (VERN=47.688571).
[2026-03-24 13:02:57,371][pcse.crop.phenology.Vernalisation][INFO] - Critical DVS for vernalization (VERNDVS) reached at day 1984-06-08, but vernalization requirements not yet fulfilled. Forcing vernalization now (VERN=47.688571).
[2026-03-24 13:02:57,386][pcse.crop.phenology.Vernalisation][INFO] - Critical DVS for vernalization (VERNDVS) reached at day 1984-06-09, but vernalization requirements not yet fulfilled. Forcing vernalization now (VERN=47.688571).
[2026-03-24 13:02:57,402][pcse.crop.phenology.Vernalisation][INFO] - Critical DVS for vernalization (VERNDVS) reached at day 1984-06-10, but vernalization requirements not yet fulfilled. Forcing vernalization now (VERN=47.688571).
[2026-03-24 13:02:57,419][pcse.crop.phenology.Vernalisation][INFO] - Critical DVS for vernalization (VERNDVS) reached at day 1984-06-11, but vernalization requirements not yet fulfilled. Forcing vernalization now (VERN=47.688571).
[2026-03-24 13:02:57,434][pcse.crop.phenology.Vernalisation][INFO] - Critical DVS for vernalization (VERNDVS) reached at day 1984-06-12, but vernalization requirements not yet fulfilled. Forcing vernalization now (VERN=47.688571).
[2026-03-24 13:02:57,450][pcse.crop.phenology.Vernalisation][INFO] - Critical DVS for vernalization (VERNDVS) reached at day 1984-06-13, but vernalization requirements not yet fulfilled. Forcing vernalization now (VERN=47.688571).
[2026-03-24 13:02:57,466][pcse.crop.phenology.Vernalisation][INFO] - Critical DVS for vernalization (VERNDVS) reached at day 1984-06-14, but vernalization requirements not yet fulfilled. Forcing vernalization now (VERN=47.688571).
[2026-03-24 13:02:57,482][pcse.crop.phenology.Vernalisation][INFO] - Critical DVS for vernalization (VERNDVS) reached at day 1984-06-15, but vernalization requirements not yet fulfilled. Forcing vernalization now (VERN=47.688571).
[2026-03-24 13:02:57,500][pcse.crop.phenology.Vernalisation][INFO] - Critical DVS for vernalization (VERNDVS) reached at day 1984-06-16, but vernalization requirements not yet fulfilled. Forcing vernalization now (VERN=47.688571).
[2026-03-24 13:02:57,517][pcse.crop.phenology.Vernalisation][INFO] - Critical DVS for vernalization (VERNDVS) reached at day 1984-06-17, but vernalization requirements not yet fulfilled. Forcing vernalization now (VERN=47.688571).
[2026-03-24 13:02:57,533][pcse.crop.phenology.Vernalisation][INFO] - Critical DVS for vernalization (VERNDVS) reached at day 1984-06-18, but vernalization requirements not yet fulfilled. Forcing vernalization now (VERN=47.688571).
[2026-03-24 13:02:57,551][pcse.crop.phenology.Vernalisation][INFO] - Critical DVS for vernalization (VERNDVS) reached at day 1984-06-19, but vernalization requirements not yet fulfilled. Forcing vernalization now (VERN=47.688571).
[2026-03-24 13:02:57,567][pcse.crop.phenology.Vernalisation][INFO] - Critical DVS for vernalization (VERNDVS) reached at day 1984-06-20, but vernalization requirements not yet fulfilled. Forcing vernalization now (VERN=47.688571).
[2026-03-24 13:02:57,584][pcse.crop.phenology.Vernalisation][INFO] - Critical DVS for vernalization (VERNDVS) reached at day 1984-06-21, but vernalization requirements not yet fulfilled. Forcing vernalization now (VERN=47.688571).
[2026-03-24 13:02:57,599][pcse.crop.phenology.Vernalisation][INFO] - Critical DVS for vernalization (VERNDVS) reached at day 1984-06-22, but vernalization requirements not yet fulfilled. Forcing vernalization now (VERN=47.688571).
[2026-03-24 13:02:57,614][pcse.crop.phenology.Vernalisation][INFO] - Critical DVS for vernalization (VERNDVS) reached at day 1984-06-23, but vernalization requirements not yet fulfilled. Forcing vernalization now (VERN=47.688571).
[2026-03-24 13:02:57,630][pcse.crop.phenology.Vernalisation][INFO] - Critical DVS for vernalization (VERNDVS) reached at day 1984-06-24, but vernalization requirements not yet fulfilled. Forcing vernalization now (VERN=47.688571).
[2026-03-24 13:02:57,647][pcse.crop.phenology.Vernalisation][INFO] - Critical DVS for vernalization (VERNDVS) reached at day 1984-06-25, but vernalization requirements not yet fulfilled. Forcing vernalization now (VERN=47.688571).
[2026-03-24 13:02:57,664][pcse.crop.phenology.Vernalisation][INFO] - Critical DVS for vernalization (VERNDVS) reached at day 1984-06-26, but vernalization requirements not yet fulfilled. Forcing vernalization now (VERN=47.688571).
[2026-03-24 13:02:57,681][pcse.crop.phenology.Vernalisation][INFO] - Critical DVS for vernalization (VERNDVS) reached at day 1984-06-27, but vernalization requirements not yet fulfilled. Forcing vernalization now (VERN=47.688571).
[2026-03-24 13:02:57,697][pcse.crop.phenology.Vernalisation][INFO] - Critical DVS for vernalization (VERNDVS) reached at day 1984-06-28, but vernalization requirements not yet fulfilled. Forcing vernalization now (VERN=47.688571).
[2026-03-24 13:02:57,714][pcse.crop.phenology.Vernalisation][INFO] - Critical DVS for vernalization (VERNDVS) reached at day 1984-06-29, but vernalization requirements not yet fulfilled. Forcing vernalization now (VERN=47.688571).
[2026-03-24 13:02:57,714][pcse.crop.phenology.Annual_Phenology][INFO] - Changed phenological stage 'vegetative' to 'reproductive' on 1984-06-29
[2026-03-24 13:02:59,208][pcse.crop.phenology.Annual_Phenology][INFO] - Changed phenological stage 'reproductive' to 'mature' on 1984-09-13
[2026-03-24 13:02:59,523][pcse.base.timer.Timer][INFO] - Reached end of simulation period as specified by END_DATE.
| train          | E: 98 | S: 23618 | R: -2.5288 | TR: 23.7191 | TF: 512 | LR: 0 | NR: 0 | D: 04.7 s | TD: 00.0 s | BR: -0.0106 | ALOSS: 17141.7669 | CLOSS: 2783692.6525 | TLOSS: -368.6504 | TVAL: 0.4554 | AENT: -810.0932 | BCLOSS: 0.0000
[EPISODE DBG] episode=98 step=23618 pred_return=-2.778692 true_return=29.847215 total_feedback=512 labeled_feedback=0
[2026-03-24 13:02:59,530][pcse.agromanager.SoilCalendar][INFO] - Starting soil (oregon) with variation (oregon_1) on day 1984-02-01
[2026-03-24 13:02:59,533][pcse.agromanager.CropCalendar][INFO] - Starting crop (wheat) with variety (wheat_1) on day 1984-02-01
[2026-03-24 13:03:00,870][pcse.crop.phenology.Annual_Phenology][INFO] - Changed phenological stage 'emerging' to 'vegetative' on 1984-04-10
[2026-03-24 13:03:01,756][pcse.crop.phenology.Vernalisation][INFO] - Critical DVS for vernalization (VERNDVS) reached at day 1984-06-02, but vernalization requirements not yet fulfilled. Forcing vernalization now (VERN=47.688571).
[2026-03-24 13:03:01,773][pcse.crop.phenology.Vernalisation][INFO] - Critical DVS for vernalization (VERNDVS) reached at day 1984-06-03, but vernalization requirements not yet fulfilled. Forcing vernalization now (VERN=47.688571).
[2026-03-24 13:03:01,791][pcse.crop.phenology.Vernalisation][INFO] - Critical DVS for vernalization (VERNDVS) reached at day 1984-06-04, but vernalization requirements not yet fulfilled. Forcing vernalization now (VERN=47.688571).
[2026-03-24 13:03:01,808][pcse.crop.phenology.Vernalisation][INFO] - Critical DVS for vernalization (VERNDVS) reached at day 1984-06-05, but vernalization requirements not yet fulfilled. Forcing vernalization now (VERN=47.688571).
[2026-03-24 13:03:01,826][pcse.crop.phenology.Vernalisation][INFO] - Critical DVS for vernalization (VERNDVS) reached at day 1984-06-06, but vernalization requirements not yet fulfilled. Forcing vernalization now (VERN=47.688571).
[2026-03-24 13:03:01,843][pcse.crop.phenology.Vernalisation][INFO] - Critical DVS for vernalization (VERNDVS) reached at day 1984-06-07, but vernalization requirements not yet fulfilled. Forcing vernalization now (VERN=47.688571).
[2026-03-24 13:03:01,860][pcse.crop.phenology.Vernalisation][INFO] - Critical DVS for vernalization (VERNDVS) reached at day 1984-06-08, but vernalization requirements not yet fulfilled. Forcing vernalization now (VERN=47.688571).
[2026-03-24 13:03:01,876][pcse.crop.phenology.Vernalisation][INFO] - Critical DVS for vernalization (VERNDVS) reached at day 1984-06-09, but vernalization requirements not yet fulfilled. Forcing vernalization now (VERN=47.688571).
[2026-03-24 13:03:01,893][pcse.crop.phenology.Vernalisation][INFO] - Critical DVS for vernalization (VERNDVS) reached at day 1984-06-10, but vernalization requirements not yet fulfilled. Forcing vernalization now (VERN=47.688571).
[2026-03-24 13:03:01,910][pcse.crop.phenology.Vernalisation][INFO] - Critical DVS for vernalization (VERNDVS) reached at day 1984-06-11, but vernalization requirements not yet fulfilled. Forcing vernalization now (VERN=47.688571).
[2026-03-24 13:03:01,928][pcse.crop.phenology.Vernalisation][INFO] - Critical DVS for vernalization (VERNDVS) reached at day 1984-06-12, but vernalization requirements not yet fulfilled. Forcing vernalization now (VERN=47.688571).
[2026-03-24 13:03:01,945][pcse.crop.phenology.Vernalisation][INFO] - Critical DVS for vernalization (VERNDVS) reached at day 1984-06-13, but vernalization requirements not yet fulfilled. Forcing vernalization now (VERN=47.688571).
[2026-03-24 13:03:01,962][pcse.crop.phenology.Vernalisation][INFO] - Critical DVS for vernalization (VERNDVS) reached at day 1984-06-14, but vernalization requirements not yet fulfilled. Forcing vernalization now (VERN=47.688571).
[2026-03-24 13:03:01,979][pcse.crop.phenology.Vernalisation][INFO] - Critical DVS for vernalization (VERNDVS) reached at day 1984-06-15, but vernalization requirements not yet fulfilled. Forcing vernalization now (VERN=47.688571).
[2026-03-24 13:03:01,996][pcse.crop.phenology.Vernalisation][INFO] - Critical DVS for vernalization (VERNDVS) reached at day 1984-06-16, but vernalization requirements not yet fulfilled. Forcing vernalization now (VERN=47.688571).
[2026-03-24 13:03:02,014][pcse.crop.phenology.Vernalisation][INFO] - Critical DVS for vernalization (VERNDVS) reached at day 1984-06-17, but vernalization requirements not yet fulfilled. Forcing vernalization now (VERN=47.688571).
[2026-03-24 13:03:02,031][pcse.crop.phenology.Vernalisation][INFO] - Critical DVS for vernalization (VERNDVS) reached at day 1984-06-18, but vernalization requirements not yet fulfilled. Forcing vernalization now (VERN=47.688571).
[2026-03-24 13:03:02,048][pcse.crop.phenology.Vernalisation][INFO] - Critical DVS for vernalization (VERNDVS) reached at day 1984-06-19, but vernalization requirements not yet fulfilled. Forcing vernalization now (VERN=47.688571).
[2026-03-24 13:03:02,064][pcse.crop.phenology.Vernalisation][INFO] - Critical DVS for vernalization (VERNDVS) reached at day 1984-06-20, but vernalization requirements not yet fulfilled. Forcing vernalization now (VERN=47.688571).
[2026-03-24 13:03:02,081][pcse.crop.phenology.Vernalisation][INFO] - Critical DVS for vernalization (VERNDVS) reached at day 1984-06-21, but vernalization requirements not yet fulfilled. Forcing vernalization now (VERN=47.688571).
[2026-03-24 13:03:02,098][pcse.crop.phenology.Vernalisation][INFO] - Critical DVS for vernalization (VERNDVS) reached at day 1984-06-22, but vernalization requirements not yet fulfilled. Forcing vernalization now (VERN=47.688571).
[2026-03-24 13:03:02,114][pcse.crop.phenology.Vernalisation][INFO] - Critical DVS for vernalization (VERNDVS) reached at day 1984-06-23, but vernalization requirements not yet fulfilled. Forcing vernalization now (VERN=47.688571).
[2026-03-24 13:03:02,131][pcse.crop.phenology.Vernalisation][INFO] - Critical DVS for vernalization (VERNDVS) reached at day 1984-06-24, but vernalization requirements not yet fulfilled. Forcing vernalization now (VERN=47.688571).
[2026-03-24 13:03:02,148][pcse.crop.phenology.Vernalisation][INFO] - Critical DVS for vernalization (VERNDVS) reached at day 1984-06-25, but vernalization requirements not yet fulfilled. Forcing vernalization now (VERN=47.688571).
[2026-03-24 13:03:02,164][pcse.crop.phenology.Vernalisation][INFO] - Critical DVS for vernalization (VERNDVS) reached at day 1984-06-26, but vernalization requirements not yet fulfilled. Forcing vernalization now (VERN=47.688571).
[2026-03-24 13:03:02,181][pcse.crop.phenology.Vernalisation][INFO] - Critical DVS for vernalization (VERNDVS) reached at day 1984-06-27, but vernalization requirements not yet fulfilled. Forcing vernalization now (VERN=47.688571).
[2026-03-24 13:03:02,197][pcse.crop.phenology.Vernalisation][INFO] - Critical DVS for vernalization (VERNDVS) reached at day 1984-06-28, but vernalization requirements not yet fulfilled. Forcing vernalization now (VERN=47.688571).
[2026-03-24 13:03:02,214][pcse.crop.phenology.Vernalisation][INFO] - Critical DVS for vernalization (VERNDVS) reached at day 1984-06-29, but vernalization requirements not yet fulfilled. Forcing vernalization now (VERN=47.688571).
[2026-03-24 13:03:02,214][pcse.crop.phenology.Annual_Phenology][INFO] - Changed phenological stage 'vegetative' to 'reproductive' on 1984-06-29
[2026-03-24 13:03:04,004][pcse.crop.phenology.Annual_Phenology][INFO] - Changed phenological stage 'reproductive' to 'mature' on 1984-09-13
[2026-03-24 13:03:04,316][pcse.base.timer.Timer][INFO] - Reached end of simulation period as specified by END_DATE.
| train          | E: 99 | S: 23859 | R: -2.7787 | TR: 29.8472 | TF: 512 | LR: 0 | NR: 0 | D: 04.8 s | TD: 00.0 s | BR: -0.0106 | ALOSS: 17274.5842 | CLOSS: 3024955.9645 | TLOSS: -391.6346 | TVAL: 0.4662 | AENT: -841.3062 | BCLOSS: 0.0000
[EPISODE DBG] episode=99 step=23859 pred_return=-3.130300 true_return=56.469779 total_feedback=512 labeled_feedback=0
[2026-03-24 13:03:04,324][pcse.agromanager.SoilCalendar][INFO] - Starting soil (oregon) with variation (oregon_1) on day 1984-02-01
[2026-03-24 13:03:04,326][pcse.agromanager.CropCalendar][INFO] - Starting crop (wheat) with variety (wheat_1) on day 1984-02-01
[2026-03-24 13:03:05,731][pcse.crop.phenology.Annual_Phenology][INFO] - Changed phenological stage 'emerging' to 'vegetative' on 1984-04-10
[2026-03-24 13:03:06,607][pcse.crop.phenology.Vernalisation][INFO] - Critical DVS for vernalization (VERNDVS) reached at day 1984-06-02, but vernalization requirements not yet fulfilled. Forcing vernalization now (VERN=47.688571).
[2026-03-24 13:03:06,624][pcse.crop.phenology.Vernalisation][INFO] - Critical DVS for vernalization (VERNDVS) reached at day 1984-06-03, but vernalization requirements not yet fulfilled. Forcing vernalization now (VERN=47.688571).
[2026-03-24 13:03:06,641][pcse.crop.phenology.Vernalisation][INFO] - Critical DVS for vernalization (VERNDVS) reached at day 1984-06-04, but vernalization requirements not yet fulfilled. Forcing vernalization now (VERN=47.688571).
[2026-03-24 13:03:06,658][pcse.crop.phenology.Vernalisation][INFO] - Critical DVS for vernalization (VERNDVS) reached at day 1984-06-05, but vernalization requirements not yet fulfilled. Forcing vernalization now (VERN=47.688571).
[2026-03-24 13:03:06,678][pcse.crop.phenology.Vernalisation][INFO] - Critical DVS for vernalization (VERNDVS) reached at day 1984-06-06, but vernalization requirements not yet fulfilled. Forcing vernalization now (VERN=47.688571).
[2026-03-24 13:03:06,697][pcse.crop.phenology.Vernalisation][INFO] - Critical DVS for vernalization (VERNDVS) reached at day 1984-06-07, but vernalization requirements not yet fulfilled. Forcing vernalization now (VERN=47.688571).
[2026-03-24 13:03:06,713][pcse.crop.phenology.Vernalisation][INFO] - Critical DVS for vernalization (VERNDVS) reached at day 1984-06-08, but vernalization requirements not yet fulfilled. Forcing vernalization now (VERN=47.688571).
[2026-03-24 13:03:06,728][pcse.crop.phenology.Vernalisation][INFO] - Critical DVS for vernalization (VERNDVS) reached at day 1984-06-09, but vernalization requirements not yet fulfilled. Forcing vernalization now (VERN=47.688571).
[2026-03-24 13:03:06,744][pcse.crop.phenology.Vernalisation][INFO] - Critical DVS for vernalization (VERNDVS) reached at day 1984-06-10, but vernalization requirements not yet fulfilled. Forcing vernalization now (VERN=47.688571).
[2026-03-24 13:03:06,759][pcse.crop.phenology.Vernalisation][INFO] - Critical DVS for vernalization (VERNDVS) reached at day 1984-06-11, but vernalization requirements not yet fulfilled. Forcing vernalization now (VERN=47.688571).
[2026-03-24 13:03:06,774][pcse.crop.phenology.Vernalisation][INFO] - Critical DVS for vernalization (VERNDVS) reached at day 1984-06-12, but vernalization requirements not yet fulfilled. Forcing vernalization now (VERN=47.688571).
[2026-03-24 13:03:06,788][pcse.crop.phenology.Vernalisation][INFO] - Critical DVS for vernalization (VERNDVS) reached at day 1984-06-13, but vernalization requirements not yet fulfilled. Forcing vernalization now (VERN=47.688571).
[2026-03-24 13:03:06,803][pcse.crop.phenology.Vernalisation][INFO] - Critical DVS for vernalization (VERNDVS) reached at day 1984-06-14, but vernalization requirements not yet fulfilled. Forcing vernalization now (VERN=47.688571).
[2026-03-24 13:03:06,818][pcse.crop.phenology.Vernalisation][INFO] - Critical DVS for vernalization (VERNDVS) reached at day 1984-06-15, but vernalization requirements not yet fulfilled. Forcing vernalization now (VERN=47.688571).
[2026-03-24 13:03:06,833][pcse.crop.phenology.Vernalisation][INFO] - Critical DVS for vernalization (VERNDVS) reached at day 1984-06-16, but vernalization requirements not yet fulfilled. Forcing vernalization now (VERN=47.688571).
[2026-03-24 13:03:06,847][pcse.crop.phenology.Vernalisation][INFO] - Critical DVS for vernalization (VERNDVS) reached at day 1984-06-17, but vernalization requirements not yet fulfilled. Forcing vernalization now (VERN=47.688571).
[2026-03-24 13:03:06,862][pcse.crop.phenology.Vernalisation][INFO] - Critical DVS for vernalization (VERNDVS) reached at day 1984-06-18, but vernalization requirements not yet fulfilled. Forcing vernalization now (VERN=47.688571).
[2026-03-24 13:03:06,877][pcse.crop.phenology.Vernalisation][INFO] - Critical DVS for vernalization (VERNDVS) reached at day 1984-06-19, but vernalization requirements not yet fulfilled. Forcing vernalization now (VERN=47.688571).
[2026-03-24 13:03:06,891][pcse.crop.phenology.Vernalisation][INFO] - Critical DVS for vernalization (VERNDVS) reached at day 1984-06-20, but vernalization requirements not yet fulfilled. Forcing vernalization now (VERN=47.688571).
[2026-03-24 13:03:06,907][pcse.crop.phenology.Vernalisation][INFO] - Critical DVS for vernalization (VERNDVS) reached at day 1984-06-21, but vernalization requirements not yet fulfilled. Forcing vernalization now (VERN=47.688571).
[2026-03-24 13:03:06,922][pcse.crop.phenology.Vernalisation][INFO] - Critical DVS for vernalization (VERNDVS) reached at day 1984-06-22, but vernalization requirements not yet fulfilled. Forcing vernalization now (VERN=47.688571).
[REPLAY DBG] post-agent-update step=24000 n=24000 mean=-0.010630 std=0.015230 min=-0.094720 max=0.013632
[2026-03-24 13:03:07,315][pcse.crop.phenology.Vernalisation][INFO] - Critical DVS for vernalization (VERNDVS) reached at day 1984-06-23, but vernalization requirements not yet fulfilled. Forcing vernalization now (VERN=47.688571).
[STEP DBG] step=24000 env_reward=0.000000 r_hat=0.000921 done=False
[NORM DBG] count=24000 mean_abs_mean=62525.101562 mean_std=9.246572 min_std=0.001000 max_std=69.542091
[2026-03-24 13:03:07,354][pcse.crop.phenology.Vernalisation][INFO] - Critical DVS for vernalization (VERNDVS) reached at day 1984-06-24, but vernalization requirements not yet fulfilled. Forcing vernalization now (VERN=47.688571).
[2026-03-24 13:03:07,384][pcse.crop.phenology.Vernalisation][INFO] - Critical DVS for vernalization (VERNDVS) reached at day 1984-06-25, but vernalization requirements not yet fulfilled. Forcing vernalization now (VERN=47.688571).
[2026-03-24 13:03:07,402][pcse.crop.phenology.Vernalisation][INFO] - Critical DVS for vernalization (VERNDVS) reached at day 1984-06-26, but vernalization requirements not yet fulfilled. Forcing vernalization now (VERN=47.688571).
[2026-03-24 13:03:07,420][pcse.crop.phenology.Vernalisation][INFO] - Critical DVS for vernalization (VERNDVS) reached at day 1984-06-27, but vernalization requirements not yet fulfilled. Forcing vernalization now (VERN=47.688571).
[2026-03-24 13:03:07,436][pcse.crop.phenology.Vernalisation][INFO] - Critical DVS for vernalization (VERNDVS) reached at day 1984-06-28, but vernalization requirements not yet fulfilled. Forcing vernalization now (VERN=47.688571).
[2026-03-24 13:03:07,454][pcse.crop.phenology.Vernalisation][INFO] - Critical DVS for vernalization (VERNDVS) reached at day 1984-06-29, but vernalization requirements not yet fulfilled. Forcing vernalization now (VERN=47.688571).
[2026-03-24 13:03:07,454][pcse.crop.phenology.Annual_Phenology][INFO] - Changed phenological stage 'vegetative' to 'reproductive' on 1984-06-29
[2026-03-24 13:03:08,743][pcse.crop.phenology.Annual_Phenology][INFO] - Changed phenological stage 'reproductive' to 'mature' on 1984-09-13
[2026-03-24 13:03:09,028][pcse.base.timer.Timer][INFO] - Reached end of simulation period as specified by END_DATE.
| train          | E: 100 | S: 24100 | R: -3.1303 | TR: 56.4698 | TF: 512 | LR: 0 | NR: 0 | D: 04.7 s | TD: 00.0 s | BR: -0.0106 | ALOSS: 17292.8853 | CLOSS: 3032502.1467 | TLOSS: -348.8002 | TVAL: 0.4759 | AENT: -733.5320 | BCLOSS: 0.0000
[EPISODE DBG] episode=100 step=24100 pred_return=-2.347706 true_return=6.504306 total_feedback=512 labeled_feedback=0
[2026-03-24 13:03:09,035][pcse.agromanager.SoilCalendar][INFO] - Starting soil (oregon) with variation (oregon_1) on day 1984-02-01
[2026-03-24 13:03:09,038][pcse.agromanager.CropCalendar][INFO] - Starting crop (wheat) with variety (wheat_1) on day 1984-02-01
[2026-03-24 13:03:10,350][pcse.crop.phenology.Annual_Phenology][INFO] - Changed phenological stage 'emerging' to 'vegetative' on 1984-04-10
[2026-03-24 13:03:11,810][pcse.crop.phenology.Vernalisation][INFO] - Critical DVS for vernalization (VERNDVS) reached at day 1984-06-02, but vernalization requirements not yet fulfilled. Forcing vernalization now (VERN=47.688571).
[2026-03-24 13:03:11,830][pcse.crop.phenology.Vernalisation][INFO] - Critical DVS for vernalization (VERNDVS) reached at day 1984-06-03, but vernalization requirements not yet fulfilled. Forcing vernalization now (VERN=47.688571).
[2026-03-24 13:03:11,848][pcse.crop.phenology.Vernalisation][INFO] - Critical DVS for vernalization (VERNDVS) reached at day 1984-06-04, but vernalization requirements not yet fulfilled. Forcing vernalization now (VERN=47.688571).
[2026-03-24 13:03:11,867][pcse.crop.phenology.Vernalisation][INFO] - Critical DVS for vernalization (VERNDVS) reached at day 1984-06-05, but vernalization requirements not yet fulfilled. Forcing vernalization now (VERN=47.688571).
[2026-03-24 13:03:11,886][pcse.crop.phenology.Vernalisation][INFO] - Critical DVS for vernalization (VERNDVS) reached at day 1984-06-06, but vernalization requirements not yet fulfilled. Forcing vernalization now (VERN=47.688571).
[2026-03-24 13:03:11,905][pcse.crop.phenology.Vernalisation][INFO] - Critical DVS for vernalization (VERNDVS) reached at day 1984-06-07, but vernalization requirements not yet fulfilled. Forcing vernalization now (VERN=47.688571).
[2026-03-24 13:03:11,923][pcse.crop.phenology.Vernalisation][INFO] - Critical DVS for vernalization (VERNDVS) reached at day 1984-06-08, but vernalization requirements not yet fulfilled. Forcing vernalization now (VERN=47.688571).
[2026-03-24 13:03:11,941][pcse.crop.phenology.Vernalisation][INFO] - Critical DVS for vernalization (VERNDVS) reached at day 1984-06-09, but vernalization requirements not yet fulfilled. Forcing vernalization now (VERN=47.688571).
[2026-03-24 13:03:11,960][pcse.crop.phenology.Vernalisation][INFO] - Critical DVS for vernalization (VERNDVS) reached at day 1984-06-10, but vernalization requirements not yet fulfilled. Forcing vernalization now (VERN=47.688571).
[2026-03-24 13:03:11,979][pcse.crop.phenology.Vernalisation][INFO] - Critical DVS for vernalization (VERNDVS) reached at day 1984-06-11, but vernalization requirements not yet fulfilled. Forcing vernalization now (VERN=47.688571).
[2026-03-24 13:03:11,998][pcse.crop.phenology.Vernalisation][INFO] - Critical DVS for vernalization (VERNDVS) reached at day 1984-06-12, but vernalization requirements not yet fulfilled. Forcing vernalization now (VERN=47.688571).
[2026-03-24 13:03:12,017][pcse.crop.phenology.Vernalisation][INFO] - Critical DVS for vernalization (VERNDVS) reached at day 1984-06-13, but vernalization requirements not yet fulfilled. Forcing vernalization now (VERN=47.688571).
[2026-03-24 13:03:12,036][pcse.crop.phenology.Vernalisation][INFO] - Critical DVS for vernalization (VERNDVS) reached at day 1984-06-14, but vernalization requirements not yet fulfilled. Forcing vernalization now (VERN=47.688571).
[2026-03-24 13:03:12,055][pcse.crop.phenology.Vernalisation][INFO] - Critical DVS for vernalization (VERNDVS) reached at day 1984-06-15, but vernalization requirements not yet fulfilled. Forcing vernalization now (VERN=47.688571).
[2026-03-24 13:03:12,074][pcse.crop.phenology.Vernalisation][INFO] - Critical DVS for vernalization (VERNDVS) reached at day 1984-06-16, but vernalization requirements not yet fulfilled. Forcing vernalization now (VERN=47.688571).
[2026-03-24 13:03:12,092][pcse.crop.phenology.Vernalisation][INFO] - Critical DVS for vernalization (VERNDVS) reached at day 1984-06-17, but vernalization requirements not yet fulfilled. Forcing vernalization now (VERN=47.688571).
[2026-03-24 13:03:12,111][pcse.crop.phenology.Vernalisation][INFO] - Critical DVS for vernalization (VERNDVS) reached at day 1984-06-18, but vernalization requirements not yet fulfilled. Forcing vernalization now (VERN=47.688571).
[2026-03-24 13:03:12,130][pcse.crop.phenology.Vernalisation][INFO] - Critical DVS for vernalization (VERNDVS) reached at day 1984-06-19, but vernalization requirements not yet fulfilled. Forcing vernalization now (VERN=47.688571).
[2026-03-24 13:03:12,148][pcse.crop.phenology.Vernalisation][INFO] - Critical DVS for vernalization (VERNDVS) reached at day 1984-06-20, but vernalization requirements not yet fulfilled. Forcing vernalization now (VERN=47.688571).
[2026-03-24 13:03:12,167][pcse.crop.phenology.Vernalisation][INFO] - Critical DVS for vernalization (VERNDVS) reached at day 1984-06-21, but vernalization requirements not yet fulfilled. Forcing vernalization now (VERN=47.688571).
[2026-03-24 13:03:12,187][pcse.crop.phenology.Vernalisation][INFO] - Critical DVS for vernalization (VERNDVS) reached at day 1984-06-22, but vernalization requirements not yet fulfilled. Forcing vernalization now (VERN=47.688571).
[2026-03-24 13:03:12,205][pcse.crop.phenology.Vernalisation][INFO] - Critical DVS for vernalization (VERNDVS) reached at day 1984-06-23, but vernalization requirements not yet fulfilled. Forcing vernalization now (VERN=47.688571).
[2026-03-24 13:03:12,224][pcse.crop.phenology.Vernalisation][INFO] - Critical DVS for vernalization (VERNDVS) reached at day 1984-06-24, but vernalization requirements not yet fulfilled. Forcing vernalization now (VERN=47.688571).
[2026-03-24 13:03:12,240][pcse.crop.phenology.Vernalisation][INFO] - Critical DVS for vernalization (VERNDVS) reached at day 1984-06-25, but vernalization requirements not yet fulfilled. Forcing vernalization now (VERN=47.688571).
[2026-03-24 13:03:12,258][pcse.crop.phenology.Vernalisation][INFO] - Critical DVS for vernalization (VERNDVS) reached at day 1984-06-26, but vernalization requirements not yet fulfilled. Forcing vernalization now (VERN=47.688571).
[2026-03-24 13:03:12,275][pcse.crop.phenology.Vernalisation][INFO] - Critical DVS for vernalization (VERNDVS) reached at day 1984-06-27, but vernalization requirements not yet fulfilled. Forcing vernalization now (VERN=47.688571).
[2026-03-24 13:03:12,293][pcse.crop.phenology.Vernalisation][INFO] - Critical DVS for vernalization (VERNDVS) reached at day 1984-06-28, but vernalization requirements not yet fulfilled. Forcing vernalization now (VERN=47.688571).
[2026-03-24 13:03:12,310][pcse.crop.phenology.Vernalisation][INFO] - Critical DVS for vernalization (VERNDVS) reached at day 1984-06-29, but vernalization requirements not yet fulfilled. Forcing vernalization now (VERN=47.688571).
[2026-03-24 13:03:12,310][pcse.crop.phenology.Annual_Phenology][INFO] - Changed phenological stage 'vegetative' to 'reproductive' on 1984-06-29
[2026-03-24 13:03:13,600][pcse.crop.phenology.Annual_Phenology][INFO] - Changed phenological stage 'reproductive' to 'mature' on 1984-09-13
[2026-03-24 13:03:13,894][pcse.base.timer.Timer][INFO] - Reached end of simulation period as specified by END_DATE.
| train          | E: 101 | S: 24341 | R: -2.3477 | TR: 6.5043 | TF: 512 | LR: 0 | NR: 0 | D: 04.9 s | TD: 00.0 s | BR: -0.0106 | ALOSS: 17460.4416 | CLOSS: 3119853.4027 | TLOSS: -364.5372 | TVAL: 0.4858 | AENT: -751.3305 | BCLOSS: 0.0000
[EPISODE DBG] episode=101 step=24341 pred_return=-2.568127 true_return=23.297946 total_feedback=512 labeled_feedback=0
[2026-03-24 13:03:13,902][pcse.agromanager.SoilCalendar][INFO] - Starting soil (oregon) with variation (oregon_1) on day 1984-02-01
[2026-03-24 13:03:13,905][pcse.agromanager.CropCalendar][INFO] - Starting crop (wheat) with variety (wheat_1) on day 1984-02-01
[2026-03-24 13:03:15,502][pcse.crop.phenology.Annual_Phenology][INFO] - Changed phenological stage 'emerging' to 'vegetative' on 1984-04-10
[2026-03-24 13:03:16,401][pcse.crop.phenology.Vernalisation][INFO] - Critical DVS for vernalization (VERNDVS) reached at day 1984-06-02, but vernalization requirements not yet fulfilled. Forcing vernalization now (VERN=47.688571).
[2026-03-24 13:03:16,417][pcse.crop.phenology.Vernalisation][INFO] - Critical DVS for vernalization (VERNDVS) reached at day 1984-06-03, but vernalization requirements not yet fulfilled. Forcing vernalization now (VERN=47.688571).
[2026-03-24 13:03:16,435][pcse.crop.phenology.Vernalisation][INFO] - Critical DVS for vernalization (VERNDVS) reached at day 1984-06-04, but vernalization requirements not yet fulfilled. Forcing vernalization now (VERN=47.688571).
[2026-03-24 13:03:16,452][pcse.crop.phenology.Vernalisation][INFO] - Critical DVS for vernalization (VERNDVS) reached at day 1984-06-05, but vernalization requirements not yet fulfilled. Forcing vernalization now (VERN=47.688571).
[2026-03-24 13:03:16,469][pcse.crop.phenology.Vernalisation][INFO] - Critical DVS for vernalization (VERNDVS) reached at day 1984-06-06, but vernalization requirements not yet fulfilled. Forcing vernalization now (VERN=47.688571).
[2026-03-24 13:03:16,487][pcse.crop.phenology.Vernalisation][INFO] - Critical DVS for vernalization (VERNDVS) reached at day 1984-06-07, but vernalization requirements not yet fulfilled. Forcing vernalization now (VERN=47.688571).
[2026-03-24 13:03:16,504][pcse.crop.phenology.Vernalisation][INFO] - Critical DVS for vernalization (VERNDVS) reached at day 1984-06-08, but vernalization requirements not yet fulfilled. Forcing vernalization now (VERN=47.688571).
[2026-03-24 13:03:16,520][pcse.crop.phenology.Vernalisation][INFO] - Critical DVS for vernalization (VERNDVS) reached at day 1984-06-09, but vernalization requirements not yet fulfilled. Forcing vernalization now (VERN=47.688571).
[2026-03-24 13:03:16,538][pcse.crop.phenology.Vernalisation][INFO] - Critical DVS for vernalization (VERNDVS) reached at day 1984-06-10, but vernalization requirements not yet fulfilled. Forcing vernalization now (VERN=47.688571).
[2026-03-24 13:03:16,555][pcse.crop.phenology.Vernalisation][INFO] - Critical DVS for vernalization (VERNDVS) reached at day 1984-06-11, but vernalization requirements not yet fulfilled. Forcing vernalization now (VERN=47.688571).
[2026-03-24 13:03:16,571][pcse.crop.phenology.Vernalisation][INFO] - Critical DVS for vernalization (VERNDVS) reached at day 1984-06-12, but vernalization requirements not yet fulfilled. Forcing vernalization now (VERN=47.688571).
[2026-03-24 13:03:16,589][pcse.crop.phenology.Vernalisation][INFO] - Critical DVS for vernalization (VERNDVS) reached at day 1984-06-13, but vernalization requirements not yet fulfilled. Forcing vernalization now (VERN=47.688571).
[2026-03-24 13:03:16,606][pcse.crop.phenology.Vernalisation][INFO] - Critical DVS for vernalization (VERNDVS) reached at day 1984-06-14, but vernalization requirements not yet fulfilled. Forcing vernalization now (VERN=47.688571).
[2026-03-24 13:03:16,624][pcse.crop.phenology.Vernalisation][INFO] - Critical DVS for vernalization (VERNDVS) reached at day 1984-06-15, but vernalization requirements not yet fulfilled. Forcing vernalization now (VERN=47.688571).
[2026-03-24 13:03:16,641][pcse.crop.phenology.Vernalisation][INFO] - Critical DVS for vernalization (VERNDVS) reached at day 1984-06-16, but vernalization requirements not yet fulfilled. Forcing vernalization now (VERN=47.688571).
[2026-03-24 13:03:16,657][pcse.crop.phenology.Vernalisation][INFO] - Critical DVS for vernalization (VERNDVS) reached at day 1984-06-17, but vernalization requirements not yet fulfilled. Forcing vernalization now (VERN=47.688571).
[2026-03-24 13:03:16,674][pcse.crop.phenology.Vernalisation][INFO] - Critical DVS for vernalization (VERNDVS) reached at day 1984-06-18, but vernalization requirements not yet fulfilled. Forcing vernalization now (VERN=47.688571).
[2026-03-24 13:03:16,692][pcse.crop.phenology.Vernalisation][INFO] - Critical DVS for vernalization (VERNDVS) reached at day 1984-06-19, but vernalization requirements not yet fulfilled. Forcing vernalization now (VERN=47.688571).
[2026-03-24 13:03:16,711][pcse.crop.phenology.Vernalisation][INFO] - Critical DVS for vernalization (VERNDVS) reached at day 1984-06-20, but vernalization requirements not yet fulfilled. Forcing vernalization now (VERN=47.688571).
[2026-03-24 13:03:16,728][pcse.crop.phenology.Vernalisation][INFO] - Critical DVS for vernalization (VERNDVS) reached at day 1984-06-21, but vernalization requirements not yet fulfilled. Forcing vernalization now (VERN=47.688571).
[2026-03-24 13:03:16,746][pcse.crop.phenology.Vernalisation][INFO] - Critical DVS for vernalization (VERNDVS) reached at day 1984-06-22, but vernalization requirements not yet fulfilled. Forcing vernalization now (VERN=47.688571).
[2026-03-24 13:03:16,763][pcse.crop.phenology.Vernalisation][INFO] - Critical DVS for vernalization (VERNDVS) reached at day 1984-06-23, but vernalization requirements not yet fulfilled. Forcing vernalization now (VERN=47.688571).
[2026-03-24 13:03:16,781][pcse.crop.phenology.Vernalisation][INFO] - Critical DVS for vernalization (VERNDVS) reached at day 1984-06-24, but vernalization requirements not yet fulfilled. Forcing vernalization now (VERN=47.688571).
[2026-03-24 13:03:16,798][pcse.crop.phenology.Vernalisation][INFO] - Critical DVS for vernalization (VERNDVS) reached at day 1984-06-25, but vernalization requirements not yet fulfilled. Forcing vernalization now (VERN=47.688571).
[2026-03-24 13:03:16,816][pcse.crop.phenology.Vernalisation][INFO] - Critical DVS for vernalization (VERNDVS) reached at day 1984-06-26, but vernalization requirements not yet fulfilled. Forcing vernalization now (VERN=47.688571).
[2026-03-24 13:03:16,834][pcse.crop.phenology.Vernalisation][INFO] - Critical DVS for vernalization (VERNDVS) reached at day 1984-06-27, but vernalization requirements not yet fulfilled. Forcing vernalization now (VERN=47.688571).
[2026-03-24 13:03:16,852][pcse.crop.phenology.Vernalisation][INFO] - Critical DVS for vernalization (VERNDVS) reached at day 1984-06-28, but vernalization requirements not yet fulfilled. Forcing vernalization now (VERN=47.688571).
[2026-03-24 13:03:16,869][pcse.crop.phenology.Vernalisation][INFO] - Critical DVS for vernalization (VERNDVS) reached at day 1984-06-29, but vernalization requirements not yet fulfilled. Forcing vernalization now (VERN=47.688571).
[2026-03-24 13:03:16,870][pcse.crop.phenology.Annual_Phenology][INFO] - Changed phenological stage 'vegetative' to 'reproductive' on 1984-06-29
[REPLAY DBG] post-agent-update step=24500 n=24500 mean=-0.010618 std=0.015227 min=-0.094720 max=0.013632
[STEP DBG] step=24500 env_reward=0.450151 r_hat=-0.005297 done=False
[NORM DBG] count=24500 mean_abs_mean=62525.105469 mean_std=9.243891 min_std=0.001000 max_std=69.521950
[2026-03-24 13:03:18,218][pcse.crop.phenology.Annual_Phenology][INFO] - Changed phenological stage 'reproductive' to 'mature' on 1984-09-13
[2026-03-24 13:03:18,531][pcse.base.timer.Timer][INFO] - Reached end of simulation period as specified by END_DATE.
| train          | E: 102 | S: 24582 | R: -2.5681 | TR: 23.2979 | TF: 512 | LR: 0 | NR: 0 | D: 04.6 s | TD: 00.0 s | BR: -0.0106 | ALOSS: 17609.3659 | CLOSS: 3240097.1341 | TLOSS: -371.0305 | TVAL: 0.4957 | AENT: -749.2838 | BCLOSS: 0.0000
[EPISODE DBG] episode=102 step=24582 pred_return=-2.861387 true_return=40.076215 total_feedback=512 labeled_feedback=0
[2026-03-24 13:03:18,540][pcse.agromanager.SoilCalendar][INFO] - Starting soil (oregon) with variation (oregon_1) on day 1984-02-01
[2026-03-24 13:03:18,543][pcse.agromanager.CropCalendar][INFO] - Starting crop (wheat) with variety (wheat_1) on day 1984-02-01
[2026-03-24 13:03:20,235][pcse.crop.phenology.Annual_Phenology][INFO] - Changed phenological stage 'emerging' to 'vegetative' on 1984-04-10
[2026-03-24 13:03:21,025][pcse.crop.phenology.Vernalisation][INFO] - Critical DVS for vernalization (VERNDVS) reached at day 1984-06-02, but vernalization requirements not yet fulfilled. Forcing vernalization now (VERN=47.688571).
[2026-03-24 13:03:21,040][pcse.crop.phenology.Vernalisation][INFO] - Critical DVS for vernalization (VERNDVS) reached at day 1984-06-03, but vernalization requirements not yet fulfilled. Forcing vernalization now (VERN=47.688571).
[2026-03-24 13:03:21,056][pcse.crop.phenology.Vernalisation][INFO] - Critical DVS for vernalization (VERNDVS) reached at day 1984-06-04, but vernalization requirements not yet fulfilled. Forcing vernalization now (VERN=47.688571).
[2026-03-24 13:03:21,071][pcse.crop.phenology.Vernalisation][INFO] - Critical DVS for vernalization (VERNDVS) reached at day 1984-06-05, but vernalization requirements not yet fulfilled. Forcing vernalization now (VERN=47.688571).
[2026-03-24 13:03:21,087][pcse.crop.phenology.Vernalisation][INFO] - Critical DVS for vernalization (VERNDVS) reached at day 1984-06-06, but vernalization requirements not yet fulfilled. Forcing vernalization now (VERN=47.688571).
[2026-03-24 13:03:21,103][pcse.crop.phenology.Vernalisation][INFO] - Critical DVS for vernalization (VERNDVS) reached at day 1984-06-07, but vernalization requirements not yet fulfilled. Forcing vernalization now (VERN=47.688571).
[2026-03-24 13:03:21,118][pcse.crop.phenology.Vernalisation][INFO] - Critical DVS for vernalization (VERNDVS) reached at day 1984-06-08, but vernalization requirements not yet fulfilled. Forcing vernalization now (VERN=47.688571).
[2026-03-24 13:03:21,134][pcse.crop.phenology.Vernalisation][INFO] - Critical DVS for vernalization (VERNDVS) reached at day 1984-06-09, but vernalization requirements not yet fulfilled. Forcing vernalization now (VERN=47.688571).
[2026-03-24 13:03:21,150][pcse.crop.phenology.Vernalisation][INFO] - Critical DVS for vernalization (VERNDVS) reached at day 1984-06-10, but vernalization requirements not yet fulfilled. Forcing vernalization now (VERN=47.688571).
[2026-03-24 13:03:21,166][pcse.crop.phenology.Vernalisation][INFO] - Critical DVS for vernalization (VERNDVS) reached at day 1984-06-11, but vernalization requirements not yet fulfilled. Forcing vernalization now (VERN=47.688571).
[2026-03-24 13:03:21,181][pcse.crop.phenology.Vernalisation][INFO] - Critical DVS for vernalization (VERNDVS) reached at day 1984-06-12, but vernalization requirements not yet fulfilled. Forcing vernalization now (VERN=47.688571).
[2026-03-24 13:03:21,197][pcse.crop.phenology.Vernalisation][INFO] - Critical DVS for vernalization (VERNDVS) reached at day 1984-06-13, but vernalization requirements not yet fulfilled. Forcing vernalization now (VERN=47.688571).
[2026-03-24 13:03:21,212][pcse.crop.phenology.Vernalisation][INFO] - Critical DVS for vernalization (VERNDVS) reached at day 1984-06-14, but vernalization requirements not yet fulfilled. Forcing vernalization now (VERN=47.688571).
[2026-03-24 13:03:21,228][pcse.crop.phenology.Vernalisation][INFO] - Critical DVS for vernalization (VERNDVS) reached at day 1984-06-15, but vernalization requirements not yet fulfilled. Forcing vernalization now (VERN=47.688571).
[2026-03-24 13:03:21,244][pcse.crop.phenology.Vernalisation][INFO] - Critical DVS for vernalization (VERNDVS) reached at day 1984-06-16, but vernalization requirements not yet fulfilled. Forcing vernalization now (VERN=47.688571).
[2026-03-24 13:03:21,260][pcse.crop.phenology.Vernalisation][INFO] - Critical DVS for vernalization (VERNDVS) reached at day 1984-06-17, but vernalization requirements not yet fulfilled. Forcing vernalization now (VERN=47.688571).
[2026-03-24 13:03:21,276][pcse.crop.phenology.Vernalisation][INFO] - Critical DVS for vernalization (VERNDVS) reached at day 1984-06-18, but vernalization requirements not yet fulfilled. Forcing vernalization now (VERN=47.688571).
[2026-03-24 13:03:21,292][pcse.crop.phenology.Vernalisation][INFO] - Critical DVS for vernalization (VERNDVS) reached at day 1984-06-19, but vernalization requirements not yet fulfilled. Forcing vernalization now (VERN=47.688571).
[2026-03-24 13:03:21,308][pcse.crop.phenology.Vernalisation][INFO] - Critical DVS for vernalization (VERNDVS) reached at day 1984-06-20, but vernalization requirements not yet fulfilled. Forcing vernalization now (VERN=47.688571).
[2026-03-24 13:03:21,323][pcse.crop.phenology.Vernalisation][INFO] - Critical DVS for vernalization (VERNDVS) reached at day 1984-06-21, but vernalization requirements not yet fulfilled. Forcing vernalization now (VERN=47.688571).
[2026-03-24 13:03:21,339][pcse.crop.phenology.Vernalisation][INFO] - Critical DVS for vernalization (VERNDVS) reached at day 1984-06-22, but vernalization requirements not yet fulfilled. Forcing vernalization now (VERN=47.688571).
[2026-03-24 13:03:21,354][pcse.crop.phenology.Vernalisation][INFO] - Critical DVS for vernalization (VERNDVS) reached at day 1984-06-23, but vernalization requirements not yet fulfilled. Forcing vernalization now (VERN=47.688571).
[2026-03-24 13:03:21,370][pcse.crop.phenology.Vernalisation][INFO] - Critical DVS for vernalization (VERNDVS) reached at day 1984-06-24, but vernalization requirements not yet fulfilled. Forcing vernalization now (VERN=47.688571).
[2026-03-24 13:03:21,386][pcse.crop.phenology.Vernalisation][INFO] - Critical DVS for vernalization (VERNDVS) reached at day 1984-06-25, but vernalization requirements not yet fulfilled. Forcing vernalization now (VERN=47.688571).
[2026-03-24 13:03:21,402][pcse.crop.phenology.Vernalisation][INFO] - Critical DVS for vernalization (VERNDVS) reached at day 1984-06-26, but vernalization requirements not yet fulfilled. Forcing vernalization now (VERN=47.688571).
[2026-03-24 13:03:21,418][pcse.crop.phenology.Vernalisation][INFO] - Critical DVS for vernalization (VERNDVS) reached at day 1984-06-27, but vernalization requirements not yet fulfilled. Forcing vernalization now (VERN=47.688571).
[2026-03-24 13:03:21,433][pcse.crop.phenology.Vernalisation][INFO] - Critical DVS for vernalization (VERNDVS) reached at day 1984-06-28, but vernalization requirements not yet fulfilled. Forcing vernalization now (VERN=47.688571).
[2026-03-24 13:03:21,447][pcse.crop.phenology.Vernalisation][INFO] - Critical DVS for vernalization (VERNDVS) reached at day 1984-06-29, but vernalization requirements not yet fulfilled. Forcing vernalization now (VERN=47.688571).
[2026-03-24 13:03:21,447][pcse.crop.phenology.Annual_Phenology][INFO] - Changed phenological stage 'vegetative' to 'reproductive' on 1984-06-29
[2026-03-24 13:03:22,921][pcse.crop.phenology.Annual_Phenology][INFO] - Changed phenological stage 'reproductive' to 'mature' on 1984-09-13
[2026-03-24 13:03:23,175][pcse.base.timer.Timer][INFO] - Reached end of simulation period as specified by END_DATE.
| train          | E: 103 | S: 24823 | R: -2.8614 | TR: 40.0762 | TF: 512 | LR: 0 | NR: 0 | D: 04.6 s | TD: 00.0 s | BR: -0.0106 | ALOSS: 17572.7664 | CLOSS: 3039928.9232 | TLOSS: -299.3466 | TVAL: 0.5055 | AENT: -593.7506 | BCLOSS: 0.0000
[EPISODE DBG] episode=103 step=24823 pred_return=-2.540707 true_return=19.217192 total_feedback=512 labeled_feedback=0
[2026-03-24 13:03:23,180][pcse.agromanager.SoilCalendar][INFO] - Starting soil (oregon) with variation (oregon_1) on day 1984-02-01
[2026-03-24 13:03:23,182][pcse.agromanager.CropCalendar][INFO] - Starting crop (wheat) with variety (wheat_1) on day 1984-02-01
[2026-03-24 13:03:24,268][pcse.crop.phenology.Annual_Phenology][INFO] - Changed phenological stage 'emerging' to 'vegetative' on 1984-04-10
[2026-03-24 13:03:25,103][pcse.crop.phenology.Vernalisation][INFO] - Critical DVS for vernalization (VERNDVS) reached at day 1984-06-02, but vernalization requirements not yet fulfilled. Forcing vernalization now (VERN=47.688571).
[2026-03-24 13:03:25,119][pcse.crop.phenology.Vernalisation][INFO] - Critical DVS for vernalization (VERNDVS) reached at day 1984-06-03, but vernalization requirements not yet fulfilled. Forcing vernalization now (VERN=47.688571).
[2026-03-24 13:03:25,135][pcse.crop.phenology.Vernalisation][INFO] - Critical DVS for vernalization (VERNDVS) reached at day 1984-06-04, but vernalization requirements not yet fulfilled. Forcing vernalization now (VERN=47.688571).
[2026-03-24 13:03:25,152][pcse.crop.phenology.Vernalisation][INFO] - Critical DVS for vernalization (VERNDVS) reached at day 1984-06-05, but vernalization requirements not yet fulfilled. Forcing vernalization now (VERN=47.688571).
[2026-03-24 13:03:25,167][pcse.crop.phenology.Vernalisation][INFO] - Critical DVS for vernalization (VERNDVS) reached at day 1984-06-06, but vernalization requirements not yet fulfilled. Forcing vernalization now (VERN=47.688571).
[2026-03-24 13:03:25,183][pcse.crop.phenology.Vernalisation][INFO] - Critical DVS for vernalization (VERNDVS) reached at day 1984-06-07, but vernalization requirements not yet fulfilled. Forcing vernalization now (VERN=47.688571).
[2026-03-24 13:03:25,199][pcse.crop.phenology.Vernalisation][INFO] - Critical DVS for vernalization (VERNDVS) reached at day 1984-06-08, but vernalization requirements not yet fulfilled. Forcing vernalization now (VERN=47.688571).
[2026-03-24 13:03:25,216][pcse.crop.phenology.Vernalisation][INFO] - Critical DVS for vernalization (VERNDVS) reached at day 1984-06-09, but vernalization requirements not yet fulfilled. Forcing vernalization now (VERN=47.688571).
[2026-03-24 13:03:25,233][pcse.crop.phenology.Vernalisation][INFO] - Critical DVS for vernalization (VERNDVS) reached at day 1984-06-10, but vernalization requirements not yet fulfilled. Forcing vernalization now (VERN=47.688571).
[2026-03-24 13:03:25,250][pcse.crop.phenology.Vernalisation][INFO] - Critical DVS for vernalization (VERNDVS) reached at day 1984-06-11, but vernalization requirements not yet fulfilled. Forcing vernalization now (VERN=47.688571).
[2026-03-24 13:03:25,267][pcse.crop.phenology.Vernalisation][INFO] - Critical DVS for vernalization (VERNDVS) reached at day 1984-06-12, but vernalization requirements not yet fulfilled. Forcing vernalization now (VERN=47.688571).
[2026-03-24 13:03:25,284][pcse.crop.phenology.Vernalisation][INFO] - Critical DVS for vernalization (VERNDVS) reached at day 1984-06-13, but vernalization requirements not yet fulfilled. Forcing vernalization now (VERN=47.688571).
[2026-03-24 13:03:25,301][pcse.crop.phenology.Vernalisation][INFO] - Critical DVS for vernalization (VERNDVS) reached at day 1984-06-14, but vernalization requirements not yet fulfilled. Forcing vernalization now (VERN=47.688571).
[2026-03-24 13:03:25,317][pcse.crop.phenology.Vernalisation][INFO] - Critical DVS for vernalization (VERNDVS) reached at day 1984-06-15, but vernalization requirements not yet fulfilled. Forcing vernalization now (VERN=47.688571).
[2026-03-24 13:03:25,333][pcse.crop.phenology.Vernalisation][INFO] - Critical DVS for vernalization (VERNDVS) reached at day 1984-06-16, but vernalization requirements not yet fulfilled. Forcing vernalization now (VERN=47.688571).
[2026-03-24 13:03:25,350][pcse.crop.phenology.Vernalisation][INFO] - Critical DVS for vernalization (VERNDVS) reached at day 1984-06-17, but vernalization requirements not yet fulfilled. Forcing vernalization now (VERN=47.688571).
[2026-03-24 13:03:25,366][pcse.crop.phenology.Vernalisation][INFO] - Critical DVS for vernalization (VERNDVS) reached at day 1984-06-18, but vernalization requirements not yet fulfilled. Forcing vernalization now (VERN=47.688571).
[2026-03-24 13:03:25,383][pcse.crop.phenology.Vernalisation][INFO] - Critical DVS for vernalization (VERNDVS) reached at day 1984-06-19, but vernalization requirements not yet fulfilled. Forcing vernalization now (VERN=47.688571).
[2026-03-24 13:03:25,399][pcse.crop.phenology.Vernalisation][INFO] - Critical DVS for vernalization (VERNDVS) reached at day 1984-06-20, but vernalization requirements not yet fulfilled. Forcing vernalization now (VERN=47.688571).
[2026-03-24 13:03:25,414][pcse.crop.phenology.Vernalisation][INFO] - Critical DVS for vernalization (VERNDVS) reached at day 1984-06-21, but vernalization requirements not yet fulfilled. Forcing vernalization now (VERN=47.688571).
[2026-03-24 13:03:25,431][pcse.crop.phenology.Vernalisation][INFO] - Critical DVS for vernalization (VERNDVS) reached at day 1984-06-22, but vernalization requirements not yet fulfilled. Forcing vernalization now (VERN=47.688571).
[2026-03-24 13:03:25,447][pcse.crop.phenology.Vernalisation][INFO] - Critical DVS for vernalization (VERNDVS) reached at day 1984-06-23, but vernalization requirements not yet fulfilled. Forcing vernalization now (VERN=47.688571).
[2026-03-24 13:03:25,463][pcse.crop.phenology.Vernalisation][INFO] - Critical DVS for vernalization (VERNDVS) reached at day 1984-06-24, but vernalization requirements not yet fulfilled. Forcing vernalization now (VERN=47.688571).
[2026-03-24 13:03:25,480][pcse.crop.phenology.Vernalisation][INFO] - Critical DVS for vernalization (VERNDVS) reached at day 1984-06-25, but vernalization requirements not yet fulfilled. Forcing vernalization now (VERN=47.688571).
[2026-03-24 13:03:25,497][pcse.crop.phenology.Vernalisation][INFO] - Critical DVS for vernalization (VERNDVS) reached at day 1984-06-26, but vernalization requirements not yet fulfilled. Forcing vernalization now (VERN=47.688571).
[2026-03-24 13:03:25,514][pcse.crop.phenology.Vernalisation][INFO] - Critical DVS for vernalization (VERNDVS) reached at day 1984-06-27, but vernalization requirements not yet fulfilled. Forcing vernalization now (VERN=47.688571).
[2026-03-24 13:03:25,530][pcse.crop.phenology.Vernalisation][INFO] - Critical DVS for vernalization (VERNDVS) reached at day 1984-06-28, but vernalization requirements not yet fulfilled. Forcing vernalization now (VERN=47.688571).
[2026-03-24 13:03:25,547][pcse.crop.phenology.Vernalisation][INFO] - Critical DVS for vernalization (VERNDVS) reached at day 1984-06-29, but vernalization requirements not yet fulfilled. Forcing vernalization now (VERN=47.688571).
[2026-03-24 13:03:25,547][pcse.crop.phenology.Annual_Phenology][INFO] - Changed phenological stage 'vegetative' to 'reproductive' on 1984-06-29
[REPLAY DBG] post-agent-update step=25000 n=25000 mean=-0.010615 std=0.015214 min=-0.094720 max=0.013632
[STEP DBG] step=25000 env_reward=0.008369 r_hat=-0.003673 done=False
[NORM DBG] count=25000 mean_abs_mean=62525.109375 mean_std=9.242062 min_std=0.001000 max_std=69.509804
[2026-03-24 13:03:27,266][pcse.crop.phenology.Annual_Phenology][INFO] - Changed phenological stage 'reproductive' to 'mature' on 1984-09-13
[2026-03-24 13:03:27,499][pcse.base.timer.Timer][INFO] - Reached end of simulation period as specified by END_DATE.
| train          | E: 104 | S: 25064 | R: -2.5407 | TR: 19.2172 | TF: 512 | LR: 0 | NR: 0 | D: 04.3 s | TD: 00.0 s | BR: -0.0106 | ALOSS: 17393.8889 | CLOSS: 2611017.8452 | TLOSS: -245.4457 | TVAL: 0.5128 | AENT: -479.5845 | BCLOSS: 0.0000
[EPISODE DBG] episode=104 step=25064 pred_return=-2.300706 true_return=0.782103 total_feedback=512 labeled_feedback=0
[2026-03-24 13:03:27,504][pcse.agromanager.SoilCalendar][INFO] - Starting soil (oregon) with variation (oregon_1) on day 1984-02-01
[2026-03-24 13:03:27,506][pcse.agromanager.CropCalendar][INFO] - Starting crop (wheat) with variety (wheat_1) on day 1984-02-01
[2026-03-24 13:03:28,603][pcse.crop.phenology.Annual_Phenology][INFO] - Changed phenological stage 'emerging' to 'vegetative' on 1984-04-10
[2026-03-24 13:03:29,394][pcse.crop.phenology.Vernalisation][INFO] - Critical DVS for vernalization (VERNDVS) reached at day 1984-06-02, but vernalization requirements not yet fulfilled. Forcing vernalization now (VERN=47.688571).
[2026-03-24 13:03:29,409][pcse.crop.phenology.Vernalisation][INFO] - Critical DVS for vernalization (VERNDVS) reached at day 1984-06-03, but vernalization requirements not yet fulfilled. Forcing vernalization now (VERN=47.688571).
[2026-03-24 13:03:29,425][pcse.crop.phenology.Vernalisation][INFO] - Critical DVS for vernalization (VERNDVS) reached at day 1984-06-04, but vernalization requirements not yet fulfilled. Forcing vernalization now (VERN=47.688571).
[2026-03-24 13:03:29,441][pcse.crop.phenology.Vernalisation][INFO] - Critical DVS for vernalization (VERNDVS) reached at day 1984-06-05, but vernalization requirements not yet fulfilled. Forcing vernalization now (VERN=47.688571).
[2026-03-24 13:03:29,457][pcse.crop.phenology.Vernalisation][INFO] - Critical DVS for vernalization (VERNDVS) reached at day 1984-06-06, but vernalization requirements not yet fulfilled. Forcing vernalization now (VERN=47.688571).
[2026-03-24 13:03:29,472][pcse.crop.phenology.Vernalisation][INFO] - Critical DVS for vernalization (VERNDVS) reached at day 1984-06-07, but vernalization requirements not yet fulfilled. Forcing vernalization now (VERN=47.688571).
[2026-03-24 13:03:29,488][pcse.crop.phenology.Vernalisation][INFO] - Critical DVS for vernalization (VERNDVS) reached at day 1984-06-08, but vernalization requirements not yet fulfilled. Forcing vernalization now (VERN=47.688571).
[2026-03-24 13:03:29,504][pcse.crop.phenology.Vernalisation][INFO] - Critical DVS for vernalization (VERNDVS) reached at day 1984-06-09, but vernalization requirements not yet fulfilled. Forcing vernalization now (VERN=47.688571).
[2026-03-24 13:03:29,520][pcse.crop.phenology.Vernalisation][INFO] - Critical DVS for vernalization (VERNDVS) reached at day 1984-06-10, but vernalization requirements not yet fulfilled. Forcing vernalization now (VERN=47.688571).
[2026-03-24 13:03:29,536][pcse.crop.phenology.Vernalisation][INFO] - Critical DVS for vernalization (VERNDVS) reached at day 1984-06-11, but vernalization requirements not yet fulfilled. Forcing vernalization now (VERN=47.688571).
[2026-03-24 13:03:29,552][pcse.crop.phenology.Vernalisation][INFO] - Critical DVS for vernalization (VERNDVS) reached at day 1984-06-12, but vernalization requirements not yet fulfilled. Forcing vernalization now (VERN=47.688571).
[2026-03-24 13:03:29,567][pcse.crop.phenology.Vernalisation][INFO] - Critical DVS for vernalization (VERNDVS) reached at day 1984-06-13, but vernalization requirements not yet fulfilled. Forcing vernalization now (VERN=47.688571).
[2026-03-24 13:03:29,583][pcse.crop.phenology.Vernalisation][INFO] - Critical DVS for vernalization (VERNDVS) reached at day 1984-06-14, but vernalization requirements not yet fulfilled. Forcing vernalization now (VERN=47.688571).
[2026-03-24 13:03:29,599][pcse.crop.phenology.Vernalisation][INFO] - Critical DVS for vernalization (VERNDVS) reached at day 1984-06-15, but vernalization requirements not yet fulfilled. Forcing vernalization now (VERN=47.688571).
[2026-03-24 13:03:29,615][pcse.crop.phenology.Vernalisation][INFO] - Critical DVS for vernalization (VERNDVS) reached at day 1984-06-16, but vernalization requirements not yet fulfilled. Forcing vernalization now (VERN=47.688571).
[2026-03-24 13:03:29,632][pcse.crop.phenology.Vernalisation][INFO] - Critical DVS for vernalization (VERNDVS) reached at day 1984-06-17, but vernalization requirements not yet fulfilled. Forcing vernalization now (VERN=47.688571).
[2026-03-24 13:03:30,027][pcse.crop.phenology.Vernalisation][INFO] - Critical DVS for vernalization (VERNDVS) reached at day 1984-06-18, but vernalization requirements not yet fulfilled. Forcing vernalization now (VERN=47.688571).
[2026-03-24 13:03:30,056][pcse.crop.phenology.Vernalisation][INFO] - Critical DVS for vernalization (VERNDVS) reached at day 1984-06-19, but vernalization requirements not yet fulfilled. Forcing vernalization now (VERN=47.688571).
[2026-03-24 13:03:30,086][pcse.crop.phenology.Vernalisation][INFO] - Critical DVS for vernalization (VERNDVS) reached at day 1984-06-20, but vernalization requirements not yet fulfilled. Forcing vernalization now (VERN=47.688571).
[2026-03-24 13:03:30,112][pcse.crop.phenology.Vernalisation][INFO] - Critical DVS for vernalization (VERNDVS) reached at day 1984-06-21, but vernalization requirements not yet fulfilled. Forcing vernalization now (VERN=47.688571).
[2026-03-24 13:03:30,128][pcse.crop.phenology.Vernalisation][INFO] - Critical DVS for vernalization (VERNDVS) reached at day 1984-06-22, but vernalization requirements not yet fulfilled. Forcing vernalization now (VERN=47.688571).
[2026-03-24 13:03:30,143][pcse.crop.phenology.Vernalisation][INFO] - Critical DVS for vernalization (VERNDVS) reached at day 1984-06-23, but vernalization requirements not yet fulfilled. Forcing vernalization now (VERN=47.688571).
[2026-03-24 13:03:30,159][pcse.crop.phenology.Vernalisation][INFO] - Critical DVS for vernalization (VERNDVS) reached at day 1984-06-24, but vernalization requirements not yet fulfilled. Forcing vernalization now (VERN=47.688571).
[2026-03-24 13:03:30,175][pcse.crop.phenology.Vernalisation][INFO] - Critical DVS for vernalization (VERNDVS) reached at day 1984-06-25, but vernalization requirements not yet fulfilled. Forcing vernalization now (VERN=47.688571).
[2026-03-24 13:03:30,191][pcse.crop.phenology.Vernalisation][INFO] - Critical DVS for vernalization (VERNDVS) reached at day 1984-06-26, but vernalization requirements not yet fulfilled. Forcing vernalization now (VERN=47.688571).
[2026-03-24 13:03:30,208][pcse.crop.phenology.Vernalisation][INFO] - Critical DVS for vernalization (VERNDVS) reached at day 1984-06-27, but vernalization requirements not yet fulfilled. Forcing vernalization now (VERN=47.688571).
[2026-03-24 13:03:30,224][pcse.crop.phenology.Vernalisation][INFO] - Critical DVS for vernalization (VERNDVS) reached at day 1984-06-28, but vernalization requirements not yet fulfilled. Forcing vernalization now (VERN=47.688571).
[2026-03-24 13:03:30,240][pcse.crop.phenology.Vernalisation][INFO] - Critical DVS for vernalization (VERNDVS) reached at day 1984-06-29, but vernalization requirements not yet fulfilled. Forcing vernalization now (VERN=47.688571).
[2026-03-24 13:03:30,240][pcse.crop.phenology.Annual_Phenology][INFO] - Changed phenological stage 'vegetative' to 'reproductive' on 1984-06-29
[2026-03-24 13:03:31,399][pcse.crop.phenology.Annual_Phenology][INFO] - Changed phenological stage 'reproductive' to 'mature' on 1984-09-13
[2026-03-24 13:03:31,661][pcse.base.timer.Timer][INFO] - Reached end of simulation period as specified by END_DATE.
| train          | E: 105 | S: 25305 | R: -2.3007 | TR: 0.7821 | TF: 512 | LR: 0 | NR: 0 | D: 04.2 s | TD: 00.0 s | BR: -0.0106 | ALOSS: 17308.5413 | CLOSS: 2697267.0465 | TLOSS: -210.4081 | TVAL: 0.5201 | AENT: -405.7460 | BCLOSS: 0.0000
[EPISODE DBG] episode=105 step=25305 pred_return=-2.288134 true_return=13.054888 total_feedback=512 labeled_feedback=0
[2026-03-24 13:03:31,666][pcse.agromanager.SoilCalendar][INFO] - Starting soil (oregon) with variation (oregon_1) on day 1984-02-01
[2026-03-24 13:03:31,667][pcse.agromanager.CropCalendar][INFO] - Starting crop (wheat) with variety (wheat_1) on day 1984-02-01
[2026-03-24 13:03:32,849][pcse.crop.phenology.Annual_Phenology][INFO] - Changed phenological stage 'emerging' to 'vegetative' on 1984-04-10
[2026-03-24 13:03:34,119][pcse.crop.phenology.Vernalisation][INFO] - Critical DVS for vernalization (VERNDVS) reached at day 1984-06-02, but vernalization requirements not yet fulfilled. Forcing vernalization now (VERN=47.688571).
[2026-03-24 13:03:34,133][pcse.crop.phenology.Vernalisation][INFO] - Critical DVS for vernalization (VERNDVS) reached at day 1984-06-03, but vernalization requirements not yet fulfilled. Forcing vernalization now (VERN=47.688571).
[2026-03-24 13:03:34,147][pcse.crop.phenology.Vernalisation][INFO] - Critical DVS for vernalization (VERNDVS) reached at day 1984-06-04, but vernalization requirements not yet fulfilled. Forcing vernalization now (VERN=47.688571).
[2026-03-24 13:03:34,161][pcse.crop.phenology.Vernalisation][INFO] - Critical DVS for vernalization (VERNDVS) reached at day 1984-06-05, but vernalization requirements not yet fulfilled. Forcing vernalization now (VERN=47.688571).
[2026-03-24 13:03:34,175][pcse.crop.phenology.Vernalisation][INFO] - Critical DVS for vernalization (VERNDVS) reached at day 1984-06-06, but vernalization requirements not yet fulfilled. Forcing vernalization now (VERN=47.688571).
[2026-03-24 13:03:34,189][pcse.crop.phenology.Vernalisation][INFO] - Critical DVS for vernalization (VERNDVS) reached at day 1984-06-07, but vernalization requirements not yet fulfilled. Forcing vernalization now (VERN=47.688571).
[2026-03-24 13:03:34,203][pcse.crop.phenology.Vernalisation][INFO] - Critical DVS for vernalization (VERNDVS) reached at day 1984-06-08, but vernalization requirements not yet fulfilled. Forcing vernalization now (VERN=47.688571).
[2026-03-24 13:03:34,217][pcse.crop.phenology.Vernalisation][INFO] - Critical DVS for vernalization (VERNDVS) reached at day 1984-06-09, but vernalization requirements not yet fulfilled. Forcing vernalization now (VERN=47.688571).
[2026-03-24 13:03:34,232][pcse.crop.phenology.Vernalisation][INFO] - Critical DVS for vernalization (VERNDVS) reached at day 1984-06-10, but vernalization requirements not yet fulfilled. Forcing vernalization now (VERN=47.688571).
[2026-03-24 13:03:34,246][pcse.crop.phenology.Vernalisation][INFO] - Critical DVS for vernalization (VERNDVS) reached at day 1984-06-11, but vernalization requirements not yet fulfilled. Forcing vernalization now (VERN=47.688571).
[2026-03-24 13:03:34,260][pcse.crop.phenology.Vernalisation][INFO] - Critical DVS for vernalization (VERNDVS) reached at day 1984-06-12, but vernalization requirements not yet fulfilled. Forcing vernalization now (VERN=47.688571).
[2026-03-24 13:03:34,274][pcse.crop.phenology.Vernalisation][INFO] - Critical DVS for vernalization (VERNDVS) reached at day 1984-06-13, but vernalization requirements not yet fulfilled. Forcing vernalization now (VERN=47.688571).
[2026-03-24 13:03:34,288][pcse.crop.phenology.Vernalisation][INFO] - Critical DVS for vernalization (VERNDVS) reached at day 1984-06-14, but vernalization requirements not yet fulfilled. Forcing vernalization now (VERN=47.688571).
[2026-03-24 13:03:34,304][pcse.crop.phenology.Vernalisation][INFO] - Critical DVS for vernalization (VERNDVS) reached at day 1984-06-15, but vernalization requirements not yet fulfilled. Forcing vernalization now (VERN=47.688571).
[2026-03-24 13:03:34,320][pcse.crop.phenology.Vernalisation][INFO] - Critical DVS for vernalization (VERNDVS) reached at day 1984-06-16, but vernalization requirements not yet fulfilled. Forcing vernalization now (VERN=47.688571).
[2026-03-24 13:03:34,335][pcse.crop.phenology.Vernalisation][INFO] - Critical DVS for vernalization (VERNDVS) reached at day 1984-06-17, but vernalization requirements not yet fulfilled. Forcing vernalization now (VERN=47.688571).
[2026-03-24 13:03:34,350][pcse.crop.phenology.Vernalisation][INFO] - Critical DVS for vernalization (VERNDVS) reached at day 1984-06-18, but vernalization requirements not yet fulfilled. Forcing vernalization now (VERN=47.688571).
[2026-03-24 13:03:34,364][pcse.crop.phenology.Vernalisation][INFO] - Critical DVS for vernalization (VERNDVS) reached at day 1984-06-19, but vernalization requirements not yet fulfilled. Forcing vernalization now (VERN=47.688571).
[2026-03-24 13:03:34,379][pcse.crop.phenology.Vernalisation][INFO] - Critical DVS for vernalization (VERNDVS) reached at day 1984-06-20, but vernalization requirements not yet fulfilled. Forcing vernalization now (VERN=47.688571).
[2026-03-24 13:03:34,394][pcse.crop.phenology.Vernalisation][INFO] - Critical DVS for vernalization (VERNDVS) reached at day 1984-06-21, but vernalization requirements not yet fulfilled. Forcing vernalization now (VERN=47.688571).
[2026-03-24 13:03:34,410][pcse.crop.phenology.Vernalisation][INFO] - Critical DVS for vernalization (VERNDVS) reached at day 1984-06-22, but vernalization requirements not yet fulfilled. Forcing vernalization now (VERN=47.688571).
[2026-03-24 13:03:34,426][pcse.crop.phenology.Vernalisation][INFO] - Critical DVS for vernalization (VERNDVS) reached at day 1984-06-23, but vernalization requirements not yet fulfilled. Forcing vernalization now (VERN=47.688571).
[2026-03-24 13:03:34,442][pcse.crop.phenology.Vernalisation][INFO] - Critical DVS for vernalization (VERNDVS) reached at day 1984-06-24, but vernalization requirements not yet fulfilled. Forcing vernalization now (VERN=47.688571).
[2026-03-24 13:03:34,458][pcse.crop.phenology.Vernalisation][INFO] - Critical DVS for vernalization (VERNDVS) reached at day 1984-06-25, but vernalization requirements not yet fulfilled. Forcing vernalization now (VERN=47.688571).
[2026-03-24 13:03:34,473][pcse.crop.phenology.Vernalisation][INFO] - Critical DVS for vernalization (VERNDVS) reached at day 1984-06-26, but vernalization requirements not yet fulfilled. Forcing vernalization now (VERN=47.688571).
[2026-03-24 13:03:34,489][pcse.crop.phenology.Vernalisation][INFO] - Critical DVS for vernalization (VERNDVS) reached at day 1984-06-27, but vernalization requirements not yet fulfilled. Forcing vernalization now (VERN=47.688571).
[2026-03-24 13:03:34,505][pcse.crop.phenology.Vernalisation][INFO] - Critical DVS for vernalization (VERNDVS) reached at day 1984-06-28, but vernalization requirements not yet fulfilled. Forcing vernalization now (VERN=47.688571).
[2026-03-24 13:03:34,521][pcse.crop.phenology.Vernalisation][INFO] - Critical DVS for vernalization (VERNDVS) reached at day 1984-06-29, but vernalization requirements not yet fulfilled. Forcing vernalization now (VERN=47.688571).
[2026-03-24 13:03:34,521][pcse.crop.phenology.Annual_Phenology][INFO] - Changed phenological stage 'vegetative' to 'reproductive' on 1984-06-29
[REPLAY DBG] post-agent-update step=25500 n=25500 mean=-0.010589 std=0.015202 min=-0.094720 max=0.013632
[STEP DBG] step=25500 env_reward=0.136029 r_hat=0.007776 done=False
[NORM DBG] count=25500 mean_abs_mean=62525.117188 mean_std=9.241988 min_std=0.001000 max_std=69.508430
[2026-03-24 13:03:35,686][pcse.crop.phenology.Annual_Phenology][INFO] - Changed phenological stage 'reproductive' to 'mature' on 1984-09-13
[2026-03-24 13:03:35,952][pcse.base.timer.Timer][INFO] - Reached end of simulation period as specified by END_DATE.
| train          | E: 106 | S: 25546 | R: -2.2881 | TR: 13.0549 | TF: 512 | LR: 0 | NR: 0 | D: 04.3 s | TD: 00.0 s | BR: -0.0106 | ALOSS: 17099.9076 | CLOSS: 2358558.6406 | TLOSS: -170.0634 | TVAL: 0.5262 | AENT: -324.1756 | BCLOSS: 0.0000
[EPISODE DBG] episode=106 step=25546 pred_return=-2.403149 true_return=12.083472 total_feedback=512 labeled_feedback=0
[2026-03-24 13:03:35,958][pcse.agromanager.SoilCalendar][INFO] - Starting soil (oregon) with variation (oregon_1) on day 1984-02-01
[2026-03-24 13:03:35,960][pcse.agromanager.CropCalendar][INFO] - Starting crop (wheat) with variety (wheat_1) on day 1984-02-01
[2026-03-24 13:03:37,559][pcse.crop.phenology.Annual_Phenology][INFO] - Changed phenological stage 'emerging' to 'vegetative' on 1984-04-10
[2026-03-24 13:03:38,458][pcse.crop.phenology.Vernalisation][INFO] - Critical DVS for vernalization (VERNDVS) reached at day 1984-06-02, but vernalization requirements not yet fulfilled. Forcing vernalization now (VERN=47.688571).
[2026-03-24 13:03:38,475][pcse.crop.phenology.Vernalisation][INFO] - Critical DVS for vernalization (VERNDVS) reached at day 1984-06-03, but vernalization requirements not yet fulfilled. Forcing vernalization now (VERN=47.688571).
[2026-03-24 13:03:38,494][pcse.crop.phenology.Vernalisation][INFO] - Critical DVS for vernalization (VERNDVS) reached at day 1984-06-04, but vernalization requirements not yet fulfilled. Forcing vernalization now (VERN=47.688571).
[2026-03-24 13:03:38,512][pcse.crop.phenology.Vernalisation][INFO] - Critical DVS for vernalization (VERNDVS) reached at day 1984-06-05, but vernalization requirements not yet fulfilled. Forcing vernalization now (VERN=47.688571).
[2026-03-24 13:03:38,530][pcse.crop.phenology.Vernalisation][INFO] - Critical DVS for vernalization (VERNDVS) reached at day 1984-06-06, but vernalization requirements not yet fulfilled. Forcing vernalization now (VERN=47.688571).
[2026-03-24 13:03:38,548][pcse.crop.phenology.Vernalisation][INFO] - Critical DVS for vernalization (VERNDVS) reached at day 1984-06-07, but vernalization requirements not yet fulfilled. Forcing vernalization now (VERN=47.688571).
[2026-03-24 13:03:38,567][pcse.crop.phenology.Vernalisation][INFO] - Critical DVS for vernalization (VERNDVS) reached at day 1984-06-08, but vernalization requirements not yet fulfilled. Forcing vernalization now (VERN=47.688571).
[2026-03-24 13:03:38,586][pcse.crop.phenology.Vernalisation][INFO] - Critical DVS for vernalization (VERNDVS) reached at day 1984-06-09, but vernalization requirements not yet fulfilled. Forcing vernalization now (VERN=47.688571).
[2026-03-24 13:03:38,604][pcse.crop.phenology.Vernalisation][INFO] - Critical DVS for vernalization (VERNDVS) reached at day 1984-06-10, but vernalization requirements not yet fulfilled. Forcing vernalization now (VERN=47.688571).
[2026-03-24 13:03:38,622][pcse.crop.phenology.Vernalisation][INFO] - Critical DVS for vernalization (VERNDVS) reached at day 1984-06-11, but vernalization requirements not yet fulfilled. Forcing vernalization now (VERN=47.688571).
[2026-03-24 13:03:38,640][pcse.crop.phenology.Vernalisation][INFO] - Critical DVS for vernalization (VERNDVS) reached at day 1984-06-12, but vernalization requirements not yet fulfilled. Forcing vernalization now (VERN=47.688571).
[2026-03-24 13:03:38,660][pcse.crop.phenology.Vernalisation][INFO] - Critical DVS for vernalization (VERNDVS) reached at day 1984-06-13, but vernalization requirements not yet fulfilled. Forcing vernalization now (VERN=47.688571).
[2026-03-24 13:03:38,677][pcse.crop.phenology.Vernalisation][INFO] - Critical DVS for vernalization (VERNDVS) reached at day 1984-06-14, but vernalization requirements not yet fulfilled. Forcing vernalization now (VERN=47.688571).
[2026-03-24 13:03:38,695][pcse.crop.phenology.Vernalisation][INFO] - Critical DVS for vernalization (VERNDVS) reached at day 1984-06-15, but vernalization requirements not yet fulfilled. Forcing vernalization now (VERN=47.688571).
[2026-03-24 13:03:38,713][pcse.crop.phenology.Vernalisation][INFO] - Critical DVS for vernalization (VERNDVS) reached at day 1984-06-16, but vernalization requirements not yet fulfilled. Forcing vernalization now (VERN=47.688571).
[2026-03-24 13:03:38,731][pcse.crop.phenology.Vernalisation][INFO] - Critical DVS for vernalization (VERNDVS) reached at day 1984-06-17, but vernalization requirements not yet fulfilled. Forcing vernalization now (VERN=47.688571).
[2026-03-24 13:03:38,749][pcse.crop.phenology.Vernalisation][INFO] - Critical DVS for vernalization (VERNDVS) reached at day 1984-06-18, but vernalization requirements not yet fulfilled. Forcing vernalization now (VERN=47.688571).
[2026-03-24 13:03:38,767][pcse.crop.phenology.Vernalisation][INFO] - Critical DVS for vernalization (VERNDVS) reached at day 1984-06-19, but vernalization requirements not yet fulfilled. Forcing vernalization now (VERN=47.688571).
[2026-03-24 13:03:38,786][pcse.crop.phenology.Vernalisation][INFO] - Critical DVS for vernalization (VERNDVS) reached at day 1984-06-20, but vernalization requirements not yet fulfilled. Forcing vernalization now (VERN=47.688571).
[2026-03-24 13:03:38,804][pcse.crop.phenology.Vernalisation][INFO] - Critical DVS for vernalization (VERNDVS) reached at day 1984-06-21, but vernalization requirements not yet fulfilled. Forcing vernalization now (VERN=47.688571).
[2026-03-24 13:03:38,824][pcse.crop.phenology.Vernalisation][INFO] - Critical DVS for vernalization (VERNDVS) reached at day 1984-06-22, but vernalization requirements not yet fulfilled. Forcing vernalization now (VERN=47.688571).
[2026-03-24 13:03:38,841][pcse.crop.phenology.Vernalisation][INFO] - Critical DVS for vernalization (VERNDVS) reached at day 1984-06-23, but vernalization requirements not yet fulfilled. Forcing vernalization now (VERN=47.688571).
[2026-03-24 13:03:38,859][pcse.crop.phenology.Vernalisation][INFO] - Critical DVS for vernalization (VERNDVS) reached at day 1984-06-24, but vernalization requirements not yet fulfilled. Forcing vernalization now (VERN=47.688571).
[2026-03-24 13:03:38,877][pcse.crop.phenology.Vernalisation][INFO] - Critical DVS for vernalization (VERNDVS) reached at day 1984-06-25, but vernalization requirements not yet fulfilled. Forcing vernalization now (VERN=47.688571).
[2026-03-24 13:03:38,894][pcse.crop.phenology.Vernalisation][INFO] - Critical DVS for vernalization (VERNDVS) reached at day 1984-06-26, but vernalization requirements not yet fulfilled. Forcing vernalization now (VERN=47.688571).
[2026-03-24 13:03:38,912][pcse.crop.phenology.Vernalisation][INFO] - Critical DVS for vernalization (VERNDVS) reached at day 1984-06-27, but vernalization requirements not yet fulfilled. Forcing vernalization now (VERN=47.688571).
[2026-03-24 13:03:38,929][pcse.crop.phenology.Vernalisation][INFO] - Critical DVS for vernalization (VERNDVS) reached at day 1984-06-28, but vernalization requirements not yet fulfilled. Forcing vernalization now (VERN=47.688571).
[2026-03-24 13:03:38,946][pcse.crop.phenology.Vernalisation][INFO] - Critical DVS for vernalization (VERNDVS) reached at day 1984-06-29, but vernalization requirements not yet fulfilled. Forcing vernalization now (VERN=47.688571).
[2026-03-24 13:03:38,947][pcse.crop.phenology.Annual_Phenology][INFO] - Changed phenological stage 'vegetative' to 'reproductive' on 1984-06-29
[2026-03-24 13:03:40,404][pcse.crop.phenology.Annual_Phenology][INFO] - Changed phenological stage 'reproductive' to 'mature' on 1984-09-13
[2026-03-24 13:03:40,697][pcse.base.timer.Timer][INFO] - Reached end of simulation period as specified by END_DATE.
| train          | E: 107 | S: 25787 | R: -2.4031 | TR: 12.0835 | TF: 512 | LR: 0 | NR: 0 | D: 04.7 s | TD: 00.0 s | BR: -0.0106 | ALOSS: 17058.5188 | CLOSS: 2227615.6506 | TLOSS: -169.6379 | TVAL: 0.5325 | AENT: -319.5709 | BCLOSS: 0.0000
[EPISODE DBG] episode=107 step=25787 pred_return=-2.521433 true_return=20.711114 total_feedback=512 labeled_feedback=0
[2026-03-24 13:03:40,704][pcse.agromanager.SoilCalendar][INFO] - Starting soil (oregon) with variation (oregon_1) on day 1984-02-01
[2026-03-24 13:03:40,707][pcse.agromanager.CropCalendar][INFO] - Starting crop (wheat) with variety (wheat_1) on day 1984-02-01
[2026-03-24 13:03:42,234][pcse.crop.phenology.Annual_Phenology][INFO] - Changed phenological stage 'emerging' to 'vegetative' on 1984-04-10
[2026-03-24 13:03:43,035][pcse.crop.phenology.Vernalisation][INFO] - Critical DVS for vernalization (VERNDVS) reached at day 1984-06-02, but vernalization requirements not yet fulfilled. Forcing vernalization now (VERN=47.688571).
[2026-03-24 13:03:43,051][pcse.crop.phenology.Vernalisation][INFO] - Critical DVS for vernalization (VERNDVS) reached at day 1984-06-03, but vernalization requirements not yet fulfilled. Forcing vernalization now (VERN=47.688571).
[2026-03-24 13:03:43,067][pcse.crop.phenology.Vernalisation][INFO] - Critical DVS for vernalization (VERNDVS) reached at day 1984-06-04, but vernalization requirements not yet fulfilled. Forcing vernalization now (VERN=47.688571).
[2026-03-24 13:03:43,082][pcse.crop.phenology.Vernalisation][INFO] - Critical DVS for vernalization (VERNDVS) reached at day 1984-06-05, but vernalization requirements not yet fulfilled. Forcing vernalization now (VERN=47.688571).
[2026-03-24 13:03:43,098][pcse.crop.phenology.Vernalisation][INFO] - Critical DVS for vernalization (VERNDVS) reached at day 1984-06-06, but vernalization requirements not yet fulfilled. Forcing vernalization now (VERN=47.688571).
[2026-03-24 13:03:43,114][pcse.crop.phenology.Vernalisation][INFO] - Critical DVS for vernalization (VERNDVS) reached at day 1984-06-07, but vernalization requirements not yet fulfilled. Forcing vernalization now (VERN=47.688571).
[2026-03-24 13:03:43,129][pcse.crop.phenology.Vernalisation][INFO] - Critical DVS for vernalization (VERNDVS) reached at day 1984-06-08, but vernalization requirements not yet fulfilled. Forcing vernalization now (VERN=47.688571).
[2026-03-24 13:03:43,145][pcse.crop.phenology.Vernalisation][INFO] - Critical DVS for vernalization (VERNDVS) reached at day 1984-06-09, but vernalization requirements not yet fulfilled. Forcing vernalization now (VERN=47.688571).
[2026-03-24 13:03:43,161][pcse.crop.phenology.Vernalisation][INFO] - Critical DVS for vernalization (VERNDVS) reached at day 1984-06-10, but vernalization requirements not yet fulfilled. Forcing vernalization now (VERN=47.688571).
[2026-03-24 13:03:43,176][pcse.crop.phenology.Vernalisation][INFO] - Critical DVS for vernalization (VERNDVS) reached at day 1984-06-11, but vernalization requirements not yet fulfilled. Forcing vernalization now (VERN=47.688571).
[2026-03-24 13:03:43,190][pcse.crop.phenology.Vernalisation][INFO] - Critical DVS for vernalization (VERNDVS) reached at day 1984-06-12, but vernalization requirements not yet fulfilled. Forcing vernalization now (VERN=47.688571).
[2026-03-24 13:03:43,204][pcse.crop.phenology.Vernalisation][INFO] - Critical DVS for vernalization (VERNDVS) reached at day 1984-06-13, but vernalization requirements not yet fulfilled. Forcing vernalization now (VERN=47.688571).
[2026-03-24 13:03:43,219][pcse.crop.phenology.Vernalisation][INFO] - Critical DVS for vernalization (VERNDVS) reached at day 1984-06-14, but vernalization requirements not yet fulfilled. Forcing vernalization now (VERN=47.688571).
[2026-03-24 13:03:43,233][pcse.crop.phenology.Vernalisation][INFO] - Critical DVS for vernalization (VERNDVS) reached at day 1984-06-15, but vernalization requirements not yet fulfilled. Forcing vernalization now (VERN=47.688571).
[2026-03-24 13:03:43,247][pcse.crop.phenology.Vernalisation][INFO] - Critical DVS for vernalization (VERNDVS) reached at day 1984-06-16, but vernalization requirements not yet fulfilled. Forcing vernalization now (VERN=47.688571).
[2026-03-24 13:03:43,262][pcse.crop.phenology.Vernalisation][INFO] - Critical DVS for vernalization (VERNDVS) reached at day 1984-06-17, but vernalization requirements not yet fulfilled. Forcing vernalization now (VERN=47.688571).
[2026-03-24 13:03:43,277][pcse.crop.phenology.Vernalisation][INFO] - Critical DVS for vernalization (VERNDVS) reached at day 1984-06-18, but vernalization requirements not yet fulfilled. Forcing vernalization now (VERN=47.688571).
[2026-03-24 13:03:43,291][pcse.crop.phenology.Vernalisation][INFO] - Critical DVS for vernalization (VERNDVS) reached at day 1984-06-19, but vernalization requirements not yet fulfilled. Forcing vernalization now (VERN=47.688571).
[2026-03-24 13:03:43,307][pcse.crop.phenology.Vernalisation][INFO] - Critical DVS for vernalization (VERNDVS) reached at day 1984-06-20, but vernalization requirements not yet fulfilled. Forcing vernalization now (VERN=47.688571).
[2026-03-24 13:03:43,322][pcse.crop.phenology.Vernalisation][INFO] - Critical DVS for vernalization (VERNDVS) reached at day 1984-06-21, but vernalization requirements not yet fulfilled. Forcing vernalization now (VERN=47.688571).
[2026-03-24 13:03:43,336][pcse.crop.phenology.Vernalisation][INFO] - Critical DVS for vernalization (VERNDVS) reached at day 1984-06-22, but vernalization requirements not yet fulfilled. Forcing vernalization now (VERN=47.688571).
[2026-03-24 13:03:43,351][pcse.crop.phenology.Vernalisation][INFO] - Critical DVS for vernalization (VERNDVS) reached at day 1984-06-23, but vernalization requirements not yet fulfilled. Forcing vernalization now (VERN=47.688571).
[2026-03-24 13:03:43,366][pcse.crop.phenology.Vernalisation][INFO] - Critical DVS for vernalization (VERNDVS) reached at day 1984-06-24, but vernalization requirements not yet fulfilled. Forcing vernalization now (VERN=47.688571).
[2026-03-24 13:03:43,380][pcse.crop.phenology.Vernalisation][INFO] - Critical DVS for vernalization (VERNDVS) reached at day 1984-06-25, but vernalization requirements not yet fulfilled. Forcing vernalization now (VERN=47.688571).
[2026-03-24 13:03:43,394][pcse.crop.phenology.Vernalisation][INFO] - Critical DVS for vernalization (VERNDVS) reached at day 1984-06-26, but vernalization requirements not yet fulfilled. Forcing vernalization now (VERN=47.688571).
[2026-03-24 13:03:43,409][pcse.crop.phenology.Vernalisation][INFO] - Critical DVS for vernalization (VERNDVS) reached at day 1984-06-27, but vernalization requirements not yet fulfilled. Forcing vernalization now (VERN=47.688571).
[2026-03-24 13:03:43,424][pcse.crop.phenology.Vernalisation][INFO] - Critical DVS for vernalization (VERNDVS) reached at day 1984-06-28, but vernalization requirements not yet fulfilled. Forcing vernalization now (VERN=47.688571).
[2026-03-24 13:03:43,439][pcse.crop.phenology.Vernalisation][INFO] - Critical DVS for vernalization (VERNDVS) reached at day 1984-06-29, but vernalization requirements not yet fulfilled. Forcing vernalization now (VERN=47.688571).
[2026-03-24 13:03:43,440][pcse.crop.phenology.Annual_Phenology][INFO] - Changed phenological stage 'vegetative' to 'reproductive' on 1984-06-29
[REPLAY DBG] post-agent-update step=26000 n=26000 mean=-0.010579 std=0.015185 min=-0.094720 max=0.013632
[STEP DBG] step=26000 env_reward=0.222105 r_hat=0.005242 done=False
[NORM DBG] count=26000 mean_abs_mean=62525.125000 mean_std=9.243781 min_std=0.001000 max_std=69.520470
[2026-03-24 13:03:44,892][pcse.crop.phenology.Annual_Phenology][INFO] - Changed phenological stage 'reproductive' to 'mature' on 1984-09-13
[2026-03-24 13:03:45,135][pcse.base.timer.Timer][INFO] - Reached end of simulation period as specified by END_DATE.
| train          | E: 108 | S: 26028 | R: -2.5214 | TR: 20.7111 | TF: 512 | LR: 0 | NR: 0 | D: 04.4 s | TD: 00.0 s | BR: -0.0106 | ALOSS: 17013.3107 | CLOSS: 2376864.0400 | TLOSS: -170.2735 | TVAL: 0.5394 | AENT: -316.6616 | BCLOSS: 0.0000
[EPISODE DBG] episode=108 step=26028 pred_return=-2.558177 true_return=19.897423 total_feedback=512 labeled_feedback=0
[2026-03-24 13:03:45,140][pcse.agromanager.SoilCalendar][INFO] - Starting soil (oregon) with variation (oregon_1) on day 1984-02-01
[2026-03-24 13:03:45,142][pcse.agromanager.CropCalendar][INFO] - Starting crop (wheat) with variety (wheat_1) on day 1984-02-01
[2026-03-24 13:03:46,286][pcse.crop.phenology.Annual_Phenology][INFO] - Changed phenological stage 'emerging' to 'vegetative' on 1984-04-10
[2026-03-24 13:03:47,199][pcse.crop.phenology.Vernalisation][INFO] - Critical DVS for vernalization (VERNDVS) reached at day 1984-06-02, but vernalization requirements not yet fulfilled. Forcing vernalization now (VERN=47.688571).
[2026-03-24 13:03:47,221][pcse.crop.phenology.Vernalisation][INFO] - Critical DVS for vernalization (VERNDVS) reached at day 1984-06-03, but vernalization requirements not yet fulfilled. Forcing vernalization now (VERN=47.688571).
[2026-03-24 13:03:47,243][pcse.crop.phenology.Vernalisation][INFO] - Critical DVS for vernalization (VERNDVS) reached at day 1984-06-04, but vernalization requirements not yet fulfilled. Forcing vernalization now (VERN=47.688571).
[2026-03-24 13:03:47,265][pcse.crop.phenology.Vernalisation][INFO] - Critical DVS for vernalization (VERNDVS) reached at day 1984-06-05, but vernalization requirements not yet fulfilled. Forcing vernalization now (VERN=47.688571).
[2026-03-24 13:03:47,287][pcse.crop.phenology.Vernalisation][INFO] - Critical DVS for vernalization (VERNDVS) reached at day 1984-06-06, but vernalization requirements not yet fulfilled. Forcing vernalization now (VERN=47.688571).
[2026-03-24 13:03:47,309][pcse.crop.phenology.Vernalisation][INFO] - Critical DVS for vernalization (VERNDVS) reached at day 1984-06-07, but vernalization requirements not yet fulfilled. Forcing vernalization now (VERN=47.688571).
[2026-03-24 13:03:47,325][pcse.crop.phenology.Vernalisation][INFO] - Critical DVS for vernalization (VERNDVS) reached at day 1984-06-08, but vernalization requirements not yet fulfilled. Forcing vernalization now (VERN=47.688571).
[2026-03-24 13:03:47,340][pcse.crop.phenology.Vernalisation][INFO] - Critical DVS for vernalization (VERNDVS) reached at day 1984-06-09, but vernalization requirements not yet fulfilled. Forcing vernalization now (VERN=47.688571).
[2026-03-24 13:03:47,355][pcse.crop.phenology.Vernalisation][INFO] - Critical DVS for vernalization (VERNDVS) reached at day 1984-06-10, but vernalization requirements not yet fulfilled. Forcing vernalization now (VERN=47.688571).
[2026-03-24 13:03:47,371][pcse.crop.phenology.Vernalisation][INFO] - Critical DVS for vernalization (VERNDVS) reached at day 1984-06-11, but vernalization requirements not yet fulfilled. Forcing vernalization now (VERN=47.688571).
[2026-03-24 13:03:47,386][pcse.crop.phenology.Vernalisation][INFO] - Critical DVS for vernalization (VERNDVS) reached at day 1984-06-12, but vernalization requirements not yet fulfilled. Forcing vernalization now (VERN=47.688571).
[2026-03-24 13:03:47,402][pcse.crop.phenology.Vernalisation][INFO] - Critical DVS for vernalization (VERNDVS) reached at day 1984-06-13, but vernalization requirements not yet fulfilled. Forcing vernalization now (VERN=47.688571).
[2026-03-24 13:03:47,417][pcse.crop.phenology.Vernalisation][INFO] - Critical DVS for vernalization (VERNDVS) reached at day 1984-06-14, but vernalization requirements not yet fulfilled. Forcing vernalization now (VERN=47.688571).
[2026-03-24 13:03:47,432][pcse.crop.phenology.Vernalisation][INFO] - Critical DVS for vernalization (VERNDVS) reached at day 1984-06-15, but vernalization requirements not yet fulfilled. Forcing vernalization now (VERN=47.688571).
[2026-03-24 13:03:47,448][pcse.crop.phenology.Vernalisation][INFO] - Critical DVS for vernalization (VERNDVS) reached at day 1984-06-16, but vernalization requirements not yet fulfilled. Forcing vernalization now (VERN=47.688571).
[2026-03-24 13:03:47,463][pcse.crop.phenology.Vernalisation][INFO] - Critical DVS for vernalization (VERNDVS) reached at day 1984-06-17, but vernalization requirements not yet fulfilled. Forcing vernalization now (VERN=47.688571).
[2026-03-24 13:03:47,479][pcse.crop.phenology.Vernalisation][INFO] - Critical DVS for vernalization (VERNDVS) reached at day 1984-06-18, but vernalization requirements not yet fulfilled. Forcing vernalization now (VERN=47.688571).
[2026-03-24 13:03:47,494][pcse.crop.phenology.Vernalisation][INFO] - Critical DVS for vernalization (VERNDVS) reached at day 1984-06-19, but vernalization requirements not yet fulfilled. Forcing vernalization now (VERN=47.688571).
[2026-03-24 13:03:47,509][pcse.crop.phenology.Vernalisation][INFO] - Critical DVS for vernalization (VERNDVS) reached at day 1984-06-20, but vernalization requirements not yet fulfilled. Forcing vernalization now (VERN=47.688571).
[2026-03-24 13:03:47,525][pcse.crop.phenology.Vernalisation][INFO] - Critical DVS for vernalization (VERNDVS) reached at day 1984-06-21, but vernalization requirements not yet fulfilled. Forcing vernalization now (VERN=47.688571).
[2026-03-24 13:03:47,541][pcse.crop.phenology.Vernalisation][INFO] - Critical DVS for vernalization (VERNDVS) reached at day 1984-06-22, but vernalization requirements not yet fulfilled. Forcing vernalization now (VERN=47.688571).
[2026-03-24 13:03:47,557][pcse.crop.phenology.Vernalisation][INFO] - Critical DVS for vernalization (VERNDVS) reached at day 1984-06-23, but vernalization requirements not yet fulfilled. Forcing vernalization now (VERN=47.688571).
[2026-03-24 13:03:47,572][pcse.crop.phenology.Vernalisation][INFO] - Critical DVS for vernalization (VERNDVS) reached at day 1984-06-24, but vernalization requirements not yet fulfilled. Forcing vernalization now (VERN=47.688571).
[2026-03-24 13:03:47,588][pcse.crop.phenology.Vernalisation][INFO] - Critical DVS for vernalization (VERNDVS) reached at day 1984-06-25, but vernalization requirements not yet fulfilled. Forcing vernalization now (VERN=47.688571).
[2026-03-24 13:03:47,602][pcse.crop.phenology.Vernalisation][INFO] - Critical DVS for vernalization (VERNDVS) reached at day 1984-06-26, but vernalization requirements not yet fulfilled. Forcing vernalization now (VERN=47.688571).
[2026-03-24 13:03:47,619][pcse.crop.phenology.Vernalisation][INFO] - Critical DVS for vernalization (VERNDVS) reached at day 1984-06-27, but vernalization requirements not yet fulfilled. Forcing vernalization now (VERN=47.688571).
[2026-03-24 13:03:47,636][pcse.crop.phenology.Vernalisation][INFO] - Critical DVS for vernalization (VERNDVS) reached at day 1984-06-28, but vernalization requirements not yet fulfilled. Forcing vernalization now (VERN=47.688571).
[2026-03-24 13:03:47,653][pcse.crop.phenology.Vernalisation][INFO] - Critical DVS for vernalization (VERNDVS) reached at day 1984-06-29, but vernalization requirements not yet fulfilled. Forcing vernalization now (VERN=47.688571).
[2026-03-24 13:03:47,653][pcse.crop.phenology.Annual_Phenology][INFO] - Changed phenological stage 'vegetative' to 'reproductive' on 1984-06-29
[2026-03-24 13:03:49,070][pcse.crop.phenology.Annual_Phenology][INFO] - Changed phenological stage 'reproductive' to 'mature' on 1984-09-13
[2026-03-24 13:03:49,327][pcse.base.timer.Timer][INFO] - Reached end of simulation period as specified by END_DATE.
| train          | E: 109 | S: 26269 | R: -2.5582 | TR: 19.8974 | TF: 512 | LR: 0 | NR: 0 | D: 04.2 s | TD: 00.0 s | BR: -0.0106 | ALOSS: 16985.2001 | CLOSS: 2390132.0811 | TLOSS: -170.2611 | TVAL: 0.5470 | AENT: -312.2502 | BCLOSS: 0.0000
[EPISODE DBG] episode=109 step=26269 pred_return=-2.470700 true_return=15.861067 total_feedback=512 labeled_feedback=0
[2026-03-24 13:03:49,332][pcse.agromanager.SoilCalendar][INFO] - Starting soil (oregon) with variation (oregon_1) on day 1984-02-01
[2026-03-24 13:03:49,334][pcse.agromanager.CropCalendar][INFO] - Starting crop (wheat) with variety (wheat_1) on day 1984-02-01
[2026-03-24 13:03:50,422][pcse.crop.phenology.Annual_Phenology][INFO] - Changed phenological stage 'emerging' to 'vegetative' on 1984-04-10
[2026-03-24 13:03:51,198][pcse.crop.phenology.Vernalisation][INFO] - Critical DVS for vernalization (VERNDVS) reached at day 1984-06-02, but vernalization requirements not yet fulfilled. Forcing vernalization now (VERN=47.688571).
[2026-03-24 13:03:51,215][pcse.crop.phenology.Vernalisation][INFO] - Critical DVS for vernalization (VERNDVS) reached at day 1984-06-03, but vernalization requirements not yet fulfilled. Forcing vernalization now (VERN=47.688571).
[2026-03-24 13:03:51,230][pcse.crop.phenology.Vernalisation][INFO] - Critical DVS for vernalization (VERNDVS) reached at day 1984-06-04, but vernalization requirements not yet fulfilled. Forcing vernalization now (VERN=47.688571).
[2026-03-24 13:03:51,246][pcse.crop.phenology.Vernalisation][INFO] - Critical DVS for vernalization (VERNDVS) reached at day 1984-06-05, but vernalization requirements not yet fulfilled. Forcing vernalization now (VERN=47.688571).
[2026-03-24 13:03:51,260][pcse.crop.phenology.Vernalisation][INFO] - Critical DVS for vernalization (VERNDVS) reached at day 1984-06-06, but vernalization requirements not yet fulfilled. Forcing vernalization now (VERN=47.688571).
[2026-03-24 13:03:51,275][pcse.crop.phenology.Vernalisation][INFO] - Critical DVS for vernalization (VERNDVS) reached at day 1984-06-07, but vernalization requirements not yet fulfilled. Forcing vernalization now (VERN=47.688571).
[2026-03-24 13:03:51,289][pcse.crop.phenology.Vernalisation][INFO] - Critical DVS for vernalization (VERNDVS) reached at day 1984-06-08, but vernalization requirements not yet fulfilled. Forcing vernalization now (VERN=47.688571).
[2026-03-24 13:03:51,305][pcse.crop.phenology.Vernalisation][INFO] - Critical DVS for vernalization (VERNDVS) reached at day 1984-06-09, but vernalization requirements not yet fulfilled. Forcing vernalization now (VERN=47.688571).
[2026-03-24 13:03:51,320][pcse.crop.phenology.Vernalisation][INFO] - Critical DVS for vernalization (VERNDVS) reached at day 1984-06-10, but vernalization requirements not yet fulfilled. Forcing vernalization now (VERN=47.688571).
[2026-03-24 13:03:51,335][pcse.crop.phenology.Vernalisation][INFO] - Critical DVS for vernalization (VERNDVS) reached at day 1984-06-11, but vernalization requirements not yet fulfilled. Forcing vernalization now (VERN=47.688571).
[2026-03-24 13:03:51,351][pcse.crop.phenology.Vernalisation][INFO] - Critical DVS for vernalization (VERNDVS) reached at day 1984-06-12, but vernalization requirements not yet fulfilled. Forcing vernalization now (VERN=47.688571).
[2026-03-24 13:03:51,663][pcse.crop.phenology.Vernalisation][INFO] - Critical DVS for vernalization (VERNDVS) reached at day 1984-06-13, but vernalization requirements not yet fulfilled. Forcing vernalization now (VERN=47.688571).
[2026-03-24 13:03:51,693][pcse.crop.phenology.Vernalisation][INFO] - Critical DVS for vernalization (VERNDVS) reached at day 1984-06-14, but vernalization requirements not yet fulfilled. Forcing vernalization now (VERN=47.688571).
[2026-03-24 13:03:51,723][pcse.crop.phenology.Vernalisation][INFO] - Critical DVS for vernalization (VERNDVS) reached at day 1984-06-15, but vernalization requirements not yet fulfilled. Forcing vernalization now (VERN=47.688571).
[2026-03-24 13:03:51,744][pcse.crop.phenology.Vernalisation][INFO] - Critical DVS for vernalization (VERNDVS) reached at day 1984-06-16, but vernalization requirements not yet fulfilled. Forcing vernalization now (VERN=47.688571).
[2026-03-24 13:03:51,761][pcse.crop.phenology.Vernalisation][INFO] - Critical DVS for vernalization (VERNDVS) reached at day 1984-06-17, but vernalization requirements not yet fulfilled. Forcing vernalization now (VERN=47.688571).
[2026-03-24 13:03:51,779][pcse.crop.phenology.Vernalisation][INFO] - Critical DVS for vernalization (VERNDVS) reached at day 1984-06-18, but vernalization requirements not yet fulfilled. Forcing vernalization now (VERN=47.688571).
[2026-03-24 13:03:51,796][pcse.crop.phenology.Vernalisation][INFO] - Critical DVS for vernalization (VERNDVS) reached at day 1984-06-19, but vernalization requirements not yet fulfilled. Forcing vernalization now (VERN=47.688571).
[2026-03-24 13:03:51,813][pcse.crop.phenology.Vernalisation][INFO] - Critical DVS for vernalization (VERNDVS) reached at day 1984-06-20, but vernalization requirements not yet fulfilled. Forcing vernalization now (VERN=47.688571).
[2026-03-24 13:03:51,831][pcse.crop.phenology.Vernalisation][INFO] - Critical DVS for vernalization (VERNDVS) reached at day 1984-06-21, but vernalization requirements not yet fulfilled. Forcing vernalization now (VERN=47.688571).
[2026-03-24 13:03:51,848][pcse.crop.phenology.Vernalisation][INFO] - Critical DVS for vernalization (VERNDVS) reached at day 1984-06-22, but vernalization requirements not yet fulfilled. Forcing vernalization now (VERN=47.688571).
[2026-03-24 13:03:51,865][pcse.crop.phenology.Vernalisation][INFO] - Critical DVS for vernalization (VERNDVS) reached at day 1984-06-23, but vernalization requirements not yet fulfilled. Forcing vernalization now (VERN=47.688571).
[2026-03-24 13:03:51,882][pcse.crop.phenology.Vernalisation][INFO] - Critical DVS for vernalization (VERNDVS) reached at day 1984-06-24, but vernalization requirements not yet fulfilled. Forcing vernalization now (VERN=47.688571).
[2026-03-24 13:03:51,899][pcse.crop.phenology.Vernalisation][INFO] - Critical DVS for vernalization (VERNDVS) reached at day 1984-06-25, but vernalization requirements not yet fulfilled. Forcing vernalization now (VERN=47.688571).
[2026-03-24 13:03:51,916][pcse.crop.phenology.Vernalisation][INFO] - Critical DVS for vernalization (VERNDVS) reached at day 1984-06-26, but vernalization requirements not yet fulfilled. Forcing vernalization now (VERN=47.688571).
[2026-03-24 13:03:51,934][pcse.crop.phenology.Vernalisation][INFO] - Critical DVS for vernalization (VERNDVS) reached at day 1984-06-27, but vernalization requirements not yet fulfilled. Forcing vernalization now (VERN=47.688571).
[2026-03-24 13:03:51,950][pcse.crop.phenology.Vernalisation][INFO] - Critical DVS for vernalization (VERNDVS) reached at day 1984-06-28, but vernalization requirements not yet fulfilled. Forcing vernalization now (VERN=47.688571).
[2026-03-24 13:03:51,968][pcse.crop.phenology.Vernalisation][INFO] - Critical DVS for vernalization (VERNDVS) reached at day 1984-06-29, but vernalization requirements not yet fulfilled. Forcing vernalization now (VERN=47.688571).
[2026-03-24 13:03:51,968][pcse.crop.phenology.Annual_Phenology][INFO] - Changed phenological stage 'vegetative' to 'reproductive' on 1984-06-29
[2026-03-24 13:03:53,308][pcse.crop.phenology.Annual_Phenology][INFO] - Changed phenological stage 'reproductive' to 'mature' on 1984-09-13
[REPLAY DBG] post-agent-update step=26500 n=26500 mean=-0.010569 std=0.015171 min=-0.094720 max=0.013632
[STEP DBG] step=26500 env_reward=0.125493 r_hat=-0.004061 done=False
[NORM DBG] count=26500 mean_abs_mean=62525.136719 mean_std=9.247015 min_std=0.001000 max_std=69.548286
[2026-03-24 13:03:53,613][pcse.base.timer.Timer][INFO] - Reached end of simulation period as specified by END_DATE.
| train          | E: 110 | S: 26510 | R: -2.4707 | TR: 15.8611 | TF: 512 | LR: 0 | NR: 0 | D: 04.3 s | TD: 00.0 s | BR: -0.0105 | ALOSS: 16946.1243 | CLOSS: 2439804.7357 | TLOSS: -170.6884 | TVAL: 0.5553 | AENT: -308.3615 | BCLOSS: 0.0000
[EPISODE DBG] episode=110 step=26510 pred_return=-2.395521 true_return=12.083472 total_feedback=512 labeled_feedback=0
[2026-03-24 13:03:53,621][pcse.agromanager.SoilCalendar][INFO] - Starting soil (oregon) with variation (oregon_1) on day 1984-02-01
[2026-03-24 13:03:53,624][pcse.agromanager.CropCalendar][INFO] - Starting crop (wheat) with variety (wheat_1) on day 1984-02-01
[2026-03-24 13:03:55,087][pcse.crop.phenology.Annual_Phenology][INFO] - Changed phenological stage 'emerging' to 'vegetative' on 1984-04-10
[2026-03-24 13:03:56,267][pcse.crop.phenology.Vernalisation][INFO] - Critical DVS for vernalization (VERNDVS) reached at day 1984-06-02, but vernalization requirements not yet fulfilled. Forcing vernalization now (VERN=47.688571).
[2026-03-24 13:03:56,283][pcse.crop.phenology.Vernalisation][INFO] - Critical DVS for vernalization (VERNDVS) reached at day 1984-06-03, but vernalization requirements not yet fulfilled. Forcing vernalization now (VERN=47.688571).
[2026-03-24 13:03:56,299][pcse.crop.phenology.Vernalisation][INFO] - Critical DVS for vernalization (VERNDVS) reached at day 1984-06-04, but vernalization requirements not yet fulfilled. Forcing vernalization now (VERN=47.688571).
[2026-03-24 13:03:56,314][pcse.crop.phenology.Vernalisation][INFO] - Critical DVS for vernalization (VERNDVS) reached at day 1984-06-05, but vernalization requirements not yet fulfilled. Forcing vernalization now (VERN=47.688571).
[2026-03-24 13:03:56,330][pcse.crop.phenology.Vernalisation][INFO] - Critical DVS for vernalization (VERNDVS) reached at day 1984-06-06, but vernalization requirements not yet fulfilled. Forcing vernalization now (VERN=47.688571).
[2026-03-24 13:03:56,345][pcse.crop.phenology.Vernalisation][INFO] - Critical DVS for vernalization (VERNDVS) reached at day 1984-06-07, but vernalization requirements not yet fulfilled. Forcing vernalization now (VERN=47.688571).
[2026-03-24 13:03:56,360][pcse.crop.phenology.Vernalisation][INFO] - Critical DVS for vernalization (VERNDVS) reached at day 1984-06-08, but vernalization requirements not yet fulfilled. Forcing vernalization now (VERN=47.688571).
[2026-03-24 13:03:56,376][pcse.crop.phenology.Vernalisation][INFO] - Critical DVS for vernalization (VERNDVS) reached at day 1984-06-09, but vernalization requirements not yet fulfilled. Forcing vernalization now (VERN=47.688571).
[2026-03-24 13:03:56,390][pcse.crop.phenology.Vernalisation][INFO] - Critical DVS for vernalization (VERNDVS) reached at day 1984-06-10, but vernalization requirements not yet fulfilled. Forcing vernalization now (VERN=47.688571).
[2026-03-24 13:03:56,406][pcse.crop.phenology.Vernalisation][INFO] - Critical DVS for vernalization (VERNDVS) reached at day 1984-06-11, but vernalization requirements not yet fulfilled. Forcing vernalization now (VERN=47.688571).
[2026-03-24 13:03:56,421][pcse.crop.phenology.Vernalisation][INFO] - Critical DVS for vernalization (VERNDVS) reached at day 1984-06-12, but vernalization requirements not yet fulfilled. Forcing vernalization now (VERN=47.688571).
[2026-03-24 13:03:56,436][pcse.crop.phenology.Vernalisation][INFO] - Critical DVS for vernalization (VERNDVS) reached at day 1984-06-13, but vernalization requirements not yet fulfilled. Forcing vernalization now (VERN=47.688571).
[2026-03-24 13:03:56,452][pcse.crop.phenology.Vernalisation][INFO] - Critical DVS for vernalization (VERNDVS) reached at day 1984-06-14, but vernalization requirements not yet fulfilled. Forcing vernalization now (VERN=47.688571).
[2026-03-24 13:03:56,468][pcse.crop.phenology.Vernalisation][INFO] - Critical DVS for vernalization (VERNDVS) reached at day 1984-06-15, but vernalization requirements not yet fulfilled. Forcing vernalization now (VERN=47.688571).
[2026-03-24 13:03:56,484][pcse.crop.phenology.Vernalisation][INFO] - Critical DVS for vernalization (VERNDVS) reached at day 1984-06-16, but vernalization requirements not yet fulfilled. Forcing vernalization now (VERN=47.688571).
[2026-03-24 13:03:56,499][pcse.crop.phenology.Vernalisation][INFO] - Critical DVS for vernalization (VERNDVS) reached at day 1984-06-17, but vernalization requirements not yet fulfilled. Forcing vernalization now (VERN=47.688571).
[2026-03-24 13:03:56,514][pcse.crop.phenology.Vernalisation][INFO] - Critical DVS for vernalization (VERNDVS) reached at day 1984-06-18, but vernalization requirements not yet fulfilled. Forcing vernalization now (VERN=47.688571).
[2026-03-24 13:03:56,530][pcse.crop.phenology.Vernalisation][INFO] - Critical DVS for vernalization (VERNDVS) reached at day 1984-06-19, but vernalization requirements not yet fulfilled. Forcing vernalization now (VERN=47.688571).
[2026-03-24 13:03:56,544][pcse.crop.phenology.Vernalisation][INFO] - Critical DVS for vernalization (VERNDVS) reached at day 1984-06-20, but vernalization requirements not yet fulfilled. Forcing vernalization now (VERN=47.688571).
[2026-03-24 13:03:56,560][pcse.crop.phenology.Vernalisation][INFO] - Critical DVS for vernalization (VERNDVS) reached at day 1984-06-21, but vernalization requirements not yet fulfilled. Forcing vernalization now (VERN=47.688571).
[2026-03-24 13:03:56,576][pcse.crop.phenology.Vernalisation][INFO] - Critical DVS for vernalization (VERNDVS) reached at day 1984-06-22, but vernalization requirements not yet fulfilled. Forcing vernalization now (VERN=47.688571).
[2026-03-24 13:03:56,591][pcse.crop.phenology.Vernalisation][INFO] - Critical DVS for vernalization (VERNDVS) reached at day 1984-06-23, but vernalization requirements not yet fulfilled. Forcing vernalization now (VERN=47.688571).
[2026-03-24 13:03:56,606][pcse.crop.phenology.Vernalisation][INFO] - Critical DVS for vernalization (VERNDVS) reached at day 1984-06-24, but vernalization requirements not yet fulfilled. Forcing vernalization now (VERN=47.688571).
[2026-03-24 13:03:56,622][pcse.crop.phenology.Vernalisation][INFO] - Critical DVS for vernalization (VERNDVS) reached at day 1984-06-25, but vernalization requirements not yet fulfilled. Forcing vernalization now (VERN=47.688571).
[2026-03-24 13:03:56,638][pcse.crop.phenology.Vernalisation][INFO] - Critical DVS for vernalization (VERNDVS) reached at day 1984-06-26, but vernalization requirements not yet fulfilled. Forcing vernalization now (VERN=47.688571).
[2026-03-24 13:03:56,654][pcse.crop.phenology.Vernalisation][INFO] - Critical DVS for vernalization (VERNDVS) reached at day 1984-06-27, but vernalization requirements not yet fulfilled. Forcing vernalization now (VERN=47.688571).
[2026-03-24 13:03:56,670][pcse.crop.phenology.Vernalisation][INFO] - Critical DVS for vernalization (VERNDVS) reached at day 1984-06-28, but vernalization requirements not yet fulfilled. Forcing vernalization now (VERN=47.688571).
[2026-03-24 13:03:56,683][pcse.crop.phenology.Vernalisation][INFO] - Critical DVS for vernalization (VERNDVS) reached at day 1984-06-29, but vernalization requirements not yet fulfilled. Forcing vernalization now (VERN=47.688571).
[2026-03-24 13:03:56,683][pcse.crop.phenology.Annual_Phenology][INFO] - Changed phenological stage 'vegetative' to 'reproductive' on 1984-06-29
[2026-03-24 13:03:57,779][pcse.crop.phenology.Annual_Phenology][INFO] - Changed phenological stage 'reproductive' to 'mature' on 1984-09-13
[2026-03-24 13:03:58,038][pcse.base.timer.Timer][INFO] - Reached end of simulation period as specified by END_DATE.
| train          | E: 111 | S: 26751 | R: -2.3955 | TR: 12.0835 | TF: 512 | LR: 0 | NR: 0 | D: 04.4 s | TD: 00.0 s | BR: -0.0106 | ALOSS: 16898.3513 | CLOSS: 2385267.9458 | TLOSS: -170.7329 | TVAL: 0.5644 | AENT: -303.5220 | BCLOSS: 0.0000
[EPISODE DBG] episode=111 step=26751 pred_return=-2.516714 true_return=20.711114 total_feedback=512 labeled_feedback=0
[2026-03-24 13:03:58,043][pcse.agromanager.SoilCalendar][INFO] - Starting soil (oregon) with variation (oregon_1) on day 1984-02-01
[2026-03-24 13:03:58,045][pcse.agromanager.CropCalendar][INFO] - Starting crop (wheat) with variety (wheat_1) on day 1984-02-01
[2026-03-24 13:03:59,555][pcse.crop.phenology.Annual_Phenology][INFO] - Changed phenological stage 'emerging' to 'vegetative' on 1984-04-10
[2026-03-24 13:04:00,461][pcse.crop.phenology.Vernalisation][INFO] - Critical DVS for vernalization (VERNDVS) reached at day 1984-06-02, but vernalization requirements not yet fulfilled. Forcing vernalization now (VERN=47.688571).
[2026-03-24 13:04:00,479][pcse.crop.phenology.Vernalisation][INFO] - Critical DVS for vernalization (VERNDVS) reached at day 1984-06-03, but vernalization requirements not yet fulfilled. Forcing vernalization now (VERN=47.688571).
[2026-03-24 13:04:00,496][pcse.crop.phenology.Vernalisation][INFO] - Critical DVS for vernalization (VERNDVS) reached at day 1984-06-04, but vernalization requirements not yet fulfilled. Forcing vernalization now (VERN=47.688571).
[2026-03-24 13:04:00,514][pcse.crop.phenology.Vernalisation][INFO] - Critical DVS for vernalization (VERNDVS) reached at day 1984-06-05, but vernalization requirements not yet fulfilled. Forcing vernalization now (VERN=47.688571).
[2026-03-24 13:04:00,530][pcse.crop.phenology.Vernalisation][INFO] - Critical DVS for vernalization (VERNDVS) reached at day 1984-06-06, but vernalization requirements not yet fulfilled. Forcing vernalization now (VERN=47.688571).
[2026-03-24 13:04:00,548][pcse.crop.phenology.Vernalisation][INFO] - Critical DVS for vernalization (VERNDVS) reached at day 1984-06-07, but vernalization requirements not yet fulfilled. Forcing vernalization now (VERN=47.688571).
[2026-03-24 13:04:00,564][pcse.crop.phenology.Vernalisation][INFO] - Critical DVS for vernalization (VERNDVS) reached at day 1984-06-08, but vernalization requirements not yet fulfilled. Forcing vernalization now (VERN=47.688571).
[2026-03-24 13:04:00,582][pcse.crop.phenology.Vernalisation][INFO] - Critical DVS for vernalization (VERNDVS) reached at day 1984-06-09, but vernalization requirements not yet fulfilled. Forcing vernalization now (VERN=47.688571).
[2026-03-24 13:04:00,598][pcse.crop.phenology.Vernalisation][INFO] - Critical DVS for vernalization (VERNDVS) reached at day 1984-06-10, but vernalization requirements not yet fulfilled. Forcing vernalization now (VERN=47.688571).
[2026-03-24 13:04:00,616][pcse.crop.phenology.Vernalisation][INFO] - Critical DVS for vernalization (VERNDVS) reached at day 1984-06-11, but vernalization requirements not yet fulfilled. Forcing vernalization now (VERN=47.688571).
[2026-03-24 13:04:00,633][pcse.crop.phenology.Vernalisation][INFO] - Critical DVS for vernalization (VERNDVS) reached at day 1984-06-12, but vernalization requirements not yet fulfilled. Forcing vernalization now (VERN=47.688571).
[2026-03-24 13:04:00,652][pcse.crop.phenology.Vernalisation][INFO] - Critical DVS for vernalization (VERNDVS) reached at day 1984-06-13, but vernalization requirements not yet fulfilled. Forcing vernalization now (VERN=47.688571).
[2026-03-24 13:04:00,669][pcse.crop.phenology.Vernalisation][INFO] - Critical DVS for vernalization (VERNDVS) reached at day 1984-06-14, but vernalization requirements not yet fulfilled. Forcing vernalization now (VERN=47.688571).
[2026-03-24 13:04:00,687][pcse.crop.phenology.Vernalisation][INFO] - Critical DVS for vernalization (VERNDVS) reached at day 1984-06-15, but vernalization requirements not yet fulfilled. Forcing vernalization now (VERN=47.688571).
[2026-03-24 13:04:00,705][pcse.crop.phenology.Vernalisation][INFO] - Critical DVS for vernalization (VERNDVS) reached at day 1984-06-16, but vernalization requirements not yet fulfilled. Forcing vernalization now (VERN=47.688571).
[2026-03-24 13:04:00,723][pcse.crop.phenology.Vernalisation][INFO] - Critical DVS for vernalization (VERNDVS) reached at day 1984-06-17, but vernalization requirements not yet fulfilled. Forcing vernalization now (VERN=47.688571).
[2026-03-24 13:04:00,741][pcse.crop.phenology.Vernalisation][INFO] - Critical DVS for vernalization (VERNDVS) reached at day 1984-06-18, but vernalization requirements not yet fulfilled. Forcing vernalization now (VERN=47.688571).
[2026-03-24 13:04:00,759][pcse.crop.phenology.Vernalisation][INFO] - Critical DVS for vernalization (VERNDVS) reached at day 1984-06-19, but vernalization requirements not yet fulfilled. Forcing vernalization now (VERN=47.688571).
[2026-03-24 13:04:00,777][pcse.crop.phenology.Vernalisation][INFO] - Critical DVS for vernalization (VERNDVS) reached at day 1984-06-20, but vernalization requirements not yet fulfilled. Forcing vernalization now (VERN=47.688571).
[2026-03-24 13:04:00,796][pcse.crop.phenology.Vernalisation][INFO] - Critical DVS for vernalization (VERNDVS) reached at day 1984-06-21, but vernalization requirements not yet fulfilled. Forcing vernalization now (VERN=47.688571).
[2026-03-24 13:04:00,816][pcse.crop.phenology.Vernalisation][INFO] - Critical DVS for vernalization (VERNDVS) reached at day 1984-06-22, but vernalization requirements not yet fulfilled. Forcing vernalization now (VERN=47.688571).
[2026-03-24 13:04:00,834][pcse.crop.phenology.Vernalisation][INFO] - Critical DVS for vernalization (VERNDVS) reached at day 1984-06-23, but vernalization requirements not yet fulfilled. Forcing vernalization now (VERN=47.688571).
[2026-03-24 13:04:00,851][pcse.crop.phenology.Vernalisation][INFO] - Critical DVS for vernalization (VERNDVS) reached at day 1984-06-24, but vernalization requirements not yet fulfilled. Forcing vernalization now (VERN=47.688571).
[2026-03-24 13:04:00,869][pcse.crop.phenology.Vernalisation][INFO] - Critical DVS for vernalization (VERNDVS) reached at day 1984-06-25, but vernalization requirements not yet fulfilled. Forcing vernalization now (VERN=47.688571).
[2026-03-24 13:04:00,887][pcse.crop.phenology.Vernalisation][INFO] - Critical DVS for vernalization (VERNDVS) reached at day 1984-06-26, but vernalization requirements not yet fulfilled. Forcing vernalization now (VERN=47.688571).
[2026-03-24 13:04:00,905][pcse.crop.phenology.Vernalisation][INFO] - Critical DVS for vernalization (VERNDVS) reached at day 1984-06-27, but vernalization requirements not yet fulfilled. Forcing vernalization now (VERN=47.688571).
[2026-03-24 13:04:00,924][pcse.crop.phenology.Vernalisation][INFO] - Critical DVS for vernalization (VERNDVS) reached at day 1984-06-28, but vernalization requirements not yet fulfilled. Forcing vernalization now (VERN=47.688571).
[2026-03-24 13:04:00,943][pcse.crop.phenology.Vernalisation][INFO] - Critical DVS for vernalization (VERNDVS) reached at day 1984-06-29, but vernalization requirements not yet fulfilled. Forcing vernalization now (VERN=47.688571).
[2026-03-24 13:04:00,943][pcse.crop.phenology.Annual_Phenology][INFO] - Changed phenological stage 'vegetative' to 'reproductive' on 1984-06-29
[2026-03-24 13:04:02,325][pcse.crop.phenology.Annual_Phenology][INFO] - Changed phenological stage 'reproductive' to 'mature' on 1984-09-13
[2026-03-24 13:04:02,618][pcse.base.timer.Timer][INFO] - Reached end of simulation period as specified by END_DATE.
| train          | E: 112 | S: 26992 | R: -2.5167 | TR: 20.7111 | TF: 512 | LR: 0 | NR: 0 | D: 04.6 s | TD: 00.0 s | BR: -0.0106 | ALOSS: 16850.1914 | CLOSS: 2519714.3020 | TLOSS: -172.0159 | TVAL: 0.5741 | AENT: -300.6104 | BCLOSS: 0.0000
[EPISODE DBG] episode=112 step=26992 pred_return=-2.552974 true_return=19.897423 total_feedback=512 labeled_feedback=0
[2026-03-24 13:04:02,625][pcse.agromanager.SoilCalendar][INFO] - Starting soil (oregon) with variation (oregon_1) on day 1984-02-01
[2026-03-24 13:04:02,628][pcse.agromanager.CropCalendar][INFO] - Starting crop (wheat) with variety (wheat_1) on day 1984-02-01
[REPLAY DBG] post-agent-update step=27000 n=27000 mean=-0.010575 std=0.015161 min=-0.094720 max=0.013632
[STEP DBG] step=27000 env_reward=0.000000 r_hat=-0.011352 done=False
[NORM DBG] count=27000 mean_abs_mean=62525.136719 mean_std=9.252166 min_std=0.001000 max_std=69.589935
[2026-03-24 13:04:04,329][pcse.crop.phenology.Annual_Phenology][INFO] - Changed phenological stage 'emerging' to 'vegetative' on 1984-04-10
[2026-03-24 13:04:05,271][pcse.crop.phenology.Vernalisation][INFO] - Critical DVS for vernalization (VERNDVS) reached at day 1984-06-02, but vernalization requirements not yet fulfilled. Forcing vernalization now (VERN=47.688571).
[2026-03-24 13:04:05,290][pcse.crop.phenology.Vernalisation][INFO] - Critical DVS for vernalization (VERNDVS) reached at day 1984-06-03, but vernalization requirements not yet fulfilled. Forcing vernalization now (VERN=47.688571).
[2026-03-24 13:04:05,307][pcse.crop.phenology.Vernalisation][INFO] - Critical DVS for vernalization (VERNDVS) reached at day 1984-06-04, but vernalization requirements not yet fulfilled. Forcing vernalization now (VERN=47.688571).
[2026-03-24 13:04:05,325][pcse.crop.phenology.Vernalisation][INFO] - Critical DVS for vernalization (VERNDVS) reached at day 1984-06-05, but vernalization requirements not yet fulfilled. Forcing vernalization now (VERN=47.688571).
[2026-03-24 13:04:05,342][pcse.crop.phenology.Vernalisation][INFO] - Critical DVS for vernalization (VERNDVS) reached at day 1984-06-06, but vernalization requirements not yet fulfilled. Forcing vernalization now (VERN=47.688571).
[2026-03-24 13:04:05,359][pcse.crop.phenology.Vernalisation][INFO] - Critical DVS for vernalization (VERNDVS) reached at day 1984-06-07, but vernalization requirements not yet fulfilled. Forcing vernalization now (VERN=47.688571).
[2026-03-24 13:04:05,376][pcse.crop.phenology.Vernalisation][INFO] - Critical DVS for vernalization (VERNDVS) reached at day 1984-06-08, but vernalization requirements not yet fulfilled. Forcing vernalization now (VERN=47.688571).
[2026-03-24 13:04:05,393][pcse.crop.phenology.Vernalisation][INFO] - Critical DVS for vernalization (VERNDVS) reached at day 1984-06-09, but vernalization requirements not yet fulfilled. Forcing vernalization now (VERN=47.688571).
[2026-03-24 13:04:05,411][pcse.crop.phenology.Vernalisation][INFO] - Critical DVS for vernalization (VERNDVS) reached at day 1984-06-10, but vernalization requirements not yet fulfilled. Forcing vernalization now (VERN=47.688571).
[2026-03-24 13:04:05,427][pcse.crop.phenology.Vernalisation][INFO] - Critical DVS for vernalization (VERNDVS) reached at day 1984-06-11, but vernalization requirements not yet fulfilled. Forcing vernalization now (VERN=47.688571).
[2026-03-24 13:04:05,444][pcse.crop.phenology.Vernalisation][INFO] - Critical DVS for vernalization (VERNDVS) reached at day 1984-06-12, but vernalization requirements not yet fulfilled. Forcing vernalization now (VERN=47.688571).
[2026-03-24 13:04:05,461][pcse.crop.phenology.Vernalisation][INFO] - Critical DVS for vernalization (VERNDVS) reached at day 1984-06-13, but vernalization requirements not yet fulfilled. Forcing vernalization now (VERN=47.688571).
[2026-03-24 13:04:05,479][pcse.crop.phenology.Vernalisation][INFO] - Critical DVS for vernalization (VERNDVS) reached at day 1984-06-14, but vernalization requirements not yet fulfilled. Forcing vernalization now (VERN=47.688571).
[2026-03-24 13:04:05,496][pcse.crop.phenology.Vernalisation][INFO] - Critical DVS for vernalization (VERNDVS) reached at day 1984-06-15, but vernalization requirements not yet fulfilled. Forcing vernalization now (VERN=47.688571).
[2026-03-24 13:04:05,513][pcse.crop.phenology.Vernalisation][INFO] - Critical DVS for vernalization (VERNDVS) reached at day 1984-06-16, but vernalization requirements not yet fulfilled. Forcing vernalization now (VERN=47.688571).
[2026-03-24 13:04:05,531][pcse.crop.phenology.Vernalisation][INFO] - Critical DVS for vernalization (VERNDVS) reached at day 1984-06-17, but vernalization requirements not yet fulfilled. Forcing vernalization now (VERN=47.688571).
[2026-03-24 13:04:05,549][pcse.crop.phenology.Vernalisation][INFO] - Critical DVS for vernalization (VERNDVS) reached at day 1984-06-18, but vernalization requirements not yet fulfilled. Forcing vernalization now (VERN=47.688571).
[2026-03-24 13:04:05,565][pcse.crop.phenology.Vernalisation][INFO] - Critical DVS for vernalization (VERNDVS) reached at day 1984-06-19, but vernalization requirements not yet fulfilled. Forcing vernalization now (VERN=47.688571).
[2026-03-24 13:04:05,583][pcse.crop.phenology.Vernalisation][INFO] - Critical DVS for vernalization (VERNDVS) reached at day 1984-06-20, but vernalization requirements not yet fulfilled. Forcing vernalization now (VERN=47.688571).
[2026-03-24 13:04:05,601][pcse.crop.phenology.Vernalisation][INFO] - Critical DVS for vernalization (VERNDVS) reached at day 1984-06-21, but vernalization requirements not yet fulfilled. Forcing vernalization now (VERN=47.688571).
[2026-03-24 13:04:05,619][pcse.crop.phenology.Vernalisation][INFO] - Critical DVS for vernalization (VERNDVS) reached at day 1984-06-22, but vernalization requirements not yet fulfilled. Forcing vernalization now (VERN=47.688571).
[2026-03-24 13:04:05,637][pcse.crop.phenology.Vernalisation][INFO] - Critical DVS for vernalization (VERNDVS) reached at day 1984-06-23, but vernalization requirements not yet fulfilled. Forcing vernalization now (VERN=47.688571).
[2026-03-24 13:04:05,655][pcse.crop.phenology.Vernalisation][INFO] - Critical DVS for vernalization (VERNDVS) reached at day 1984-06-24, but vernalization requirements not yet fulfilled. Forcing vernalization now (VERN=47.688571).
[2026-03-24 13:04:05,672][pcse.crop.phenology.Vernalisation][INFO] - Critical DVS for vernalization (VERNDVS) reached at day 1984-06-25, but vernalization requirements not yet fulfilled. Forcing vernalization now (VERN=47.688571).
[2026-03-24 13:04:05,690][pcse.crop.phenology.Vernalisation][INFO] - Critical DVS for vernalization (VERNDVS) reached at day 1984-06-26, but vernalization requirements not yet fulfilled. Forcing vernalization now (VERN=47.688571).
[2026-03-24 13:04:05,708][pcse.crop.phenology.Vernalisation][INFO] - Critical DVS for vernalization (VERNDVS) reached at day 1984-06-27, but vernalization requirements not yet fulfilled. Forcing vernalization now (VERN=47.688571).
[2026-03-24 13:04:05,726][pcse.crop.phenology.Vernalisation][INFO] - Critical DVS for vernalization (VERNDVS) reached at day 1984-06-28, but vernalization requirements not yet fulfilled. Forcing vernalization now (VERN=47.688571).
[2026-03-24 13:04:05,743][pcse.crop.phenology.Vernalisation][INFO] - Critical DVS for vernalization (VERNDVS) reached at day 1984-06-29, but vernalization requirements not yet fulfilled. Forcing vernalization now (VERN=47.688571).
[2026-03-24 13:04:05,744][pcse.crop.phenology.Annual_Phenology][INFO] - Changed phenological stage 'vegetative' to 'reproductive' on 1984-06-29
[2026-03-24 13:04:07,410][pcse.crop.phenology.Annual_Phenology][INFO] - Changed phenological stage 'reproductive' to 'mature' on 1984-09-13
[2026-03-24 13:04:07,742][pcse.base.timer.Timer][INFO] - Reached end of simulation period as specified by END_DATE.
| train          | E: 113 | S: 27233 | R: -2.5530 | TR: 19.8974 | TF: 512 | LR: 0 | NR: 0 | D: 05.1 s | TD: 00.0 s | BR: -0.0106 | ALOSS: 16811.2652 | CLOSS: 2466378.7631 | TLOSS: -175.1864 | TVAL: 0.5846 | AENT: -300.6264 | BCLOSS: 0.0000
[EPISODE DBG] episode=113 step=27233 pred_return=-2.464466 true_return=15.861067 total_feedback=512 labeled_feedback=0
[2026-03-24 13:04:07,749][pcse.agromanager.SoilCalendar][INFO] - Starting soil (oregon) with variation (oregon_1) on day 1984-02-01
[2026-03-24 13:04:07,752][pcse.agromanager.CropCalendar][INFO] - Starting crop (wheat) with variety (wheat_1) on day 1984-02-01
[2026-03-24 13:04:09,226][pcse.crop.phenology.Annual_Phenology][INFO] - Changed phenological stage 'emerging' to 'vegetative' on 1984-04-10
[2026-03-24 13:04:10,422][pcse.crop.phenology.Vernalisation][INFO] - Critical DVS for vernalization (VERNDVS) reached at day 1984-06-02, but vernalization requirements not yet fulfilled. Forcing vernalization now (VERN=47.688571).
[2026-03-24 13:04:10,446][pcse.crop.phenology.Vernalisation][INFO] - Critical DVS for vernalization (VERNDVS) reached at day 1984-06-03, but vernalization requirements not yet fulfilled. Forcing vernalization now (VERN=47.688571).
[2026-03-24 13:04:10,470][pcse.crop.phenology.Vernalisation][INFO] - Critical DVS for vernalization (VERNDVS) reached at day 1984-06-04, but vernalization requirements not yet fulfilled. Forcing vernalization now (VERN=47.688571).
[2026-03-24 13:04:10,494][pcse.crop.phenology.Vernalisation][INFO] - Critical DVS for vernalization (VERNDVS) reached at day 1984-06-05, but vernalization requirements not yet fulfilled. Forcing vernalization now (VERN=47.688571).
[2026-03-24 13:04:10,520][pcse.crop.phenology.Vernalisation][INFO] - Critical DVS for vernalization (VERNDVS) reached at day 1984-06-06, but vernalization requirements not yet fulfilled. Forcing vernalization now (VERN=47.688571).
[2026-03-24 13:04:10,543][pcse.crop.phenology.Vernalisation][INFO] - Critical DVS for vernalization (VERNDVS) reached at day 1984-06-07, but vernalization requirements not yet fulfilled. Forcing vernalization now (VERN=47.688571).
[2026-03-24 13:04:10,568][pcse.crop.phenology.Vernalisation][INFO] - Critical DVS for vernalization (VERNDVS) reached at day 1984-06-08, but vernalization requirements not yet fulfilled. Forcing vernalization now (VERN=47.688571).
[2026-03-24 13:04:10,590][pcse.crop.phenology.Vernalisation][INFO] - Critical DVS for vernalization (VERNDVS) reached at day 1984-06-09, but vernalization requirements not yet fulfilled. Forcing vernalization now (VERN=47.688571).
[2026-03-24 13:04:10,620][pcse.crop.phenology.Vernalisation][INFO] - Critical DVS for vernalization (VERNDVS) reached at day 1984-06-10, but vernalization requirements not yet fulfilled. Forcing vernalization now (VERN=47.688571).
[2026-03-24 13:04:10,644][pcse.crop.phenology.Vernalisation][INFO] - Critical DVS for vernalization (VERNDVS) reached at day 1984-06-11, but vernalization requirements not yet fulfilled. Forcing vernalization now (VERN=47.688571).
[2026-03-24 13:04:10,667][pcse.crop.phenology.Vernalisation][INFO] - Critical DVS for vernalization (VERNDVS) reached at day 1984-06-12, but vernalization requirements not yet fulfilled. Forcing vernalization now (VERN=47.688571).
[2026-03-24 13:04:10,691][pcse.crop.phenology.Vernalisation][INFO] - Critical DVS for vernalization (VERNDVS) reached at day 1984-06-13, but vernalization requirements not yet fulfilled. Forcing vernalization now (VERN=47.688571).
[2026-03-24 13:04:10,716][pcse.crop.phenology.Vernalisation][INFO] - Critical DVS for vernalization (VERNDVS) reached at day 1984-06-14, but vernalization requirements not yet fulfilled. Forcing vernalization now (VERN=47.688571).
[2026-03-24 13:04:10,741][pcse.crop.phenology.Vernalisation][INFO] - Critical DVS for vernalization (VERNDVS) reached at day 1984-06-15, but vernalization requirements not yet fulfilled. Forcing vernalization now (VERN=47.688571).
[2026-03-24 13:04:10,764][pcse.crop.phenology.Vernalisation][INFO] - Critical DVS for vernalization (VERNDVS) reached at day 1984-06-16, but vernalization requirements not yet fulfilled. Forcing vernalization now (VERN=47.688571).
[2026-03-24 13:04:10,788][pcse.crop.phenology.Vernalisation][INFO] - Critical DVS for vernalization (VERNDVS) reached at day 1984-06-17, but vernalization requirements not yet fulfilled. Forcing vernalization now (VERN=47.688571).
[2026-03-24 13:04:10,813][pcse.crop.phenology.Vernalisation][INFO] - Critical DVS for vernalization (VERNDVS) reached at day 1984-06-18, but vernalization requirements not yet fulfilled. Forcing vernalization now (VERN=47.688571).
[2026-03-24 13:04:10,836][pcse.crop.phenology.Vernalisation][INFO] - Critical DVS for vernalization (VERNDVS) reached at day 1984-06-19, but vernalization requirements not yet fulfilled. Forcing vernalization now (VERN=47.688571).
[2026-03-24 13:04:10,861][pcse.crop.phenology.Vernalisation][INFO] - Critical DVS for vernalization (VERNDVS) reached at day 1984-06-20, but vernalization requirements not yet fulfilled. Forcing vernalization now (VERN=47.688571).
[2026-03-24 13:04:10,885][pcse.crop.phenology.Vernalisation][INFO] - Critical DVS for vernalization (VERNDVS) reached at day 1984-06-21, but vernalization requirements not yet fulfilled. Forcing vernalization now (VERN=47.688571).
[2026-03-24 13:04:10,909][pcse.crop.phenology.Vernalisation][INFO] - Critical DVS for vernalization (VERNDVS) reached at day 1984-06-22, but vernalization requirements not yet fulfilled. Forcing vernalization now (VERN=47.688571).
[2026-03-24 13:04:10,933][pcse.crop.phenology.Vernalisation][INFO] - Critical DVS for vernalization (VERNDVS) reached at day 1984-06-23, but vernalization requirements not yet fulfilled. Forcing vernalization now (VERN=47.688571).
[2026-03-24 13:04:10,956][pcse.crop.phenology.Vernalisation][INFO] - Critical DVS for vernalization (VERNDVS) reached at day 1984-06-24, but vernalization requirements not yet fulfilled. Forcing vernalization now (VERN=47.688571).
[2026-03-24 13:04:10,979][pcse.crop.phenology.Vernalisation][INFO] - Critical DVS for vernalization (VERNDVS) reached at day 1984-06-25, but vernalization requirements not yet fulfilled. Forcing vernalization now (VERN=47.688571).
[2026-03-24 13:04:11,003][pcse.crop.phenology.Vernalisation][INFO] - Critical DVS for vernalization (VERNDVS) reached at day 1984-06-26, but vernalization requirements not yet fulfilled. Forcing vernalization now (VERN=47.688571).
[2026-03-24 13:04:11,027][pcse.crop.phenology.Vernalisation][INFO] - Critical DVS for vernalization (VERNDVS) reached at day 1984-06-27, but vernalization requirements not yet fulfilled. Forcing vernalization now (VERN=47.688571).
[2026-03-24 13:04:11,050][pcse.crop.phenology.Vernalisation][INFO] - Critical DVS for vernalization (VERNDVS) reached at day 1984-06-28, but vernalization requirements not yet fulfilled. Forcing vernalization now (VERN=47.688571).
[2026-03-24 13:04:11,073][pcse.crop.phenology.Vernalisation][INFO] - Critical DVS for vernalization (VERNDVS) reached at day 1984-06-29, but vernalization requirements not yet fulfilled. Forcing vernalization now (VERN=47.688571).
[2026-03-24 13:04:11,073][pcse.crop.phenology.Annual_Phenology][INFO] - Changed phenological stage 'vegetative' to 'reproductive' on 1984-06-29
[2026-03-24 13:04:13,392][pcse.crop.phenology.Annual_Phenology][INFO] - Changed phenological stage 'reproductive' to 'mature' on 1984-09-13
[2026-03-24 13:04:13,896][pcse.base.timer.Timer][INFO] - Reached end of simulation period as specified by END_DATE.
| train          | E: 114 | S: 27474 | R: -2.4645 | TR: 15.8611 | TF: 512 | LR: 0 | NR: 0 | D: 06.2 s | TD: 00.0 s | BR: -0.0106 | ALOSS: 16775.1978 | CLOSS: 2641554.5175 | TLOSS: -176.5259 | TVAL: 0.5959 | AENT: -297.2245 | BCLOSS: 0.0000
[EPISODE DBG] episode=114 step=27474 pred_return=-2.388609 true_return=12.083472 total_feedback=512 labeled_feedback=0
[2026-03-24 13:04:13,905][pcse.agromanager.SoilCalendar][INFO] - Starting soil (oregon) with variation (oregon_1) on day 1984-02-01
[2026-03-24 13:04:13,908][pcse.agromanager.CropCalendar][INFO] - Starting crop (wheat) with variety (wheat_1) on day 1984-02-01
[REPLAY DBG] post-agent-update step=27500 n=27500 mean=-0.010577 std=0.015159 min=-0.094720 max=0.013632
[STEP DBG] step=27500 env_reward=0.000000 r_hat=-0.011913 done=False
[NORM DBG] count=27500 mean_abs_mean=62525.128906 mean_std=9.255732 min_std=0.001000 max_std=69.617233
[2026-03-24 13:04:15,953][pcse.crop.phenology.Annual_Phenology][INFO] - Changed phenological stage 'emerging' to 'vegetative' on 1984-04-10
[2026-03-24 13:04:17,616][pcse.crop.phenology.Vernalisation][INFO] - Critical DVS for vernalization (VERNDVS) reached at day 1984-06-02, but vernalization requirements not yet fulfilled. Forcing vernalization now (VERN=47.688571).
[2026-03-24 13:04:17,644][pcse.crop.phenology.Vernalisation][INFO] - Critical DVS for vernalization (VERNDVS) reached at day 1984-06-03, but vernalization requirements not yet fulfilled. Forcing vernalization now (VERN=47.688571).
[2026-03-24 13:04:17,676][pcse.crop.phenology.Vernalisation][INFO] - Critical DVS for vernalization (VERNDVS) reached at day 1984-06-04, but vernalization requirements not yet fulfilled. Forcing vernalization now (VERN=47.688571).
[2026-03-24 13:04:17,706][pcse.crop.phenology.Vernalisation][INFO] - Critical DVS for vernalization (VERNDVS) reached at day 1984-06-05, but vernalization requirements not yet fulfilled. Forcing vernalization now (VERN=47.688571).
[2026-03-24 13:04:17,737][pcse.crop.phenology.Vernalisation][INFO] - Critical DVS for vernalization (VERNDVS) reached at day 1984-06-06, but vernalization requirements not yet fulfilled. Forcing vernalization now (VERN=47.688571).
[2026-03-24 13:04:17,767][pcse.crop.phenology.Vernalisation][INFO] - Critical DVS for vernalization (VERNDVS) reached at day 1984-06-07, but vernalization requirements not yet fulfilled. Forcing vernalization now (VERN=47.688571).
[2026-03-24 13:04:18,141][pcse.crop.phenology.Vernalisation][INFO] - Critical DVS for vernalization (VERNDVS) reached at day 1984-06-08, but vernalization requirements not yet fulfilled. Forcing vernalization now (VERN=47.688571).
[2026-03-24 13:04:18,191][pcse.crop.phenology.Vernalisation][INFO] - Critical DVS for vernalization (VERNDVS) reached at day 1984-06-09, but vernalization requirements not yet fulfilled. Forcing vernalization now (VERN=47.688571).
[2026-03-24 13:04:18,222][pcse.crop.phenology.Vernalisation][INFO] - Critical DVS for vernalization (VERNDVS) reached at day 1984-06-10, but vernalization requirements not yet fulfilled. Forcing vernalization now (VERN=47.688571).
[2026-03-24 13:04:18,252][pcse.crop.phenology.Vernalisation][INFO] - Critical DVS for vernalization (VERNDVS) reached at day 1984-06-11, but vernalization requirements not yet fulfilled. Forcing vernalization now (VERN=47.688571).
[2026-03-24 13:04:18,282][pcse.crop.phenology.Vernalisation][INFO] - Critical DVS for vernalization (VERNDVS) reached at day 1984-06-12, but vernalization requirements not yet fulfilled. Forcing vernalization now (VERN=47.688571).
[2026-03-24 13:04:18,313][pcse.crop.phenology.Vernalisation][INFO] - Critical DVS for vernalization (VERNDVS) reached at day 1984-06-13, but vernalization requirements not yet fulfilled. Forcing vernalization now (VERN=47.688571).
[2026-03-24 13:04:18,340][pcse.crop.phenology.Vernalisation][INFO] - Critical DVS for vernalization (VERNDVS) reached at day 1984-06-14, but vernalization requirements not yet fulfilled. Forcing vernalization now (VERN=47.688571).
[2026-03-24 13:04:18,368][pcse.crop.phenology.Vernalisation][INFO] - Critical DVS for vernalization (VERNDVS) reached at day 1984-06-15, but vernalization requirements not yet fulfilled. Forcing vernalization now (VERN=47.688571).
[2026-03-24 13:04:18,396][pcse.crop.phenology.Vernalisation][INFO] - Critical DVS for vernalization (VERNDVS) reached at day 1984-06-16, but vernalization requirements not yet fulfilled. Forcing vernalization now (VERN=47.688571).
[2026-03-24 13:04:18,425][pcse.crop.phenology.Vernalisation][INFO] - Critical DVS for vernalization (VERNDVS) reached at day 1984-06-17, but vernalization requirements not yet fulfilled. Forcing vernalization now (VERN=47.688571).
[2026-03-24 13:04:18,454][pcse.crop.phenology.Vernalisation][INFO] - Critical DVS for vernalization (VERNDVS) reached at day 1984-06-18, but vernalization requirements not yet fulfilled. Forcing vernalization now (VERN=47.688571).
[2026-03-24 13:04:18,484][pcse.crop.phenology.Vernalisation][INFO] - Critical DVS for vernalization (VERNDVS) reached at day 1984-06-19, but vernalization requirements not yet fulfilled. Forcing vernalization now (VERN=47.688571).
[2026-03-24 13:04:18,513][pcse.crop.phenology.Vernalisation][INFO] - Critical DVS for vernalization (VERNDVS) reached at day 1984-06-20, but vernalization requirements not yet fulfilled. Forcing vernalization now (VERN=47.688571).
[2026-03-24 13:04:18,543][pcse.crop.phenology.Vernalisation][INFO] - Critical DVS for vernalization (VERNDVS) reached at day 1984-06-21, but vernalization requirements not yet fulfilled. Forcing vernalization now (VERN=47.688571).
[2026-03-24 13:04:18,572][pcse.crop.phenology.Vernalisation][INFO] - Critical DVS for vernalization (VERNDVS) reached at day 1984-06-22, but vernalization requirements not yet fulfilled. Forcing vernalization now (VERN=47.688571).
[2026-03-24 13:04:18,601][pcse.crop.phenology.Vernalisation][INFO] - Critical DVS for vernalization (VERNDVS) reached at day 1984-06-23, but vernalization requirements not yet fulfilled. Forcing vernalization now (VERN=47.688571).
[2026-03-24 13:04:18,630][pcse.crop.phenology.Vernalisation][INFO] - Critical DVS for vernalization (VERNDVS) reached at day 1984-06-24, but vernalization requirements not yet fulfilled. Forcing vernalization now (VERN=47.688571).
[2026-03-24 13:04:18,657][pcse.crop.phenology.Vernalisation][INFO] - Critical DVS for vernalization (VERNDVS) reached at day 1984-06-25, but vernalization requirements not yet fulfilled. Forcing vernalization now (VERN=47.688571).
[2026-03-24 13:04:18,687][pcse.crop.phenology.Vernalisation][INFO] - Critical DVS for vernalization (VERNDVS) reached at day 1984-06-26, but vernalization requirements not yet fulfilled. Forcing vernalization now (VERN=47.688571).
[2026-03-24 13:04:18,715][pcse.crop.phenology.Vernalisation][INFO] - Critical DVS for vernalization (VERNDVS) reached at day 1984-06-27, but vernalization requirements not yet fulfilled. Forcing vernalization now (VERN=47.688571).
[2026-03-24 13:04:18,745][pcse.crop.phenology.Vernalisation][INFO] - Critical DVS for vernalization (VERNDVS) reached at day 1984-06-28, but vernalization requirements not yet fulfilled. Forcing vernalization now (VERN=47.688571).
[2026-03-24 13:04:18,775][pcse.crop.phenology.Vernalisation][INFO] - Critical DVS for vernalization (VERNDVS) reached at day 1984-06-29, but vernalization requirements not yet fulfilled. Forcing vernalization now (VERN=47.688571).
[2026-03-24 13:04:18,775][pcse.crop.phenology.Annual_Phenology][INFO] - Changed phenological stage 'vegetative' to 'reproductive' on 1984-06-29
[2026-03-24 13:04:20,882][pcse.crop.phenology.Annual_Phenology][INFO] - Changed phenological stage 'reproductive' to 'mature' on 1984-09-13
[2026-03-24 13:04:21,347][pcse.base.timer.Timer][INFO] - Reached end of simulation period as specified by END_DATE.
| train          | E: 115 | S: 27715 | R: -2.3886 | TR: 12.0835 | TF: 512 | LR: 0 | NR: 0 | D: 07.4 s | TD: 00.0 s | BR: -0.0106 | ALOSS: 16753.5902 | CLOSS: 2505866.0319 | TLOSS: -176.9977 | TVAL: 0.6077 | AENT: -292.2741 | BCLOSS: 0.0000
[EPISODE DBG] episode=115 step=27715 pred_return=-2.512485 true_return=20.711114 total_feedback=512 labeled_feedback=0
[2026-03-24 13:04:21,354][pcse.agromanager.SoilCalendar][INFO] - Starting soil (oregon) with variation (oregon_1) on day 1984-02-01
[2026-03-24 13:04:21,356][pcse.agromanager.CropCalendar][INFO] - Starting crop (wheat) with variety (wheat_1) on day 1984-02-01
[2026-03-24 13:04:23,323][pcse.crop.phenology.Annual_Phenology][INFO] - Changed phenological stage 'emerging' to 'vegetative' on 1984-04-10
[2026-03-24 13:04:25,311][pcse.crop.phenology.Vernalisation][INFO] - Critical DVS for vernalization (VERNDVS) reached at day 1984-06-02, but vernalization requirements not yet fulfilled. Forcing vernalization now (VERN=47.688571).
[2026-03-24 13:04:25,340][pcse.crop.phenology.Vernalisation][INFO] - Critical DVS for vernalization (VERNDVS) reached at day 1984-06-03, but vernalization requirements not yet fulfilled. Forcing vernalization now (VERN=47.688571).
[2026-03-24 13:04:25,369][pcse.crop.phenology.Vernalisation][INFO] - Critical DVS for vernalization (VERNDVS) reached at day 1984-06-04, but vernalization requirements not yet fulfilled. Forcing vernalization now (VERN=47.688571).
[2026-03-24 13:04:25,398][pcse.crop.phenology.Vernalisation][INFO] - Critical DVS for vernalization (VERNDVS) reached at day 1984-06-05, but vernalization requirements not yet fulfilled. Forcing vernalization now (VERN=47.688571).
[2026-03-24 13:04:25,428][pcse.crop.phenology.Vernalisation][INFO] - Critical DVS for vernalization (VERNDVS) reached at day 1984-06-06, but vernalization requirements not yet fulfilled. Forcing vernalization now (VERN=47.688571).
[2026-03-24 13:04:25,458][pcse.crop.phenology.Vernalisation][INFO] - Critical DVS for vernalization (VERNDVS) reached at day 1984-06-07, but vernalization requirements not yet fulfilled. Forcing vernalization now (VERN=47.688571).
[2026-03-24 13:04:25,488][pcse.crop.phenology.Vernalisation][INFO] - Critical DVS for vernalization (VERNDVS) reached at day 1984-06-08, but vernalization requirements not yet fulfilled. Forcing vernalization now (VERN=47.688571).
[2026-03-24 13:04:25,517][pcse.crop.phenology.Vernalisation][INFO] - Critical DVS for vernalization (VERNDVS) reached at day 1984-06-09, but vernalization requirements not yet fulfilled. Forcing vernalization now (VERN=47.688571).
[2026-03-24 13:04:25,547][pcse.crop.phenology.Vernalisation][INFO] - Critical DVS for vernalization (VERNDVS) reached at day 1984-06-10, but vernalization requirements not yet fulfilled. Forcing vernalization now (VERN=47.688571).
[2026-03-24 13:04:25,577][pcse.crop.phenology.Vernalisation][INFO] - Critical DVS for vernalization (VERNDVS) reached at day 1984-06-11, but vernalization requirements not yet fulfilled. Forcing vernalization now (VERN=47.688571).
[2026-03-24 13:04:25,607][pcse.crop.phenology.Vernalisation][INFO] - Critical DVS for vernalization (VERNDVS) reached at day 1984-06-12, but vernalization requirements not yet fulfilled. Forcing vernalization now (VERN=47.688571).
[2026-03-24 13:04:25,637][pcse.crop.phenology.Vernalisation][INFO] - Critical DVS for vernalization (VERNDVS) reached at day 1984-06-13, but vernalization requirements not yet fulfilled. Forcing vernalization now (VERN=47.688571).
[2026-03-24 13:04:25,664][pcse.crop.phenology.Vernalisation][INFO] - Critical DVS for vernalization (VERNDVS) reached at day 1984-06-14, but vernalization requirements not yet fulfilled. Forcing vernalization now (VERN=47.688571).
[2026-03-24 13:04:25,695][pcse.crop.phenology.Vernalisation][INFO] - Critical DVS for vernalization (VERNDVS) reached at day 1984-06-15, but vernalization requirements not yet fulfilled. Forcing vernalization now (VERN=47.688571).
[2026-03-24 13:04:25,726][pcse.crop.phenology.Vernalisation][INFO] - Critical DVS for vernalization (VERNDVS) reached at day 1984-06-16, but vernalization requirements not yet fulfilled. Forcing vernalization now (VERN=47.688571).
[2026-03-24 13:04:25,754][pcse.crop.phenology.Vernalisation][INFO] - Critical DVS for vernalization (VERNDVS) reached at day 1984-06-17, but vernalization requirements not yet fulfilled. Forcing vernalization now (VERN=47.688571).
[2026-03-24 13:04:25,786][pcse.crop.phenology.Vernalisation][INFO] - Critical DVS for vernalization (VERNDVS) reached at day 1984-06-18, but vernalization requirements not yet fulfilled. Forcing vernalization now (VERN=47.688571).
[2026-03-24 13:04:25,816][pcse.crop.phenology.Vernalisation][INFO] - Critical DVS for vernalization (VERNDVS) reached at day 1984-06-19, but vernalization requirements not yet fulfilled. Forcing vernalization now (VERN=47.688571).
[2026-03-24 13:04:25,845][pcse.crop.phenology.Vernalisation][INFO] - Critical DVS for vernalization (VERNDVS) reached at day 1984-06-20, but vernalization requirements not yet fulfilled. Forcing vernalization now (VERN=47.688571).
[2026-03-24 13:04:25,874][pcse.crop.phenology.Vernalisation][INFO] - Critical DVS for vernalization (VERNDVS) reached at day 1984-06-21, but vernalization requirements not yet fulfilled. Forcing vernalization now (VERN=47.688571).
[2026-03-24 13:04:25,901][pcse.crop.phenology.Vernalisation][INFO] - Critical DVS for vernalization (VERNDVS) reached at day 1984-06-22, but vernalization requirements not yet fulfilled. Forcing vernalization now (VERN=47.688571).
[2026-03-24 13:04:25,931][pcse.crop.phenology.Vernalisation][INFO] - Critical DVS for vernalization (VERNDVS) reached at day 1984-06-23, but vernalization requirements not yet fulfilled. Forcing vernalization now (VERN=47.688571).
[2026-03-24 13:04:25,958][pcse.crop.phenology.Vernalisation][INFO] - Critical DVS for vernalization (VERNDVS) reached at day 1984-06-24, but vernalization requirements not yet fulfilled. Forcing vernalization now (VERN=47.688571).
[2026-03-24 13:04:25,986][pcse.crop.phenology.Vernalisation][INFO] - Critical DVS for vernalization (VERNDVS) reached at day 1984-06-25, but vernalization requirements not yet fulfilled. Forcing vernalization now (VERN=47.688571).
[2026-03-24 13:04:26,013][pcse.crop.phenology.Vernalisation][INFO] - Critical DVS for vernalization (VERNDVS) reached at day 1984-06-26, but vernalization requirements not yet fulfilled. Forcing vernalization now (VERN=47.688571).
[2026-03-24 13:04:26,042][pcse.crop.phenology.Vernalisation][INFO] - Critical DVS for vernalization (VERNDVS) reached at day 1984-06-27, but vernalization requirements not yet fulfilled. Forcing vernalization now (VERN=47.688571).
[2026-03-24 13:04:26,070][pcse.crop.phenology.Vernalisation][INFO] - Critical DVS for vernalization (VERNDVS) reached at day 1984-06-28, but vernalization requirements not yet fulfilled. Forcing vernalization now (VERN=47.688571).
[2026-03-24 13:04:26,100][pcse.crop.phenology.Vernalisation][INFO] - Critical DVS for vernalization (VERNDVS) reached at day 1984-06-29, but vernalization requirements not yet fulfilled. Forcing vernalization now (VERN=47.688571).
[2026-03-24 13:04:26,100][pcse.crop.phenology.Annual_Phenology][INFO] - Changed phenological stage 'vegetative' to 'reproductive' on 1984-06-29
[2026-03-24 13:04:28,370][pcse.crop.phenology.Annual_Phenology][INFO] - Changed phenological stage 'reproductive' to 'mature' on 1984-09-13
[2026-03-24 13:04:28,829][pcse.base.timer.Timer][INFO] - Reached end of simulation period as specified by END_DATE.
| train          | E: 116 | S: 27956 | R: -2.5125 | TR: 20.7111 | TF: 512 | LR: 0 | NR: 0 | D: 07.5 s | TD: 00.0 s | BR: -0.0106 | ALOSS: 16737.4468 | CLOSS: 2572601.7524 | TLOSS: -179.7541 | TVAL: 0.6199 | AENT: -290.9687 | BCLOSS: 0.0000
[EPISODE DBG] episode=116 step=27956 pred_return=-2.548135 true_return=19.897423 total_feedback=512 labeled_feedback=0
[2026-03-24 13:04:28,837][pcse.agromanager.SoilCalendar][INFO] - Starting soil (oregon) with variation (oregon_1) on day 1984-02-01
[2026-03-24 13:04:28,839][pcse.agromanager.CropCalendar][INFO] - Starting crop (wheat) with variety (wheat_1) on day 1984-02-01
[REPLAY DBG] post-agent-update step=28000 n=28000 mean=-0.010584 std=0.015146 min=-0.094720 max=0.013632
[STEP DBG] step=28000 env_reward=0.000000 r_hat=-0.007711 done=False
[NORM DBG] count=28000 mean_abs_mean=62525.121094 mean_std=9.257114 min_std=0.001000 max_std=69.627869
[2026-03-24 13:04:31,218][pcse.crop.phenology.Annual_Phenology][INFO] - Changed phenological stage 'emerging' to 'vegetative' on 1984-04-10
[2026-03-24 13:04:32,768][pcse.crop.phenology.Vernalisation][INFO] - Critical DVS for vernalization (VERNDVS) reached at day 1984-06-02, but vernalization requirements not yet fulfilled. Forcing vernalization now (VERN=47.688571).
[2026-03-24 13:04:32,796][pcse.crop.phenology.Vernalisation][INFO] - Critical DVS for vernalization (VERNDVS) reached at day 1984-06-03, but vernalization requirements not yet fulfilled. Forcing vernalization now (VERN=47.688571).
[2026-03-24 13:04:32,826][pcse.crop.phenology.Vernalisation][INFO] - Critical DVS for vernalization (VERNDVS) reached at day 1984-06-04, but vernalization requirements not yet fulfilled. Forcing vernalization now (VERN=47.688571).
[2026-03-24 13:04:32,855][pcse.crop.phenology.Vernalisation][INFO] - Critical DVS for vernalization (VERNDVS) reached at day 1984-06-05, but vernalization requirements not yet fulfilled. Forcing vernalization now (VERN=47.688571).
[2026-03-24 13:04:32,885][pcse.crop.phenology.Vernalisation][INFO] - Critical DVS for vernalization (VERNDVS) reached at day 1984-06-06, but vernalization requirements not yet fulfilled. Forcing vernalization now (VERN=47.688571).
[2026-03-24 13:04:32,914][pcse.crop.phenology.Vernalisation][INFO] - Critical DVS for vernalization (VERNDVS) reached at day 1984-06-07, but vernalization requirements not yet fulfilled. Forcing vernalization now (VERN=47.688571).
[2026-03-24 13:04:32,943][pcse.crop.phenology.Vernalisation][INFO] - Critical DVS for vernalization (VERNDVS) reached at day 1984-06-08, but vernalization requirements not yet fulfilled. Forcing vernalization now (VERN=47.688571).
[2026-03-24 13:04:32,971][pcse.crop.phenology.Vernalisation][INFO] - Critical DVS for vernalization (VERNDVS) reached at day 1984-06-09, but vernalization requirements not yet fulfilled. Forcing vernalization now (VERN=47.688571).
[2026-03-24 13:04:33,001][pcse.crop.phenology.Vernalisation][INFO] - Critical DVS for vernalization (VERNDVS) reached at day 1984-06-10, but vernalization requirements not yet fulfilled. Forcing vernalization now (VERN=47.688571).
[2026-03-24 13:04:33,030][pcse.crop.phenology.Vernalisation][INFO] - Critical DVS for vernalization (VERNDVS) reached at day 1984-06-11, but vernalization requirements not yet fulfilled. Forcing vernalization now (VERN=47.688571).
[2026-03-24 13:04:33,061][pcse.crop.phenology.Vernalisation][INFO] - Critical DVS for vernalization (VERNDVS) reached at day 1984-06-12, but vernalization requirements not yet fulfilled. Forcing vernalization now (VERN=47.688571).
[2026-03-24 13:04:33,090][pcse.crop.phenology.Vernalisation][INFO] - Critical DVS for vernalization (VERNDVS) reached at day 1984-06-13, but vernalization requirements not yet fulfilled. Forcing vernalization now (VERN=47.688571).
[2026-03-24 13:04:33,120][pcse.crop.phenology.Vernalisation][INFO] - Critical DVS for vernalization (VERNDVS) reached at day 1984-06-14, but vernalization requirements not yet fulfilled. Forcing vernalization now (VERN=47.688571).
[2026-03-24 13:04:33,148][pcse.crop.phenology.Vernalisation][INFO] - Critical DVS for vernalization (VERNDVS) reached at day 1984-06-15, but vernalization requirements not yet fulfilled. Forcing vernalization now (VERN=47.688571).
[2026-03-24 13:04:33,176][pcse.crop.phenology.Vernalisation][INFO] - Critical DVS for vernalization (VERNDVS) reached at day 1984-06-16, but vernalization requirements not yet fulfilled. Forcing vernalization now (VERN=47.688571).
[2026-03-24 13:04:33,202][pcse.crop.phenology.Vernalisation][INFO] - Critical DVS for vernalization (VERNDVS) reached at day 1984-06-17, but vernalization requirements not yet fulfilled. Forcing vernalization now (VERN=47.688571).
[2026-03-24 13:04:33,231][pcse.crop.phenology.Vernalisation][INFO] - Critical DVS for vernalization (VERNDVS) reached at day 1984-06-18, but vernalization requirements not yet fulfilled. Forcing vernalization now (VERN=47.688571).
[2026-03-24 13:04:33,259][pcse.crop.phenology.Vernalisation][INFO] - Critical DVS for vernalization (VERNDVS) reached at day 1984-06-19, but vernalization requirements not yet fulfilled. Forcing vernalization now (VERN=47.688571).
[2026-03-24 13:04:33,287][pcse.crop.phenology.Vernalisation][INFO] - Critical DVS for vernalization (VERNDVS) reached at day 1984-06-20, but vernalization requirements not yet fulfilled. Forcing vernalization now (VERN=47.688571).
[2026-03-24 13:04:33,313][pcse.crop.phenology.Vernalisation][INFO] - Critical DVS for vernalization (VERNDVS) reached at day 1984-06-21, but vernalization requirements not yet fulfilled. Forcing vernalization now (VERN=47.688571).
[2026-03-24 13:04:33,340][pcse.crop.phenology.Vernalisation][INFO] - Critical DVS for vernalization (VERNDVS) reached at day 1984-06-22, but vernalization requirements not yet fulfilled. Forcing vernalization now (VERN=47.688571).
[2026-03-24 13:04:33,368][pcse.crop.phenology.Vernalisation][INFO] - Critical DVS for vernalization (VERNDVS) reached at day 1984-06-23, but vernalization requirements not yet fulfilled. Forcing vernalization now (VERN=47.688571).
[2026-03-24 13:04:33,396][pcse.crop.phenology.Vernalisation][INFO] - Critical DVS for vernalization (VERNDVS) reached at day 1984-06-24, but vernalization requirements not yet fulfilled. Forcing vernalization now (VERN=47.688571).
[2026-03-24 13:04:33,424][pcse.crop.phenology.Vernalisation][INFO] - Critical DVS for vernalization (VERNDVS) reached at day 1984-06-25, but vernalization requirements not yet fulfilled. Forcing vernalization now (VERN=47.688571).
[2026-03-24 13:04:33,453][pcse.crop.phenology.Vernalisation][INFO] - Critical DVS for vernalization (VERNDVS) reached at day 1984-06-26, but vernalization requirements not yet fulfilled. Forcing vernalization now (VERN=47.688571).
[2026-03-24 13:04:33,483][pcse.crop.phenology.Vernalisation][INFO] - Critical DVS for vernalization (VERNDVS) reached at day 1984-06-27, but vernalization requirements not yet fulfilled. Forcing vernalization now (VERN=47.688571).
[2026-03-24 13:04:33,512][pcse.crop.phenology.Vernalisation][INFO] - Critical DVS for vernalization (VERNDVS) reached at day 1984-06-28, but vernalization requirements not yet fulfilled. Forcing vernalization now (VERN=47.688571).
[2026-03-24 13:04:33,542][pcse.crop.phenology.Vernalisation][INFO] - Critical DVS for vernalization (VERNDVS) reached at day 1984-06-29, but vernalization requirements not yet fulfilled. Forcing vernalization now (VERN=47.688571).
[2026-03-24 13:04:33,542][pcse.crop.phenology.Annual_Phenology][INFO] - Changed phenological stage 'vegetative' to 'reproductive' on 1984-06-29
[2026-03-24 13:04:35,803][pcse.crop.phenology.Annual_Phenology][INFO] - Changed phenological stage 'reproductive' to 'mature' on 1984-09-13
[2026-03-24 13:04:36,294][pcse.base.timer.Timer][INFO] - Reached end of simulation period as specified by END_DATE.
| train          | E: 117 | S: 28197 | R: -2.5481 | TR: 19.8974 | TF: 512 | LR: 0 | NR: 0 | D: 07.5 s | TD: 00.0 s | BR: -0.0105 | ALOSS: 16695.1180 | CLOSS: 2337323.8893 | TLOSS: -182.4077 | TVAL: 0.6327 | AENT: -289.3333 | BCLOSS: 0.0000
[EPISODE DBG] episode=117 step=28197 pred_return=-2.458436 true_return=15.861067 total_feedback=512 labeled_feedback=0
[2026-03-24 13:04:36,301][pcse.agromanager.SoilCalendar][INFO] - Starting soil (oregon) with variation (oregon_1) on day 1984-02-01
[2026-03-24 13:04:36,304][pcse.agromanager.CropCalendar][INFO] - Starting crop (wheat) with variety (wheat_1) on day 1984-02-01
[2026-03-24 13:04:38,696][pcse.crop.phenology.Annual_Phenology][INFO] - Changed phenological stage 'emerging' to 'vegetative' on 1984-04-10
[2026-03-24 13:04:40,293][pcse.crop.phenology.Vernalisation][INFO] - Critical DVS for vernalization (VERNDVS) reached at day 1984-06-02, but vernalization requirements not yet fulfilled. Forcing vernalization now (VERN=47.688571).
[2026-03-24 13:04:40,321][pcse.crop.phenology.Vernalisation][INFO] - Critical DVS for vernalization (VERNDVS) reached at day 1984-06-03, but vernalization requirements not yet fulfilled. Forcing vernalization now (VERN=47.688571).
[2026-03-24 13:04:40,351][pcse.crop.phenology.Vernalisation][INFO] - Critical DVS for vernalization (VERNDVS) reached at day 1984-06-04, but vernalization requirements not yet fulfilled. Forcing vernalization now (VERN=47.688571).
[2026-03-24 13:04:40,381][pcse.crop.phenology.Vernalisation][INFO] - Critical DVS for vernalization (VERNDVS) reached at day 1984-06-05, but vernalization requirements not yet fulfilled. Forcing vernalization now (VERN=47.688571).
[2026-03-24 13:04:40,411][pcse.crop.phenology.Vernalisation][INFO] - Critical DVS for vernalization (VERNDVS) reached at day 1984-06-06, but vernalization requirements not yet fulfilled. Forcing vernalization now (VERN=47.688571).
[2026-03-24 13:04:40,441][pcse.crop.phenology.Vernalisation][INFO] - Critical DVS for vernalization (VERNDVS) reached at day 1984-06-07, but vernalization requirements not yet fulfilled. Forcing vernalization now (VERN=47.688571).
[2026-03-24 13:04:40,472][pcse.crop.phenology.Vernalisation][INFO] - Critical DVS for vernalization (VERNDVS) reached at day 1984-06-08, but vernalization requirements not yet fulfilled. Forcing vernalization now (VERN=47.688571).
[2026-03-24 13:04:40,503][pcse.crop.phenology.Vernalisation][INFO] - Critical DVS for vernalization (VERNDVS) reached at day 1984-06-09, but vernalization requirements not yet fulfilled. Forcing vernalization now (VERN=47.688571).
[2026-03-24 13:04:40,533][pcse.crop.phenology.Vernalisation][INFO] - Critical DVS for vernalization (VERNDVS) reached at day 1984-06-10, but vernalization requirements not yet fulfilled. Forcing vernalization now (VERN=47.688571).
[2026-03-24 13:04:40,563][pcse.crop.phenology.Vernalisation][INFO] - Critical DVS for vernalization (VERNDVS) reached at day 1984-06-11, but vernalization requirements not yet fulfilled. Forcing vernalization now (VERN=47.688571).
[2026-03-24 13:04:40,594][pcse.crop.phenology.Vernalisation][INFO] - Critical DVS for vernalization (VERNDVS) reached at day 1984-06-12, but vernalization requirements not yet fulfilled. Forcing vernalization now (VERN=47.688571).
[2026-03-24 13:04:40,624][pcse.crop.phenology.Vernalisation][INFO] - Critical DVS for vernalization (VERNDVS) reached at day 1984-06-13, but vernalization requirements not yet fulfilled. Forcing vernalization now (VERN=47.688571).
[2026-03-24 13:04:40,642][pcse.crop.phenology.Vernalisation][INFO] - Critical DVS for vernalization (VERNDVS) reached at day 1984-06-14, but vernalization requirements not yet fulfilled. Forcing vernalization now (VERN=47.688571).
[2026-03-24 13:04:40,660][pcse.crop.phenology.Vernalisation][INFO] - Critical DVS for vernalization (VERNDVS) reached at day 1984-06-15, but vernalization requirements not yet fulfilled. Forcing vernalization now (VERN=47.688571).
[2026-03-24 13:04:40,678][pcse.crop.phenology.Vernalisation][INFO] - Critical DVS for vernalization (VERNDVS) reached at day 1984-06-16, but vernalization requirements not yet fulfilled. Forcing vernalization now (VERN=47.688571).
[2026-03-24 13:04:40,695][pcse.crop.phenology.Vernalisation][INFO] - Critical DVS for vernalization (VERNDVS) reached at day 1984-06-17, but vernalization requirements not yet fulfilled. Forcing vernalization now (VERN=47.688571).
[2026-03-24 13:04:40,712][pcse.crop.phenology.Vernalisation][INFO] - Critical DVS for vernalization (VERNDVS) reached at day 1984-06-18, but vernalization requirements not yet fulfilled. Forcing vernalization now (VERN=47.688571).
[2026-03-24 13:04:40,730][pcse.crop.phenology.Vernalisation][INFO] - Critical DVS for vernalization (VERNDVS) reached at day 1984-06-19, but vernalization requirements not yet fulfilled. Forcing vernalization now (VERN=47.688571).
[2026-03-24 13:04:40,748][pcse.crop.phenology.Vernalisation][INFO] - Critical DVS for vernalization (VERNDVS) reached at day 1984-06-20, but vernalization requirements not yet fulfilled. Forcing vernalization now (VERN=47.688571).
[2026-03-24 13:04:40,765][pcse.crop.phenology.Vernalisation][INFO] - Critical DVS for vernalization (VERNDVS) reached at day 1984-06-21, but vernalization requirements not yet fulfilled. Forcing vernalization now (VERN=47.688571).
[2026-03-24 13:04:40,782][pcse.crop.phenology.Vernalisation][INFO] - Critical DVS for vernalization (VERNDVS) reached at day 1984-06-22, but vernalization requirements not yet fulfilled. Forcing vernalization now (VERN=47.688571).
[2026-03-24 13:04:40,799][pcse.crop.phenology.Vernalisation][INFO] - Critical DVS for vernalization (VERNDVS) reached at day 1984-06-23, but vernalization requirements not yet fulfilled. Forcing vernalization now (VERN=47.688571).
[2026-03-24 13:04:40,816][pcse.crop.phenology.Vernalisation][INFO] - Critical DVS for vernalization (VERNDVS) reached at day 1984-06-24, but vernalization requirements not yet fulfilled. Forcing vernalization now (VERN=47.688571).
[2026-03-24 13:04:40,834][pcse.crop.phenology.Vernalisation][INFO] - Critical DVS for vernalization (VERNDVS) reached at day 1984-06-25, but vernalization requirements not yet fulfilled. Forcing vernalization now (VERN=47.688571).
[2026-03-24 13:04:40,851][pcse.crop.phenology.Vernalisation][INFO] - Critical DVS for vernalization (VERNDVS) reached at day 1984-06-26, but vernalization requirements not yet fulfilled. Forcing vernalization now (VERN=47.688571).
[2026-03-24 13:04:40,868][pcse.crop.phenology.Vernalisation][INFO] - Critical DVS for vernalization (VERNDVS) reached at day 1984-06-27, but vernalization requirements not yet fulfilled. Forcing vernalization now (VERN=47.688571).
[2026-03-24 13:04:40,885][pcse.crop.phenology.Vernalisation][INFO] - Critical DVS for vernalization (VERNDVS) reached at day 1984-06-28, but vernalization requirements not yet fulfilled. Forcing vernalization now (VERN=47.688571).
[2026-03-24 13:04:40,902][pcse.crop.phenology.Vernalisation][INFO] - Critical DVS for vernalization (VERNDVS) reached at day 1984-06-29, but vernalization requirements not yet fulfilled. Forcing vernalization now (VERN=47.688571).
[2026-03-24 13:04:40,902][pcse.crop.phenology.Annual_Phenology][INFO] - Changed phenological stage 'vegetative' to 'reproductive' on 1984-06-29
[2026-03-24 13:04:42,475][pcse.crop.phenology.Annual_Phenology][INFO] - Changed phenological stage 'reproductive' to 'mature' on 1984-09-13
[2026-03-24 13:04:42,732][pcse.base.timer.Timer][INFO] - Reached end of simulation period as specified by END_DATE.
| train          | E: 118 | S: 28438 | R: -2.4584 | TR: 15.8611 | TF: 512 | LR: 0 | NR: 0 | D: 06.4 s | TD: 00.0 s | BR: -0.0106 | ALOSS: 16658.2214 | CLOSS: 2398182.0309 | TLOSS: -181.9515 | TVAL: 0.6458 | AENT: -282.7464 | BCLOSS: 0.0000
[EPISODE DBG] episode=118 step=28438 pred_return=-2.381875 true_return=12.083472 total_feedback=512 labeled_feedback=0
[2026-03-24 13:04:42,737][pcse.agromanager.SoilCalendar][INFO] - Starting soil (oregon) with variation (oregon_1) on day 1984-02-01
[2026-03-24 13:04:42,739][pcse.agromanager.CropCalendar][INFO] - Starting crop (wheat) with variety (wheat_1) on day 1984-02-01
[REPLAY DBG] post-agent-update step=28500 n=28500 mean=-0.010578 std=0.015137 min=-0.094720 max=0.013632
[STEP DBG] step=28500 env_reward=0.000000 r_hat=-0.008702 done=False
[NORM DBG] count=28500 mean_abs_mean=62525.113281 mean_std=9.256741 min_std=0.001000 max_std=69.625648
[2026-03-24 13:04:44,119][pcse.crop.phenology.Annual_Phenology][INFO] - Changed phenological stage 'emerging' to 'vegetative' on 1984-04-10
[2026-03-24 13:04:45,082][pcse.crop.phenology.Vernalisation][INFO] - Critical DVS for vernalization (VERNDVS) reached at day 1984-06-02, but vernalization requirements not yet fulfilled. Forcing vernalization now (VERN=47.688571).
[2026-03-24 13:04:45,101][pcse.crop.phenology.Vernalisation][INFO] - Critical DVS for vernalization (VERNDVS) reached at day 1984-06-03, but vernalization requirements not yet fulfilled. Forcing vernalization now (VERN=47.688571).
[2026-03-24 13:04:45,119][pcse.crop.phenology.Vernalisation][INFO] - Critical DVS for vernalization (VERNDVS) reached at day 1984-06-04, but vernalization requirements not yet fulfilled. Forcing vernalization now (VERN=47.688571).
[2026-03-24 13:04:45,136][pcse.crop.phenology.Vernalisation][INFO] - Critical DVS for vernalization (VERNDVS) reached at day 1984-06-05, but vernalization requirements not yet fulfilled. Forcing vernalization now (VERN=47.688571).
[2026-03-24 13:04:45,153][pcse.crop.phenology.Vernalisation][INFO] - Critical DVS for vernalization (VERNDVS) reached at day 1984-06-06, but vernalization requirements not yet fulfilled. Forcing vernalization now (VERN=47.688571).
[2026-03-24 13:04:45,170][pcse.crop.phenology.Vernalisation][INFO] - Critical DVS for vernalization (VERNDVS) reached at day 1984-06-07, but vernalization requirements not yet fulfilled. Forcing vernalization now (VERN=47.688571).
[2026-03-24 13:04:45,188][pcse.crop.phenology.Vernalisation][INFO] - Critical DVS for vernalization (VERNDVS) reached at day 1984-06-08, but vernalization requirements not yet fulfilled. Forcing vernalization now (VERN=47.688571).
[2026-03-24 13:04:45,205][pcse.crop.phenology.Vernalisation][INFO] - Critical DVS for vernalization (VERNDVS) reached at day 1984-06-09, but vernalization requirements not yet fulfilled. Forcing vernalization now (VERN=47.688571).
[2026-03-24 13:04:45,222][pcse.crop.phenology.Vernalisation][INFO] - Critical DVS for vernalization (VERNDVS) reached at day 1984-06-10, but vernalization requirements not yet fulfilled. Forcing vernalization now (VERN=47.688571).
[2026-03-24 13:04:45,239][pcse.crop.phenology.Vernalisation][INFO] - Critical DVS for vernalization (VERNDVS) reached at day 1984-06-11, but vernalization requirements not yet fulfilled. Forcing vernalization now (VERN=47.688571).
[2026-03-24 13:04:45,257][pcse.crop.phenology.Vernalisation][INFO] - Critical DVS for vernalization (VERNDVS) reached at day 1984-06-12, but vernalization requirements not yet fulfilled. Forcing vernalization now (VERN=47.688571).
[2026-03-24 13:04:45,274][pcse.crop.phenology.Vernalisation][INFO] - Critical DVS for vernalization (VERNDVS) reached at day 1984-06-13, but vernalization requirements not yet fulfilled. Forcing vernalization now (VERN=47.688571).
[2026-03-24 13:04:45,292][pcse.crop.phenology.Vernalisation][INFO] - Critical DVS for vernalization (VERNDVS) reached at day 1984-06-14, but vernalization requirements not yet fulfilled. Forcing vernalization now (VERN=47.688571).
[2026-03-24 13:04:45,309][pcse.crop.phenology.Vernalisation][INFO] - Critical DVS for vernalization (VERNDVS) reached at day 1984-06-15, but vernalization requirements not yet fulfilled. Forcing vernalization now (VERN=47.688571).
[2026-03-24 13:04:45,326][pcse.crop.phenology.Vernalisation][INFO] - Critical DVS for vernalization (VERNDVS) reached at day 1984-06-16, but vernalization requirements not yet fulfilled. Forcing vernalization now (VERN=47.688571).
[2026-03-24 13:04:45,345][pcse.crop.phenology.Vernalisation][INFO] - Critical DVS for vernalization (VERNDVS) reached at day 1984-06-17, but vernalization requirements not yet fulfilled. Forcing vernalization now (VERN=47.688571).
[2026-03-24 13:04:45,365][pcse.crop.phenology.Vernalisation][INFO] - Critical DVS for vernalization (VERNDVS) reached at day 1984-06-18, but vernalization requirements not yet fulfilled. Forcing vernalization now (VERN=47.688571).
[2026-03-24 13:04:45,381][pcse.crop.phenology.Vernalisation][INFO] - Critical DVS for vernalization (VERNDVS) reached at day 1984-06-19, but vernalization requirements not yet fulfilled. Forcing vernalization now (VERN=47.688571).
[2026-03-24 13:04:45,397][pcse.crop.phenology.Vernalisation][INFO] - Critical DVS for vernalization (VERNDVS) reached at day 1984-06-20, but vernalization requirements not yet fulfilled. Forcing vernalization now (VERN=47.688571).
[2026-03-24 13:04:45,413][pcse.crop.phenology.Vernalisation][INFO] - Critical DVS for vernalization (VERNDVS) reached at day 1984-06-21, but vernalization requirements not yet fulfilled. Forcing vernalization now (VERN=47.688571).
[2026-03-24 13:04:45,428][pcse.crop.phenology.Vernalisation][INFO] - Critical DVS for vernalization (VERNDVS) reached at day 1984-06-22, but vernalization requirements not yet fulfilled. Forcing vernalization now (VERN=47.688571).
[2026-03-24 13:04:45,443][pcse.crop.phenology.Vernalisation][INFO] - Critical DVS for vernalization (VERNDVS) reached at day 1984-06-23, but vernalization requirements not yet fulfilled. Forcing vernalization now (VERN=47.688571).
[2026-03-24 13:04:45,459][pcse.crop.phenology.Vernalisation][INFO] - Critical DVS for vernalization (VERNDVS) reached at day 1984-06-24, but vernalization requirements not yet fulfilled. Forcing vernalization now (VERN=47.688571).
[2026-03-24 13:04:45,474][pcse.crop.phenology.Vernalisation][INFO] - Critical DVS for vernalization (VERNDVS) reached at day 1984-06-25, but vernalization requirements not yet fulfilled. Forcing vernalization now (VERN=47.688571).
[2026-03-24 13:04:45,490][pcse.crop.phenology.Vernalisation][INFO] - Critical DVS for vernalization (VERNDVS) reached at day 1984-06-26, but vernalization requirements not yet fulfilled. Forcing vernalization now (VERN=47.688571).
[2026-03-24 13:04:45,506][pcse.crop.phenology.Vernalisation][INFO] - Critical DVS for vernalization (VERNDVS) reached at day 1984-06-27, but vernalization requirements not yet fulfilled. Forcing vernalization now (VERN=47.688571).
[2026-03-24 13:04:45,522][pcse.crop.phenology.Vernalisation][INFO] - Critical DVS for vernalization (VERNDVS) reached at day 1984-06-28, but vernalization requirements not yet fulfilled. Forcing vernalization now (VERN=47.688571).
[2026-03-24 13:04:45,537][pcse.crop.phenology.Vernalisation][INFO] - Critical DVS for vernalization (VERNDVS) reached at day 1984-06-29, but vernalization requirements not yet fulfilled. Forcing vernalization now (VERN=47.688571).
[2026-03-24 13:04:45,537][pcse.crop.phenology.Annual_Phenology][INFO] - Changed phenological stage 'vegetative' to 'reproductive' on 1984-06-29
[2026-03-24 13:04:47,094][pcse.crop.phenology.Annual_Phenology][INFO] - Changed phenological stage 'reproductive' to 'mature' on 1984-09-13
[2026-03-24 13:04:47,347][pcse.base.timer.Timer][INFO] - Reached end of simulation period as specified by END_DATE.
| train          | E: 119 | S: 28679 | R: -2.3819 | TR: 12.0835 | TF: 512 | LR: 0 | NR: 0 | D: 04.6 s | TD: 00.0 s | BR: -0.0106 | ALOSS: 16630.4526 | CLOSS: 2404611.6234 | TLOSS: -183.4612 | TVAL: 0.6594 | AENT: -279.2187 | BCLOSS: 0.0000
[EPISODE DBG] episode=119 step=28679 pred_return=-2.508501 true_return=20.711114 total_feedback=512 labeled_feedback=0
[2026-03-24 13:04:47,352][pcse.agromanager.SoilCalendar][INFO] - Starting soil (oregon) with variation (oregon_1) on day 1984-02-01
[2026-03-24 13:04:47,354][pcse.agromanager.CropCalendar][INFO] - Starting crop (wheat) with variety (wheat_1) on day 1984-02-01
[2026-03-24 13:04:48,497][pcse.crop.phenology.Annual_Phenology][INFO] - Changed phenological stage 'emerging' to 'vegetative' on 1984-04-10
[2026-03-24 13:04:49,315][pcse.crop.phenology.Vernalisation][INFO] - Critical DVS for vernalization (VERNDVS) reached at day 1984-06-02, but vernalization requirements not yet fulfilled. Forcing vernalization now (VERN=47.688571).
[2026-03-24 13:04:49,682][pcse.crop.phenology.Vernalisation][INFO] - Critical DVS for vernalization (VERNDVS) reached at day 1984-06-03, but vernalization requirements not yet fulfilled. Forcing vernalization now (VERN=47.688571).
[2026-03-24 13:04:49,713][pcse.crop.phenology.Vernalisation][INFO] - Critical DVS for vernalization (VERNDVS) reached at day 1984-06-04, but vernalization requirements not yet fulfilled. Forcing vernalization now (VERN=47.688571).
[2026-03-24 13:04:49,738][pcse.crop.phenology.Vernalisation][INFO] - Critical DVS for vernalization (VERNDVS) reached at day 1984-06-05, but vernalization requirements not yet fulfilled. Forcing vernalization now (VERN=47.688571).
[2026-03-24 13:04:49,766][pcse.crop.phenology.Vernalisation][INFO] - Critical DVS for vernalization (VERNDVS) reached at day 1984-06-06, but vernalization requirements not yet fulfilled. Forcing vernalization now (VERN=47.688571).
[2026-03-24 13:04:49,781][pcse.crop.phenology.Vernalisation][INFO] - Critical DVS for vernalization (VERNDVS) reached at day 1984-06-07, but vernalization requirements not yet fulfilled. Forcing vernalization now (VERN=47.688571).
[2026-03-24 13:04:49,798][pcse.crop.phenology.Vernalisation][INFO] - Critical DVS for vernalization (VERNDVS) reached at day 1984-06-08, but vernalization requirements not yet fulfilled. Forcing vernalization now (VERN=47.688571).
[2026-03-24 13:04:49,815][pcse.crop.phenology.Vernalisation][INFO] - Critical DVS for vernalization (VERNDVS) reached at day 1984-06-09, but vernalization requirements not yet fulfilled. Forcing vernalization now (VERN=47.688571).
[2026-03-24 13:04:49,832][pcse.crop.phenology.Vernalisation][INFO] - Critical DVS for vernalization (VERNDVS) reached at day 1984-06-10, but vernalization requirements not yet fulfilled. Forcing vernalization now (VERN=47.688571).
[2026-03-24 13:04:49,849][pcse.crop.phenology.Vernalisation][INFO] - Critical DVS for vernalization (VERNDVS) reached at day 1984-06-11, but vernalization requirements not yet fulfilled. Forcing vernalization now (VERN=47.688571).
[2026-03-24 13:04:49,865][pcse.crop.phenology.Vernalisation][INFO] - Critical DVS for vernalization (VERNDVS) reached at day 1984-06-12, but vernalization requirements not yet fulfilled. Forcing vernalization now (VERN=47.688571).
[2026-03-24 13:04:49,883][pcse.crop.phenology.Vernalisation][INFO] - Critical DVS for vernalization (VERNDVS) reached at day 1984-06-13, but vernalization requirements not yet fulfilled. Forcing vernalization now (VERN=47.688571).
[2026-03-24 13:04:49,900][pcse.crop.phenology.Vernalisation][INFO] - Critical DVS for vernalization (VERNDVS) reached at day 1984-06-14, but vernalization requirements not yet fulfilled. Forcing vernalization now (VERN=47.688571).
[2026-03-24 13:04:49,916][pcse.crop.phenology.Vernalisation][INFO] - Critical DVS for vernalization (VERNDVS) reached at day 1984-06-15, but vernalization requirements not yet fulfilled. Forcing vernalization now (VERN=47.688571).
[2026-03-24 13:04:49,934][pcse.crop.phenology.Vernalisation][INFO] - Critical DVS for vernalization (VERNDVS) reached at day 1984-06-16, but vernalization requirements not yet fulfilled. Forcing vernalization now (VERN=47.688571).
[2026-03-24 13:04:49,949][pcse.crop.phenology.Vernalisation][INFO] - Critical DVS for vernalization (VERNDVS) reached at day 1984-06-17, but vernalization requirements not yet fulfilled. Forcing vernalization now (VERN=47.688571).
[2026-03-24 13:04:49,966][pcse.crop.phenology.Vernalisation][INFO] - Critical DVS for vernalization (VERNDVS) reached at day 1984-06-18, but vernalization requirements not yet fulfilled. Forcing vernalization now (VERN=47.688571).
[2026-03-24 13:04:49,983][pcse.crop.phenology.Vernalisation][INFO] - Critical DVS for vernalization (VERNDVS) reached at day 1984-06-19, but vernalization requirements not yet fulfilled. Forcing vernalization now (VERN=47.688571).
[2026-03-24 13:04:49,999][pcse.crop.phenology.Vernalisation][INFO] - Critical DVS for vernalization (VERNDVS) reached at day 1984-06-20, but vernalization requirements not yet fulfilled. Forcing vernalization now (VERN=47.688571).
[2026-03-24 13:04:50,016][pcse.crop.phenology.Vernalisation][INFO] - Critical DVS for vernalization (VERNDVS) reached at day 1984-06-21, but vernalization requirements not yet fulfilled. Forcing vernalization now (VERN=47.688571).
[2026-03-24 13:04:50,033][pcse.crop.phenology.Vernalisation][INFO] - Critical DVS for vernalization (VERNDVS) reached at day 1984-06-22, but vernalization requirements not yet fulfilled. Forcing vernalization now (VERN=47.688571).
[2026-03-24 13:04:50,049][pcse.crop.phenology.Vernalisation][INFO] - Critical DVS for vernalization (VERNDVS) reached at day 1984-06-23, but vernalization requirements not yet fulfilled. Forcing vernalization now (VERN=47.688571).
[2026-03-24 13:04:50,065][pcse.crop.phenology.Vernalisation][INFO] - Critical DVS for vernalization (VERNDVS) reached at day 1984-06-24, but vernalization requirements not yet fulfilled. Forcing vernalization now (VERN=47.688571).
[2026-03-24 13:04:50,081][pcse.crop.phenology.Vernalisation][INFO] - Critical DVS for vernalization (VERNDVS) reached at day 1984-06-25, but vernalization requirements not yet fulfilled. Forcing vernalization now (VERN=47.688571).
[2026-03-24 13:04:50,097][pcse.crop.phenology.Vernalisation][INFO] - Critical DVS for vernalization (VERNDVS) reached at day 1984-06-26, but vernalization requirements not yet fulfilled. Forcing vernalization now (VERN=47.688571).
[2026-03-24 13:04:50,114][pcse.crop.phenology.Vernalisation][INFO] - Critical DVS for vernalization (VERNDVS) reached at day 1984-06-27, but vernalization requirements not yet fulfilled. Forcing vernalization now (VERN=47.688571).
[2026-03-24 13:04:50,131][pcse.crop.phenology.Vernalisation][INFO] - Critical DVS for vernalization (VERNDVS) reached at day 1984-06-28, but vernalization requirements not yet fulfilled. Forcing vernalization now (VERN=47.688571).
[2026-03-24 13:04:50,148][pcse.crop.phenology.Vernalisation][INFO] - Critical DVS for vernalization (VERNDVS) reached at day 1984-06-29, but vernalization requirements not yet fulfilled. Forcing vernalization now (VERN=47.688571).
[2026-03-24 13:04:50,148][pcse.crop.phenology.Annual_Phenology][INFO] - Changed phenological stage 'vegetative' to 'reproductive' on 1984-06-29
[2026-03-24 13:04:51,480][pcse.crop.phenology.Annual_Phenology][INFO] - Changed phenological stage 'reproductive' to 'mature' on 1984-09-13
[2026-03-24 13:04:51,761][pcse.base.timer.Timer][INFO] - Reached end of simulation period as specified by END_DATE.
| train          | E: 120 | S: 28920 | R: -2.5085 | TR: 20.7111 | TF: 512 | LR: 0 | NR: 0 | D: 04.4 s | TD: 00.0 s | BR: -0.0106 | ALOSS: 16602.3830 | CLOSS: 2434112.7895 | TLOSS: -186.0367 | TVAL: 0.6736 | AENT: -277.1933 | BCLOSS: 0.0000
[EPISODE DBG] episode=120 step=28920 pred_return=-2.543709 true_return=19.897423 total_feedback=512 labeled_feedback=0
[2026-03-24 13:04:51,765][pcse.agromanager.SoilCalendar][INFO] - Starting soil (oregon) with variation (oregon_1) on day 1984-02-01
[2026-03-24 13:04:51,767][pcse.agromanager.CropCalendar][INFO] - Starting crop (wheat) with variety (wheat_1) on day 1984-02-01
[2026-03-24 13:04:52,915][pcse.crop.phenology.Annual_Phenology][INFO] - Changed phenological stage 'emerging' to 'vegetative' on 1984-04-10
[REPLAY DBG] post-agent-update step=29000 n=29000 mean=-0.010581 std=0.015121 min=-0.094720 max=0.013632
[STEP DBG] step=29000 env_reward=0.000000 r_hat=-0.007526 done=False
[NORM DBG] count=29000 mean_abs_mean=62525.109375 mean_std=9.255167 min_std=0.001000 max_std=69.614128
[2026-03-24 13:04:54,056][pcse.crop.phenology.Vernalisation][INFO] - Critical DVS for vernalization (VERNDVS) reached at day 1984-06-02, but vernalization requirements not yet fulfilled. Forcing vernalization now (VERN=47.688571).
[2026-03-24 13:04:54,073][pcse.crop.phenology.Vernalisation][INFO] - Critical DVS for vernalization (VERNDVS) reached at day 1984-06-03, but vernalization requirements not yet fulfilled. Forcing vernalization now (VERN=47.688571).
[2026-03-24 13:04:54,090][pcse.crop.phenology.Vernalisation][INFO] - Critical DVS for vernalization (VERNDVS) reached at day 1984-06-04, but vernalization requirements not yet fulfilled. Forcing vernalization now (VERN=47.688571).
[2026-03-24 13:04:54,107][pcse.crop.phenology.Vernalisation][INFO] - Critical DVS for vernalization (VERNDVS) reached at day 1984-06-05, but vernalization requirements not yet fulfilled. Forcing vernalization now (VERN=47.688571).
[2026-03-24 13:04:54,125][pcse.crop.phenology.Vernalisation][INFO] - Critical DVS for vernalization (VERNDVS) reached at day 1984-06-06, but vernalization requirements not yet fulfilled. Forcing vernalization now (VERN=47.688571).
[2026-03-24 13:04:54,142][pcse.crop.phenology.Vernalisation][INFO] - Critical DVS for vernalization (VERNDVS) reached at day 1984-06-07, but vernalization requirements not yet fulfilled. Forcing vernalization now (VERN=47.688571).
[2026-03-24 13:04:54,159][pcse.crop.phenology.Vernalisation][INFO] - Critical DVS for vernalization (VERNDVS) reached at day 1984-06-08, but vernalization requirements not yet fulfilled. Forcing vernalization now (VERN=47.688571).
[2026-03-24 13:04:54,177][pcse.crop.phenology.Vernalisation][INFO] - Critical DVS for vernalization (VERNDVS) reached at day 1984-06-09, but vernalization requirements not yet fulfilled. Forcing vernalization now (VERN=47.688571).
[2026-03-24 13:04:54,195][pcse.crop.phenology.Vernalisation][INFO] - Critical DVS for vernalization (VERNDVS) reached at day 1984-06-10, but vernalization requirements not yet fulfilled. Forcing vernalization now (VERN=47.688571).
[2026-03-24 13:04:54,211][pcse.crop.phenology.Vernalisation][INFO] - Critical DVS for vernalization (VERNDVS) reached at day 1984-06-11, but vernalization requirements not yet fulfilled. Forcing vernalization now (VERN=47.688571).
[2026-03-24 13:04:54,229][pcse.crop.phenology.Vernalisation][INFO] - Critical DVS for vernalization (VERNDVS) reached at day 1984-06-12, but vernalization requirements not yet fulfilled. Forcing vernalization now (VERN=47.688571).
[2026-03-24 13:04:54,248][pcse.crop.phenology.Vernalisation][INFO] - Critical DVS for vernalization (VERNDVS) reached at day 1984-06-13, but vernalization requirements not yet fulfilled. Forcing vernalization now (VERN=47.688571).
[2026-03-24 13:04:54,263][pcse.crop.phenology.Vernalisation][INFO] - Critical DVS for vernalization (VERNDVS) reached at day 1984-06-14, but vernalization requirements not yet fulfilled. Forcing vernalization now (VERN=47.688571).
[2026-03-24 13:04:54,280][pcse.crop.phenology.Vernalisation][INFO] - Critical DVS for vernalization (VERNDVS) reached at day 1984-06-15, but vernalization requirements not yet fulfilled. Forcing vernalization now (VERN=47.688571).
[2026-03-24 13:04:54,297][pcse.crop.phenology.Vernalisation][INFO] - Critical DVS for vernalization (VERNDVS) reached at day 1984-06-16, but vernalization requirements not yet fulfilled. Forcing vernalization now (VERN=47.688571).
[2026-03-24 13:04:54,314][pcse.crop.phenology.Vernalisation][INFO] - Critical DVS for vernalization (VERNDVS) reached at day 1984-06-17, but vernalization requirements not yet fulfilled. Forcing vernalization now (VERN=47.688571).
[2026-03-24 13:04:54,331][pcse.crop.phenology.Vernalisation][INFO] - Critical DVS for vernalization (VERNDVS) reached at day 1984-06-18, but vernalization requirements not yet fulfilled. Forcing vernalization now (VERN=47.688571).
[2026-03-24 13:04:54,348][pcse.crop.phenology.Vernalisation][INFO] - Critical DVS for vernalization (VERNDVS) reached at day 1984-06-19, but vernalization requirements not yet fulfilled. Forcing vernalization now (VERN=47.688571).
[2026-03-24 13:04:54,366][pcse.crop.phenology.Vernalisation][INFO] - Critical DVS for vernalization (VERNDVS) reached at day 1984-06-20, but vernalization requirements not yet fulfilled. Forcing vernalization now (VERN=47.688571).
[2026-03-24 13:04:54,382][pcse.crop.phenology.Vernalisation][INFO] - Critical DVS for vernalization (VERNDVS) reached at day 1984-06-21, but vernalization requirements not yet fulfilled. Forcing vernalization now (VERN=47.688571).
[2026-03-24 13:04:54,399][pcse.crop.phenology.Vernalisation][INFO] - Critical DVS for vernalization (VERNDVS) reached at day 1984-06-22, but vernalization requirements not yet fulfilled. Forcing vernalization now (VERN=47.688571).
[2026-03-24 13:04:54,417][pcse.crop.phenology.Vernalisation][INFO] - Critical DVS for vernalization (VERNDVS) reached at day 1984-06-23, but vernalization requirements not yet fulfilled. Forcing vernalization now (VERN=47.688571).
[2026-03-24 13:04:54,434][pcse.crop.phenology.Vernalisation][INFO] - Critical DVS for vernalization (VERNDVS) reached at day 1984-06-24, but vernalization requirements not yet fulfilled. Forcing vernalization now (VERN=47.688571).
[2026-03-24 13:04:54,451][pcse.crop.phenology.Vernalisation][INFO] - Critical DVS for vernalization (VERNDVS) reached at day 1984-06-25, but vernalization requirements not yet fulfilled. Forcing vernalization now (VERN=47.688571).
[2026-03-24 13:04:54,469][pcse.crop.phenology.Vernalisation][INFO] - Critical DVS for vernalization (VERNDVS) reached at day 1984-06-26, but vernalization requirements not yet fulfilled. Forcing vernalization now (VERN=47.688571).
[2026-03-24 13:04:54,487][pcse.crop.phenology.Vernalisation][INFO] - Critical DVS for vernalization (VERNDVS) reached at day 1984-06-27, but vernalization requirements not yet fulfilled. Forcing vernalization now (VERN=47.688571).
[2026-03-24 13:04:54,504][pcse.crop.phenology.Vernalisation][INFO] - Critical DVS for vernalization (VERNDVS) reached at day 1984-06-28, but vernalization requirements not yet fulfilled. Forcing vernalization now (VERN=47.688571).
[2026-03-24 13:04:54,521][pcse.crop.phenology.Vernalisation][INFO] - Critical DVS for vernalization (VERNDVS) reached at day 1984-06-29, but vernalization requirements not yet fulfilled. Forcing vernalization now (VERN=47.688571).
[2026-03-24 13:04:54,522][pcse.crop.phenology.Annual_Phenology][INFO] - Changed phenological stage 'vegetative' to 'reproductive' on 1984-06-29
[2026-03-24 13:04:55,824][pcse.crop.phenology.Annual_Phenology][INFO] - Changed phenological stage 'reproductive' to 'mature' on 1984-09-13
[2026-03-24 13:04:56,110][pcse.base.timer.Timer][INFO] - Reached end of simulation period as specified by END_DATE.
| train          | E: 121 | S: 29161 | R: -2.5437 | TR: 19.8974 | TF: 512 | LR: 0 | NR: 0 | D: 04.4 s | TD: 00.0 s | BR: -0.0106 | ALOSS: 16584.8496 | CLOSS: 2389338.7918 | TLOSS: -187.8675 | TVAL: 0.6883 | AENT: -273.9537 | BCLOSS: 0.0000
[EPISODE DBG] episode=121 step=29161 pred_return=-2.452965 true_return=15.861067 total_feedback=512 labeled_feedback=0
[2026-03-24 13:04:56,117][pcse.agromanager.SoilCalendar][INFO] - Starting soil (oregon) with variation (oregon_1) on day 1984-02-01
[2026-03-24 13:04:56,119][pcse.agromanager.CropCalendar][INFO] - Starting crop (wheat) with variety (wheat_1) on day 1984-02-01
[2026-03-24 13:04:57,857][pcse.crop.phenology.Annual_Phenology][INFO] - Changed phenological stage 'emerging' to 'vegetative' on 1984-04-10
[2026-03-24 13:04:58,886][pcse.crop.phenology.Vernalisation][INFO] - Critical DVS for vernalization (VERNDVS) reached at day 1984-06-02, but vernalization requirements not yet fulfilled. Forcing vernalization now (VERN=47.688571).
[2026-03-24 13:04:58,903][pcse.crop.phenology.Vernalisation][INFO] - Critical DVS for vernalization (VERNDVS) reached at day 1984-06-03, but vernalization requirements not yet fulfilled. Forcing vernalization now (VERN=47.688571).
[2026-03-24 13:04:58,920][pcse.crop.phenology.Vernalisation][INFO] - Critical DVS for vernalization (VERNDVS) reached at day 1984-06-04, but vernalization requirements not yet fulfilled. Forcing vernalization now (VERN=47.688571).
[2026-03-24 13:04:58,938][pcse.crop.phenology.Vernalisation][INFO] - Critical DVS for vernalization (VERNDVS) reached at day 1984-06-05, but vernalization requirements not yet fulfilled. Forcing vernalization now (VERN=47.688571).
[2026-03-24 13:04:58,955][pcse.crop.phenology.Vernalisation][INFO] - Critical DVS for vernalization (VERNDVS) reached at day 1984-06-06, but vernalization requirements not yet fulfilled. Forcing vernalization now (VERN=47.688571).
[2026-03-24 13:04:58,972][pcse.crop.phenology.Vernalisation][INFO] - Critical DVS for vernalization (VERNDVS) reached at day 1984-06-07, but vernalization requirements not yet fulfilled. Forcing vernalization now (VERN=47.688571).
[2026-03-24 13:04:58,990][pcse.crop.phenology.Vernalisation][INFO] - Critical DVS for vernalization (VERNDVS) reached at day 1984-06-08, but vernalization requirements not yet fulfilled. Forcing vernalization now (VERN=47.688571).
[2026-03-24 13:04:59,007][pcse.crop.phenology.Vernalisation][INFO] - Critical DVS for vernalization (VERNDVS) reached at day 1984-06-09, but vernalization requirements not yet fulfilled. Forcing vernalization now (VERN=47.688571).
[2026-03-24 13:04:59,026][pcse.crop.phenology.Vernalisation][INFO] - Critical DVS for vernalization (VERNDVS) reached at day 1984-06-10, but vernalization requirements not yet fulfilled. Forcing vernalization now (VERN=47.688571).
[2026-03-24 13:04:59,043][pcse.crop.phenology.Vernalisation][INFO] - Critical DVS for vernalization (VERNDVS) reached at day 1984-06-11, but vernalization requirements not yet fulfilled. Forcing vernalization now (VERN=47.688571).
[2026-03-24 13:04:59,061][pcse.crop.phenology.Vernalisation][INFO] - Critical DVS for vernalization (VERNDVS) reached at day 1984-06-12, but vernalization requirements not yet fulfilled. Forcing vernalization now (VERN=47.688571).
[2026-03-24 13:04:59,079][pcse.crop.phenology.Vernalisation][INFO] - Critical DVS for vernalization (VERNDVS) reached at day 1984-06-13, but vernalization requirements not yet fulfilled. Forcing vernalization now (VERN=47.688571).
[2026-03-24 13:04:59,098][pcse.crop.phenology.Vernalisation][INFO] - Critical DVS for vernalization (VERNDVS) reached at day 1984-06-14, but vernalization requirements not yet fulfilled. Forcing vernalization now (VERN=47.688571).
[2026-03-24 13:04:59,118][pcse.crop.phenology.Vernalisation][INFO] - Critical DVS for vernalization (VERNDVS) reached at day 1984-06-15, but vernalization requirements not yet fulfilled. Forcing vernalization now (VERN=47.688571).
[2026-03-24 13:04:59,136][pcse.crop.phenology.Vernalisation][INFO] - Critical DVS for vernalization (VERNDVS) reached at day 1984-06-16, but vernalization requirements not yet fulfilled. Forcing vernalization now (VERN=47.688571).
[2026-03-24 13:04:59,154][pcse.crop.phenology.Vernalisation][INFO] - Critical DVS for vernalization (VERNDVS) reached at day 1984-06-17, but vernalization requirements not yet fulfilled. Forcing vernalization now (VERN=47.688571).
[2026-03-24 13:04:59,173][pcse.crop.phenology.Vernalisation][INFO] - Critical DVS for vernalization (VERNDVS) reached at day 1984-06-18, but vernalization requirements not yet fulfilled. Forcing vernalization now (VERN=47.688571).
[2026-03-24 13:04:59,193][pcse.crop.phenology.Vernalisation][INFO] - Critical DVS for vernalization (VERNDVS) reached at day 1984-06-19, but vernalization requirements not yet fulfilled. Forcing vernalization now (VERN=47.688571).
[2026-03-24 13:04:59,212][pcse.crop.phenology.Vernalisation][INFO] - Critical DVS for vernalization (VERNDVS) reached at day 1984-06-20, but vernalization requirements not yet fulfilled. Forcing vernalization now (VERN=47.688571).
[2026-03-24 13:04:59,230][pcse.crop.phenology.Vernalisation][INFO] - Critical DVS for vernalization (VERNDVS) reached at day 1984-06-21, but vernalization requirements not yet fulfilled. Forcing vernalization now (VERN=47.688571).
[2026-03-24 13:04:59,249][pcse.crop.phenology.Vernalisation][INFO] - Critical DVS for vernalization (VERNDVS) reached at day 1984-06-22, but vernalization requirements not yet fulfilled. Forcing vernalization now (VERN=47.688571).
[2026-03-24 13:04:59,267][pcse.crop.phenology.Vernalisation][INFO] - Critical DVS for vernalization (VERNDVS) reached at day 1984-06-23, but vernalization requirements not yet fulfilled. Forcing vernalization now (VERN=47.688571).
[2026-03-24 13:04:59,283][pcse.crop.phenology.Vernalisation][INFO] - Critical DVS for vernalization (VERNDVS) reached at day 1984-06-24, but vernalization requirements not yet fulfilled. Forcing vernalization now (VERN=47.688571).
[2026-03-24 13:04:59,298][pcse.crop.phenology.Vernalisation][INFO] - Critical DVS for vernalization (VERNDVS) reached at day 1984-06-25, but vernalization requirements not yet fulfilled. Forcing vernalization now (VERN=47.688571).
[2026-03-24 13:04:59,314][pcse.crop.phenology.Vernalisation][INFO] - Critical DVS for vernalization (VERNDVS) reached at day 1984-06-26, but vernalization requirements not yet fulfilled. Forcing vernalization now (VERN=47.688571).
[2026-03-24 13:04:59,330][pcse.crop.phenology.Vernalisation][INFO] - Critical DVS for vernalization (VERNDVS) reached at day 1984-06-27, but vernalization requirements not yet fulfilled. Forcing vernalization now (VERN=47.688571).
[2026-03-24 13:04:59,345][pcse.crop.phenology.Vernalisation][INFO] - Critical DVS for vernalization (VERNDVS) reached at day 1984-06-28, but vernalization requirements not yet fulfilled. Forcing vernalization now (VERN=47.688571).
[2026-03-24 13:04:59,361][pcse.crop.phenology.Vernalisation][INFO] - Critical DVS for vernalization (VERNDVS) reached at day 1984-06-29, but vernalization requirements not yet fulfilled. Forcing vernalization now (VERN=47.688571).
[2026-03-24 13:04:59,361][pcse.crop.phenology.Annual_Phenology][INFO] - Changed phenological stage 'vegetative' to 'reproductive' on 1984-06-29
[2026-03-24 13:05:00,638][pcse.crop.phenology.Annual_Phenology][INFO] - Changed phenological stage 'reproductive' to 'mature' on 1984-09-13
[2026-03-24 13:05:01,184][pcse.base.timer.Timer][INFO] - Reached end of simulation period as specified by END_DATE.
| train          | E: 122 | S: 29402 | R: -2.4530 | TR: 15.8611 | TF: 512 | LR: 0 | NR: 0 | D: 05.1 s | TD: 00.0 s | BR: -0.0106 | ALOSS: 16568.7807 | CLOSS: 2369950.2134 | TLOSS: -188.9336 | TVAL: 0.7034 | AENT: -269.5865 | BCLOSS: 0.0000
[EPISODE DBG] episode=122 step=29402 pred_return=-2.375836 true_return=12.083472 total_feedback=512 labeled_feedback=0
[2026-03-24 13:05:01,195][pcse.agromanager.SoilCalendar][INFO] - Starting soil (oregon) with variation (oregon_1) on day 1984-02-01
[2026-03-24 13:05:01,199][pcse.agromanager.CropCalendar][INFO] - Starting crop (wheat) with variety (wheat_1) on day 1984-02-01
[2026-03-24 13:05:02,553][pcse.crop.phenology.Annual_Phenology][INFO] - Changed phenological stage 'emerging' to 'vegetative' on 1984-04-10
[REPLAY DBG] post-agent-update step=29500 n=29500 mean=-0.010576 std=0.015109 min=-0.094720 max=0.013632
[STEP DBG] step=29500 env_reward=0.000000 r_hat=-0.009403 done=False
[NORM DBG] count=29500 mean_abs_mean=62525.109375 mean_std=9.252777 min_std=0.001000 max_std=69.596581
[2026-03-24 13:05:03,436][pcse.crop.phenology.Vernalisation][INFO] - Critical DVS for vernalization (VERNDVS) reached at day 1984-06-02, but vernalization requirements not yet fulfilled. Forcing vernalization now (VERN=47.688571).
[2026-03-24 13:05:03,454][pcse.crop.phenology.Vernalisation][INFO] - Critical DVS for vernalization (VERNDVS) reached at day 1984-06-03, but vernalization requirements not yet fulfilled. Forcing vernalization now (VERN=47.688571).
[2026-03-24 13:05:03,471][pcse.crop.phenology.Vernalisation][INFO] - Critical DVS for vernalization (VERNDVS) reached at day 1984-06-04, but vernalization requirements not yet fulfilled. Forcing vernalization now (VERN=47.688571).
[2026-03-24 13:05:03,488][pcse.crop.phenology.Vernalisation][INFO] - Critical DVS for vernalization (VERNDVS) reached at day 1984-06-05, but vernalization requirements not yet fulfilled. Forcing vernalization now (VERN=47.688571).
[2026-03-24 13:05:03,505][pcse.crop.phenology.Vernalisation][INFO] - Critical DVS for vernalization (VERNDVS) reached at day 1984-06-06, but vernalization requirements not yet fulfilled. Forcing vernalization now (VERN=47.688571).
[2026-03-24 13:05:03,522][pcse.crop.phenology.Vernalisation][INFO] - Critical DVS for vernalization (VERNDVS) reached at day 1984-06-07, but vernalization requirements not yet fulfilled. Forcing vernalization now (VERN=47.688571).
[2026-03-24 13:05:03,540][pcse.crop.phenology.Vernalisation][INFO] - Critical DVS for vernalization (VERNDVS) reached at day 1984-06-08, but vernalization requirements not yet fulfilled. Forcing vernalization now (VERN=47.688571).
[2026-03-24 13:05:03,556][pcse.crop.phenology.Vernalisation][INFO] - Critical DVS for vernalization (VERNDVS) reached at day 1984-06-09, but vernalization requirements not yet fulfilled. Forcing vernalization now (VERN=47.688571).
[2026-03-24 13:05:03,573][pcse.crop.phenology.Vernalisation][INFO] - Critical DVS for vernalization (VERNDVS) reached at day 1984-06-10, but vernalization requirements not yet fulfilled. Forcing vernalization now (VERN=47.688571).
[2026-03-24 13:05:03,592][pcse.crop.phenology.Vernalisation][INFO] - Critical DVS for vernalization (VERNDVS) reached at day 1984-06-11, but vernalization requirements not yet fulfilled. Forcing vernalization now (VERN=47.688571).
[2026-03-24 13:05:03,609][pcse.crop.phenology.Vernalisation][INFO] - Critical DVS for vernalization (VERNDVS) reached at day 1984-06-12, but vernalization requirements not yet fulfilled. Forcing vernalization now (VERN=47.688571).
[2026-03-24 13:05:03,627][pcse.crop.phenology.Vernalisation][INFO] - Critical DVS for vernalization (VERNDVS) reached at day 1984-06-13, but vernalization requirements not yet fulfilled. Forcing vernalization now (VERN=47.688571).
[2026-03-24 13:05:03,645][pcse.crop.phenology.Vernalisation][INFO] - Critical DVS for vernalization (VERNDVS) reached at day 1984-06-14, but vernalization requirements not yet fulfilled. Forcing vernalization now (VERN=47.688571).
[2026-03-24 13:05:03,663][pcse.crop.phenology.Vernalisation][INFO] - Critical DVS for vernalization (VERNDVS) reached at day 1984-06-15, but vernalization requirements not yet fulfilled. Forcing vernalization now (VERN=47.688571).
[2026-03-24 13:05:03,681][pcse.crop.phenology.Vernalisation][INFO] - Critical DVS for vernalization (VERNDVS) reached at day 1984-06-16, but vernalization requirements not yet fulfilled. Forcing vernalization now (VERN=47.688571).
[2026-03-24 13:05:03,699][pcse.crop.phenology.Vernalisation][INFO] - Critical DVS for vernalization (VERNDVS) reached at day 1984-06-17, but vernalization requirements not yet fulfilled. Forcing vernalization now (VERN=47.688571).
[2026-03-24 13:05:03,717][pcse.crop.phenology.Vernalisation][INFO] - Critical DVS for vernalization (VERNDVS) reached at day 1984-06-18, but vernalization requirements not yet fulfilled. Forcing vernalization now (VERN=47.688571).
[2026-03-24 13:05:03,735][pcse.crop.phenology.Vernalisation][INFO] - Critical DVS for vernalization (VERNDVS) reached at day 1984-06-19, but vernalization requirements not yet fulfilled. Forcing vernalization now (VERN=47.688571).
[2026-03-24 13:05:03,754][pcse.crop.phenology.Vernalisation][INFO] - Critical DVS for vernalization (VERNDVS) reached at day 1984-06-20, but vernalization requirements not yet fulfilled. Forcing vernalization now (VERN=47.688571).
[2026-03-24 13:05:03,772][pcse.crop.phenology.Vernalisation][INFO] - Critical DVS for vernalization (VERNDVS) reached at day 1984-06-21, but vernalization requirements not yet fulfilled. Forcing vernalization now (VERN=47.688571).
[2026-03-24 13:05:03,790][pcse.crop.phenology.Vernalisation][INFO] - Critical DVS for vernalization (VERNDVS) reached at day 1984-06-22, but vernalization requirements not yet fulfilled. Forcing vernalization now (VERN=47.688571).
[2026-03-24 13:05:03,808][pcse.crop.phenology.Vernalisation][INFO] - Critical DVS for vernalization (VERNDVS) reached at day 1984-06-23, but vernalization requirements not yet fulfilled. Forcing vernalization now (VERN=47.688571).
[2026-03-24 13:05:03,825][pcse.crop.phenology.Vernalisation][INFO] - Critical DVS for vernalization (VERNDVS) reached at day 1984-06-24, but vernalization requirements not yet fulfilled. Forcing vernalization now (VERN=47.688571).
[2026-03-24 13:05:03,843][pcse.crop.phenology.Vernalisation][INFO] - Critical DVS for vernalization (VERNDVS) reached at day 1984-06-25, but vernalization requirements not yet fulfilled. Forcing vernalization now (VERN=47.688571).
[2026-03-24 13:05:03,861][pcse.crop.phenology.Vernalisation][INFO] - Critical DVS for vernalization (VERNDVS) reached at day 1984-06-26, but vernalization requirements not yet fulfilled. Forcing vernalization now (VERN=47.688571).
[2026-03-24 13:05:03,879][pcse.crop.phenology.Vernalisation][INFO] - Critical DVS for vernalization (VERNDVS) reached at day 1984-06-27, but vernalization requirements not yet fulfilled. Forcing vernalization now (VERN=47.688571).
[2026-03-24 13:05:03,897][pcse.crop.phenology.Vernalisation][INFO] - Critical DVS for vernalization (VERNDVS) reached at day 1984-06-28, but vernalization requirements not yet fulfilled. Forcing vernalization now (VERN=47.688571).
[2026-03-24 13:05:03,915][pcse.crop.phenology.Vernalisation][INFO] - Critical DVS for vernalization (VERNDVS) reached at day 1984-06-29, but vernalization requirements not yet fulfilled. Forcing vernalization now (VERN=47.688571).
[2026-03-24 13:05:03,915][pcse.crop.phenology.Annual_Phenology][INFO] - Changed phenological stage 'vegetative' to 'reproductive' on 1984-06-29
[2026-03-24 13:05:05,540][pcse.crop.phenology.Annual_Phenology][INFO] - Changed phenological stage 'reproductive' to 'mature' on 1984-09-13
[2026-03-24 13:05:05,882][pcse.base.timer.Timer][INFO] - Reached end of simulation period as specified by END_DATE.
| train          | E: 123 | S: 29643 | R: -2.3758 | TR: 12.0835 | TF: 512 | LR: 0 | NR: 0 | D: 04.7 s | TD: 00.0 s | BR: -0.0106 | ALOSS: 16537.9754 | CLOSS: 2366521.8948 | TLOSS: -190.7209 | TVAL: 0.7191 | AENT: -266.2473 | BCLOSS: 0.0000
[EPISODE DBG] episode=123 step=29643 pred_return=-2.505095 true_return=20.711114 total_feedback=512 labeled_feedback=0
[2026-03-24 13:05:05,890][pcse.agromanager.SoilCalendar][INFO] - Starting soil (oregon) with variation (oregon_1) on day 1984-02-01
[2026-03-24 13:05:05,893][pcse.agromanager.CropCalendar][INFO] - Starting crop (wheat) with variety (wheat_1) on day 1984-02-01
[2026-03-24 13:05:07,263][pcse.crop.phenology.Annual_Phenology][INFO] - Changed phenological stage 'emerging' to 'vegetative' on 1984-04-10
[2026-03-24 13:05:08,162][pcse.crop.phenology.Vernalisation][INFO] - Critical DVS for vernalization (VERNDVS) reached at day 1984-06-02, but vernalization requirements not yet fulfilled. Forcing vernalization now (VERN=47.688571).
[2026-03-24 13:05:08,179][pcse.crop.phenology.Vernalisation][INFO] - Critical DVS for vernalization (VERNDVS) reached at day 1984-06-03, but vernalization requirements not yet fulfilled. Forcing vernalization now (VERN=47.688571).
[2026-03-24 13:05:08,197][pcse.crop.phenology.Vernalisation][INFO] - Critical DVS for vernalization (VERNDVS) reached at day 1984-06-04, but vernalization requirements not yet fulfilled. Forcing vernalization now (VERN=47.688571).
[2026-03-24 13:05:08,213][pcse.crop.phenology.Vernalisation][INFO] - Critical DVS for vernalization (VERNDVS) reached at day 1984-06-05, but vernalization requirements not yet fulfilled. Forcing vernalization now (VERN=47.688571).
[2026-03-24 13:05:08,230][pcse.crop.phenology.Vernalisation][INFO] - Critical DVS for vernalization (VERNDVS) reached at day 1984-06-06, but vernalization requirements not yet fulfilled. Forcing vernalization now (VERN=47.688571).
[2026-03-24 13:05:08,247][pcse.crop.phenology.Vernalisation][INFO] - Critical DVS for vernalization (VERNDVS) reached at day 1984-06-07, but vernalization requirements not yet fulfilled. Forcing vernalization now (VERN=47.688571).
[2026-03-24 13:05:08,264][pcse.crop.phenology.Vernalisation][INFO] - Critical DVS for vernalization (VERNDVS) reached at day 1984-06-08, but vernalization requirements not yet fulfilled. Forcing vernalization now (VERN=47.688571).
[2026-03-24 13:05:08,281][pcse.crop.phenology.Vernalisation][INFO] - Critical DVS for vernalization (VERNDVS) reached at day 1984-06-09, but vernalization requirements not yet fulfilled. Forcing vernalization now (VERN=47.688571).
[2026-03-24 13:05:08,297][pcse.crop.phenology.Vernalisation][INFO] - Critical DVS for vernalization (VERNDVS) reached at day 1984-06-10, but vernalization requirements not yet fulfilled. Forcing vernalization now (VERN=47.688571).
[2026-03-24 13:05:08,314][pcse.crop.phenology.Vernalisation][INFO] - Critical DVS for vernalization (VERNDVS) reached at day 1984-06-11, but vernalization requirements not yet fulfilled. Forcing vernalization now (VERN=47.688571).
[2026-03-24 13:05:08,330][pcse.crop.phenology.Vernalisation][INFO] - Critical DVS for vernalization (VERNDVS) reached at day 1984-06-12, but vernalization requirements not yet fulfilled. Forcing vernalization now (VERN=47.688571).
[2026-03-24 13:05:08,349][pcse.crop.phenology.Vernalisation][INFO] - Critical DVS for vernalization (VERNDVS) reached at day 1984-06-13, but vernalization requirements not yet fulfilled. Forcing vernalization now (VERN=47.688571).
[2026-03-24 13:05:08,367][pcse.crop.phenology.Vernalisation][INFO] - Critical DVS for vernalization (VERNDVS) reached at day 1984-06-14, but vernalization requirements not yet fulfilled. Forcing vernalization now (VERN=47.688571).
[2026-03-24 13:05:08,385][pcse.crop.phenology.Vernalisation][INFO] - Critical DVS for vernalization (VERNDVS) reached at day 1984-06-15, but vernalization requirements not yet fulfilled. Forcing vernalization now (VERN=47.688571).
[2026-03-24 13:05:08,401][pcse.crop.phenology.Vernalisation][INFO] - Critical DVS for vernalization (VERNDVS) reached at day 1984-06-16, but vernalization requirements not yet fulfilled. Forcing vernalization now (VERN=47.688571).
[2026-03-24 13:05:08,418][pcse.crop.phenology.Vernalisation][INFO] - Critical DVS for vernalization (VERNDVS) reached at day 1984-06-17, but vernalization requirements not yet fulfilled. Forcing vernalization now (VERN=47.688571).
[2026-03-24 13:05:08,435][pcse.crop.phenology.Vernalisation][INFO] - Critical DVS for vernalization (VERNDVS) reached at day 1984-06-18, but vernalization requirements not yet fulfilled. Forcing vernalization now (VERN=47.688571).
[2026-03-24 13:05:08,451][pcse.crop.phenology.Vernalisation][INFO] - Critical DVS for vernalization (VERNDVS) reached at day 1984-06-19, but vernalization requirements not yet fulfilled. Forcing vernalization now (VERN=47.688571).
[2026-03-24 13:05:08,468][pcse.crop.phenology.Vernalisation][INFO] - Critical DVS for vernalization (VERNDVS) reached at day 1984-06-20, but vernalization requirements not yet fulfilled. Forcing vernalization now (VERN=47.688571).
[2026-03-24 13:05:08,485][pcse.crop.phenology.Vernalisation][INFO] - Critical DVS for vernalization (VERNDVS) reached at day 1984-06-21, but vernalization requirements not yet fulfilled. Forcing vernalization now (VERN=47.688571).
[2026-03-24 13:05:08,502][pcse.crop.phenology.Vernalisation][INFO] - Critical DVS for vernalization (VERNDVS) reached at day 1984-06-22, but vernalization requirements not yet fulfilled. Forcing vernalization now (VERN=47.688571).
[2026-03-24 13:05:08,519][pcse.crop.phenology.Vernalisation][INFO] - Critical DVS for vernalization (VERNDVS) reached at day 1984-06-23, but vernalization requirements not yet fulfilled. Forcing vernalization now (VERN=47.688571).
[2026-03-24 13:05:08,536][pcse.crop.phenology.Vernalisation][INFO] - Critical DVS for vernalization (VERNDVS) reached at day 1984-06-24, but vernalization requirements not yet fulfilled. Forcing vernalization now (VERN=47.688571).
[2026-03-24 13:05:08,552][pcse.crop.phenology.Vernalisation][INFO] - Critical DVS for vernalization (VERNDVS) reached at day 1984-06-25, but vernalization requirements not yet fulfilled. Forcing vernalization now (VERN=47.688571).
[2026-03-24 13:05:08,570][pcse.crop.phenology.Vernalisation][INFO] - Critical DVS for vernalization (VERNDVS) reached at day 1984-06-26, but vernalization requirements not yet fulfilled. Forcing vernalization now (VERN=47.688571).
[2026-03-24 13:05:08,587][pcse.crop.phenology.Vernalisation][INFO] - Critical DVS for vernalization (VERNDVS) reached at day 1984-06-27, but vernalization requirements not yet fulfilled. Forcing vernalization now (VERN=47.688571).
[2026-03-24 13:05:08,604][pcse.crop.phenology.Vernalisation][INFO] - Critical DVS for vernalization (VERNDVS) reached at day 1984-06-28, but vernalization requirements not yet fulfilled. Forcing vernalization now (VERN=47.688571).
[2026-03-24 13:05:08,621][pcse.crop.phenology.Vernalisation][INFO] - Critical DVS for vernalization (VERNDVS) reached at day 1984-06-29, but vernalization requirements not yet fulfilled. Forcing vernalization now (VERN=47.688571).
[2026-03-24 13:05:08,621][pcse.crop.phenology.Annual_Phenology][INFO] - Changed phenological stage 'vegetative' to 'reproductive' on 1984-06-29
[2026-03-24 13:05:10,148][pcse.crop.phenology.Annual_Phenology][INFO] - Changed phenological stage 'reproductive' to 'mature' on 1984-09-13
[2026-03-24 13:05:10,402][pcse.base.timer.Timer][INFO] - Reached end of simulation period as specified by END_DATE.
| train          | E: 124 | S: 29884 | R: -2.5051 | TR: 20.7111 | TF: 512 | LR: 0 | NR: 0 | D: 04.5 s | TD: 00.0 s | BR: -0.0106 | ALOSS: 16520.1561 | CLOSS: 2366729.1879 | TLOSS: -193.4154 | TVAL: 0.7351 | AENT: -264.1129 | BCLOSS: 0.0000
[EPISODE DBG] episode=124 step=29884 pred_return=-2.539939 true_return=19.897423 total_feedback=512 labeled_feedback=0
[2026-03-24 13:05:10,407][pcse.agromanager.SoilCalendar][INFO] - Starting soil (oregon) with variation (oregon_1) on day 1984-02-01
[2026-03-24 13:05:10,409][pcse.agromanager.CropCalendar][INFO] - Starting crop (wheat) with variety (wheat_1) on day 1984-02-01
[2026-03-24 13:05:11,579][pcse.crop.phenology.Annual_Phenology][INFO] - Changed phenological stage 'emerging' to 'vegetative' on 1984-04-10
