Gym has been unmaintained since 2022 and does not support NumPy 2.0 amongst other critical functionality.
Please upgrade to Gymnasium, the maintained drop-in replacement of Gym, or contact the authors of your software and request that they upgrade.
Users of this version of Gym should be able to simply replace 'import gym' with 'import gymnasium as gym' in the vast majority of cases.
See the migration guide at https://gymnasium.farama.org/introduction/migration_guide/ for additional information.
/home/sohams/BPref/train_PEBBLE.py:513: UserWarning: 
The version_base parameter is not specified.
Please specify a compatability version level, or None.
Will assume defaults for version 1.1
  @hydra.main(config_path='config', config_name='train_PEBBLE')
/home/sohams/anaconda3/envs/bpref-wofost/lib/python3.12/site-packages/hydra/_internal/defaults_list.py:251: UserWarning: In 'train_PEBBLE': Defaults list is missing `_self_`. See https://hydra.cc/docs/1.2/upgrades/1.0_to_1.1/default_composition_order for more information
  warnings.warn(msg, UserWarning)
/home/sohams/anaconda3/envs/bpref-wofost/lib/python3.12/site-packages/hydra/_internal/hydra.py:119: UserWarning: Future Hydra versions will no longer change working directory at job runtime by default.
See https://hydra.cc/docs/1.2/upgrades/1.1_to_1.2/changes_to_job_working_dir/ for more information.
  ret = run_job(
/home/sohams/anaconda3/envs/bpref-wofost/lib/python3.12/site-packages/pygame/pkgdata.py:25: UserWarning: pkg_resources is deprecated as an API. See https://setuptools.pypa.io/en/latest/pkg_resources.html. The pkg_resources package is slated for removal as early as 2025-11-30. Refrain from using this package or pin to Setuptools<81.
  from pkg_resources import resource_stream, resource_exists
workspace: /home/sohams/BPref/exp/wofost-lnpkw-v0/PEBBLE_maxfeed512_seg240_seed6
[WOFOSTEnv] Dropping unknown Agro_Args keys: ['site_end_date', 'site_name', 'site_start_date', 'site_variation']
[WOFOSTEnv] Dropping unsupported env kwargs: ['site_fpath']
[2026-03-13 14:31:39,255][pcse.nasapower.NASAPowerWeatherDataProvider][INFO] - Retrieving weather data from NASA Power for lat/lon: (50.000000, 5.000000).
[2026-03-13 14:31:39,326][pcse.agromanager.SoilCalendar][INFO] - Starting soil (oregon) with variation (oregon_1) on day 1985-02-01
[2026-03-13 14:31:39,327][pcse.agromanager.CropCalendar][INFO] - Starting crop (wheat) with variety (wheat_1) on day 1985-02-01
[2026-03-13 14:31:39,338][pcse.agromanager.SoilCalendar][INFO] - Starting soil (oregon) with variation (oregon_1) on day 1984-02-01
[2026-03-13 14:31:39,339][pcse.agromanager.CropCalendar][INFO] - Starting crop (wheat) with variety (wheat_1) on day 1984-02-01
/home/sohams/anaconda3/envs/bpref-wofost/lib/python3.12/site-packages/gymnasium/utils/passive_env_checker.py:135: UserWarning: [33mWARN: The obs returned by the `reset()` method was expecting numpy array dtype to be float32, actual type: float64[0m
  logger.warn(
/home/sohams/anaconda3/envs/bpref-wofost/lib/python3.12/site-packages/gymnasium/utils/passive_env_checker.py:159: UserWarning: [33mWARN: The obs returned by the `reset()` method is not within the observation space.[0m
  logger.warn(f"{pre} is not within the observation space.")
cfg.agent:
 agent:
  name: sac
  class: agent.sac.SACAgent
  params:
    obs_dim: 15
    action_dim: 1
    action_range:
    - -1.0
    - 1.0
    device: ${device}
    critic_cfg:
      class: agent.critic.DoubleQCritic
      params:
        obs_dim: ${agent.params.obs_dim}
        action_dim: ${agent.params.action_dim}
        hidden_dim: 1024
        hidden_depth: 2
    actor_cfg:
      class: agent.actor.DiagGaussianActor
      params:
        obs_dim: ${agent.params.obs_dim}
        action_dim: ${agent.params.action_dim}
        hidden_depth: 2
        hidden_dim: 1024
        log_std_bounds:
        - -5
        - 2
    discount: 0.99
    init_temperature: 0.1
    alpha_lr: 0.0001
    alpha_betas:
    - 0.9
    - 0.999
    actor_lr: 0.0001
    actor_betas:
    - 0.9
    - 0.999
    actor_update_frequency: 1
    critic_lr: 0.0001
    critic_betas:
    - 0.9
    - 0.999
    critic_tau: 0.005
    critic_target_update_frequency: 2
    batch_size: 1024
    learnable_temperature: true
    normalize_state_entropy: true
params:
  obs_dim: 15
  action_dim: 1
  action_range:
  - -1.0
  - 1.0

[2026-03-13 14:31:40,320][pcse.agromanager.SoilCalendar][INFO] - Starting soil (oregon) with variation (oregon_1) on day 1984-02-01
[2026-03-13 14:31:40,322][pcse.agromanager.CropCalendar][INFO] - Starting crop (wheat) with variety (wheat_1) on day 1984-02-01
/home/sohams/anaconda3/envs/bpref-wofost/lib/python3.12/site-packages/gymnasium/utils/passive_env_checker.py:135: UserWarning: [33mWARN: The obs returned by the `step()` method was expecting numpy array dtype to be float32, actual type: float64[0m
  logger.warn(
/home/sohams/anaconda3/envs/bpref-wofost/lib/python3.12/site-packages/gymnasium/utils/passive_env_checker.py:159: UserWarning: [33mWARN: The obs returned by the `step()` method is not within the observation space.[0m
  logger.warn(f"{pre} is not within the observation space.")
[DBG] step=0 r_hat=-3255.035400
[2026-03-13 14:31:40,619][pcse.crop.phenology.Annual_Phenology][INFO] - Changed phenological stage 'emerging' to 'vegetative' on 1984-04-10
[2026-03-13 14:31:40,742][pcse.crop.phenology.Vernalisation][INFO] - Critical DVS for vernalization (VERNDVS) reached at day 1984-06-02, but vernalization requirements not yet fulfilled. Forcing vernalization now (VERN=47.688571).
[2026-03-13 14:31:40,744][pcse.crop.phenology.Vernalisation][INFO] - Critical DVS for vernalization (VERNDVS) reached at day 1984-06-03, but vernalization requirements not yet fulfilled. Forcing vernalization now (VERN=47.688571).
[2026-03-13 14:31:40,747][pcse.crop.phenology.Vernalisation][INFO] - Critical DVS for vernalization (VERNDVS) reached at day 1984-06-04, but vernalization requirements not yet fulfilled. Forcing vernalization now (VERN=47.688571).
[2026-03-13 14:31:40,749][pcse.crop.phenology.Vernalisation][INFO] - Critical DVS for vernalization (VERNDVS) reached at day 1984-06-05, but vernalization requirements not yet fulfilled. Forcing vernalization now (VERN=47.688571).
[2026-03-13 14:31:40,752][pcse.crop.phenology.Vernalisation][INFO] - Critical DVS for vernalization (VERNDVS) reached at day 1984-06-06, but vernalization requirements not yet fulfilled. Forcing vernalization now (VERN=47.688571).
[2026-03-13 14:31:40,754][pcse.crop.phenology.Vernalisation][INFO] - Critical DVS for vernalization (VERNDVS) reached at day 1984-06-07, but vernalization requirements not yet fulfilled. Forcing vernalization now (VERN=47.688571).
[2026-03-13 14:31:40,757][pcse.crop.phenology.Vernalisation][INFO] - Critical DVS for vernalization (VERNDVS) reached at day 1984-06-08, but vernalization requirements not yet fulfilled. Forcing vernalization now (VERN=47.688571).
[2026-03-13 14:31:40,759][pcse.crop.phenology.Vernalisation][INFO] - Critical DVS for vernalization (VERNDVS) reached at day 1984-06-09, but vernalization requirements not yet fulfilled. Forcing vernalization now (VERN=47.688571).
[2026-03-13 14:31:40,762][pcse.crop.phenology.Vernalisation][INFO] - Critical DVS for vernalization (VERNDVS) reached at day 1984-06-10, but vernalization requirements not yet fulfilled. Forcing vernalization now (VERN=47.688571).
[2026-03-13 14:31:40,764][pcse.crop.phenology.Vernalisation][INFO] - Critical DVS for vernalization (VERNDVS) reached at day 1984-06-11, but vernalization requirements not yet fulfilled. Forcing vernalization now (VERN=47.688571).
[2026-03-13 14:31:40,767][pcse.crop.phenology.Vernalisation][INFO] - Critical DVS for vernalization (VERNDVS) reached at day 1984-06-12, but vernalization requirements not yet fulfilled. Forcing vernalization now (VERN=47.688571).
[2026-03-13 14:31:40,770][pcse.crop.phenology.Vernalisation][INFO] - Critical DVS for vernalization (VERNDVS) reached at day 1984-06-13, but vernalization requirements not yet fulfilled. Forcing vernalization now (VERN=47.688571).
[2026-03-13 14:31:40,773][pcse.crop.phenology.Vernalisation][INFO] - Critical DVS for vernalization (VERNDVS) reached at day 1984-06-14, but vernalization requirements not yet fulfilled. Forcing vernalization now (VERN=47.688571).
[2026-03-13 14:31:40,775][pcse.crop.phenology.Vernalisation][INFO] - Critical DVS for vernalization (VERNDVS) reached at day 1984-06-15, but vernalization requirements not yet fulfilled. Forcing vernalization now (VERN=47.688571).
[2026-03-13 14:31:40,778][pcse.crop.phenology.Vernalisation][INFO] - Critical DVS for vernalization (VERNDVS) reached at day 1984-06-16, but vernalization requirements not yet fulfilled. Forcing vernalization now (VERN=47.688571).
[2026-03-13 14:31:40,780][pcse.crop.phenology.Vernalisation][INFO] - Critical DVS for vernalization (VERNDVS) reached at day 1984-06-17, but vernalization requirements not yet fulfilled. Forcing vernalization now (VERN=47.688571).
[2026-03-13 14:31:40,783][pcse.crop.phenology.Vernalisation][INFO] - Critical DVS for vernalization (VERNDVS) reached at day 1984-06-18, but vernalization requirements not yet fulfilled. Forcing vernalization now (VERN=47.688571).
[2026-03-13 14:31:40,785][pcse.crop.phenology.Vernalisation][INFO] - Critical DVS for vernalization (VERNDVS) reached at day 1984-06-19, but vernalization requirements not yet fulfilled. Forcing vernalization now (VERN=47.688571).
[2026-03-13 14:31:40,788][pcse.crop.phenology.Vernalisation][INFO] - Critical DVS for vernalization (VERNDVS) reached at day 1984-06-20, but vernalization requirements not yet fulfilled. Forcing vernalization now (VERN=47.688571).
[2026-03-13 14:31:40,791][pcse.crop.phenology.Vernalisation][INFO] - Critical DVS for vernalization (VERNDVS) reached at day 1984-06-21, but vernalization requirements not yet fulfilled. Forcing vernalization now (VERN=47.688571).
[2026-03-13 14:31:40,793][pcse.crop.phenology.Vernalisation][INFO] - Critical DVS for vernalization (VERNDVS) reached at day 1984-06-22, but vernalization requirements not yet fulfilled. Forcing vernalization now (VERN=47.688571).
[2026-03-13 14:31:40,796][pcse.crop.phenology.Vernalisation][INFO] - Critical DVS for vernalization (VERNDVS) reached at day 1984-06-23, but vernalization requirements not yet fulfilled. Forcing vernalization now (VERN=47.688571).
[2026-03-13 14:31:40,798][pcse.crop.phenology.Vernalisation][INFO] - Critical DVS for vernalization (VERNDVS) reached at day 1984-06-24, but vernalization requirements not yet fulfilled. Forcing vernalization now (VERN=47.688571).
[2026-03-13 14:31:40,801][pcse.crop.phenology.Vernalisation][INFO] - Critical DVS for vernalization (VERNDVS) reached at day 1984-06-25, but vernalization requirements not yet fulfilled. Forcing vernalization now (VERN=47.688571).
[2026-03-13 14:31:40,804][pcse.crop.phenology.Vernalisation][INFO] - Critical DVS for vernalization (VERNDVS) reached at day 1984-06-26, but vernalization requirements not yet fulfilled. Forcing vernalization now (VERN=47.688571).
[2026-03-13 14:31:40,807][pcse.crop.phenology.Vernalisation][INFO] - Critical DVS for vernalization (VERNDVS) reached at day 1984-06-27, but vernalization requirements not yet fulfilled. Forcing vernalization now (VERN=47.688571).
[2026-03-13 14:31:40,809][pcse.crop.phenology.Vernalisation][INFO] - Critical DVS for vernalization (VERNDVS) reached at day 1984-06-28, but vernalization requirements not yet fulfilled. Forcing vernalization now (VERN=47.688571).
[2026-03-13 14:31:40,812][pcse.crop.phenology.Vernalisation][INFO] - Critical DVS for vernalization (VERNDVS) reached at day 1984-06-29, but vernalization requirements not yet fulfilled. Forcing vernalization now (VERN=47.688571).
[2026-03-13 14:31:40,812][pcse.crop.phenology.Annual_Phenology][INFO] - Changed phenological stage 'vegetative' to 'reproductive' on 1984-06-29
[2026-03-13 14:31:40,993][pcse.crop.phenology.Annual_Phenology][INFO] - Changed phenological stage 'reproductive' to 'mature' on 1984-09-13
[2026-03-13 14:31:41,034][pcse.base.timer.Timer][INFO] - Reached end of simulation period as specified by END_DATE.
[2026-03-13 14:31:41,038][pcse.agromanager.SoilCalendar][INFO] - Starting soil (oregon) with variation (oregon_1) on day 1984-02-01
[2026-03-13 14:31:41,040][pcse.agromanager.CropCalendar][INFO] - Starting crop (wheat) with variety (wheat_1) on day 1984-02-01
[2026-03-13 14:31:41,285][pcse.crop.phenology.Annual_Phenology][INFO] - Changed phenological stage 'emerging' to 'vegetative' on 1984-04-10
[2026-03-13 14:31:41,411][pcse.crop.phenology.Vernalisation][INFO] - Critical DVS for vernalization (VERNDVS) reached at day 1984-06-02, but vernalization requirements not yet fulfilled. Forcing vernalization now (VERN=47.688571).
[2026-03-13 14:31:41,414][pcse.crop.phenology.Vernalisation][INFO] - Critical DVS for vernalization (VERNDVS) reached at day 1984-06-03, but vernalization requirements not yet fulfilled. Forcing vernalization now (VERN=47.688571).
[2026-03-13 14:31:41,417][pcse.crop.phenology.Vernalisation][INFO] - Critical DVS for vernalization (VERNDVS) reached at day 1984-06-04, but vernalization requirements not yet fulfilled. Forcing vernalization now (VERN=47.688571).
[2026-03-13 14:31:41,419][pcse.crop.phenology.Vernalisation][INFO] - Critical DVS for vernalization (VERNDVS) reached at day 1984-06-05, but vernalization requirements not yet fulfilled. Forcing vernalization now (VERN=47.688571).
[2026-03-13 14:31:41,422][pcse.crop.phenology.Vernalisation][INFO] - Critical DVS for vernalization (VERNDVS) reached at day 1984-06-06, but vernalization requirements not yet fulfilled. Forcing vernalization now (VERN=47.688571).
[2026-03-13 14:31:41,425][pcse.crop.phenology.Vernalisation][INFO] - Critical DVS for vernalization (VERNDVS) reached at day 1984-06-07, but vernalization requirements not yet fulfilled. Forcing vernalization now (VERN=47.688571).
[2026-03-13 14:31:41,427][pcse.crop.phenology.Vernalisation][INFO] - Critical DVS for vernalization (VERNDVS) reached at day 1984-06-08, but vernalization requirements not yet fulfilled. Forcing vernalization now (VERN=47.688571).
[2026-03-13 14:31:41,430][pcse.crop.phenology.Vernalisation][INFO] - Critical DVS for vernalization (VERNDVS) reached at day 1984-06-09, but vernalization requirements not yet fulfilled. Forcing vernalization now (VERN=47.688571).
[2026-03-13 14:31:41,433][pcse.crop.phenology.Vernalisation][INFO] - Critical DVS for vernalization (VERNDVS) reached at day 1984-06-10, but vernalization requirements not yet fulfilled. Forcing vernalization now (VERN=47.688571).
[2026-03-13 14:31:41,435][pcse.crop.phenology.Vernalisation][INFO] - Critical DVS for vernalization (VERNDVS) reached at day 1984-06-11, but vernalization requirements not yet fulfilled. Forcing vernalization now (VERN=47.688571).
[2026-03-13 14:31:41,438][pcse.crop.phenology.Vernalisation][INFO] - Critical DVS for vernalization (VERNDVS) reached at day 1984-06-12, but vernalization requirements not yet fulfilled. Forcing vernalization now (VERN=47.688571).
[2026-03-13 14:31:41,441][pcse.crop.phenology.Vernalisation][INFO] - Critical DVS for vernalization (VERNDVS) reached at day 1984-06-13, but vernalization requirements not yet fulfilled. Forcing vernalization now (VERN=47.688571).
[2026-03-13 14:31:41,443][pcse.crop.phenology.Vernalisation][INFO] - Critical DVS for vernalization (VERNDVS) reached at day 1984-06-14, but vernalization requirements not yet fulfilled. Forcing vernalization now (VERN=47.688571).
[2026-03-13 14:31:41,446][pcse.crop.phenology.Vernalisation][INFO] - Critical DVS for vernalization (VERNDVS) reached at day 1984-06-15, but vernalization requirements not yet fulfilled. Forcing vernalization now (VERN=47.688571).
[2026-03-13 14:31:41,449][pcse.crop.phenology.Vernalisation][INFO] - Critical DVS for vernalization (VERNDVS) reached at day 1984-06-16, but vernalization requirements not yet fulfilled. Forcing vernalization now (VERN=47.688571).
[2026-03-13 14:31:41,452][pcse.crop.phenology.Vernalisation][INFO] - Critical DVS for vernalization (VERNDVS) reached at day 1984-06-17, but vernalization requirements not yet fulfilled. Forcing vernalization now (VERN=47.688571).
[2026-03-13 14:31:41,454][pcse.crop.phenology.Vernalisation][INFO] - Critical DVS for vernalization (VERNDVS) reached at day 1984-06-18, but vernalization requirements not yet fulfilled. Forcing vernalization now (VERN=47.688571).
[2026-03-13 14:31:41,457][pcse.crop.phenology.Vernalisation][INFO] - Critical DVS for vernalization (VERNDVS) reached at day 1984-06-19, but vernalization requirements not yet fulfilled. Forcing vernalization now (VERN=47.688571).
[2026-03-13 14:31:41,460][pcse.crop.phenology.Vernalisation][INFO] - Critical DVS for vernalization (VERNDVS) reached at day 1984-06-20, but vernalization requirements not yet fulfilled. Forcing vernalization now (VERN=47.688571).
[2026-03-13 14:31:41,462][pcse.crop.phenology.Vernalisation][INFO] - Critical DVS for vernalization (VERNDVS) reached at day 1984-06-21, but vernalization requirements not yet fulfilled. Forcing vernalization now (VERN=47.688571).
[2026-03-13 14:31:41,465][pcse.crop.phenology.Vernalisation][INFO] - Critical DVS for vernalization (VERNDVS) reached at day 1984-06-22, but vernalization requirements not yet fulfilled. Forcing vernalization now (VERN=47.688571).
[2026-03-13 14:31:41,468][pcse.crop.phenology.Vernalisation][INFO] - Critical DVS for vernalization (VERNDVS) reached at day 1984-06-23, but vernalization requirements not yet fulfilled. Forcing vernalization now (VERN=47.688571).
[2026-03-13 14:31:41,470][pcse.crop.phenology.Vernalisation][INFO] - Critical DVS for vernalization (VERNDVS) reached at day 1984-06-24, but vernalization requirements not yet fulfilled. Forcing vernalization now (VERN=47.688571).
[2026-03-13 14:31:41,473][pcse.crop.phenology.Vernalisation][INFO] - Critical DVS for vernalization (VERNDVS) reached at day 1984-06-25, but vernalization requirements not yet fulfilled. Forcing vernalization now (VERN=47.688571).
[2026-03-13 14:31:41,476][pcse.crop.phenology.Vernalisation][INFO] - Critical DVS for vernalization (VERNDVS) reached at day 1984-06-26, but vernalization requirements not yet fulfilled. Forcing vernalization now (VERN=47.688571).
[2026-03-13 14:31:41,478][pcse.crop.phenology.Vernalisation][INFO] - Critical DVS for vernalization (VERNDVS) reached at day 1984-06-27, but vernalization requirements not yet fulfilled. Forcing vernalization now (VERN=47.688571).
[2026-03-13 14:31:41,481][pcse.crop.phenology.Vernalisation][INFO] - Critical DVS for vernalization (VERNDVS) reached at day 1984-06-28, but vernalization requirements not yet fulfilled. Forcing vernalization now (VERN=47.688571).
[2026-03-13 14:31:41,484][pcse.crop.phenology.Vernalisation][INFO] - Critical DVS for vernalization (VERNDVS) reached at day 1984-06-29, but vernalization requirements not yet fulfilled. Forcing vernalization now (VERN=47.688571).
[2026-03-13 14:31:41,484][pcse.crop.phenology.Annual_Phenology][INFO] - Changed phenological stage 'vegetative' to 'reproductive' on 1984-06-29
[2026-03-13 14:31:41,662][pcse.crop.phenology.Annual_Phenology][INFO] - Changed phenological stage 'reproductive' to 'mature' on 1984-09-13
[2026-03-13 14:31:41,706][pcse.base.timer.Timer][INFO] - Reached end of simulation period as specified by END_DATE.
[2026-03-13 14:31:41,711][pcse.agromanager.SoilCalendar][INFO] - Starting soil (oregon) with variation (oregon_1) on day 1984-02-01
[2026-03-13 14:31:41,713][pcse.agromanager.CropCalendar][INFO] - Starting crop (wheat) with variety (wheat_1) on day 1984-02-01
[DBG] step=500 r_hat=-0.023661
[2026-03-13 14:31:41,956][pcse.crop.phenology.Annual_Phenology][INFO] - Changed phenological stage 'emerging' to 'vegetative' on 1984-04-10
[2026-03-13 14:31:42,079][pcse.crop.phenology.Vernalisation][INFO] - Critical DVS for vernalization (VERNDVS) reached at day 1984-06-02, but vernalization requirements not yet fulfilled. Forcing vernalization now (VERN=47.688571).
[2026-03-13 14:31:42,082][pcse.crop.phenology.Vernalisation][INFO] - Critical DVS for vernalization (VERNDVS) reached at day 1984-06-03, but vernalization requirements not yet fulfilled. Forcing vernalization now (VERN=47.688571).
[2026-03-13 14:31:42,084][pcse.crop.phenology.Vernalisation][INFO] - Critical DVS for vernalization (VERNDVS) reached at day 1984-06-04, but vernalization requirements not yet fulfilled. Forcing vernalization now (VERN=47.688571).
[2026-03-13 14:31:42,087][pcse.crop.phenology.Vernalisation][INFO] - Critical DVS for vernalization (VERNDVS) reached at day 1984-06-05, but vernalization requirements not yet fulfilled. Forcing vernalization now (VERN=47.688571).
[2026-03-13 14:31:42,090][pcse.crop.phenology.Vernalisation][INFO] - Critical DVS for vernalization (VERNDVS) reached at day 1984-06-06, but vernalization requirements not yet fulfilled. Forcing vernalization now (VERN=47.688571).
[2026-03-13 14:31:42,092][pcse.crop.phenology.Vernalisation][INFO] - Critical DVS for vernalization (VERNDVS) reached at day 1984-06-07, but vernalization requirements not yet fulfilled. Forcing vernalization now (VERN=47.688571).
[2026-03-13 14:31:42,095][pcse.crop.phenology.Vernalisation][INFO] - Critical DVS for vernalization (VERNDVS) reached at day 1984-06-08, but vernalization requirements not yet fulfilled. Forcing vernalization now (VERN=47.688571).
[2026-03-13 14:31:42,097][pcse.crop.phenology.Vernalisation][INFO] - Critical DVS for vernalization (VERNDVS) reached at day 1984-06-09, but vernalization requirements not yet fulfilled. Forcing vernalization now (VERN=47.688571).
[2026-03-13 14:31:42,100][pcse.crop.phenology.Vernalisation][INFO] - Critical DVS for vernalization (VERNDVS) reached at day 1984-06-10, but vernalization requirements not yet fulfilled. Forcing vernalization now (VERN=47.688571).
[2026-03-13 14:31:42,102][pcse.crop.phenology.Vernalisation][INFO] - Critical DVS for vernalization (VERNDVS) reached at day 1984-06-11, but vernalization requirements not yet fulfilled. Forcing vernalization now (VERN=47.688571).
[2026-03-13 14:31:42,105][pcse.crop.phenology.Vernalisation][INFO] - Critical DVS for vernalization (VERNDVS) reached at day 1984-06-12, but vernalization requirements not yet fulfilled. Forcing vernalization now (VERN=47.688571).
[2026-03-13 14:31:42,107][pcse.crop.phenology.Vernalisation][INFO] - Critical DVS for vernalization (VERNDVS) reached at day 1984-06-13, but vernalization requirements not yet fulfilled. Forcing vernalization now (VERN=47.688571).
[2026-03-13 14:31:42,110][pcse.crop.phenology.Vernalisation][INFO] - Critical DVS for vernalization (VERNDVS) reached at day 1984-06-14, but vernalization requirements not yet fulfilled. Forcing vernalization now (VERN=47.688571).
[2026-03-13 14:31:42,112][pcse.crop.phenology.Vernalisation][INFO] - Critical DVS for vernalization (VERNDVS) reached at day 1984-06-15, but vernalization requirements not yet fulfilled. Forcing vernalization now (VERN=47.688571).
[2026-03-13 14:31:42,115][pcse.crop.phenology.Vernalisation][INFO] - Critical DVS for vernalization (VERNDVS) reached at day 1984-06-16, but vernalization requirements not yet fulfilled. Forcing vernalization now (VERN=47.688571).
[2026-03-13 14:31:42,118][pcse.crop.phenology.Vernalisation][INFO] - Critical DVS for vernalization (VERNDVS) reached at day 1984-06-17, but vernalization requirements not yet fulfilled. Forcing vernalization now (VERN=47.688571).
[2026-03-13 14:31:42,120][pcse.crop.phenology.Vernalisation][INFO] - Critical DVS for vernalization (VERNDVS) reached at day 1984-06-18, but vernalization requirements not yet fulfilled. Forcing vernalization now (VERN=47.688571).
[2026-03-13 14:31:42,123][pcse.crop.phenology.Vernalisation][INFO] - Critical DVS for vernalization (VERNDVS) reached at day 1984-06-19, but vernalization requirements not yet fulfilled. Forcing vernalization now (VERN=47.688571).
[2026-03-13 14:31:42,125][pcse.crop.phenology.Vernalisation][INFO] - Critical DVS for vernalization (VERNDVS) reached at day 1984-06-20, but vernalization requirements not yet fulfilled. Forcing vernalization now (VERN=47.688571).
[2026-03-13 14:31:42,128][pcse.crop.phenology.Vernalisation][INFO] - Critical DVS for vernalization (VERNDVS) reached at day 1984-06-21, but vernalization requirements not yet fulfilled. Forcing vernalization now (VERN=47.688571).
[2026-03-13 14:31:42,130][pcse.crop.phenology.Vernalisation][INFO] - Critical DVS for vernalization (VERNDVS) reached at day 1984-06-22, but vernalization requirements not yet fulfilled. Forcing vernalization now (VERN=47.688571).
[2026-03-13 14:31:42,133][pcse.crop.phenology.Vernalisation][INFO] - Critical DVS for vernalization (VERNDVS) reached at day 1984-06-23, but vernalization requirements not yet fulfilled. Forcing vernalization now (VERN=47.688571).
[2026-03-13 14:31:42,135][pcse.crop.phenology.Vernalisation][INFO] - Critical DVS for vernalization (VERNDVS) reached at day 1984-06-24, but vernalization requirements not yet fulfilled. Forcing vernalization now (VERN=47.688571).
[2026-03-13 14:31:42,138][pcse.crop.phenology.Vernalisation][INFO] - Critical DVS for vernalization (VERNDVS) reached at day 1984-06-25, but vernalization requirements not yet fulfilled. Forcing vernalization now (VERN=47.688571).
[2026-03-13 14:31:42,141][pcse.crop.phenology.Vernalisation][INFO] - Critical DVS for vernalization (VERNDVS) reached at day 1984-06-26, but vernalization requirements not yet fulfilled. Forcing vernalization now (VERN=47.688571).
[2026-03-13 14:31:42,143][pcse.crop.phenology.Vernalisation][INFO] - Critical DVS for vernalization (VERNDVS) reached at day 1984-06-27, but vernalization requirements not yet fulfilled. Forcing vernalization now (VERN=47.688571).
[2026-03-13 14:31:42,146][pcse.crop.phenology.Vernalisation][INFO] - Critical DVS for vernalization (VERNDVS) reached at day 1984-06-28, but vernalization requirements not yet fulfilled. Forcing vernalization now (VERN=47.688571).
[2026-03-13 14:31:42,148][pcse.crop.phenology.Vernalisation][INFO] - Critical DVS for vernalization (VERNDVS) reached at day 1984-06-29, but vernalization requirements not yet fulfilled. Forcing vernalization now (VERN=47.688571).
[2026-03-13 14:31:42,148][pcse.crop.phenology.Annual_Phenology][INFO] - Changed phenological stage 'vegetative' to 'reproductive' on 1984-06-29
[2026-03-13 14:31:42,328][pcse.crop.phenology.Annual_Phenology][INFO] - Changed phenological stage 'reproductive' to 'mature' on 1984-09-13
[2026-03-13 14:31:42,368][pcse.base.timer.Timer][INFO] - Reached end of simulation period as specified by END_DATE.
[2026-03-13 14:31:42,372][pcse.agromanager.SoilCalendar][INFO] - Starting soil (oregon) with variation (oregon_1) on day 1984-02-01
[2026-03-13 14:31:42,374][pcse.agromanager.CropCalendar][INFO] - Starting crop (wheat) with variety (wheat_1) on day 1984-02-01
[2026-03-13 14:31:42,616][pcse.crop.phenology.Annual_Phenology][INFO] - Changed phenological stage 'emerging' to 'vegetative' on 1984-04-10
[2026-03-13 14:31:42,739][pcse.crop.phenology.Vernalisation][INFO] - Critical DVS for vernalization (VERNDVS) reached at day 1984-06-02, but vernalization requirements not yet fulfilled. Forcing vernalization now (VERN=47.688571).
[2026-03-13 14:31:42,742][pcse.crop.phenology.Vernalisation][INFO] - Critical DVS for vernalization (VERNDVS) reached at day 1984-06-03, but vernalization requirements not yet fulfilled. Forcing vernalization now (VERN=47.688571).
[2026-03-13 14:31:42,744][pcse.crop.phenology.Vernalisation][INFO] - Critical DVS for vernalization (VERNDVS) reached at day 1984-06-04, but vernalization requirements not yet fulfilled. Forcing vernalization now (VERN=47.688571).
[2026-03-13 14:31:42,747][pcse.crop.phenology.Vernalisation][INFO] - Critical DVS for vernalization (VERNDVS) reached at day 1984-06-05, but vernalization requirements not yet fulfilled. Forcing vernalization now (VERN=47.688571).
[2026-03-13 14:31:42,749][pcse.crop.phenology.Vernalisation][INFO] - Critical DVS for vernalization (VERNDVS) reached at day 1984-06-06, but vernalization requirements not yet fulfilled. Forcing vernalization now (VERN=47.688571).
[2026-03-13 14:31:42,752][pcse.crop.phenology.Vernalisation][INFO] - Critical DVS for vernalization (VERNDVS) reached at day 1984-06-07, but vernalization requirements not yet fulfilled. Forcing vernalization now (VERN=47.688571).
[2026-03-13 14:31:42,754][pcse.crop.phenology.Vernalisation][INFO] - Critical DVS for vernalization (VERNDVS) reached at day 1984-06-08, but vernalization requirements not yet fulfilled. Forcing vernalization now (VERN=47.688571).
[2026-03-13 14:31:42,757][pcse.crop.phenology.Vernalisation][INFO] - Critical DVS for vernalization (VERNDVS) reached at day 1984-06-09, but vernalization requirements not yet fulfilled. Forcing vernalization now (VERN=47.688571).
[2026-03-13 14:31:42,759][pcse.crop.phenology.Vernalisation][INFO] - Critical DVS for vernalization (VERNDVS) reached at day 1984-06-10, but vernalization requirements not yet fulfilled. Forcing vernalization now (VERN=47.688571).
[2026-03-13 14:31:42,762][pcse.crop.phenology.Vernalisation][INFO] - Critical DVS for vernalization (VERNDVS) reached at day 1984-06-11, but vernalization requirements not yet fulfilled. Forcing vernalization now (VERN=47.688571).
[2026-03-13 14:31:42,764][pcse.crop.phenology.Vernalisation][INFO] - Critical DVS for vernalization (VERNDVS) reached at day 1984-06-12, but vernalization requirements not yet fulfilled. Forcing vernalization now (VERN=47.688571).
[2026-03-13 14:31:42,767][pcse.crop.phenology.Vernalisation][INFO] - Critical DVS for vernalization (VERNDVS) reached at day 1984-06-13, but vernalization requirements not yet fulfilled. Forcing vernalization now (VERN=47.688571).
[2026-03-13 14:31:42,769][pcse.crop.phenology.Vernalisation][INFO] - Critical DVS for vernalization (VERNDVS) reached at day 1984-06-14, but vernalization requirements not yet fulfilled. Forcing vernalization now (VERN=47.688571).
[2026-03-13 14:31:42,772][pcse.crop.phenology.Vernalisation][INFO] - Critical DVS for vernalization (VERNDVS) reached at day 1984-06-15, but vernalization requirements not yet fulfilled. Forcing vernalization now (VERN=47.688571).
[2026-03-13 14:31:42,774][pcse.crop.phenology.Vernalisation][INFO] - Critical DVS for vernalization (VERNDVS) reached at day 1984-06-16, but vernalization requirements not yet fulfilled. Forcing vernalization now (VERN=47.688571).
[2026-03-13 14:31:42,777][pcse.crop.phenology.Vernalisation][INFO] - Critical DVS for vernalization (VERNDVS) reached at day 1984-06-17, but vernalization requirements not yet fulfilled. Forcing vernalization now (VERN=47.688571).
[2026-03-13 14:31:42,780][pcse.crop.phenology.Vernalisation][INFO] - Critical DVS for vernalization (VERNDVS) reached at day 1984-06-18, but vernalization requirements not yet fulfilled. Forcing vernalization now (VERN=47.688571).
[2026-03-13 14:31:42,783][pcse.crop.phenology.Vernalisation][INFO] - Critical DVS for vernalization (VERNDVS) reached at day 1984-06-19, but vernalization requirements not yet fulfilled. Forcing vernalization now (VERN=47.688571).
[2026-03-13 14:31:42,785][pcse.crop.phenology.Vernalisation][INFO] - Critical DVS for vernalization (VERNDVS) reached at day 1984-06-20, but vernalization requirements not yet fulfilled. Forcing vernalization now (VERN=47.688571).
[2026-03-13 14:31:42,788][pcse.crop.phenology.Vernalisation][INFO] - Critical DVS for vernalization (VERNDVS) reached at day 1984-06-21, but vernalization requirements not yet fulfilled. Forcing vernalization now (VERN=47.688571).
[2026-03-13 14:31:42,791][pcse.crop.phenology.Vernalisation][INFO] - Critical DVS for vernalization (VERNDVS) reached at day 1984-06-22, but vernalization requirements not yet fulfilled. Forcing vernalization now (VERN=47.688571).
[2026-03-13 14:31:42,794][pcse.crop.phenology.Vernalisation][INFO] - Critical DVS for vernalization (VERNDVS) reached at day 1984-06-23, but vernalization requirements not yet fulfilled. Forcing vernalization now (VERN=47.688571).
[2026-03-13 14:31:42,797][pcse.crop.phenology.Vernalisation][INFO] - Critical DVS for vernalization (VERNDVS) reached at day 1984-06-24, but vernalization requirements not yet fulfilled. Forcing vernalization now (VERN=47.688571).
[2026-03-13 14:31:42,799][pcse.crop.phenology.Vernalisation][INFO] - Critical DVS for vernalization (VERNDVS) reached at day 1984-06-25, but vernalization requirements not yet fulfilled. Forcing vernalization now (VERN=47.688571).
[2026-03-13 14:31:42,802][pcse.crop.phenology.Vernalisation][INFO] - Critical DVS for vernalization (VERNDVS) reached at day 1984-06-26, but vernalization requirements not yet fulfilled. Forcing vernalization now (VERN=47.688571).
[2026-03-13 14:31:42,805][pcse.crop.phenology.Vernalisation][INFO] - Critical DVS for vernalization (VERNDVS) reached at day 1984-06-27, but vernalization requirements not yet fulfilled. Forcing vernalization now (VERN=47.688571).
[2026-03-13 14:31:42,808][pcse.crop.phenology.Vernalisation][INFO] - Critical DVS for vernalization (VERNDVS) reached at day 1984-06-28, but vernalization requirements not yet fulfilled. Forcing vernalization now (VERN=47.688571).
[2026-03-13 14:31:42,811][pcse.crop.phenology.Vernalisation][INFO] - Critical DVS for vernalization (VERNDVS) reached at day 1984-06-29, but vernalization requirements not yet fulfilled. Forcing vernalization now (VERN=47.688571).
[2026-03-13 14:31:42,811][pcse.crop.phenology.Annual_Phenology][INFO] - Changed phenological stage 'vegetative' to 'reproductive' on 1984-06-29
[2026-03-13 14:31:42,990][pcse.crop.phenology.Annual_Phenology][INFO] - Changed phenological stage 'reproductive' to 'mature' on 1984-09-13
[2026-03-13 14:31:43,030][pcse.base.timer.Timer][INFO] - Reached end of simulation period as specified by END_DATE.
[2026-03-13 14:31:43,035][pcse.agromanager.SoilCalendar][INFO] - Starting soil (oregon) with variation (oregon_1) on day 1984-02-01
[2026-03-13 14:31:43,037][pcse.agromanager.CropCalendar][INFO] - Starting crop (wheat) with variety (wheat_1) on day 1984-02-01
[DBG] step=1000 r_hat=-0.039252
[2026-03-13 14:31:43,281][pcse.crop.phenology.Annual_Phenology][INFO] - Changed phenological stage 'emerging' to 'vegetative' on 1984-04-10
[2026-03-13 14:31:43,406][pcse.crop.phenology.Vernalisation][INFO] - Critical DVS for vernalization (VERNDVS) reached at day 1984-06-02, but vernalization requirements not yet fulfilled. Forcing vernalization now (VERN=47.688571).
[2026-03-13 14:31:43,409][pcse.crop.phenology.Vernalisation][INFO] - Critical DVS for vernalization (VERNDVS) reached at day 1984-06-03, but vernalization requirements not yet fulfilled. Forcing vernalization now (VERN=47.688571).
[2026-03-13 14:31:43,411][pcse.crop.phenology.Vernalisation][INFO] - Critical DVS for vernalization (VERNDVS) reached at day 1984-06-04, but vernalization requirements not yet fulfilled. Forcing vernalization now (VERN=47.688571).
[2026-03-13 14:31:43,414][pcse.crop.phenology.Vernalisation][INFO] - Critical DVS for vernalization (VERNDVS) reached at day 1984-06-05, but vernalization requirements not yet fulfilled. Forcing vernalization now (VERN=47.688571).
[2026-03-13 14:31:43,417][pcse.crop.phenology.Vernalisation][INFO] - Critical DVS for vernalization (VERNDVS) reached at day 1984-06-06, but vernalization requirements not yet fulfilled. Forcing vernalization now (VERN=47.688571).
[2026-03-13 14:31:43,420][pcse.crop.phenology.Vernalisation][INFO] - Critical DVS for vernalization (VERNDVS) reached at day 1984-06-07, but vernalization requirements not yet fulfilled. Forcing vernalization now (VERN=47.688571).
[2026-03-13 14:31:43,423][pcse.crop.phenology.Vernalisation][INFO] - Critical DVS for vernalization (VERNDVS) reached at day 1984-06-08, but vernalization requirements not yet fulfilled. Forcing vernalization now (VERN=47.688571).
[2026-03-13 14:31:43,426][pcse.crop.phenology.Vernalisation][INFO] - Critical DVS for vernalization (VERNDVS) reached at day 1984-06-09, but vernalization requirements not yet fulfilled. Forcing vernalization now (VERN=47.688571).
[2026-03-13 14:31:43,428][pcse.crop.phenology.Vernalisation][INFO] - Critical DVS for vernalization (VERNDVS) reached at day 1984-06-10, but vernalization requirements not yet fulfilled. Forcing vernalization now (VERN=47.688571).
[2026-03-13 14:31:43,431][pcse.crop.phenology.Vernalisation][INFO] - Critical DVS for vernalization (VERNDVS) reached at day 1984-06-11, but vernalization requirements not yet fulfilled. Forcing vernalization now (VERN=47.688571).
[2026-03-13 14:31:43,434][pcse.crop.phenology.Vernalisation][INFO] - Critical DVS for vernalization (VERNDVS) reached at day 1984-06-12, but vernalization requirements not yet fulfilled. Forcing vernalization now (VERN=47.688571).
[2026-03-13 14:31:43,437][pcse.crop.phenology.Vernalisation][INFO] - Critical DVS for vernalization (VERNDVS) reached at day 1984-06-13, but vernalization requirements not yet fulfilled. Forcing vernalization now (VERN=47.688571).
[2026-03-13 14:31:43,440][pcse.crop.phenology.Vernalisation][INFO] - Critical DVS for vernalization (VERNDVS) reached at day 1984-06-14, but vernalization requirements not yet fulfilled. Forcing vernalization now (VERN=47.688571).
[2026-03-13 14:31:43,443][pcse.crop.phenology.Vernalisation][INFO] - Critical DVS for vernalization (VERNDVS) reached at day 1984-06-15, but vernalization requirements not yet fulfilled. Forcing vernalization now (VERN=47.688571).
[2026-03-13 14:31:43,446][pcse.crop.phenology.Vernalisation][INFO] - Critical DVS for vernalization (VERNDVS) reached at day 1984-06-16, but vernalization requirements not yet fulfilled. Forcing vernalization now (VERN=47.688571).
[2026-03-13 14:31:43,448][pcse.crop.phenology.Vernalisation][INFO] - Critical DVS for vernalization (VERNDVS) reached at day 1984-06-17, but vernalization requirements not yet fulfilled. Forcing vernalization now (VERN=47.688571).
[2026-03-13 14:31:43,451][pcse.crop.phenology.Vernalisation][INFO] - Critical DVS for vernalization (VERNDVS) reached at day 1984-06-18, but vernalization requirements not yet fulfilled. Forcing vernalization now (VERN=47.688571).
[2026-03-13 14:31:43,454][pcse.crop.phenology.Vernalisation][INFO] - Critical DVS for vernalization (VERNDVS) reached at day 1984-06-19, but vernalization requirements not yet fulfilled. Forcing vernalization now (VERN=47.688571).
[2026-03-13 14:31:43,457][pcse.crop.phenology.Vernalisation][INFO] - Critical DVS for vernalization (VERNDVS) reached at day 1984-06-20, but vernalization requirements not yet fulfilled. Forcing vernalization now (VERN=47.688571).
[2026-03-13 14:31:43,460][pcse.crop.phenology.Vernalisation][INFO] - Critical DVS for vernalization (VERNDVS) reached at day 1984-06-21, but vernalization requirements not yet fulfilled. Forcing vernalization now (VERN=47.688571).
[2026-03-13 14:31:43,462][pcse.crop.phenology.Vernalisation][INFO] - Critical DVS for vernalization (VERNDVS) reached at day 1984-06-22, but vernalization requirements not yet fulfilled. Forcing vernalization now (VERN=47.688571).
[2026-03-13 14:31:43,465][pcse.crop.phenology.Vernalisation][INFO] - Critical DVS for vernalization (VERNDVS) reached at day 1984-06-23, but vernalization requirements not yet fulfilled. Forcing vernalization now (VERN=47.688571).
[2026-03-13 14:31:43,468][pcse.crop.phenology.Vernalisation][INFO] - Critical DVS for vernalization (VERNDVS) reached at day 1984-06-24, but vernalization requirements not yet fulfilled. Forcing vernalization now (VERN=47.688571).
[2026-03-13 14:31:43,471][pcse.crop.phenology.Vernalisation][INFO] - Critical DVS for vernalization (VERNDVS) reached at day 1984-06-25, but vernalization requirements not yet fulfilled. Forcing vernalization now (VERN=47.688571).
[2026-03-13 14:31:43,473][pcse.crop.phenology.Vernalisation][INFO] - Critical DVS for vernalization (VERNDVS) reached at day 1984-06-26, but vernalization requirements not yet fulfilled. Forcing vernalization now (VERN=47.688571).
[2026-03-13 14:31:43,476][pcse.crop.phenology.Vernalisation][INFO] - Critical DVS for vernalization (VERNDVS) reached at day 1984-06-27, but vernalization requirements not yet fulfilled. Forcing vernalization now (VERN=47.688571).
[2026-03-13 14:31:43,479][pcse.crop.phenology.Vernalisation][INFO] - Critical DVS for vernalization (VERNDVS) reached at day 1984-06-28, but vernalization requirements not yet fulfilled. Forcing vernalization now (VERN=47.688571).
[2026-03-13 14:31:43,482][pcse.crop.phenology.Vernalisation][INFO] - Critical DVS for vernalization (VERNDVS) reached at day 1984-06-29, but vernalization requirements not yet fulfilled. Forcing vernalization now (VERN=47.688571).
[2026-03-13 14:31:43,482][pcse.crop.phenology.Annual_Phenology][INFO] - Changed phenological stage 'vegetative' to 'reproductive' on 1984-06-29
[2026-03-13 14:31:43,660][pcse.crop.phenology.Annual_Phenology][INFO] - Changed phenological stage 'reproductive' to 'mature' on 1984-09-13
[2026-03-13 14:31:43,705][pcse.base.timer.Timer][INFO] - Reached end of simulation period as specified by END_DATE.
[2026-03-13 14:31:43,710][pcse.agromanager.SoilCalendar][INFO] - Starting soil (oregon) with variation (oregon_1) on day 1984-02-01
[2026-03-13 14:31:43,712][pcse.agromanager.CropCalendar][INFO] - Starting crop (wheat) with variety (wheat_1) on day 1984-02-01
[2026-03-13 14:31:43,955][pcse.crop.phenology.Annual_Phenology][INFO] - Changed phenological stage 'emerging' to 'vegetative' on 1984-04-10
[2026-03-13 14:31:44,079][pcse.crop.phenology.Vernalisation][INFO] - Critical DVS for vernalization (VERNDVS) reached at day 1984-06-02, but vernalization requirements not yet fulfilled. Forcing vernalization now (VERN=47.688571).
[2026-03-13 14:31:44,082][pcse.crop.phenology.Vernalisation][INFO] - Critical DVS for vernalization (VERNDVS) reached at day 1984-06-03, but vernalization requirements not yet fulfilled. Forcing vernalization now (VERN=47.688571).
[2026-03-13 14:31:44,084][pcse.crop.phenology.Vernalisation][INFO] - Critical DVS for vernalization (VERNDVS) reached at day 1984-06-04, but vernalization requirements not yet fulfilled. Forcing vernalization now (VERN=47.688571).
[2026-03-13 14:31:44,087][pcse.crop.phenology.Vernalisation][INFO] - Critical DVS for vernalization (VERNDVS) reached at day 1984-06-05, but vernalization requirements not yet fulfilled. Forcing vernalization now (VERN=47.688571).
[2026-03-13 14:31:44,089][pcse.crop.phenology.Vernalisation][INFO] - Critical DVS for vernalization (VERNDVS) reached at day 1984-06-06, but vernalization requirements not yet fulfilled. Forcing vernalization now (VERN=47.688571).
[2026-03-13 14:31:44,092][pcse.crop.phenology.Vernalisation][INFO] - Critical DVS for vernalization (VERNDVS) reached at day 1984-06-07, but vernalization requirements not yet fulfilled. Forcing vernalization now (VERN=47.688571).
[2026-03-13 14:31:44,094][pcse.crop.phenology.Vernalisation][INFO] - Critical DVS for vernalization (VERNDVS) reached at day 1984-06-08, but vernalization requirements not yet fulfilled. Forcing vernalization now (VERN=47.688571).
[2026-03-13 14:31:44,097][pcse.crop.phenology.Vernalisation][INFO] - Critical DVS for vernalization (VERNDVS) reached at day 1984-06-09, but vernalization requirements not yet fulfilled. Forcing vernalization now (VERN=47.688571).
[2026-03-13 14:31:44,099][pcse.crop.phenology.Vernalisation][INFO] - Critical DVS for vernalization (VERNDVS) reached at day 1984-06-10, but vernalization requirements not yet fulfilled. Forcing vernalization now (VERN=47.688571).
[2026-03-13 14:31:44,102][pcse.crop.phenology.Vernalisation][INFO] - Critical DVS for vernalization (VERNDVS) reached at day 1984-06-11, but vernalization requirements not yet fulfilled. Forcing vernalization now (VERN=47.688571).
[2026-03-13 14:31:44,104][pcse.crop.phenology.Vernalisation][INFO] - Critical DVS for vernalization (VERNDVS) reached at day 1984-06-12, but vernalization requirements not yet fulfilled. Forcing vernalization now (VERN=47.688571).
[2026-03-13 14:31:44,107][pcse.crop.phenology.Vernalisation][INFO] - Critical DVS for vernalization (VERNDVS) reached at day 1984-06-13, but vernalization requirements not yet fulfilled. Forcing vernalization now (VERN=47.688571).
[2026-03-13 14:31:44,110][pcse.crop.phenology.Vernalisation][INFO] - Critical DVS for vernalization (VERNDVS) reached at day 1984-06-14, but vernalization requirements not yet fulfilled. Forcing vernalization now (VERN=47.688571).
[2026-03-13 14:31:44,113][pcse.crop.phenology.Vernalisation][INFO] - Critical DVS for vernalization (VERNDVS) reached at day 1984-06-15, but vernalization requirements not yet fulfilled. Forcing vernalization now (VERN=47.688571).
[2026-03-13 14:31:44,115][pcse.crop.phenology.Vernalisation][INFO] - Critical DVS for vernalization (VERNDVS) reached at day 1984-06-16, but vernalization requirements not yet fulfilled. Forcing vernalization now (VERN=47.688571).
[2026-03-13 14:31:44,118][pcse.crop.phenology.Vernalisation][INFO] - Critical DVS for vernalization (VERNDVS) reached at day 1984-06-17, but vernalization requirements not yet fulfilled. Forcing vernalization now (VERN=47.688571).
[2026-03-13 14:31:44,120][pcse.crop.phenology.Vernalisation][INFO] - Critical DVS for vernalization (VERNDVS) reached at day 1984-06-18, but vernalization requirements not yet fulfilled. Forcing vernalization now (VERN=47.688571).
[2026-03-13 14:31:44,123][pcse.crop.phenology.Vernalisation][INFO] - Critical DVS for vernalization (VERNDVS) reached at day 1984-06-19, but vernalization requirements not yet fulfilled. Forcing vernalization now (VERN=47.688571).
[2026-03-13 14:31:44,126][pcse.crop.phenology.Vernalisation][INFO] - Critical DVS for vernalization (VERNDVS) reached at day 1984-06-20, but vernalization requirements not yet fulfilled. Forcing vernalization now (VERN=47.688571).
[2026-03-13 14:31:44,128][pcse.crop.phenology.Vernalisation][INFO] - Critical DVS for vernalization (VERNDVS) reached at day 1984-06-21, but vernalization requirements not yet fulfilled. Forcing vernalization now (VERN=47.688571).
[2026-03-13 14:31:44,131][pcse.crop.phenology.Vernalisation][INFO] - Critical DVS for vernalization (VERNDVS) reached at day 1984-06-22, but vernalization requirements not yet fulfilled. Forcing vernalization now (VERN=47.688571).
[2026-03-13 14:31:44,133][pcse.crop.phenology.Vernalisation][INFO] - Critical DVS for vernalization (VERNDVS) reached at day 1984-06-23, but vernalization requirements not yet fulfilled. Forcing vernalization now (VERN=47.688571).
[2026-03-13 14:31:44,136][pcse.crop.phenology.Vernalisation][INFO] - Critical DVS for vernalization (VERNDVS) reached at day 1984-06-24, but vernalization requirements not yet fulfilled. Forcing vernalization now (VERN=47.688571).
[2026-03-13 14:31:44,138][pcse.crop.phenology.Vernalisation][INFO] - Critical DVS for vernalization (VERNDVS) reached at day 1984-06-25, but vernalization requirements not yet fulfilled. Forcing vernalization now (VERN=47.688571).
[2026-03-13 14:31:44,141][pcse.crop.phenology.Vernalisation][INFO] - Critical DVS for vernalization (VERNDVS) reached at day 1984-06-26, but vernalization requirements not yet fulfilled. Forcing vernalization now (VERN=47.688571).
[2026-03-13 14:31:44,144][pcse.crop.phenology.Vernalisation][INFO] - Critical DVS for vernalization (VERNDVS) reached at day 1984-06-27, but vernalization requirements not yet fulfilled. Forcing vernalization now (VERN=47.688571).
[2026-03-13 14:31:44,146][pcse.crop.phenology.Vernalisation][INFO] - Critical DVS for vernalization (VERNDVS) reached at day 1984-06-28, but vernalization requirements not yet fulfilled. Forcing vernalization now (VERN=47.688571).
[2026-03-13 14:31:44,148][pcse.crop.phenology.Vernalisation][INFO] - Critical DVS for vernalization (VERNDVS) reached at day 1984-06-29, but vernalization requirements not yet fulfilled. Forcing vernalization now (VERN=47.688571).
[2026-03-13 14:31:44,149][pcse.crop.phenology.Annual_Phenology][INFO] - Changed phenological stage 'vegetative' to 'reproductive' on 1984-06-29
[2026-03-13 14:31:44,331][pcse.crop.phenology.Annual_Phenology][INFO] - Changed phenological stage 'reproductive' to 'mature' on 1984-09-13
[2026-03-13 14:31:44,372][pcse.base.timer.Timer][INFO] - Reached end of simulation period as specified by END_DATE.
[2026-03-13 14:31:44,377][pcse.agromanager.SoilCalendar][INFO] - Starting soil (oregon) with variation (oregon_1) on day 1984-02-01
[2026-03-13 14:31:44,379][pcse.agromanager.CropCalendar][INFO] - Starting crop (wheat) with variety (wheat_1) on day 1984-02-01
[DBG] step=1500 r_hat=-0.030012
[2026-03-13 14:31:44,618][pcse.crop.phenology.Annual_Phenology][INFO] - Changed phenological stage 'emerging' to 'vegetative' on 1984-04-10
[2026-03-13 14:31:44,740][pcse.crop.phenology.Vernalisation][INFO] - Critical DVS for vernalization (VERNDVS) reached at day 1984-06-02, but vernalization requirements not yet fulfilled. Forcing vernalization now (VERN=47.688571).
[2026-03-13 14:31:44,743][pcse.crop.phenology.Vernalisation][INFO] - Critical DVS for vernalization (VERNDVS) reached at day 1984-06-03, but vernalization requirements not yet fulfilled. Forcing vernalization now (VERN=47.688571).
[2026-03-13 14:31:44,746][pcse.crop.phenology.Vernalisation][INFO] - Critical DVS for vernalization (VERNDVS) reached at day 1984-06-04, but vernalization requirements not yet fulfilled. Forcing vernalization now (VERN=47.688571).
[2026-03-13 14:31:44,749][pcse.crop.phenology.Vernalisation][INFO] - Critical DVS for vernalization (VERNDVS) reached at day 1984-06-05, but vernalization requirements not yet fulfilled. Forcing vernalization now (VERN=47.688571).
[2026-03-13 14:31:44,751][pcse.crop.phenology.Vernalisation][INFO] - Critical DVS for vernalization (VERNDVS) reached at day 1984-06-06, but vernalization requirements not yet fulfilled. Forcing vernalization now (VERN=47.688571).
[2026-03-13 14:31:44,754][pcse.crop.phenology.Vernalisation][INFO] - Critical DVS for vernalization (VERNDVS) reached at day 1984-06-07, but vernalization requirements not yet fulfilled. Forcing vernalization now (VERN=47.688571).
[2026-03-13 14:31:44,757][pcse.crop.phenology.Vernalisation][INFO] - Critical DVS for vernalization (VERNDVS) reached at day 1984-06-08, but vernalization requirements not yet fulfilled. Forcing vernalization now (VERN=47.688571).
[2026-03-13 14:31:44,760][pcse.crop.phenology.Vernalisation][INFO] - Critical DVS for vernalization (VERNDVS) reached at day 1984-06-09, but vernalization requirements not yet fulfilled. Forcing vernalization now (VERN=47.688571).
[2026-03-13 14:31:44,762][pcse.crop.phenology.Vernalisation][INFO] - Critical DVS for vernalization (VERNDVS) reached at day 1984-06-10, but vernalization requirements not yet fulfilled. Forcing vernalization now (VERN=47.688571).
[2026-03-13 14:31:44,765][pcse.crop.phenology.Vernalisation][INFO] - Critical DVS for vernalization (VERNDVS) reached at day 1984-06-11, but vernalization requirements not yet fulfilled. Forcing vernalization now (VERN=47.688571).
[2026-03-13 14:31:44,768][pcse.crop.phenology.Vernalisation][INFO] - Critical DVS for vernalization (VERNDVS) reached at day 1984-06-12, but vernalization requirements not yet fulfilled. Forcing vernalization now (VERN=47.688571).
[2026-03-13 14:31:44,770][pcse.crop.phenology.Vernalisation][INFO] - Critical DVS for vernalization (VERNDVS) reached at day 1984-06-13, but vernalization requirements not yet fulfilled. Forcing vernalization now (VERN=47.688571).
[2026-03-13 14:31:44,773][pcse.crop.phenology.Vernalisation][INFO] - Critical DVS for vernalization (VERNDVS) reached at day 1984-06-14, but vernalization requirements not yet fulfilled. Forcing vernalization now (VERN=47.688571).
[2026-03-13 14:31:44,776][pcse.crop.phenology.Vernalisation][INFO] - Critical DVS for vernalization (VERNDVS) reached at day 1984-06-15, but vernalization requirements not yet fulfilled. Forcing vernalization now (VERN=47.688571).
[2026-03-13 14:31:44,778][pcse.crop.phenology.Vernalisation][INFO] - Critical DVS for vernalization (VERNDVS) reached at day 1984-06-16, but vernalization requirements not yet fulfilled. Forcing vernalization now (VERN=47.688571).
[2026-03-13 14:31:44,781][pcse.crop.phenology.Vernalisation][INFO] - Critical DVS for vernalization (VERNDVS) reached at day 1984-06-17, but vernalization requirements not yet fulfilled. Forcing vernalization now (VERN=47.688571).
[2026-03-13 14:31:44,783][pcse.crop.phenology.Vernalisation][INFO] - Critical DVS for vernalization (VERNDVS) reached at day 1984-06-18, but vernalization requirements not yet fulfilled. Forcing vernalization now (VERN=47.688571).
[2026-03-13 14:31:44,786][pcse.crop.phenology.Vernalisation][INFO] - Critical DVS for vernalization (VERNDVS) reached at day 1984-06-19, but vernalization requirements not yet fulfilled. Forcing vernalization now (VERN=47.688571).
[2026-03-13 14:31:44,788][pcse.crop.phenology.Vernalisation][INFO] - Critical DVS for vernalization (VERNDVS) reached at day 1984-06-20, but vernalization requirements not yet fulfilled. Forcing vernalization now (VERN=47.688571).
[2026-03-13 14:31:44,791][pcse.crop.phenology.Vernalisation][INFO] - Critical DVS for vernalization (VERNDVS) reached at day 1984-06-21, but vernalization requirements not yet fulfilled. Forcing vernalization now (VERN=47.688571).
[2026-03-13 14:31:44,793][pcse.crop.phenology.Vernalisation][INFO] - Critical DVS for vernalization (VERNDVS) reached at day 1984-06-22, but vernalization requirements not yet fulfilled. Forcing vernalization now (VERN=47.688571).
[2026-03-13 14:31:44,796][pcse.crop.phenology.Vernalisation][INFO] - Critical DVS for vernalization (VERNDVS) reached at day 1984-06-23, but vernalization requirements not yet fulfilled. Forcing vernalization now (VERN=47.688571).
[2026-03-13 14:31:44,798][pcse.crop.phenology.Vernalisation][INFO] - Critical DVS for vernalization (VERNDVS) reached at day 1984-06-24, but vernalization requirements not yet fulfilled. Forcing vernalization now (VERN=47.688571).
[2026-03-13 14:31:44,801][pcse.crop.phenology.Vernalisation][INFO] - Critical DVS for vernalization (VERNDVS) reached at day 1984-06-25, but vernalization requirements not yet fulfilled. Forcing vernalization now (VERN=47.688571).
[2026-03-13 14:31:44,803][pcse.crop.phenology.Vernalisation][INFO] - Critical DVS for vernalization (VERNDVS) reached at day 1984-06-26, but vernalization requirements not yet fulfilled. Forcing vernalization now (VERN=47.688571).
[2026-03-13 14:31:44,806][pcse.crop.phenology.Vernalisation][INFO] - Critical DVS for vernalization (VERNDVS) reached at day 1984-06-27, but vernalization requirements not yet fulfilled. Forcing vernalization now (VERN=47.688571).
[2026-03-13 14:31:44,808][pcse.crop.phenology.Vernalisation][INFO] - Critical DVS for vernalization (VERNDVS) reached at day 1984-06-28, but vernalization requirements not yet fulfilled. Forcing vernalization now (VERN=47.688571).
[2026-03-13 14:31:44,811][pcse.crop.phenology.Vernalisation][INFO] - Critical DVS for vernalization (VERNDVS) reached at day 1984-06-29, but vernalization requirements not yet fulfilled. Forcing vernalization now (VERN=47.688571).
[2026-03-13 14:31:44,811][pcse.crop.phenology.Annual_Phenology][INFO] - Changed phenological stage 'vegetative' to 'reproductive' on 1984-06-29
[2026-03-13 14:31:44,990][pcse.crop.phenology.Annual_Phenology][INFO] - Changed phenological stage 'reproductive' to 'mature' on 1984-09-13
[2026-03-13 14:31:45,030][pcse.base.timer.Timer][INFO] - Reached end of simulation period as specified by END_DATE.
[2026-03-13 14:31:45,035][pcse.agromanager.SoilCalendar][INFO] - Starting soil (oregon) with variation (oregon_1) on day 1984-02-01
[2026-03-13 14:31:45,037][pcse.agromanager.CropCalendar][INFO] - Starting crop (wheat) with variety (wheat_1) on day 1984-02-01
[2026-03-13 14:31:45,274][pcse.crop.phenology.Annual_Phenology][INFO] - Changed phenological stage 'emerging' to 'vegetative' on 1984-04-10
[2026-03-13 14:31:45,398][pcse.crop.phenology.Vernalisation][INFO] - Critical DVS for vernalization (VERNDVS) reached at day 1984-06-02, but vernalization requirements not yet fulfilled. Forcing vernalization now (VERN=47.688571).
[2026-03-13 14:31:45,400][pcse.crop.phenology.Vernalisation][INFO] - Critical DVS for vernalization (VERNDVS) reached at day 1984-06-03, but vernalization requirements not yet fulfilled. Forcing vernalization now (VERN=47.688571).
[2026-03-13 14:31:45,403][pcse.crop.phenology.Vernalisation][INFO] - Critical DVS for vernalization (VERNDVS) reached at day 1984-06-04, but vernalization requirements not yet fulfilled. Forcing vernalization now (VERN=47.688571).
[2026-03-13 14:31:45,405][pcse.crop.phenology.Vernalisation][INFO] - Critical DVS for vernalization (VERNDVS) reached at day 1984-06-05, but vernalization requirements not yet fulfilled. Forcing vernalization now (VERN=47.688571).
[2026-03-13 14:31:45,408][pcse.crop.phenology.Vernalisation][INFO] - Critical DVS for vernalization (VERNDVS) reached at day 1984-06-06, but vernalization requirements not yet fulfilled. Forcing vernalization now (VERN=47.688571).
[2026-03-13 14:31:45,410][pcse.crop.phenology.Vernalisation][INFO] - Critical DVS for vernalization (VERNDVS) reached at day 1984-06-07, but vernalization requirements not yet fulfilled. Forcing vernalization now (VERN=47.688571).
[2026-03-13 14:31:45,412][pcse.crop.phenology.Vernalisation][INFO] - Critical DVS for vernalization (VERNDVS) reached at day 1984-06-08, but vernalization requirements not yet fulfilled. Forcing vernalization now (VERN=47.688571).
[2026-03-13 14:31:45,415][pcse.crop.phenology.Vernalisation][INFO] - Critical DVS for vernalization (VERNDVS) reached at day 1984-06-09, but vernalization requirements not yet fulfilled. Forcing vernalization now (VERN=47.688571).
[2026-03-13 14:31:45,417][pcse.crop.phenology.Vernalisation][INFO] - Critical DVS for vernalization (VERNDVS) reached at day 1984-06-10, but vernalization requirements not yet fulfilled. Forcing vernalization now (VERN=47.688571).
[2026-03-13 14:31:45,420][pcse.crop.phenology.Vernalisation][INFO] - Critical DVS for vernalization (VERNDVS) reached at day 1984-06-11, but vernalization requirements not yet fulfilled. Forcing vernalization now (VERN=47.688571).
[2026-03-13 14:31:45,423][pcse.crop.phenology.Vernalisation][INFO] - Critical DVS for vernalization (VERNDVS) reached at day 1984-06-12, but vernalization requirements not yet fulfilled. Forcing vernalization now (VERN=47.688571).
[2026-03-13 14:31:45,425][pcse.crop.phenology.Vernalisation][INFO] - Critical DVS for vernalization (VERNDVS) reached at day 1984-06-13, but vernalization requirements not yet fulfilled. Forcing vernalization now (VERN=47.688571).
[2026-03-13 14:31:45,428][pcse.crop.phenology.Vernalisation][INFO] - Critical DVS for vernalization (VERNDVS) reached at day 1984-06-14, but vernalization requirements not yet fulfilled. Forcing vernalization now (VERN=47.688571).
[2026-03-13 14:31:45,431][pcse.crop.phenology.Vernalisation][INFO] - Critical DVS for vernalization (VERNDVS) reached at day 1984-06-15, but vernalization requirements not yet fulfilled. Forcing vernalization now (VERN=47.688571).
[2026-03-13 14:31:45,433][pcse.crop.phenology.Vernalisation][INFO] - Critical DVS for vernalization (VERNDVS) reached at day 1984-06-16, but vernalization requirements not yet fulfilled. Forcing vernalization now (VERN=47.688571).
[2026-03-13 14:31:45,436][pcse.crop.phenology.Vernalisation][INFO] - Critical DVS for vernalization (VERNDVS) reached at day 1984-06-17, but vernalization requirements not yet fulfilled. Forcing vernalization now (VERN=47.688571).
[2026-03-13 14:31:45,438][pcse.crop.phenology.Vernalisation][INFO] - Critical DVS for vernalization (VERNDVS) reached at day 1984-06-18, but vernalization requirements not yet fulfilled. Forcing vernalization now (VERN=47.688571).
[2026-03-13 14:31:45,441][pcse.crop.phenology.Vernalisation][INFO] - Critical DVS for vernalization (VERNDVS) reached at day 1984-06-19, but vernalization requirements not yet fulfilled. Forcing vernalization now (VERN=47.688571).
[2026-03-13 14:31:45,443][pcse.crop.phenology.Vernalisation][INFO] - Critical DVS for vernalization (VERNDVS) reached at day 1984-06-20, but vernalization requirements not yet fulfilled. Forcing vernalization now (VERN=47.688571).
[2026-03-13 14:31:45,446][pcse.crop.phenology.Vernalisation][INFO] - Critical DVS for vernalization (VERNDVS) reached at day 1984-06-21, but vernalization requirements not yet fulfilled. Forcing vernalization now (VERN=47.688571).
[2026-03-13 14:31:45,448][pcse.crop.phenology.Vernalisation][INFO] - Critical DVS for vernalization (VERNDVS) reached at day 1984-06-22, but vernalization requirements not yet fulfilled. Forcing vernalization now (VERN=47.688571).
[2026-03-13 14:31:45,451][pcse.crop.phenology.Vernalisation][INFO] - Critical DVS for vernalization (VERNDVS) reached at day 1984-06-23, but vernalization requirements not yet fulfilled. Forcing vernalization now (VERN=47.688571).
[2026-03-13 14:31:45,454][pcse.crop.phenology.Vernalisation][INFO] - Critical DVS for vernalization (VERNDVS) reached at day 1984-06-24, but vernalization requirements not yet fulfilled. Forcing vernalization now (VERN=47.688571).
[2026-03-13 14:31:45,457][pcse.crop.phenology.Vernalisation][INFO] - Critical DVS for vernalization (VERNDVS) reached at day 1984-06-25, but vernalization requirements not yet fulfilled. Forcing vernalization now (VERN=47.688571).
[2026-03-13 14:31:45,460][pcse.crop.phenology.Vernalisation][INFO] - Critical DVS for vernalization (VERNDVS) reached at day 1984-06-26, but vernalization requirements not yet fulfilled. Forcing vernalization now (VERN=47.688571).
[2026-03-13 14:31:45,462][pcse.crop.phenology.Vernalisation][INFO] - Critical DVS for vernalization (VERNDVS) reached at day 1984-06-27, but vernalization requirements not yet fulfilled. Forcing vernalization now (VERN=47.688571).
[2026-03-13 14:31:45,465][pcse.crop.phenology.Vernalisation][INFO] - Critical DVS for vernalization (VERNDVS) reached at day 1984-06-28, but vernalization requirements not yet fulfilled. Forcing vernalization now (VERN=47.688571).
[2026-03-13 14:31:45,468][pcse.crop.phenology.Vernalisation][INFO] - Critical DVS for vernalization (VERNDVS) reached at day 1984-06-29, but vernalization requirements not yet fulfilled. Forcing vernalization now (VERN=47.688571).
[2026-03-13 14:31:45,468][pcse.crop.phenology.Annual_Phenology][INFO] - Changed phenological stage 'vegetative' to 'reproductive' on 1984-06-29
[2026-03-13 14:31:45,646][pcse.crop.phenology.Annual_Phenology][INFO] - Changed phenological stage 'reproductive' to 'mature' on 1984-09-13
[2026-03-13 14:31:45,686][pcse.base.timer.Timer][INFO] - Reached end of simulation period as specified by END_DATE.
[2026-03-13 14:31:45,690][pcse.agromanager.SoilCalendar][INFO] - Starting soil (oregon) with variation (oregon_1) on day 1984-02-01
[2026-03-13 14:31:45,692][pcse.agromanager.CropCalendar][INFO] - Starting crop (wheat) with variety (wheat_1) on day 1984-02-01
[2026-03-13 14:31:45,930][pcse.crop.phenology.Annual_Phenology][INFO] - Changed phenological stage 'emerging' to 'vegetative' on 1984-04-10
[DBG] step=2000 r_hat=-0.022303
[2026-03-13 14:31:46,052][pcse.crop.phenology.Vernalisation][INFO] - Critical DVS for vernalization (VERNDVS) reached at day 1984-06-02, but vernalization requirements not yet fulfilled. Forcing vernalization now (VERN=47.688571).
[2026-03-13 14:31:46,055][pcse.crop.phenology.Vernalisation][INFO] - Critical DVS for vernalization (VERNDVS) reached at day 1984-06-03, but vernalization requirements not yet fulfilled. Forcing vernalization now (VERN=47.688571).
[2026-03-13 14:31:46,057][pcse.crop.phenology.Vernalisation][INFO] - Critical DVS for vernalization (VERNDVS) reached at day 1984-06-04, but vernalization requirements not yet fulfilled. Forcing vernalization now (VERN=47.688571).
[2026-03-13 14:31:46,060][pcse.crop.phenology.Vernalisation][INFO] - Critical DVS for vernalization (VERNDVS) reached at day 1984-06-05, but vernalization requirements not yet fulfilled. Forcing vernalization now (VERN=47.688571).
[2026-03-13 14:31:46,063][pcse.crop.phenology.Vernalisation][INFO] - Critical DVS for vernalization (VERNDVS) reached at day 1984-06-06, but vernalization requirements not yet fulfilled. Forcing vernalization now (VERN=47.688571).
[2026-03-13 14:31:46,065][pcse.crop.phenology.Vernalisation][INFO] - Critical DVS for vernalization (VERNDVS) reached at day 1984-06-07, but vernalization requirements not yet fulfilled. Forcing vernalization now (VERN=47.688571).
[2026-03-13 14:31:46,068][pcse.crop.phenology.Vernalisation][INFO] - Critical DVS for vernalization (VERNDVS) reached at day 1984-06-08, but vernalization requirements not yet fulfilled. Forcing vernalization now (VERN=47.688571).
[2026-03-13 14:31:46,071][pcse.crop.phenology.Vernalisation][INFO] - Critical DVS for vernalization (VERNDVS) reached at day 1984-06-09, but vernalization requirements not yet fulfilled. Forcing vernalization now (VERN=47.688571).
[2026-03-13 14:31:46,073][pcse.crop.phenology.Vernalisation][INFO] - Critical DVS for vernalization (VERNDVS) reached at day 1984-06-10, but vernalization requirements not yet fulfilled. Forcing vernalization now (VERN=47.688571).
[2026-03-13 14:31:46,076][pcse.crop.phenology.Vernalisation][INFO] - Critical DVS for vernalization (VERNDVS) reached at day 1984-06-11, but vernalization requirements not yet fulfilled. Forcing vernalization now (VERN=47.688571).
[2026-03-13 14:31:46,079][pcse.crop.phenology.Vernalisation][INFO] - Critical DVS for vernalization (VERNDVS) reached at day 1984-06-12, but vernalization requirements not yet fulfilled. Forcing vernalization now (VERN=47.688571).
[2026-03-13 14:31:46,081][pcse.crop.phenology.Vernalisation][INFO] - Critical DVS for vernalization (VERNDVS) reached at day 1984-06-13, but vernalization requirements not yet fulfilled. Forcing vernalization now (VERN=47.688571).
[2026-03-13 14:31:46,084][pcse.crop.phenology.Vernalisation][INFO] - Critical DVS for vernalization (VERNDVS) reached at day 1984-06-14, but vernalization requirements not yet fulfilled. Forcing vernalization now (VERN=47.688571).
[2026-03-13 14:31:46,087][pcse.crop.phenology.Vernalisation][INFO] - Critical DVS for vernalization (VERNDVS) reached at day 1984-06-15, but vernalization requirements not yet fulfilled. Forcing vernalization now (VERN=47.688571).
[2026-03-13 14:31:46,089][pcse.crop.phenology.Vernalisation][INFO] - Critical DVS for vernalization (VERNDVS) reached at day 1984-06-16, but vernalization requirements not yet fulfilled. Forcing vernalization now (VERN=47.688571).
[2026-03-13 14:31:46,092][pcse.crop.phenology.Vernalisation][INFO] - Critical DVS for vernalization (VERNDVS) reached at day 1984-06-17, but vernalization requirements not yet fulfilled. Forcing vernalization now (VERN=47.688571).
[2026-03-13 14:31:46,095][pcse.crop.phenology.Vernalisation][INFO] - Critical DVS for vernalization (VERNDVS) reached at day 1984-06-18, but vernalization requirements not yet fulfilled. Forcing vernalization now (VERN=47.688571).
[2026-03-13 14:31:46,097][pcse.crop.phenology.Vernalisation][INFO] - Critical DVS for vernalization (VERNDVS) reached at day 1984-06-19, but vernalization requirements not yet fulfilled. Forcing vernalization now (VERN=47.688571).
[2026-03-13 14:31:46,100][pcse.crop.phenology.Vernalisation][INFO] - Critical DVS for vernalization (VERNDVS) reached at day 1984-06-20, but vernalization requirements not yet fulfilled. Forcing vernalization now (VERN=47.688571).
[2026-03-13 14:31:46,103][pcse.crop.phenology.Vernalisation][INFO] - Critical DVS for vernalization (VERNDVS) reached at day 1984-06-21, but vernalization requirements not yet fulfilled. Forcing vernalization now (VERN=47.688571).
[2026-03-13 14:31:46,106][pcse.crop.phenology.Vernalisation][INFO] - Critical DVS for vernalization (VERNDVS) reached at day 1984-06-22, but vernalization requirements not yet fulfilled. Forcing vernalization now (VERN=47.688571).
[2026-03-13 14:31:46,108][pcse.crop.phenology.Vernalisation][INFO] - Critical DVS for vernalization (VERNDVS) reached at day 1984-06-23, but vernalization requirements not yet fulfilled. Forcing vernalization now (VERN=47.688571).
[2026-03-13 14:31:46,111][pcse.crop.phenology.Vernalisation][INFO] - Critical DVS for vernalization (VERNDVS) reached at day 1984-06-24, but vernalization requirements not yet fulfilled. Forcing vernalization now (VERN=47.688571).
[2026-03-13 14:31:46,114][pcse.crop.phenology.Vernalisation][INFO] - Critical DVS for vernalization (VERNDVS) reached at day 1984-06-25, but vernalization requirements not yet fulfilled. Forcing vernalization now (VERN=47.688571).
[2026-03-13 14:31:46,117][pcse.crop.phenology.Vernalisation][INFO] - Critical DVS for vernalization (VERNDVS) reached at day 1984-06-26, but vernalization requirements not yet fulfilled. Forcing vernalization now (VERN=47.688571).
[2026-03-13 14:31:46,119][pcse.crop.phenology.Vernalisation][INFO] - Critical DVS for vernalization (VERNDVS) reached at day 1984-06-27, but vernalization requirements not yet fulfilled. Forcing vernalization now (VERN=47.688571).
[2026-03-13 14:31:46,122][pcse.crop.phenology.Vernalisation][INFO] - Critical DVS for vernalization (VERNDVS) reached at day 1984-06-28, but vernalization requirements not yet fulfilled. Forcing vernalization now (VERN=47.688571).
[2026-03-13 14:31:46,125][pcse.crop.phenology.Vernalisation][INFO] - Critical DVS for vernalization (VERNDVS) reached at day 1984-06-29, but vernalization requirements not yet fulfilled. Forcing vernalization now (VERN=47.688571).
[2026-03-13 14:31:46,125][pcse.crop.phenology.Annual_Phenology][INFO] - Changed phenological stage 'vegetative' to 'reproductive' on 1984-06-29
[2026-03-13 14:31:46,303][pcse.crop.phenology.Annual_Phenology][INFO] - Changed phenological stage 'reproductive' to 'mature' on 1984-09-13
[2026-03-13 14:31:46,345][pcse.base.timer.Timer][INFO] - Reached end of simulation period as specified by END_DATE.
[2026-03-13 14:31:46,349][pcse.agromanager.SoilCalendar][INFO] - Starting soil (oregon) with variation (oregon_1) on day 1984-02-01
[2026-03-13 14:31:46,351][pcse.agromanager.CropCalendar][INFO] - Starting crop (wheat) with variety (wheat_1) on day 1984-02-01
[2026-03-13 14:31:46,592][pcse.crop.phenology.Annual_Phenology][INFO] - Changed phenological stage 'emerging' to 'vegetative' on 1984-04-10
[2026-03-13 14:31:46,714][pcse.crop.phenology.Vernalisation][INFO] - Critical DVS for vernalization (VERNDVS) reached at day 1984-06-02, but vernalization requirements not yet fulfilled. Forcing vernalization now (VERN=47.688571).
[2026-03-13 14:31:46,716][pcse.crop.phenology.Vernalisation][INFO] - Critical DVS for vernalization (VERNDVS) reached at day 1984-06-03, but vernalization requirements not yet fulfilled. Forcing vernalization now (VERN=47.688571).
[2026-03-13 14:31:46,719][pcse.crop.phenology.Vernalisation][INFO] - Critical DVS for vernalization (VERNDVS) reached at day 1984-06-04, but vernalization requirements not yet fulfilled. Forcing vernalization now (VERN=47.688571).
[2026-03-13 14:31:46,722][pcse.crop.phenology.Vernalisation][INFO] - Critical DVS for vernalization (VERNDVS) reached at day 1984-06-05, but vernalization requirements not yet fulfilled. Forcing vernalization now (VERN=47.688571).
[2026-03-13 14:31:46,724][pcse.crop.phenology.Vernalisation][INFO] - Critical DVS for vernalization (VERNDVS) reached at day 1984-06-06, but vernalization requirements not yet fulfilled. Forcing vernalization now (VERN=47.688571).
[2026-03-13 14:31:46,727][pcse.crop.phenology.Vernalisation][INFO] - Critical DVS for vernalization (VERNDVS) reached at day 1984-06-07, but vernalization requirements not yet fulfilled. Forcing vernalization now (VERN=47.688571).
[2026-03-13 14:31:46,730][pcse.crop.phenology.Vernalisation][INFO] - Critical DVS for vernalization (VERNDVS) reached at day 1984-06-08, but vernalization requirements not yet fulfilled. Forcing vernalization now (VERN=47.688571).
[2026-03-13 14:31:46,733][pcse.crop.phenology.Vernalisation][INFO] - Critical DVS for vernalization (VERNDVS) reached at day 1984-06-09, but vernalization requirements not yet fulfilled. Forcing vernalization now (VERN=47.688571).
[2026-03-13 14:31:46,735][pcse.crop.phenology.Vernalisation][INFO] - Critical DVS for vernalization (VERNDVS) reached at day 1984-06-10, but vernalization requirements not yet fulfilled. Forcing vernalization now (VERN=47.688571).
[2026-03-13 14:31:46,738][pcse.crop.phenology.Vernalisation][INFO] - Critical DVS for vernalization (VERNDVS) reached at day 1984-06-11, but vernalization requirements not yet fulfilled. Forcing vernalization now (VERN=47.688571).
[2026-03-13 14:31:46,741][pcse.crop.phenology.Vernalisation][INFO] - Critical DVS for vernalization (VERNDVS) reached at day 1984-06-12, but vernalization requirements not yet fulfilled. Forcing vernalization now (VERN=47.688571).
[2026-03-13 14:31:46,743][pcse.crop.phenology.Vernalisation][INFO] - Critical DVS for vernalization (VERNDVS) reached at day 1984-06-13, but vernalization requirements not yet fulfilled. Forcing vernalization now (VERN=47.688571).
[2026-03-13 14:31:46,746][pcse.crop.phenology.Vernalisation][INFO] - Critical DVS for vernalization (VERNDVS) reached at day 1984-06-14, but vernalization requirements not yet fulfilled. Forcing vernalization now (VERN=47.688571).
[2026-03-13 14:31:46,749][pcse.crop.phenology.Vernalisation][INFO] - Critical DVS for vernalization (VERNDVS) reached at day 1984-06-15, but vernalization requirements not yet fulfilled. Forcing vernalization now (VERN=47.688571).
[2026-03-13 14:31:46,752][pcse.crop.phenology.Vernalisation][INFO] - Critical DVS for vernalization (VERNDVS) reached at day 1984-06-16, but vernalization requirements not yet fulfilled. Forcing vernalization now (VERN=47.688571).
[2026-03-13 14:31:46,755][pcse.crop.phenology.Vernalisation][INFO] - Critical DVS for vernalization (VERNDVS) reached at day 1984-06-17, but vernalization requirements not yet fulfilled. Forcing vernalization now (VERN=47.688571).
[2026-03-13 14:31:46,758][pcse.crop.phenology.Vernalisation][INFO] - Critical DVS for vernalization (VERNDVS) reached at day 1984-06-18, but vernalization requirements not yet fulfilled. Forcing vernalization now (VERN=47.688571).
[2026-03-13 14:31:46,760][pcse.crop.phenology.Vernalisation][INFO] - Critical DVS for vernalization (VERNDVS) reached at day 1984-06-19, but vernalization requirements not yet fulfilled. Forcing vernalization now (VERN=47.688571).
[2026-03-13 14:31:46,763][pcse.crop.phenology.Vernalisation][INFO] - Critical DVS for vernalization (VERNDVS) reached at day 1984-06-20, but vernalization requirements not yet fulfilled. Forcing vernalization now (VERN=47.688571).
[2026-03-13 14:31:46,766][pcse.crop.phenology.Vernalisation][INFO] - Critical DVS for vernalization (VERNDVS) reached at day 1984-06-21, but vernalization requirements not yet fulfilled. Forcing vernalization now (VERN=47.688571).
[2026-03-13 14:31:46,768][pcse.crop.phenology.Vernalisation][INFO] - Critical DVS for vernalization (VERNDVS) reached at day 1984-06-22, but vernalization requirements not yet fulfilled. Forcing vernalization now (VERN=47.688571).
[2026-03-13 14:31:46,771][pcse.crop.phenology.Vernalisation][INFO] - Critical DVS for vernalization (VERNDVS) reached at day 1984-06-23, but vernalization requirements not yet fulfilled. Forcing vernalization now (VERN=47.688571).
[2026-03-13 14:31:46,774][pcse.crop.phenology.Vernalisation][INFO] - Critical DVS for vernalization (VERNDVS) reached at day 1984-06-24, but vernalization requirements not yet fulfilled. Forcing vernalization now (VERN=47.688571).
[2026-03-13 14:31:46,776][pcse.crop.phenology.Vernalisation][INFO] - Critical DVS for vernalization (VERNDVS) reached at day 1984-06-25, but vernalization requirements not yet fulfilled. Forcing vernalization now (VERN=47.688571).
[2026-03-13 14:31:46,779][pcse.crop.phenology.Vernalisation][INFO] - Critical DVS for vernalization (VERNDVS) reached at day 1984-06-26, but vernalization requirements not yet fulfilled. Forcing vernalization now (VERN=47.688571).
[2026-03-13 14:31:46,781][pcse.crop.phenology.Vernalisation][INFO] - Critical DVS for vernalization (VERNDVS) reached at day 1984-06-27, but vernalization requirements not yet fulfilled. Forcing vernalization now (VERN=47.688571).
[2026-03-13 14:31:46,784][pcse.crop.phenology.Vernalisation][INFO] - Critical DVS for vernalization (VERNDVS) reached at day 1984-06-28, but vernalization requirements not yet fulfilled. Forcing vernalization now (VERN=47.688571).
[2026-03-13 14:31:46,787][pcse.crop.phenology.Vernalisation][INFO] - Critical DVS for vernalization (VERNDVS) reached at day 1984-06-29, but vernalization requirements not yet fulfilled. Forcing vernalization now (VERN=47.688571).
[2026-03-13 14:31:46,787][pcse.crop.phenology.Annual_Phenology][INFO] - Changed phenological stage 'vegetative' to 'reproductive' on 1984-06-29
[2026-03-13 14:31:46,966][pcse.crop.phenology.Annual_Phenology][INFO] - Changed phenological stage 'reproductive' to 'mature' on 1984-09-13
[2026-03-13 14:31:47,007][pcse.base.timer.Timer][INFO] - Reached end of simulation period as specified by END_DATE.
[2026-03-13 14:31:47,011][pcse.agromanager.SoilCalendar][INFO] - Starting soil (oregon) with variation (oregon_1) on day 1984-02-01
[2026-03-13 14:31:47,013][pcse.agromanager.CropCalendar][INFO] - Starting crop (wheat) with variety (wheat_1) on day 1984-02-01
[2026-03-13 14:31:47,254][pcse.crop.phenology.Annual_Phenology][INFO] - Changed phenological stage 'emerging' to 'vegetative' on 1984-04-10
[DBG] step=2500 r_hat=-0.019280
[2026-03-13 14:31:47,376][pcse.crop.phenology.Vernalisation][INFO] - Critical DVS for vernalization (VERNDVS) reached at day 1984-06-02, but vernalization requirements not yet fulfilled. Forcing vernalization now (VERN=47.688571).
[2026-03-13 14:31:47,378][pcse.crop.phenology.Vernalisation][INFO] - Critical DVS for vernalization (VERNDVS) reached at day 1984-06-03, but vernalization requirements not yet fulfilled. Forcing vernalization now (VERN=47.688571).
[2026-03-13 14:31:47,381][pcse.crop.phenology.Vernalisation][INFO] - Critical DVS for vernalization (VERNDVS) reached at day 1984-06-04, but vernalization requirements not yet fulfilled. Forcing vernalization now (VERN=47.688571).
[2026-03-13 14:31:47,384][pcse.crop.phenology.Vernalisation][INFO] - Critical DVS for vernalization (VERNDVS) reached at day 1984-06-05, but vernalization requirements not yet fulfilled. Forcing vernalization now (VERN=47.688571).
[2026-03-13 14:31:47,387][pcse.crop.phenology.Vernalisation][INFO] - Critical DVS for vernalization (VERNDVS) reached at day 1984-06-06, but vernalization requirements not yet fulfilled. Forcing vernalization now (VERN=47.688571).
[2026-03-13 14:31:47,389][pcse.crop.phenology.Vernalisation][INFO] - Critical DVS for vernalization (VERNDVS) reached at day 1984-06-07, but vernalization requirements not yet fulfilled. Forcing vernalization now (VERN=47.688571).
[2026-03-13 14:31:47,392][pcse.crop.phenology.Vernalisation][INFO] - Critical DVS for vernalization (VERNDVS) reached at day 1984-06-08, but vernalization requirements not yet fulfilled. Forcing vernalization now (VERN=47.688571).
[2026-03-13 14:31:47,395][pcse.crop.phenology.Vernalisation][INFO] - Critical DVS for vernalization (VERNDVS) reached at day 1984-06-09, but vernalization requirements not yet fulfilled. Forcing vernalization now (VERN=47.688571).
[2026-03-13 14:31:47,398][pcse.crop.phenology.Vernalisation][INFO] - Critical DVS for vernalization (VERNDVS) reached at day 1984-06-10, but vernalization requirements not yet fulfilled. Forcing vernalization now (VERN=47.688571).
[2026-03-13 14:31:47,400][pcse.crop.phenology.Vernalisation][INFO] - Critical DVS for vernalization (VERNDVS) reached at day 1984-06-11, but vernalization requirements not yet fulfilled. Forcing vernalization now (VERN=47.688571).
[2026-03-13 14:31:47,403][pcse.crop.phenology.Vernalisation][INFO] - Critical DVS for vernalization (VERNDVS) reached at day 1984-06-12, but vernalization requirements not yet fulfilled. Forcing vernalization now (VERN=47.688571).
[2026-03-13 14:31:47,405][pcse.crop.phenology.Vernalisation][INFO] - Critical DVS for vernalization (VERNDVS) reached at day 1984-06-13, but vernalization requirements not yet fulfilled. Forcing vernalization now (VERN=47.688571).
[2026-03-13 14:31:47,408][pcse.crop.phenology.Vernalisation][INFO] - Critical DVS for vernalization (VERNDVS) reached at day 1984-06-14, but vernalization requirements not yet fulfilled. Forcing vernalization now (VERN=47.688571).
[2026-03-13 14:31:47,411][pcse.crop.phenology.Vernalisation][INFO] - Critical DVS for vernalization (VERNDVS) reached at day 1984-06-15, but vernalization requirements not yet fulfilled. Forcing vernalization now (VERN=47.688571).
[2026-03-13 14:31:47,413][pcse.crop.phenology.Vernalisation][INFO] - Critical DVS for vernalization (VERNDVS) reached at day 1984-06-16, but vernalization requirements not yet fulfilled. Forcing vernalization now (VERN=47.688571).
[2026-03-13 14:31:47,416][pcse.crop.phenology.Vernalisation][INFO] - Critical DVS for vernalization (VERNDVS) reached at day 1984-06-17, but vernalization requirements not yet fulfilled. Forcing vernalization now (VERN=47.688571).
[2026-03-13 14:31:47,419][pcse.crop.phenology.Vernalisation][INFO] - Critical DVS for vernalization (VERNDVS) reached at day 1984-06-18, but vernalization requirements not yet fulfilled. Forcing vernalization now (VERN=47.688571).
[2026-03-13 14:31:47,422][pcse.crop.phenology.Vernalisation][INFO] - Critical DVS for vernalization (VERNDVS) reached at day 1984-06-19, but vernalization requirements not yet fulfilled. Forcing vernalization now (VERN=47.688571).
[2026-03-13 14:31:47,424][pcse.crop.phenology.Vernalisation][INFO] - Critical DVS for vernalization (VERNDVS) reached at day 1984-06-20, but vernalization requirements not yet fulfilled. Forcing vernalization now (VERN=47.688571).
[2026-03-13 14:31:47,427][pcse.crop.phenology.Vernalisation][INFO] - Critical DVS for vernalization (VERNDVS) reached at day 1984-06-21, but vernalization requirements not yet fulfilled. Forcing vernalization now (VERN=47.688571).
[2026-03-13 14:31:47,430][pcse.crop.phenology.Vernalisation][INFO] - Critical DVS for vernalization (VERNDVS) reached at day 1984-06-22, but vernalization requirements not yet fulfilled. Forcing vernalization now (VERN=47.688571).
[2026-03-13 14:31:47,432][pcse.crop.phenology.Vernalisation][INFO] - Critical DVS for vernalization (VERNDVS) reached at day 1984-06-23, but vernalization requirements not yet fulfilled. Forcing vernalization now (VERN=47.688571).
[2026-03-13 14:31:47,435][pcse.crop.phenology.Vernalisation][INFO] - Critical DVS for vernalization (VERNDVS) reached at day 1984-06-24, but vernalization requirements not yet fulfilled. Forcing vernalization now (VERN=47.688571).
[2026-03-13 14:31:47,438][pcse.crop.phenology.Vernalisation][INFO] - Critical DVS for vernalization (VERNDVS) reached at day 1984-06-25, but vernalization requirements not yet fulfilled. Forcing vernalization now (VERN=47.688571).
[2026-03-13 14:31:47,440][pcse.crop.phenology.Vernalisation][INFO] - Critical DVS for vernalization (VERNDVS) reached at day 1984-06-26, but vernalization requirements not yet fulfilled. Forcing vernalization now (VERN=47.688571).
[2026-03-13 14:31:47,443][pcse.crop.phenology.Vernalisation][INFO] - Critical DVS for vernalization (VERNDVS) reached at day 1984-06-27, but vernalization requirements not yet fulfilled. Forcing vernalization now (VERN=47.688571).
[2026-03-13 14:31:47,445][pcse.crop.phenology.Vernalisation][INFO] - Critical DVS for vernalization (VERNDVS) reached at day 1984-06-28, but vernalization requirements not yet fulfilled. Forcing vernalization now (VERN=47.688571).
[2026-03-13 14:31:47,448][pcse.crop.phenology.Vernalisation][INFO] - Critical DVS for vernalization (VERNDVS) reached at day 1984-06-29, but vernalization requirements not yet fulfilled. Forcing vernalization now (VERN=47.688571).
[2026-03-13 14:31:47,448][pcse.crop.phenology.Annual_Phenology][INFO] - Changed phenological stage 'vegetative' to 'reproductive' on 1984-06-29
[2026-03-13 14:31:47,627][pcse.crop.phenology.Annual_Phenology][INFO] - Changed phenological stage 'reproductive' to 'mature' on 1984-09-13
[2026-03-13 14:31:47,667][pcse.base.timer.Timer][INFO] - Reached end of simulation period as specified by END_DATE.
[2026-03-13 14:31:47,671][pcse.agromanager.SoilCalendar][INFO] - Starting soil (oregon) with variation (oregon_1) on day 1984-02-01
[2026-03-13 14:31:47,673][pcse.agromanager.CropCalendar][INFO] - Starting crop (wheat) with variety (wheat_1) on day 1984-02-01
[2026-03-13 14:31:47,913][pcse.crop.phenology.Annual_Phenology][INFO] - Changed phenological stage 'emerging' to 'vegetative' on 1984-04-10
[2026-03-13 14:31:48,035][pcse.crop.phenology.Vernalisation][INFO] - Critical DVS for vernalization (VERNDVS) reached at day 1984-06-02, but vernalization requirements not yet fulfilled. Forcing vernalization now (VERN=47.688571).
[2026-03-13 14:31:48,037][pcse.crop.phenology.Vernalisation][INFO] - Critical DVS for vernalization (VERNDVS) reached at day 1984-06-03, but vernalization requirements not yet fulfilled. Forcing vernalization now (VERN=47.688571).
[2026-03-13 14:31:48,040][pcse.crop.phenology.Vernalisation][INFO] - Critical DVS for vernalization (VERNDVS) reached at day 1984-06-04, but vernalization requirements not yet fulfilled. Forcing vernalization now (VERN=47.688571).
[2026-03-13 14:31:48,042][pcse.crop.phenology.Vernalisation][INFO] - Critical DVS for vernalization (VERNDVS) reached at day 1984-06-05, but vernalization requirements not yet fulfilled. Forcing vernalization now (VERN=47.688571).
[2026-03-13 14:31:48,045][pcse.crop.phenology.Vernalisation][INFO] - Critical DVS for vernalization (VERNDVS) reached at day 1984-06-06, but vernalization requirements not yet fulfilled. Forcing vernalization now (VERN=47.688571).
[2026-03-13 14:31:48,047][pcse.crop.phenology.Vernalisation][INFO] - Critical DVS for vernalization (VERNDVS) reached at day 1984-06-07, but vernalization requirements not yet fulfilled. Forcing vernalization now (VERN=47.688571).
[2026-03-13 14:31:48,050][pcse.crop.phenology.Vernalisation][INFO] - Critical DVS for vernalization (VERNDVS) reached at day 1984-06-08, but vernalization requirements not yet fulfilled. Forcing vernalization now (VERN=47.688571).
[2026-03-13 14:31:48,052][pcse.crop.phenology.Vernalisation][INFO] - Critical DVS for vernalization (VERNDVS) reached at day 1984-06-09, but vernalization requirements not yet fulfilled. Forcing vernalization now (VERN=47.688571).
[2026-03-13 14:31:48,055][pcse.crop.phenology.Vernalisation][INFO] - Critical DVS for vernalization (VERNDVS) reached at day 1984-06-10, but vernalization requirements not yet fulfilled. Forcing vernalization now (VERN=47.688571).
[2026-03-13 14:31:48,057][pcse.crop.phenology.Vernalisation][INFO] - Critical DVS for vernalization (VERNDVS) reached at day 1984-06-11, but vernalization requirements not yet fulfilled. Forcing vernalization now (VERN=47.688571).
[2026-03-13 14:31:48,060][pcse.crop.phenology.Vernalisation][INFO] - Critical DVS for vernalization (VERNDVS) reached at day 1984-06-12, but vernalization requirements not yet fulfilled. Forcing vernalization now (VERN=47.688571).
[2026-03-13 14:31:48,063][pcse.crop.phenology.Vernalisation][INFO] - Critical DVS for vernalization (VERNDVS) reached at day 1984-06-13, but vernalization requirements not yet fulfilled. Forcing vernalization now (VERN=47.688571).
[2026-03-13 14:31:48,066][pcse.crop.phenology.Vernalisation][INFO] - Critical DVS for vernalization (VERNDVS) reached at day 1984-06-14, but vernalization requirements not yet fulfilled. Forcing vernalization now (VERN=47.688571).
[2026-03-13 14:31:48,068][pcse.crop.phenology.Vernalisation][INFO] - Critical DVS for vernalization (VERNDVS) reached at day 1984-06-15, but vernalization requirements not yet fulfilled. Forcing vernalization now (VERN=47.688571).
[2026-03-13 14:31:48,071][pcse.crop.phenology.Vernalisation][INFO] - Critical DVS for vernalization (VERNDVS) reached at day 1984-06-16, but vernalization requirements not yet fulfilled. Forcing vernalization now (VERN=47.688571).
[2026-03-13 14:31:48,073][pcse.crop.phenology.Vernalisation][INFO] - Critical DVS for vernalization (VERNDVS) reached at day 1984-06-17, but vernalization requirements not yet fulfilled. Forcing vernalization now (VERN=47.688571).
[2026-03-13 14:31:48,076][pcse.crop.phenology.Vernalisation][INFO] - Critical DVS for vernalization (VERNDVS) reached at day 1984-06-18, but vernalization requirements not yet fulfilled. Forcing vernalization now (VERN=47.688571).
[2026-03-13 14:31:48,079][pcse.crop.phenology.Vernalisation][INFO] - Critical DVS for vernalization (VERNDVS) reached at day 1984-06-19, but vernalization requirements not yet fulfilled. Forcing vernalization now (VERN=47.688571).
[2026-03-13 14:31:48,081][pcse.crop.phenology.Vernalisation][INFO] - Critical DVS for vernalization (VERNDVS) reached at day 1984-06-20, but vernalization requirements not yet fulfilled. Forcing vernalization now (VERN=47.688571).
[2026-03-13 14:31:48,084][pcse.crop.phenology.Vernalisation][INFO] - Critical DVS for vernalization (VERNDVS) reached at day 1984-06-21, but vernalization requirements not yet fulfilled. Forcing vernalization now (VERN=47.688571).
[2026-03-13 14:31:48,086][pcse.crop.phenology.Vernalisation][INFO] - Critical DVS for vernalization (VERNDVS) reached at day 1984-06-22, but vernalization requirements not yet fulfilled. Forcing vernalization now (VERN=47.688571).
[2026-03-13 14:31:48,089][pcse.crop.phenology.Vernalisation][INFO] - Critical DVS for vernalization (VERNDVS) reached at day 1984-06-23, but vernalization requirements not yet fulfilled. Forcing vernalization now (VERN=47.688571).
[2026-03-13 14:31:48,091][pcse.crop.phenology.Vernalisation][INFO] - Critical DVS for vernalization (VERNDVS) reached at day 1984-06-24, but vernalization requirements not yet fulfilled. Forcing vernalization now (VERN=47.688571).
[2026-03-13 14:31:48,094][pcse.crop.phenology.Vernalisation][INFO] - Critical DVS for vernalization (VERNDVS) reached at day 1984-06-25, but vernalization requirements not yet fulfilled. Forcing vernalization now (VERN=47.688571).
[2026-03-13 14:31:48,096][pcse.crop.phenology.Vernalisation][INFO] - Critical DVS for vernalization (VERNDVS) reached at day 1984-06-26, but vernalization requirements not yet fulfilled. Forcing vernalization now (VERN=47.688571).
[2026-03-13 14:31:48,098][pcse.crop.phenology.Vernalisation][INFO] - Critical DVS for vernalization (VERNDVS) reached at day 1984-06-27, but vernalization requirements not yet fulfilled. Forcing vernalization now (VERN=47.688571).
[2026-03-13 14:31:48,101][pcse.crop.phenology.Vernalisation][INFO] - Critical DVS for vernalization (VERNDVS) reached at day 1984-06-28, but vernalization requirements not yet fulfilled. Forcing vernalization now (VERN=47.688571).
[2026-03-13 14:31:48,103][pcse.crop.phenology.Vernalisation][INFO] - Critical DVS for vernalization (VERNDVS) reached at day 1984-06-29, but vernalization requirements not yet fulfilled. Forcing vernalization now (VERN=47.688571).
[2026-03-13 14:31:48,104][pcse.crop.phenology.Annual_Phenology][INFO] - Changed phenological stage 'vegetative' to 'reproductive' on 1984-06-29
[2026-03-13 14:31:48,282][pcse.crop.phenology.Annual_Phenology][INFO] - Changed phenological stage 'reproductive' to 'mature' on 1984-09-13
[2026-03-13 14:31:48,322][pcse.base.timer.Timer][INFO] - Reached end of simulation period as specified by END_DATE.
[2026-03-13 14:31:48,327][pcse.agromanager.SoilCalendar][INFO] - Starting soil (oregon) with variation (oregon_1) on day 1984-02-01
[2026-03-13 14:31:48,328][pcse.agromanager.CropCalendar][INFO] - Starting crop (wheat) with variety (wheat_1) on day 1984-02-01
[2026-03-13 14:31:48,573][pcse.crop.phenology.Annual_Phenology][INFO] - Changed phenological stage 'emerging' to 'vegetative' on 1984-04-10
[DBG] step=3000 r_hat=-0.021382
[2026-03-13 14:31:48,696][pcse.crop.phenology.Vernalisation][INFO] - Critical DVS for vernalization (VERNDVS) reached at day 1984-06-02, but vernalization requirements not yet fulfilled. Forcing vernalization now (VERN=47.688571).
[2026-03-13 14:31:48,698][pcse.crop.phenology.Vernalisation][INFO] - Critical DVS for vernalization (VERNDVS) reached at day 1984-06-03, but vernalization requirements not yet fulfilled. Forcing vernalization now (VERN=47.688571).
[2026-03-13 14:31:48,701][pcse.crop.phenology.Vernalisation][INFO] - Critical DVS for vernalization (VERNDVS) reached at day 1984-06-04, but vernalization requirements not yet fulfilled. Forcing vernalization now (VERN=47.688571).
[2026-03-13 14:31:48,703][pcse.crop.phenology.Vernalisation][INFO] - Critical DVS for vernalization (VERNDVS) reached at day 1984-06-05, but vernalization requirements not yet fulfilled. Forcing vernalization now (VERN=47.688571).
[2026-03-13 14:31:48,706][pcse.crop.phenology.Vernalisation][INFO] - Critical DVS for vernalization (VERNDVS) reached at day 1984-06-06, but vernalization requirements not yet fulfilled. Forcing vernalization now (VERN=47.688571).
[2026-03-13 14:31:48,709][pcse.crop.phenology.Vernalisation][INFO] - Critical DVS for vernalization (VERNDVS) reached at day 1984-06-07, but vernalization requirements not yet fulfilled. Forcing vernalization now (VERN=47.688571).
[2026-03-13 14:31:48,712][pcse.crop.phenology.Vernalisation][INFO] - Critical DVS for vernalization (VERNDVS) reached at day 1984-06-08, but vernalization requirements not yet fulfilled. Forcing vernalization now (VERN=47.688571).
[2026-03-13 14:31:48,714][pcse.crop.phenology.Vernalisation][INFO] - Critical DVS for vernalization (VERNDVS) reached at day 1984-06-09, but vernalization requirements not yet fulfilled. Forcing vernalization now (VERN=47.688571).
[2026-03-13 14:31:48,717][pcse.crop.phenology.Vernalisation][INFO] - Critical DVS for vernalization (VERNDVS) reached at day 1984-06-10, but vernalization requirements not yet fulfilled. Forcing vernalization now (VERN=47.688571).
[2026-03-13 14:31:48,720][pcse.crop.phenology.Vernalisation][INFO] - Critical DVS for vernalization (VERNDVS) reached at day 1984-06-11, but vernalization requirements not yet fulfilled. Forcing vernalization now (VERN=47.688571).
[2026-03-13 14:31:48,722][pcse.crop.phenology.Vernalisation][INFO] - Critical DVS for vernalization (VERNDVS) reached at day 1984-06-12, but vernalization requirements not yet fulfilled. Forcing vernalization now (VERN=47.688571).
[2026-03-13 14:31:48,725][pcse.crop.phenology.Vernalisation][INFO] - Critical DVS for vernalization (VERNDVS) reached at day 1984-06-13, but vernalization requirements not yet fulfilled. Forcing vernalization now (VERN=47.688571).
[2026-03-13 14:31:48,728][pcse.crop.phenology.Vernalisation][INFO] - Critical DVS for vernalization (VERNDVS) reached at day 1984-06-14, but vernalization requirements not yet fulfilled. Forcing vernalization now (VERN=47.688571).
[2026-03-13 14:31:48,730][pcse.crop.phenology.Vernalisation][INFO] - Critical DVS for vernalization (VERNDVS) reached at day 1984-06-15, but vernalization requirements not yet fulfilled. Forcing vernalization now (VERN=47.688571).
[2026-03-13 14:31:48,733][pcse.crop.phenology.Vernalisation][INFO] - Critical DVS for vernalization (VERNDVS) reached at day 1984-06-16, but vernalization requirements not yet fulfilled. Forcing vernalization now (VERN=47.688571).
[2026-03-13 14:31:48,736][pcse.crop.phenology.Vernalisation][INFO] - Critical DVS for vernalization (VERNDVS) reached at day 1984-06-17, but vernalization requirements not yet fulfilled. Forcing vernalization now (VERN=47.688571).
[2026-03-13 14:31:48,738][pcse.crop.phenology.Vernalisation][INFO] - Critical DVS for vernalization (VERNDVS) reached at day 1984-06-18, but vernalization requirements not yet fulfilled. Forcing vernalization now (VERN=47.688571).
[2026-03-13 14:31:48,741][pcse.crop.phenology.Vernalisation][INFO] - Critical DVS for vernalization (VERNDVS) reached at day 1984-06-19, but vernalization requirements not yet fulfilled. Forcing vernalization now (VERN=47.688571).
[2026-03-13 14:31:48,744][pcse.crop.phenology.Vernalisation][INFO] - Critical DVS for vernalization (VERNDVS) reached at day 1984-06-20, but vernalization requirements not yet fulfilled. Forcing vernalization now (VERN=47.688571).
[2026-03-13 14:31:48,746][pcse.crop.phenology.Vernalisation][INFO] - Critical DVS for vernalization (VERNDVS) reached at day 1984-06-21, but vernalization requirements not yet fulfilled. Forcing vernalization now (VERN=47.688571).
[2026-03-13 14:31:48,749][pcse.crop.phenology.Vernalisation][INFO] - Critical DVS for vernalization (VERNDVS) reached at day 1984-06-22, but vernalization requirements not yet fulfilled. Forcing vernalization now (VERN=47.688571).
[2026-03-13 14:31:48,751][pcse.crop.phenology.Vernalisation][INFO] - Critical DVS for vernalization (VERNDVS) reached at day 1984-06-23, but vernalization requirements not yet fulfilled. Forcing vernalization now (VERN=47.688571).
[2026-03-13 14:31:48,754][pcse.crop.phenology.Vernalisation][INFO] - Critical DVS for vernalization (VERNDVS) reached at day 1984-06-24, but vernalization requirements not yet fulfilled. Forcing vernalization now (VERN=47.688571).
[2026-03-13 14:31:48,757][pcse.crop.phenology.Vernalisation][INFO] - Critical DVS for vernalization (VERNDVS) reached at day 1984-06-25, but vernalization requirements not yet fulfilled. Forcing vernalization now (VERN=47.688571).
[2026-03-13 14:31:48,759][pcse.crop.phenology.Vernalisation][INFO] - Critical DVS for vernalization (VERNDVS) reached at day 1984-06-26, but vernalization requirements not yet fulfilled. Forcing vernalization now (VERN=47.688571).
[2026-03-13 14:31:48,762][pcse.crop.phenology.Vernalisation][INFO] - Critical DVS for vernalization (VERNDVS) reached at day 1984-06-27, but vernalization requirements not yet fulfilled. Forcing vernalization now (VERN=47.688571).
[2026-03-13 14:31:48,765][pcse.crop.phenology.Vernalisation][INFO] - Critical DVS for vernalization (VERNDVS) reached at day 1984-06-28, but vernalization requirements not yet fulfilled. Forcing vernalization now (VERN=47.688571).
[2026-03-13 14:31:48,768][pcse.crop.phenology.Vernalisation][INFO] - Critical DVS for vernalization (VERNDVS) reached at day 1984-06-29, but vernalization requirements not yet fulfilled. Forcing vernalization now (VERN=47.688571).
[2026-03-13 14:31:48,768][pcse.crop.phenology.Annual_Phenology][INFO] - Changed phenological stage 'vegetative' to 'reproductive' on 1984-06-29
[2026-03-13 14:31:48,950][pcse.crop.phenology.Annual_Phenology][INFO] - Changed phenological stage 'reproductive' to 'mature' on 1984-09-13
[2026-03-13 14:31:48,991][pcse.base.timer.Timer][INFO] - Reached end of simulation period as specified by END_DATE.
[2026-03-13 14:31:48,995][pcse.agromanager.SoilCalendar][INFO] - Starting soil (oregon) with variation (oregon_1) on day 1984-02-01
[2026-03-13 14:31:48,997][pcse.agromanager.CropCalendar][INFO] - Starting crop (wheat) with variety (wheat_1) on day 1984-02-01
[2026-03-13 14:31:49,240][pcse.crop.phenology.Annual_Phenology][INFO] - Changed phenological stage 'emerging' to 'vegetative' on 1984-04-10
[2026-03-13 14:31:49,362][pcse.crop.phenology.Vernalisation][INFO] - Critical DVS for vernalization (VERNDVS) reached at day 1984-06-02, but vernalization requirements not yet fulfilled. Forcing vernalization now (VERN=47.688571).
[2026-03-13 14:31:49,365][pcse.crop.phenology.Vernalisation][INFO] - Critical DVS for vernalization (VERNDVS) reached at day 1984-06-03, but vernalization requirements not yet fulfilled. Forcing vernalization now (VERN=47.688571).
[2026-03-13 14:31:49,367][pcse.crop.phenology.Vernalisation][INFO] - Critical DVS for vernalization (VERNDVS) reached at day 1984-06-04, but vernalization requirements not yet fulfilled. Forcing vernalization now (VERN=47.688571).
[2026-03-13 14:31:49,370][pcse.crop.phenology.Vernalisation][INFO] - Critical DVS for vernalization (VERNDVS) reached at day 1984-06-05, but vernalization requirements not yet fulfilled. Forcing vernalization now (VERN=47.688571).
[2026-03-13 14:31:49,373][pcse.crop.phenology.Vernalisation][INFO] - Critical DVS for vernalization (VERNDVS) reached at day 1984-06-06, but vernalization requirements not yet fulfilled. Forcing vernalization now (VERN=47.688571).
[2026-03-13 14:31:49,376][pcse.crop.phenology.Vernalisation][INFO] - Critical DVS for vernalization (VERNDVS) reached at day 1984-06-07, but vernalization requirements not yet fulfilled. Forcing vernalization now (VERN=47.688571).
[2026-03-13 14:31:49,378][pcse.crop.phenology.Vernalisation][INFO] - Critical DVS for vernalization (VERNDVS) reached at day 1984-06-08, but vernalization requirements not yet fulfilled. Forcing vernalization now (VERN=47.688571).
[2026-03-13 14:31:49,381][pcse.crop.phenology.Vernalisation][INFO] - Critical DVS for vernalization (VERNDVS) reached at day 1984-06-09, but vernalization requirements not yet fulfilled. Forcing vernalization now (VERN=47.688571).
[2026-03-13 14:31:49,383][pcse.crop.phenology.Vernalisation][INFO] - Critical DVS for vernalization (VERNDVS) reached at day 1984-06-10, but vernalization requirements not yet fulfilled. Forcing vernalization now (VERN=47.688571).
[2026-03-13 14:31:49,386][pcse.crop.phenology.Vernalisation][INFO] - Critical DVS for vernalization (VERNDVS) reached at day 1984-06-11, but vernalization requirements not yet fulfilled. Forcing vernalization now (VERN=47.688571).
[2026-03-13 14:31:49,388][pcse.crop.phenology.Vernalisation][INFO] - Critical DVS for vernalization (VERNDVS) reached at day 1984-06-12, but vernalization requirements not yet fulfilled. Forcing vernalization now (VERN=47.688571).
[2026-03-13 14:31:49,391][pcse.crop.phenology.Vernalisation][INFO] - Critical DVS for vernalization (VERNDVS) reached at day 1984-06-13, but vernalization requirements not yet fulfilled. Forcing vernalization now (VERN=47.688571).
[2026-03-13 14:31:49,393][pcse.crop.phenology.Vernalisation][INFO] - Critical DVS for vernalization (VERNDVS) reached at day 1984-06-14, but vernalization requirements not yet fulfilled. Forcing vernalization now (VERN=47.688571).
[2026-03-13 14:31:49,396][pcse.crop.phenology.Vernalisation][INFO] - Critical DVS for vernalization (VERNDVS) reached at day 1984-06-15, but vernalization requirements not yet fulfilled. Forcing vernalization now (VERN=47.688571).
[2026-03-13 14:31:49,399][pcse.crop.phenology.Vernalisation][INFO] - Critical DVS for vernalization (VERNDVS) reached at day 1984-06-16, but vernalization requirements not yet fulfilled. Forcing vernalization now (VERN=47.688571).
[2026-03-13 14:31:49,401][pcse.crop.phenology.Vernalisation][INFO] - Critical DVS for vernalization (VERNDVS) reached at day 1984-06-17, but vernalization requirements not yet fulfilled. Forcing vernalization now (VERN=47.688571).
[2026-03-13 14:31:49,404][pcse.crop.phenology.Vernalisation][INFO] - Critical DVS for vernalization (VERNDVS) reached at day 1984-06-18, but vernalization requirements not yet fulfilled. Forcing vernalization now (VERN=47.688571).
[2026-03-13 14:31:49,406][pcse.crop.phenology.Vernalisation][INFO] - Critical DVS for vernalization (VERNDVS) reached at day 1984-06-19, but vernalization requirements not yet fulfilled. Forcing vernalization now (VERN=47.688571).
[2026-03-13 14:31:49,409][pcse.crop.phenology.Vernalisation][INFO] - Critical DVS for vernalization (VERNDVS) reached at day 1984-06-20, but vernalization requirements not yet fulfilled. Forcing vernalization now (VERN=47.688571).
[2026-03-13 14:31:49,412][pcse.crop.phenology.Vernalisation][INFO] - Critical DVS for vernalization (VERNDVS) reached at day 1984-06-21, but vernalization requirements not yet fulfilled. Forcing vernalization now (VERN=47.688571).
[2026-03-13 14:31:49,415][pcse.crop.phenology.Vernalisation][INFO] - Critical DVS for vernalization (VERNDVS) reached at day 1984-06-22, but vernalization requirements not yet fulfilled. Forcing vernalization now (VERN=47.688571).
[2026-03-13 14:31:49,418][pcse.crop.phenology.Vernalisation][INFO] - Critical DVS for vernalization (VERNDVS) reached at day 1984-06-23, but vernalization requirements not yet fulfilled. Forcing vernalization now (VERN=47.688571).
[2026-03-13 14:31:49,420][pcse.crop.phenology.Vernalisation][INFO] - Critical DVS for vernalization (VERNDVS) reached at day 1984-06-24, but vernalization requirements not yet fulfilled. Forcing vernalization now (VERN=47.688571).
[2026-03-13 14:31:49,423][pcse.crop.phenology.Vernalisation][INFO] - Critical DVS for vernalization (VERNDVS) reached at day 1984-06-25, but vernalization requirements not yet fulfilled. Forcing vernalization now (VERN=47.688571).
[2026-03-13 14:31:49,426][pcse.crop.phenology.Vernalisation][INFO] - Critical DVS for vernalization (VERNDVS) reached at day 1984-06-26, but vernalization requirements not yet fulfilled. Forcing vernalization now (VERN=47.688571).
[2026-03-13 14:31:49,428][pcse.crop.phenology.Vernalisation][INFO] - Critical DVS for vernalization (VERNDVS) reached at day 1984-06-27, but vernalization requirements not yet fulfilled. Forcing vernalization now (VERN=47.688571).
[2026-03-13 14:31:49,431][pcse.crop.phenology.Vernalisation][INFO] - Critical DVS for vernalization (VERNDVS) reached at day 1984-06-28, but vernalization requirements not yet fulfilled. Forcing vernalization now (VERN=47.688571).
[2026-03-13 14:31:49,434][pcse.crop.phenology.Vernalisation][INFO] - Critical DVS for vernalization (VERNDVS) reached at day 1984-06-29, but vernalization requirements not yet fulfilled. Forcing vernalization now (VERN=47.688571).
[2026-03-13 14:31:49,434][pcse.crop.phenology.Annual_Phenology][INFO] - Changed phenological stage 'vegetative' to 'reproductive' on 1984-06-29
[2026-03-13 14:31:49,613][pcse.crop.phenology.Annual_Phenology][INFO] - Changed phenological stage 'reproductive' to 'mature' on 1984-09-13
[2026-03-13 14:31:49,653][pcse.base.timer.Timer][INFO] - Reached end of simulation period as specified by END_DATE.
[2026-03-13 14:31:49,658][pcse.agromanager.SoilCalendar][INFO] - Starting soil (oregon) with variation (oregon_1) on day 1984-02-01
[2026-03-13 14:31:49,660][pcse.agromanager.CropCalendar][INFO] - Starting crop (wheat) with variety (wheat_1) on day 1984-02-01
[2026-03-13 14:31:49,906][pcse.crop.phenology.Annual_Phenology][INFO] - Changed phenological stage 'emerging' to 'vegetative' on 1984-04-10
[2026-03-13 14:31:50,035][pcse.crop.phenology.Vernalisation][INFO] - Critical DVS for vernalization (VERNDVS) reached at day 1984-06-02, but vernalization requirements not yet fulfilled. Forcing vernalization now (VERN=47.688571).
[2026-03-13 14:31:50,037][pcse.crop.phenology.Vernalisation][INFO] - Critical DVS for vernalization (VERNDVS) reached at day 1984-06-03, but vernalization requirements not yet fulfilled. Forcing vernalization now (VERN=47.688571).
[2026-03-13 14:31:50,040][pcse.crop.phenology.Vernalisation][INFO] - Critical DVS for vernalization (VERNDVS) reached at day 1984-06-04, but vernalization requirements not yet fulfilled. Forcing vernalization now (VERN=47.688571).
[2026-03-13 14:31:50,043][pcse.crop.phenology.Vernalisation][INFO] - Critical DVS for vernalization (VERNDVS) reached at day 1984-06-05, but vernalization requirements not yet fulfilled. Forcing vernalization now (VERN=47.688571).
[2026-03-13 14:31:50,045][pcse.crop.phenology.Vernalisation][INFO] - Critical DVS for vernalization (VERNDVS) reached at day 1984-06-06, but vernalization requirements not yet fulfilled. Forcing vernalization now (VERN=47.688571).
[2026-03-13 14:31:50,048][pcse.crop.phenology.Vernalisation][INFO] - Critical DVS for vernalization (VERNDVS) reached at day 1984-06-07, but vernalization requirements not yet fulfilled. Forcing vernalization now (VERN=47.688571).
[2026-03-13 14:31:50,051][pcse.crop.phenology.Vernalisation][INFO] - Critical DVS for vernalization (VERNDVS) reached at day 1984-06-08, but vernalization requirements not yet fulfilled. Forcing vernalization now (VERN=47.688571).
[DBG] step=3500 r_hat=-0.025335
[2026-03-13 14:31:50,053][pcse.crop.phenology.Vernalisation][INFO] - Critical DVS for vernalization (VERNDVS) reached at day 1984-06-09, but vernalization requirements not yet fulfilled. Forcing vernalization now (VERN=47.688571).
[2026-03-13 14:31:50,056][pcse.crop.phenology.Vernalisation][INFO] - Critical DVS for vernalization (VERNDVS) reached at day 1984-06-10, but vernalization requirements not yet fulfilled. Forcing vernalization now (VERN=47.688571).
[2026-03-13 14:31:50,059][pcse.crop.phenology.Vernalisation][INFO] - Critical DVS for vernalization (VERNDVS) reached at day 1984-06-11, but vernalization requirements not yet fulfilled. Forcing vernalization now (VERN=47.688571).
[2026-03-13 14:31:50,061][pcse.crop.phenology.Vernalisation][INFO] - Critical DVS for vernalization (VERNDVS) reached at day 1984-06-12, but vernalization requirements not yet fulfilled. Forcing vernalization now (VERN=47.688571).
[2026-03-13 14:31:50,064][pcse.crop.phenology.Vernalisation][INFO] - Critical DVS for vernalization (VERNDVS) reached at day 1984-06-13, but vernalization requirements not yet fulfilled. Forcing vernalization now (VERN=47.688571).
[2026-03-13 14:31:50,067][pcse.crop.phenology.Vernalisation][INFO] - Critical DVS for vernalization (VERNDVS) reached at day 1984-06-14, but vernalization requirements not yet fulfilled. Forcing vernalization now (VERN=47.688571).
[2026-03-13 14:31:50,069][pcse.crop.phenology.Vernalisation][INFO] - Critical DVS for vernalization (VERNDVS) reached at day 1984-06-15, but vernalization requirements not yet fulfilled. Forcing vernalization now (VERN=47.688571).
[2026-03-13 14:31:50,072][pcse.crop.phenology.Vernalisation][INFO] - Critical DVS for vernalization (VERNDVS) reached at day 1984-06-16, but vernalization requirements not yet fulfilled. Forcing vernalization now (VERN=47.688571).
[2026-03-13 14:31:50,074][pcse.crop.phenology.Vernalisation][INFO] - Critical DVS for vernalization (VERNDVS) reached at day 1984-06-17, but vernalization requirements not yet fulfilled. Forcing vernalization now (VERN=47.688571).
[2026-03-13 14:31:50,077][pcse.crop.phenology.Vernalisation][INFO] - Critical DVS for vernalization (VERNDVS) reached at day 1984-06-18, but vernalization requirements not yet fulfilled. Forcing vernalization now (VERN=47.688571).
[2026-03-13 14:31:50,080][pcse.crop.phenology.Vernalisation][INFO] - Critical DVS for vernalization (VERNDVS) reached at day 1984-06-19, but vernalization requirements not yet fulfilled. Forcing vernalization now (VERN=47.688571).
[2026-03-13 14:31:50,082][pcse.crop.phenology.Vernalisation][INFO] - Critical DVS for vernalization (VERNDVS) reached at day 1984-06-20, but vernalization requirements not yet fulfilled. Forcing vernalization now (VERN=47.688571).
[2026-03-13 14:31:50,085][pcse.crop.phenology.Vernalisation][INFO] - Critical DVS for vernalization (VERNDVS) reached at day 1984-06-21, but vernalization requirements not yet fulfilled. Forcing vernalization now (VERN=47.688571).
[2026-03-13 14:31:50,088][pcse.crop.phenology.Vernalisation][INFO] - Critical DVS for vernalization (VERNDVS) reached at day 1984-06-22, but vernalization requirements not yet fulfilled. Forcing vernalization now (VERN=47.688571).
[2026-03-13 14:31:50,091][pcse.crop.phenology.Vernalisation][INFO] - Critical DVS for vernalization (VERNDVS) reached at day 1984-06-23, but vernalization requirements not yet fulfilled. Forcing vernalization now (VERN=47.688571).
[2026-03-13 14:31:50,093][pcse.crop.phenology.Vernalisation][INFO] - Critical DVS for vernalization (VERNDVS) reached at day 1984-06-24, but vernalization requirements not yet fulfilled. Forcing vernalization now (VERN=47.688571).
[2026-03-13 14:31:50,096][pcse.crop.phenology.Vernalisation][INFO] - Critical DVS for vernalization (VERNDVS) reached at day 1984-06-25, but vernalization requirements not yet fulfilled. Forcing vernalization now (VERN=47.688571).
[2026-03-13 14:31:50,099][pcse.crop.phenology.Vernalisation][INFO] - Critical DVS for vernalization (VERNDVS) reached at day 1984-06-26, but vernalization requirements not yet fulfilled. Forcing vernalization now (VERN=47.688571).
[2026-03-13 14:31:50,101][pcse.crop.phenology.Vernalisation][INFO] - Critical DVS for vernalization (VERNDVS) reached at day 1984-06-27, but vernalization requirements not yet fulfilled. Forcing vernalization now (VERN=47.688571).
[2026-03-13 14:31:50,104][pcse.crop.phenology.Vernalisation][INFO] - Critical DVS for vernalization (VERNDVS) reached at day 1984-06-28, but vernalization requirements not yet fulfilled. Forcing vernalization now (VERN=47.688571).
[2026-03-13 14:31:50,107][pcse.crop.phenology.Vernalisation][INFO] - Critical DVS for vernalization (VERNDVS) reached at day 1984-06-29, but vernalization requirements not yet fulfilled. Forcing vernalization now (VERN=47.688571).
[2026-03-13 14:31:50,107][pcse.crop.phenology.Annual_Phenology][INFO] - Changed phenological stage 'vegetative' to 'reproductive' on 1984-06-29
[2026-03-13 14:31:50,294][pcse.crop.phenology.Annual_Phenology][INFO] - Changed phenological stage 'reproductive' to 'mature' on 1984-09-13
[2026-03-13 14:31:50,338][pcse.base.timer.Timer][INFO] - Reached end of simulation period as specified by END_DATE.
[2026-03-13 14:31:50,343][pcse.agromanager.SoilCalendar][INFO] - Starting soil (oregon) with variation (oregon_1) on day 1984-02-01
[2026-03-13 14:31:50,345][pcse.agromanager.CropCalendar][INFO] - Starting crop (wheat) with variety (wheat_1) on day 1984-02-01
[2026-03-13 14:31:50,586][pcse.crop.phenology.Annual_Phenology][INFO] - Changed phenological stage 'emerging' to 'vegetative' on 1984-04-10
[2026-03-13 14:31:50,708][pcse.crop.phenology.Vernalisation][INFO] - Critical DVS for vernalization (VERNDVS) reached at day 1984-06-02, but vernalization requirements not yet fulfilled. Forcing vernalization now (VERN=47.688571).
[2026-03-13 14:31:50,711][pcse.crop.phenology.Vernalisation][INFO] - Critical DVS for vernalization (VERNDVS) reached at day 1984-06-03, but vernalization requirements not yet fulfilled. Forcing vernalization now (VERN=47.688571).
[2026-03-13 14:31:50,713][pcse.crop.phenology.Vernalisation][INFO] - Critical DVS for vernalization (VERNDVS) reached at day 1984-06-04, but vernalization requirements not yet fulfilled. Forcing vernalization now (VERN=47.688571).
[2026-03-13 14:31:50,716][pcse.crop.phenology.Vernalisation][INFO] - Critical DVS for vernalization (VERNDVS) reached at day 1984-06-05, but vernalization requirements not yet fulfilled. Forcing vernalization now (VERN=47.688571).
[2026-03-13 14:31:50,718][pcse.crop.phenology.Vernalisation][INFO] - Critical DVS for vernalization (VERNDVS) reached at day 1984-06-06, but vernalization requirements not yet fulfilled. Forcing vernalization now (VERN=47.688571).
[2026-03-13 14:31:50,720][pcse.crop.phenology.Vernalisation][INFO] - Critical DVS for vernalization (VERNDVS) reached at day 1984-06-07, but vernalization requirements not yet fulfilled. Forcing vernalization now (VERN=47.688571).
[2026-03-13 14:31:50,723][pcse.crop.phenology.Vernalisation][INFO] - Critical DVS for vernalization (VERNDVS) reached at day 1984-06-08, but vernalization requirements not yet fulfilled. Forcing vernalization now (VERN=47.688571).
[2026-03-13 14:31:50,725][pcse.crop.phenology.Vernalisation][INFO] - Critical DVS for vernalization (VERNDVS) reached at day 1984-06-09, but vernalization requirements not yet fulfilled. Forcing vernalization now (VERN=47.688571).
[2026-03-13 14:31:50,728][pcse.crop.phenology.Vernalisation][INFO] - Critical DVS for vernalization (VERNDVS) reached at day 1984-06-10, but vernalization requirements not yet fulfilled. Forcing vernalization now (VERN=47.688571).
[2026-03-13 14:31:50,730][pcse.crop.phenology.Vernalisation][INFO] - Critical DVS for vernalization (VERNDVS) reached at day 1984-06-11, but vernalization requirements not yet fulfilled. Forcing vernalization now (VERN=47.688571).
[2026-03-13 14:31:50,733][pcse.crop.phenology.Vernalisation][INFO] - Critical DVS for vernalization (VERNDVS) reached at day 1984-06-12, but vernalization requirements not yet fulfilled. Forcing vernalization now (VERN=47.688571).
[2026-03-13 14:31:50,735][pcse.crop.phenology.Vernalisation][INFO] - Critical DVS for vernalization (VERNDVS) reached at day 1984-06-13, but vernalization requirements not yet fulfilled. Forcing vernalization now (VERN=47.688571).
[2026-03-13 14:31:50,738][pcse.crop.phenology.Vernalisation][INFO] - Critical DVS for vernalization (VERNDVS) reached at day 1984-06-14, but vernalization requirements not yet fulfilled. Forcing vernalization now (VERN=47.688571).
[2026-03-13 14:31:50,740][pcse.crop.phenology.Vernalisation][INFO] - Critical DVS for vernalization (VERNDVS) reached at day 1984-06-15, but vernalization requirements not yet fulfilled. Forcing vernalization now (VERN=47.688571).
[2026-03-13 14:31:50,743][pcse.crop.phenology.Vernalisation][INFO] - Critical DVS for vernalization (VERNDVS) reached at day 1984-06-16, but vernalization requirements not yet fulfilled. Forcing vernalization now (VERN=47.688571).
[2026-03-13 14:31:50,745][pcse.crop.phenology.Vernalisation][INFO] - Critical DVS for vernalization (VERNDVS) reached at day 1984-06-17, but vernalization requirements not yet fulfilled. Forcing vernalization now (VERN=47.688571).
[2026-03-13 14:31:50,748][pcse.crop.phenology.Vernalisation][INFO] - Critical DVS for vernalization (VERNDVS) reached at day 1984-06-18, but vernalization requirements not yet fulfilled. Forcing vernalization now (VERN=47.688571).
[2026-03-13 14:31:50,751][pcse.crop.phenology.Vernalisation][INFO] - Critical DVS for vernalization (VERNDVS) reached at day 1984-06-19, but vernalization requirements not yet fulfilled. Forcing vernalization now (VERN=47.688571).
[2026-03-13 14:31:50,753][pcse.crop.phenology.Vernalisation][INFO] - Critical DVS for vernalization (VERNDVS) reached at day 1984-06-20, but vernalization requirements not yet fulfilled. Forcing vernalization now (VERN=47.688571).
[2026-03-13 14:31:50,756][pcse.crop.phenology.Vernalisation][INFO] - Critical DVS for vernalization (VERNDVS) reached at day 1984-06-21, but vernalization requirements not yet fulfilled. Forcing vernalization now (VERN=47.688571).
[2026-03-13 14:31:50,758][pcse.crop.phenology.Vernalisation][INFO] - Critical DVS for vernalization (VERNDVS) reached at day 1984-06-22, but vernalization requirements not yet fulfilled. Forcing vernalization now (VERN=47.688571).
[2026-03-13 14:31:50,761][pcse.crop.phenology.Vernalisation][INFO] - Critical DVS for vernalization (VERNDVS) reached at day 1984-06-23, but vernalization requirements not yet fulfilled. Forcing vernalization now (VERN=47.688571).
[2026-03-13 14:31:50,764][pcse.crop.phenology.Vernalisation][INFO] - Critical DVS for vernalization (VERNDVS) reached at day 1984-06-24, but vernalization requirements not yet fulfilled. Forcing vernalization now (VERN=47.688571).
[2026-03-13 14:31:50,767][pcse.crop.phenology.Vernalisation][INFO] - Critical DVS for vernalization (VERNDVS) reached at day 1984-06-25, but vernalization requirements not yet fulfilled. Forcing vernalization now (VERN=47.688571).
[2026-03-13 14:31:50,770][pcse.crop.phenology.Vernalisation][INFO] - Critical DVS for vernalization (VERNDVS) reached at day 1984-06-26, but vernalization requirements not yet fulfilled. Forcing vernalization now (VERN=47.688571).
[2026-03-13 14:31:50,772][pcse.crop.phenology.Vernalisation][INFO] - Critical DVS for vernalization (VERNDVS) reached at day 1984-06-27, but vernalization requirements not yet fulfilled. Forcing vernalization now (VERN=47.688571).
[2026-03-13 14:31:50,775][pcse.crop.phenology.Vernalisation][INFO] - Critical DVS for vernalization (VERNDVS) reached at day 1984-06-28, but vernalization requirements not yet fulfilled. Forcing vernalization now (VERN=47.688571).
[2026-03-13 14:31:50,778][pcse.crop.phenology.Vernalisation][INFO] - Critical DVS for vernalization (VERNDVS) reached at day 1984-06-29, but vernalization requirements not yet fulfilled. Forcing vernalization now (VERN=47.688571).
[2026-03-13 14:31:50,778][pcse.crop.phenology.Annual_Phenology][INFO] - Changed phenological stage 'vegetative' to 'reproductive' on 1984-06-29
[2026-03-13 14:31:50,960][pcse.crop.phenology.Annual_Phenology][INFO] - Changed phenological stage 'reproductive' to 'mature' on 1984-09-13
[2026-03-13 14:31:51,001][pcse.base.timer.Timer][INFO] - Reached end of simulation period as specified by END_DATE.
[2026-03-13 14:31:51,006][pcse.agromanager.SoilCalendar][INFO] - Starting soil (oregon) with variation (oregon_1) on day 1984-02-01
[2026-03-13 14:31:51,008][pcse.agromanager.CropCalendar][INFO] - Starting crop (wheat) with variety (wheat_1) on day 1984-02-01
[2026-03-13 14:31:51,252][pcse.crop.phenology.Annual_Phenology][INFO] - Changed phenological stage 'emerging' to 'vegetative' on 1984-04-10
[2026-03-13 14:31:51,382][pcse.crop.phenology.Vernalisation][INFO] - Critical DVS for vernalization (VERNDVS) reached at day 1984-06-02, but vernalization requirements not yet fulfilled. Forcing vernalization now (VERN=47.688571).
[2026-03-13 14:31:51,385][pcse.crop.phenology.Vernalisation][INFO] - Critical DVS for vernalization (VERNDVS) reached at day 1984-06-03, but vernalization requirements not yet fulfilled. Forcing vernalization now (VERN=47.688571).
[2026-03-13 14:31:51,388][pcse.crop.phenology.Vernalisation][INFO] - Critical DVS for vernalization (VERNDVS) reached at day 1984-06-04, but vernalization requirements not yet fulfilled. Forcing vernalization now (VERN=47.688571).
[2026-03-13 14:31:51,391][pcse.crop.phenology.Vernalisation][INFO] - Critical DVS for vernalization (VERNDVS) reached at day 1984-06-05, but vernalization requirements not yet fulfilled. Forcing vernalization now (VERN=47.688571).
[2026-03-13 14:31:51,393][pcse.crop.phenology.Vernalisation][INFO] - Critical DVS for vernalization (VERNDVS) reached at day 1984-06-06, but vernalization requirements not yet fulfilled. Forcing vernalization now (VERN=47.688571).
[2026-03-13 14:31:51,396][pcse.crop.phenology.Vernalisation][INFO] - Critical DVS for vernalization (VERNDVS) reached at day 1984-06-07, but vernalization requirements not yet fulfilled. Forcing vernalization now (VERN=47.688571).
[2026-03-13 14:31:51,399][pcse.crop.phenology.Vernalisation][INFO] - Critical DVS for vernalization (VERNDVS) reached at day 1984-06-08, but vernalization requirements not yet fulfilled. Forcing vernalization now (VERN=47.688571).
[2026-03-13 14:31:51,401][pcse.crop.phenology.Vernalisation][INFO] - Critical DVS for vernalization (VERNDVS) reached at day 1984-06-09, but vernalization requirements not yet fulfilled. Forcing vernalization now (VERN=47.688571).
[2026-03-13 14:31:51,404][pcse.crop.phenology.Vernalisation][INFO] - Critical DVS for vernalization (VERNDVS) reached at day 1984-06-10, but vernalization requirements not yet fulfilled. Forcing vernalization now (VERN=47.688571).
[2026-03-13 14:31:51,406][pcse.crop.phenology.Vernalisation][INFO] - Critical DVS for vernalization (VERNDVS) reached at day 1984-06-11, but vernalization requirements not yet fulfilled. Forcing vernalization now (VERN=47.688571).
[2026-03-13 14:31:51,409][pcse.crop.phenology.Vernalisation][INFO] - Critical DVS for vernalization (VERNDVS) reached at day 1984-06-12, but vernalization requirements not yet fulfilled. Forcing vernalization now (VERN=47.688571).
[2026-03-13 14:31:51,412][pcse.crop.phenology.Vernalisation][INFO] - Critical DVS for vernalization (VERNDVS) reached at day 1984-06-13, but vernalization requirements not yet fulfilled. Forcing vernalization now (VERN=47.688571).
[2026-03-13 14:31:51,414][pcse.crop.phenology.Vernalisation][INFO] - Critical DVS for vernalization (VERNDVS) reached at day 1984-06-14, but vernalization requirements not yet fulfilled. Forcing vernalization now (VERN=47.688571).
[2026-03-13 14:31:51,417][pcse.crop.phenology.Vernalisation][INFO] - Critical DVS for vernalization (VERNDVS) reached at day 1984-06-15, but vernalization requirements not yet fulfilled. Forcing vernalization now (VERN=47.688571).
[2026-03-13 14:31:51,420][pcse.crop.phenology.Vernalisation][INFO] - Critical DVS for vernalization (VERNDVS) reached at day 1984-06-16, but vernalization requirements not yet fulfilled. Forcing vernalization now (VERN=47.688571).
[2026-03-13 14:31:51,422][pcse.crop.phenology.Vernalisation][INFO] - Critical DVS for vernalization (VERNDVS) reached at day 1984-06-17, but vernalization requirements not yet fulfilled. Forcing vernalization now (VERN=47.688571).
[2026-03-13 14:31:51,425][pcse.crop.phenology.Vernalisation][INFO] - Critical DVS for vernalization (VERNDVS) reached at day 1984-06-18, but vernalization requirements not yet fulfilled. Forcing vernalization now (VERN=47.688571).
[2026-03-13 14:31:51,428][pcse.crop.phenology.Vernalisation][INFO] - Critical DVS for vernalization (VERNDVS) reached at day 1984-06-19, but vernalization requirements not yet fulfilled. Forcing vernalization now (VERN=47.688571).
[2026-03-13 14:31:51,430][pcse.crop.phenology.Vernalisation][INFO] - Critical DVS for vernalization (VERNDVS) reached at day 1984-06-20, but vernalization requirements not yet fulfilled. Forcing vernalization now (VERN=47.688571).
[2026-03-13 14:31:51,433][pcse.crop.phenology.Vernalisation][INFO] - Critical DVS for vernalization (VERNDVS) reached at day 1984-06-21, but vernalization requirements not yet fulfilled. Forcing vernalization now (VERN=47.688571).
[2026-03-13 14:31:51,435][pcse.crop.phenology.Vernalisation][INFO] - Critical DVS for vernalization (VERNDVS) reached at day 1984-06-22, but vernalization requirements not yet fulfilled. Forcing vernalization now (VERN=47.688571).
[2026-03-13 14:31:51,438][pcse.crop.phenology.Vernalisation][INFO] - Critical DVS for vernalization (VERNDVS) reached at day 1984-06-23, but vernalization requirements not yet fulfilled. Forcing vernalization now (VERN=47.688571).
[2026-03-13 14:31:51,441][pcse.crop.phenology.Vernalisation][INFO] - Critical DVS for vernalization (VERNDVS) reached at day 1984-06-24, but vernalization requirements not yet fulfilled. Forcing vernalization now (VERN=47.688571).
[2026-03-13 14:31:51,443][pcse.crop.phenology.Vernalisation][INFO] - Critical DVS for vernalization (VERNDVS) reached at day 1984-06-25, but vernalization requirements not yet fulfilled. Forcing vernalization now (VERN=47.688571).
[pref] step=4000 mb=32 n=32 seg1=19 seg2=13 tie=0 p1=0.594 p2=0.406 ptie=0.000
Reward function is updated!! ACC: 0.7395833333333334
[2026-03-13 14:32:11,881][pcse.crop.phenology.Vernalisation][INFO] - Critical DVS for vernalization (VERNDVS) reached at day 1984-06-26, but vernalization requirements not yet fulfilled. Forcing vernalization now (VERN=47.688571).
[DBG] step=4000 r_hat=0.065424
[2026-03-13 14:32:11,927][pcse.crop.phenology.Vernalisation][INFO] - Critical DVS for vernalization (VERNDVS) reached at day 1984-06-27, but vernalization requirements not yet fulfilled. Forcing vernalization now (VERN=47.688571).
[2026-03-13 14:32:11,956][pcse.crop.phenology.Vernalisation][INFO] - Critical DVS for vernalization (VERNDVS) reached at day 1984-06-28, but vernalization requirements not yet fulfilled. Forcing vernalization now (VERN=47.688571).
[2026-03-13 14:32:11,971][pcse.crop.phenology.Vernalisation][INFO] - Critical DVS for vernalization (VERNDVS) reached at day 1984-06-29, but vernalization requirements not yet fulfilled. Forcing vernalization now (VERN=47.688571).
[2026-03-13 14:32:11,971][pcse.crop.phenology.Annual_Phenology][INFO] - Changed phenological stage 'vegetative' to 'reproductive' on 1984-06-29
[2026-03-13 14:32:13,043][pcse.crop.phenology.Annual_Phenology][INFO] - Changed phenological stage 'reproductive' to 'mature' on 1984-09-13
[2026-03-13 14:32:13,280][pcse.base.timer.Timer][INFO] - Reached end of simulation period as specified by END_DATE.
| train          | E: 17 | S: 4097 | R: -7.3725 | TR: 595017.5635 | TF: 0 | LR: 0 | NR: 0 | D: 22.3 s | TD: 00.0 s | BR: -0.0161 | ALOSS: 20225.9810 | CLOSS: 4628988.3145 | TLOSS: -703.2971 | TVAL: 0.1010 | AENT: -6967.1971 | BCLOSS: 0.0000
| pref           | N: 32 | seg1: 19 | seg2: 13 | tie: 0 | p1: 0.5938 | p2: 0.4062 | ptie: 0.0000
[2026-03-13 14:32:13,285][pcse.agromanager.SoilCalendar][INFO] - Starting soil (oregon) with variation (oregon_1) on day 1984-02-01
[2026-03-13 14:32:13,287][pcse.agromanager.CropCalendar][INFO] - Starting crop (wheat) with variety (wheat_1) on day 1984-02-01
[2026-03-13 14:32:14,355][pcse.crop.phenology.Annual_Phenology][INFO] - Changed phenological stage 'emerging' to 'vegetative' on 1984-04-10
[2026-03-13 14:32:15,272][pcse.crop.phenology.Vernalisation][INFO] - Critical DVS for vernalization (VERNDVS) reached at day 1984-06-02, but vernalization requirements not yet fulfilled. Forcing vernalization now (VERN=47.688571).
[2026-03-13 14:32:15,287][pcse.crop.phenology.Vernalisation][INFO] - Critical DVS for vernalization (VERNDVS) reached at day 1984-06-03, but vernalization requirements not yet fulfilled. Forcing vernalization now (VERN=47.688571).
[2026-03-13 14:32:15,302][pcse.crop.phenology.Vernalisation][INFO] - Critical DVS for vernalization (VERNDVS) reached at day 1984-06-04, but vernalization requirements not yet fulfilled. Forcing vernalization now (VERN=47.688571).
[2026-03-13 14:32:15,316][pcse.crop.phenology.Vernalisation][INFO] - Critical DVS for vernalization (VERNDVS) reached at day 1984-06-05, but vernalization requirements not yet fulfilled. Forcing vernalization now (VERN=47.688571).
[2026-03-13 14:32:15,330][pcse.crop.phenology.Vernalisation][INFO] - Critical DVS for vernalization (VERNDVS) reached at day 1984-06-06, but vernalization requirements not yet fulfilled. Forcing vernalization now (VERN=47.688571).
[2026-03-13 14:32:15,345][pcse.crop.phenology.Vernalisation][INFO] - Critical DVS for vernalization (VERNDVS) reached at day 1984-06-07, but vernalization requirements not yet fulfilled. Forcing vernalization now (VERN=47.688571).
[2026-03-13 14:32:15,359][pcse.crop.phenology.Vernalisation][INFO] - Critical DVS for vernalization (VERNDVS) reached at day 1984-06-08, but vernalization requirements not yet fulfilled. Forcing vernalization now (VERN=47.688571).
[2026-03-13 14:32:15,373][pcse.crop.phenology.Vernalisation][INFO] - Critical DVS for vernalization (VERNDVS) reached at day 1984-06-09, but vernalization requirements not yet fulfilled. Forcing vernalization now (VERN=47.688571).
[2026-03-13 14:32:15,387][pcse.crop.phenology.Vernalisation][INFO] - Critical DVS for vernalization (VERNDVS) reached at day 1984-06-10, but vernalization requirements not yet fulfilled. Forcing vernalization now (VERN=47.688571).
[2026-03-13 14:32:15,402][pcse.crop.phenology.Vernalisation][INFO] - Critical DVS for vernalization (VERNDVS) reached at day 1984-06-11, but vernalization requirements not yet fulfilled. Forcing vernalization now (VERN=47.688571).
[2026-03-13 14:32:15,416][pcse.crop.phenology.Vernalisation][INFO] - Critical DVS for vernalization (VERNDVS) reached at day 1984-06-12, but vernalization requirements not yet fulfilled. Forcing vernalization now (VERN=47.688571).
[2026-03-13 14:32:15,430][pcse.crop.phenology.Vernalisation][INFO] - Critical DVS for vernalization (VERNDVS) reached at day 1984-06-13, but vernalization requirements not yet fulfilled. Forcing vernalization now (VERN=47.688571).
[2026-03-13 14:32:15,444][pcse.crop.phenology.Vernalisation][INFO] - Critical DVS for vernalization (VERNDVS) reached at day 1984-06-14, but vernalization requirements not yet fulfilled. Forcing vernalization now (VERN=47.688571).
[2026-03-13 14:32:15,459][pcse.crop.phenology.Vernalisation][INFO] - Critical DVS for vernalization (VERNDVS) reached at day 1984-06-15, but vernalization requirements not yet fulfilled. Forcing vernalization now (VERN=47.688571).
[2026-03-13 14:32:15,472][pcse.crop.phenology.Vernalisation][INFO] - Critical DVS for vernalization (VERNDVS) reached at day 1984-06-16, but vernalization requirements not yet fulfilled. Forcing vernalization now (VERN=47.688571).
[2026-03-13 14:32:15,486][pcse.crop.phenology.Vernalisation][INFO] - Critical DVS for vernalization (VERNDVS) reached at day 1984-06-17, but vernalization requirements not yet fulfilled. Forcing vernalization now (VERN=47.688571).
[2026-03-13 14:32:15,500][pcse.crop.phenology.Vernalisation][INFO] - Critical DVS for vernalization (VERNDVS) reached at day 1984-06-18, but vernalization requirements not yet fulfilled. Forcing vernalization now (VERN=47.688571).
[2026-03-13 14:32:15,514][pcse.crop.phenology.Vernalisation][INFO] - Critical DVS for vernalization (VERNDVS) reached at day 1984-06-19, but vernalization requirements not yet fulfilled. Forcing vernalization now (VERN=47.688571).
[2026-03-13 14:32:15,528][pcse.crop.phenology.Vernalisation][INFO] - Critical DVS for vernalization (VERNDVS) reached at day 1984-06-20, but vernalization requirements not yet fulfilled. Forcing vernalization now (VERN=47.688571).
[2026-03-13 14:32:15,543][pcse.crop.phenology.Vernalisation][INFO] - Critical DVS for vernalization (VERNDVS) reached at day 1984-06-21, but vernalization requirements not yet fulfilled. Forcing vernalization now (VERN=47.688571).
[2026-03-13 14:32:15,557][pcse.crop.phenology.Vernalisation][INFO] - Critical DVS for vernalization (VERNDVS) reached at day 1984-06-22, but vernalization requirements not yet fulfilled. Forcing vernalization now (VERN=47.688571).
[2026-03-13 14:32:15,571][pcse.crop.phenology.Vernalisation][INFO] - Critical DVS for vernalization (VERNDVS) reached at day 1984-06-23, but vernalization requirements not yet fulfilled. Forcing vernalization now (VERN=47.688571).
[2026-03-13 14:32:15,585][pcse.crop.phenology.Vernalisation][INFO] - Critical DVS for vernalization (VERNDVS) reached at day 1984-06-24, but vernalization requirements not yet fulfilled. Forcing vernalization now (VERN=47.688571).
[2026-03-13 14:32:15,599][pcse.crop.phenology.Vernalisation][INFO] - Critical DVS for vernalization (VERNDVS) reached at day 1984-06-25, but vernalization requirements not yet fulfilled. Forcing vernalization now (VERN=47.688571).
[2026-03-13 14:32:15,613][pcse.crop.phenology.Vernalisation][INFO] - Critical DVS for vernalization (VERNDVS) reached at day 1984-06-26, but vernalization requirements not yet fulfilled. Forcing vernalization now (VERN=47.688571).
[2026-03-13 14:32:15,627][pcse.crop.phenology.Vernalisation][INFO] - Critical DVS for vernalization (VERNDVS) reached at day 1984-06-27, but vernalization requirements not yet fulfilled. Forcing vernalization now (VERN=47.688571).
[2026-03-13 14:32:15,641][pcse.crop.phenology.Vernalisation][INFO] - Critical DVS for vernalization (VERNDVS) reached at day 1984-06-28, but vernalization requirements not yet fulfilled. Forcing vernalization now (VERN=47.688571).
[2026-03-13 14:32:15,656][pcse.crop.phenology.Vernalisation][INFO] - Critical DVS for vernalization (VERNDVS) reached at day 1984-06-29, but vernalization requirements not yet fulfilled. Forcing vernalization now (VERN=47.688571).
[2026-03-13 14:32:15,656][pcse.crop.phenology.Annual_Phenology][INFO] - Changed phenological stage 'vegetative' to 'reproductive' on 1984-06-29
[2026-03-13 14:32:16,721][pcse.crop.phenology.Annual_Phenology][INFO] - Changed phenological stage 'reproductive' to 'mature' on 1984-09-13
[2026-03-13 14:32:16,956][pcse.base.timer.Timer][INFO] - Reached end of simulation period as specified by END_DATE.
| train          | E: 18 | S: 4338 | R: -21.7999 | TR: 224613.3007 | TF: 32 | LR: 32 | NR: 0 | D: 03.7 s | TD: 00.0 s | BR: -0.0244 | ALOSS: 20032.8683 | CLOSS: 4434958.3548 | TLOSS: -527.6402 | TVAL: 0.1018 | AENT: -5182.8116 | BCLOSS: 0.0000
[2026-03-13 14:32:16,962][pcse.agromanager.SoilCalendar][INFO] - Starting soil (oregon) with variation (oregon_1) on day 1984-02-01
[2026-03-13 14:32:16,963][pcse.agromanager.CropCalendar][INFO] - Starting crop (wheat) with variety (wheat_1) on day 1984-02-01
[pref] step=4400 mb=32 n=32 seg1=17 seg2=15 tie=0 p1=0.531 p2=0.469 ptie=0.000
Reward function is updated!! ACC: 0.8072916666666666
[2026-03-13 14:32:18,386][pcse.crop.phenology.Annual_Phenology][INFO] - Changed phenological stage 'emerging' to 'vegetative' on 1984-04-10
[2026-03-13 14:32:19,124][pcse.crop.phenology.Vernalisation][INFO] - Critical DVS for vernalization (VERNDVS) reached at day 1984-06-02, but vernalization requirements not yet fulfilled. Forcing vernalization now (VERN=47.688571).
[2026-03-13 14:32:19,137][pcse.crop.phenology.Vernalisation][INFO] - Critical DVS for vernalization (VERNDVS) reached at day 1984-06-03, but vernalization requirements not yet fulfilled. Forcing vernalization now (VERN=47.688571).
[2026-03-13 14:32:19,152][pcse.crop.phenology.Vernalisation][INFO] - Critical DVS for vernalization (VERNDVS) reached at day 1984-06-04, but vernalization requirements not yet fulfilled. Forcing vernalization now (VERN=47.688571).
[2026-03-13 14:32:19,167][pcse.crop.phenology.Vernalisation][INFO] - Critical DVS for vernalization (VERNDVS) reached at day 1984-06-05, but vernalization requirements not yet fulfilled. Forcing vernalization now (VERN=47.688571).
[2026-03-13 14:32:19,181][pcse.crop.phenology.Vernalisation][INFO] - Critical DVS for vernalization (VERNDVS) reached at day 1984-06-06, but vernalization requirements not yet fulfilled. Forcing vernalization now (VERN=47.688571).
[2026-03-13 14:32:19,194][pcse.crop.phenology.Vernalisation][INFO] - Critical DVS for vernalization (VERNDVS) reached at day 1984-06-07, but vernalization requirements not yet fulfilled. Forcing vernalization now (VERN=47.688571).
[2026-03-13 14:32:19,208][pcse.crop.phenology.Vernalisation][INFO] - Critical DVS for vernalization (VERNDVS) reached at day 1984-06-08, but vernalization requirements not yet fulfilled. Forcing vernalization now (VERN=47.688571).
[2026-03-13 14:32:19,222][pcse.crop.phenology.Vernalisation][INFO] - Critical DVS for vernalization (VERNDVS) reached at day 1984-06-09, but vernalization requirements not yet fulfilled. Forcing vernalization now (VERN=47.688571).
[2026-03-13 14:32:19,236][pcse.crop.phenology.Vernalisation][INFO] - Critical DVS for vernalization (VERNDVS) reached at day 1984-06-10, but vernalization requirements not yet fulfilled. Forcing vernalization now (VERN=47.688571).
[2026-03-13 14:32:19,250][pcse.crop.phenology.Vernalisation][INFO] - Critical DVS for vernalization (VERNDVS) reached at day 1984-06-11, but vernalization requirements not yet fulfilled. Forcing vernalization now (VERN=47.688571).
[2026-03-13 14:32:19,265][pcse.crop.phenology.Vernalisation][INFO] - Critical DVS for vernalization (VERNDVS) reached at day 1984-06-12, but vernalization requirements not yet fulfilled. Forcing vernalization now (VERN=47.688571).
[2026-03-13 14:32:19,278][pcse.crop.phenology.Vernalisation][INFO] - Critical DVS for vernalization (VERNDVS) reached at day 1984-06-13, but vernalization requirements not yet fulfilled. Forcing vernalization now (VERN=47.688571).
[2026-03-13 14:32:19,293][pcse.crop.phenology.Vernalisation][INFO] - Critical DVS for vernalization (VERNDVS) reached at day 1984-06-14, but vernalization requirements not yet fulfilled. Forcing vernalization now (VERN=47.688571).
[2026-03-13 14:32:19,306][pcse.crop.phenology.Vernalisation][INFO] - Critical DVS for vernalization (VERNDVS) reached at day 1984-06-15, but vernalization requirements not yet fulfilled. Forcing vernalization now (VERN=47.688571).
[2026-03-13 14:32:19,321][pcse.crop.phenology.Vernalisation][INFO] - Critical DVS for vernalization (VERNDVS) reached at day 1984-06-16, but vernalization requirements not yet fulfilled. Forcing vernalization now (VERN=47.688571).
[2026-03-13 14:32:19,334][pcse.crop.phenology.Vernalisation][INFO] - Critical DVS for vernalization (VERNDVS) reached at day 1984-06-17, but vernalization requirements not yet fulfilled. Forcing vernalization now (VERN=47.688571).
[2026-03-13 14:32:19,348][pcse.crop.phenology.Vernalisation][INFO] - Critical DVS for vernalization (VERNDVS) reached at day 1984-06-18, but vernalization requirements not yet fulfilled. Forcing vernalization now (VERN=47.688571).
[2026-03-13 14:32:19,362][pcse.crop.phenology.Vernalisation][INFO] - Critical DVS for vernalization (VERNDVS) reached at day 1984-06-19, but vernalization requirements not yet fulfilled. Forcing vernalization now (VERN=47.688571).
[2026-03-13 14:32:19,376][pcse.crop.phenology.Vernalisation][INFO] - Critical DVS for vernalization (VERNDVS) reached at day 1984-06-20, but vernalization requirements not yet fulfilled. Forcing vernalization now (VERN=47.688571).
[2026-03-13 14:32:19,390][pcse.crop.phenology.Vernalisation][INFO] - Critical DVS for vernalization (VERNDVS) reached at day 1984-06-21, but vernalization requirements not yet fulfilled. Forcing vernalization now (VERN=47.688571).
[2026-03-13 14:32:19,405][pcse.crop.phenology.Vernalisation][INFO] - Critical DVS for vernalization (VERNDVS) reached at day 1984-06-22, but vernalization requirements not yet fulfilled. Forcing vernalization now (VERN=47.688571).
[2026-03-13 14:32:19,418][pcse.crop.phenology.Vernalisation][INFO] - Critical DVS for vernalization (VERNDVS) reached at day 1984-06-23, but vernalization requirements not yet fulfilled. Forcing vernalization now (VERN=47.688571).
[2026-03-13 14:32:19,432][pcse.crop.phenology.Vernalisation][INFO] - Critical DVS for vernalization (VERNDVS) reached at day 1984-06-24, but vernalization requirements not yet fulfilled. Forcing vernalization now (VERN=47.688571).
[2026-03-13 14:32:19,446][pcse.crop.phenology.Vernalisation][INFO] - Critical DVS for vernalization (VERNDVS) reached at day 1984-06-25, but vernalization requirements not yet fulfilled. Forcing vernalization now (VERN=47.688571).
[2026-03-13 14:32:19,460][pcse.crop.phenology.Vernalisation][INFO] - Critical DVS for vernalization (VERNDVS) reached at day 1984-06-26, but vernalization requirements not yet fulfilled. Forcing vernalization now (VERN=47.688571).
[2026-03-13 14:32:19,474][pcse.crop.phenology.Vernalisation][INFO] - Critical DVS for vernalization (VERNDVS) reached at day 1984-06-27, but vernalization requirements not yet fulfilled. Forcing vernalization now (VERN=47.688571).
[2026-03-13 14:32:19,489][pcse.crop.phenology.Vernalisation][INFO] - Critical DVS for vernalization (VERNDVS) reached at day 1984-06-28, but vernalization requirements not yet fulfilled. Forcing vernalization now (VERN=47.688571).
[2026-03-13 14:32:19,503][pcse.crop.phenology.Vernalisation][INFO] - Critical DVS for vernalization (VERNDVS) reached at day 1984-06-29, but vernalization requirements not yet fulfilled. Forcing vernalization now (VERN=47.688571).
[2026-03-13 14:32:19,503][pcse.crop.phenology.Annual_Phenology][INFO] - Changed phenological stage 'vegetative' to 'reproductive' on 1984-06-29
[DBG] step=4500 r_hat=-1.174384
[2026-03-13 14:32:20,553][pcse.crop.phenology.Annual_Phenology][INFO] - Changed phenological stage 'reproductive' to 'mature' on 1984-09-13
[2026-03-13 14:32:20,790][pcse.base.timer.Timer][INFO] - Reached end of simulation period as specified by END_DATE.
| train          | E: 19 | S: 4579 | R: -70.6070 | TR: 80.4973 | TF: 32 | LR: 32 | NR: 0 | D: 03.8 s | TD: 00.0 s | BR: -0.0367 | ALOSS: 19885.6700 | CLOSS: 3754446.1169 | TLOSS: -499.6513 | TVAL: 0.1032 | AENT: -4841.9243 | BCLOSS: 0.0000
| pref           | N: 32 | seg1: 17 | seg2: 15 | tie: 0 | p1: 0.5312 | p2: 0.4688 | ptie: 0.0000
[2026-03-13 14:32:20,796][pcse.agromanager.SoilCalendar][INFO] - Starting soil (oregon) with variation (oregon_1) on day 1984-02-01
[2026-03-13 14:32:20,797][pcse.agromanager.CropCalendar][INFO] - Starting crop (wheat) with variety (wheat_1) on day 1984-02-01
[2026-03-13 14:32:22,133][pcse.crop.phenology.Annual_Phenology][INFO] - Changed phenological stage 'emerging' to 'vegetative' on 1984-04-10
[2026-03-13 14:32:22,924][pcse.crop.phenology.Vernalisation][INFO] - Critical DVS for vernalization (VERNDVS) reached at day 1984-06-02, but vernalization requirements not yet fulfilled. Forcing vernalization now (VERN=47.688571).
[2026-03-13 14:32:22,938][pcse.crop.phenology.Vernalisation][INFO] - Critical DVS for vernalization (VERNDVS) reached at day 1984-06-03, but vernalization requirements not yet fulfilled. Forcing vernalization now (VERN=47.688571).
[2026-03-13 14:32:22,952][pcse.crop.phenology.Vernalisation][INFO] - Critical DVS for vernalization (VERNDVS) reached at day 1984-06-04, but vernalization requirements not yet fulfilled. Forcing vernalization now (VERN=47.688571).
[2026-03-13 14:32:22,966][pcse.crop.phenology.Vernalisation][INFO] - Critical DVS for vernalization (VERNDVS) reached at day 1984-06-05, but vernalization requirements not yet fulfilled. Forcing vernalization now (VERN=47.688571).
[2026-03-13 14:32:22,980][pcse.crop.phenology.Vernalisation][INFO] - Critical DVS for vernalization (VERNDVS) reached at day 1984-06-06, but vernalization requirements not yet fulfilled. Forcing vernalization now (VERN=47.688571).
[2026-03-13 14:32:22,994][pcse.crop.phenology.Vernalisation][INFO] - Critical DVS for vernalization (VERNDVS) reached at day 1984-06-07, but vernalization requirements not yet fulfilled. Forcing vernalization now (VERN=47.688571).
[2026-03-13 14:32:23,008][pcse.crop.phenology.Vernalisation][INFO] - Critical DVS for vernalization (VERNDVS) reached at day 1984-06-08, but vernalization requirements not yet fulfilled. Forcing vernalization now (VERN=47.688571).
[2026-03-13 14:32:23,023][pcse.crop.phenology.Vernalisation][INFO] - Critical DVS for vernalization (VERNDVS) reached at day 1984-06-09, but vernalization requirements not yet fulfilled. Forcing vernalization now (VERN=47.688571).
[2026-03-13 14:32:23,037][pcse.crop.phenology.Vernalisation][INFO] - Critical DVS for vernalization (VERNDVS) reached at day 1984-06-10, but vernalization requirements not yet fulfilled. Forcing vernalization now (VERN=47.688571).
[2026-03-13 14:32:23,051][pcse.crop.phenology.Vernalisation][INFO] - Critical DVS for vernalization (VERNDVS) reached at day 1984-06-11, but vernalization requirements not yet fulfilled. Forcing vernalization now (VERN=47.688571).
[2026-03-13 14:32:23,065][pcse.crop.phenology.Vernalisation][INFO] - Critical DVS for vernalization (VERNDVS) reached at day 1984-06-12, but vernalization requirements not yet fulfilled. Forcing vernalization now (VERN=47.688571).
[2026-03-13 14:32:23,079][pcse.crop.phenology.Vernalisation][INFO] - Critical DVS for vernalization (VERNDVS) reached at day 1984-06-13, but vernalization requirements not yet fulfilled. Forcing vernalization now (VERN=47.688571).
[2026-03-13 14:32:23,093][pcse.crop.phenology.Vernalisation][INFO] - Critical DVS for vernalization (VERNDVS) reached at day 1984-06-14, but vernalization requirements not yet fulfilled. Forcing vernalization now (VERN=47.688571).
[2026-03-13 14:32:23,107][pcse.crop.phenology.Vernalisation][INFO] - Critical DVS for vernalization (VERNDVS) reached at day 1984-06-15, but vernalization requirements not yet fulfilled. Forcing vernalization now (VERN=47.688571).
[2026-03-13 14:32:23,121][pcse.crop.phenology.Vernalisation][INFO] - Critical DVS for vernalization (VERNDVS) reached at day 1984-06-16, but vernalization requirements not yet fulfilled. Forcing vernalization now (VERN=47.688571).
[2026-03-13 14:32:23,135][pcse.crop.phenology.Vernalisation][INFO] - Critical DVS for vernalization (VERNDVS) reached at day 1984-06-17, but vernalization requirements not yet fulfilled. Forcing vernalization now (VERN=47.688571).
[2026-03-13 14:32:23,149][pcse.crop.phenology.Vernalisation][INFO] - Critical DVS for vernalization (VERNDVS) reached at day 1984-06-18, but vernalization requirements not yet fulfilled. Forcing vernalization now (VERN=47.688571).
[2026-03-13 14:32:23,165][pcse.crop.phenology.Vernalisation][INFO] - Critical DVS for vernalization (VERNDVS) reached at day 1984-06-19, but vernalization requirements not yet fulfilled. Forcing vernalization now (VERN=47.688571).
[2026-03-13 14:32:23,179][pcse.crop.phenology.Vernalisation][INFO] - Critical DVS for vernalization (VERNDVS) reached at day 1984-06-20, but vernalization requirements not yet fulfilled. Forcing vernalization now (VERN=47.688571).
[2026-03-13 14:32:23,194][pcse.crop.phenology.Vernalisation][INFO] - Critical DVS for vernalization (VERNDVS) reached at day 1984-06-21, but vernalization requirements not yet fulfilled. Forcing vernalization now (VERN=47.688571).
[2026-03-13 14:32:23,208][pcse.crop.phenology.Vernalisation][INFO] - Critical DVS for vernalization (VERNDVS) reached at day 1984-06-22, but vernalization requirements not yet fulfilled. Forcing vernalization now (VERN=47.688571).
[2026-03-13 14:32:23,225][pcse.crop.phenology.Vernalisation][INFO] - Critical DVS for vernalization (VERNDVS) reached at day 1984-06-23, but vernalization requirements not yet fulfilled. Forcing vernalization now (VERN=47.688571).
[2026-03-13 14:32:23,245][pcse.crop.phenology.Vernalisation][INFO] - Critical DVS for vernalization (VERNDVS) reached at day 1984-06-24, but vernalization requirements not yet fulfilled. Forcing vernalization now (VERN=47.688571).
[2026-03-13 14:32:23,261][pcse.crop.phenology.Vernalisation][INFO] - Critical DVS for vernalization (VERNDVS) reached at day 1984-06-25, but vernalization requirements not yet fulfilled. Forcing vernalization now (VERN=47.688571).
[2026-03-13 14:32:23,277][pcse.crop.phenology.Vernalisation][INFO] - Critical DVS for vernalization (VERNDVS) reached at day 1984-06-26, but vernalization requirements not yet fulfilled. Forcing vernalization now (VERN=47.688571).
[2026-03-13 14:32:23,293][pcse.crop.phenology.Vernalisation][INFO] - Critical DVS for vernalization (VERNDVS) reached at day 1984-06-27, but vernalization requirements not yet fulfilled. Forcing vernalization now (VERN=47.688571).
[2026-03-13 14:32:23,309][pcse.crop.phenology.Vernalisation][INFO] - Critical DVS for vernalization (VERNDVS) reached at day 1984-06-28, but vernalization requirements not yet fulfilled. Forcing vernalization now (VERN=47.688571).
[2026-03-13 14:32:23,324][pcse.crop.phenology.Vernalisation][INFO] - Critical DVS for vernalization (VERNDVS) reached at day 1984-06-29, but vernalization requirements not yet fulfilled. Forcing vernalization now (VERN=47.688571).
[2026-03-13 14:32:23,325][pcse.crop.phenology.Annual_Phenology][INFO] - Changed phenological stage 'vegetative' to 'reproductive' on 1984-06-29
[pref] step=4800 mb=32 n=32 seg1=16 seg2=16 tie=0 p1=0.500 p2=0.500 ptie=0.000
Reward function is updated!! ACC: 0.8298611111111112
[2026-03-13 14:32:25,094][pcse.crop.phenology.Annual_Phenology][INFO] - Changed phenological stage 'reproductive' to 'mature' on 1984-09-13
[2026-03-13 14:32:25,375][pcse.base.timer.Timer][INFO] - Reached end of simulation period as specified by END_DATE.
| train          | E: 20 | S: 4820 | R: -199.8467 | TR: 40.5516 | TF: 64 | LR: 64 | NR: 0 | D: 04.6 s | TD: 00.0 s | BR: -0.0717 | ALOSS: 19923.9151 | CLOSS: 3968951.1696 | TLOSS: -451.1180 | TVAL: 0.1048 | AENT: -4307.6579 | BCLOSS: 0.0000
| pref           | N: 32 | seg1: 16 | seg2: 16 | tie: 0 | p1: 0.5000 | p2: 0.5000 | ptie: 0.0000
[2026-03-13 14:32:25,383][pcse.agromanager.SoilCalendar][INFO] - Starting soil (oregon) with variation (oregon_1) on day 1984-02-01
[2026-03-13 14:32:25,388][pcse.agromanager.CropCalendar][INFO] - Starting crop (wheat) with variety (wheat_1) on day 1984-02-01
[2026-03-13 14:32:26,666][pcse.crop.phenology.Annual_Phenology][INFO] - Changed phenological stage 'emerging' to 'vegetative' on 1984-04-10
[2026-03-13 14:32:27,496][pcse.crop.phenology.Vernalisation][INFO] - Critical DVS for vernalization (VERNDVS) reached at day 1984-06-02, but vernalization requirements not yet fulfilled. Forcing vernalization now (VERN=47.688571).
[2026-03-13 14:32:27,512][pcse.crop.phenology.Vernalisation][INFO] - Critical DVS for vernalization (VERNDVS) reached at day 1984-06-03, but vernalization requirements not yet fulfilled. Forcing vernalization now (VERN=47.688571).
[2026-03-13 14:32:27,528][pcse.crop.phenology.Vernalisation][INFO] - Critical DVS for vernalization (VERNDVS) reached at day 1984-06-04, but vernalization requirements not yet fulfilled. Forcing vernalization now (VERN=47.688571).
[2026-03-13 14:32:27,544][pcse.crop.phenology.Vernalisation][INFO] - Critical DVS for vernalization (VERNDVS) reached at day 1984-06-05, but vernalization requirements not yet fulfilled. Forcing vernalization now (VERN=47.688571).
[2026-03-13 14:32:27,559][pcse.crop.phenology.Vernalisation][INFO] - Critical DVS for vernalization (VERNDVS) reached at day 1984-06-06, but vernalization requirements not yet fulfilled. Forcing vernalization now (VERN=47.688571).
[2026-03-13 14:32:27,575][pcse.crop.phenology.Vernalisation][INFO] - Critical DVS for vernalization (VERNDVS) reached at day 1984-06-07, but vernalization requirements not yet fulfilled. Forcing vernalization now (VERN=47.688571).
[2026-03-13 14:32:27,591][pcse.crop.phenology.Vernalisation][INFO] - Critical DVS for vernalization (VERNDVS) reached at day 1984-06-08, but vernalization requirements not yet fulfilled. Forcing vernalization now (VERN=47.688571).
[2026-03-13 14:32:27,606][pcse.crop.phenology.Vernalisation][INFO] - Critical DVS for vernalization (VERNDVS) reached at day 1984-06-09, but vernalization requirements not yet fulfilled. Forcing vernalization now (VERN=47.688571).
[2026-03-13 14:32:27,622][pcse.crop.phenology.Vernalisation][INFO] - Critical DVS for vernalization (VERNDVS) reached at day 1984-06-10, but vernalization requirements not yet fulfilled. Forcing vernalization now (VERN=47.688571).
[2026-03-13 14:32:27,637][pcse.crop.phenology.Vernalisation][INFO] - Critical DVS for vernalization (VERNDVS) reached at day 1984-06-11, but vernalization requirements not yet fulfilled. Forcing vernalization now (VERN=47.688571).
[2026-03-13 14:32:27,655][pcse.crop.phenology.Vernalisation][INFO] - Critical DVS for vernalization (VERNDVS) reached at day 1984-06-12, but vernalization requirements not yet fulfilled. Forcing vernalization now (VERN=47.688571).
[2026-03-13 14:32:27,671][pcse.crop.phenology.Vernalisation][INFO] - Critical DVS for vernalization (VERNDVS) reached at day 1984-06-13, but vernalization requirements not yet fulfilled. Forcing vernalization now (VERN=47.688571).
[2026-03-13 14:32:27,687][pcse.crop.phenology.Vernalisation][INFO] - Critical DVS for vernalization (VERNDVS) reached at day 1984-06-14, but vernalization requirements not yet fulfilled. Forcing vernalization now (VERN=47.688571).
[2026-03-13 14:32:27,703][pcse.crop.phenology.Vernalisation][INFO] - Critical DVS for vernalization (VERNDVS) reached at day 1984-06-15, but vernalization requirements not yet fulfilled. Forcing vernalization now (VERN=47.688571).
[2026-03-13 14:32:27,719][pcse.crop.phenology.Vernalisation][INFO] - Critical DVS for vernalization (VERNDVS) reached at day 1984-06-16, but vernalization requirements not yet fulfilled. Forcing vernalization now (VERN=47.688571).
[2026-03-13 14:32:27,734][pcse.crop.phenology.Vernalisation][INFO] - Critical DVS for vernalization (VERNDVS) reached at day 1984-06-17, but vernalization requirements not yet fulfilled. Forcing vernalization now (VERN=47.688571).
[2026-03-13 14:32:27,751][pcse.crop.phenology.Vernalisation][INFO] - Critical DVS for vernalization (VERNDVS) reached at day 1984-06-18, but vernalization requirements not yet fulfilled. Forcing vernalization now (VERN=47.688571).
[2026-03-13 14:32:27,767][pcse.crop.phenology.Vernalisation][INFO] - Critical DVS for vernalization (VERNDVS) reached at day 1984-06-19, but vernalization requirements not yet fulfilled. Forcing vernalization now (VERN=47.688571).
[2026-03-13 14:32:27,782][pcse.crop.phenology.Vernalisation][INFO] - Critical DVS for vernalization (VERNDVS) reached at day 1984-06-20, but vernalization requirements not yet fulfilled. Forcing vernalization now (VERN=47.688571).
[2026-03-13 14:32:27,798][pcse.crop.phenology.Vernalisation][INFO] - Critical DVS for vernalization (VERNDVS) reached at day 1984-06-21, but vernalization requirements not yet fulfilled. Forcing vernalization now (VERN=47.688571).
[2026-03-13 14:32:27,814][pcse.crop.phenology.Vernalisation][INFO] - Critical DVS for vernalization (VERNDVS) reached at day 1984-06-22, but vernalization requirements not yet fulfilled. Forcing vernalization now (VERN=47.688571).
[2026-03-13 14:32:27,829][pcse.crop.phenology.Vernalisation][INFO] - Critical DVS for vernalization (VERNDVS) reached at day 1984-06-23, but vernalization requirements not yet fulfilled. Forcing vernalization now (VERN=47.688571).
[2026-03-13 14:32:27,845][pcse.crop.phenology.Vernalisation][INFO] - Critical DVS for vernalization (VERNDVS) reached at day 1984-06-24, but vernalization requirements not yet fulfilled. Forcing vernalization now (VERN=47.688571).
[2026-03-13 14:32:27,860][pcse.crop.phenology.Vernalisation][INFO] - Critical DVS for vernalization (VERNDVS) reached at day 1984-06-25, but vernalization requirements not yet fulfilled. Forcing vernalization now (VERN=47.688571).
[2026-03-13 14:32:27,876][pcse.crop.phenology.Vernalisation][INFO] - Critical DVS for vernalization (VERNDVS) reached at day 1984-06-26, but vernalization requirements not yet fulfilled. Forcing vernalization now (VERN=47.688571).
[2026-03-13 14:32:27,892][pcse.crop.phenology.Vernalisation][INFO] - Critical DVS for vernalization (VERNDVS) reached at day 1984-06-27, but vernalization requirements not yet fulfilled. Forcing vernalization now (VERN=47.688571).
[2026-03-13 14:32:27,908][pcse.crop.phenology.Vernalisation][INFO] - Critical DVS for vernalization (VERNDVS) reached at day 1984-06-28, but vernalization requirements not yet fulfilled. Forcing vernalization now (VERN=47.688571).
[2026-03-13 14:32:27,923][pcse.crop.phenology.Vernalisation][INFO] - Critical DVS for vernalization (VERNDVS) reached at day 1984-06-29, but vernalization requirements not yet fulfilled. Forcing vernalization now (VERN=47.688571).
[2026-03-13 14:32:27,923][pcse.crop.phenology.Annual_Phenology][INFO] - Changed phenological stage 'vegetative' to 'reproductive' on 1984-06-29
[DBG] step=5000 r_hat=-2.635413
[2026-03-13 14:32:29,348][pcse.crop.phenology.Annual_Phenology][INFO] - Changed phenological stage 'reproductive' to 'mature' on 1984-09-13
[2026-03-13 14:32:29,584][pcse.base.timer.Timer][INFO] - Reached end of simulation period as specified by END_DATE.
| train          | E: 21 | S: 5061 | R: -235.3881 | TR: 21.7934 | TF: 96 | LR: 96 | NR: 0 | D: 04.2 s | TD: 00.0 s | BR: -0.1158 | ALOSS: 19936.9281 | CLOSS: 4513738.1828 | TLOSS: -363.1384 | TVAL: 0.1063 | AENT: -3418.7595 | BCLOSS: 0.0000
[2026-03-13 14:32:29,589][pcse.agromanager.SoilCalendar][INFO] - Starting soil (oregon) with variation (oregon_1) on day 1984-02-01
[2026-03-13 14:32:29,592][pcse.agromanager.CropCalendar][INFO] - Starting crop (wheat) with variety (wheat_1) on day 1984-02-01
[2026-03-13 14:32:30,640][pcse.crop.phenology.Annual_Phenology][INFO] - Changed phenological stage 'emerging' to 'vegetative' on 1984-04-10
[2026-03-13 14:32:31,368][pcse.crop.phenology.Vernalisation][INFO] - Critical DVS for vernalization (VERNDVS) reached at day 1984-06-02, but vernalization requirements not yet fulfilled. Forcing vernalization now (VERN=47.688571).
[2026-03-13 14:32:31,383][pcse.crop.phenology.Vernalisation][INFO] - Critical DVS for vernalization (VERNDVS) reached at day 1984-06-03, but vernalization requirements not yet fulfilled. Forcing vernalization now (VERN=47.688571).
[2026-03-13 14:32:31,396][pcse.crop.phenology.Vernalisation][INFO] - Critical DVS for vernalization (VERNDVS) reached at day 1984-06-04, but vernalization requirements not yet fulfilled. Forcing vernalization now (VERN=47.688571).
[2026-03-13 14:32:31,411][pcse.crop.phenology.Vernalisation][INFO] - Critical DVS for vernalization (VERNDVS) reached at day 1984-06-05, but vernalization requirements not yet fulfilled. Forcing vernalization now (VERN=47.688571).
[2026-03-13 14:32:31,424][pcse.crop.phenology.Vernalisation][INFO] - Critical DVS for vernalization (VERNDVS) reached at day 1984-06-06, but vernalization requirements not yet fulfilled. Forcing vernalization now (VERN=47.688571).
[2026-03-13 14:32:31,439][pcse.crop.phenology.Vernalisation][INFO] - Critical DVS for vernalization (VERNDVS) reached at day 1984-06-07, but vernalization requirements not yet fulfilled. Forcing vernalization now (VERN=47.688571).
[2026-03-13 14:32:31,453][pcse.crop.phenology.Vernalisation][INFO] - Critical DVS for vernalization (VERNDVS) reached at day 1984-06-08, but vernalization requirements not yet fulfilled. Forcing vernalization now (VERN=47.688571).
[2026-03-13 14:32:31,467][pcse.crop.phenology.Vernalisation][INFO] - Critical DVS for vernalization (VERNDVS) reached at day 1984-06-09, but vernalization requirements not yet fulfilled. Forcing vernalization now (VERN=47.688571).
[2026-03-13 14:32:31,481][pcse.crop.phenology.Vernalisation][INFO] - Critical DVS for vernalization (VERNDVS) reached at day 1984-06-10, but vernalization requirements not yet fulfilled. Forcing vernalization now (VERN=47.688571).
[2026-03-13 14:32:31,495][pcse.crop.phenology.Vernalisation][INFO] - Critical DVS for vernalization (VERNDVS) reached at day 1984-06-11, but vernalization requirements not yet fulfilled. Forcing vernalization now (VERN=47.688571).
[2026-03-13 14:32:31,509][pcse.crop.phenology.Vernalisation][INFO] - Critical DVS for vernalization (VERNDVS) reached at day 1984-06-12, but vernalization requirements not yet fulfilled. Forcing vernalization now (VERN=47.688571).
[2026-03-13 14:32:31,523][pcse.crop.phenology.Vernalisation][INFO] - Critical DVS for vernalization (VERNDVS) reached at day 1984-06-13, but vernalization requirements not yet fulfilled. Forcing vernalization now (VERN=47.688571).
[2026-03-13 14:32:31,537][pcse.crop.phenology.Vernalisation][INFO] - Critical DVS for vernalization (VERNDVS) reached at day 1984-06-14, but vernalization requirements not yet fulfilled. Forcing vernalization now (VERN=47.688571).
[2026-03-13 14:32:31,551][pcse.crop.phenology.Vernalisation][INFO] - Critical DVS for vernalization (VERNDVS) reached at day 1984-06-15, but vernalization requirements not yet fulfilled. Forcing vernalization now (VERN=47.688571).
[2026-03-13 14:32:31,565][pcse.crop.phenology.Vernalisation][INFO] - Critical DVS for vernalization (VERNDVS) reached at day 1984-06-16, but vernalization requirements not yet fulfilled. Forcing vernalization now (VERN=47.688571).
[2026-03-13 14:32:31,580][pcse.crop.phenology.Vernalisation][INFO] - Critical DVS for vernalization (VERNDVS) reached at day 1984-06-17, but vernalization requirements not yet fulfilled. Forcing vernalization now (VERN=47.688571).
[2026-03-13 14:32:31,594][pcse.crop.phenology.Vernalisation][INFO] - Critical DVS for vernalization (VERNDVS) reached at day 1984-06-18, but vernalization requirements not yet fulfilled. Forcing vernalization now (VERN=47.688571).
[2026-03-13 14:32:31,608][pcse.crop.phenology.Vernalisation][INFO] - Critical DVS for vernalization (VERNDVS) reached at day 1984-06-19, but vernalization requirements not yet fulfilled. Forcing vernalization now (VERN=47.688571).
[2026-03-13 14:32:31,622][pcse.crop.phenology.Vernalisation][INFO] - Critical DVS for vernalization (VERNDVS) reached at day 1984-06-20, but vernalization requirements not yet fulfilled. Forcing vernalization now (VERN=47.688571).
[pref] step=5200 mb=32 n=32 seg1=19 seg2=13 tie=0 p1=0.594 p2=0.406 ptie=0.000
Reward function is updated!! ACC: 0.84375
[2026-03-13 14:32:32,108][pcse.crop.phenology.Vernalisation][INFO] - Critical DVS for vernalization (VERNDVS) reached at day 1984-06-21, but vernalization requirements not yet fulfilled. Forcing vernalization now (VERN=47.688571).
[2026-03-13 14:32:32,128][pcse.crop.phenology.Vernalisation][INFO] - Critical DVS for vernalization (VERNDVS) reached at day 1984-06-22, but vernalization requirements not yet fulfilled. Forcing vernalization now (VERN=47.688571).
[2026-03-13 14:32:32,147][pcse.crop.phenology.Vernalisation][INFO] - Critical DVS for vernalization (VERNDVS) reached at day 1984-06-23, but vernalization requirements not yet fulfilled. Forcing vernalization now (VERN=47.688571).
[2026-03-13 14:32:32,165][pcse.crop.phenology.Vernalisation][INFO] - Critical DVS for vernalization (VERNDVS) reached at day 1984-06-24, but vernalization requirements not yet fulfilled. Forcing vernalization now (VERN=47.688571).
[2026-03-13 14:32:32,183][pcse.crop.phenology.Vernalisation][INFO] - Critical DVS for vernalization (VERNDVS) reached at day 1984-06-25, but vernalization requirements not yet fulfilled. Forcing vernalization now (VERN=47.688571).
[2026-03-13 14:32:32,199][pcse.crop.phenology.Vernalisation][INFO] - Critical DVS for vernalization (VERNDVS) reached at day 1984-06-26, but vernalization requirements not yet fulfilled. Forcing vernalization now (VERN=47.688571).
[2026-03-13 14:32:32,217][pcse.crop.phenology.Vernalisation][INFO] - Critical DVS for vernalization (VERNDVS) reached at day 1984-06-27, but vernalization requirements not yet fulfilled. Forcing vernalization now (VERN=47.688571).
[2026-03-13 14:32:32,233][pcse.crop.phenology.Vernalisation][INFO] - Critical DVS for vernalization (VERNDVS) reached at day 1984-06-28, but vernalization requirements not yet fulfilled. Forcing vernalization now (VERN=47.688571).
[2026-03-13 14:32:32,250][pcse.crop.phenology.Vernalisation][INFO] - Critical DVS for vernalization (VERNDVS) reached at day 1984-06-29, but vernalization requirements not yet fulfilled. Forcing vernalization now (VERN=47.688571).
[2026-03-13 14:32:32,250][pcse.crop.phenology.Annual_Phenology][INFO] - Changed phenological stage 'vegetative' to 'reproductive' on 1984-06-29
[2026-03-13 14:32:33,440][pcse.crop.phenology.Annual_Phenology][INFO] - Changed phenological stage 'reproductive' to 'mature' on 1984-09-13
[2026-03-13 14:32:33,708][pcse.base.timer.Timer][INFO] - Reached end of simulation period as specified by END_DATE.
| train          | E: 22 | S: 5302 | R: -478.9088 | TR: 57.6850 | TF: 96 | LR: 96 | NR: 0 | D: 04.1 s | TD: 00.0 s | BR: -0.2551 | ALOSS: 19559.8668 | CLOSS: 3783218.7147 | TLOSS: -225.5389 | TVAL: 0.1076 | AENT: -2099.5344 | BCLOSS: 0.0000
| pref           | N: 32 | seg1: 19 | seg2: 13 | tie: 0 | p1: 0.5938 | p2: 0.4062 | ptie: 0.0000
[2026-03-13 14:32:33,715][pcse.agromanager.SoilCalendar][INFO] - Starting soil (oregon) with variation (oregon_1) on day 1984-02-01
[2026-03-13 14:32:33,718][pcse.agromanager.CropCalendar][INFO] - Starting crop (wheat) with variety (wheat_1) on day 1984-02-01
[2026-03-13 14:32:34,953][pcse.crop.phenology.Annual_Phenology][INFO] - Changed phenological stage 'emerging' to 'vegetative' on 1984-04-10
[2026-03-13 14:32:35,970][pcse.crop.phenology.Vernalisation][INFO] - Critical DVS for vernalization (VERNDVS) reached at day 1984-06-02, but vernalization requirements not yet fulfilled. Forcing vernalization now (VERN=47.688571).
[2026-03-13 14:32:35,986][pcse.crop.phenology.Vernalisation][INFO] - Critical DVS for vernalization (VERNDVS) reached at day 1984-06-03, but vernalization requirements not yet fulfilled. Forcing vernalization now (VERN=47.688571).
[2026-03-13 14:32:36,002][pcse.crop.phenology.Vernalisation][INFO] - Critical DVS for vernalization (VERNDVS) reached at day 1984-06-04, but vernalization requirements not yet fulfilled. Forcing vernalization now (VERN=47.688571).
[2026-03-13 14:32:36,019][pcse.crop.phenology.Vernalisation][INFO] - Critical DVS for vernalization (VERNDVS) reached at day 1984-06-05, but vernalization requirements not yet fulfilled. Forcing vernalization now (VERN=47.688571).
[2026-03-13 14:32:36,035][pcse.crop.phenology.Vernalisation][INFO] - Critical DVS for vernalization (VERNDVS) reached at day 1984-06-06, but vernalization requirements not yet fulfilled. Forcing vernalization now (VERN=47.688571).
[2026-03-13 14:32:36,051][pcse.crop.phenology.Vernalisation][INFO] - Critical DVS for vernalization (VERNDVS) reached at day 1984-06-07, but vernalization requirements not yet fulfilled. Forcing vernalization now (VERN=47.688571).
[2026-03-13 14:32:36,067][pcse.crop.phenology.Vernalisation][INFO] - Critical DVS for vernalization (VERNDVS) reached at day 1984-06-08, but vernalization requirements not yet fulfilled. Forcing vernalization now (VERN=47.688571).
[2026-03-13 14:32:36,083][pcse.crop.phenology.Vernalisation][INFO] - Critical DVS for vernalization (VERNDVS) reached at day 1984-06-09, but vernalization requirements not yet fulfilled. Forcing vernalization now (VERN=47.688571).
[2026-03-13 14:32:36,099][pcse.crop.phenology.Vernalisation][INFO] - Critical DVS for vernalization (VERNDVS) reached at day 1984-06-10, but vernalization requirements not yet fulfilled. Forcing vernalization now (VERN=47.688571).
[2026-03-13 14:32:36,115][pcse.crop.phenology.Vernalisation][INFO] - Critical DVS for vernalization (VERNDVS) reached at day 1984-06-11, but vernalization requirements not yet fulfilled. Forcing vernalization now (VERN=47.688571).
[2026-03-13 14:32:36,131][pcse.crop.phenology.Vernalisation][INFO] - Critical DVS for vernalization (VERNDVS) reached at day 1984-06-12, but vernalization requirements not yet fulfilled. Forcing vernalization now (VERN=47.688571).
[2026-03-13 14:32:36,147][pcse.crop.phenology.Vernalisation][INFO] - Critical DVS for vernalization (VERNDVS) reached at day 1984-06-13, but vernalization requirements not yet fulfilled. Forcing vernalization now (VERN=47.688571).
[2026-03-13 14:32:36,162][pcse.crop.phenology.Vernalisation][INFO] - Critical DVS for vernalization (VERNDVS) reached at day 1984-06-14, but vernalization requirements not yet fulfilled. Forcing vernalization now (VERN=47.688571).
[2026-03-13 14:32:36,178][pcse.crop.phenology.Vernalisation][INFO] - Critical DVS for vernalization (VERNDVS) reached at day 1984-06-15, but vernalization requirements not yet fulfilled. Forcing vernalization now (VERN=47.688571).
[2026-03-13 14:32:36,194][pcse.crop.phenology.Vernalisation][INFO] - Critical DVS for vernalization (VERNDVS) reached at day 1984-06-16, but vernalization requirements not yet fulfilled. Forcing vernalization now (VERN=47.688571).
[2026-03-13 14:32:36,210][pcse.crop.phenology.Vernalisation][INFO] - Critical DVS for vernalization (VERNDVS) reached at day 1984-06-17, but vernalization requirements not yet fulfilled. Forcing vernalization now (VERN=47.688571).
[2026-03-13 14:32:36,226][pcse.crop.phenology.Vernalisation][INFO] - Critical DVS for vernalization (VERNDVS) reached at day 1984-06-18, but vernalization requirements not yet fulfilled. Forcing vernalization now (VERN=47.688571).
[2026-03-13 14:32:36,242][pcse.crop.phenology.Vernalisation][INFO] - Critical DVS for vernalization (VERNDVS) reached at day 1984-06-19, but vernalization requirements not yet fulfilled. Forcing vernalization now (VERN=47.688571).
[2026-03-13 14:32:36,259][pcse.crop.phenology.Vernalisation][INFO] - Critical DVS for vernalization (VERNDVS) reached at day 1984-06-20, but vernalization requirements not yet fulfilled. Forcing vernalization now (VERN=47.688571).
[2026-03-13 14:32:36,275][pcse.crop.phenology.Vernalisation][INFO] - Critical DVS for vernalization (VERNDVS) reached at day 1984-06-21, but vernalization requirements not yet fulfilled. Forcing vernalization now (VERN=47.688571).
[2026-03-13 14:32:36,291][pcse.crop.phenology.Vernalisation][INFO] - Critical DVS for vernalization (VERNDVS) reached at day 1984-06-22, but vernalization requirements not yet fulfilled. Forcing vernalization now (VERN=47.688571).
[2026-03-13 14:32:36,307][pcse.crop.phenology.Vernalisation][INFO] - Critical DVS for vernalization (VERNDVS) reached at day 1984-06-23, but vernalization requirements not yet fulfilled. Forcing vernalization now (VERN=47.688571).
[2026-03-13 14:32:36,323][pcse.crop.phenology.Vernalisation][INFO] - Critical DVS for vernalization (VERNDVS) reached at day 1984-06-24, but vernalization requirements not yet fulfilled. Forcing vernalization now (VERN=47.688571).
[2026-03-13 14:32:36,338][pcse.crop.phenology.Vernalisation][INFO] - Critical DVS for vernalization (VERNDVS) reached at day 1984-06-25, but vernalization requirements not yet fulfilled. Forcing vernalization now (VERN=47.688571).
[2026-03-13 14:32:36,355][pcse.crop.phenology.Vernalisation][INFO] - Critical DVS for vernalization (VERNDVS) reached at day 1984-06-26, but vernalization requirements not yet fulfilled. Forcing vernalization now (VERN=47.688571).
[2026-03-13 14:32:36,371][pcse.crop.phenology.Vernalisation][INFO] - Critical DVS for vernalization (VERNDVS) reached at day 1984-06-27, but vernalization requirements not yet fulfilled. Forcing vernalization now (VERN=47.688571).
[2026-03-13 14:32:36,387][pcse.crop.phenology.Vernalisation][INFO] - Critical DVS for vernalization (VERNDVS) reached at day 1984-06-28, but vernalization requirements not yet fulfilled. Forcing vernalization now (VERN=47.688571).
[2026-03-13 14:32:36,403][pcse.crop.phenology.Vernalisation][INFO] - Critical DVS for vernalization (VERNDVS) reached at day 1984-06-29, but vernalization requirements not yet fulfilled. Forcing vernalization now (VERN=47.688571).
[2026-03-13 14:32:36,403][pcse.crop.phenology.Annual_Phenology][INFO] - Changed phenological stage 'vegetative' to 'reproductive' on 1984-06-29
[DBG] step=5500 r_hat=-5.039854
[2026-03-13 14:32:37,588][pcse.crop.phenology.Annual_Phenology][INFO] - Changed phenological stage 'reproductive' to 'mature' on 1984-09-13
[2026-03-13 14:32:37,851][pcse.base.timer.Timer][INFO] - Reached end of simulation period as specified by END_DATE.
| train          | E: 23 | S: 5543 | R: -701.4890 | TR: 12.8763 | TF: 128 | LR: 128 | NR: 0 | D: 04.1 s | TD: 00.0 s | BR: -0.4512 | ALOSS: 19271.9427 | CLOSS: 3226780.1536 | TLOSS: -155.8178 | TVAL: 0.1084 | AENT: -1438.6360 | BCLOSS: 0.0000
[2026-03-13 14:32:37,859][pcse.agromanager.SoilCalendar][INFO] - Starting soil (oregon) with variation (oregon_1) on day 1984-02-01
[2026-03-13 14:32:37,861][pcse.agromanager.CropCalendar][INFO] - Starting crop (wheat) with variety (wheat_1) on day 1984-02-01
[pref] step=5600 mb=32 n=32 seg1=18 seg2=14 tie=0 p1=0.562 p2=0.438 ptie=0.000
Reward function is updated!! ACC: 0.8604166666666666
[2026-03-13 14:32:39,738][pcse.crop.phenology.Annual_Phenology][INFO] - Changed phenological stage 'emerging' to 'vegetative' on 1984-04-10
[2026-03-13 14:32:40,563][pcse.crop.phenology.Vernalisation][INFO] - Critical DVS for vernalization (VERNDVS) reached at day 1984-06-02, but vernalization requirements not yet fulfilled. Forcing vernalization now (VERN=47.688571).
[2026-03-13 14:32:40,579][pcse.crop.phenology.Vernalisation][INFO] - Critical DVS for vernalization (VERNDVS) reached at day 1984-06-03, but vernalization requirements not yet fulfilled. Forcing vernalization now (VERN=47.688571).
[2026-03-13 14:32:40,594][pcse.crop.phenology.Vernalisation][INFO] - Critical DVS for vernalization (VERNDVS) reached at day 1984-06-04, but vernalization requirements not yet fulfilled. Forcing vernalization now (VERN=47.688571).
[2026-03-13 14:32:40,610][pcse.crop.phenology.Vernalisation][INFO] - Critical DVS for vernalization (VERNDVS) reached at day 1984-06-05, but vernalization requirements not yet fulfilled. Forcing vernalization now (VERN=47.688571).
[2026-03-13 14:32:40,626][pcse.crop.phenology.Vernalisation][INFO] - Critical DVS for vernalization (VERNDVS) reached at day 1984-06-06, but vernalization requirements not yet fulfilled. Forcing vernalization now (VERN=47.688571).
[2026-03-13 14:32:40,641][pcse.crop.phenology.Vernalisation][INFO] - Critical DVS for vernalization (VERNDVS) reached at day 1984-06-07, but vernalization requirements not yet fulfilled. Forcing vernalization now (VERN=47.688571).
[2026-03-13 14:32:40,657][pcse.crop.phenology.Vernalisation][INFO] - Critical DVS for vernalization (VERNDVS) reached at day 1984-06-08, but vernalization requirements not yet fulfilled. Forcing vernalization now (VERN=47.688571).
[2026-03-13 14:32:40,672][pcse.crop.phenology.Vernalisation][INFO] - Critical DVS for vernalization (VERNDVS) reached at day 1984-06-09, but vernalization requirements not yet fulfilled. Forcing vernalization now (VERN=47.688571).
[2026-03-13 14:32:40,688][pcse.crop.phenology.Vernalisation][INFO] - Critical DVS for vernalization (VERNDVS) reached at day 1984-06-10, but vernalization requirements not yet fulfilled. Forcing vernalization now (VERN=47.688571).
[2026-03-13 14:32:40,703][pcse.crop.phenology.Vernalisation][INFO] - Critical DVS for vernalization (VERNDVS) reached at day 1984-06-11, but vernalization requirements not yet fulfilled. Forcing vernalization now (VERN=47.688571).
[2026-03-13 14:32:40,719][pcse.crop.phenology.Vernalisation][INFO] - Critical DVS for vernalization (VERNDVS) reached at day 1984-06-12, but vernalization requirements not yet fulfilled. Forcing vernalization now (VERN=47.688571).
[2026-03-13 14:32:40,736][pcse.crop.phenology.Vernalisation][INFO] - Critical DVS for vernalization (VERNDVS) reached at day 1984-06-13, but vernalization requirements not yet fulfilled. Forcing vernalization now (VERN=47.688571).
[2026-03-13 14:32:40,755][pcse.crop.phenology.Vernalisation][INFO] - Critical DVS for vernalization (VERNDVS) reached at day 1984-06-14, but vernalization requirements not yet fulfilled. Forcing vernalization now (VERN=47.688571).
[2026-03-13 14:32:40,770][pcse.crop.phenology.Vernalisation][INFO] - Critical DVS for vernalization (VERNDVS) reached at day 1984-06-15, but vernalization requirements not yet fulfilled. Forcing vernalization now (VERN=47.688571).
[2026-03-13 14:32:40,786][pcse.crop.phenology.Vernalisation][INFO] - Critical DVS for vernalization (VERNDVS) reached at day 1984-06-16, but vernalization requirements not yet fulfilled. Forcing vernalization now (VERN=47.688571).
[2026-03-13 14:32:40,801][pcse.crop.phenology.Vernalisation][INFO] - Critical DVS for vernalization (VERNDVS) reached at day 1984-06-17, but vernalization requirements not yet fulfilled. Forcing vernalization now (VERN=47.688571).
[2026-03-13 14:32:40,817][pcse.crop.phenology.Vernalisation][INFO] - Critical DVS for vernalization (VERNDVS) reached at day 1984-06-18, but vernalization requirements not yet fulfilled. Forcing vernalization now (VERN=47.688571).
[2026-03-13 14:32:40,832][pcse.crop.phenology.Vernalisation][INFO] - Critical DVS for vernalization (VERNDVS) reached at day 1984-06-19, but vernalization requirements not yet fulfilled. Forcing vernalization now (VERN=47.688571).
[2026-03-13 14:32:40,848][pcse.crop.phenology.Vernalisation][INFO] - Critical DVS for vernalization (VERNDVS) reached at day 1984-06-20, but vernalization requirements not yet fulfilled. Forcing vernalization now (VERN=47.688571).
[2026-03-13 14:32:40,864][pcse.crop.phenology.Vernalisation][INFO] - Critical DVS for vernalization (VERNDVS) reached at day 1984-06-21, but vernalization requirements not yet fulfilled. Forcing vernalization now (VERN=47.688571).
[2026-03-13 14:32:40,879][pcse.crop.phenology.Vernalisation][INFO] - Critical DVS for vernalization (VERNDVS) reached at day 1984-06-22, but vernalization requirements not yet fulfilled. Forcing vernalization now (VERN=47.688571).
[2026-03-13 14:32:40,895][pcse.crop.phenology.Vernalisation][INFO] - Critical DVS for vernalization (VERNDVS) reached at day 1984-06-23, but vernalization requirements not yet fulfilled. Forcing vernalization now (VERN=47.688571).
[2026-03-13 14:32:40,911][pcse.crop.phenology.Vernalisation][INFO] - Critical DVS for vernalization (VERNDVS) reached at day 1984-06-24, but vernalization requirements not yet fulfilled. Forcing vernalization now (VERN=47.688571).
[2026-03-13 14:32:40,926][pcse.crop.phenology.Vernalisation][INFO] - Critical DVS for vernalization (VERNDVS) reached at day 1984-06-25, but vernalization requirements not yet fulfilled. Forcing vernalization now (VERN=47.688571).
[2026-03-13 14:32:40,941][pcse.crop.phenology.Vernalisation][INFO] - Critical DVS for vernalization (VERNDVS) reached at day 1984-06-26, but vernalization requirements not yet fulfilled. Forcing vernalization now (VERN=47.688571).
[2026-03-13 14:32:40,957][pcse.crop.phenology.Vernalisation][INFO] - Critical DVS for vernalization (VERNDVS) reached at day 1984-06-27, but vernalization requirements not yet fulfilled. Forcing vernalization now (VERN=47.688571).
[2026-03-13 14:32:40,973][pcse.crop.phenology.Vernalisation][INFO] - Critical DVS for vernalization (VERNDVS) reached at day 1984-06-28, but vernalization requirements not yet fulfilled. Forcing vernalization now (VERN=47.688571).
[2026-03-13 14:32:40,988][pcse.crop.phenology.Vernalisation][INFO] - Critical DVS for vernalization (VERNDVS) reached at day 1984-06-29, but vernalization requirements not yet fulfilled. Forcing vernalization now (VERN=47.688571).
[2026-03-13 14:32:40,988][pcse.crop.phenology.Annual_Phenology][INFO] - Changed phenological stage 'vegetative' to 'reproductive' on 1984-06-29
[2026-03-13 14:32:42,170][pcse.crop.phenology.Annual_Phenology][INFO] - Changed phenological stage 'reproductive' to 'mature' on 1984-09-13
[2026-03-13 14:32:42,441][pcse.base.timer.Timer][INFO] - Reached end of simulation period as specified by END_DATE.
| train          | E: 24 | S: 5784 | R: -873.4183 | TR: 15.8611 | TF: 128 | LR: 128 | NR: 0 | D: 04.6 s | TD: 00.0 s | BR: -1.0446 | ALOSS: 19299.0914 | CLOSS: 3643747.3713 | TLOSS: -155.3663 | TVAL: 0.1092 | AENT: -1423.2476 | BCLOSS: 0.0000
| pref           | N: 32 | seg1: 18 | seg2: 14 | tie: 0 | p1: 0.5625 | p2: 0.4375 | ptie: 0.0000
[2026-03-13 14:32:42,449][pcse.agromanager.SoilCalendar][INFO] - Starting soil (oregon) with variation (oregon_1) on day 1984-02-01
[2026-03-13 14:32:42,451][pcse.agromanager.CropCalendar][INFO] - Starting crop (wheat) with variety (wheat_1) on day 1984-02-01
[2026-03-13 14:32:43,979][pcse.crop.phenology.Annual_Phenology][INFO] - Changed phenological stage 'emerging' to 'vegetative' on 1984-04-10
[2026-03-13 14:32:44,804][pcse.crop.phenology.Vernalisation][INFO] - Critical DVS for vernalization (VERNDVS) reached at day 1984-06-02, but vernalization requirements not yet fulfilled. Forcing vernalization now (VERN=47.688571).
[2026-03-13 14:32:44,820][pcse.crop.phenology.Vernalisation][INFO] - Critical DVS for vernalization (VERNDVS) reached at day 1984-06-03, but vernalization requirements not yet fulfilled. Forcing vernalization now (VERN=47.688571).
[2026-03-13 14:32:44,836][pcse.crop.phenology.Vernalisation][INFO] - Critical DVS for vernalization (VERNDVS) reached at day 1984-06-04, but vernalization requirements not yet fulfilled. Forcing vernalization now (VERN=47.688571).
[2026-03-13 14:32:44,852][pcse.crop.phenology.Vernalisation][INFO] - Critical DVS for vernalization (VERNDVS) reached at day 1984-06-05, but vernalization requirements not yet fulfilled. Forcing vernalization now (VERN=47.688571).
[2026-03-13 14:32:44,868][pcse.crop.phenology.Vernalisation][INFO] - Critical DVS for vernalization (VERNDVS) reached at day 1984-06-06, but vernalization requirements not yet fulfilled. Forcing vernalization now (VERN=47.688571).
[2026-03-13 14:32:44,883][pcse.crop.phenology.Vernalisation][INFO] - Critical DVS for vernalization (VERNDVS) reached at day 1984-06-07, but vernalization requirements not yet fulfilled. Forcing vernalization now (VERN=47.688571).
[2026-03-13 14:32:44,899][pcse.crop.phenology.Vernalisation][INFO] - Critical DVS for vernalization (VERNDVS) reached at day 1984-06-08, but vernalization requirements not yet fulfilled. Forcing vernalization now (VERN=47.688571).
[2026-03-13 14:32:44,915][pcse.crop.phenology.Vernalisation][INFO] - Critical DVS for vernalization (VERNDVS) reached at day 1984-06-09, but vernalization requirements not yet fulfilled. Forcing vernalization now (VERN=47.688571).
[2026-03-13 14:32:44,931][pcse.crop.phenology.Vernalisation][INFO] - Critical DVS for vernalization (VERNDVS) reached at day 1984-06-10, but vernalization requirements not yet fulfilled. Forcing vernalization now (VERN=47.688571).
[2026-03-13 14:32:44,946][pcse.crop.phenology.Vernalisation][INFO] - Critical DVS for vernalization (VERNDVS) reached at day 1984-06-11, but vernalization requirements not yet fulfilled. Forcing vernalization now (VERN=47.688571).
[2026-03-13 14:32:44,963][pcse.crop.phenology.Vernalisation][INFO] - Critical DVS for vernalization (VERNDVS) reached at day 1984-06-12, but vernalization requirements not yet fulfilled. Forcing vernalization now (VERN=47.688571).
[2026-03-13 14:32:44,979][pcse.crop.phenology.Vernalisation][INFO] - Critical DVS for vernalization (VERNDVS) reached at day 1984-06-13, but vernalization requirements not yet fulfilled. Forcing vernalization now (VERN=47.688571).
[2026-03-13 14:32:44,995][pcse.crop.phenology.Vernalisation][INFO] - Critical DVS for vernalization (VERNDVS) reached at day 1984-06-14, but vernalization requirements not yet fulfilled. Forcing vernalization now (VERN=47.688571).
[2026-03-13 14:32:45,011][pcse.crop.phenology.Vernalisation][INFO] - Critical DVS for vernalization (VERNDVS) reached at day 1984-06-15, but vernalization requirements not yet fulfilled. Forcing vernalization now (VERN=47.688571).
[2026-03-13 14:32:45,027][pcse.crop.phenology.Vernalisation][INFO] - Critical DVS for vernalization (VERNDVS) reached at day 1984-06-16, but vernalization requirements not yet fulfilled. Forcing vernalization now (VERN=47.688571).
[2026-03-13 14:32:45,043][pcse.crop.phenology.Vernalisation][INFO] - Critical DVS for vernalization (VERNDVS) reached at day 1984-06-17, but vernalization requirements not yet fulfilled. Forcing vernalization now (VERN=47.688571).
[2026-03-13 14:32:45,059][pcse.crop.phenology.Vernalisation][INFO] - Critical DVS for vernalization (VERNDVS) reached at day 1984-06-18, but vernalization requirements not yet fulfilled. Forcing vernalization now (VERN=47.688571).
[2026-03-13 14:32:45,075][pcse.crop.phenology.Vernalisation][INFO] - Critical DVS for vernalization (VERNDVS) reached at day 1984-06-19, but vernalization requirements not yet fulfilled. Forcing vernalization now (VERN=47.688571).
[2026-03-13 14:32:45,090][pcse.crop.phenology.Vernalisation][INFO] - Critical DVS for vernalization (VERNDVS) reached at day 1984-06-20, but vernalization requirements not yet fulfilled. Forcing vernalization now (VERN=47.688571).
[2026-03-13 14:32:45,107][pcse.crop.phenology.Vernalisation][INFO] - Critical DVS for vernalization (VERNDVS) reached at day 1984-06-21, but vernalization requirements not yet fulfilled. Forcing vernalization now (VERN=47.688571).
[2026-03-13 14:32:45,123][pcse.crop.phenology.Vernalisation][INFO] - Critical DVS for vernalization (VERNDVS) reached at day 1984-06-22, but vernalization requirements not yet fulfilled. Forcing vernalization now (VERN=47.688571).
[2026-03-13 14:32:45,139][pcse.crop.phenology.Vernalisation][INFO] - Critical DVS for vernalization (VERNDVS) reached at day 1984-06-23, but vernalization requirements not yet fulfilled. Forcing vernalization now (VERN=47.688571).
[2026-03-13 14:32:45,155][pcse.crop.phenology.Vernalisation][INFO] - Critical DVS for vernalization (VERNDVS) reached at day 1984-06-24, but vernalization requirements not yet fulfilled. Forcing vernalization now (VERN=47.688571).
[2026-03-13 14:32:45,171][pcse.crop.phenology.Vernalisation][INFO] - Critical DVS for vernalization (VERNDVS) reached at day 1984-06-25, but vernalization requirements not yet fulfilled. Forcing vernalization now (VERN=47.688571).
[2026-03-13 14:32:45,187][pcse.crop.phenology.Vernalisation][INFO] - Critical DVS for vernalization (VERNDVS) reached at day 1984-06-26, but vernalization requirements not yet fulfilled. Forcing vernalization now (VERN=47.688571).
[2026-03-13 14:32:45,202][pcse.crop.phenology.Vernalisation][INFO] - Critical DVS for vernalization (VERNDVS) reached at day 1984-06-27, but vernalization requirements not yet fulfilled. Forcing vernalization now (VERN=47.688571).
[2026-03-13 14:32:45,219][pcse.crop.phenology.Vernalisation][INFO] - Critical DVS for vernalization (VERNDVS) reached at day 1984-06-28, but vernalization requirements not yet fulfilled. Forcing vernalization now (VERN=47.688571).
[2026-03-13 14:32:45,235][pcse.crop.phenology.Vernalisation][INFO] - Critical DVS for vernalization (VERNDVS) reached at day 1984-06-29, but vernalization requirements not yet fulfilled. Forcing vernalization now (VERN=47.688571).
[2026-03-13 14:32:45,235][pcse.crop.phenology.Annual_Phenology][INFO] - Changed phenological stage 'vegetative' to 'reproductive' on 1984-06-29
[pref] step=6000 mb=32 n=32 seg1=11 seg2=21 tie=0 p1=0.344 p2=0.656 ptie=0.000
Reward function is updated!! ACC: 0.890625
[DBG] step=6000 r_hat=-15.571083
[2026-03-13 14:32:47,077][pcse.crop.phenology.Annual_Phenology][INFO] - Changed phenological stage 'reproductive' to 'mature' on 1984-09-13
[2026-03-13 14:32:47,315][pcse.base.timer.Timer][INFO] - Reached end of simulation period as specified by END_DATE.
| train          | E: 25 | S: 6025 | R: -1688.6313 | TR: 12.0835 | TF: 160 | LR: 160 | NR: 0 | D: 04.9 s | TD: 00.0 s | BR: -1.4544 | ALOSS: 19087.9933 | CLOSS: 4180080.3678 | TLOSS: -155.8902 | TVAL: 0.1102 | AENT: -1415.3929 | BCLOSS: 0.0000
| pref           | N: 32 | seg1: 11 | seg2: 21 | tie: 0 | p1: 0.3438 | p2: 0.6562 | ptie: 0.0000
[2026-03-13 14:32:47,320][pcse.agromanager.SoilCalendar][INFO] - Starting soil (oregon) with variation (oregon_1) on day 1984-02-01
[2026-03-13 14:32:47,322][pcse.agromanager.CropCalendar][INFO] - Starting crop (wheat) with variety (wheat_1) on day 1984-02-01
[2026-03-13 14:32:48,378][pcse.crop.phenology.Annual_Phenology][INFO] - Changed phenological stage 'emerging' to 'vegetative' on 1984-04-10
[2026-03-13 14:32:49,106][pcse.crop.phenology.Vernalisation][INFO] - Critical DVS for vernalization (VERNDVS) reached at day 1984-06-02, but vernalization requirements not yet fulfilled. Forcing vernalization now (VERN=47.688571).
[2026-03-13 14:32:49,119][pcse.crop.phenology.Vernalisation][INFO] - Critical DVS for vernalization (VERNDVS) reached at day 1984-06-03, but vernalization requirements not yet fulfilled. Forcing vernalization now (VERN=47.688571).
[2026-03-13 14:32:49,133][pcse.crop.phenology.Vernalisation][INFO] - Critical DVS for vernalization (VERNDVS) reached at day 1984-06-04, but vernalization requirements not yet fulfilled. Forcing vernalization now (VERN=47.688571).
[2026-03-13 14:32:49,147][pcse.crop.phenology.Vernalisation][INFO] - Critical DVS for vernalization (VERNDVS) reached at day 1984-06-05, but vernalization requirements not yet fulfilled. Forcing vernalization now (VERN=47.688571).
[2026-03-13 14:32:49,161][pcse.crop.phenology.Vernalisation][INFO] - Critical DVS for vernalization (VERNDVS) reached at day 1984-06-06, but vernalization requirements not yet fulfilled. Forcing vernalization now (VERN=47.688571).
[2026-03-13 14:32:49,175][pcse.crop.phenology.Vernalisation][INFO] - Critical DVS for vernalization (VERNDVS) reached at day 1984-06-07, but vernalization requirements not yet fulfilled. Forcing vernalization now (VERN=47.688571).
[2026-03-13 14:32:49,189][pcse.crop.phenology.Vernalisation][INFO] - Critical DVS for vernalization (VERNDVS) reached at day 1984-06-08, but vernalization requirements not yet fulfilled. Forcing vernalization now (VERN=47.688571).
[2026-03-13 14:32:49,202][pcse.crop.phenology.Vernalisation][INFO] - Critical DVS for vernalization (VERNDVS) reached at day 1984-06-09, but vernalization requirements not yet fulfilled. Forcing vernalization now (VERN=47.688571).
[2026-03-13 14:32:49,216][pcse.crop.phenology.Vernalisation][INFO] - Critical DVS for vernalization (VERNDVS) reached at day 1984-06-10, but vernalization requirements not yet fulfilled. Forcing vernalization now (VERN=47.688571).
[2026-03-13 14:32:49,230][pcse.crop.phenology.Vernalisation][INFO] - Critical DVS for vernalization (VERNDVS) reached at day 1984-06-11, but vernalization requirements not yet fulfilled. Forcing vernalization now (VERN=47.688571).
[2026-03-13 14:32:49,244][pcse.crop.phenology.Vernalisation][INFO] - Critical DVS for vernalization (VERNDVS) reached at day 1984-06-12, but vernalization requirements not yet fulfilled. Forcing vernalization now (VERN=47.688571).
[2026-03-13 14:32:49,258][pcse.crop.phenology.Vernalisation][INFO] - Critical DVS for vernalization (VERNDVS) reached at day 1984-06-13, but vernalization requirements not yet fulfilled. Forcing vernalization now (VERN=47.688571).
[2026-03-13 14:32:49,272][pcse.crop.phenology.Vernalisation][INFO] - Critical DVS for vernalization (VERNDVS) reached at day 1984-06-14, but vernalization requirements not yet fulfilled. Forcing vernalization now (VERN=47.688571).
[2026-03-13 14:32:49,286][pcse.crop.phenology.Vernalisation][INFO] - Critical DVS for vernalization (VERNDVS) reached at day 1984-06-15, but vernalization requirements not yet fulfilled. Forcing vernalization now (VERN=47.688571).
[2026-03-13 14:32:49,299][pcse.crop.phenology.Vernalisation][INFO] - Critical DVS for vernalization (VERNDVS) reached at day 1984-06-16, but vernalization requirements not yet fulfilled. Forcing vernalization now (VERN=47.688571).
[2026-03-13 14:32:49,314][pcse.crop.phenology.Vernalisation][INFO] - Critical DVS for vernalization (VERNDVS) reached at day 1984-06-17, but vernalization requirements not yet fulfilled. Forcing vernalization now (VERN=47.688571).
[2026-03-13 14:32:49,327][pcse.crop.phenology.Vernalisation][INFO] - Critical DVS for vernalization (VERNDVS) reached at day 1984-06-18, but vernalization requirements not yet fulfilled. Forcing vernalization now (VERN=47.688571).
[2026-03-13 14:32:49,341][pcse.crop.phenology.Vernalisation][INFO] - Critical DVS for vernalization (VERNDVS) reached at day 1984-06-19, but vernalization requirements not yet fulfilled. Forcing vernalization now (VERN=47.688571).
[2026-03-13 14:32:49,355][pcse.crop.phenology.Vernalisation][INFO] - Critical DVS for vernalization (VERNDVS) reached at day 1984-06-20, but vernalization requirements not yet fulfilled. Forcing vernalization now (VERN=47.688571).
[2026-03-13 14:32:49,369][pcse.crop.phenology.Vernalisation][INFO] - Critical DVS for vernalization (VERNDVS) reached at day 1984-06-21, but vernalization requirements not yet fulfilled. Forcing vernalization now (VERN=47.688571).
[2026-03-13 14:32:49,383][pcse.crop.phenology.Vernalisation][INFO] - Critical DVS for vernalization (VERNDVS) reached at day 1984-06-22, but vernalization requirements not yet fulfilled. Forcing vernalization now (VERN=47.688571).
[2026-03-13 14:32:49,396][pcse.crop.phenology.Vernalisation][INFO] - Critical DVS for vernalization (VERNDVS) reached at day 1984-06-23, but vernalization requirements not yet fulfilled. Forcing vernalization now (VERN=47.688571).
[2026-03-13 14:32:49,410][pcse.crop.phenology.Vernalisation][INFO] - Critical DVS for vernalization (VERNDVS) reached at day 1984-06-24, but vernalization requirements not yet fulfilled. Forcing vernalization now (VERN=47.688571).
[2026-03-13 14:32:49,424][pcse.crop.phenology.Vernalisation][INFO] - Critical DVS for vernalization (VERNDVS) reached at day 1984-06-25, but vernalization requirements not yet fulfilled. Forcing vernalization now (VERN=47.688571).
[2026-03-13 14:32:49,438][pcse.crop.phenology.Vernalisation][INFO] - Critical DVS for vernalization (VERNDVS) reached at day 1984-06-26, but vernalization requirements not yet fulfilled. Forcing vernalization now (VERN=47.688571).
[2026-03-13 14:32:49,452][pcse.crop.phenology.Vernalisation][INFO] - Critical DVS for vernalization (VERNDVS) reached at day 1984-06-27, but vernalization requirements not yet fulfilled. Forcing vernalization now (VERN=47.688571).
[2026-03-13 14:32:49,465][pcse.crop.phenology.Vernalisation][INFO] - Critical DVS for vernalization (VERNDVS) reached at day 1984-06-28, but vernalization requirements not yet fulfilled. Forcing vernalization now (VERN=47.688571).
[2026-03-13 14:32:49,480][pcse.crop.phenology.Vernalisation][INFO] - Critical DVS for vernalization (VERNDVS) reached at day 1984-06-29, but vernalization requirements not yet fulfilled. Forcing vernalization now (VERN=47.688571).
[2026-03-13 14:32:49,480][pcse.crop.phenology.Annual_Phenology][INFO] - Changed phenological stage 'vegetative' to 'reproductive' on 1984-06-29
[2026-03-13 14:32:50,817][pcse.crop.phenology.Annual_Phenology][INFO] - Changed phenological stage 'reproductive' to 'mature' on 1984-09-13
[2026-03-13 14:32:51,082][pcse.base.timer.Timer][INFO] - Reached end of simulation period as specified by END_DATE.
| train          | E: 26 | S: 6266 | R: -1889.9548 | TR: 20.7111 | TF: 192 | LR: 192 | NR: 0 | D: 03.8 s | TD: 00.0 s | BR: -2.0044 | ALOSS: 18904.4714 | CLOSS: 3509604.3208 | TLOSS: -157.0416 | TVAL: 0.1113 | AENT: -1411.6500 | BCLOSS: 0.0000
[2026-03-13 14:32:51,089][pcse.agromanager.SoilCalendar][INFO] - Starting soil (oregon) with variation (oregon_1) on day 1984-02-01
[2026-03-13 14:32:51,092][pcse.agromanager.CropCalendar][INFO] - Starting crop (wheat) with variety (wheat_1) on day 1984-02-01
[2026-03-13 14:32:52,321][pcse.crop.phenology.Annual_Phenology][INFO] - Changed phenological stage 'emerging' to 'vegetative' on 1984-04-10
[2026-03-13 14:32:53,139][pcse.crop.phenology.Vernalisation][INFO] - Critical DVS for vernalization (VERNDVS) reached at day 1984-06-02, but vernalization requirements not yet fulfilled. Forcing vernalization now (VERN=47.688571).
[2026-03-13 14:32:53,154][pcse.crop.phenology.Vernalisation][INFO] - Critical DVS for vernalization (VERNDVS) reached at day 1984-06-03, but vernalization requirements not yet fulfilled. Forcing vernalization now (VERN=47.688571).
[2026-03-13 14:32:53,170][pcse.crop.phenology.Vernalisation][INFO] - Critical DVS for vernalization (VERNDVS) reached at day 1984-06-04, but vernalization requirements not yet fulfilled. Forcing vernalization now (VERN=47.688571).
[2026-03-13 14:32:53,185][pcse.crop.phenology.Vernalisation][INFO] - Critical DVS for vernalization (VERNDVS) reached at day 1984-06-05, but vernalization requirements not yet fulfilled. Forcing vernalization now (VERN=47.688571).
[2026-03-13 14:32:53,201][pcse.crop.phenology.Vernalisation][INFO] - Critical DVS for vernalization (VERNDVS) reached at day 1984-06-06, but vernalization requirements not yet fulfilled. Forcing vernalization now (VERN=47.688571).
[2026-03-13 14:32:53,216][pcse.crop.phenology.Vernalisation][INFO] - Critical DVS for vernalization (VERNDVS) reached at day 1984-06-07, but vernalization requirements not yet fulfilled. Forcing vernalization now (VERN=47.688571).
[2026-03-13 14:32:53,237][pcse.crop.phenology.Vernalisation][INFO] - Critical DVS for vernalization (VERNDVS) reached at day 1984-06-08, but vernalization requirements not yet fulfilled. Forcing vernalization now (VERN=47.688571).
[2026-03-13 14:32:53,253][pcse.crop.phenology.Vernalisation][INFO] - Critical DVS for vernalization (VERNDVS) reached at day 1984-06-09, but vernalization requirements not yet fulfilled. Forcing vernalization now (VERN=47.688571).
[2026-03-13 14:32:53,268][pcse.crop.phenology.Vernalisation][INFO] - Critical DVS for vernalization (VERNDVS) reached at day 1984-06-10, but vernalization requirements not yet fulfilled. Forcing vernalization now (VERN=47.688571).
[2026-03-13 14:32:53,282][pcse.crop.phenology.Vernalisation][INFO] - Critical DVS for vernalization (VERNDVS) reached at day 1984-06-11, but vernalization requirements not yet fulfilled. Forcing vernalization now (VERN=47.688571).
[2026-03-13 14:32:53,296][pcse.crop.phenology.Vernalisation][INFO] - Critical DVS for vernalization (VERNDVS) reached at day 1984-06-12, but vernalization requirements not yet fulfilled. Forcing vernalization now (VERN=47.688571).
[2026-03-13 14:32:53,310][pcse.crop.phenology.Vernalisation][INFO] - Critical DVS for vernalization (VERNDVS) reached at day 1984-06-13, but vernalization requirements not yet fulfilled. Forcing vernalization now (VERN=47.688571).
[2026-03-13 14:32:53,324][pcse.crop.phenology.Vernalisation][INFO] - Critical DVS for vernalization (VERNDVS) reached at day 1984-06-14, but vernalization requirements not yet fulfilled. Forcing vernalization now (VERN=47.688571).
[2026-03-13 14:32:53,338][pcse.crop.phenology.Vernalisation][INFO] - Critical DVS for vernalization (VERNDVS) reached at day 1984-06-15, but vernalization requirements not yet fulfilled. Forcing vernalization now (VERN=47.688571).
[pref] step=6400 mb=32 n=32 seg1=14 seg2=18 tie=0 p1=0.438 p2=0.562 ptie=0.000
Reward function is updated!! ACC: 0.9092261904761906
[2026-03-13 14:32:53,973][pcse.crop.phenology.Vernalisation][INFO] - Critical DVS for vernalization (VERNDVS) reached at day 1984-06-16, but vernalization requirements not yet fulfilled. Forcing vernalization now (VERN=47.688571).
[2026-03-13 14:32:54,004][pcse.crop.phenology.Vernalisation][INFO] - Critical DVS for vernalization (VERNDVS) reached at day 1984-06-17, but vernalization requirements not yet fulfilled. Forcing vernalization now (VERN=47.688571).
[2026-03-13 14:32:54,031][pcse.crop.phenology.Vernalisation][INFO] - Critical DVS for vernalization (VERNDVS) reached at day 1984-06-18, but vernalization requirements not yet fulfilled. Forcing vernalization now (VERN=47.688571).
[2026-03-13 14:32:54,051][pcse.crop.phenology.Vernalisation][INFO] - Critical DVS for vernalization (VERNDVS) reached at day 1984-06-19, but vernalization requirements not yet fulfilled. Forcing vernalization now (VERN=47.688571).
[2026-03-13 14:32:54,067][pcse.crop.phenology.Vernalisation][INFO] - Critical DVS for vernalization (VERNDVS) reached at day 1984-06-20, but vernalization requirements not yet fulfilled. Forcing vernalization now (VERN=47.688571).
[2026-03-13 14:32:54,083][pcse.crop.phenology.Vernalisation][INFO] - Critical DVS for vernalization (VERNDVS) reached at day 1984-06-21, but vernalization requirements not yet fulfilled. Forcing vernalization now (VERN=47.688571).
[2026-03-13 14:32:54,100][pcse.crop.phenology.Vernalisation][INFO] - Critical DVS for vernalization (VERNDVS) reached at day 1984-06-22, but vernalization requirements not yet fulfilled. Forcing vernalization now (VERN=47.688571).
[2026-03-13 14:32:54,116][pcse.crop.phenology.Vernalisation][INFO] - Critical DVS for vernalization (VERNDVS) reached at day 1984-06-23, but vernalization requirements not yet fulfilled. Forcing vernalization now (VERN=47.688571).
[2026-03-13 14:32:54,132][pcse.crop.phenology.Vernalisation][INFO] - Critical DVS for vernalization (VERNDVS) reached at day 1984-06-24, but vernalization requirements not yet fulfilled. Forcing vernalization now (VERN=47.688571).
[2026-03-13 14:32:54,148][pcse.crop.phenology.Vernalisation][INFO] - Critical DVS for vernalization (VERNDVS) reached at day 1984-06-25, but vernalization requirements not yet fulfilled. Forcing vernalization now (VERN=47.688571).
[2026-03-13 14:32:54,164][pcse.crop.phenology.Vernalisation][INFO] - Critical DVS for vernalization (VERNDVS) reached at day 1984-06-26, but vernalization requirements not yet fulfilled. Forcing vernalization now (VERN=47.688571).
[2026-03-13 14:32:54,180][pcse.crop.phenology.Vernalisation][INFO] - Critical DVS for vernalization (VERNDVS) reached at day 1984-06-27, but vernalization requirements not yet fulfilled. Forcing vernalization now (VERN=47.688571).
[2026-03-13 14:32:54,195][pcse.crop.phenology.Vernalisation][INFO] - Critical DVS for vernalization (VERNDVS) reached at day 1984-06-28, but vernalization requirements not yet fulfilled. Forcing vernalization now (VERN=47.688571).
[2026-03-13 14:32:54,211][pcse.crop.phenology.Vernalisation][INFO] - Critical DVS for vernalization (VERNDVS) reached at day 1984-06-29, but vernalization requirements not yet fulfilled. Forcing vernalization now (VERN=47.688571).
[2026-03-13 14:32:54,211][pcse.crop.phenology.Annual_Phenology][INFO] - Changed phenological stage 'vegetative' to 'reproductive' on 1984-06-29
[2026-03-13 14:32:55,420][pcse.crop.phenology.Annual_Phenology][INFO] - Changed phenological stage 'reproductive' to 'mature' on 1984-09-13
[DBG] step=6500 r_hat=-19.528040
[2026-03-13 14:32:55,691][pcse.base.timer.Timer][INFO] - Reached end of simulation period as specified by END_DATE.
| train          | E: 27 | S: 6507 | R: -2396.4934 | TR: 19.8974 | TF: 192 | LR: 192 | NR: 0 | D: 04.6 s | TD: 00.0 s | BR: -2.2513 | ALOSS: 18845.9531 | CLOSS: 3176035.7112 | TLOSS: -155.5192 | TVAL: 0.1126 | AENT: -1382.5376 | BCLOSS: 0.0000
| pref           | N: 32 | seg1: 14 | seg2: 18 | tie: 0 | p1: 0.4375 | p2: 0.5625 | ptie: 0.0000
[2026-03-13 14:32:55,699][pcse.agromanager.SoilCalendar][INFO] - Starting soil (oregon) with variation (oregon_1) on day 1984-02-01
[2026-03-13 14:32:55,701][pcse.agromanager.CropCalendar][INFO] - Starting crop (wheat) with variety (wheat_1) on day 1984-02-01
[2026-03-13 14:32:56,947][pcse.crop.phenology.Annual_Phenology][INFO] - Changed phenological stage 'emerging' to 'vegetative' on 1984-04-10
[2026-03-13 14:32:58,017][pcse.crop.phenology.Vernalisation][INFO] - Critical DVS for vernalization (VERNDVS) reached at day 1984-06-02, but vernalization requirements not yet fulfilled. Forcing vernalization now (VERN=47.688571).
[2026-03-13 14:32:58,033][pcse.crop.phenology.Vernalisation][INFO] - Critical DVS for vernalization (VERNDVS) reached at day 1984-06-03, but vernalization requirements not yet fulfilled. Forcing vernalization now (VERN=47.688571).
[2026-03-13 14:32:58,049][pcse.crop.phenology.Vernalisation][INFO] - Critical DVS for vernalization (VERNDVS) reached at day 1984-06-04, but vernalization requirements not yet fulfilled. Forcing vernalization now (VERN=47.688571).
[2026-03-13 14:32:58,065][pcse.crop.phenology.Vernalisation][INFO] - Critical DVS for vernalization (VERNDVS) reached at day 1984-06-05, but vernalization requirements not yet fulfilled. Forcing vernalization now (VERN=47.688571).
[2026-03-13 14:32:58,080][pcse.crop.phenology.Vernalisation][INFO] - Critical DVS for vernalization (VERNDVS) reached at day 1984-06-06, but vernalization requirements not yet fulfilled. Forcing vernalization now (VERN=47.688571).
[2026-03-13 14:32:58,097][pcse.crop.phenology.Vernalisation][INFO] - Critical DVS for vernalization (VERNDVS) reached at day 1984-06-07, but vernalization requirements not yet fulfilled. Forcing vernalization now (VERN=47.688571).
[2026-03-13 14:32:58,113][pcse.crop.phenology.Vernalisation][INFO] - Critical DVS for vernalization (VERNDVS) reached at day 1984-06-08, but vernalization requirements not yet fulfilled. Forcing vernalization now (VERN=47.688571).
[2026-03-13 14:32:58,129][pcse.crop.phenology.Vernalisation][INFO] - Critical DVS for vernalization (VERNDVS) reached at day 1984-06-09, but vernalization requirements not yet fulfilled. Forcing vernalization now (VERN=47.688571).
[2026-03-13 14:32:58,144][pcse.crop.phenology.Vernalisation][INFO] - Critical DVS for vernalization (VERNDVS) reached at day 1984-06-10, but vernalization requirements not yet fulfilled. Forcing vernalization now (VERN=47.688571).
[2026-03-13 14:32:58,160][pcse.crop.phenology.Vernalisation][INFO] - Critical DVS for vernalization (VERNDVS) reached at day 1984-06-11, but vernalization requirements not yet fulfilled. Forcing vernalization now (VERN=47.688571).
[2026-03-13 14:32:58,175][pcse.crop.phenology.Vernalisation][INFO] - Critical DVS for vernalization (VERNDVS) reached at day 1984-06-12, but vernalization requirements not yet fulfilled. Forcing vernalization now (VERN=47.688571).
[2026-03-13 14:32:58,191][pcse.crop.phenology.Vernalisation][INFO] - Critical DVS for vernalization (VERNDVS) reached at day 1984-06-13, but vernalization requirements not yet fulfilled. Forcing vernalization now (VERN=47.688571).
[2026-03-13 14:32:58,207][pcse.crop.phenology.Vernalisation][INFO] - Critical DVS for vernalization (VERNDVS) reached at day 1984-06-14, but vernalization requirements not yet fulfilled. Forcing vernalization now (VERN=47.688571).
[2026-03-13 14:32:58,223][pcse.crop.phenology.Vernalisation][INFO] - Critical DVS for vernalization (VERNDVS) reached at day 1984-06-15, but vernalization requirements not yet fulfilled. Forcing vernalization now (VERN=47.688571).
[2026-03-13 14:32:58,240][pcse.crop.phenology.Vernalisation][INFO] - Critical DVS for vernalization (VERNDVS) reached at day 1984-06-16, but vernalization requirements not yet fulfilled. Forcing vernalization now (VERN=47.688571).
[2026-03-13 14:32:58,255][pcse.crop.phenology.Vernalisation][INFO] - Critical DVS for vernalization (VERNDVS) reached at day 1984-06-17, but vernalization requirements not yet fulfilled. Forcing vernalization now (VERN=47.688571).
[2026-03-13 14:32:58,271][pcse.crop.phenology.Vernalisation][INFO] - Critical DVS for vernalization (VERNDVS) reached at day 1984-06-18, but vernalization requirements not yet fulfilled. Forcing vernalization now (VERN=47.688571).
[2026-03-13 14:32:58,287][pcse.crop.phenology.Vernalisation][INFO] - Critical DVS for vernalization (VERNDVS) reached at day 1984-06-19, but vernalization requirements not yet fulfilled. Forcing vernalization now (VERN=47.688571).
[2026-03-13 14:32:58,302][pcse.crop.phenology.Vernalisation][INFO] - Critical DVS for vernalization (VERNDVS) reached at day 1984-06-20, but vernalization requirements not yet fulfilled. Forcing vernalization now (VERN=47.688571).
[2026-03-13 14:32:58,318][pcse.crop.phenology.Vernalisation][INFO] - Critical DVS for vernalization (VERNDVS) reached at day 1984-06-21, but vernalization requirements not yet fulfilled. Forcing vernalization now (VERN=47.688571).
[2026-03-13 14:32:58,333][pcse.crop.phenology.Vernalisation][INFO] - Critical DVS for vernalization (VERNDVS) reached at day 1984-06-22, but vernalization requirements not yet fulfilled. Forcing vernalization now (VERN=47.688571).
[2026-03-13 14:32:58,349][pcse.crop.phenology.Vernalisation][INFO] - Critical DVS for vernalization (VERNDVS) reached at day 1984-06-23, but vernalization requirements not yet fulfilled. Forcing vernalization now (VERN=47.688571).
[2026-03-13 14:32:58,364][pcse.crop.phenology.Vernalisation][INFO] - Critical DVS for vernalization (VERNDVS) reached at day 1984-06-24, but vernalization requirements not yet fulfilled. Forcing vernalization now (VERN=47.688571).
[2026-03-13 14:32:58,381][pcse.crop.phenology.Vernalisation][INFO] - Critical DVS for vernalization (VERNDVS) reached at day 1984-06-25, but vernalization requirements not yet fulfilled. Forcing vernalization now (VERN=47.688571).
[2026-03-13 14:32:58,396][pcse.crop.phenology.Vernalisation][INFO] - Critical DVS for vernalization (VERNDVS) reached at day 1984-06-26, but vernalization requirements not yet fulfilled. Forcing vernalization now (VERN=47.688571).
[2026-03-13 14:32:58,412][pcse.crop.phenology.Vernalisation][INFO] - Critical DVS for vernalization (VERNDVS) reached at day 1984-06-27, but vernalization requirements not yet fulfilled. Forcing vernalization now (VERN=47.688571).
[2026-03-13 14:32:58,428][pcse.crop.phenology.Vernalisation][INFO] - Critical DVS for vernalization (VERNDVS) reached at day 1984-06-28, but vernalization requirements not yet fulfilled. Forcing vernalization now (VERN=47.688571).
[2026-03-13 14:32:58,444][pcse.crop.phenology.Vernalisation][INFO] - Critical DVS for vernalization (VERNDVS) reached at day 1984-06-29, but vernalization requirements not yet fulfilled. Forcing vernalization now (VERN=47.688571).
[2026-03-13 14:32:58,444][pcse.crop.phenology.Annual_Phenology][INFO] - Changed phenological stage 'vegetative' to 'reproductive' on 1984-06-29
[2026-03-13 14:32:59,626][pcse.crop.phenology.Annual_Phenology][INFO] - Changed phenological stage 'reproductive' to 'mature' on 1984-09-13
[2026-03-13 14:32:59,889][pcse.base.timer.Timer][INFO] - Reached end of simulation period as specified by END_DATE.
| train          | E: 28 | S: 6748 | R: -2675.1933 | TR: 15.8611 | TF: 224 | LR: 224 | NR: 0 | D: 04.2 s | TD: 00.0 s | BR: -2.5075 | ALOSS: 18783.9378 | CLOSS: 3098808.0217 | TLOSS: -154.6170 | TVAL: 0.1140 | AENT: -1357.8990 | BCLOSS: 0.0000
[2026-03-13 14:32:59,896][pcse.agromanager.SoilCalendar][INFO] - Starting soil (oregon) with variation (oregon_1) on day 1984-02-01
[2026-03-13 14:32:59,899][pcse.agromanager.CropCalendar][INFO] - Starting crop (wheat) with variety (wheat_1) on day 1984-02-01
[pref] step=6800 mb=32 n=32 seg1=21 seg2=11 tie=0 p1=0.656 p2=0.344 ptie=0.000
Reward function is updated!! ACC: 0.9283854166666666
[2026-03-13 14:33:01,959][pcse.crop.phenology.Annual_Phenology][INFO] - Changed phenological stage 'emerging' to 'vegetative' on 1984-04-10
[2026-03-13 14:33:02,788][pcse.crop.phenology.Vernalisation][INFO] - Critical DVS for vernalization (VERNDVS) reached at day 1984-06-02, but vernalization requirements not yet fulfilled. Forcing vernalization now (VERN=47.688571).
[2026-03-13 14:33:02,804][pcse.crop.phenology.Vernalisation][INFO] - Critical DVS for vernalization (VERNDVS) reached at day 1984-06-03, but vernalization requirements not yet fulfilled. Forcing vernalization now (VERN=47.688571).
[2026-03-13 14:33:02,820][pcse.crop.phenology.Vernalisation][INFO] - Critical DVS for vernalization (VERNDVS) reached at day 1984-06-04, but vernalization requirements not yet fulfilled. Forcing vernalization now (VERN=47.688571).
[2026-03-13 14:33:02,835][pcse.crop.phenology.Vernalisation][INFO] - Critical DVS for vernalization (VERNDVS) reached at day 1984-06-05, but vernalization requirements not yet fulfilled. Forcing vernalization now (VERN=47.688571).
[2026-03-13 14:33:02,852][pcse.crop.phenology.Vernalisation][INFO] - Critical DVS for vernalization (VERNDVS) reached at day 1984-06-06, but vernalization requirements not yet fulfilled. Forcing vernalization now (VERN=47.688571).
[2026-03-13 14:33:02,867][pcse.crop.phenology.Vernalisation][INFO] - Critical DVS for vernalization (VERNDVS) reached at day 1984-06-07, but vernalization requirements not yet fulfilled. Forcing vernalization now (VERN=47.688571).
[2026-03-13 14:33:02,883][pcse.crop.phenology.Vernalisation][INFO] - Critical DVS for vernalization (VERNDVS) reached at day 1984-06-08, but vernalization requirements not yet fulfilled. Forcing vernalization now (VERN=47.688571).
[2026-03-13 14:33:02,899][pcse.crop.phenology.Vernalisation][INFO] - Critical DVS for vernalization (VERNDVS) reached at day 1984-06-09, but vernalization requirements not yet fulfilled. Forcing vernalization now (VERN=47.688571).
[2026-03-13 14:33:02,914][pcse.crop.phenology.Vernalisation][INFO] - Critical DVS for vernalization (VERNDVS) reached at day 1984-06-10, but vernalization requirements not yet fulfilled. Forcing vernalization now (VERN=47.688571).
[2026-03-13 14:33:02,930][pcse.crop.phenology.Vernalisation][INFO] - Critical DVS for vernalization (VERNDVS) reached at day 1984-06-11, but vernalization requirements not yet fulfilled. Forcing vernalization now (VERN=47.688571).
[2026-03-13 14:33:02,946][pcse.crop.phenology.Vernalisation][INFO] - Critical DVS for vernalization (VERNDVS) reached at day 1984-06-12, but vernalization requirements not yet fulfilled. Forcing vernalization now (VERN=47.688571).
[2026-03-13 14:33:02,962][pcse.crop.phenology.Vernalisation][INFO] - Critical DVS for vernalization (VERNDVS) reached at day 1984-06-13, but vernalization requirements not yet fulfilled. Forcing vernalization now (VERN=47.688571).
[2026-03-13 14:33:02,978][pcse.crop.phenology.Vernalisation][INFO] - Critical DVS for vernalization (VERNDVS) reached at day 1984-06-14, but vernalization requirements not yet fulfilled. Forcing vernalization now (VERN=47.688571).
[2026-03-13 14:33:02,994][pcse.crop.phenology.Vernalisation][INFO] - Critical DVS for vernalization (VERNDVS) reached at day 1984-06-15, but vernalization requirements not yet fulfilled. Forcing vernalization now (VERN=47.688571).
[2026-03-13 14:33:03,011][pcse.crop.phenology.Vernalisation][INFO] - Critical DVS for vernalization (VERNDVS) reached at day 1984-06-16, but vernalization requirements not yet fulfilled. Forcing vernalization now (VERN=47.688571).
[2026-03-13 14:33:03,026][pcse.crop.phenology.Vernalisation][INFO] - Critical DVS for vernalization (VERNDVS) reached at day 1984-06-17, but vernalization requirements not yet fulfilled. Forcing vernalization now (VERN=47.688571).
[2026-03-13 14:33:03,042][pcse.crop.phenology.Vernalisation][INFO] - Critical DVS for vernalization (VERNDVS) reached at day 1984-06-18, but vernalization requirements not yet fulfilled. Forcing vernalization now (VERN=47.688571).
[2026-03-13 14:33:03,058][pcse.crop.phenology.Vernalisation][INFO] - Critical DVS for vernalization (VERNDVS) reached at day 1984-06-19, but vernalization requirements not yet fulfilled. Forcing vernalization now (VERN=47.688571).
[2026-03-13 14:33:03,074][pcse.crop.phenology.Vernalisation][INFO] - Critical DVS for vernalization (VERNDVS) reached at day 1984-06-20, but vernalization requirements not yet fulfilled. Forcing vernalization now (VERN=47.688571).
[2026-03-13 14:33:03,091][pcse.crop.phenology.Vernalisation][INFO] - Critical DVS for vernalization (VERNDVS) reached at day 1984-06-21, but vernalization requirements not yet fulfilled. Forcing vernalization now (VERN=47.688571).
[2026-03-13 14:33:03,107][pcse.crop.phenology.Vernalisation][INFO] - Critical DVS for vernalization (VERNDVS) reached at day 1984-06-22, but vernalization requirements not yet fulfilled. Forcing vernalization now (VERN=47.688571).
[2026-03-13 14:33:03,123][pcse.crop.phenology.Vernalisation][INFO] - Critical DVS for vernalization (VERNDVS) reached at day 1984-06-23, but vernalization requirements not yet fulfilled. Forcing vernalization now (VERN=47.688571).
[2026-03-13 14:33:03,138][pcse.crop.phenology.Vernalisation][INFO] - Critical DVS for vernalization (VERNDVS) reached at day 1984-06-24, but vernalization requirements not yet fulfilled. Forcing vernalization now (VERN=47.688571).
[2026-03-13 14:33:03,154][pcse.crop.phenology.Vernalisation][INFO] - Critical DVS for vernalization (VERNDVS) reached at day 1984-06-25, but vernalization requirements not yet fulfilled. Forcing vernalization now (VERN=47.688571).
[2026-03-13 14:33:03,171][pcse.crop.phenology.Vernalisation][INFO] - Critical DVS for vernalization (VERNDVS) reached at day 1984-06-26, but vernalization requirements not yet fulfilled. Forcing vernalization now (VERN=47.688571).
[2026-03-13 14:33:03,187][pcse.crop.phenology.Vernalisation][INFO] - Critical DVS for vernalization (VERNDVS) reached at day 1984-06-27, but vernalization requirements not yet fulfilled. Forcing vernalization now (VERN=47.688571).
[2026-03-13 14:33:03,203][pcse.crop.phenology.Vernalisation][INFO] - Critical DVS for vernalization (VERNDVS) reached at day 1984-06-28, but vernalization requirements not yet fulfilled. Forcing vernalization now (VERN=47.688571).
[2026-03-13 14:33:03,219][pcse.crop.phenology.Vernalisation][INFO] - Critical DVS for vernalization (VERNDVS) reached at day 1984-06-29, but vernalization requirements not yet fulfilled. Forcing vernalization now (VERN=47.688571).
[2026-03-13 14:33:03,219][pcse.crop.phenology.Annual_Phenology][INFO] - Changed phenological stage 'vegetative' to 'reproductive' on 1984-06-29
[2026-03-13 14:33:04,402][pcse.crop.phenology.Annual_Phenology][INFO] - Changed phenological stage 'reproductive' to 'mature' on 1984-09-13
[2026-03-13 14:33:04,653][pcse.base.timer.Timer][INFO] - Reached end of simulation period as specified by END_DATE.
| train          | E: 29 | S: 6989 | R: -2743.2259 | TR: 12.0835 | TF: 224 | LR: 224 | NR: 0 | D: 04.8 s | TD: 00.0 s | BR: -2.5457 | ALOSS: 18708.0838 | CLOSS: 2729677.7017 | TLOSS: -154.2266 | TVAL: 0.1155 | AENT: -1336.6037 | BCLOSS: 0.0000
| pref           | N: 32 | seg1: 21 | seg2: 11 | tie: 0 | p1: 0.6562 | p2: 0.3438 | ptie: 0.0000
[2026-03-13 14:33:04,658][pcse.agromanager.SoilCalendar][INFO] - Starting soil (oregon) with variation (oregon_1) on day 1984-02-01
[2026-03-13 14:33:04,660][pcse.agromanager.CropCalendar][INFO] - Starting crop (wheat) with variety (wheat_1) on day 1984-02-01
[DBG] step=7000 r_hat=0.431049
[2026-03-13 14:33:06,080][pcse.crop.phenology.Annual_Phenology][INFO] - Changed phenological stage 'emerging' to 'vegetative' on 1984-04-10
[2026-03-13 14:33:06,899][pcse.crop.phenology.Vernalisation][INFO] - Critical DVS for vernalization (VERNDVS) reached at day 1984-06-02, but vernalization requirements not yet fulfilled. Forcing vernalization now (VERN=47.688571).
[2026-03-13 14:33:06,914][pcse.crop.phenology.Vernalisation][INFO] - Critical DVS for vernalization (VERNDVS) reached at day 1984-06-03, but vernalization requirements not yet fulfilled. Forcing vernalization now (VERN=47.688571).
[2026-03-13 14:33:06,930][pcse.crop.phenology.Vernalisation][INFO] - Critical DVS for vernalization (VERNDVS) reached at day 1984-06-04, but vernalization requirements not yet fulfilled. Forcing vernalization now (VERN=47.688571).
[2026-03-13 14:33:06,945][pcse.crop.phenology.Vernalisation][INFO] - Critical DVS for vernalization (VERNDVS) reached at day 1984-06-05, but vernalization requirements not yet fulfilled. Forcing vernalization now (VERN=47.688571).
[2026-03-13 14:33:06,960][pcse.crop.phenology.Vernalisation][INFO] - Critical DVS for vernalization (VERNDVS) reached at day 1984-06-06, but vernalization requirements not yet fulfilled. Forcing vernalization now (VERN=47.688571).
[2026-03-13 14:33:06,976][pcse.crop.phenology.Vernalisation][INFO] - Critical DVS for vernalization (VERNDVS) reached at day 1984-06-07, but vernalization requirements not yet fulfilled. Forcing vernalization now (VERN=47.688571).
[2026-03-13 14:33:06,991][pcse.crop.phenology.Vernalisation][INFO] - Critical DVS for vernalization (VERNDVS) reached at day 1984-06-08, but vernalization requirements not yet fulfilled. Forcing vernalization now (VERN=47.688571).
[2026-03-13 14:33:07,006][pcse.crop.phenology.Vernalisation][INFO] - Critical DVS for vernalization (VERNDVS) reached at day 1984-06-09, but vernalization requirements not yet fulfilled. Forcing vernalization now (VERN=47.688571).
[2026-03-13 14:33:07,021][pcse.crop.phenology.Vernalisation][INFO] - Critical DVS for vernalization (VERNDVS) reached at day 1984-06-10, but vernalization requirements not yet fulfilled. Forcing vernalization now (VERN=47.688571).
[2026-03-13 14:33:07,037][pcse.crop.phenology.Vernalisation][INFO] - Critical DVS for vernalization (VERNDVS) reached at day 1984-06-11, but vernalization requirements not yet fulfilled. Forcing vernalization now (VERN=47.688571).
[2026-03-13 14:33:07,052][pcse.crop.phenology.Vernalisation][INFO] - Critical DVS for vernalization (VERNDVS) reached at day 1984-06-12, but vernalization requirements not yet fulfilled. Forcing vernalization now (VERN=47.688571).
[2026-03-13 14:33:07,068][pcse.crop.phenology.Vernalisation][INFO] - Critical DVS for vernalization (VERNDVS) reached at day 1984-06-13, but vernalization requirements not yet fulfilled. Forcing vernalization now (VERN=47.688571).
[2026-03-13 14:33:07,084][pcse.crop.phenology.Vernalisation][INFO] - Critical DVS for vernalization (VERNDVS) reached at day 1984-06-14, but vernalization requirements not yet fulfilled. Forcing vernalization now (VERN=47.688571).
[2026-03-13 14:33:07,099][pcse.crop.phenology.Vernalisation][INFO] - Critical DVS for vernalization (VERNDVS) reached at day 1984-06-15, but vernalization requirements not yet fulfilled. Forcing vernalization now (VERN=47.688571).
[2026-03-13 14:33:07,115][pcse.crop.phenology.Vernalisation][INFO] - Critical DVS for vernalization (VERNDVS) reached at day 1984-06-16, but vernalization requirements not yet fulfilled. Forcing vernalization now (VERN=47.688571).
[2026-03-13 14:33:07,130][pcse.crop.phenology.Vernalisation][INFO] - Critical DVS for vernalization (VERNDVS) reached at day 1984-06-17, but vernalization requirements not yet fulfilled. Forcing vernalization now (VERN=47.688571).
[2026-03-13 14:33:07,146][pcse.crop.phenology.Vernalisation][INFO] - Critical DVS for vernalization (VERNDVS) reached at day 1984-06-18, but vernalization requirements not yet fulfilled. Forcing vernalization now (VERN=47.688571).
[2026-03-13 14:33:07,161][pcse.crop.phenology.Vernalisation][INFO] - Critical DVS for vernalization (VERNDVS) reached at day 1984-06-19, but vernalization requirements not yet fulfilled. Forcing vernalization now (VERN=47.688571).
[2026-03-13 14:33:07,177][pcse.crop.phenology.Vernalisation][INFO] - Critical DVS for vernalization (VERNDVS) reached at day 1984-06-20, but vernalization requirements not yet fulfilled. Forcing vernalization now (VERN=47.688571).
[2026-03-13 14:33:07,192][pcse.crop.phenology.Vernalisation][INFO] - Critical DVS for vernalization (VERNDVS) reached at day 1984-06-21, but vernalization requirements not yet fulfilled. Forcing vernalization now (VERN=47.688571).
[2026-03-13 14:33:07,208][pcse.crop.phenology.Vernalisation][INFO] - Critical DVS for vernalization (VERNDVS) reached at day 1984-06-22, but vernalization requirements not yet fulfilled. Forcing vernalization now (VERN=47.688571).
[2026-03-13 14:33:07,223][pcse.crop.phenology.Vernalisation][INFO] - Critical DVS for vernalization (VERNDVS) reached at day 1984-06-23, but vernalization requirements not yet fulfilled. Forcing vernalization now (VERN=47.688571).
[2026-03-13 14:33:07,239][pcse.crop.phenology.Vernalisation][INFO] - Critical DVS for vernalization (VERNDVS) reached at day 1984-06-24, but vernalization requirements not yet fulfilled. Forcing vernalization now (VERN=47.688571).
[2026-03-13 14:33:07,254][pcse.crop.phenology.Vernalisation][INFO] - Critical DVS for vernalization (VERNDVS) reached at day 1984-06-25, but vernalization requirements not yet fulfilled. Forcing vernalization now (VERN=47.688571).
[2026-03-13 14:33:07,269][pcse.crop.phenology.Vernalisation][INFO] - Critical DVS for vernalization (VERNDVS) reached at day 1984-06-26, but vernalization requirements not yet fulfilled. Forcing vernalization now (VERN=47.688571).
[2026-03-13 14:33:07,285][pcse.crop.phenology.Vernalisation][INFO] - Critical DVS for vernalization (VERNDVS) reached at day 1984-06-27, but vernalization requirements not yet fulfilled. Forcing vernalization now (VERN=47.688571).
[2026-03-13 14:33:07,301][pcse.crop.phenology.Vernalisation][INFO] - Critical DVS for vernalization (VERNDVS) reached at day 1984-06-28, but vernalization requirements not yet fulfilled. Forcing vernalization now (VERN=47.688571).
[2026-03-13 14:33:07,316][pcse.crop.phenology.Vernalisation][INFO] - Critical DVS for vernalization (VERNDVS) reached at day 1984-06-29, but vernalization requirements not yet fulfilled. Forcing vernalization now (VERN=47.688571).
[2026-03-13 14:33:07,316][pcse.crop.phenology.Annual_Phenology][INFO] - Changed phenological stage 'vegetative' to 'reproductive' on 1984-06-29
[pref] step=7200 mb=32 n=32 seg1=18 seg2=14 tie=0 p1=0.562 p2=0.438 ptie=0.000
Reward function is updated!! ACC: 0.9363425925925926
[2026-03-13 14:33:09,354][pcse.crop.phenology.Annual_Phenology][INFO] - Changed phenological stage 'reproductive' to 'mature' on 1984-09-13
[2026-03-13 14:33:09,651][pcse.base.timer.Timer][INFO] - Reached end of simulation period as specified by END_DATE.
| train          | E: 30 | S: 7230 | R: -3066.3636 | TR: 20.7111 | TF: 256 | LR: 256 | NR: 0 | D: 05.0 s | TD: 00.0 s | BR: -2.8458 | ALOSS: 18675.8626 | CLOSS: 2753145.1695 | TLOSS: -154.1135 | TVAL: 0.1172 | AENT: -1316.5119 | BCLOSS: 0.0000
| pref           | N: 32 | seg1: 18 | seg2: 14 | tie: 0 | p1: 0.5625 | p2: 0.4375 | ptie: 0.0000
[2026-03-13 14:33:09,662][pcse.agromanager.SoilCalendar][INFO] - Starting soil (oregon) with variation (oregon_1) on day 1984-02-01
[2026-03-13 14:33:09,665][pcse.agromanager.CropCalendar][INFO] - Starting crop (wheat) with variety (wheat_1) on day 1984-02-01
[2026-03-13 14:33:11,000][pcse.crop.phenology.Annual_Phenology][INFO] - Changed phenological stage 'emerging' to 'vegetative' on 1984-04-10
[2026-03-13 14:33:11,942][pcse.crop.phenology.Vernalisation][INFO] - Critical DVS for vernalization (VERNDVS) reached at day 1984-06-02, but vernalization requirements not yet fulfilled. Forcing vernalization now (VERN=47.688571).
[2026-03-13 14:33:11,959][pcse.crop.phenology.Vernalisation][INFO] - Critical DVS for vernalization (VERNDVS) reached at day 1984-06-03, but vernalization requirements not yet fulfilled. Forcing vernalization now (VERN=47.688571).
[2026-03-13 14:33:11,977][pcse.crop.phenology.Vernalisation][INFO] - Critical DVS for vernalization (VERNDVS) reached at day 1984-06-04, but vernalization requirements not yet fulfilled. Forcing vernalization now (VERN=47.688571).
[2026-03-13 14:33:11,995][pcse.crop.phenology.Vernalisation][INFO] - Critical DVS for vernalization (VERNDVS) reached at day 1984-06-05, but vernalization requirements not yet fulfilled. Forcing vernalization now (VERN=47.688571).
[2026-03-13 14:33:12,013][pcse.crop.phenology.Vernalisation][INFO] - Critical DVS for vernalization (VERNDVS) reached at day 1984-06-06, but vernalization requirements not yet fulfilled. Forcing vernalization now (VERN=47.688571).
[2026-03-13 14:33:12,030][pcse.crop.phenology.Vernalisation][INFO] - Critical DVS for vernalization (VERNDVS) reached at day 1984-06-07, but vernalization requirements not yet fulfilled. Forcing vernalization now (VERN=47.688571).
[2026-03-13 14:33:12,049][pcse.crop.phenology.Vernalisation][INFO] - Critical DVS for vernalization (VERNDVS) reached at day 1984-06-08, but vernalization requirements not yet fulfilled. Forcing vernalization now (VERN=47.688571).
[2026-03-13 14:33:12,067][pcse.crop.phenology.Vernalisation][INFO] - Critical DVS for vernalization (VERNDVS) reached at day 1984-06-09, but vernalization requirements not yet fulfilled. Forcing vernalization now (VERN=47.688571).
[2026-03-13 14:33:12,086][pcse.crop.phenology.Vernalisation][INFO] - Critical DVS for vernalization (VERNDVS) reached at day 1984-06-10, but vernalization requirements not yet fulfilled. Forcing vernalization now (VERN=47.688571).
[2026-03-13 14:33:12,105][pcse.crop.phenology.Vernalisation][INFO] - Critical DVS for vernalization (VERNDVS) reached at day 1984-06-11, but vernalization requirements not yet fulfilled. Forcing vernalization now (VERN=47.688571).
[2026-03-13 14:33:12,124][pcse.crop.phenology.Vernalisation][INFO] - Critical DVS for vernalization (VERNDVS) reached at day 1984-06-12, but vernalization requirements not yet fulfilled. Forcing vernalization now (VERN=47.688571).
[2026-03-13 14:33:12,142][pcse.crop.phenology.Vernalisation][INFO] - Critical DVS for vernalization (VERNDVS) reached at day 1984-06-13, but vernalization requirements not yet fulfilled. Forcing vernalization now (VERN=47.688571).
[2026-03-13 14:33:12,162][pcse.crop.phenology.Vernalisation][INFO] - Critical DVS for vernalization (VERNDVS) reached at day 1984-06-14, but vernalization requirements not yet fulfilled. Forcing vernalization now (VERN=47.688571).
[2026-03-13 14:33:12,183][pcse.crop.phenology.Vernalisation][INFO] - Critical DVS for vernalization (VERNDVS) reached at day 1984-06-15, but vernalization requirements not yet fulfilled. Forcing vernalization now (VERN=47.688571).
[2026-03-13 14:33:12,204][pcse.crop.phenology.Vernalisation][INFO] - Critical DVS for vernalization (VERNDVS) reached at day 1984-06-16, but vernalization requirements not yet fulfilled. Forcing vernalization now (VERN=47.688571).
[2026-03-13 14:33:12,225][pcse.crop.phenology.Vernalisation][INFO] - Critical DVS for vernalization (VERNDVS) reached at day 1984-06-17, but vernalization requirements not yet fulfilled. Forcing vernalization now (VERN=47.688571).
[2026-03-13 14:33:12,245][pcse.crop.phenology.Vernalisation][INFO] - Critical DVS for vernalization (VERNDVS) reached at day 1984-06-18, but vernalization requirements not yet fulfilled. Forcing vernalization now (VERN=47.688571).
[2026-03-13 14:33:12,266][pcse.crop.phenology.Vernalisation][INFO] - Critical DVS for vernalization (VERNDVS) reached at day 1984-06-19, but vernalization requirements not yet fulfilled. Forcing vernalization now (VERN=47.688571).
[2026-03-13 14:33:12,287][pcse.crop.phenology.Vernalisation][INFO] - Critical DVS for vernalization (VERNDVS) reached at day 1984-06-20, but vernalization requirements not yet fulfilled. Forcing vernalization now (VERN=47.688571).
[2026-03-13 14:33:12,308][pcse.crop.phenology.Vernalisation][INFO] - Critical DVS for vernalization (VERNDVS) reached at day 1984-06-21, but vernalization requirements not yet fulfilled. Forcing vernalization now (VERN=47.688571).
[2026-03-13 14:33:12,328][pcse.crop.phenology.Vernalisation][INFO] - Critical DVS for vernalization (VERNDVS) reached at day 1984-06-22, but vernalization requirements not yet fulfilled. Forcing vernalization now (VERN=47.688571).
[2026-03-13 14:33:12,349][pcse.crop.phenology.Vernalisation][INFO] - Critical DVS for vernalization (VERNDVS) reached at day 1984-06-23, but vernalization requirements not yet fulfilled. Forcing vernalization now (VERN=47.688571).
[2026-03-13 14:33:12,369][pcse.crop.phenology.Vernalisation][INFO] - Critical DVS for vernalization (VERNDVS) reached at day 1984-06-24, but vernalization requirements not yet fulfilled. Forcing vernalization now (VERN=47.688571).
[2026-03-13 14:33:12,390][pcse.crop.phenology.Vernalisation][INFO] - Critical DVS for vernalization (VERNDVS) reached at day 1984-06-25, but vernalization requirements not yet fulfilled. Forcing vernalization now (VERN=47.688571).
[2026-03-13 14:33:12,410][pcse.crop.phenology.Vernalisation][INFO] - Critical DVS for vernalization (VERNDVS) reached at day 1984-06-26, but vernalization requirements not yet fulfilled. Forcing vernalization now (VERN=47.688571).
[2026-03-13 14:33:12,431][pcse.crop.phenology.Vernalisation][INFO] - Critical DVS for vernalization (VERNDVS) reached at day 1984-06-27, but vernalization requirements not yet fulfilled. Forcing vernalization now (VERN=47.688571).
[2026-03-13 14:33:12,450][pcse.crop.phenology.Vernalisation][INFO] - Critical DVS for vernalization (VERNDVS) reached at day 1984-06-28, but vernalization requirements not yet fulfilled. Forcing vernalization now (VERN=47.688571).
[2026-03-13 14:33:12,471][pcse.crop.phenology.Vernalisation][INFO] - Critical DVS for vernalization (VERNDVS) reached at day 1984-06-29, but vernalization requirements not yet fulfilled. Forcing vernalization now (VERN=47.688571).
[2026-03-13 14:33:12,471][pcse.crop.phenology.Annual_Phenology][INFO] - Changed phenological stage 'vegetative' to 'reproductive' on 1984-06-29
[2026-03-13 14:33:14,069][pcse.crop.phenology.Annual_Phenology][INFO] - Changed phenological stage 'reproductive' to 'mature' on 1984-09-13
[2026-03-13 14:33:14,335][pcse.base.timer.Timer][INFO] - Reached end of simulation period as specified by END_DATE.
| train          | E: 31 | S: 7471 | R: -3154.6617 | TR: 19.8974 | TF: 288 | LR: 288 | NR: 0 | D: 04.7 s | TD: 00.0 s | BR: -3.2124 | ALOSS: 18608.9267 | CLOSS: 2725335.0698 | TLOSS: -155.4739 | TVAL: 0.1190 | AENT: -1307.5787 | BCLOSS: 0.0000
[2026-03-13 14:33:14,342][pcse.agromanager.SoilCalendar][INFO] - Starting soil (oregon) with variation (oregon_1) on day 1984-02-01
[2026-03-13 14:33:14,347][pcse.agromanager.CropCalendar][INFO] - Starting crop (wheat) with variety (wheat_1) on day 1984-02-01
[DBG] step=7500 r_hat=-1.376143
[2026-03-13 14:33:15,594][pcse.crop.phenology.Annual_Phenology][INFO] - Changed phenological stage 'emerging' to 'vegetative' on 1984-04-10
[2026-03-13 14:33:16,503][pcse.crop.phenology.Vernalisation][INFO] - Critical DVS for vernalization (VERNDVS) reached at day 1984-06-02, but vernalization requirements not yet fulfilled. Forcing vernalization now (VERN=47.688571).
[2026-03-13 14:33:16,520][pcse.crop.phenology.Vernalisation][INFO] - Critical DVS for vernalization (VERNDVS) reached at day 1984-06-03, but vernalization requirements not yet fulfilled. Forcing vernalization now (VERN=47.688571).
[2026-03-13 14:33:16,537][pcse.crop.phenology.Vernalisation][INFO] - Critical DVS for vernalization (VERNDVS) reached at day 1984-06-04, but vernalization requirements not yet fulfilled. Forcing vernalization now (VERN=47.688571).
[2026-03-13 14:33:16,555][pcse.crop.phenology.Vernalisation][INFO] - Critical DVS for vernalization (VERNDVS) reached at day 1984-06-05, but vernalization requirements not yet fulfilled. Forcing vernalization now (VERN=47.688571).
[2026-03-13 14:33:16,573][pcse.crop.phenology.Vernalisation][INFO] - Critical DVS for vernalization (VERNDVS) reached at day 1984-06-06, but vernalization requirements not yet fulfilled. Forcing vernalization now (VERN=47.688571).
[2026-03-13 14:33:16,591][pcse.crop.phenology.Vernalisation][INFO] - Critical DVS for vernalization (VERNDVS) reached at day 1984-06-07, but vernalization requirements not yet fulfilled. Forcing vernalization now (VERN=47.688571).
[2026-03-13 14:33:16,608][pcse.crop.phenology.Vernalisation][INFO] - Critical DVS for vernalization (VERNDVS) reached at day 1984-06-08, but vernalization requirements not yet fulfilled. Forcing vernalization now (VERN=47.688571).
[2026-03-13 14:33:16,625][pcse.crop.phenology.Vernalisation][INFO] - Critical DVS for vernalization (VERNDVS) reached at day 1984-06-09, but vernalization requirements not yet fulfilled. Forcing vernalization now (VERN=47.688571).
[2026-03-13 14:33:16,641][pcse.crop.phenology.Vernalisation][INFO] - Critical DVS for vernalization (VERNDVS) reached at day 1984-06-10, but vernalization requirements not yet fulfilled. Forcing vernalization now (VERN=47.688571).
[pref] step=7600 mb=32 n=32 seg1=14 seg2=18 tie=0 p1=0.438 p2=0.562 ptie=0.000
Reward function is updated!! ACC: 0.9510416666666667
[2026-03-13 14:33:17,528][pcse.crop.phenology.Vernalisation][INFO] - Critical DVS for vernalization (VERNDVS) reached at day 1984-06-11, but vernalization requirements not yet fulfilled. Forcing vernalization now (VERN=47.688571).
[2026-03-13 14:33:17,551][pcse.crop.phenology.Vernalisation][INFO] - Critical DVS for vernalization (VERNDVS) reached at day 1984-06-12, but vernalization requirements not yet fulfilled. Forcing vernalization now (VERN=47.688571).
[2026-03-13 14:33:17,578][pcse.crop.phenology.Vernalisation][INFO] - Critical DVS for vernalization (VERNDVS) reached at day 1984-06-13, but vernalization requirements not yet fulfilled. Forcing vernalization now (VERN=47.688571).
[2026-03-13 14:33:17,597][pcse.crop.phenology.Vernalisation][INFO] - Critical DVS for vernalization (VERNDVS) reached at day 1984-06-14, but vernalization requirements not yet fulfilled. Forcing vernalization now (VERN=47.688571).
[2026-03-13 14:33:17,615][pcse.crop.phenology.Vernalisation][INFO] - Critical DVS for vernalization (VERNDVS) reached at day 1984-06-15, but vernalization requirements not yet fulfilled. Forcing vernalization now (VERN=47.688571).
[2026-03-13 14:33:17,633][pcse.crop.phenology.Vernalisation][INFO] - Critical DVS for vernalization (VERNDVS) reached at day 1984-06-16, but vernalization requirements not yet fulfilled. Forcing vernalization now (VERN=47.688571).
[2026-03-13 14:33:17,651][pcse.crop.phenology.Vernalisation][INFO] - Critical DVS for vernalization (VERNDVS) reached at day 1984-06-17, but vernalization requirements not yet fulfilled. Forcing vernalization now (VERN=47.688571).
[2026-03-13 14:33:17,667][pcse.crop.phenology.Vernalisation][INFO] - Critical DVS for vernalization (VERNDVS) reached at day 1984-06-18, but vernalization requirements not yet fulfilled. Forcing vernalization now (VERN=47.688571).
[2026-03-13 14:33:17,684][pcse.crop.phenology.Vernalisation][INFO] - Critical DVS for vernalization (VERNDVS) reached at day 1984-06-19, but vernalization requirements not yet fulfilled. Forcing vernalization now (VERN=47.688571).
[2026-03-13 14:33:17,701][pcse.crop.phenology.Vernalisation][INFO] - Critical DVS for vernalization (VERNDVS) reached at day 1984-06-20, but vernalization requirements not yet fulfilled. Forcing vernalization now (VERN=47.688571).
[2026-03-13 14:33:17,717][pcse.crop.phenology.Vernalisation][INFO] - Critical DVS for vernalization (VERNDVS) reached at day 1984-06-21, but vernalization requirements not yet fulfilled. Forcing vernalization now (VERN=47.688571).
[2026-03-13 14:33:17,734][pcse.crop.phenology.Vernalisation][INFO] - Critical DVS for vernalization (VERNDVS) reached at day 1984-06-22, but vernalization requirements not yet fulfilled. Forcing vernalization now (VERN=47.688571).
[2026-03-13 14:33:17,751][pcse.crop.phenology.Vernalisation][INFO] - Critical DVS for vernalization (VERNDVS) reached at day 1984-06-23, but vernalization requirements not yet fulfilled. Forcing vernalization now (VERN=47.688571).
[2026-03-13 14:33:17,768][pcse.crop.phenology.Vernalisation][INFO] - Critical DVS for vernalization (VERNDVS) reached at day 1984-06-24, but vernalization requirements not yet fulfilled. Forcing vernalization now (VERN=47.688571).
[2026-03-13 14:33:17,785][pcse.crop.phenology.Vernalisation][INFO] - Critical DVS for vernalization (VERNDVS) reached at day 1984-06-25, but vernalization requirements not yet fulfilled. Forcing vernalization now (VERN=47.688571).
[2026-03-13 14:33:17,802][pcse.crop.phenology.Vernalisation][INFO] - Critical DVS for vernalization (VERNDVS) reached at day 1984-06-26, but vernalization requirements not yet fulfilled. Forcing vernalization now (VERN=47.688571).
[2026-03-13 14:33:17,820][pcse.crop.phenology.Vernalisation][INFO] - Critical DVS for vernalization (VERNDVS) reached at day 1984-06-27, but vernalization requirements not yet fulfilled. Forcing vernalization now (VERN=47.688571).
[2026-03-13 14:33:17,837][pcse.crop.phenology.Vernalisation][INFO] - Critical DVS for vernalization (VERNDVS) reached at day 1984-06-28, but vernalization requirements not yet fulfilled. Forcing vernalization now (VERN=47.688571).
[2026-03-13 14:33:17,854][pcse.crop.phenology.Vernalisation][INFO] - Critical DVS for vernalization (VERNDVS) reached at day 1984-06-29, but vernalization requirements not yet fulfilled. Forcing vernalization now (VERN=47.688571).
[2026-03-13 14:33:17,855][pcse.crop.phenology.Annual_Phenology][INFO] - Changed phenological stage 'vegetative' to 'reproductive' on 1984-06-29
[2026-03-13 14:33:19,209][pcse.crop.phenology.Annual_Phenology][INFO] - Changed phenological stage 'reproductive' to 'mature' on 1984-09-13
[2026-03-13 14:33:19,515][pcse.base.timer.Timer][INFO] - Reached end of simulation period as specified by END_DATE.
| train          | E: 32 | S: 7712 | R: -3609.4101 | TR: 15.8611 | TF: 288 | LR: 288 | NR: 0 | D: 05.2 s | TD: 00.0 s | BR: -3.4166 | ALOSS: 18587.8023 | CLOSS: 3035989.0149 | TLOSS: -155.6639 | TVAL: 0.1210 | AENT: -1287.5320 | BCLOSS: 0.0000
| pref           | N: 32 | seg1: 14 | seg2: 18 | tie: 0 | p1: 0.4375 | p2: 0.5625 | ptie: 0.0000
[2026-03-13 14:33:19,522][pcse.agromanager.SoilCalendar][INFO] - Starting soil (oregon) with variation (oregon_1) on day 1984-02-01
[2026-03-13 14:33:19,525][pcse.agromanager.CropCalendar][INFO] - Starting crop (wheat) with variety (wheat_1) on day 1984-02-01
[2026-03-13 14:33:20,875][pcse.crop.phenology.Annual_Phenology][INFO] - Changed phenological stage 'emerging' to 'vegetative' on 1984-04-10
[2026-03-13 14:33:21,996][pcse.crop.phenology.Vernalisation][INFO] - Critical DVS for vernalization (VERNDVS) reached at day 1984-06-02, but vernalization requirements not yet fulfilled. Forcing vernalization now (VERN=47.688571).
[2026-03-13 14:33:22,012][pcse.crop.phenology.Vernalisation][INFO] - Critical DVS for vernalization (VERNDVS) reached at day 1984-06-03, but vernalization requirements not yet fulfilled. Forcing vernalization now (VERN=47.688571).
[2026-03-13 14:33:22,028][pcse.crop.phenology.Vernalisation][INFO] - Critical DVS for vernalization (VERNDVS) reached at day 1984-06-04, but vernalization requirements not yet fulfilled. Forcing vernalization now (VERN=47.688571).
[2026-03-13 14:33:22,044][pcse.crop.phenology.Vernalisation][INFO] - Critical DVS for vernalization (VERNDVS) reached at day 1984-06-05, but vernalization requirements not yet fulfilled. Forcing vernalization now (VERN=47.688571).
[2026-03-13 14:33:22,061][pcse.crop.phenology.Vernalisation][INFO] - Critical DVS for vernalization (VERNDVS) reached at day 1984-06-06, but vernalization requirements not yet fulfilled. Forcing vernalization now (VERN=47.688571).
[2026-03-13 14:33:22,077][pcse.crop.phenology.Vernalisation][INFO] - Critical DVS for vernalization (VERNDVS) reached at day 1984-06-07, but vernalization requirements not yet fulfilled. Forcing vernalization now (VERN=47.688571).
[2026-03-13 14:33:22,093][pcse.crop.phenology.Vernalisation][INFO] - Critical DVS for vernalization (VERNDVS) reached at day 1984-06-08, but vernalization requirements not yet fulfilled. Forcing vernalization now (VERN=47.688571).
[2026-03-13 14:33:22,109][pcse.crop.phenology.Vernalisation][INFO] - Critical DVS for vernalization (VERNDVS) reached at day 1984-06-09, but vernalization requirements not yet fulfilled. Forcing vernalization now (VERN=47.688571).
[2026-03-13 14:33:22,125][pcse.crop.phenology.Vernalisation][INFO] - Critical DVS for vernalization (VERNDVS) reached at day 1984-06-10, but vernalization requirements not yet fulfilled. Forcing vernalization now (VERN=47.688571).
[2026-03-13 14:33:22,141][pcse.crop.phenology.Vernalisation][INFO] - Critical DVS for vernalization (VERNDVS) reached at day 1984-06-11, but vernalization requirements not yet fulfilled. Forcing vernalization now (VERN=47.688571).
[2026-03-13 14:33:22,157][pcse.crop.phenology.Vernalisation][INFO] - Critical DVS for vernalization (VERNDVS) reached at day 1984-06-12, but vernalization requirements not yet fulfilled. Forcing vernalization now (VERN=47.688571).
[2026-03-13 14:33:22,173][pcse.crop.phenology.Vernalisation][INFO] - Critical DVS for vernalization (VERNDVS) reached at day 1984-06-13, but vernalization requirements not yet fulfilled. Forcing vernalization now (VERN=47.688571).
[2026-03-13 14:33:22,190][pcse.crop.phenology.Vernalisation][INFO] - Critical DVS for vernalization (VERNDVS) reached at day 1984-06-14, but vernalization requirements not yet fulfilled. Forcing vernalization now (VERN=47.688571).
[2026-03-13 14:33:22,206][pcse.crop.phenology.Vernalisation][INFO] - Critical DVS for vernalization (VERNDVS) reached at day 1984-06-15, but vernalization requirements not yet fulfilled. Forcing vernalization now (VERN=47.688571).
[2026-03-13 14:33:22,223][pcse.crop.phenology.Vernalisation][INFO] - Critical DVS for vernalization (VERNDVS) reached at day 1984-06-16, but vernalization requirements not yet fulfilled. Forcing vernalization now (VERN=47.688571).
[2026-03-13 14:33:22,239][pcse.crop.phenology.Vernalisation][INFO] - Critical DVS for vernalization (VERNDVS) reached at day 1984-06-17, but vernalization requirements not yet fulfilled. Forcing vernalization now (VERN=47.688571).
[2026-03-13 14:33:22,256][pcse.crop.phenology.Vernalisation][INFO] - Critical DVS for vernalization (VERNDVS) reached at day 1984-06-18, but vernalization requirements not yet fulfilled. Forcing vernalization now (VERN=47.688571).
[2026-03-13 14:33:22,271][pcse.crop.phenology.Vernalisation][INFO] - Critical DVS for vernalization (VERNDVS) reached at day 1984-06-19, but vernalization requirements not yet fulfilled. Forcing vernalization now (VERN=47.688571).
[2026-03-13 14:33:22,287][pcse.crop.phenology.Vernalisation][INFO] - Critical DVS for vernalization (VERNDVS) reached at day 1984-06-20, but vernalization requirements not yet fulfilled. Forcing vernalization now (VERN=47.688571).
[2026-03-13 14:33:22,304][pcse.crop.phenology.Vernalisation][INFO] - Critical DVS for vernalization (VERNDVS) reached at day 1984-06-21, but vernalization requirements not yet fulfilled. Forcing vernalization now (VERN=47.688571).
[2026-03-13 14:33:22,320][pcse.crop.phenology.Vernalisation][INFO] - Critical DVS for vernalization (VERNDVS) reached at day 1984-06-22, but vernalization requirements not yet fulfilled. Forcing vernalization now (VERN=47.688571).
[2026-03-13 14:33:22,336][pcse.crop.phenology.Vernalisation][INFO] - Critical DVS for vernalization (VERNDVS) reached at day 1984-06-23, but vernalization requirements not yet fulfilled. Forcing vernalization now (VERN=47.688571).
[2026-03-13 14:33:22,352][pcse.crop.phenology.Vernalisation][INFO] - Critical DVS for vernalization (VERNDVS) reached at day 1984-06-24, but vernalization requirements not yet fulfilled. Forcing vernalization now (VERN=47.688571).
[2026-03-13 14:33:22,369][pcse.crop.phenology.Vernalisation][INFO] - Critical DVS for vernalization (VERNDVS) reached at day 1984-06-25, but vernalization requirements not yet fulfilled. Forcing vernalization now (VERN=47.688571).
[2026-03-13 14:33:22,385][pcse.crop.phenology.Vernalisation][INFO] - Critical DVS for vernalization (VERNDVS) reached at day 1984-06-26, but vernalization requirements not yet fulfilled. Forcing vernalization now (VERN=47.688571).
[2026-03-13 14:33:22,402][pcse.crop.phenology.Vernalisation][INFO] - Critical DVS for vernalization (VERNDVS) reached at day 1984-06-27, but vernalization requirements not yet fulfilled. Forcing vernalization now (VERN=47.688571).
[2026-03-13 14:33:22,418][pcse.crop.phenology.Vernalisation][INFO] - Critical DVS for vernalization (VERNDVS) reached at day 1984-06-28, but vernalization requirements not yet fulfilled. Forcing vernalization now (VERN=47.688571).
[2026-03-13 14:33:22,434][pcse.crop.phenology.Vernalisation][INFO] - Critical DVS for vernalization (VERNDVS) reached at day 1984-06-29, but vernalization requirements not yet fulfilled. Forcing vernalization now (VERN=47.688571).
[2026-03-13 14:33:22,434][pcse.crop.phenology.Annual_Phenology][INFO] - Changed phenological stage 'vegetative' to 'reproductive' on 1984-06-29
[2026-03-13 14:33:23,646][pcse.crop.phenology.Annual_Phenology][INFO] - Changed phenological stage 'reproductive' to 'mature' on 1984-09-13
[2026-03-13 14:33:23,919][pcse.base.timer.Timer][INFO] - Reached end of simulation period as specified by END_DATE.
| train          | E: 33 | S: 7953 | R: -4085.4313 | TR: 12.0835 | TF: 320 | LR: 320 | NR: 0 | D: 04.4 s | TD: 00.0 s | BR: -3.6476 | ALOSS: 18493.8241 | CLOSS: 2934085.4008 | TLOSS: -157.3588 | TVAL: 0.1231 | AENT: -1278.7881 | BCLOSS: 0.0000
[2026-03-13 14:33:23,926][pcse.agromanager.SoilCalendar][INFO] - Starting soil (oregon) with variation (oregon_1) on day 1984-02-01
[2026-03-13 14:33:23,928][pcse.agromanager.CropCalendar][INFO] - Starting crop (wheat) with variety (wheat_1) on day 1984-02-01
[pref] step=8000 mb=32 n=32 seg1=22 seg2=10 tie=0 p1=0.688 p2=0.312 ptie=0.000
Reward function is updated!! ACC: 0.9706439393939393
[DBG] step=8000 r_hat=1.000954
[2026-03-13 14:33:25,954][pcse.crop.phenology.Annual_Phenology][INFO] - Changed phenological stage 'emerging' to 'vegetative' on 1984-04-10
[2026-03-13 14:33:26,777][pcse.crop.phenology.Vernalisation][INFO] - Critical DVS for vernalization (VERNDVS) reached at day 1984-06-02, but vernalization requirements not yet fulfilled. Forcing vernalization now (VERN=47.688571).
[2026-03-13 14:33:26,793][pcse.crop.phenology.Vernalisation][INFO] - Critical DVS for vernalization (VERNDVS) reached at day 1984-06-03, but vernalization requirements not yet fulfilled. Forcing vernalization now (VERN=47.688571).
[2026-03-13 14:33:26,808][pcse.crop.phenology.Vernalisation][INFO] - Critical DVS for vernalization (VERNDVS) reached at day 1984-06-04, but vernalization requirements not yet fulfilled. Forcing vernalization now (VERN=47.688571).
[2026-03-13 14:33:26,825][pcse.crop.phenology.Vernalisation][INFO] - Critical DVS for vernalization (VERNDVS) reached at day 1984-06-05, but vernalization requirements not yet fulfilled. Forcing vernalization now (VERN=47.688571).
[2026-03-13 14:33:26,842][pcse.crop.phenology.Vernalisation][INFO] - Critical DVS for vernalization (VERNDVS) reached at day 1984-06-06, but vernalization requirements not yet fulfilled. Forcing vernalization now (VERN=47.688571).
[2026-03-13 14:33:26,858][pcse.crop.phenology.Vernalisation][INFO] - Critical DVS for vernalization (VERNDVS) reached at day 1984-06-07, but vernalization requirements not yet fulfilled. Forcing vernalization now (VERN=47.688571).
[2026-03-13 14:33:26,874][pcse.crop.phenology.Vernalisation][INFO] - Critical DVS for vernalization (VERNDVS) reached at day 1984-06-08, but vernalization requirements not yet fulfilled. Forcing vernalization now (VERN=47.688571).
[2026-03-13 14:33:26,890][pcse.crop.phenology.Vernalisation][INFO] - Critical DVS for vernalization (VERNDVS) reached at day 1984-06-09, but vernalization requirements not yet fulfilled. Forcing vernalization now (VERN=47.688571).
[2026-03-13 14:33:26,905][pcse.crop.phenology.Vernalisation][INFO] - Critical DVS for vernalization (VERNDVS) reached at day 1984-06-10, but vernalization requirements not yet fulfilled. Forcing vernalization now (VERN=47.688571).
[2026-03-13 14:33:26,921][pcse.crop.phenology.Vernalisation][INFO] - Critical DVS for vernalization (VERNDVS) reached at day 1984-06-11, but vernalization requirements not yet fulfilled. Forcing vernalization now (VERN=47.688571).
[2026-03-13 14:33:26,937][pcse.crop.phenology.Vernalisation][INFO] - Critical DVS for vernalization (VERNDVS) reached at day 1984-06-12, but vernalization requirements not yet fulfilled. Forcing vernalization now (VERN=47.688571).
[2026-03-13 14:33:26,953][pcse.crop.phenology.Vernalisation][INFO] - Critical DVS for vernalization (VERNDVS) reached at day 1984-06-13, but vernalization requirements not yet fulfilled. Forcing vernalization now (VERN=47.688571).
[2026-03-13 14:33:26,969][pcse.crop.phenology.Vernalisation][INFO] - Critical DVS for vernalization (VERNDVS) reached at day 1984-06-14, but vernalization requirements not yet fulfilled. Forcing vernalization now (VERN=47.688571).
[2026-03-13 14:33:26,984][pcse.crop.phenology.Vernalisation][INFO] - Critical DVS for vernalization (VERNDVS) reached at day 1984-06-15, but vernalization requirements not yet fulfilled. Forcing vernalization now (VERN=47.688571).
[2026-03-13 14:33:27,000][pcse.crop.phenology.Vernalisation][INFO] - Critical DVS for vernalization (VERNDVS) reached at day 1984-06-16, but vernalization requirements not yet fulfilled. Forcing vernalization now (VERN=47.688571).
[2026-03-13 14:33:27,016][pcse.crop.phenology.Vernalisation][INFO] - Critical DVS for vernalization (VERNDVS) reached at day 1984-06-17, but vernalization requirements not yet fulfilled. Forcing vernalization now (VERN=47.688571).
[2026-03-13 14:33:27,031][pcse.crop.phenology.Vernalisation][INFO] - Critical DVS for vernalization (VERNDVS) reached at day 1984-06-18, but vernalization requirements not yet fulfilled. Forcing vernalization now (VERN=47.688571).
[2026-03-13 14:33:27,047][pcse.crop.phenology.Vernalisation][INFO] - Critical DVS for vernalization (VERNDVS) reached at day 1984-06-19, but vernalization requirements not yet fulfilled. Forcing vernalization now (VERN=47.688571).
[2026-03-13 14:33:27,062][pcse.crop.phenology.Vernalisation][INFO] - Critical DVS for vernalization (VERNDVS) reached at day 1984-06-20, but vernalization requirements not yet fulfilled. Forcing vernalization now (VERN=47.688571).
[2026-03-13 14:33:27,078][pcse.crop.phenology.Vernalisation][INFO] - Critical DVS for vernalization (VERNDVS) reached at day 1984-06-21, but vernalization requirements not yet fulfilled. Forcing vernalization now (VERN=47.688571).
[2026-03-13 14:33:27,094][pcse.crop.phenology.Vernalisation][INFO] - Critical DVS for vernalization (VERNDVS) reached at day 1984-06-22, but vernalization requirements not yet fulfilled. Forcing vernalization now (VERN=47.688571).
[2026-03-13 14:33:27,110][pcse.crop.phenology.Vernalisation][INFO] - Critical DVS for vernalization (VERNDVS) reached at day 1984-06-23, but vernalization requirements not yet fulfilled. Forcing vernalization now (VERN=47.688571).
[2026-03-13 14:33:27,125][pcse.crop.phenology.Vernalisation][INFO] - Critical DVS for vernalization (VERNDVS) reached at day 1984-06-24, but vernalization requirements not yet fulfilled. Forcing vernalization now (VERN=47.688571).
[2026-03-13 14:33:27,141][pcse.crop.phenology.Vernalisation][INFO] - Critical DVS for vernalization (VERNDVS) reached at day 1984-06-25, but vernalization requirements not yet fulfilled. Forcing vernalization now (VERN=47.688571).
[2026-03-13 14:33:27,156][pcse.crop.phenology.Vernalisation][INFO] - Critical DVS for vernalization (VERNDVS) reached at day 1984-06-26, but vernalization requirements not yet fulfilled. Forcing vernalization now (VERN=47.688571).
[2026-03-13 14:33:27,172][pcse.crop.phenology.Vernalisation][INFO] - Critical DVS for vernalization (VERNDVS) reached at day 1984-06-27, but vernalization requirements not yet fulfilled. Forcing vernalization now (VERN=47.688571).
[2026-03-13 14:33:27,187][pcse.crop.phenology.Vernalisation][INFO] - Critical DVS for vernalization (VERNDVS) reached at day 1984-06-28, but vernalization requirements not yet fulfilled. Forcing vernalization now (VERN=47.688571).
[2026-03-13 14:33:27,203][pcse.crop.phenology.Vernalisation][INFO] - Critical DVS for vernalization (VERNDVS) reached at day 1984-06-29, but vernalization requirements not yet fulfilled. Forcing vernalization now (VERN=47.688571).
[2026-03-13 14:33:27,203][pcse.crop.phenology.Annual_Phenology][INFO] - Changed phenological stage 'vegetative' to 'reproductive' on 1984-06-29
[2026-03-13 14:33:28,385][pcse.crop.phenology.Annual_Phenology][INFO] - Changed phenological stage 'reproductive' to 'mature' on 1984-09-13
[2026-03-13 14:33:28,649][pcse.base.timer.Timer][INFO] - Reached end of simulation period as specified by END_DATE.
| train          | E: 34 | S: 8194 | R: -4223.0008 | TR: 20.7111 | TF: 320 | LR: 320 | NR: 0 | D: 04.7 s | TD: 00.0 s | BR: -4.1804 | ALOSS: 18389.6355 | CLOSS: 2847505.4357 | TLOSS: -157.6683 | TVAL: 0.1254 | AENT: -1257.9919 | BCLOSS: 0.0000
| pref           | N: 32 | seg1: 22 | seg2: 10 | tie: 0 | p1: 0.6875 | p2: 0.3125 | ptie: 0.0000
[2026-03-13 14:33:28,656][pcse.agromanager.SoilCalendar][INFO] - Starting soil (oregon) with variation (oregon_1) on day 1984-02-01
[2026-03-13 14:33:28,658][pcse.agromanager.CropCalendar][INFO] - Starting crop (wheat) with variety (wheat_1) on day 1984-02-01
[2026-03-13 14:33:30,146][pcse.crop.phenology.Annual_Phenology][INFO] - Changed phenological stage 'emerging' to 'vegetative' on 1984-04-10
[2026-03-13 14:33:30,963][pcse.crop.phenology.Vernalisation][INFO] - Critical DVS for vernalization (VERNDVS) reached at day 1984-06-02, but vernalization requirements not yet fulfilled. Forcing vernalization now (VERN=47.688571).
[2026-03-13 14:33:30,978][pcse.crop.phenology.Vernalisation][INFO] - Critical DVS for vernalization (VERNDVS) reached at day 1984-06-03, but vernalization requirements not yet fulfilled. Forcing vernalization now (VERN=47.688571).
[2026-03-13 14:33:30,994][pcse.crop.phenology.Vernalisation][INFO] - Critical DVS for vernalization (VERNDVS) reached at day 1984-06-04, but vernalization requirements not yet fulfilled. Forcing vernalization now (VERN=47.688571).
[2026-03-13 14:33:31,009][pcse.crop.phenology.Vernalisation][INFO] - Critical DVS for vernalization (VERNDVS) reached at day 1984-06-05, but vernalization requirements not yet fulfilled. Forcing vernalization now (VERN=47.688571).
[2026-03-13 14:33:31,025][pcse.crop.phenology.Vernalisation][INFO] - Critical DVS for vernalization (VERNDVS) reached at day 1984-06-06, but vernalization requirements not yet fulfilled. Forcing vernalization now (VERN=47.688571).
[2026-03-13 14:33:31,040][pcse.crop.phenology.Vernalisation][INFO] - Critical DVS for vernalization (VERNDVS) reached at day 1984-06-07, but vernalization requirements not yet fulfilled. Forcing vernalization now (VERN=47.688571).
[2026-03-13 14:33:31,056][pcse.crop.phenology.Vernalisation][INFO] - Critical DVS for vernalization (VERNDVS) reached at day 1984-06-08, but vernalization requirements not yet fulfilled. Forcing vernalization now (VERN=47.688571).
[2026-03-13 14:33:31,071][pcse.crop.phenology.Vernalisation][INFO] - Critical DVS for vernalization (VERNDVS) reached at day 1984-06-09, but vernalization requirements not yet fulfilled. Forcing vernalization now (VERN=47.688571).
[2026-03-13 14:33:31,087][pcse.crop.phenology.Vernalisation][INFO] - Critical DVS for vernalization (VERNDVS) reached at day 1984-06-10, but vernalization requirements not yet fulfilled. Forcing vernalization now (VERN=47.688571).
[2026-03-13 14:33:31,102][pcse.crop.phenology.Vernalisation][INFO] - Critical DVS for vernalization (VERNDVS) reached at day 1984-06-11, but vernalization requirements not yet fulfilled. Forcing vernalization now (VERN=47.688571).
[2026-03-13 14:33:31,118][pcse.crop.phenology.Vernalisation][INFO] - Critical DVS for vernalization (VERNDVS) reached at day 1984-06-12, but vernalization requirements not yet fulfilled. Forcing vernalization now (VERN=47.688571).
[2026-03-13 14:33:31,135][pcse.crop.phenology.Vernalisation][INFO] - Critical DVS for vernalization (VERNDVS) reached at day 1984-06-13, but vernalization requirements not yet fulfilled. Forcing vernalization now (VERN=47.688571).
[2026-03-13 14:33:31,151][pcse.crop.phenology.Vernalisation][INFO] - Critical DVS for vernalization (VERNDVS) reached at day 1984-06-14, but vernalization requirements not yet fulfilled. Forcing vernalization now (VERN=47.688571).
[2026-03-13 14:33:31,168][pcse.crop.phenology.Vernalisation][INFO] - Critical DVS for vernalization (VERNDVS) reached at day 1984-06-15, but vernalization requirements not yet fulfilled. Forcing vernalization now (VERN=47.688571).
[2026-03-13 14:33:31,183][pcse.crop.phenology.Vernalisation][INFO] - Critical DVS for vernalization (VERNDVS) reached at day 1984-06-16, but vernalization requirements not yet fulfilled. Forcing vernalization now (VERN=47.688571).
[2026-03-13 14:33:31,199][pcse.crop.phenology.Vernalisation][INFO] - Critical DVS for vernalization (VERNDVS) reached at day 1984-06-17, but vernalization requirements not yet fulfilled. Forcing vernalization now (VERN=47.688571).
[2026-03-13 14:33:31,215][pcse.crop.phenology.Vernalisation][INFO] - Critical DVS for vernalization (VERNDVS) reached at day 1984-06-18, but vernalization requirements not yet fulfilled. Forcing vernalization now (VERN=47.688571).
[2026-03-13 14:33:31,231][pcse.crop.phenology.Vernalisation][INFO] - Critical DVS for vernalization (VERNDVS) reached at day 1984-06-19, but vernalization requirements not yet fulfilled. Forcing vernalization now (VERN=47.688571).
[2026-03-13 14:33:31,247][pcse.crop.phenology.Vernalisation][INFO] - Critical DVS for vernalization (VERNDVS) reached at day 1984-06-20, but vernalization requirements not yet fulfilled. Forcing vernalization now (VERN=47.688571).
[2026-03-13 14:33:31,263][pcse.crop.phenology.Vernalisation][INFO] - Critical DVS for vernalization (VERNDVS) reached at day 1984-06-21, but vernalization requirements not yet fulfilled. Forcing vernalization now (VERN=47.688571).
[2026-03-13 14:33:31,279][pcse.crop.phenology.Vernalisation][INFO] - Critical DVS for vernalization (VERNDVS) reached at day 1984-06-22, but vernalization requirements not yet fulfilled. Forcing vernalization now (VERN=47.688571).
[2026-03-13 14:33:31,294][pcse.crop.phenology.Vernalisation][INFO] - Critical DVS for vernalization (VERNDVS) reached at day 1984-06-23, but vernalization requirements not yet fulfilled. Forcing vernalization now (VERN=47.688571).
[2026-03-13 14:33:31,310][pcse.crop.phenology.Vernalisation][INFO] - Critical DVS for vernalization (VERNDVS) reached at day 1984-06-24, but vernalization requirements not yet fulfilled. Forcing vernalization now (VERN=47.688571).
[2026-03-13 14:33:31,326][pcse.crop.phenology.Vernalisation][INFO] - Critical DVS for vernalization (VERNDVS) reached at day 1984-06-25, but vernalization requirements not yet fulfilled. Forcing vernalization now (VERN=47.688571).
[2026-03-13 14:33:31,342][pcse.crop.phenology.Vernalisation][INFO] - Critical DVS for vernalization (VERNDVS) reached at day 1984-06-26, but vernalization requirements not yet fulfilled. Forcing vernalization now (VERN=47.688571).
[2026-03-13 14:33:31,358][pcse.crop.phenology.Vernalisation][INFO] - Critical DVS for vernalization (VERNDVS) reached at day 1984-06-27, but vernalization requirements not yet fulfilled. Forcing vernalization now (VERN=47.688571).
[2026-03-13 14:33:31,374][pcse.crop.phenology.Vernalisation][INFO] - Critical DVS for vernalization (VERNDVS) reached at day 1984-06-28, but vernalization requirements not yet fulfilled. Forcing vernalization now (VERN=47.688571).
[2026-03-13 14:33:31,390][pcse.crop.phenology.Vernalisation][INFO] - Critical DVS for vernalization (VERNDVS) reached at day 1984-06-29, but vernalization requirements not yet fulfilled. Forcing vernalization now (VERN=47.688571).
[2026-03-13 14:33:31,391][pcse.crop.phenology.Annual_Phenology][INFO] - Changed phenological stage 'vegetative' to 'reproductive' on 1984-06-29
[pref] step=8400 mb=32 n=32 seg1=22 seg2=10 tie=0 p1=0.688 p2=0.312 ptie=0.000
Reward function is updated!! ACC: 0.9661458333333334
[2026-03-13 14:33:33,581][pcse.crop.phenology.Annual_Phenology][INFO] - Changed phenological stage 'reproductive' to 'mature' on 1984-09-13
[2026-03-13 14:33:33,843][pcse.base.timer.Timer][INFO] - Reached end of simulation period as specified by END_DATE.
| train          | E: 35 | S: 8435 | R: -4678.7905 | TR: 19.8974 | TF: 352 | LR: 352 | NR: 0 | D: 05.2 s | TD: 00.0 s | BR: -4.4698 | ALOSS: 18287.3126 | CLOSS: 2816634.9814 | TLOSS: -158.1138 | TVAL: 0.1278 | AENT: -1238.2006 | BCLOSS: 0.0000
| pref           | N: 32 | seg1: 22 | seg2: 10 | tie: 0 | p1: 0.6875 | p2: 0.3125 | ptie: 0.0000
[2026-03-13 14:33:33,850][pcse.agromanager.SoilCalendar][INFO] - Starting soil (oregon) with variation (oregon_1) on day 1984-02-01
[2026-03-13 14:33:33,852][pcse.agromanager.CropCalendar][INFO] - Starting crop (wheat) with variety (wheat_1) on day 1984-02-01
[DBG] step=8500 r_hat=-19.988050
[2026-03-13 14:33:35,110][pcse.crop.phenology.Annual_Phenology][INFO] - Changed phenological stage 'emerging' to 'vegetative' on 1984-04-10
[2026-03-13 14:33:35,935][pcse.crop.phenology.Vernalisation][INFO] - Critical DVS for vernalization (VERNDVS) reached at day 1984-06-02, but vernalization requirements not yet fulfilled. Forcing vernalization now (VERN=47.688571).
[2026-03-13 14:33:35,951][pcse.crop.phenology.Vernalisation][INFO] - Critical DVS for vernalization (VERNDVS) reached at day 1984-06-03, but vernalization requirements not yet fulfilled. Forcing vernalization now (VERN=47.688571).
[2026-03-13 14:33:35,966][pcse.crop.phenology.Vernalisation][INFO] - Critical DVS for vernalization (VERNDVS) reached at day 1984-06-04, but vernalization requirements not yet fulfilled. Forcing vernalization now (VERN=47.688571).
[2026-03-13 14:33:35,982][pcse.crop.phenology.Vernalisation][INFO] - Critical DVS for vernalization (VERNDVS) reached at day 1984-06-05, but vernalization requirements not yet fulfilled. Forcing vernalization now (VERN=47.688571).
[2026-03-13 14:33:35,998][pcse.crop.phenology.Vernalisation][INFO] - Critical DVS for vernalization (VERNDVS) reached at day 1984-06-06, but vernalization requirements not yet fulfilled. Forcing vernalization now (VERN=47.688571).
[2026-03-13 14:33:36,013][pcse.crop.phenology.Vernalisation][INFO] - Critical DVS for vernalization (VERNDVS) reached at day 1984-06-07, but vernalization requirements not yet fulfilled. Forcing vernalization now (VERN=47.688571).
[2026-03-13 14:33:36,028][pcse.crop.phenology.Vernalisation][INFO] - Critical DVS for vernalization (VERNDVS) reached at day 1984-06-08, but vernalization requirements not yet fulfilled. Forcing vernalization now (VERN=47.688571).
[2026-03-13 14:33:36,044][pcse.crop.phenology.Vernalisation][INFO] - Critical DVS for vernalization (VERNDVS) reached at day 1984-06-09, but vernalization requirements not yet fulfilled. Forcing vernalization now (VERN=47.688571).
[2026-03-13 14:33:36,059][pcse.crop.phenology.Vernalisation][INFO] - Critical DVS for vernalization (VERNDVS) reached at day 1984-06-10, but vernalization requirements not yet fulfilled. Forcing vernalization now (VERN=47.688571).
[2026-03-13 14:33:36,075][pcse.crop.phenology.Vernalisation][INFO] - Critical DVS for vernalization (VERNDVS) reached at day 1984-06-11, but vernalization requirements not yet fulfilled. Forcing vernalization now (VERN=47.688571).
[2026-03-13 14:33:36,090][pcse.crop.phenology.Vernalisation][INFO] - Critical DVS for vernalization (VERNDVS) reached at day 1984-06-12, but vernalization requirements not yet fulfilled. Forcing vernalization now (VERN=47.688571).
[2026-03-13 14:33:36,106][pcse.crop.phenology.Vernalisation][INFO] - Critical DVS for vernalization (VERNDVS) reached at day 1984-06-13, but vernalization requirements not yet fulfilled. Forcing vernalization now (VERN=47.688571).
[2026-03-13 14:33:36,121][pcse.crop.phenology.Vernalisation][INFO] - Critical DVS for vernalization (VERNDVS) reached at day 1984-06-14, but vernalization requirements not yet fulfilled. Forcing vernalization now (VERN=47.688571).
[2026-03-13 14:33:36,137][pcse.crop.phenology.Vernalisation][INFO] - Critical DVS for vernalization (VERNDVS) reached at day 1984-06-15, but vernalization requirements not yet fulfilled. Forcing vernalization now (VERN=47.688571).
[2026-03-13 14:33:36,152][pcse.crop.phenology.Vernalisation][INFO] - Critical DVS for vernalization (VERNDVS) reached at day 1984-06-16, but vernalization requirements not yet fulfilled. Forcing vernalization now (VERN=47.688571).
[2026-03-13 14:33:36,169][pcse.crop.phenology.Vernalisation][INFO] - Critical DVS for vernalization (VERNDVS) reached at day 1984-06-17, but vernalization requirements not yet fulfilled. Forcing vernalization now (VERN=47.688571).
[2026-03-13 14:33:36,184][pcse.crop.phenology.Vernalisation][INFO] - Critical DVS for vernalization (VERNDVS) reached at day 1984-06-18, but vernalization requirements not yet fulfilled. Forcing vernalization now (VERN=47.688571).
[2026-03-13 14:33:36,200][pcse.crop.phenology.Vernalisation][INFO] - Critical DVS for vernalization (VERNDVS) reached at day 1984-06-19, but vernalization requirements not yet fulfilled. Forcing vernalization now (VERN=47.688571).
[2026-03-13 14:33:36,215][pcse.crop.phenology.Vernalisation][INFO] - Critical DVS for vernalization (VERNDVS) reached at day 1984-06-20, but vernalization requirements not yet fulfilled. Forcing vernalization now (VERN=47.688571).
[2026-03-13 14:33:36,231][pcse.crop.phenology.Vernalisation][INFO] - Critical DVS for vernalization (VERNDVS) reached at day 1984-06-21, but vernalization requirements not yet fulfilled. Forcing vernalization now (VERN=47.688571).
[2026-03-13 14:33:36,246][pcse.crop.phenology.Vernalisation][INFO] - Critical DVS for vernalization (VERNDVS) reached at day 1984-06-22, but vernalization requirements not yet fulfilled. Forcing vernalization now (VERN=47.688571).
[2026-03-13 14:33:36,262][pcse.crop.phenology.Vernalisation][INFO] - Critical DVS for vernalization (VERNDVS) reached at day 1984-06-23, but vernalization requirements not yet fulfilled. Forcing vernalization now (VERN=47.688571).
[2026-03-13 14:33:36,277][pcse.crop.phenology.Vernalisation][INFO] - Critical DVS for vernalization (VERNDVS) reached at day 1984-06-24, but vernalization requirements not yet fulfilled. Forcing vernalization now (VERN=47.688571).
[2026-03-13 14:33:36,294][pcse.crop.phenology.Vernalisation][INFO] - Critical DVS for vernalization (VERNDVS) reached at day 1984-06-25, but vernalization requirements not yet fulfilled. Forcing vernalization now (VERN=47.688571).
[2026-03-13 14:33:36,310][pcse.crop.phenology.Vernalisation][INFO] - Critical DVS for vernalization (VERNDVS) reached at day 1984-06-26, but vernalization requirements not yet fulfilled. Forcing vernalization now (VERN=47.688571).
[2026-03-13 14:33:36,325][pcse.crop.phenology.Vernalisation][INFO] - Critical DVS for vernalization (VERNDVS) reached at day 1984-06-27, but vernalization requirements not yet fulfilled. Forcing vernalization now (VERN=47.688571).
[2026-03-13 14:33:36,341][pcse.crop.phenology.Vernalisation][INFO] - Critical DVS for vernalization (VERNDVS) reached at day 1984-06-28, but vernalization requirements not yet fulfilled. Forcing vernalization now (VERN=47.688571).
[2026-03-13 14:33:36,356][pcse.crop.phenology.Vernalisation][INFO] - Critical DVS for vernalization (VERNDVS) reached at day 1984-06-29, but vernalization requirements not yet fulfilled. Forcing vernalization now (VERN=47.688571).
[2026-03-13 14:33:36,356][pcse.crop.phenology.Annual_Phenology][INFO] - Changed phenological stage 'vegetative' to 'reproductive' on 1984-06-29
[2026-03-13 14:33:37,767][pcse.crop.phenology.Annual_Phenology][INFO] - Changed phenological stage 'reproductive' to 'mature' on 1984-09-13
[2026-03-13 14:33:38,033][pcse.base.timer.Timer][INFO] - Reached end of simulation period as specified by END_DATE.
| train          | E: 36 | S: 8676 | R: -4953.8484 | TR: 15.8611 | TF: 384 | LR: 384 | NR: 0 | D: 04.2 s | TD: 00.0 s | BR: -4.6075 | ALOSS: 18199.5244 | CLOSS: 2820841.9764 | TLOSS: -158.8492 | TVAL: 0.1303 | AENT: -1220.5915 | BCLOSS: 0.0000
[2026-03-13 14:33:38,040][pcse.agromanager.SoilCalendar][INFO] - Starting soil (oregon) with variation (oregon_1) on day 1984-02-01
[2026-03-13 14:33:38,043][pcse.agromanager.CropCalendar][INFO] - Starting crop (wheat) with variety (wheat_1) on day 1984-02-01
[2026-03-13 14:33:39,340][pcse.crop.phenology.Annual_Phenology][INFO] - Changed phenological stage 'emerging' to 'vegetative' on 1984-04-10
[2026-03-13 14:33:40,293][pcse.crop.phenology.Vernalisation][INFO] - Critical DVS for vernalization (VERNDVS) reached at day 1984-06-02, but vernalization requirements not yet fulfilled. Forcing vernalization now (VERN=47.688571).
[2026-03-13 14:33:40,310][pcse.crop.phenology.Vernalisation][INFO] - Critical DVS for vernalization (VERNDVS) reached at day 1984-06-03, but vernalization requirements not yet fulfilled. Forcing vernalization now (VERN=47.688571).
[2026-03-13 14:33:40,329][pcse.crop.phenology.Vernalisation][INFO] - Critical DVS for vernalization (VERNDVS) reached at day 1984-06-04, but vernalization requirements not yet fulfilled. Forcing vernalization now (VERN=47.688571).
[2026-03-13 14:33:40,347][pcse.crop.phenology.Vernalisation][INFO] - Critical DVS for vernalization (VERNDVS) reached at day 1984-06-05, but vernalization requirements not yet fulfilled. Forcing vernalization now (VERN=47.688571).
[pref] step=8800 mb=32 n=32 seg1=16 seg2=16 tie=0 p1=0.500 p2=0.500 ptie=0.000
Reward function is updated!! ACC: 0.9711538461538461
[2026-03-13 14:33:40,932][pcse.crop.phenology.Vernalisation][INFO] - Critical DVS for vernalization (VERNDVS) reached at day 1984-06-06, but vernalization requirements not yet fulfilled. Forcing vernalization now (VERN=47.688571).
[2026-03-13 14:33:40,953][pcse.crop.phenology.Vernalisation][INFO] - Critical DVS for vernalization (VERNDVS) reached at day 1984-06-07, but vernalization requirements not yet fulfilled. Forcing vernalization now (VERN=47.688571).
[2026-03-13 14:33:40,973][pcse.crop.phenology.Vernalisation][INFO] - Critical DVS for vernalization (VERNDVS) reached at day 1984-06-08, but vernalization requirements not yet fulfilled. Forcing vernalization now (VERN=47.688571).
[2026-03-13 14:33:40,993][pcse.crop.phenology.Vernalisation][INFO] - Critical DVS for vernalization (VERNDVS) reached at day 1984-06-09, but vernalization requirements not yet fulfilled. Forcing vernalization now (VERN=47.688571).
[2026-03-13 14:33:41,012][pcse.crop.phenology.Vernalisation][INFO] - Critical DVS for vernalization (VERNDVS) reached at day 1984-06-10, but vernalization requirements not yet fulfilled. Forcing vernalization now (VERN=47.688571).
[2026-03-13 14:33:41,028][pcse.crop.phenology.Vernalisation][INFO] - Critical DVS for vernalization (VERNDVS) reached at day 1984-06-11, but vernalization requirements not yet fulfilled. Forcing vernalization now (VERN=47.688571).
[2026-03-13 14:33:41,045][pcse.crop.phenology.Vernalisation][INFO] - Critical DVS for vernalization (VERNDVS) reached at day 1984-06-12, but vernalization requirements not yet fulfilled. Forcing vernalization now (VERN=47.688571).
[2026-03-13 14:33:41,062][pcse.crop.phenology.Vernalisation][INFO] - Critical DVS for vernalization (VERNDVS) reached at day 1984-06-13, but vernalization requirements not yet fulfilled. Forcing vernalization now (VERN=47.688571).
[2026-03-13 14:33:41,078][pcse.crop.phenology.Vernalisation][INFO] - Critical DVS for vernalization (VERNDVS) reached at day 1984-06-14, but vernalization requirements not yet fulfilled. Forcing vernalization now (VERN=47.688571).
[2026-03-13 14:33:41,094][pcse.crop.phenology.Vernalisation][INFO] - Critical DVS for vernalization (VERNDVS) reached at day 1984-06-15, but vernalization requirements not yet fulfilled. Forcing vernalization now (VERN=47.688571).
[2026-03-13 14:33:41,110][pcse.crop.phenology.Vernalisation][INFO] - Critical DVS for vernalization (VERNDVS) reached at day 1984-06-16, but vernalization requirements not yet fulfilled. Forcing vernalization now (VERN=47.688571).
[2026-03-13 14:33:41,126][pcse.crop.phenology.Vernalisation][INFO] - Critical DVS for vernalization (VERNDVS) reached at day 1984-06-17, but vernalization requirements not yet fulfilled. Forcing vernalization now (VERN=47.688571).
[2026-03-13 14:33:41,142][pcse.crop.phenology.Vernalisation][INFO] - Critical DVS for vernalization (VERNDVS) reached at day 1984-06-18, but vernalization requirements not yet fulfilled. Forcing vernalization now (VERN=47.688571).
[2026-03-13 14:33:41,159][pcse.crop.phenology.Vernalisation][INFO] - Critical DVS for vernalization (VERNDVS) reached at day 1984-06-19, but vernalization requirements not yet fulfilled. Forcing vernalization now (VERN=47.688571).
[2026-03-13 14:33:41,176][pcse.crop.phenology.Vernalisation][INFO] - Critical DVS for vernalization (VERNDVS) reached at day 1984-06-20, but vernalization requirements not yet fulfilled. Forcing vernalization now (VERN=47.688571).
[2026-03-13 14:33:41,192][pcse.crop.phenology.Vernalisation][INFO] - Critical DVS for vernalization (VERNDVS) reached at day 1984-06-21, but vernalization requirements not yet fulfilled. Forcing vernalization now (VERN=47.688571).
[2026-03-13 14:33:41,208][pcse.crop.phenology.Vernalisation][INFO] - Critical DVS for vernalization (VERNDVS) reached at day 1984-06-22, but vernalization requirements not yet fulfilled. Forcing vernalization now (VERN=47.688571).
[2026-03-13 14:33:41,224][pcse.crop.phenology.Vernalisation][INFO] - Critical DVS for vernalization (VERNDVS) reached at day 1984-06-23, but vernalization requirements not yet fulfilled. Forcing vernalization now (VERN=47.688571).
[2026-03-13 14:33:41,241][pcse.crop.phenology.Vernalisation][INFO] - Critical DVS for vernalization (VERNDVS) reached at day 1984-06-24, but vernalization requirements not yet fulfilled. Forcing vernalization now (VERN=47.688571).
[2026-03-13 14:33:41,258][pcse.crop.phenology.Vernalisation][INFO] - Critical DVS for vernalization (VERNDVS) reached at day 1984-06-25, but vernalization requirements not yet fulfilled. Forcing vernalization now (VERN=47.688571).
[2026-03-13 14:33:41,275][pcse.crop.phenology.Vernalisation][INFO] - Critical DVS for vernalization (VERNDVS) reached at day 1984-06-26, but vernalization requirements not yet fulfilled. Forcing vernalization now (VERN=47.688571).
[2026-03-13 14:33:41,292][pcse.crop.phenology.Vernalisation][INFO] - Critical DVS for vernalization (VERNDVS) reached at day 1984-06-27, but vernalization requirements not yet fulfilled. Forcing vernalization now (VERN=47.688571).
[2026-03-13 14:33:41,309][pcse.crop.phenology.Vernalisation][INFO] - Critical DVS for vernalization (VERNDVS) reached at day 1984-06-28, but vernalization requirements not yet fulfilled. Forcing vernalization now (VERN=47.688571).
[2026-03-13 14:33:41,326][pcse.crop.phenology.Vernalisation][INFO] - Critical DVS for vernalization (VERNDVS) reached at day 1984-06-29, but vernalization requirements not yet fulfilled. Forcing vernalization now (VERN=47.688571).
[2026-03-13 14:33:41,326][pcse.crop.phenology.Annual_Phenology][INFO] - Changed phenological stage 'vegetative' to 'reproductive' on 1984-06-29
[2026-03-13 14:33:42,534][pcse.crop.phenology.Annual_Phenology][INFO] - Changed phenological stage 'reproductive' to 'mature' on 1984-09-13
[2026-03-13 14:33:42,805][pcse.base.timer.Timer][INFO] - Reached end of simulation period as specified by END_DATE.
| train          | E: 37 | S: 8917 | R: -5679.6193 | TR: 12.0835 | TF: 384 | LR: 384 | NR: 0 | D: 04.8 s | TD: 00.0 s | BR: -5.0387 | ALOSS: 18109.2955 | CLOSS: 2838367.7283 | TLOSS: -159.2537 | TVAL: 0.1328 | AENT: -1200.5238 | BCLOSS: 0.0000
| pref           | N: 32 | seg1: 16 | seg2: 16 | tie: 0 | p1: 0.5000 | p2: 0.5000 | ptie: 0.0000
[2026-03-13 14:33:42,813][pcse.agromanager.SoilCalendar][INFO] - Starting soil (oregon) with variation (oregon_1) on day 1984-02-01
[2026-03-13 14:33:42,815][pcse.agromanager.CropCalendar][INFO] - Starting crop (wheat) with variety (wheat_1) on day 1984-02-01
[2026-03-13 14:33:44,069][pcse.crop.phenology.Annual_Phenology][INFO] - Changed phenological stage 'emerging' to 'vegetative' on 1984-04-10
[DBG] step=9000 r_hat=-7.099895
[2026-03-13 14:33:45,146][pcse.crop.phenology.Vernalisation][INFO] - Critical DVS for vernalization (VERNDVS) reached at day 1984-06-02, but vernalization requirements not yet fulfilled. Forcing vernalization now (VERN=47.688571).
[2026-03-13 14:33:45,161][pcse.crop.phenology.Vernalisation][INFO] - Critical DVS for vernalization (VERNDVS) reached at day 1984-06-03, but vernalization requirements not yet fulfilled. Forcing vernalization now (VERN=47.688571).
[2026-03-13 14:33:45,177][pcse.crop.phenology.Vernalisation][INFO] - Critical DVS for vernalization (VERNDVS) reached at day 1984-06-04, but vernalization requirements not yet fulfilled. Forcing vernalization now (VERN=47.688571).
[2026-03-13 14:33:45,192][pcse.crop.phenology.Vernalisation][INFO] - Critical DVS for vernalization (VERNDVS) reached at day 1984-06-05, but vernalization requirements not yet fulfilled. Forcing vernalization now (VERN=47.688571).
[2026-03-13 14:33:45,207][pcse.crop.phenology.Vernalisation][INFO] - Critical DVS for vernalization (VERNDVS) reached at day 1984-06-06, but vernalization requirements not yet fulfilled. Forcing vernalization now (VERN=47.688571).
[2026-03-13 14:33:45,223][pcse.crop.phenology.Vernalisation][INFO] - Critical DVS for vernalization (VERNDVS) reached at day 1984-06-07, but vernalization requirements not yet fulfilled. Forcing vernalization now (VERN=47.688571).
[2026-03-13 14:33:45,239][pcse.crop.phenology.Vernalisation][INFO] - Critical DVS for vernalization (VERNDVS) reached at day 1984-06-08, but vernalization requirements not yet fulfilled. Forcing vernalization now (VERN=47.688571).
[2026-03-13 14:33:45,254][pcse.crop.phenology.Vernalisation][INFO] - Critical DVS for vernalization (VERNDVS) reached at day 1984-06-09, but vernalization requirements not yet fulfilled. Forcing vernalization now (VERN=47.688571).
[2026-03-13 14:33:45,269][pcse.crop.phenology.Vernalisation][INFO] - Critical DVS for vernalization (VERNDVS) reached at day 1984-06-10, but vernalization requirements not yet fulfilled. Forcing vernalization now (VERN=47.688571).
[2026-03-13 14:33:45,285][pcse.crop.phenology.Vernalisation][INFO] - Critical DVS for vernalization (VERNDVS) reached at day 1984-06-11, but vernalization requirements not yet fulfilled. Forcing vernalization now (VERN=47.688571).
[2026-03-13 14:33:45,300][pcse.crop.phenology.Vernalisation][INFO] - Critical DVS for vernalization (VERNDVS) reached at day 1984-06-12, but vernalization requirements not yet fulfilled. Forcing vernalization now (VERN=47.688571).
[2026-03-13 14:33:45,316][pcse.crop.phenology.Vernalisation][INFO] - Critical DVS for vernalization (VERNDVS) reached at day 1984-06-13, but vernalization requirements not yet fulfilled. Forcing vernalization now (VERN=47.688571).
[2026-03-13 14:33:45,331][pcse.crop.phenology.Vernalisation][INFO] - Critical DVS for vernalization (VERNDVS) reached at day 1984-06-14, but vernalization requirements not yet fulfilled. Forcing vernalization now (VERN=47.688571).
[2026-03-13 14:33:45,348][pcse.crop.phenology.Vernalisation][INFO] - Critical DVS for vernalization (VERNDVS) reached at day 1984-06-15, but vernalization requirements not yet fulfilled. Forcing vernalization now (VERN=47.688571).
[2026-03-13 14:33:45,364][pcse.crop.phenology.Vernalisation][INFO] - Critical DVS for vernalization (VERNDVS) reached at day 1984-06-16, but vernalization requirements not yet fulfilled. Forcing vernalization now (VERN=47.688571).
[2026-03-13 14:33:45,380][pcse.crop.phenology.Vernalisation][INFO] - Critical DVS for vernalization (VERNDVS) reached at day 1984-06-17, but vernalization requirements not yet fulfilled. Forcing vernalization now (VERN=47.688571).
[2026-03-13 14:33:45,396][pcse.crop.phenology.Vernalisation][INFO] - Critical DVS for vernalization (VERNDVS) reached at day 1984-06-18, but vernalization requirements not yet fulfilled. Forcing vernalization now (VERN=47.688571).
[2026-03-13 14:33:45,411][pcse.crop.phenology.Vernalisation][INFO] - Critical DVS for vernalization (VERNDVS) reached at day 1984-06-19, but vernalization requirements not yet fulfilled. Forcing vernalization now (VERN=47.688571).
[2026-03-13 14:33:45,427][pcse.crop.phenology.Vernalisation][INFO] - Critical DVS for vernalization (VERNDVS) reached at day 1984-06-20, but vernalization requirements not yet fulfilled. Forcing vernalization now (VERN=47.688571).
[2026-03-13 14:33:45,443][pcse.crop.phenology.Vernalisation][INFO] - Critical DVS for vernalization (VERNDVS) reached at day 1984-06-21, but vernalization requirements not yet fulfilled. Forcing vernalization now (VERN=47.688571).
[2026-03-13 14:33:45,459][pcse.crop.phenology.Vernalisation][INFO] - Critical DVS for vernalization (VERNDVS) reached at day 1984-06-22, but vernalization requirements not yet fulfilled. Forcing vernalization now (VERN=47.688571).
[2026-03-13 14:33:45,476][pcse.crop.phenology.Vernalisation][INFO] - Critical DVS for vernalization (VERNDVS) reached at day 1984-06-23, but vernalization requirements not yet fulfilled. Forcing vernalization now (VERN=47.688571).
[2026-03-13 14:33:45,492][pcse.crop.phenology.Vernalisation][INFO] - Critical DVS for vernalization (VERNDVS) reached at day 1984-06-24, but vernalization requirements not yet fulfilled. Forcing vernalization now (VERN=47.688571).
[2026-03-13 14:33:45,508][pcse.crop.phenology.Vernalisation][INFO] - Critical DVS for vernalization (VERNDVS) reached at day 1984-06-25, but vernalization requirements not yet fulfilled. Forcing vernalization now (VERN=47.688571).
[2026-03-13 14:33:45,525][pcse.crop.phenology.Vernalisation][INFO] - Critical DVS for vernalization (VERNDVS) reached at day 1984-06-26, but vernalization requirements not yet fulfilled. Forcing vernalization now (VERN=47.688571).
[2026-03-13 14:33:45,541][pcse.crop.phenology.Vernalisation][INFO] - Critical DVS for vernalization (VERNDVS) reached at day 1984-06-27, but vernalization requirements not yet fulfilled. Forcing vernalization now (VERN=47.688571).
[2026-03-13 14:33:45,557][pcse.crop.phenology.Vernalisation][INFO] - Critical DVS for vernalization (VERNDVS) reached at day 1984-06-28, but vernalization requirements not yet fulfilled. Forcing vernalization now (VERN=47.688571).
[2026-03-13 14:33:45,573][pcse.crop.phenology.Vernalisation][INFO] - Critical DVS for vernalization (VERNDVS) reached at day 1984-06-29, but vernalization requirements not yet fulfilled. Forcing vernalization now (VERN=47.688571).
[2026-03-13 14:33:45,574][pcse.crop.phenology.Annual_Phenology][INFO] - Changed phenological stage 'vegetative' to 'reproductive' on 1984-06-29
[2026-03-13 14:33:46,767][pcse.crop.phenology.Annual_Phenology][INFO] - Changed phenological stage 'reproductive' to 'mature' on 1984-09-13
[2026-03-13 14:33:47,033][pcse.base.timer.Timer][INFO] - Reached end of simulation period as specified by END_DATE.
| train          | E: 38 | S: 9158 | R: -5888.4494 | TR: 20.7111 | TF: 416 | LR: 416 | NR: 0 | D: 04.2 s | TD: 00.0 s | BR: -5.3419 | ALOSS: 18005.1214 | CLOSS: 2836497.6342 | TLOSS: -161.7870 | TVAL: 0.1354 | AENT: -1196.2544 | BCLOSS: 0.0000
[2026-03-13 14:33:47,040][pcse.agromanager.SoilCalendar][INFO] - Starting soil (oregon) with variation (oregon_1) on day 1984-02-01
[2026-03-13 14:33:47,043][pcse.agromanager.CropCalendar][INFO] - Starting crop (wheat) with variety (wheat_1) on day 1984-02-01
[pref] step=9200 mb=32 n=32 seg1=15 seg2=17 tie=0 p1=0.469 p2=0.531 ptie=0.000
Reward function is updated!! ACC: 0.9650297619047619
[2026-03-13 14:33:49,515][pcse.crop.phenology.Annual_Phenology][INFO] - Changed phenological stage 'emerging' to 'vegetative' on 1984-04-10
[2026-03-13 14:33:50,341][pcse.crop.phenology.Vernalisation][INFO] - Critical DVS for vernalization (VERNDVS) reached at day 1984-06-02, but vernalization requirements not yet fulfilled. Forcing vernalization now (VERN=47.688571).
[2026-03-13 14:33:50,357][pcse.crop.phenology.Vernalisation][INFO] - Critical DVS for vernalization (VERNDVS) reached at day 1984-06-03, but vernalization requirements not yet fulfilled. Forcing vernalization now (VERN=47.688571).
[2026-03-13 14:33:50,373][pcse.crop.phenology.Vernalisation][INFO] - Critical DVS for vernalization (VERNDVS) reached at day 1984-06-04, but vernalization requirements not yet fulfilled. Forcing vernalization now (VERN=47.688571).
[2026-03-13 14:33:50,389][pcse.crop.phenology.Vernalisation][INFO] - Critical DVS for vernalization (VERNDVS) reached at day 1984-06-05, but vernalization requirements not yet fulfilled. Forcing vernalization now (VERN=47.688571).
[2026-03-13 14:33:50,404][pcse.crop.phenology.Vernalisation][INFO] - Critical DVS for vernalization (VERNDVS) reached at day 1984-06-06, but vernalization requirements not yet fulfilled. Forcing vernalization now (VERN=47.688571).
[2026-03-13 14:33:50,420][pcse.crop.phenology.Vernalisation][INFO] - Critical DVS for vernalization (VERNDVS) reached at day 1984-06-07, but vernalization requirements not yet fulfilled. Forcing vernalization now (VERN=47.688571).
[2026-03-13 14:33:50,436][pcse.crop.phenology.Vernalisation][INFO] - Critical DVS for vernalization (VERNDVS) reached at day 1984-06-08, but vernalization requirements not yet fulfilled. Forcing vernalization now (VERN=47.688571).
[2026-03-13 14:33:50,453][pcse.crop.phenology.Vernalisation][INFO] - Critical DVS for vernalization (VERNDVS) reached at day 1984-06-09, but vernalization requirements not yet fulfilled. Forcing vernalization now (VERN=47.688571).
[2026-03-13 14:33:50,469][pcse.crop.phenology.Vernalisation][INFO] - Critical DVS for vernalization (VERNDVS) reached at day 1984-06-10, but vernalization requirements not yet fulfilled. Forcing vernalization now (VERN=47.688571).
[2026-03-13 14:33:50,485][pcse.crop.phenology.Vernalisation][INFO] - Critical DVS for vernalization (VERNDVS) reached at day 1984-06-11, but vernalization requirements not yet fulfilled. Forcing vernalization now (VERN=47.688571).
[2026-03-13 14:33:50,501][pcse.crop.phenology.Vernalisation][INFO] - Critical DVS for vernalization (VERNDVS) reached at day 1984-06-12, but vernalization requirements not yet fulfilled. Forcing vernalization now (VERN=47.688571).
[2026-03-13 14:33:50,517][pcse.crop.phenology.Vernalisation][INFO] - Critical DVS for vernalization (VERNDVS) reached at day 1984-06-13, but vernalization requirements not yet fulfilled. Forcing vernalization now (VERN=47.688571).
[2026-03-13 14:33:50,533][pcse.crop.phenology.Vernalisation][INFO] - Critical DVS for vernalization (VERNDVS) reached at day 1984-06-14, but vernalization requirements not yet fulfilled. Forcing vernalization now (VERN=47.688571).
[2026-03-13 14:33:50,548][pcse.crop.phenology.Vernalisation][INFO] - Critical DVS for vernalization (VERNDVS) reached at day 1984-06-15, but vernalization requirements not yet fulfilled. Forcing vernalization now (VERN=47.688571).
[2026-03-13 14:33:50,565][pcse.crop.phenology.Vernalisation][INFO] - Critical DVS for vernalization (VERNDVS) reached at day 1984-06-16, but vernalization requirements not yet fulfilled. Forcing vernalization now (VERN=47.688571).
[2026-03-13 14:33:50,581][pcse.crop.phenology.Vernalisation][INFO] - Critical DVS for vernalization (VERNDVS) reached at day 1984-06-17, but vernalization requirements not yet fulfilled. Forcing vernalization now (VERN=47.688571).
[2026-03-13 14:33:50,597][pcse.crop.phenology.Vernalisation][INFO] - Critical DVS for vernalization (VERNDVS) reached at day 1984-06-18, but vernalization requirements not yet fulfilled. Forcing vernalization now (VERN=47.688571).
[2026-03-13 14:33:50,613][pcse.crop.phenology.Vernalisation][INFO] - Critical DVS for vernalization (VERNDVS) reached at day 1984-06-19, but vernalization requirements not yet fulfilled. Forcing vernalization now (VERN=47.688571).
[2026-03-13 14:33:50,629][pcse.crop.phenology.Vernalisation][INFO] - Critical DVS for vernalization (VERNDVS) reached at day 1984-06-20, but vernalization requirements not yet fulfilled. Forcing vernalization now (VERN=47.688571).
[2026-03-13 14:33:50,646][pcse.crop.phenology.Vernalisation][INFO] - Critical DVS for vernalization (VERNDVS) reached at day 1984-06-21, but vernalization requirements not yet fulfilled. Forcing vernalization now (VERN=47.688571).
[2026-03-13 14:33:50,661][pcse.crop.phenology.Vernalisation][INFO] - Critical DVS for vernalization (VERNDVS) reached at day 1984-06-22, but vernalization requirements not yet fulfilled. Forcing vernalization now (VERN=47.688571).
[2026-03-13 14:33:50,677][pcse.crop.phenology.Vernalisation][INFO] - Critical DVS for vernalization (VERNDVS) reached at day 1984-06-23, but vernalization requirements not yet fulfilled. Forcing vernalization now (VERN=47.688571).
[2026-03-13 14:33:50,693][pcse.crop.phenology.Vernalisation][INFO] - Critical DVS for vernalization (VERNDVS) reached at day 1984-06-24, but vernalization requirements not yet fulfilled. Forcing vernalization now (VERN=47.688571).
[2026-03-13 14:33:50,708][pcse.crop.phenology.Vernalisation][INFO] - Critical DVS for vernalization (VERNDVS) reached at day 1984-06-25, but vernalization requirements not yet fulfilled. Forcing vernalization now (VERN=47.688571).
[2026-03-13 14:33:50,724][pcse.crop.phenology.Vernalisation][INFO] - Critical DVS for vernalization (VERNDVS) reached at day 1984-06-26, but vernalization requirements not yet fulfilled. Forcing vernalization now (VERN=47.688571).
[2026-03-13 14:33:50,740][pcse.crop.phenology.Vernalisation][INFO] - Critical DVS for vernalization (VERNDVS) reached at day 1984-06-27, but vernalization requirements not yet fulfilled. Forcing vernalization now (VERN=47.688571).
[2026-03-13 14:33:50,755][pcse.crop.phenology.Vernalisation][INFO] - Critical DVS for vernalization (VERNDVS) reached at day 1984-06-28, but vernalization requirements not yet fulfilled. Forcing vernalization now (VERN=47.688571).
[2026-03-13 14:33:50,771][pcse.crop.phenology.Vernalisation][INFO] - Critical DVS for vernalization (VERNDVS) reached at day 1984-06-29, but vernalization requirements not yet fulfilled. Forcing vernalization now (VERN=47.688571).
[2026-03-13 14:33:50,771][pcse.crop.phenology.Annual_Phenology][INFO] - Changed phenological stage 'vegetative' to 'reproductive' on 1984-06-29
[2026-03-13 14:33:51,969][pcse.crop.phenology.Annual_Phenology][INFO] - Changed phenological stage 'reproductive' to 'mature' on 1984-09-13
[2026-03-13 14:33:52,241][pcse.base.timer.Timer][INFO] - Reached end of simulation period as specified by END_DATE.
| train          | E: 39 | S: 9399 | R: -6028.1302 | TR: 19.8974 | TF: 416 | LR: 416 | NR: 0 | D: 05.2 s | TD: 00.0 s | BR: -6.0474 | ALOSS: 17899.2267 | CLOSS: 2889594.8747 | TLOSS: -162.3980 | TVAL: 0.1381 | AENT: -1177.0037 | BCLOSS: 0.0000
| pref           | N: 32 | seg1: 15 | seg2: 17 | tie: 0 | p1: 0.4688 | p2: 0.5312 | ptie: 0.0000
[2026-03-13 14:33:52,248][pcse.agromanager.SoilCalendar][INFO] - Starting soil (oregon) with variation (oregon_1) on day 1984-02-01
[2026-03-13 14:33:52,250][pcse.agromanager.CropCalendar][INFO] - Starting crop (wheat) with variety (wheat_1) on day 1984-02-01
[2026-03-13 14:33:53,755][pcse.crop.phenology.Annual_Phenology][INFO] - Changed phenological stage 'emerging' to 'vegetative' on 1984-04-10
[DBG] step=9500 r_hat=-19.839577
[2026-03-13 14:33:54,580][pcse.crop.phenology.Vernalisation][INFO] - Critical DVS for vernalization (VERNDVS) reached at day 1984-06-02, but vernalization requirements not yet fulfilled. Forcing vernalization now (VERN=47.688571).
[2026-03-13 14:33:54,596][pcse.crop.phenology.Vernalisation][INFO] - Critical DVS for vernalization (VERNDVS) reached at day 1984-06-03, but vernalization requirements not yet fulfilled. Forcing vernalization now (VERN=47.688571).
[2026-03-13 14:33:54,611][pcse.crop.phenology.Vernalisation][INFO] - Critical DVS for vernalization (VERNDVS) reached at day 1984-06-04, but vernalization requirements not yet fulfilled. Forcing vernalization now (VERN=47.688571).
[2026-03-13 14:33:54,627][pcse.crop.phenology.Vernalisation][INFO] - Critical DVS for vernalization (VERNDVS) reached at day 1984-06-05, but vernalization requirements not yet fulfilled. Forcing vernalization now (VERN=47.688571).
[2026-03-13 14:33:54,643][pcse.crop.phenology.Vernalisation][INFO] - Critical DVS for vernalization (VERNDVS) reached at day 1984-06-06, but vernalization requirements not yet fulfilled. Forcing vernalization now (VERN=47.688571).
[2026-03-13 14:33:54,659][pcse.crop.phenology.Vernalisation][INFO] - Critical DVS for vernalization (VERNDVS) reached at day 1984-06-07, but vernalization requirements not yet fulfilled. Forcing vernalization now (VERN=47.688571).
[2026-03-13 14:33:54,674][pcse.crop.phenology.Vernalisation][INFO] - Critical DVS for vernalization (VERNDVS) reached at day 1984-06-08, but vernalization requirements not yet fulfilled. Forcing vernalization now (VERN=47.688571).
[2026-03-13 14:33:54,690][pcse.crop.phenology.Vernalisation][INFO] - Critical DVS for vernalization (VERNDVS) reached at day 1984-06-09, but vernalization requirements not yet fulfilled. Forcing vernalization now (VERN=47.688571).
[2026-03-13 14:33:54,705][pcse.crop.phenology.Vernalisation][INFO] - Critical DVS for vernalization (VERNDVS) reached at day 1984-06-10, but vernalization requirements not yet fulfilled. Forcing vernalization now (VERN=47.688571).
[2026-03-13 14:33:54,721][pcse.crop.phenology.Vernalisation][INFO] - Critical DVS for vernalization (VERNDVS) reached at day 1984-06-11, but vernalization requirements not yet fulfilled. Forcing vernalization now (VERN=47.688571).
[2026-03-13 14:33:54,737][pcse.crop.phenology.Vernalisation][INFO] - Critical DVS for vernalization (VERNDVS) reached at day 1984-06-12, but vernalization requirements not yet fulfilled. Forcing vernalization now (VERN=47.688571).
[2026-03-13 14:33:54,753][pcse.crop.phenology.Vernalisation][INFO] - Critical DVS for vernalization (VERNDVS) reached at day 1984-06-13, but vernalization requirements not yet fulfilled. Forcing vernalization now (VERN=47.688571).
[2026-03-13 14:33:54,769][pcse.crop.phenology.Vernalisation][INFO] - Critical DVS for vernalization (VERNDVS) reached at day 1984-06-14, but vernalization requirements not yet fulfilled. Forcing vernalization now (VERN=47.688571).
[2026-03-13 14:33:54,784][pcse.crop.phenology.Vernalisation][INFO] - Critical DVS for vernalization (VERNDVS) reached at day 1984-06-15, but vernalization requirements not yet fulfilled. Forcing vernalization now (VERN=47.688571).
[2026-03-13 14:33:54,800][pcse.crop.phenology.Vernalisation][INFO] - Critical DVS for vernalization (VERNDVS) reached at day 1984-06-16, but vernalization requirements not yet fulfilled. Forcing vernalization now (VERN=47.688571).
[2026-03-13 14:33:54,815][pcse.crop.phenology.Vernalisation][INFO] - Critical DVS for vernalization (VERNDVS) reached at day 1984-06-17, but vernalization requirements not yet fulfilled. Forcing vernalization now (VERN=47.688571).
[2026-03-13 14:33:54,831][pcse.crop.phenology.Vernalisation][INFO] - Critical DVS for vernalization (VERNDVS) reached at day 1984-06-18, but vernalization requirements not yet fulfilled. Forcing vernalization now (VERN=47.688571).
[2026-03-13 14:33:54,847][pcse.crop.phenology.Vernalisation][INFO] - Critical DVS for vernalization (VERNDVS) reached at day 1984-06-19, but vernalization requirements not yet fulfilled. Forcing vernalization now (VERN=47.688571).
[2026-03-13 14:33:54,862][pcse.crop.phenology.Vernalisation][INFO] - Critical DVS for vernalization (VERNDVS) reached at day 1984-06-20, but vernalization requirements not yet fulfilled. Forcing vernalization now (VERN=47.688571).
[2026-03-13 14:33:54,878][pcse.crop.phenology.Vernalisation][INFO] - Critical DVS for vernalization (VERNDVS) reached at day 1984-06-21, but vernalization requirements not yet fulfilled. Forcing vernalization now (VERN=47.688571).
[2026-03-13 14:33:54,894][pcse.crop.phenology.Vernalisation][INFO] - Critical DVS for vernalization (VERNDVS) reached at day 1984-06-22, but vernalization requirements not yet fulfilled. Forcing vernalization now (VERN=47.688571).
[2026-03-13 14:33:54,910][pcse.crop.phenology.Vernalisation][INFO] - Critical DVS for vernalization (VERNDVS) reached at day 1984-06-23, but vernalization requirements not yet fulfilled. Forcing vernalization now (VERN=47.688571).
[2026-03-13 14:33:54,925][pcse.crop.phenology.Vernalisation][INFO] - Critical DVS for vernalization (VERNDVS) reached at day 1984-06-24, but vernalization requirements not yet fulfilled. Forcing vernalization now (VERN=47.688571).
[2026-03-13 14:33:54,941][pcse.crop.phenology.Vernalisation][INFO] - Critical DVS for vernalization (VERNDVS) reached at day 1984-06-25, but vernalization requirements not yet fulfilled. Forcing vernalization now (VERN=47.688571).
[2026-03-13 14:33:54,956][pcse.crop.phenology.Vernalisation][INFO] - Critical DVS for vernalization (VERNDVS) reached at day 1984-06-26, but vernalization requirements not yet fulfilled. Forcing vernalization now (VERN=47.688571).
[2026-03-13 14:33:54,972][pcse.crop.phenology.Vernalisation][INFO] - Critical DVS for vernalization (VERNDVS) reached at day 1984-06-27, but vernalization requirements not yet fulfilled. Forcing vernalization now (VERN=47.688571).
[2026-03-13 14:33:54,988][pcse.crop.phenology.Vernalisation][INFO] - Critical DVS for vernalization (VERNDVS) reached at day 1984-06-28, but vernalization requirements not yet fulfilled. Forcing vernalization now (VERN=47.688571).
[2026-03-13 14:33:55,003][pcse.crop.phenology.Vernalisation][INFO] - Critical DVS for vernalization (VERNDVS) reached at day 1984-06-29, but vernalization requirements not yet fulfilled. Forcing vernalization now (VERN=47.688571).
[2026-03-13 14:33:55,004][pcse.crop.phenology.Annual_Phenology][INFO] - Changed phenological stage 'vegetative' to 'reproductive' on 1984-06-29
[pref] step=9600 mb=32 n=32 seg1=23 seg2=9 tie=0 p1=0.719 p2=0.281 ptie=0.000
Reward function is updated!! ACC: 0.9666666666666667
[2026-03-13 14:33:57,379][pcse.crop.phenology.Annual_Phenology][INFO] - Changed phenological stage 'reproductive' to 'mature' on 1984-09-13
[2026-03-13 14:33:57,645][pcse.base.timer.Timer][INFO] - Reached end of simulation period as specified by END_DATE.
| train          | E: 40 | S: 9640 | R: -7489.6397 | TR: 15.8611 | TF: 448 | LR: 448 | NR: 0 | D: 05.4 s | TD: 00.0 s | BR: -6.7040 | ALOSS: 17857.3075 | CLOSS: 2826764.7509 | TLOSS: -162.3812 | TVAL: 0.1410 | AENT: -1152.8327 | BCLOSS: 0.0000
| pref           | N: 32 | seg1: 23 | seg2: 9 | tie: 0 | p1: 0.7188 | p2: 0.2812 | ptie: 0.0000
[2026-03-13 14:33:57,652][pcse.agromanager.SoilCalendar][INFO] - Starting soil (oregon) with variation (oregon_1) on day 1984-02-01
[2026-03-13 14:33:57,655][pcse.agromanager.CropCalendar][INFO] - Starting crop (wheat) with variety (wheat_1) on day 1984-02-01
[2026-03-13 14:33:58,889][pcse.crop.phenology.Annual_Phenology][INFO] - Changed phenological stage 'emerging' to 'vegetative' on 1984-04-10
[2026-03-13 14:33:59,833][pcse.crop.phenology.Vernalisation][INFO] - Critical DVS for vernalization (VERNDVS) reached at day 1984-06-02, but vernalization requirements not yet fulfilled. Forcing vernalization now (VERN=47.688571).
[2026-03-13 14:33:59,850][pcse.crop.phenology.Vernalisation][INFO] - Critical DVS for vernalization (VERNDVS) reached at day 1984-06-03, but vernalization requirements not yet fulfilled. Forcing vernalization now (VERN=47.688571).
[2026-03-13 14:33:59,868][pcse.crop.phenology.Vernalisation][INFO] - Critical DVS for vernalization (VERNDVS) reached at day 1984-06-04, but vernalization requirements not yet fulfilled. Forcing vernalization now (VERN=47.688571).
[2026-03-13 14:33:59,886][pcse.crop.phenology.Vernalisation][INFO] - Critical DVS for vernalization (VERNDVS) reached at day 1984-06-05, but vernalization requirements not yet fulfilled. Forcing vernalization now (VERN=47.688571).
[2026-03-13 14:33:59,904][pcse.crop.phenology.Vernalisation][INFO] - Critical DVS for vernalization (VERNDVS) reached at day 1984-06-06, but vernalization requirements not yet fulfilled. Forcing vernalization now (VERN=47.688571).
[2026-03-13 14:33:59,922][pcse.crop.phenology.Vernalisation][INFO] - Critical DVS for vernalization (VERNDVS) reached at day 1984-06-07, but vernalization requirements not yet fulfilled. Forcing vernalization now (VERN=47.688571).
[2026-03-13 14:33:59,940][pcse.crop.phenology.Vernalisation][INFO] - Critical DVS for vernalization (VERNDVS) reached at day 1984-06-08, but vernalization requirements not yet fulfilled. Forcing vernalization now (VERN=47.688571).
[2026-03-13 14:33:59,958][pcse.crop.phenology.Vernalisation][INFO] - Critical DVS for vernalization (VERNDVS) reached at day 1984-06-09, but vernalization requirements not yet fulfilled. Forcing vernalization now (VERN=47.688571).
[2026-03-13 14:33:59,977][pcse.crop.phenology.Vernalisation][INFO] - Critical DVS for vernalization (VERNDVS) reached at day 1984-06-10, but vernalization requirements not yet fulfilled. Forcing vernalization now (VERN=47.688571).
[2026-03-13 14:33:59,994][pcse.crop.phenology.Vernalisation][INFO] - Critical DVS for vernalization (VERNDVS) reached at day 1984-06-11, but vernalization requirements not yet fulfilled. Forcing vernalization now (VERN=47.688571).
[2026-03-13 14:34:00,012][pcse.crop.phenology.Vernalisation][INFO] - Critical DVS for vernalization (VERNDVS) reached at day 1984-06-12, but vernalization requirements not yet fulfilled. Forcing vernalization now (VERN=47.688571).
[2026-03-13 14:34:00,030][pcse.crop.phenology.Vernalisation][INFO] - Critical DVS for vernalization (VERNDVS) reached at day 1984-06-13, but vernalization requirements not yet fulfilled. Forcing vernalization now (VERN=47.688571).
[2026-03-13 14:34:00,047][pcse.crop.phenology.Vernalisation][INFO] - Critical DVS for vernalization (VERNDVS) reached at day 1984-06-14, but vernalization requirements not yet fulfilled. Forcing vernalization now (VERN=47.688571).
[2026-03-13 14:34:00,065][pcse.crop.phenology.Vernalisation][INFO] - Critical DVS for vernalization (VERNDVS) reached at day 1984-06-15, but vernalization requirements not yet fulfilled. Forcing vernalization now (VERN=47.688571).
[2026-03-13 14:34:00,083][pcse.crop.phenology.Vernalisation][INFO] - Critical DVS for vernalization (VERNDVS) reached at day 1984-06-16, but vernalization requirements not yet fulfilled. Forcing vernalization now (VERN=47.688571).
[2026-03-13 14:34:00,101][pcse.crop.phenology.Vernalisation][INFO] - Critical DVS for vernalization (VERNDVS) reached at day 1984-06-17, but vernalization requirements not yet fulfilled. Forcing vernalization now (VERN=47.688571).
[2026-03-13 14:34:00,119][pcse.crop.phenology.Vernalisation][INFO] - Critical DVS for vernalization (VERNDVS) reached at day 1984-06-18, but vernalization requirements not yet fulfilled. Forcing vernalization now (VERN=47.688571).
[2026-03-13 14:34:00,137][pcse.crop.phenology.Vernalisation][INFO] - Critical DVS for vernalization (VERNDVS) reached at day 1984-06-19, but vernalization requirements not yet fulfilled. Forcing vernalization now (VERN=47.688571).
[2026-03-13 14:34:00,156][pcse.crop.phenology.Vernalisation][INFO] - Critical DVS for vernalization (VERNDVS) reached at day 1984-06-20, but vernalization requirements not yet fulfilled. Forcing vernalization now (VERN=47.688571).
[2026-03-13 14:34:00,174][pcse.crop.phenology.Vernalisation][INFO] - Critical DVS for vernalization (VERNDVS) reached at day 1984-06-21, but vernalization requirements not yet fulfilled. Forcing vernalization now (VERN=47.688571).
[2026-03-13 14:34:00,193][pcse.crop.phenology.Vernalisation][INFO] - Critical DVS for vernalization (VERNDVS) reached at day 1984-06-22, but vernalization requirements not yet fulfilled. Forcing vernalization now (VERN=47.688571).
[2026-03-13 14:34:00,212][pcse.crop.phenology.Vernalisation][INFO] - Critical DVS for vernalization (VERNDVS) reached at day 1984-06-23, but vernalization requirements not yet fulfilled. Forcing vernalization now (VERN=47.688571).
[2026-03-13 14:34:00,232][pcse.crop.phenology.Vernalisation][INFO] - Critical DVS for vernalization (VERNDVS) reached at day 1984-06-24, but vernalization requirements not yet fulfilled. Forcing vernalization now (VERN=47.688571).
[2026-03-13 14:34:00,252][pcse.crop.phenology.Vernalisation][INFO] - Critical DVS for vernalization (VERNDVS) reached at day 1984-06-25, but vernalization requirements not yet fulfilled. Forcing vernalization now (VERN=47.688571).
[2026-03-13 14:34:00,272][pcse.crop.phenology.Vernalisation][INFO] - Critical DVS for vernalization (VERNDVS) reached at day 1984-06-26, but vernalization requirements not yet fulfilled. Forcing vernalization now (VERN=47.688571).
[2026-03-13 14:34:00,293][pcse.crop.phenology.Vernalisation][INFO] - Critical DVS for vernalization (VERNDVS) reached at day 1984-06-27, but vernalization requirements not yet fulfilled. Forcing vernalization now (VERN=47.688571).
[2026-03-13 14:34:00,312][pcse.crop.phenology.Vernalisation][INFO] - Critical DVS for vernalization (VERNDVS) reached at day 1984-06-28, but vernalization requirements not yet fulfilled. Forcing vernalization now (VERN=47.688571).
[2026-03-13 14:34:00,332][pcse.crop.phenology.Vernalisation][INFO] - Critical DVS for vernalization (VERNDVS) reached at day 1984-06-29, but vernalization requirements not yet fulfilled. Forcing vernalization now (VERN=47.688571).
[2026-03-13 14:34:00,333][pcse.crop.phenology.Annual_Phenology][INFO] - Changed phenological stage 'vegetative' to 'reproductive' on 1984-06-29
[2026-03-13 14:34:02,091][pcse.crop.phenology.Annual_Phenology][INFO] - Changed phenological stage 'reproductive' to 'mature' on 1984-09-13
[2026-03-13 14:34:02,411][pcse.base.timer.Timer][INFO] - Reached end of simulation period as specified by END_DATE.
| train          | E: 41 | S: 9881 | R: -8016.0095 | TR: 12.0835 | TF: 480 | LR: 480 | NR: 0 | D: 04.8 s | TD: 00.0 s | BR: -7.5005 | ALOSS: 17719.8408 | CLOSS: 2660107.6846 | TLOSS: -162.9716 | TVAL: 0.1440 | AENT: -1132.6796 | BCLOSS: 0.0000
[2026-03-13 14:34:02,418][pcse.agromanager.SoilCalendar][INFO] - Starting soil (oregon) with variation (oregon_1) on day 1984-02-01
[2026-03-13 14:34:02,421][pcse.agromanager.CropCalendar][INFO] - Starting crop (wheat) with variety (wheat_1) on day 1984-02-01
[2026-03-13 14:34:03,781][pcse.crop.phenology.Annual_Phenology][INFO] - Changed phenological stage 'emerging' to 'vegetative' on 1984-04-10
[pref] step=10000 mb=32 n=32 seg1=18 seg2=14 tie=0 p1=0.562 p2=0.438 ptie=0.000
Reward function is updated!! ACC: 0.9674479166666666
[DBG] step=10000 r_hat=-46.610859
[2026-03-13 14:34:05,953][pcse.crop.phenology.Vernalisation][INFO] - Critical DVS for vernalization (VERNDVS) reached at day 1984-06-02, but vernalization requirements not yet fulfilled. Forcing vernalization now (VERN=47.688571).
[2026-03-13 14:34:05,977][pcse.crop.phenology.Vernalisation][INFO] - Critical DVS for vernalization (VERNDVS) reached at day 1984-06-03, but vernalization requirements not yet fulfilled. Forcing vernalization now (VERN=47.688571).
[2026-03-13 14:34:05,998][pcse.crop.phenology.Vernalisation][INFO] - Critical DVS for vernalization (VERNDVS) reached at day 1984-06-04, but vernalization requirements not yet fulfilled. Forcing vernalization now (VERN=47.688571).
[2026-03-13 14:34:06,012][pcse.crop.phenology.Vernalisation][INFO] - Critical DVS for vernalization (VERNDVS) reached at day 1984-06-05, but vernalization requirements not yet fulfilled. Forcing vernalization now (VERN=47.688571).
[2026-03-13 14:34:06,026][pcse.crop.phenology.Vernalisation][INFO] - Critical DVS for vernalization (VERNDVS) reached at day 1984-06-06, but vernalization requirements not yet fulfilled. Forcing vernalization now (VERN=47.688571).
[2026-03-13 14:34:06,041][pcse.crop.phenology.Vernalisation][INFO] - Critical DVS for vernalization (VERNDVS) reached at day 1984-06-07, but vernalization requirements not yet fulfilled. Forcing vernalization now (VERN=47.688571).
[2026-03-13 14:34:06,055][pcse.crop.phenology.Vernalisation][INFO] - Critical DVS for vernalization (VERNDVS) reached at day 1984-06-08, but vernalization requirements not yet fulfilled. Forcing vernalization now (VERN=47.688571).
[2026-03-13 14:34:06,069][pcse.crop.phenology.Vernalisation][INFO] - Critical DVS for vernalization (VERNDVS) reached at day 1984-06-09, but vernalization requirements not yet fulfilled. Forcing vernalization now (VERN=47.688571).
[2026-03-13 14:34:06,082][pcse.crop.phenology.Vernalisation][INFO] - Critical DVS for vernalization (VERNDVS) reached at day 1984-06-10, but vernalization requirements not yet fulfilled. Forcing vernalization now (VERN=47.688571).
[2026-03-13 14:34:06,097][pcse.crop.phenology.Vernalisation][INFO] - Critical DVS for vernalization (VERNDVS) reached at day 1984-06-11, but vernalization requirements not yet fulfilled. Forcing vernalization now (VERN=47.688571).
[2026-03-13 14:34:06,110][pcse.crop.phenology.Vernalisation][INFO] - Critical DVS for vernalization (VERNDVS) reached at day 1984-06-12, but vernalization requirements not yet fulfilled. Forcing vernalization now (VERN=47.688571).
[2026-03-13 14:34:06,124][pcse.crop.phenology.Vernalisation][INFO] - Critical DVS for vernalization (VERNDVS) reached at day 1984-06-13, but vernalization requirements not yet fulfilled. Forcing vernalization now (VERN=47.688571).
[2026-03-13 14:34:06,138][pcse.crop.phenology.Vernalisation][INFO] - Critical DVS for vernalization (VERNDVS) reached at day 1984-06-14, but vernalization requirements not yet fulfilled. Forcing vernalization now (VERN=47.688571).
[2026-03-13 14:34:06,152][pcse.crop.phenology.Vernalisation][INFO] - Critical DVS for vernalization (VERNDVS) reached at day 1984-06-15, but vernalization requirements not yet fulfilled. Forcing vernalization now (VERN=47.688571).
[2026-03-13 14:34:06,166][pcse.crop.phenology.Vernalisation][INFO] - Critical DVS for vernalization (VERNDVS) reached at day 1984-06-16, but vernalization requirements not yet fulfilled. Forcing vernalization now (VERN=47.688571).
[2026-03-13 14:34:06,180][pcse.crop.phenology.Vernalisation][INFO] - Critical DVS for vernalization (VERNDVS) reached at day 1984-06-17, but vernalization requirements not yet fulfilled. Forcing vernalization now (VERN=47.688571).
[2026-03-13 14:34:06,193][pcse.crop.phenology.Vernalisation][INFO] - Critical DVS for vernalization (VERNDVS) reached at day 1984-06-18, but vernalization requirements not yet fulfilled. Forcing vernalization now (VERN=47.688571).
[2026-03-13 14:34:06,207][pcse.crop.phenology.Vernalisation][INFO] - Critical DVS for vernalization (VERNDVS) reached at day 1984-06-19, but vernalization requirements not yet fulfilled. Forcing vernalization now (VERN=47.688571).
[2026-03-13 14:34:06,221][pcse.crop.phenology.Vernalisation][INFO] - Critical DVS for vernalization (VERNDVS) reached at day 1984-06-20, but vernalization requirements not yet fulfilled. Forcing vernalization now (VERN=47.688571).
[2026-03-13 14:34:06,236][pcse.crop.phenology.Vernalisation][INFO] - Critical DVS for vernalization (VERNDVS) reached at day 1984-06-21, but vernalization requirements not yet fulfilled. Forcing vernalization now (VERN=47.688571).
[2026-03-13 14:34:06,249][pcse.crop.phenology.Vernalisation][INFO] - Critical DVS for vernalization (VERNDVS) reached at day 1984-06-22, but vernalization requirements not yet fulfilled. Forcing vernalization now (VERN=47.688571).
[2026-03-13 14:34:06,263][pcse.crop.phenology.Vernalisation][INFO] - Critical DVS for vernalization (VERNDVS) reached at day 1984-06-23, but vernalization requirements not yet fulfilled. Forcing vernalization now (VERN=47.688571).
[2026-03-13 14:34:06,277][pcse.crop.phenology.Vernalisation][INFO] - Critical DVS for vernalization (VERNDVS) reached at day 1984-06-24, but vernalization requirements not yet fulfilled. Forcing vernalization now (VERN=47.688571).
[2026-03-13 14:34:06,291][pcse.crop.phenology.Vernalisation][INFO] - Critical DVS for vernalization (VERNDVS) reached at day 1984-06-25, but vernalization requirements not yet fulfilled. Forcing vernalization now (VERN=47.688571).
[2026-03-13 14:34:06,305][pcse.crop.phenology.Vernalisation][INFO] - Critical DVS for vernalization (VERNDVS) reached at day 1984-06-26, but vernalization requirements not yet fulfilled. Forcing vernalization now (VERN=47.688571).
[2026-03-13 14:34:06,319][pcse.crop.phenology.Vernalisation][INFO] - Critical DVS for vernalization (VERNDVS) reached at day 1984-06-27, but vernalization requirements not yet fulfilled. Forcing vernalization now (VERN=47.688571).
[2026-03-13 14:34:06,332][pcse.crop.phenology.Vernalisation][INFO] - Critical DVS for vernalization (VERNDVS) reached at day 1984-06-28, but vernalization requirements not yet fulfilled. Forcing vernalization now (VERN=47.688571).
[2026-03-13 14:34:06,346][pcse.crop.phenology.Vernalisation][INFO] - Critical DVS for vernalization (VERNDVS) reached at day 1984-06-29, but vernalization requirements not yet fulfilled. Forcing vernalization now (VERN=47.688571).
[2026-03-13 14:34:06,346][pcse.crop.phenology.Annual_Phenology][INFO] - Changed phenological stage 'vegetative' to 'reproductive' on 1984-06-29
[2026-03-13 14:34:07,378][pcse.crop.phenology.Annual_Phenology][INFO] - Changed phenological stage 'reproductive' to 'mature' on 1984-09-13
[2026-03-13 14:34:07,609][pcse.base.timer.Timer][INFO] - Reached end of simulation period as specified by END_DATE.
| train          | E: 42 | S: 10122 | R: -9104.9825 | TR: 20.7111 | TF: 480 | LR: 480 | NR: 0 | D: 05.2 s | TD: 00.0 s | BR: -8.3049 | ALOSS: 17730.3451 | CLOSS: 2678986.4984 | TLOSS: -163.6020 | TVAL: 0.1472 | AENT: -1112.5025 | BCLOSS: 0.0000
| pref           | N: 32 | seg1: 18 | seg2: 14 | tie: 0 | p1: 0.5625 | p2: 0.4375 | ptie: 0.0000
[2026-03-13 14:34:07,614][pcse.agromanager.SoilCalendar][INFO] - Starting soil (oregon) with variation (oregon_1) on day 1984-02-01
[2026-03-13 14:34:07,618][pcse.agromanager.CropCalendar][INFO] - Starting crop (wheat) with variety (wheat_1) on day 1984-02-01
[2026-03-13 14:34:08,630][pcse.crop.phenology.Annual_Phenology][INFO] - Changed phenological stage 'emerging' to 'vegetative' on 1984-04-10
[2026-03-13 14:34:09,666][pcse.crop.phenology.Vernalisation][INFO] - Critical DVS for vernalization (VERNDVS) reached at day 1984-06-02, but vernalization requirements not yet fulfilled. Forcing vernalization now (VERN=47.688571).
[2026-03-13 14:34:09,682][pcse.crop.phenology.Vernalisation][INFO] - Critical DVS for vernalization (VERNDVS) reached at day 1984-06-03, but vernalization requirements not yet fulfilled. Forcing vernalization now (VERN=47.688571).
[2026-03-13 14:34:09,698][pcse.crop.phenology.Vernalisation][INFO] - Critical DVS for vernalization (VERNDVS) reached at day 1984-06-04, but vernalization requirements not yet fulfilled. Forcing vernalization now (VERN=47.688571).
[2026-03-13 14:34:09,713][pcse.crop.phenology.Vernalisation][INFO] - Critical DVS for vernalization (VERNDVS) reached at day 1984-06-05, but vernalization requirements not yet fulfilled. Forcing vernalization now (VERN=47.688571).
[2026-03-13 14:34:09,729][pcse.crop.phenology.Vernalisation][INFO] - Critical DVS for vernalization (VERNDVS) reached at day 1984-06-06, but vernalization requirements not yet fulfilled. Forcing vernalization now (VERN=47.688571).
[2026-03-13 14:34:09,744][pcse.crop.phenology.Vernalisation][INFO] - Critical DVS for vernalization (VERNDVS) reached at day 1984-06-07, but vernalization requirements not yet fulfilled. Forcing vernalization now (VERN=47.688571).
[2026-03-13 14:34:09,760][pcse.crop.phenology.Vernalisation][INFO] - Critical DVS for vernalization (VERNDVS) reached at day 1984-06-08, but vernalization requirements not yet fulfilled. Forcing vernalization now (VERN=47.688571).
[2026-03-13 14:34:09,776][pcse.crop.phenology.Vernalisation][INFO] - Critical DVS for vernalization (VERNDVS) reached at day 1984-06-09, but vernalization requirements not yet fulfilled. Forcing vernalization now (VERN=47.688571).
[2026-03-13 14:34:09,792][pcse.crop.phenology.Vernalisation][INFO] - Critical DVS for vernalization (VERNDVS) reached at day 1984-06-10, but vernalization requirements not yet fulfilled. Forcing vernalization now (VERN=47.688571).
[2026-03-13 14:34:09,807][pcse.crop.phenology.Vernalisation][INFO] - Critical DVS for vernalization (VERNDVS) reached at day 1984-06-11, but vernalization requirements not yet fulfilled. Forcing vernalization now (VERN=47.688571).
[2026-03-13 14:34:09,823][pcse.crop.phenology.Vernalisation][INFO] - Critical DVS for vernalization (VERNDVS) reached at day 1984-06-12, but vernalization requirements not yet fulfilled. Forcing vernalization now (VERN=47.688571).
[2026-03-13 14:34:09,839][pcse.crop.phenology.Vernalisation][INFO] - Critical DVS for vernalization (VERNDVS) reached at day 1984-06-13, but vernalization requirements not yet fulfilled. Forcing vernalization now (VERN=47.688571).
[2026-03-13 14:34:09,855][pcse.crop.phenology.Vernalisation][INFO] - Critical DVS for vernalization (VERNDVS) reached at day 1984-06-14, but vernalization requirements not yet fulfilled. Forcing vernalization now (VERN=47.688571).
[2026-03-13 14:34:09,870][pcse.crop.phenology.Vernalisation][INFO] - Critical DVS for vernalization (VERNDVS) reached at day 1984-06-15, but vernalization requirements not yet fulfilled. Forcing vernalization now (VERN=47.688571).
[2026-03-13 14:34:09,886][pcse.crop.phenology.Vernalisation][INFO] - Critical DVS for vernalization (VERNDVS) reached at day 1984-06-16, but vernalization requirements not yet fulfilled. Forcing vernalization now (VERN=47.688571).
[2026-03-13 14:34:09,902][pcse.crop.phenology.Vernalisation][INFO] - Critical DVS for vernalization (VERNDVS) reached at day 1984-06-17, but vernalization requirements not yet fulfilled. Forcing vernalization now (VERN=47.688571).
[2026-03-13 14:34:09,918][pcse.crop.phenology.Vernalisation][INFO] - Critical DVS for vernalization (VERNDVS) reached at day 1984-06-18, but vernalization requirements not yet fulfilled. Forcing vernalization now (VERN=47.688571).
[2026-03-13 14:34:09,933][pcse.crop.phenology.Vernalisation][INFO] - Critical DVS for vernalization (VERNDVS) reached at day 1984-06-19, but vernalization requirements not yet fulfilled. Forcing vernalization now (VERN=47.688571).
[2026-03-13 14:34:09,949][pcse.crop.phenology.Vernalisation][INFO] - Critical DVS for vernalization (VERNDVS) reached at day 1984-06-20, but vernalization requirements not yet fulfilled. Forcing vernalization now (VERN=47.688571).
[2026-03-13 14:34:09,965][pcse.crop.phenology.Vernalisation][INFO] - Critical DVS for vernalization (VERNDVS) reached at day 1984-06-21, but vernalization requirements not yet fulfilled. Forcing vernalization now (VERN=47.688571).
[2026-03-13 14:34:09,982][pcse.crop.phenology.Vernalisation][INFO] - Critical DVS for vernalization (VERNDVS) reached at day 1984-06-22, but vernalization requirements not yet fulfilled. Forcing vernalization now (VERN=47.688571).
[2026-03-13 14:34:09,997][pcse.crop.phenology.Vernalisation][INFO] - Critical DVS for vernalization (VERNDVS) reached at day 1984-06-23, but vernalization requirements not yet fulfilled. Forcing vernalization now (VERN=47.688571).
[2026-03-13 14:34:10,013][pcse.crop.phenology.Vernalisation][INFO] - Critical DVS for vernalization (VERNDVS) reached at day 1984-06-24, but vernalization requirements not yet fulfilled. Forcing vernalization now (VERN=47.688571).
[2026-03-13 14:34:10,028][pcse.crop.phenology.Vernalisation][INFO] - Critical DVS for vernalization (VERNDVS) reached at day 1984-06-25, but vernalization requirements not yet fulfilled. Forcing vernalization now (VERN=47.688571).
[2026-03-13 14:34:10,044][pcse.crop.phenology.Vernalisation][INFO] - Critical DVS for vernalization (VERNDVS) reached at day 1984-06-26, but vernalization requirements not yet fulfilled. Forcing vernalization now (VERN=47.688571).
[2026-03-13 14:34:10,059][pcse.crop.phenology.Vernalisation][INFO] - Critical DVS for vernalization (VERNDVS) reached at day 1984-06-27, but vernalization requirements not yet fulfilled. Forcing vernalization now (VERN=47.688571).
[2026-03-13 14:34:10,075][pcse.crop.phenology.Vernalisation][INFO] - Critical DVS for vernalization (VERNDVS) reached at day 1984-06-28, but vernalization requirements not yet fulfilled. Forcing vernalization now (VERN=47.688571).
[2026-03-13 14:34:10,090][pcse.crop.phenology.Vernalisation][INFO] - Critical DVS for vernalization (VERNDVS) reached at day 1984-06-29, but vernalization requirements not yet fulfilled. Forcing vernalization now (VERN=47.688571).
[2026-03-13 14:34:10,090][pcse.crop.phenology.Annual_Phenology][INFO] - Changed phenological stage 'vegetative' to 'reproductive' on 1984-06-29
[2026-03-13 14:34:11,270][pcse.crop.phenology.Annual_Phenology][INFO] - Changed phenological stage 'reproductive' to 'mature' on 1984-09-13
[2026-03-13 14:34:11,537][pcse.base.timer.Timer][INFO] - Reached end of simulation period as specified by END_DATE.
| train          | E: 43 | S: 10363 | R: -9768.8064 | TR: 19.8974 | TF: 512 | LR: 512 | NR: 0 | D: 03.9 s | TD: 00.0 s | BR: -9.4885 | ALOSS: 17688.3721 | CLOSS: 2642180.0856 | TLOSS: -164.3389 | TVAL: 0.1505 | AENT: -1092.8437 | BCLOSS: 0.0000
[2026-03-13 14:34:11,544][pcse.agromanager.SoilCalendar][INFO] - Starting soil (oregon) with variation (oregon_1) on day 1984-02-01
[2026-03-13 14:34:11,546][pcse.agromanager.CropCalendar][INFO] - Starting crop (wheat) with variety (wheat_1) on day 1984-02-01
[2026-03-13 14:34:12,951][pcse.crop.phenology.Annual_Phenology][INFO] - Changed phenological stage 'emerging' to 'vegetative' on 1984-04-10
[2026-03-13 14:34:13,688][pcse.crop.phenology.Vernalisation][INFO] - Critical DVS for vernalization (VERNDVS) reached at day 1984-06-02, but vernalization requirements not yet fulfilled. Forcing vernalization now (VERN=47.688571).
[2026-03-13 14:34:13,702][pcse.crop.phenology.Vernalisation][INFO] - Critical DVS for vernalization (VERNDVS) reached at day 1984-06-03, but vernalization requirements not yet fulfilled. Forcing vernalization now (VERN=47.688571).
[2026-03-13 14:34:13,716][pcse.crop.phenology.Vernalisation][INFO] - Critical DVS for vernalization (VERNDVS) reached at day 1984-06-04, but vernalization requirements not yet fulfilled. Forcing vernalization now (VERN=47.688571).
[2026-03-13 14:34:13,730][pcse.crop.phenology.Vernalisation][INFO] - Critical DVS for vernalization (VERNDVS) reached at day 1984-06-05, but vernalization requirements not yet fulfilled. Forcing vernalization now (VERN=47.688571).
[2026-03-13 14:34:13,743][pcse.crop.phenology.Vernalisation][INFO] - Critical DVS for vernalization (VERNDVS) reached at day 1984-06-06, but vernalization requirements not yet fulfilled. Forcing vernalization now (VERN=47.688571).
[2026-03-13 14:34:13,758][pcse.crop.phenology.Vernalisation][INFO] - Critical DVS for vernalization (VERNDVS) reached at day 1984-06-07, but vernalization requirements not yet fulfilled. Forcing vernalization now (VERN=47.688571).
[2026-03-13 14:34:13,772][pcse.crop.phenology.Vernalisation][INFO] - Critical DVS for vernalization (VERNDVS) reached at day 1984-06-08, but vernalization requirements not yet fulfilled. Forcing vernalization now (VERN=47.688571).
[2026-03-13 14:34:13,786][pcse.crop.phenology.Vernalisation][INFO] - Critical DVS for vernalization (VERNDVS) reached at day 1984-06-09, but vernalization requirements not yet fulfilled. Forcing vernalization now (VERN=47.688571).
[2026-03-13 14:34:13,799][pcse.crop.phenology.Vernalisation][INFO] - Critical DVS for vernalization (VERNDVS) reached at day 1984-06-10, but vernalization requirements not yet fulfilled. Forcing vernalization now (VERN=47.688571).
[2026-03-13 14:34:13,813][pcse.crop.phenology.Vernalisation][INFO] - Critical DVS for vernalization (VERNDVS) reached at day 1984-06-11, but vernalization requirements not yet fulfilled. Forcing vernalization now (VERN=47.688571).
[2026-03-13 14:34:13,827][pcse.crop.phenology.Vernalisation][INFO] - Critical DVS for vernalization (VERNDVS) reached at day 1984-06-12, but vernalization requirements not yet fulfilled. Forcing vernalization now (VERN=47.688571).
[2026-03-13 14:34:13,841][pcse.crop.phenology.Vernalisation][INFO] - Critical DVS for vernalization (VERNDVS) reached at day 1984-06-13, but vernalization requirements not yet fulfilled. Forcing vernalization now (VERN=47.688571).
[2026-03-13 14:34:13,855][pcse.crop.phenology.Vernalisation][INFO] - Critical DVS for vernalization (VERNDVS) reached at day 1984-06-14, but vernalization requirements not yet fulfilled. Forcing vernalization now (VERN=47.688571).
[2026-03-13 14:34:13,870][pcse.crop.phenology.Vernalisation][INFO] - Critical DVS for vernalization (VERNDVS) reached at day 1984-06-15, but vernalization requirements not yet fulfilled. Forcing vernalization now (VERN=47.688571).
[2026-03-13 14:34:13,884][pcse.crop.phenology.Vernalisation][INFO] - Critical DVS for vernalization (VERNDVS) reached at day 1984-06-16, but vernalization requirements not yet fulfilled. Forcing vernalization now (VERN=47.688571).
[2026-03-13 14:34:13,898][pcse.crop.phenology.Vernalisation][INFO] - Critical DVS for vernalization (VERNDVS) reached at day 1984-06-17, but vernalization requirements not yet fulfilled. Forcing vernalization now (VERN=47.688571).
[2026-03-13 14:34:13,913][pcse.crop.phenology.Vernalisation][INFO] - Critical DVS for vernalization (VERNDVS) reached at day 1984-06-18, but vernalization requirements not yet fulfilled. Forcing vernalization now (VERN=47.688571).
[2026-03-13 14:34:13,927][pcse.crop.phenology.Vernalisation][INFO] - Critical DVS for vernalization (VERNDVS) reached at day 1984-06-19, but vernalization requirements not yet fulfilled. Forcing vernalization now (VERN=47.688571).
[DBG] step=10500 r_hat=-46.500629
[2026-03-13 14:34:13,941][pcse.crop.phenology.Vernalisation][INFO] - Critical DVS for vernalization (VERNDVS) reached at day 1984-06-20, but vernalization requirements not yet fulfilled. Forcing vernalization now (VERN=47.688571).
[2026-03-13 14:34:13,955][pcse.crop.phenology.Vernalisation][INFO] - Critical DVS for vernalization (VERNDVS) reached at day 1984-06-21, but vernalization requirements not yet fulfilled. Forcing vernalization now (VERN=47.688571).
[2026-03-13 14:34:13,969][pcse.crop.phenology.Vernalisation][INFO] - Critical DVS for vernalization (VERNDVS) reached at day 1984-06-22, but vernalization requirements not yet fulfilled. Forcing vernalization now (VERN=47.688571).
[2026-03-13 14:34:13,985][pcse.crop.phenology.Vernalisation][INFO] - Critical DVS for vernalization (VERNDVS) reached at day 1984-06-23, but vernalization requirements not yet fulfilled. Forcing vernalization now (VERN=47.688571).
[2026-03-13 14:34:13,999][pcse.crop.phenology.Vernalisation][INFO] - Critical DVS for vernalization (VERNDVS) reached at day 1984-06-24, but vernalization requirements not yet fulfilled. Forcing vernalization now (VERN=47.688571).
[2026-03-13 14:34:14,013][pcse.crop.phenology.Vernalisation][INFO] - Critical DVS for vernalization (VERNDVS) reached at day 1984-06-25, but vernalization requirements not yet fulfilled. Forcing vernalization now (VERN=47.688571).
[2026-03-13 14:34:14,027][pcse.crop.phenology.Vernalisation][INFO] - Critical DVS for vernalization (VERNDVS) reached at day 1984-06-26, but vernalization requirements not yet fulfilled. Forcing vernalization now (VERN=47.688571).
[2026-03-13 14:34:14,041][pcse.crop.phenology.Vernalisation][INFO] - Critical DVS for vernalization (VERNDVS) reached at day 1984-06-27, but vernalization requirements not yet fulfilled. Forcing vernalization now (VERN=47.688571).
[2026-03-13 14:34:14,054][pcse.crop.phenology.Vernalisation][INFO] - Critical DVS for vernalization (VERNDVS) reached at day 1984-06-28, but vernalization requirements not yet fulfilled. Forcing vernalization now (VERN=47.688571).
[2026-03-13 14:34:14,068][pcse.crop.phenology.Vernalisation][INFO] - Critical DVS for vernalization (VERNDVS) reached at day 1984-06-29, but vernalization requirements not yet fulfilled. Forcing vernalization now (VERN=47.688571).
[2026-03-13 14:34:14,068][pcse.crop.phenology.Annual_Phenology][INFO] - Changed phenological stage 'vegetative' to 'reproductive' on 1984-06-29
[2026-03-13 14:34:15,094][pcse.crop.phenology.Annual_Phenology][INFO] - Changed phenological stage 'reproductive' to 'mature' on 1984-09-13
[2026-03-13 14:34:15,556][pcse.base.timer.Timer][INFO] - Reached end of simulation period as specified by END_DATE.
| train          | E: 44 | S: 10604 | R: -10511.2159 | TR: 15.8611 | TF: 512 | LR: 512 | NR: 0 | D: 04.0 s | TD: 00.0 s | BR: -9.9983 | ALOSS: 17662.4377 | CLOSS: 2433118.6132 | TLOSS: -166.7753 | TVAL: 0.1540 | AENT: -1084.0164 | BCLOSS: 0.0000
[2026-03-13 14:34:15,573][pcse.agromanager.SoilCalendar][INFO] - Starting soil (oregon) with variation (oregon_1) on day 1984-02-01
[2026-03-13 14:34:15,578][pcse.agromanager.CropCalendar][INFO] - Starting crop (wheat) with variety (wheat_1) on day 1984-02-01
[2026-03-13 14:34:16,827][pcse.crop.phenology.Annual_Phenology][INFO] - Changed phenological stage 'emerging' to 'vegetative' on 1984-04-10
[2026-03-13 14:34:17,652][pcse.crop.phenology.Vernalisation][INFO] - Critical DVS for vernalization (VERNDVS) reached at day 1984-06-02, but vernalization requirements not yet fulfilled. Forcing vernalization now (VERN=47.688571).
[2026-03-13 14:34:17,668][pcse.crop.phenology.Vernalisation][INFO] - Critical DVS for vernalization (VERNDVS) reached at day 1984-06-03, but vernalization requirements not yet fulfilled. Forcing vernalization now (VERN=47.688571).
[2026-03-13 14:34:17,684][pcse.crop.phenology.Vernalisation][INFO] - Critical DVS for vernalization (VERNDVS) reached at day 1984-06-04, but vernalization requirements not yet fulfilled. Forcing vernalization now (VERN=47.688571).
[2026-03-13 14:34:17,699][pcse.crop.phenology.Vernalisation][INFO] - Critical DVS for vernalization (VERNDVS) reached at day 1984-06-05, but vernalization requirements not yet fulfilled. Forcing vernalization now (VERN=47.688571).
[2026-03-13 14:34:17,715][pcse.crop.phenology.Vernalisation][INFO] - Critical DVS for vernalization (VERNDVS) reached at day 1984-06-06, but vernalization requirements not yet fulfilled. Forcing vernalization now (VERN=47.688571).
[2026-03-13 14:34:17,730][pcse.crop.phenology.Vernalisation][INFO] - Critical DVS for vernalization (VERNDVS) reached at day 1984-06-07, but vernalization requirements not yet fulfilled. Forcing vernalization now (VERN=47.688571).
[2026-03-13 14:34:17,746][pcse.crop.phenology.Vernalisation][INFO] - Critical DVS for vernalization (VERNDVS) reached at day 1984-06-08, but vernalization requirements not yet fulfilled. Forcing vernalization now (VERN=47.688571).
[2026-03-13 14:34:17,762][pcse.crop.phenology.Vernalisation][INFO] - Critical DVS for vernalization (VERNDVS) reached at day 1984-06-09, but vernalization requirements not yet fulfilled. Forcing vernalization now (VERN=47.688571).
[2026-03-13 14:34:17,778][pcse.crop.phenology.Vernalisation][INFO] - Critical DVS for vernalization (VERNDVS) reached at day 1984-06-10, but vernalization requirements not yet fulfilled. Forcing vernalization now (VERN=47.688571).
[2026-03-13 14:34:17,794][pcse.crop.phenology.Vernalisation][INFO] - Critical DVS for vernalization (VERNDVS) reached at day 1984-06-11, but vernalization requirements not yet fulfilled. Forcing vernalization now (VERN=47.688571).
[2026-03-13 14:34:17,809][pcse.crop.phenology.Vernalisation][INFO] - Critical DVS for vernalization (VERNDVS) reached at day 1984-06-12, but vernalization requirements not yet fulfilled. Forcing vernalization now (VERN=47.688571).
[2026-03-13 14:34:17,825][pcse.crop.phenology.Vernalisation][INFO] - Critical DVS for vernalization (VERNDVS) reached at day 1984-06-13, but vernalization requirements not yet fulfilled. Forcing vernalization now (VERN=47.688571).
[2026-03-13 14:34:17,841][pcse.crop.phenology.Vernalisation][INFO] - Critical DVS for vernalization (VERNDVS) reached at day 1984-06-14, but vernalization requirements not yet fulfilled. Forcing vernalization now (VERN=47.688571).
[2026-03-13 14:34:17,857][pcse.crop.phenology.Vernalisation][INFO] - Critical DVS for vernalization (VERNDVS) reached at day 1984-06-15, but vernalization requirements not yet fulfilled. Forcing vernalization now (VERN=47.688571).
[2026-03-13 14:34:17,873][pcse.crop.phenology.Vernalisation][INFO] - Critical DVS for vernalization (VERNDVS) reached at day 1984-06-16, but vernalization requirements not yet fulfilled. Forcing vernalization now (VERN=47.688571).
[2026-03-13 14:34:17,889][pcse.crop.phenology.Vernalisation][INFO] - Critical DVS for vernalization (VERNDVS) reached at day 1984-06-17, but vernalization requirements not yet fulfilled. Forcing vernalization now (VERN=47.688571).
[2026-03-13 14:34:17,905][pcse.crop.phenology.Vernalisation][INFO] - Critical DVS for vernalization (VERNDVS) reached at day 1984-06-18, but vernalization requirements not yet fulfilled. Forcing vernalization now (VERN=47.688571).
[2026-03-13 14:34:17,921][pcse.crop.phenology.Vernalisation][INFO] - Critical DVS for vernalization (VERNDVS) reached at day 1984-06-19, but vernalization requirements not yet fulfilled. Forcing vernalization now (VERN=47.688571).
[2026-03-13 14:34:17,937][pcse.crop.phenology.Vernalisation][INFO] - Critical DVS for vernalization (VERNDVS) reached at day 1984-06-20, but vernalization requirements not yet fulfilled. Forcing vernalization now (VERN=47.688571).
[2026-03-13 14:34:17,953][pcse.crop.phenology.Vernalisation][INFO] - Critical DVS for vernalization (VERNDVS) reached at day 1984-06-21, but vernalization requirements not yet fulfilled. Forcing vernalization now (VERN=47.688571).
[2026-03-13 14:34:17,970][pcse.crop.phenology.Vernalisation][INFO] - Critical DVS for vernalization (VERNDVS) reached at day 1984-06-22, but vernalization requirements not yet fulfilled. Forcing vernalization now (VERN=47.688571).
[2026-03-13 14:34:17,985][pcse.crop.phenology.Vernalisation][INFO] - Critical DVS for vernalization (VERNDVS) reached at day 1984-06-23, but vernalization requirements not yet fulfilled. Forcing vernalization now (VERN=47.688571).
[2026-03-13 14:34:18,001][pcse.crop.phenology.Vernalisation][INFO] - Critical DVS for vernalization (VERNDVS) reached at day 1984-06-24, but vernalization requirements not yet fulfilled. Forcing vernalization now (VERN=47.688571).
[2026-03-13 14:34:18,017][pcse.crop.phenology.Vernalisation][INFO] - Critical DVS for vernalization (VERNDVS) reached at day 1984-06-25, but vernalization requirements not yet fulfilled. Forcing vernalization now (VERN=47.688571).
[2026-03-13 14:34:18,033][pcse.crop.phenology.Vernalisation][INFO] - Critical DVS for vernalization (VERNDVS) reached at day 1984-06-26, but vernalization requirements not yet fulfilled. Forcing vernalization now (VERN=47.688571).
[2026-03-13 14:34:18,048][pcse.crop.phenology.Vernalisation][INFO] - Critical DVS for vernalization (VERNDVS) reached at day 1984-06-27, but vernalization requirements not yet fulfilled. Forcing vernalization now (VERN=47.688571).
[2026-03-13 14:34:18,064][pcse.crop.phenology.Vernalisation][INFO] - Critical DVS for vernalization (VERNDVS) reached at day 1984-06-28, but vernalization requirements not yet fulfilled. Forcing vernalization now (VERN=47.688571).
[2026-03-13 14:34:18,080][pcse.crop.phenology.Vernalisation][INFO] - Critical DVS for vernalization (VERNDVS) reached at day 1984-06-29, but vernalization requirements not yet fulfilled. Forcing vernalization now (VERN=47.688571).
[2026-03-13 14:34:18,080][pcse.crop.phenology.Annual_Phenology][INFO] - Changed phenological stage 'vegetative' to 'reproductive' on 1984-06-29
[2026-03-13 14:34:19,541][pcse.crop.phenology.Annual_Phenology][INFO] - Changed phenological stage 'reproductive' to 'mature' on 1984-09-13
[2026-03-13 14:34:19,803][pcse.base.timer.Timer][INFO] - Reached end of simulation period as specified by END_DATE.
| train          | E: 45 | S: 10845 | R: -10445.8754 | TR: 12.0835 | TF: 512 | LR: 512 | NR: 0 | D: 04.2 s | TD: 00.0 s | BR: -10.8418 | ALOSS: 17563.6935 | CLOSS: 2742814.5901 | TLOSS: -167.0176 | TVAL: 0.1576 | AENT: -1060.8752 | BCLOSS: 0.0000
[2026-03-13 14:34:19,808][pcse.agromanager.SoilCalendar][INFO] - Starting soil (oregon) with variation (oregon_1) on day 1984-02-01
[2026-03-13 14:34:19,810][pcse.agromanager.CropCalendar][INFO] - Starting crop (wheat) with variety (wheat_1) on day 1984-02-01
[2026-03-13 14:34:20,818][pcse.crop.phenology.Annual_Phenology][INFO] - Changed phenological stage 'emerging' to 'vegetative' on 1984-04-10
[2026-03-13 14:34:21,540][pcse.crop.phenology.Vernalisation][INFO] - Critical DVS for vernalization (VERNDVS) reached at day 1984-06-02, but vernalization requirements not yet fulfilled. Forcing vernalization now (VERN=47.688571).
[2026-03-13 14:34:21,553][pcse.crop.phenology.Vernalisation][INFO] - Critical DVS for vernalization (VERNDVS) reached at day 1984-06-03, but vernalization requirements not yet fulfilled. Forcing vernalization now (VERN=47.688571).
[2026-03-13 14:34:21,567][pcse.crop.phenology.Vernalisation][INFO] - Critical DVS for vernalization (VERNDVS) reached at day 1984-06-04, but vernalization requirements not yet fulfilled. Forcing vernalization now (VERN=47.688571).
[2026-03-13 14:34:21,582][pcse.crop.phenology.Vernalisation][INFO] - Critical DVS for vernalization (VERNDVS) reached at day 1984-06-05, but vernalization requirements not yet fulfilled. Forcing vernalization now (VERN=47.688571).
[2026-03-13 14:34:21,596][pcse.crop.phenology.Vernalisation][INFO] - Critical DVS for vernalization (VERNDVS) reached at day 1984-06-06, but vernalization requirements not yet fulfilled. Forcing vernalization now (VERN=47.688571).
[2026-03-13 14:34:21,610][pcse.crop.phenology.Vernalisation][INFO] - Critical DVS for vernalization (VERNDVS) reached at day 1984-06-07, but vernalization requirements not yet fulfilled. Forcing vernalization now (VERN=47.688571).
[2026-03-13 14:34:21,624][pcse.crop.phenology.Vernalisation][INFO] - Critical DVS for vernalization (VERNDVS) reached at day 1984-06-08, but vernalization requirements not yet fulfilled. Forcing vernalization now (VERN=47.688571).
[2026-03-13 14:34:21,638][pcse.crop.phenology.Vernalisation][INFO] - Critical DVS for vernalization (VERNDVS) reached at day 1984-06-09, but vernalization requirements not yet fulfilled. Forcing vernalization now (VERN=47.688571).
[2026-03-13 14:34:21,653][pcse.crop.phenology.Vernalisation][INFO] - Critical DVS for vernalization (VERNDVS) reached at day 1984-06-10, but vernalization requirements not yet fulfilled. Forcing vernalization now (VERN=47.688571).
[2026-03-13 14:34:21,667][pcse.crop.phenology.Vernalisation][INFO] - Critical DVS for vernalization (VERNDVS) reached at day 1984-06-11, but vernalization requirements not yet fulfilled. Forcing vernalization now (VERN=47.688571).
[2026-03-13 14:34:21,681][pcse.crop.phenology.Vernalisation][INFO] - Critical DVS for vernalization (VERNDVS) reached at day 1984-06-12, but vernalization requirements not yet fulfilled. Forcing vernalization now (VERN=47.688571).
[2026-03-13 14:34:21,695][pcse.crop.phenology.Vernalisation][INFO] - Critical DVS for vernalization (VERNDVS) reached at day 1984-06-13, but vernalization requirements not yet fulfilled. Forcing vernalization now (VERN=47.688571).
[2026-03-13 14:34:21,708][pcse.crop.phenology.Vernalisation][INFO] - Critical DVS for vernalization (VERNDVS) reached at day 1984-06-14, but vernalization requirements not yet fulfilled. Forcing vernalization now (VERN=47.688571).
[2026-03-13 14:34:21,722][pcse.crop.phenology.Vernalisation][INFO] - Critical DVS for vernalization (VERNDVS) reached at day 1984-06-15, but vernalization requirements not yet fulfilled. Forcing vernalization now (VERN=47.688571).
[2026-03-13 14:34:21,736][pcse.crop.phenology.Vernalisation][INFO] - Critical DVS for vernalization (VERNDVS) reached at day 1984-06-16, but vernalization requirements not yet fulfilled. Forcing vernalization now (VERN=47.688571).
[2026-03-13 14:34:21,750][pcse.crop.phenology.Vernalisation][INFO] - Critical DVS for vernalization (VERNDVS) reached at day 1984-06-17, but vernalization requirements not yet fulfilled. Forcing vernalization now (VERN=47.688571).
[2026-03-13 14:34:21,764][pcse.crop.phenology.Vernalisation][INFO] - Critical DVS for vernalization (VERNDVS) reached at day 1984-06-18, but vernalization requirements not yet fulfilled. Forcing vernalization now (VERN=47.688571).
[2026-03-13 14:34:21,777][pcse.crop.phenology.Vernalisation][INFO] - Critical DVS for vernalization (VERNDVS) reached at day 1984-06-19, but vernalization requirements not yet fulfilled. Forcing vernalization now (VERN=47.688571).
[2026-03-13 14:34:21,791][pcse.crop.phenology.Vernalisation][INFO] - Critical DVS for vernalization (VERNDVS) reached at day 1984-06-20, but vernalization requirements not yet fulfilled. Forcing vernalization now (VERN=47.688571).
[2026-03-13 14:34:21,805][pcse.crop.phenology.Vernalisation][INFO] - Critical DVS for vernalization (VERNDVS) reached at day 1984-06-21, but vernalization requirements not yet fulfilled. Forcing vernalization now (VERN=47.688571).
[2026-03-13 14:34:21,819][pcse.crop.phenology.Vernalisation][INFO] - Critical DVS for vernalization (VERNDVS) reached at day 1984-06-22, but vernalization requirements not yet fulfilled. Forcing vernalization now (VERN=47.688571).
[2026-03-13 14:34:21,832][pcse.crop.phenology.Vernalisation][INFO] - Critical DVS for vernalization (VERNDVS) reached at day 1984-06-23, but vernalization requirements not yet fulfilled. Forcing vernalization now (VERN=47.688571).
[2026-03-13 14:34:21,847][pcse.crop.phenology.Vernalisation][INFO] - Critical DVS for vernalization (VERNDVS) reached at day 1984-06-24, but vernalization requirements not yet fulfilled. Forcing vernalization now (VERN=47.688571).
[2026-03-13 14:34:21,861][pcse.crop.phenology.Vernalisation][INFO] - Critical DVS for vernalization (VERNDVS) reached at day 1984-06-25, but vernalization requirements not yet fulfilled. Forcing vernalization now (VERN=47.688571).
[2026-03-13 14:34:21,875][pcse.crop.phenology.Vernalisation][INFO] - Critical DVS for vernalization (VERNDVS) reached at day 1984-06-26, but vernalization requirements not yet fulfilled. Forcing vernalization now (VERN=47.688571).
[2026-03-13 14:34:21,889][pcse.crop.phenology.Vernalisation][INFO] - Critical DVS for vernalization (VERNDVS) reached at day 1984-06-27, but vernalization requirements not yet fulfilled. Forcing vernalization now (VERN=47.688571).
[2026-03-13 14:34:21,903][pcse.crop.phenology.Vernalisation][INFO] - Critical DVS for vernalization (VERNDVS) reached at day 1984-06-28, but vernalization requirements not yet fulfilled. Forcing vernalization now (VERN=47.688571).
[2026-03-13 14:34:21,917][pcse.crop.phenology.Vernalisation][INFO] - Critical DVS for vernalization (VERNDVS) reached at day 1984-06-29, but vernalization requirements not yet fulfilled. Forcing vernalization now (VERN=47.688571).
[2026-03-13 14:34:21,918][pcse.crop.phenology.Annual_Phenology][INFO] - Changed phenological stage 'vegetative' to 'reproductive' on 1984-06-29
[DBG] step=11000 r_hat=-50.344044
[2026-03-13 14:34:23,317][pcse.crop.phenology.Annual_Phenology][INFO] - Changed phenological stage 'reproductive' to 'mature' on 1984-09-13
[2026-03-13 14:34:23,581][pcse.base.timer.Timer][INFO] - Reached end of simulation period as specified by END_DATE.
| train          | E: 46 | S: 11086 | R: -10102.9756 | TR: 20.7111 | TF: 512 | LR: 512 | NR: 0 | D: 03.8 s | TD: 00.0 s | BR: -11.5835 | ALOSS: 17457.2701 | CLOSS: 2368296.1924 | TLOSS: -169.6715 | TVAL: 0.1613 | AENT: -1053.0695 | BCLOSS: 0.0000
[2026-03-13 14:34:23,588][pcse.agromanager.SoilCalendar][INFO] - Starting soil (oregon) with variation (oregon_1) on day 1984-02-01
[2026-03-13 14:34:23,590][pcse.agromanager.CropCalendar][INFO] - Starting crop (wheat) with variety (wheat_1) on day 1984-02-01
[2026-03-13 14:34:24,829][pcse.crop.phenology.Annual_Phenology][INFO] - Changed phenological stage 'emerging' to 'vegetative' on 1984-04-10
[2026-03-13 14:34:25,914][pcse.crop.phenology.Vernalisation][INFO] - Critical DVS for vernalization (VERNDVS) reached at day 1984-06-02, but vernalization requirements not yet fulfilled. Forcing vernalization now (VERN=47.688571).
[2026-03-13 14:34:25,930][pcse.crop.phenology.Vernalisation][INFO] - Critical DVS for vernalization (VERNDVS) reached at day 1984-06-03, but vernalization requirements not yet fulfilled. Forcing vernalization now (VERN=47.688571).
[2026-03-13 14:34:25,946][pcse.crop.phenology.Vernalisation][INFO] - Critical DVS for vernalization (VERNDVS) reached at day 1984-06-04, but vernalization requirements not yet fulfilled. Forcing vernalization now (VERN=47.688571).
[2026-03-13 14:34:25,962][pcse.crop.phenology.Vernalisation][INFO] - Critical DVS for vernalization (VERNDVS) reached at day 1984-06-05, but vernalization requirements not yet fulfilled. Forcing vernalization now (VERN=47.688571).
[2026-03-13 14:34:25,982][pcse.crop.phenology.Vernalisation][INFO] - Critical DVS for vernalization (VERNDVS) reached at day 1984-06-06, but vernalization requirements not yet fulfilled. Forcing vernalization now (VERN=47.688571).
[2026-03-13 14:34:25,997][pcse.crop.phenology.Vernalisation][INFO] - Critical DVS for vernalization (VERNDVS) reached at day 1984-06-07, but vernalization requirements not yet fulfilled. Forcing vernalization now (VERN=47.688571).
[2026-03-13 14:34:26,013][pcse.crop.phenology.Vernalisation][INFO] - Critical DVS for vernalization (VERNDVS) reached at day 1984-06-08, but vernalization requirements not yet fulfilled. Forcing vernalization now (VERN=47.688571).
[2026-03-13 14:34:26,029][pcse.crop.phenology.Vernalisation][INFO] - Critical DVS for vernalization (VERNDVS) reached at day 1984-06-09, but vernalization requirements not yet fulfilled. Forcing vernalization now (VERN=47.688571).
[2026-03-13 14:34:26,044][pcse.crop.phenology.Vernalisation][INFO] - Critical DVS for vernalization (VERNDVS) reached at day 1984-06-10, but vernalization requirements not yet fulfilled. Forcing vernalization now (VERN=47.688571).
[2026-03-13 14:34:26,060][pcse.crop.phenology.Vernalisation][INFO] - Critical DVS for vernalization (VERNDVS) reached at day 1984-06-11, but vernalization requirements not yet fulfilled. Forcing vernalization now (VERN=47.688571).
[2026-03-13 14:34:26,076][pcse.crop.phenology.Vernalisation][INFO] - Critical DVS for vernalization (VERNDVS) reached at day 1984-06-12, but vernalization requirements not yet fulfilled. Forcing vernalization now (VERN=47.688571).
[2026-03-13 14:34:26,092][pcse.crop.phenology.Vernalisation][INFO] - Critical DVS for vernalization (VERNDVS) reached at day 1984-06-13, but vernalization requirements not yet fulfilled. Forcing vernalization now (VERN=47.688571).
[2026-03-13 14:34:26,107][pcse.crop.phenology.Vernalisation][INFO] - Critical DVS for vernalization (VERNDVS) reached at day 1984-06-14, but vernalization requirements not yet fulfilled. Forcing vernalization now (VERN=47.688571).
[2026-03-13 14:34:26,123][pcse.crop.phenology.Vernalisation][INFO] - Critical DVS for vernalization (VERNDVS) reached at day 1984-06-15, but vernalization requirements not yet fulfilled. Forcing vernalization now (VERN=47.688571).
[2026-03-13 14:34:26,139][pcse.crop.phenology.Vernalisation][INFO] - Critical DVS for vernalization (VERNDVS) reached at day 1984-06-16, but vernalization requirements not yet fulfilled. Forcing vernalization now (VERN=47.688571).
[2026-03-13 14:34:26,155][pcse.crop.phenology.Vernalisation][INFO] - Critical DVS for vernalization (VERNDVS) reached at day 1984-06-17, but vernalization requirements not yet fulfilled. Forcing vernalization now (VERN=47.688571).
[2026-03-13 14:34:26,170][pcse.crop.phenology.Vernalisation][INFO] - Critical DVS for vernalization (VERNDVS) reached at day 1984-06-18, but vernalization requirements not yet fulfilled. Forcing vernalization now (VERN=47.688571).
[2026-03-13 14:34:26,186][pcse.crop.phenology.Vernalisation][INFO] - Critical DVS for vernalization (VERNDVS) reached at day 1984-06-19, but vernalization requirements not yet fulfilled. Forcing vernalization now (VERN=47.688571).
[2026-03-13 14:34:26,202][pcse.crop.phenology.Vernalisation][INFO] - Critical DVS for vernalization (VERNDVS) reached at day 1984-06-20, but vernalization requirements not yet fulfilled. Forcing vernalization now (VERN=47.688571).
[2026-03-13 14:34:26,217][pcse.crop.phenology.Vernalisation][INFO] - Critical DVS for vernalization (VERNDVS) reached at day 1984-06-21, but vernalization requirements not yet fulfilled. Forcing vernalization now (VERN=47.688571).
[2026-03-13 14:34:26,233][pcse.crop.phenology.Vernalisation][INFO] - Critical DVS for vernalization (VERNDVS) reached at day 1984-06-22, but vernalization requirements not yet fulfilled. Forcing vernalization now (VERN=47.688571).
[2026-03-13 14:34:26,248][pcse.crop.phenology.Vernalisation][INFO] - Critical DVS for vernalization (VERNDVS) reached at day 1984-06-23, but vernalization requirements not yet fulfilled. Forcing vernalization now (VERN=47.688571).
[2026-03-13 14:34:26,263][pcse.crop.phenology.Vernalisation][INFO] - Critical DVS for vernalization (VERNDVS) reached at day 1984-06-24, but vernalization requirements not yet fulfilled. Forcing vernalization now (VERN=47.688571).
[2026-03-13 14:34:26,279][pcse.crop.phenology.Vernalisation][INFO] - Critical DVS for vernalization (VERNDVS) reached at day 1984-06-25, but vernalization requirements not yet fulfilled. Forcing vernalization now (VERN=47.688571).
[2026-03-13 14:34:26,294][pcse.crop.phenology.Vernalisation][INFO] - Critical DVS for vernalization (VERNDVS) reached at day 1984-06-26, but vernalization requirements not yet fulfilled. Forcing vernalization now (VERN=47.688571).
[2026-03-13 14:34:26,310][pcse.crop.phenology.Vernalisation][INFO] - Critical DVS for vernalization (VERNDVS) reached at day 1984-06-27, but vernalization requirements not yet fulfilled. Forcing vernalization now (VERN=47.688571).
[2026-03-13 14:34:26,325][pcse.crop.phenology.Vernalisation][INFO] - Critical DVS for vernalization (VERNDVS) reached at day 1984-06-28, but vernalization requirements not yet fulfilled. Forcing vernalization now (VERN=47.688571).
[2026-03-13 14:34:26,341][pcse.crop.phenology.Vernalisation][INFO] - Critical DVS for vernalization (VERNDVS) reached at day 1984-06-29, but vernalization requirements not yet fulfilled. Forcing vernalization now (VERN=47.688571).
[2026-03-13 14:34:26,341][pcse.crop.phenology.Annual_Phenology][INFO] - Changed phenological stage 'vegetative' to 'reproductive' on 1984-06-29
[2026-03-13 14:34:27,523][pcse.crop.phenology.Annual_Phenology][INFO] - Changed phenological stage 'reproductive' to 'mature' on 1984-09-13
[2026-03-13 14:34:27,788][pcse.base.timer.Timer][INFO] - Reached end of simulation period as specified by END_DATE.
| train          | E: 47 | S: 11327 | R: -9964.4989 | TR: 19.8974 | TF: 512 | LR: 512 | NR: 0 | D: 04.2 s | TD: 00.0 s | BR: -12.0397 | ALOSS: 17402.9531 | CLOSS: 2665666.2701 | TLOSS: -170.3652 | TVAL: 0.1651 | AENT: -1033.0033 | BCLOSS: 0.0000
[2026-03-13 14:34:27,795][pcse.agromanager.SoilCalendar][INFO] - Starting soil (oregon) with variation (oregon_1) on day 1984-02-01
[2026-03-13 14:34:27,797][pcse.agromanager.CropCalendar][INFO] - Starting crop (wheat) with variety (wheat_1) on day 1984-02-01
[2026-03-13 14:34:29,051][pcse.crop.phenology.Annual_Phenology][INFO] - Changed phenological stage 'emerging' to 'vegetative' on 1984-04-10
[2026-03-13 14:34:30,403][pcse.crop.phenology.Vernalisation][INFO] - Critical DVS for vernalization (VERNDVS) reached at day 1984-06-02, but vernalization requirements not yet fulfilled. Forcing vernalization now (VERN=47.688571).
[2026-03-13 14:34:30,422][pcse.crop.phenology.Vernalisation][INFO] - Critical DVS for vernalization (VERNDVS) reached at day 1984-06-03, but vernalization requirements not yet fulfilled. Forcing vernalization now (VERN=47.688571).
[2026-03-13 14:34:30,442][pcse.crop.phenology.Vernalisation][INFO] - Critical DVS for vernalization (VERNDVS) reached at day 1984-06-04, but vernalization requirements not yet fulfilled. Forcing vernalization now (VERN=47.688571).
[2026-03-13 14:34:30,462][pcse.crop.phenology.Vernalisation][INFO] - Critical DVS for vernalization (VERNDVS) reached at day 1984-06-05, but vernalization requirements not yet fulfilled. Forcing vernalization now (VERN=47.688571).
[2026-03-13 14:34:30,482][pcse.crop.phenology.Vernalisation][INFO] - Critical DVS for vernalization (VERNDVS) reached at day 1984-06-06, but vernalization requirements not yet fulfilled. Forcing vernalization now (VERN=47.688571).
[2026-03-13 14:34:30,502][pcse.crop.phenology.Vernalisation][INFO] - Critical DVS for vernalization (VERNDVS) reached at day 1984-06-07, but vernalization requirements not yet fulfilled. Forcing vernalization now (VERN=47.688571).
[2026-03-13 14:34:30,522][pcse.crop.phenology.Vernalisation][INFO] - Critical DVS for vernalization (VERNDVS) reached at day 1984-06-08, but vernalization requirements not yet fulfilled. Forcing vernalization now (VERN=47.688571).
[2026-03-13 14:34:30,542][pcse.crop.phenology.Vernalisation][INFO] - Critical DVS for vernalization (VERNDVS) reached at day 1984-06-09, but vernalization requirements not yet fulfilled. Forcing vernalization now (VERN=47.688571).
[2026-03-13 14:34:30,562][pcse.crop.phenology.Vernalisation][INFO] - Critical DVS for vernalization (VERNDVS) reached at day 1984-06-10, but vernalization requirements not yet fulfilled. Forcing vernalization now (VERN=47.688571).
[2026-03-13 14:34:30,581][pcse.crop.phenology.Vernalisation][INFO] - Critical DVS for vernalization (VERNDVS) reached at day 1984-06-11, but vernalization requirements not yet fulfilled. Forcing vernalization now (VERN=47.688571).
[2026-03-13 14:34:30,601][pcse.crop.phenology.Vernalisation][INFO] - Critical DVS for vernalization (VERNDVS) reached at day 1984-06-12, but vernalization requirements not yet fulfilled. Forcing vernalization now (VERN=47.688571).
[2026-03-13 14:34:30,621][pcse.crop.phenology.Vernalisation][INFO] - Critical DVS for vernalization (VERNDVS) reached at day 1984-06-13, but vernalization requirements not yet fulfilled. Forcing vernalization now (VERN=47.688571).
[2026-03-13 14:34:30,641][pcse.crop.phenology.Vernalisation][INFO] - Critical DVS for vernalization (VERNDVS) reached at day 1984-06-14, but vernalization requirements not yet fulfilled. Forcing vernalization now (VERN=47.688571).
[2026-03-13 14:34:30,660][pcse.crop.phenology.Vernalisation][INFO] - Critical DVS for vernalization (VERNDVS) reached at day 1984-06-15, but vernalization requirements not yet fulfilled. Forcing vernalization now (VERN=47.688571).
[2026-03-13 14:34:30,680][pcse.crop.phenology.Vernalisation][INFO] - Critical DVS for vernalization (VERNDVS) reached at day 1984-06-16, but vernalization requirements not yet fulfilled. Forcing vernalization now (VERN=47.688571).
[2026-03-13 14:34:30,700][pcse.crop.phenology.Vernalisation][INFO] - Critical DVS for vernalization (VERNDVS) reached at day 1984-06-17, but vernalization requirements not yet fulfilled. Forcing vernalization now (VERN=47.688571).
[2026-03-13 14:34:30,719][pcse.crop.phenology.Vernalisation][INFO] - Critical DVS for vernalization (VERNDVS) reached at day 1984-06-18, but vernalization requirements not yet fulfilled. Forcing vernalization now (VERN=47.688571).
[2026-03-13 14:34:30,740][pcse.crop.phenology.Vernalisation][INFO] - Critical DVS for vernalization (VERNDVS) reached at day 1984-06-19, but vernalization requirements not yet fulfilled. Forcing vernalization now (VERN=47.688571).
[2026-03-13 14:34:30,759][pcse.crop.phenology.Vernalisation][INFO] - Critical DVS for vernalization (VERNDVS) reached at day 1984-06-20, but vernalization requirements not yet fulfilled. Forcing vernalization now (VERN=47.688571).
[2026-03-13 14:34:30,779][pcse.crop.phenology.Vernalisation][INFO] - Critical DVS for vernalization (VERNDVS) reached at day 1984-06-21, but vernalization requirements not yet fulfilled. Forcing vernalization now (VERN=47.688571).
[2026-03-13 14:34:30,799][pcse.crop.phenology.Vernalisation][INFO] - Critical DVS for vernalization (VERNDVS) reached at day 1984-06-22, but vernalization requirements not yet fulfilled. Forcing vernalization now (VERN=47.688571).
[2026-03-13 14:34:30,819][pcse.crop.phenology.Vernalisation][INFO] - Critical DVS for vernalization (VERNDVS) reached at day 1984-06-23, but vernalization requirements not yet fulfilled. Forcing vernalization now (VERN=47.688571).
[2026-03-13 14:34:30,838][pcse.crop.phenology.Vernalisation][INFO] - Critical DVS for vernalization (VERNDVS) reached at day 1984-06-24, but vernalization requirements not yet fulfilled. Forcing vernalization now (VERN=47.688571).
[2026-03-13 14:34:30,858][pcse.crop.phenology.Vernalisation][INFO] - Critical DVS for vernalization (VERNDVS) reached at day 1984-06-25, but vernalization requirements not yet fulfilled. Forcing vernalization now (VERN=47.688571).
[2026-03-13 14:34:30,878][pcse.crop.phenology.Vernalisation][INFO] - Critical DVS for vernalization (VERNDVS) reached at day 1984-06-26, but vernalization requirements not yet fulfilled. Forcing vernalization now (VERN=47.688571).
[2026-03-13 14:34:30,898][pcse.crop.phenology.Vernalisation][INFO] - Critical DVS for vernalization (VERNDVS) reached at day 1984-06-27, but vernalization requirements not yet fulfilled. Forcing vernalization now (VERN=47.688571).
[2026-03-13 14:34:30,918][pcse.crop.phenology.Vernalisation][INFO] - Critical DVS for vernalization (VERNDVS) reached at day 1984-06-28, but vernalization requirements not yet fulfilled. Forcing vernalization now (VERN=47.688571).
[2026-03-13 14:34:30,937][pcse.crop.phenology.Vernalisation][INFO] - Critical DVS for vernalization (VERNDVS) reached at day 1984-06-29, but vernalization requirements not yet fulfilled. Forcing vernalization now (VERN=47.688571).
[2026-03-13 14:34:30,937][pcse.crop.phenology.Annual_Phenology][INFO] - Changed phenological stage 'vegetative' to 'reproductive' on 1984-06-29
[DBG] step=11500 r_hat=-56.630096
[2026-03-13 14:34:32,425][pcse.crop.phenology.Annual_Phenology][INFO] - Changed phenological stage 'reproductive' to 'mature' on 1984-09-13
[2026-03-13 14:34:32,759][pcse.base.timer.Timer][INFO] - Reached end of simulation period as specified by END_DATE.
| train          | E: 48 | S: 11568 | R: -10042.1443 | TR: 15.8611 | TF: 512 | LR: 512 | NR: 0 | D: 05.0 s | TD: 00.0 s | BR: -12.9165 | ALOSS: 17384.3313 | CLOSS: 2433399.1661 | TLOSS: -170.6947 | TVAL: 0.1690 | AENT: -1010.9683 | BCLOSS: 0.0000
[2026-03-13 14:34:32,767][pcse.agromanager.SoilCalendar][INFO] - Starting soil (oregon) with variation (oregon_1) on day 1984-02-01
[2026-03-13 14:34:32,769][pcse.agromanager.CropCalendar][INFO] - Starting crop (wheat) with variety (wheat_1) on day 1984-02-01
[2026-03-13 14:34:34,536][pcse.crop.phenology.Annual_Phenology][INFO] - Changed phenological stage 'emerging' to 'vegetative' on 1984-04-10
[2026-03-13 14:34:35,628][pcse.crop.phenology.Vernalisation][INFO] - Critical DVS for vernalization (VERNDVS) reached at day 1984-06-02, but vernalization requirements not yet fulfilled. Forcing vernalization now (VERN=47.688571).
[2026-03-13 14:34:35,648][pcse.crop.phenology.Vernalisation][INFO] - Critical DVS for vernalization (VERNDVS) reached at day 1984-06-03, but vernalization requirements not yet fulfilled. Forcing vernalization now (VERN=47.688571).
[2026-03-13 14:34:35,668][pcse.crop.phenology.Vernalisation][INFO] - Critical DVS for vernalization (VERNDVS) reached at day 1984-06-04, but vernalization requirements not yet fulfilled. Forcing vernalization now (VERN=47.688571).
[2026-03-13 14:34:35,687][pcse.crop.phenology.Vernalisation][INFO] - Critical DVS for vernalization (VERNDVS) reached at day 1984-06-05, but vernalization requirements not yet fulfilled. Forcing vernalization now (VERN=47.688571).
[2026-03-13 14:34:35,709][pcse.crop.phenology.Vernalisation][INFO] - Critical DVS for vernalization (VERNDVS) reached at day 1984-06-06, but vernalization requirements not yet fulfilled. Forcing vernalization now (VERN=47.688571).
[2026-03-13 14:34:35,730][pcse.crop.phenology.Vernalisation][INFO] - Critical DVS for vernalization (VERNDVS) reached at day 1984-06-07, but vernalization requirements not yet fulfilled. Forcing vernalization now (VERN=47.688571).
[2026-03-13 14:34:35,751][pcse.crop.phenology.Vernalisation][INFO] - Critical DVS for vernalization (VERNDVS) reached at day 1984-06-08, but vernalization requirements not yet fulfilled. Forcing vernalization now (VERN=47.688571).
[2026-03-13 14:34:35,771][pcse.crop.phenology.Vernalisation][INFO] - Critical DVS for vernalization (VERNDVS) reached at day 1984-06-09, but vernalization requirements not yet fulfilled. Forcing vernalization now (VERN=47.688571).
[2026-03-13 14:34:35,792][pcse.crop.phenology.Vernalisation][INFO] - Critical DVS for vernalization (VERNDVS) reached at day 1984-06-10, but vernalization requirements not yet fulfilled. Forcing vernalization now (VERN=47.688571).
[2026-03-13 14:34:35,813][pcse.crop.phenology.Vernalisation][INFO] - Critical DVS for vernalization (VERNDVS) reached at day 1984-06-11, but vernalization requirements not yet fulfilled. Forcing vernalization now (VERN=47.688571).
[2026-03-13 14:34:35,833][pcse.crop.phenology.Vernalisation][INFO] - Critical DVS for vernalization (VERNDVS) reached at day 1984-06-12, but vernalization requirements not yet fulfilled. Forcing vernalization now (VERN=47.688571).
[2026-03-13 14:34:35,854][pcse.crop.phenology.Vernalisation][INFO] - Critical DVS for vernalization (VERNDVS) reached at day 1984-06-13, but vernalization requirements not yet fulfilled. Forcing vernalization now (VERN=47.688571).
[2026-03-13 14:34:35,875][pcse.crop.phenology.Vernalisation][INFO] - Critical DVS for vernalization (VERNDVS) reached at day 1984-06-14, but vernalization requirements not yet fulfilled. Forcing vernalization now (VERN=47.688571).
[2026-03-13 14:34:35,896][pcse.crop.phenology.Vernalisation][INFO] - Critical DVS for vernalization (VERNDVS) reached at day 1984-06-15, but vernalization requirements not yet fulfilled. Forcing vernalization now (VERN=47.688571).
[2026-03-13 14:34:35,916][pcse.crop.phenology.Vernalisation][INFO] - Critical DVS for vernalization (VERNDVS) reached at day 1984-06-16, but vernalization requirements not yet fulfilled. Forcing vernalization now (VERN=47.688571).
[2026-03-13 14:34:35,937][pcse.crop.phenology.Vernalisation][INFO] - Critical DVS for vernalization (VERNDVS) reached at day 1984-06-17, but vernalization requirements not yet fulfilled. Forcing vernalization now (VERN=47.688571).
[2026-03-13 14:34:35,958][pcse.crop.phenology.Vernalisation][INFO] - Critical DVS for vernalization (VERNDVS) reached at day 1984-06-18, but vernalization requirements not yet fulfilled. Forcing vernalization now (VERN=47.688571).
[2026-03-13 14:34:35,979][pcse.crop.phenology.Vernalisation][INFO] - Critical DVS for vernalization (VERNDVS) reached at day 1984-06-19, but vernalization requirements not yet fulfilled. Forcing vernalization now (VERN=47.688571).
[2026-03-13 14:34:35,999][pcse.crop.phenology.Vernalisation][INFO] - Critical DVS for vernalization (VERNDVS) reached at day 1984-06-20, but vernalization requirements not yet fulfilled. Forcing vernalization now (VERN=47.688571).
[2026-03-13 14:34:36,020][pcse.crop.phenology.Vernalisation][INFO] - Critical DVS for vernalization (VERNDVS) reached at day 1984-06-21, but vernalization requirements not yet fulfilled. Forcing vernalization now (VERN=47.688571).
[2026-03-13 14:34:36,041][pcse.crop.phenology.Vernalisation][INFO] - Critical DVS for vernalization (VERNDVS) reached at day 1984-06-22, but vernalization requirements not yet fulfilled. Forcing vernalization now (VERN=47.688571).
[2026-03-13 14:34:36,062][pcse.crop.phenology.Vernalisation][INFO] - Critical DVS for vernalization (VERNDVS) reached at day 1984-06-23, but vernalization requirements not yet fulfilled. Forcing vernalization now (VERN=47.688571).
[2026-03-13 14:34:36,083][pcse.crop.phenology.Vernalisation][INFO] - Critical DVS for vernalization (VERNDVS) reached at day 1984-06-24, but vernalization requirements not yet fulfilled. Forcing vernalization now (VERN=47.688571).
[2026-03-13 14:34:36,103][pcse.crop.phenology.Vernalisation][INFO] - Critical DVS for vernalization (VERNDVS) reached at day 1984-06-25, but vernalization requirements not yet fulfilled. Forcing vernalization now (VERN=47.688571).
[2026-03-13 14:34:36,124][pcse.crop.phenology.Vernalisation][INFO] - Critical DVS for vernalization (VERNDVS) reached at day 1984-06-26, but vernalization requirements not yet fulfilled. Forcing vernalization now (VERN=47.688571).
[2026-03-13 14:34:36,144][pcse.crop.phenology.Vernalisation][INFO] - Critical DVS for vernalization (VERNDVS) reached at day 1984-06-27, but vernalization requirements not yet fulfilled. Forcing vernalization now (VERN=47.688571).
[2026-03-13 14:34:36,166][pcse.crop.phenology.Vernalisation][INFO] - Critical DVS for vernalization (VERNDVS) reached at day 1984-06-28, but vernalization requirements not yet fulfilled. Forcing vernalization now (VERN=47.688571).
[2026-03-13 14:34:36,184][pcse.crop.phenology.Vernalisation][INFO] - Critical DVS for vernalization (VERNDVS) reached at day 1984-06-29, but vernalization requirements not yet fulfilled. Forcing vernalization now (VERN=47.688571).
[2026-03-13 14:34:36,184][pcse.crop.phenology.Annual_Phenology][INFO] - Changed phenological stage 'vegetative' to 'reproductive' on 1984-06-29
[2026-03-13 14:34:37,750][pcse.crop.phenology.Annual_Phenology][INFO] - Changed phenological stage 'reproductive' to 'mature' on 1984-09-13
[2026-03-13 14:34:38,464][pcse.base.timer.Timer][INFO] - Reached end of simulation period as specified by END_DATE.
| train          | E: 49 | S: 11809 | R: -9985.0235 | TR: 12.0835 | TF: 512 | LR: 512 | NR: 0 | D: 05.7 s | TD: 00.0 s | BR: -13.5266 | ALOSS: 17327.6887 | CLOSS: 2660455.1826 | TLOSS: -171.5255 | TVAL: 0.1731 | AENT: -992.1182 | BCLOSS: 0.0000
[2026-03-13 14:34:38,469][pcse.agromanager.SoilCalendar][INFO] - Starting soil (oregon) with variation (oregon_1) on day 1984-02-01
[2026-03-13 14:34:38,470][pcse.agromanager.CropCalendar][INFO] - Starting crop (wheat) with variety (wheat_1) on day 1984-02-01
[2026-03-13 14:34:39,504][pcse.crop.phenology.Annual_Phenology][INFO] - Changed phenological stage 'emerging' to 'vegetative' on 1984-04-10
[2026-03-13 14:34:40,215][pcse.crop.phenology.Vernalisation][INFO] - Critical DVS for vernalization (VERNDVS) reached at day 1984-06-02, but vernalization requirements not yet fulfilled. Forcing vernalization now (VERN=47.688571).
[2026-03-13 14:34:40,228][pcse.crop.phenology.Vernalisation][INFO] - Critical DVS for vernalization (VERNDVS) reached at day 1984-06-03, but vernalization requirements not yet fulfilled. Forcing vernalization now (VERN=47.688571).
[2026-03-13 14:34:40,242][pcse.crop.phenology.Vernalisation][INFO] - Critical DVS for vernalization (VERNDVS) reached at day 1984-06-04, but vernalization requirements not yet fulfilled. Forcing vernalization now (VERN=47.688571).
[2026-03-13 14:34:40,256][pcse.crop.phenology.Vernalisation][INFO] - Critical DVS for vernalization (VERNDVS) reached at day 1984-06-05, but vernalization requirements not yet fulfilled. Forcing vernalization now (VERN=47.688571).
[2026-03-13 14:34:40,269][pcse.crop.phenology.Vernalisation][INFO] - Critical DVS for vernalization (VERNDVS) reached at day 1984-06-06, but vernalization requirements not yet fulfilled. Forcing vernalization now (VERN=47.688571).
[2026-03-13 14:34:40,283][pcse.crop.phenology.Vernalisation][INFO] - Critical DVS for vernalization (VERNDVS) reached at day 1984-06-07, but vernalization requirements not yet fulfilled. Forcing vernalization now (VERN=47.688571).
[2026-03-13 14:34:40,297][pcse.crop.phenology.Vernalisation][INFO] - Critical DVS for vernalization (VERNDVS) reached at day 1984-06-08, but vernalization requirements not yet fulfilled. Forcing vernalization now (VERN=47.688571).
[2026-03-13 14:34:40,311][pcse.crop.phenology.Vernalisation][INFO] - Critical DVS for vernalization (VERNDVS) reached at day 1984-06-09, but vernalization requirements not yet fulfilled. Forcing vernalization now (VERN=47.688571).
[2026-03-13 14:34:40,325][pcse.crop.phenology.Vernalisation][INFO] - Critical DVS for vernalization (VERNDVS) reached at day 1984-06-10, but vernalization requirements not yet fulfilled. Forcing vernalization now (VERN=47.688571).
[2026-03-13 14:34:40,338][pcse.crop.phenology.Vernalisation][INFO] - Critical DVS for vernalization (VERNDVS) reached at day 1984-06-11, but vernalization requirements not yet fulfilled. Forcing vernalization now (VERN=47.688571).
[2026-03-13 14:34:40,352][pcse.crop.phenology.Vernalisation][INFO] - Critical DVS for vernalization (VERNDVS) reached at day 1984-06-12, but vernalization requirements not yet fulfilled. Forcing vernalization now (VERN=47.688571).
[2026-03-13 14:34:40,366][pcse.crop.phenology.Vernalisation][INFO] - Critical DVS for vernalization (VERNDVS) reached at day 1984-06-13, but vernalization requirements not yet fulfilled. Forcing vernalization now (VERN=47.688571).
[2026-03-13 14:34:40,380][pcse.crop.phenology.Vernalisation][INFO] - Critical DVS for vernalization (VERNDVS) reached at day 1984-06-14, but vernalization requirements not yet fulfilled. Forcing vernalization now (VERN=47.688571).
[2026-03-13 14:34:40,394][pcse.crop.phenology.Vernalisation][INFO] - Critical DVS for vernalization (VERNDVS) reached at day 1984-06-15, but vernalization requirements not yet fulfilled. Forcing vernalization now (VERN=47.688571).
[2026-03-13 14:34:40,407][pcse.crop.phenology.Vernalisation][INFO] - Critical DVS for vernalization (VERNDVS) reached at day 1984-06-16, but vernalization requirements not yet fulfilled. Forcing vernalization now (VERN=47.688571).
[2026-03-13 14:34:40,421][pcse.crop.phenology.Vernalisation][INFO] - Critical DVS for vernalization (VERNDVS) reached at day 1984-06-17, but vernalization requirements not yet fulfilled. Forcing vernalization now (VERN=47.688571).
[2026-03-13 14:34:40,435][pcse.crop.phenology.Vernalisation][INFO] - Critical DVS for vernalization (VERNDVS) reached at day 1984-06-18, but vernalization requirements not yet fulfilled. Forcing vernalization now (VERN=47.688571).
[2026-03-13 14:34:40,448][pcse.crop.phenology.Vernalisation][INFO] - Critical DVS for vernalization (VERNDVS) reached at day 1984-06-19, but vernalization requirements not yet fulfilled. Forcing vernalization now (VERN=47.688571).
[2026-03-13 14:34:40,462][pcse.crop.phenology.Vernalisation][INFO] - Critical DVS for vernalization (VERNDVS) reached at day 1984-06-20, but vernalization requirements not yet fulfilled. Forcing vernalization now (VERN=47.688571).
[2026-03-13 14:34:40,475][pcse.crop.phenology.Vernalisation][INFO] - Critical DVS for vernalization (VERNDVS) reached at day 1984-06-21, but vernalization requirements not yet fulfilled. Forcing vernalization now (VERN=47.688571).
[2026-03-13 14:34:40,489][pcse.crop.phenology.Vernalisation][INFO] - Critical DVS for vernalization (VERNDVS) reached at day 1984-06-22, but vernalization requirements not yet fulfilled. Forcing vernalization now (VERN=47.688571).
[2026-03-13 14:34:40,502][pcse.crop.phenology.Vernalisation][INFO] - Critical DVS for vernalization (VERNDVS) reached at day 1984-06-23, but vernalization requirements not yet fulfilled. Forcing vernalization now (VERN=47.688571).
[2026-03-13 14:34:40,516][pcse.crop.phenology.Vernalisation][INFO] - Critical DVS for vernalization (VERNDVS) reached at day 1984-06-24, but vernalization requirements not yet fulfilled. Forcing vernalization now (VERN=47.688571).
[2026-03-13 14:34:40,530][pcse.crop.phenology.Vernalisation][INFO] - Critical DVS for vernalization (VERNDVS) reached at day 1984-06-25, but vernalization requirements not yet fulfilled. Forcing vernalization now (VERN=47.688571).
[2026-03-13 14:34:40,543][pcse.crop.phenology.Vernalisation][INFO] - Critical DVS for vernalization (VERNDVS) reached at day 1984-06-26, but vernalization requirements not yet fulfilled. Forcing vernalization now (VERN=47.688571).
[2026-03-13 14:34:40,557][pcse.crop.phenology.Vernalisation][INFO] - Critical DVS for vernalization (VERNDVS) reached at day 1984-06-27, but vernalization requirements not yet fulfilled. Forcing vernalization now (VERN=47.688571).
[2026-03-13 14:34:40,571][pcse.crop.phenology.Vernalisation][INFO] - Critical DVS for vernalization (VERNDVS) reached at day 1984-06-28, but vernalization requirements not yet fulfilled. Forcing vernalization now (VERN=47.688571).
[2026-03-13 14:34:40,585][pcse.crop.phenology.Vernalisation][INFO] - Critical DVS for vernalization (VERNDVS) reached at day 1984-06-29, but vernalization requirements not yet fulfilled. Forcing vernalization now (VERN=47.688571).
[2026-03-13 14:34:40,585][pcse.crop.phenology.Annual_Phenology][INFO] - Changed phenological stage 'vegetative' to 'reproductive' on 1984-06-29
[DBG] step=12000 r_hat=-58.744202
[2026-03-13 14:34:42,030][pcse.crop.phenology.Annual_Phenology][INFO] - Changed phenological stage 'reproductive' to 'mature' on 1984-09-13
[2026-03-13 14:34:42,291][pcse.base.timer.Timer][INFO] - Reached end of simulation period as specified by END_DATE.
| train          | E: 50 | S: 12050 | R: -9671.5522 | TR: 20.7111 | TF: 512 | LR: 512 | NR: 0 | D: 03.8 s | TD: 00.0 s | BR: -13.8407 | ALOSS: 17171.7650 | CLOSS: 2549803.1864 | TLOSS: -176.1327 | TVAL: 0.1773 | AENT: -994.5685 | BCLOSS: 0.0000
[2026-03-13 14:34:42,298][pcse.agromanager.SoilCalendar][INFO] - Starting soil (oregon) with variation (oregon_1) on day 1984-02-01
[2026-03-13 14:34:42,300][pcse.agromanager.CropCalendar][INFO] - Starting crop (wheat) with variety (wheat_1) on day 1984-02-01
[2026-03-13 14:34:43,558][pcse.crop.phenology.Annual_Phenology][INFO] - Changed phenological stage 'emerging' to 'vegetative' on 1984-04-10
[2026-03-13 14:34:44,371][pcse.crop.phenology.Vernalisation][INFO] - Critical DVS for vernalization (VERNDVS) reached at day 1984-06-02, but vernalization requirements not yet fulfilled. Forcing vernalization now (VERN=47.688571).
[2026-03-13 14:34:44,387][pcse.crop.phenology.Vernalisation][INFO] - Critical DVS for vernalization (VERNDVS) reached at day 1984-06-03, but vernalization requirements not yet fulfilled. Forcing vernalization now (VERN=47.688571).
[2026-03-13 14:34:44,403][pcse.crop.phenology.Vernalisation][INFO] - Critical DVS for vernalization (VERNDVS) reached at day 1984-06-04, but vernalization requirements not yet fulfilled. Forcing vernalization now (VERN=47.688571).
[2026-03-13 14:34:44,418][pcse.crop.phenology.Vernalisation][INFO] - Critical DVS for vernalization (VERNDVS) reached at day 1984-06-05, but vernalization requirements not yet fulfilled. Forcing vernalization now (VERN=47.688571).
[2026-03-13 14:34:44,434][pcse.crop.phenology.Vernalisation][INFO] - Critical DVS for vernalization (VERNDVS) reached at day 1984-06-06, but vernalization requirements not yet fulfilled. Forcing vernalization now (VERN=47.688571).
[2026-03-13 14:34:44,450][pcse.crop.phenology.Vernalisation][INFO] - Critical DVS for vernalization (VERNDVS) reached at day 1984-06-07, but vernalization requirements not yet fulfilled. Forcing vernalization now (VERN=47.688571).
[2026-03-13 14:34:44,466][pcse.crop.phenology.Vernalisation][INFO] - Critical DVS for vernalization (VERNDVS) reached at day 1984-06-08, but vernalization requirements not yet fulfilled. Forcing vernalization now (VERN=47.688571).
[2026-03-13 14:34:44,481][pcse.crop.phenology.Vernalisation][INFO] - Critical DVS for vernalization (VERNDVS) reached at day 1984-06-09, but vernalization requirements not yet fulfilled. Forcing vernalization now (VERN=47.688571).
[2026-03-13 14:34:44,497][pcse.crop.phenology.Vernalisation][INFO] - Critical DVS for vernalization (VERNDVS) reached at day 1984-06-10, but vernalization requirements not yet fulfilled. Forcing vernalization now (VERN=47.688571).
[2026-03-13 14:34:44,513][pcse.crop.phenology.Vernalisation][INFO] - Critical DVS for vernalization (VERNDVS) reached at day 1984-06-11, but vernalization requirements not yet fulfilled. Forcing vernalization now (VERN=47.688571).
[2026-03-13 14:34:44,529][pcse.crop.phenology.Vernalisation][INFO] - Critical DVS for vernalization (VERNDVS) reached at day 1984-06-12, but vernalization requirements not yet fulfilled. Forcing vernalization now (VERN=47.688571).
[2026-03-13 14:34:44,545][pcse.crop.phenology.Vernalisation][INFO] - Critical DVS for vernalization (VERNDVS) reached at day 1984-06-13, but vernalization requirements not yet fulfilled. Forcing vernalization now (VERN=47.688571).
[2026-03-13 14:34:44,560][pcse.crop.phenology.Vernalisation][INFO] - Critical DVS for vernalization (VERNDVS) reached at day 1984-06-14, but vernalization requirements not yet fulfilled. Forcing vernalization now (VERN=47.688571).
[2026-03-13 14:34:44,576][pcse.crop.phenology.Vernalisation][INFO] - Critical DVS for vernalization (VERNDVS) reached at day 1984-06-15, but vernalization requirements not yet fulfilled. Forcing vernalization now (VERN=47.688571).
[2026-03-13 14:34:44,592][pcse.crop.phenology.Vernalisation][INFO] - Critical DVS for vernalization (VERNDVS) reached at day 1984-06-16, but vernalization requirements not yet fulfilled. Forcing vernalization now (VERN=47.688571).
[2026-03-13 14:34:44,607][pcse.crop.phenology.Vernalisation][INFO] - Critical DVS for vernalization (VERNDVS) reached at day 1984-06-17, but vernalization requirements not yet fulfilled. Forcing vernalization now (VERN=47.688571).
[2026-03-13 14:34:44,623][pcse.crop.phenology.Vernalisation][INFO] - Critical DVS for vernalization (VERNDVS) reached at day 1984-06-18, but vernalization requirements not yet fulfilled. Forcing vernalization now (VERN=47.688571).
[2026-03-13 14:34:44,638][pcse.crop.phenology.Vernalisation][INFO] - Critical DVS for vernalization (VERNDVS) reached at day 1984-06-19, but vernalization requirements not yet fulfilled. Forcing vernalization now (VERN=47.688571).
[2026-03-13 14:34:44,654][pcse.crop.phenology.Vernalisation][INFO] - Critical DVS for vernalization (VERNDVS) reached at day 1984-06-20, but vernalization requirements not yet fulfilled. Forcing vernalization now (VERN=47.688571).
[2026-03-13 14:34:44,669][pcse.crop.phenology.Vernalisation][INFO] - Critical DVS for vernalization (VERNDVS) reached at day 1984-06-21, but vernalization requirements not yet fulfilled. Forcing vernalization now (VERN=47.688571).
[2026-03-13 14:34:44,685][pcse.crop.phenology.Vernalisation][INFO] - Critical DVS for vernalization (VERNDVS) reached at day 1984-06-22, but vernalization requirements not yet fulfilled. Forcing vernalization now (VERN=47.688571).
[2026-03-13 14:34:44,701][pcse.crop.phenology.Vernalisation][INFO] - Critical DVS for vernalization (VERNDVS) reached at day 1984-06-23, but vernalization requirements not yet fulfilled. Forcing vernalization now (VERN=47.688571).
[2026-03-13 14:34:44,716][pcse.crop.phenology.Vernalisation][INFO] - Critical DVS for vernalization (VERNDVS) reached at day 1984-06-24, but vernalization requirements not yet fulfilled. Forcing vernalization now (VERN=47.688571).
[2026-03-13 14:34:44,731][pcse.crop.phenology.Vernalisation][INFO] - Critical DVS for vernalization (VERNDVS) reached at day 1984-06-25, but vernalization requirements not yet fulfilled. Forcing vernalization now (VERN=47.688571).
[2026-03-13 14:34:44,747][pcse.crop.phenology.Vernalisation][INFO] - Critical DVS for vernalization (VERNDVS) reached at day 1984-06-26, but vernalization requirements not yet fulfilled. Forcing vernalization now (VERN=47.688571).
[2026-03-13 14:34:44,762][pcse.crop.phenology.Vernalisation][INFO] - Critical DVS for vernalization (VERNDVS) reached at day 1984-06-27, but vernalization requirements not yet fulfilled. Forcing vernalization now (VERN=47.688571).
[2026-03-13 14:34:44,778][pcse.crop.phenology.Vernalisation][INFO] - Critical DVS for vernalization (VERNDVS) reached at day 1984-06-28, but vernalization requirements not yet fulfilled. Forcing vernalization now (VERN=47.688571).
[2026-03-13 14:34:44,793][pcse.crop.phenology.Vernalisation][INFO] - Critical DVS for vernalization (VERNDVS) reached at day 1984-06-29, but vernalization requirements not yet fulfilled. Forcing vernalization now (VERN=47.688571).
[2026-03-13 14:34:44,794][pcse.crop.phenology.Annual_Phenology][INFO] - Changed phenological stage 'vegetative' to 'reproductive' on 1984-06-29
[2026-03-13 14:34:46,284][pcse.crop.phenology.Annual_Phenology][INFO] - Changed phenological stage 'reproductive' to 'mature' on 1984-09-13
[2026-03-13 14:34:46,545][pcse.base.timer.Timer][INFO] - Reached end of simulation period as specified by END_DATE.
| train          | E: 51 | S: 12291 | R: -9547.2881 | TR: 19.8974 | TF: 512 | LR: 512 | NR: 0 | D: 04.3 s | TD: 00.0 s | BR: -14.5306 | ALOSS: 17144.6151 | CLOSS: 2289826.4932 | TLOSS: -175.7086 | TVAL: 0.1816 | AENT: -968.5931 | BCLOSS: 0.0000
[2026-03-13 14:34:46,552][pcse.agromanager.SoilCalendar][INFO] - Starting soil (oregon) with variation (oregon_1) on day 1984-02-01
[2026-03-13 14:34:46,554][pcse.agromanager.CropCalendar][INFO] - Starting crop (wheat) with variety (wheat_1) on day 1984-02-01
[2026-03-13 14:34:47,805][pcse.crop.phenology.Annual_Phenology][INFO] - Changed phenological stage 'emerging' to 'vegetative' on 1984-04-10
[2026-03-13 14:34:48,892][pcse.crop.phenology.Vernalisation][INFO] - Critical DVS for vernalization (VERNDVS) reached at day 1984-06-02, but vernalization requirements not yet fulfilled. Forcing vernalization now (VERN=47.688571).
[2026-03-13 14:34:48,908][pcse.crop.phenology.Vernalisation][INFO] - Critical DVS for vernalization (VERNDVS) reached at day 1984-06-03, but vernalization requirements not yet fulfilled. Forcing vernalization now (VERN=47.688571).
[2026-03-13 14:34:48,923][pcse.crop.phenology.Vernalisation][INFO] - Critical DVS for vernalization (VERNDVS) reached at day 1984-06-04, but vernalization requirements not yet fulfilled. Forcing vernalization now (VERN=47.688571).
[2026-03-13 14:34:48,941][pcse.crop.phenology.Vernalisation][INFO] - Critical DVS for vernalization (VERNDVS) reached at day 1984-06-05, but vernalization requirements not yet fulfilled. Forcing vernalization now (VERN=47.688571).
[2026-03-13 14:34:48,960][pcse.crop.phenology.Vernalisation][INFO] - Critical DVS for vernalization (VERNDVS) reached at day 1984-06-06, but vernalization requirements not yet fulfilled. Forcing vernalization now (VERN=47.688571).
[2026-03-13 14:34:48,976][pcse.crop.phenology.Vernalisation][INFO] - Critical DVS for vernalization (VERNDVS) reached at day 1984-06-07, but vernalization requirements not yet fulfilled. Forcing vernalization now (VERN=47.688571).
[2026-03-13 14:34:48,991][pcse.crop.phenology.Vernalisation][INFO] - Critical DVS for vernalization (VERNDVS) reached at day 1984-06-08, but vernalization requirements not yet fulfilled. Forcing vernalization now (VERN=47.688571).
[2026-03-13 14:34:49,007][pcse.crop.phenology.Vernalisation][INFO] - Critical DVS for vernalization (VERNDVS) reached at day 1984-06-09, but vernalization requirements not yet fulfilled. Forcing vernalization now (VERN=47.688571).
[2026-03-13 14:34:49,023][pcse.crop.phenology.Vernalisation][INFO] - Critical DVS for vernalization (VERNDVS) reached at day 1984-06-10, but vernalization requirements not yet fulfilled. Forcing vernalization now (VERN=47.688571).
[2026-03-13 14:34:49,039][pcse.crop.phenology.Vernalisation][INFO] - Critical DVS for vernalization (VERNDVS) reached at day 1984-06-11, but vernalization requirements not yet fulfilled. Forcing vernalization now (VERN=47.688571).
[2026-03-13 14:34:49,056][pcse.crop.phenology.Vernalisation][INFO] - Critical DVS for vernalization (VERNDVS) reached at day 1984-06-12, but vernalization requirements not yet fulfilled. Forcing vernalization now (VERN=47.688571).
[2026-03-13 14:34:49,071][pcse.crop.phenology.Vernalisation][INFO] - Critical DVS for vernalization (VERNDVS) reached at day 1984-06-13, but vernalization requirements not yet fulfilled. Forcing vernalization now (VERN=47.688571).
[2026-03-13 14:34:49,087][pcse.crop.phenology.Vernalisation][INFO] - Critical DVS for vernalization (VERNDVS) reached at day 1984-06-14, but vernalization requirements not yet fulfilled. Forcing vernalization now (VERN=47.688571).
[2026-03-13 14:34:49,103][pcse.crop.phenology.Vernalisation][INFO] - Critical DVS for vernalization (VERNDVS) reached at day 1984-06-15, but vernalization requirements not yet fulfilled. Forcing vernalization now (VERN=47.688571).
[2026-03-13 14:34:49,119][pcse.crop.phenology.Vernalisation][INFO] - Critical DVS for vernalization (VERNDVS) reached at day 1984-06-16, but vernalization requirements not yet fulfilled. Forcing vernalization now (VERN=47.688571).
[2026-03-13 14:34:49,134][pcse.crop.phenology.Vernalisation][INFO] - Critical DVS for vernalization (VERNDVS) reached at day 1984-06-17, but vernalization requirements not yet fulfilled. Forcing vernalization now (VERN=47.688571).
[2026-03-13 14:34:49,150][pcse.crop.phenology.Vernalisation][INFO] - Critical DVS for vernalization (VERNDVS) reached at day 1984-06-18, but vernalization requirements not yet fulfilled. Forcing vernalization now (VERN=47.688571).
[2026-03-13 14:34:49,166][pcse.crop.phenology.Vernalisation][INFO] - Critical DVS for vernalization (VERNDVS) reached at day 1984-06-19, but vernalization requirements not yet fulfilled. Forcing vernalization now (VERN=47.688571).
[2026-03-13 14:34:49,181][pcse.crop.phenology.Vernalisation][INFO] - Critical DVS for vernalization (VERNDVS) reached at day 1984-06-20, but vernalization requirements not yet fulfilled. Forcing vernalization now (VERN=47.688571).
[2026-03-13 14:34:49,198][pcse.crop.phenology.Vernalisation][INFO] - Critical DVS for vernalization (VERNDVS) reached at day 1984-06-21, but vernalization requirements not yet fulfilled. Forcing vernalization now (VERN=47.688571).
[2026-03-13 14:34:49,214][pcse.crop.phenology.Vernalisation][INFO] - Critical DVS for vernalization (VERNDVS) reached at day 1984-06-22, but vernalization requirements not yet fulfilled. Forcing vernalization now (VERN=47.688571).
[2026-03-13 14:34:49,230][pcse.crop.phenology.Vernalisation][INFO] - Critical DVS for vernalization (VERNDVS) reached at day 1984-06-23, but vernalization requirements not yet fulfilled. Forcing vernalization now (VERN=47.688571).
[2026-03-13 14:34:49,246][pcse.crop.phenology.Vernalisation][INFO] - Critical DVS for vernalization (VERNDVS) reached at day 1984-06-24, but vernalization requirements not yet fulfilled. Forcing vernalization now (VERN=47.688571).
[2026-03-13 14:34:49,261][pcse.crop.phenology.Vernalisation][INFO] - Critical DVS for vernalization (VERNDVS) reached at day 1984-06-25, but vernalization requirements not yet fulfilled. Forcing vernalization now (VERN=47.688571).
[2026-03-13 14:34:49,277][pcse.crop.phenology.Vernalisation][INFO] - Critical DVS for vernalization (VERNDVS) reached at day 1984-06-26, but vernalization requirements not yet fulfilled. Forcing vernalization now (VERN=47.688571).
[2026-03-13 14:34:49,292][pcse.crop.phenology.Vernalisation][INFO] - Critical DVS for vernalization (VERNDVS) reached at day 1984-06-27, but vernalization requirements not yet fulfilled. Forcing vernalization now (VERN=47.688571).
[2026-03-13 14:34:49,308][pcse.crop.phenology.Vernalisation][INFO] - Critical DVS for vernalization (VERNDVS) reached at day 1984-06-28, but vernalization requirements not yet fulfilled. Forcing vernalization now (VERN=47.688571).
[2026-03-13 14:34:49,324][pcse.crop.phenology.Vernalisation][INFO] - Critical DVS for vernalization (VERNDVS) reached at day 1984-06-29, but vernalization requirements not yet fulfilled. Forcing vernalization now (VERN=47.688571).
[2026-03-13 14:34:49,324][pcse.crop.phenology.Annual_Phenology][INFO] - Changed phenological stage 'vegetative' to 'reproductive' on 1984-06-29
[DBG] step=12500 r_hat=-65.727486
[2026-03-13 14:34:50,507][pcse.crop.phenology.Annual_Phenology][INFO] - Changed phenological stage 'reproductive' to 'mature' on 1984-09-13
[2026-03-13 14:34:50,772][pcse.base.timer.Timer][INFO] - Reached end of simulation period as specified by END_DATE.
| train          | E: 52 | S: 12532 | R: -9642.3479 | TR: 15.8611 | TF: 512 | LR: 512 | NR: 0 | D: 04.2 s | TD: 00.0 s | BR: -14.8493 | ALOSS: 17089.4658 | CLOSS: 2396528.9943 | TLOSS: -176.9888 | TVAL: 0.1860 | AENT: -952.6334 | BCLOSS: 0.0000
[2026-03-13 14:34:50,779][pcse.agromanager.SoilCalendar][INFO] - Starting soil (oregon) with variation (oregon_1) on day 1984-02-01
[2026-03-13 14:34:50,781][pcse.agromanager.CropCalendar][INFO] - Starting crop (wheat) with variety (wheat_1) on day 1984-02-01
[2026-03-13 14:34:52,020][pcse.crop.phenology.Annual_Phenology][INFO] - Changed phenological stage 'emerging' to 'vegetative' on 1984-04-10
[2026-03-13 14:34:53,091][pcse.crop.phenology.Vernalisation][INFO] - Critical DVS for vernalization (VERNDVS) reached at day 1984-06-02, but vernalization requirements not yet fulfilled. Forcing vernalization now (VERN=47.688571).
[2026-03-13 14:34:53,106][pcse.crop.phenology.Vernalisation][INFO] - Critical DVS for vernalization (VERNDVS) reached at day 1984-06-03, but vernalization requirements not yet fulfilled. Forcing vernalization now (VERN=47.688571).
[2026-03-13 14:34:53,122][pcse.crop.phenology.Vernalisation][INFO] - Critical DVS for vernalization (VERNDVS) reached at day 1984-06-04, but vernalization requirements not yet fulfilled. Forcing vernalization now (VERN=47.688571).
[2026-03-13 14:34:53,137][pcse.crop.phenology.Vernalisation][INFO] - Critical DVS for vernalization (VERNDVS) reached at day 1984-06-05, but vernalization requirements not yet fulfilled. Forcing vernalization now (VERN=47.688571).
[2026-03-13 14:34:53,152][pcse.crop.phenology.Vernalisation][INFO] - Critical DVS for vernalization (VERNDVS) reached at day 1984-06-06, but vernalization requirements not yet fulfilled. Forcing vernalization now (VERN=47.688571).
[2026-03-13 14:34:53,168][pcse.crop.phenology.Vernalisation][INFO] - Critical DVS for vernalization (VERNDVS) reached at day 1984-06-07, but vernalization requirements not yet fulfilled. Forcing vernalization now (VERN=47.688571).
[2026-03-13 14:34:53,183][pcse.crop.phenology.Vernalisation][INFO] - Critical DVS for vernalization (VERNDVS) reached at day 1984-06-08, but vernalization requirements not yet fulfilled. Forcing vernalization now (VERN=47.688571).
[2026-03-13 14:34:53,199][pcse.crop.phenology.Vernalisation][INFO] - Critical DVS for vernalization (VERNDVS) reached at day 1984-06-09, but vernalization requirements not yet fulfilled. Forcing vernalization now (VERN=47.688571).
[2026-03-13 14:34:53,214][pcse.crop.phenology.Vernalisation][INFO] - Critical DVS for vernalization (VERNDVS) reached at day 1984-06-10, but vernalization requirements not yet fulfilled. Forcing vernalization now (VERN=47.688571).
[2026-03-13 14:34:53,230][pcse.crop.phenology.Vernalisation][INFO] - Critical DVS for vernalization (VERNDVS) reached at day 1984-06-11, but vernalization requirements not yet fulfilled. Forcing vernalization now (VERN=47.688571).
[2026-03-13 14:34:53,246][pcse.crop.phenology.Vernalisation][INFO] - Critical DVS for vernalization (VERNDVS) reached at day 1984-06-12, but vernalization requirements not yet fulfilled. Forcing vernalization now (VERN=47.688571).
[2026-03-13 14:34:53,261][pcse.crop.phenology.Vernalisation][INFO] - Critical DVS for vernalization (VERNDVS) reached at day 1984-06-13, but vernalization requirements not yet fulfilled. Forcing vernalization now (VERN=47.688571).
[2026-03-13 14:34:53,278][pcse.crop.phenology.Vernalisation][INFO] - Critical DVS for vernalization (VERNDVS) reached at day 1984-06-14, but vernalization requirements not yet fulfilled. Forcing vernalization now (VERN=47.688571).
[2026-03-13 14:34:53,293][pcse.crop.phenology.Vernalisation][INFO] - Critical DVS for vernalization (VERNDVS) reached at day 1984-06-15, but vernalization requirements not yet fulfilled. Forcing vernalization now (VERN=47.688571).
[2026-03-13 14:34:53,308][pcse.crop.phenology.Vernalisation][INFO] - Critical DVS for vernalization (VERNDVS) reached at day 1984-06-16, but vernalization requirements not yet fulfilled. Forcing vernalization now (VERN=47.688571).
[2026-03-13 14:34:53,324][pcse.crop.phenology.Vernalisation][INFO] - Critical DVS for vernalization (VERNDVS) reached at day 1984-06-17, but vernalization requirements not yet fulfilled. Forcing vernalization now (VERN=47.688571).
[2026-03-13 14:34:53,339][pcse.crop.phenology.Vernalisation][INFO] - Critical DVS for vernalization (VERNDVS) reached at day 1984-06-18, but vernalization requirements not yet fulfilled. Forcing vernalization now (VERN=47.688571).
[2026-03-13 14:34:53,354][pcse.crop.phenology.Vernalisation][INFO] - Critical DVS for vernalization (VERNDVS) reached at day 1984-06-19, but vernalization requirements not yet fulfilled. Forcing vernalization now (VERN=47.688571).
[2026-03-13 14:34:53,371][pcse.crop.phenology.Vernalisation][INFO] - Critical DVS for vernalization (VERNDVS) reached at day 1984-06-20, but vernalization requirements not yet fulfilled. Forcing vernalization now (VERN=47.688571).
[2026-03-13 14:34:53,388][pcse.crop.phenology.Vernalisation][INFO] - Critical DVS for vernalization (VERNDVS) reached at day 1984-06-21, but vernalization requirements not yet fulfilled. Forcing vernalization now (VERN=47.688571).
[2026-03-13 14:34:53,404][pcse.crop.phenology.Vernalisation][INFO] - Critical DVS for vernalization (VERNDVS) reached at day 1984-06-22, but vernalization requirements not yet fulfilled. Forcing vernalization now (VERN=47.688571).
[2026-03-13 14:34:53,419][pcse.crop.phenology.Vernalisation][INFO] - Critical DVS for vernalization (VERNDVS) reached at day 1984-06-23, but vernalization requirements not yet fulfilled. Forcing vernalization now (VERN=47.688571).
[2026-03-13 14:34:53,435][pcse.crop.phenology.Vernalisation][INFO] - Critical DVS for vernalization (VERNDVS) reached at day 1984-06-24, but vernalization requirements not yet fulfilled. Forcing vernalization now (VERN=47.688571).
[2026-03-13 14:34:53,450][pcse.crop.phenology.Vernalisation][INFO] - Critical DVS for vernalization (VERNDVS) reached at day 1984-06-25, but vernalization requirements not yet fulfilled. Forcing vernalization now (VERN=47.688571).
[2026-03-13 14:34:53,466][pcse.crop.phenology.Vernalisation][INFO] - Critical DVS for vernalization (VERNDVS) reached at day 1984-06-26, but vernalization requirements not yet fulfilled. Forcing vernalization now (VERN=47.688571).
[2026-03-13 14:34:53,482][pcse.crop.phenology.Vernalisation][INFO] - Critical DVS for vernalization (VERNDVS) reached at day 1984-06-27, but vernalization requirements not yet fulfilled. Forcing vernalization now (VERN=47.688571).
[2026-03-13 14:34:53,497][pcse.crop.phenology.Vernalisation][INFO] - Critical DVS for vernalization (VERNDVS) reached at day 1984-06-28, but vernalization requirements not yet fulfilled. Forcing vernalization now (VERN=47.688571).
[2026-03-13 14:34:53,513][pcse.crop.phenology.Vernalisation][INFO] - Critical DVS for vernalization (VERNDVS) reached at day 1984-06-29, but vernalization requirements not yet fulfilled. Forcing vernalization now (VERN=47.688571).
[2026-03-13 14:34:53,513][pcse.crop.phenology.Annual_Phenology][INFO] - Changed phenological stage 'vegetative' to 'reproductive' on 1984-06-29
[2026-03-13 14:34:54,690][pcse.crop.phenology.Annual_Phenology][INFO] - Changed phenological stage 'reproductive' to 'mature' on 1984-09-13
[2026-03-13 14:34:54,954][pcse.base.timer.Timer][INFO] - Reached end of simulation period as specified by END_DATE.
| train          | E: 53 | S: 12773 | R: -9589.3647 | TR: 12.0835 | TF: 512 | LR: 512 | NR: 0 | D: 04.2 s | TD: 00.0 s | BR: -15.5785 | ALOSS: 17072.0589 | CLOSS: 2252569.4770 | TLOSS: -177.9429 | TVAL: 0.1905 | AENT: -935.1966 | BCLOSS: 0.0000
[2026-03-13 14:34:54,961][pcse.agromanager.SoilCalendar][INFO] - Starting soil (oregon) with variation (oregon_1) on day 1984-02-01
[2026-03-13 14:34:54,965][pcse.agromanager.CropCalendar][INFO] - Starting crop (wheat) with variety (wheat_1) on day 1984-02-01
[2026-03-13 14:34:56,456][pcse.crop.phenology.Annual_Phenology][INFO] - Changed phenological stage 'emerging' to 'vegetative' on 1984-04-10
[2026-03-13 14:34:57,275][pcse.crop.phenology.Vernalisation][INFO] - Critical DVS for vernalization (VERNDVS) reached at day 1984-06-02, but vernalization requirements not yet fulfilled. Forcing vernalization now (VERN=47.688571).
[2026-03-13 14:34:57,291][pcse.crop.phenology.Vernalisation][INFO] - Critical DVS for vernalization (VERNDVS) reached at day 1984-06-03, but vernalization requirements not yet fulfilled. Forcing vernalization now (VERN=47.688571).
[2026-03-13 14:34:57,307][pcse.crop.phenology.Vernalisation][INFO] - Critical DVS for vernalization (VERNDVS) reached at day 1984-06-04, but vernalization requirements not yet fulfilled. Forcing vernalization now (VERN=47.688571).
[2026-03-13 14:34:57,322][pcse.crop.phenology.Vernalisation][INFO] - Critical DVS for vernalization (VERNDVS) reached at day 1984-06-05, but vernalization requirements not yet fulfilled. Forcing vernalization now (VERN=47.688571).
[2026-03-13 14:34:57,336][pcse.crop.phenology.Vernalisation][INFO] - Critical DVS for vernalization (VERNDVS) reached at day 1984-06-06, but vernalization requirements not yet fulfilled. Forcing vernalization now (VERN=47.688571).
[2026-03-13 14:34:57,352][pcse.crop.phenology.Vernalisation][INFO] - Critical DVS for vernalization (VERNDVS) reached at day 1984-06-07, but vernalization requirements not yet fulfilled. Forcing vernalization now (VERN=47.688571).
[2026-03-13 14:34:57,368][pcse.crop.phenology.Vernalisation][INFO] - Critical DVS for vernalization (VERNDVS) reached at day 1984-06-08, but vernalization requirements not yet fulfilled. Forcing vernalization now (VERN=47.688571).
[2026-03-13 14:34:57,384][pcse.crop.phenology.Vernalisation][INFO] - Critical DVS for vernalization (VERNDVS) reached at day 1984-06-09, but vernalization requirements not yet fulfilled. Forcing vernalization now (VERN=47.688571).
[2026-03-13 14:34:57,400][pcse.crop.phenology.Vernalisation][INFO] - Critical DVS for vernalization (VERNDVS) reached at day 1984-06-10, but vernalization requirements not yet fulfilled. Forcing vernalization now (VERN=47.688571).
[2026-03-13 14:34:57,416][pcse.crop.phenology.Vernalisation][INFO] - Critical DVS for vernalization (VERNDVS) reached at day 1984-06-11, but vernalization requirements not yet fulfilled. Forcing vernalization now (VERN=47.688571).
[2026-03-13 14:34:57,431][pcse.crop.phenology.Vernalisation][INFO] - Critical DVS for vernalization (VERNDVS) reached at day 1984-06-12, but vernalization requirements not yet fulfilled. Forcing vernalization now (VERN=47.688571).
[2026-03-13 14:34:57,447][pcse.crop.phenology.Vernalisation][INFO] - Critical DVS for vernalization (VERNDVS) reached at day 1984-06-13, but vernalization requirements not yet fulfilled. Forcing vernalization now (VERN=47.688571).
[2026-03-13 14:34:57,462][pcse.crop.phenology.Vernalisation][INFO] - Critical DVS for vernalization (VERNDVS) reached at day 1984-06-14, but vernalization requirements not yet fulfilled. Forcing vernalization now (VERN=47.688571).
[2026-03-13 14:34:57,478][pcse.crop.phenology.Vernalisation][INFO] - Critical DVS for vernalization (VERNDVS) reached at day 1984-06-15, but vernalization requirements not yet fulfilled. Forcing vernalization now (VERN=47.688571).
[2026-03-13 14:34:57,493][pcse.crop.phenology.Vernalisation][INFO] - Critical DVS for vernalization (VERNDVS) reached at day 1984-06-16, but vernalization requirements not yet fulfilled. Forcing vernalization now (VERN=47.688571).
[2026-03-13 14:34:57,509][pcse.crop.phenology.Vernalisation][INFO] - Critical DVS for vernalization (VERNDVS) reached at day 1984-06-17, but vernalization requirements not yet fulfilled. Forcing vernalization now (VERN=47.688571).
[2026-03-13 14:34:57,525][pcse.crop.phenology.Vernalisation][INFO] - Critical DVS for vernalization (VERNDVS) reached at day 1984-06-18, but vernalization requirements not yet fulfilled. Forcing vernalization now (VERN=47.688571).
[2026-03-13 14:34:57,541][pcse.crop.phenology.Vernalisation][INFO] - Critical DVS for vernalization (VERNDVS) reached at day 1984-06-19, but vernalization requirements not yet fulfilled. Forcing vernalization now (VERN=47.688571).
[2026-03-13 14:34:57,556][pcse.crop.phenology.Vernalisation][INFO] - Critical DVS for vernalization (VERNDVS) reached at day 1984-06-20, but vernalization requirements not yet fulfilled. Forcing vernalization now (VERN=47.688571).
[2026-03-13 14:34:57,573][pcse.crop.phenology.Vernalisation][INFO] - Critical DVS for vernalization (VERNDVS) reached at day 1984-06-21, but vernalization requirements not yet fulfilled. Forcing vernalization now (VERN=47.688571).
[2026-03-13 14:34:57,589][pcse.crop.phenology.Vernalisation][INFO] - Critical DVS for vernalization (VERNDVS) reached at day 1984-06-22, but vernalization requirements not yet fulfilled. Forcing vernalization now (VERN=47.688571).
[2026-03-13 14:34:57,604][pcse.crop.phenology.Vernalisation][INFO] - Critical DVS for vernalization (VERNDVS) reached at day 1984-06-23, but vernalization requirements not yet fulfilled. Forcing vernalization now (VERN=47.688571).
[2026-03-13 14:34:57,621][pcse.crop.phenology.Vernalisation][INFO] - Critical DVS for vernalization (VERNDVS) reached at day 1984-06-24, but vernalization requirements not yet fulfilled. Forcing vernalization now (VERN=47.688571).
[2026-03-13 14:34:57,637][pcse.crop.phenology.Vernalisation][INFO] - Critical DVS for vernalization (VERNDVS) reached at day 1984-06-25, but vernalization requirements not yet fulfilled. Forcing vernalization now (VERN=47.688571).
[2026-03-13 14:34:57,652][pcse.crop.phenology.Vernalisation][INFO] - Critical DVS for vernalization (VERNDVS) reached at day 1984-06-26, but vernalization requirements not yet fulfilled. Forcing vernalization now (VERN=47.688571).
[2026-03-13 14:34:57,668][pcse.crop.phenology.Vernalisation][INFO] - Critical DVS for vernalization (VERNDVS) reached at day 1984-06-27, but vernalization requirements not yet fulfilled. Forcing vernalization now (VERN=47.688571).
[2026-03-13 14:34:57,683][pcse.crop.phenology.Vernalisation][INFO] - Critical DVS for vernalization (VERNDVS) reached at day 1984-06-28, but vernalization requirements not yet fulfilled. Forcing vernalization now (VERN=47.688571).
[2026-03-13 14:34:57,699][pcse.crop.phenology.Vernalisation][INFO] - Critical DVS for vernalization (VERNDVS) reached at day 1984-06-29, but vernalization requirements not yet fulfilled. Forcing vernalization now (VERN=47.688571).
[2026-03-13 14:34:57,699][pcse.crop.phenology.Annual_Phenology][INFO] - Changed phenological stage 'vegetative' to 'reproductive' on 1984-06-29
[2026-03-13 14:34:58,883][pcse.crop.phenology.Annual_Phenology][INFO] - Changed phenological stage 'reproductive' to 'mature' on 1984-09-13
[DBG] step=13000 r_hat=-70.190254
[2026-03-13 14:34:59,410][pcse.base.timer.Timer][INFO] - Reached end of simulation period as specified by END_DATE.
| train          | E: 54 | S: 13014 | R: -9300.9656 | TR: 20.7111 | TF: 512 | LR: 512 | NR: 0 | D: 04.5 s | TD: 00.0 s | BR: -15.7478 | ALOSS: 16961.2260 | CLOSS: 2453394.8647 | TLOSS: -180.7736 | TVAL: 0.1951 | AENT: -927.5544 | BCLOSS: 0.0000
[2026-03-13 14:34:59,417][pcse.agromanager.SoilCalendar][INFO] - Starting soil (oregon) with variation (oregon_1) on day 1984-02-01
[2026-03-13 14:34:59,420][pcse.agromanager.CropCalendar][INFO] - Starting crop (wheat) with variety (wheat_1) on day 1984-02-01
[2026-03-13 14:35:00,665][pcse.crop.phenology.Annual_Phenology][INFO] - Changed phenological stage 'emerging' to 'vegetative' on 1984-04-10
[2026-03-13 14:35:01,492][pcse.crop.phenology.Vernalisation][INFO] - Critical DVS for vernalization (VERNDVS) reached at day 1984-06-02, but vernalization requirements not yet fulfilled. Forcing vernalization now (VERN=47.688571).
[2026-03-13 14:35:01,507][pcse.crop.phenology.Vernalisation][INFO] - Critical DVS for vernalization (VERNDVS) reached at day 1984-06-03, but vernalization requirements not yet fulfilled. Forcing vernalization now (VERN=47.688571).
[2026-03-13 14:35:01,523][pcse.crop.phenology.Vernalisation][INFO] - Critical DVS for vernalization (VERNDVS) reached at day 1984-06-04, but vernalization requirements not yet fulfilled. Forcing vernalization now (VERN=47.688571).
[2026-03-13 14:35:01,539][pcse.crop.phenology.Vernalisation][INFO] - Critical DVS for vernalization (VERNDVS) reached at day 1984-06-05, but vernalization requirements not yet fulfilled. Forcing vernalization now (VERN=47.688571).
[2026-03-13 14:35:01,554][pcse.crop.phenology.Vernalisation][INFO] - Critical DVS for vernalization (VERNDVS) reached at day 1984-06-06, but vernalization requirements not yet fulfilled. Forcing vernalization now (VERN=47.688571).
[2026-03-13 14:35:01,571][pcse.crop.phenology.Vernalisation][INFO] - Critical DVS for vernalization (VERNDVS) reached at day 1984-06-07, but vernalization requirements not yet fulfilled. Forcing vernalization now (VERN=47.688571).
[2026-03-13 14:35:01,588][pcse.crop.phenology.Vernalisation][INFO] - Critical DVS for vernalization (VERNDVS) reached at day 1984-06-08, but vernalization requirements not yet fulfilled. Forcing vernalization now (VERN=47.688571).
[2026-03-13 14:35:01,603][pcse.crop.phenology.Vernalisation][INFO] - Critical DVS for vernalization (VERNDVS) reached at day 1984-06-09, but vernalization requirements not yet fulfilled. Forcing vernalization now (VERN=47.688571).
[2026-03-13 14:35:01,619][pcse.crop.phenology.Vernalisation][INFO] - Critical DVS for vernalization (VERNDVS) reached at day 1984-06-10, but vernalization requirements not yet fulfilled. Forcing vernalization now (VERN=47.688571).
[2026-03-13 14:35:01,634][pcse.crop.phenology.Vernalisation][INFO] - Critical DVS for vernalization (VERNDVS) reached at day 1984-06-11, but vernalization requirements not yet fulfilled. Forcing vernalization now (VERN=47.688571).
[2026-03-13 14:35:01,650][pcse.crop.phenology.Vernalisation][INFO] - Critical DVS for vernalization (VERNDVS) reached at day 1984-06-12, but vernalization requirements not yet fulfilled. Forcing vernalization now (VERN=47.688571).
[2026-03-13 14:35:01,665][pcse.crop.phenology.Vernalisation][INFO] - Critical DVS for vernalization (VERNDVS) reached at day 1984-06-13, but vernalization requirements not yet fulfilled. Forcing vernalization now (VERN=47.688571).
[2026-03-13 14:35:01,681][pcse.crop.phenology.Vernalisation][INFO] - Critical DVS for vernalization (VERNDVS) reached at day 1984-06-14, but vernalization requirements not yet fulfilled. Forcing vernalization now (VERN=47.688571).
[2026-03-13 14:35:01,696][pcse.crop.phenology.Vernalisation][INFO] - Critical DVS for vernalization (VERNDVS) reached at day 1984-06-15, but vernalization requirements not yet fulfilled. Forcing vernalization now (VERN=47.688571).
[2026-03-13 14:35:01,711][pcse.crop.phenology.Vernalisation][INFO] - Critical DVS for vernalization (VERNDVS) reached at day 1984-06-16, but vernalization requirements not yet fulfilled. Forcing vernalization now (VERN=47.688571).
[2026-03-13 14:35:01,726][pcse.crop.phenology.Vernalisation][INFO] - Critical DVS for vernalization (VERNDVS) reached at day 1984-06-17, but vernalization requirements not yet fulfilled. Forcing vernalization now (VERN=47.688571).
[2026-03-13 14:35:01,742][pcse.crop.phenology.Vernalisation][INFO] - Critical DVS for vernalization (VERNDVS) reached at day 1984-06-18, but vernalization requirements not yet fulfilled. Forcing vernalization now (VERN=47.688571).
[2026-03-13 14:35:01,758][pcse.crop.phenology.Vernalisation][INFO] - Critical DVS for vernalization (VERNDVS) reached at day 1984-06-19, but vernalization requirements not yet fulfilled. Forcing vernalization now (VERN=47.688571).
[2026-03-13 14:35:01,773][pcse.crop.phenology.Vernalisation][INFO] - Critical DVS for vernalization (VERNDVS) reached at day 1984-06-20, but vernalization requirements not yet fulfilled. Forcing vernalization now (VERN=47.688571).
[2026-03-13 14:35:01,789][pcse.crop.phenology.Vernalisation][INFO] - Critical DVS for vernalization (VERNDVS) reached at day 1984-06-21, but vernalization requirements not yet fulfilled. Forcing vernalization now (VERN=47.688571).
[2026-03-13 14:35:01,805][pcse.crop.phenology.Vernalisation][INFO] - Critical DVS for vernalization (VERNDVS) reached at day 1984-06-22, but vernalization requirements not yet fulfilled. Forcing vernalization now (VERN=47.688571).
[2026-03-13 14:35:01,820][pcse.crop.phenology.Vernalisation][INFO] - Critical DVS for vernalization (VERNDVS) reached at day 1984-06-23, but vernalization requirements not yet fulfilled. Forcing vernalization now (VERN=47.688571).
[2026-03-13 14:35:01,836][pcse.crop.phenology.Vernalisation][INFO] - Critical DVS for vernalization (VERNDVS) reached at day 1984-06-24, but vernalization requirements not yet fulfilled. Forcing vernalization now (VERN=47.688571).
[2026-03-13 14:35:01,852][pcse.crop.phenology.Vernalisation][INFO] - Critical DVS for vernalization (VERNDVS) reached at day 1984-06-25, but vernalization requirements not yet fulfilled. Forcing vernalization now (VERN=47.688571).
[2026-03-13 14:35:01,867][pcse.crop.phenology.Vernalisation][INFO] - Critical DVS for vernalization (VERNDVS) reached at day 1984-06-26, but vernalization requirements not yet fulfilled. Forcing vernalization now (VERN=47.688571).
[2026-03-13 14:35:01,882][pcse.crop.phenology.Vernalisation][INFO] - Critical DVS for vernalization (VERNDVS) reached at day 1984-06-27, but vernalization requirements not yet fulfilled. Forcing vernalization now (VERN=47.688571).
[2026-03-13 14:35:01,898][pcse.crop.phenology.Vernalisation][INFO] - Critical DVS for vernalization (VERNDVS) reached at day 1984-06-28, but vernalization requirements not yet fulfilled. Forcing vernalization now (VERN=47.688571).
[2026-03-13 14:35:01,914][pcse.crop.phenology.Vernalisation][INFO] - Critical DVS for vernalization (VERNDVS) reached at day 1984-06-29, but vernalization requirements not yet fulfilled. Forcing vernalization now (VERN=47.688571).
[2026-03-13 14:35:01,914][pcse.crop.phenology.Annual_Phenology][INFO] - Changed phenological stage 'vegetative' to 'reproductive' on 1984-06-29
[2026-03-13 14:35:03,283][pcse.crop.phenology.Annual_Phenology][INFO] - Changed phenological stage 'reproductive' to 'mature' on 1984-09-13
[2026-03-13 14:35:03,551][pcse.base.timer.Timer][INFO] - Reached end of simulation period as specified by END_DATE.
| train          | E: 55 | S: 13255 | R: -9189.1096 | TR: 19.8974 | TF: 512 | LR: 512 | NR: 0 | D: 04.1 s | TD: 00.0 s | BR: -16.1768 | ALOSS: 16903.9879 | CLOSS: 2370243.9681 | TLOSS: -186.9610 | TVAL: 0.1999 | AENT: -936.3207 | BCLOSS: 0.0000
[2026-03-13 14:35:03,558][pcse.agromanager.SoilCalendar][INFO] - Starting soil (oregon) with variation (oregon_1) on day 1984-02-01
[2026-03-13 14:35:03,561][pcse.agromanager.CropCalendar][INFO] - Starting crop (wheat) with variety (wheat_1) on day 1984-02-01
[2026-03-13 14:35:04,791][pcse.crop.phenology.Annual_Phenology][INFO] - Changed phenological stage 'emerging' to 'vegetative' on 1984-04-10
[2026-03-13 14:35:05,615][pcse.crop.phenology.Vernalisation][INFO] - Critical DVS for vernalization (VERNDVS) reached at day 1984-06-02, but vernalization requirements not yet fulfilled. Forcing vernalization now (VERN=47.688571).
[2026-03-13 14:35:05,631][pcse.crop.phenology.Vernalisation][INFO] - Critical DVS for vernalization (VERNDVS) reached at day 1984-06-03, but vernalization requirements not yet fulfilled. Forcing vernalization now (VERN=47.688571).
[2026-03-13 14:35:05,646][pcse.crop.phenology.Vernalisation][INFO] - Critical DVS for vernalization (VERNDVS) reached at day 1984-06-04, but vernalization requirements not yet fulfilled. Forcing vernalization now (VERN=47.688571).
[2026-03-13 14:35:05,662][pcse.crop.phenology.Vernalisation][INFO] - Critical DVS for vernalization (VERNDVS) reached at day 1984-06-05, but vernalization requirements not yet fulfilled. Forcing vernalization now (VERN=47.688571).
[2026-03-13 14:35:05,677][pcse.crop.phenology.Vernalisation][INFO] - Critical DVS for vernalization (VERNDVS) reached at day 1984-06-06, but vernalization requirements not yet fulfilled. Forcing vernalization now (VERN=47.688571).
[2026-03-13 14:35:05,693][pcse.crop.phenology.Vernalisation][INFO] - Critical DVS for vernalization (VERNDVS) reached at day 1984-06-07, but vernalization requirements not yet fulfilled. Forcing vernalization now (VERN=47.688571).
[2026-03-13 14:35:05,708][pcse.crop.phenology.Vernalisation][INFO] - Critical DVS for vernalization (VERNDVS) reached at day 1984-06-08, but vernalization requirements not yet fulfilled. Forcing vernalization now (VERN=47.688571).
[2026-03-13 14:35:05,723][pcse.crop.phenology.Vernalisation][INFO] - Critical DVS for vernalization (VERNDVS) reached at day 1984-06-09, but vernalization requirements not yet fulfilled. Forcing vernalization now (VERN=47.688571).
[2026-03-13 14:35:05,739][pcse.crop.phenology.Vernalisation][INFO] - Critical DVS for vernalization (VERNDVS) reached at day 1984-06-10, but vernalization requirements not yet fulfilled. Forcing vernalization now (VERN=47.688571).
[2026-03-13 14:35:05,754][pcse.crop.phenology.Vernalisation][INFO] - Critical DVS for vernalization (VERNDVS) reached at day 1984-06-11, but vernalization requirements not yet fulfilled. Forcing vernalization now (VERN=47.688571).
[2026-03-13 14:35:05,770][pcse.crop.phenology.Vernalisation][INFO] - Critical DVS for vernalization (VERNDVS) reached at day 1984-06-12, but vernalization requirements not yet fulfilled. Forcing vernalization now (VERN=47.688571).
[2026-03-13 14:35:05,785][pcse.crop.phenology.Vernalisation][INFO] - Critical DVS for vernalization (VERNDVS) reached at day 1984-06-13, but vernalization requirements not yet fulfilled. Forcing vernalization now (VERN=47.688571).
[2026-03-13 14:35:05,801][pcse.crop.phenology.Vernalisation][INFO] - Critical DVS for vernalization (VERNDVS) reached at day 1984-06-14, but vernalization requirements not yet fulfilled. Forcing vernalization now (VERN=47.688571).
[2026-03-13 14:35:05,818][pcse.crop.phenology.Vernalisation][INFO] - Critical DVS for vernalization (VERNDVS) reached at day 1984-06-15, but vernalization requirements not yet fulfilled. Forcing vernalization now (VERN=47.688571).
[2026-03-13 14:35:05,833][pcse.crop.phenology.Vernalisation][INFO] - Critical DVS for vernalization (VERNDVS) reached at day 1984-06-16, but vernalization requirements not yet fulfilled. Forcing vernalization now (VERN=47.688571).
[2026-03-13 14:35:05,847][pcse.crop.phenology.Vernalisation][INFO] - Critical DVS for vernalization (VERNDVS) reached at day 1984-06-17, but vernalization requirements not yet fulfilled. Forcing vernalization now (VERN=47.688571).
[2026-03-13 14:35:05,861][pcse.crop.phenology.Vernalisation][INFO] - Critical DVS for vernalization (VERNDVS) reached at day 1984-06-18, but vernalization requirements not yet fulfilled. Forcing vernalization now (VERN=47.688571).
[2026-03-13 14:35:05,875][pcse.crop.phenology.Vernalisation][INFO] - Critical DVS for vernalization (VERNDVS) reached at day 1984-06-19, but vernalization requirements not yet fulfilled. Forcing vernalization now (VERN=47.688571).
[2026-03-13 14:35:05,890][pcse.crop.phenology.Vernalisation][INFO] - Critical DVS for vernalization (VERNDVS) reached at day 1984-06-20, but vernalization requirements not yet fulfilled. Forcing vernalization now (VERN=47.688571).
[2026-03-13 14:35:05,904][pcse.crop.phenology.Vernalisation][INFO] - Critical DVS for vernalization (VERNDVS) reached at day 1984-06-21, but vernalization requirements not yet fulfilled. Forcing vernalization now (VERN=47.688571).
[2026-03-13 14:35:05,924][pcse.crop.phenology.Vernalisation][INFO] - Critical DVS for vernalization (VERNDVS) reached at day 1984-06-22, but vernalization requirements not yet fulfilled. Forcing vernalization now (VERN=47.688571).
[2026-03-13 14:35:05,940][pcse.crop.phenology.Vernalisation][INFO] - Critical DVS for vernalization (VERNDVS) reached at day 1984-06-23, but vernalization requirements not yet fulfilled. Forcing vernalization now (VERN=47.688571).
[2026-03-13 14:35:05,958][pcse.crop.phenology.Vernalisation][INFO] - Critical DVS for vernalization (VERNDVS) reached at day 1984-06-24, but vernalization requirements not yet fulfilled. Forcing vernalization now (VERN=47.688571).
[2026-03-13 14:35:05,976][pcse.crop.phenology.Vernalisation][INFO] - Critical DVS for vernalization (VERNDVS) reached at day 1984-06-25, but vernalization requirements not yet fulfilled. Forcing vernalization now (VERN=47.688571).
[2026-03-13 14:35:05,993][pcse.crop.phenology.Vernalisation][INFO] - Critical DVS for vernalization (VERNDVS) reached at day 1984-06-26, but vernalization requirements not yet fulfilled. Forcing vernalization now (VERN=47.688571).
[2026-03-13 14:35:06,323][pcse.crop.phenology.Vernalisation][INFO] - Critical DVS for vernalization (VERNDVS) reached at day 1984-06-27, but vernalization requirements not yet fulfilled. Forcing vernalization now (VERN=47.688571).
[2026-03-13 14:35:06,353][pcse.crop.phenology.Vernalisation][INFO] - Critical DVS for vernalization (VERNDVS) reached at day 1984-06-28, but vernalization requirements not yet fulfilled. Forcing vernalization now (VERN=47.688571).
[2026-03-13 14:35:06,383][pcse.crop.phenology.Vernalisation][INFO] - Critical DVS for vernalization (VERNDVS) reached at day 1984-06-29, but vernalization requirements not yet fulfilled. Forcing vernalization now (VERN=47.688571).
[2026-03-13 14:35:06,383][pcse.crop.phenology.Annual_Phenology][INFO] - Changed phenological stage 'vegetative' to 'reproductive' on 1984-06-29
[2026-03-13 14:35:07,591][pcse.crop.phenology.Annual_Phenology][INFO] - Changed phenological stage 'reproductive' to 'mature' on 1984-09-13
[2026-03-13 14:35:07,858][pcse.base.timer.Timer][INFO] - Reached end of simulation period as specified by END_DATE.
| train          | E: 56 | S: 13496 | R: -9297.9096 | TR: 15.8611 | TF: 512 | LR: 512 | NR: 0 | D: 04.3 s | TD: 00.0 s | BR: -16.7353 | ALOSS: 16888.1062 | CLOSS: 2152706.0416 | TLOSS: -184.2090 | TVAL: 0.2047 | AENT: -901.0299 | BCLOSS: 0.0000
[2026-03-13 14:35:07,865][pcse.agromanager.SoilCalendar][INFO] - Starting soil (oregon) with variation (oregon_1) on day 1984-02-01
[2026-03-13 14:35:07,867][pcse.agromanager.CropCalendar][INFO] - Starting crop (wheat) with variety (wheat_1) on day 1984-02-01
[DBG] step=13500 r_hat=-34.954056
[2026-03-13 14:35:09,103][pcse.crop.phenology.Annual_Phenology][INFO] - Changed phenological stage 'emerging' to 'vegetative' on 1984-04-10
[2026-03-13 14:35:10,230][pcse.crop.phenology.Vernalisation][INFO] - Critical DVS for vernalization (VERNDVS) reached at day 1984-06-02, but vernalization requirements not yet fulfilled. Forcing vernalization now (VERN=47.688571).
[2026-03-13 14:35:10,246][pcse.crop.phenology.Vernalisation][INFO] - Critical DVS for vernalization (VERNDVS) reached at day 1984-06-03, but vernalization requirements not yet fulfilled. Forcing vernalization now (VERN=47.688571).
[2026-03-13 14:35:10,261][pcse.crop.phenology.Vernalisation][INFO] - Critical DVS for vernalization (VERNDVS) reached at day 1984-06-04, but vernalization requirements not yet fulfilled. Forcing vernalization now (VERN=47.688571).
[2026-03-13 14:35:10,276][pcse.crop.phenology.Vernalisation][INFO] - Critical DVS for vernalization (VERNDVS) reached at day 1984-06-05, but vernalization requirements not yet fulfilled. Forcing vernalization now (VERN=47.688571).
[2026-03-13 14:35:10,292][pcse.crop.phenology.Vernalisation][INFO] - Critical DVS for vernalization (VERNDVS) reached at day 1984-06-06, but vernalization requirements not yet fulfilled. Forcing vernalization now (VERN=47.688571).
[2026-03-13 14:35:10,307][pcse.crop.phenology.Vernalisation][INFO] - Critical DVS for vernalization (VERNDVS) reached at day 1984-06-07, but vernalization requirements not yet fulfilled. Forcing vernalization now (VERN=47.688571).
[2026-03-13 14:35:10,323][pcse.crop.phenology.Vernalisation][INFO] - Critical DVS for vernalization (VERNDVS) reached at day 1984-06-08, but vernalization requirements not yet fulfilled. Forcing vernalization now (VERN=47.688571).
[2026-03-13 14:35:10,339][pcse.crop.phenology.Vernalisation][INFO] - Critical DVS for vernalization (VERNDVS) reached at day 1984-06-09, but vernalization requirements not yet fulfilled. Forcing vernalization now (VERN=47.688571).
[2026-03-13 14:35:10,355][pcse.crop.phenology.Vernalisation][INFO] - Critical DVS for vernalization (VERNDVS) reached at day 1984-06-10, but vernalization requirements not yet fulfilled. Forcing vernalization now (VERN=47.688571).
[2026-03-13 14:35:10,371][pcse.crop.phenology.Vernalisation][INFO] - Critical DVS for vernalization (VERNDVS) reached at day 1984-06-11, but vernalization requirements not yet fulfilled. Forcing vernalization now (VERN=47.688571).
[2026-03-13 14:35:10,387][pcse.crop.phenology.Vernalisation][INFO] - Critical DVS for vernalization (VERNDVS) reached at day 1984-06-12, but vernalization requirements not yet fulfilled. Forcing vernalization now (VERN=47.688571).
[2026-03-13 14:35:10,402][pcse.crop.phenology.Vernalisation][INFO] - Critical DVS for vernalization (VERNDVS) reached at day 1984-06-13, but vernalization requirements not yet fulfilled. Forcing vernalization now (VERN=47.688571).
[2026-03-13 14:35:10,418][pcse.crop.phenology.Vernalisation][INFO] - Critical DVS for vernalization (VERNDVS) reached at day 1984-06-14, but vernalization requirements not yet fulfilled. Forcing vernalization now (VERN=47.688571).
[2026-03-13 14:35:10,433][pcse.crop.phenology.Vernalisation][INFO] - Critical DVS for vernalization (VERNDVS) reached at day 1984-06-15, but vernalization requirements not yet fulfilled. Forcing vernalization now (VERN=47.688571).
[2026-03-13 14:35:10,448][pcse.crop.phenology.Vernalisation][INFO] - Critical DVS for vernalization (VERNDVS) reached at day 1984-06-16, but vernalization requirements not yet fulfilled. Forcing vernalization now (VERN=47.688571).
[2026-03-13 14:35:10,464][pcse.crop.phenology.Vernalisation][INFO] - Critical DVS for vernalization (VERNDVS) reached at day 1984-06-17, but vernalization requirements not yet fulfilled. Forcing vernalization now (VERN=47.688571).
[2026-03-13 14:35:10,479][pcse.crop.phenology.Vernalisation][INFO] - Critical DVS for vernalization (VERNDVS) reached at day 1984-06-18, but vernalization requirements not yet fulfilled. Forcing vernalization now (VERN=47.688571).
[2026-03-13 14:35:10,495][pcse.crop.phenology.Vernalisation][INFO] - Critical DVS for vernalization (VERNDVS) reached at day 1984-06-19, but vernalization requirements not yet fulfilled. Forcing vernalization now (VERN=47.688571).
[2026-03-13 14:35:10,510][pcse.crop.phenology.Vernalisation][INFO] - Critical DVS for vernalization (VERNDVS) reached at day 1984-06-20, but vernalization requirements not yet fulfilled. Forcing vernalization now (VERN=47.688571).
[2026-03-13 14:35:10,526][pcse.crop.phenology.Vernalisation][INFO] - Critical DVS for vernalization (VERNDVS) reached at day 1984-06-21, but vernalization requirements not yet fulfilled. Forcing vernalization now (VERN=47.688571).
[2026-03-13 14:35:10,542][pcse.crop.phenology.Vernalisation][INFO] - Critical DVS for vernalization (VERNDVS) reached at day 1984-06-22, but vernalization requirements not yet fulfilled. Forcing vernalization now (VERN=47.688571).
[2026-03-13 14:35:10,557][pcse.crop.phenology.Vernalisation][INFO] - Critical DVS for vernalization (VERNDVS) reached at day 1984-06-23, but vernalization requirements not yet fulfilled. Forcing vernalization now (VERN=47.688571).
[2026-03-13 14:35:10,573][pcse.crop.phenology.Vernalisation][INFO] - Critical DVS for vernalization (VERNDVS) reached at day 1984-06-24, but vernalization requirements not yet fulfilled. Forcing vernalization now (VERN=47.688571).
[2026-03-13 14:35:10,589][pcse.crop.phenology.Vernalisation][INFO] - Critical DVS for vernalization (VERNDVS) reached at day 1984-06-25, but vernalization requirements not yet fulfilled. Forcing vernalization now (VERN=47.688571).
[2026-03-13 14:35:10,605][pcse.crop.phenology.Vernalisation][INFO] - Critical DVS for vernalization (VERNDVS) reached at day 1984-06-26, but vernalization requirements not yet fulfilled. Forcing vernalization now (VERN=47.688571).
[2026-03-13 14:35:10,620][pcse.crop.phenology.Vernalisation][INFO] - Critical DVS for vernalization (VERNDVS) reached at day 1984-06-27, but vernalization requirements not yet fulfilled. Forcing vernalization now (VERN=47.688571).
[2026-03-13 14:35:10,636][pcse.crop.phenology.Vernalisation][INFO] - Critical DVS for vernalization (VERNDVS) reached at day 1984-06-28, but vernalization requirements not yet fulfilled. Forcing vernalization now (VERN=47.688571).
[2026-03-13 14:35:10,652][pcse.crop.phenology.Vernalisation][INFO] - Critical DVS for vernalization (VERNDVS) reached at day 1984-06-29, but vernalization requirements not yet fulfilled. Forcing vernalization now (VERN=47.688571).
[2026-03-13 14:35:10,652][pcse.crop.phenology.Annual_Phenology][INFO] - Changed phenological stage 'vegetative' to 'reproductive' on 1984-06-29
[2026-03-13 14:35:11,847][pcse.crop.phenology.Annual_Phenology][INFO] - Changed phenological stage 'reproductive' to 'mature' on 1984-09-13
[2026-03-13 14:35:12,117][pcse.base.timer.Timer][INFO] - Reached end of simulation period as specified by END_DATE.
| train          | E: 57 | S: 13737 | R: -9247.8709 | TR: 12.0835 | TF: 512 | LR: 512 | NR: 0 | D: 04.3 s | TD: 00.0 s | BR: -16.8469 | ALOSS: 16844.6423 | CLOSS: 2404785.3906 | TLOSS: -184.5373 | TVAL: 0.2094 | AENT: -882.4984 | BCLOSS: 0.0000
[2026-03-13 14:35:12,124][pcse.agromanager.SoilCalendar][INFO] - Starting soil (oregon) with variation (oregon_1) on day 1984-02-01
[2026-03-13 14:35:12,126][pcse.agromanager.CropCalendar][INFO] - Starting crop (wheat) with variety (wheat_1) on day 1984-02-01
[2026-03-13 14:35:13,725][pcse.crop.phenology.Annual_Phenology][INFO] - Changed phenological stage 'emerging' to 'vegetative' on 1984-04-10
[2026-03-13 14:35:14,543][pcse.crop.phenology.Vernalisation][INFO] - Critical DVS for vernalization (VERNDVS) reached at day 1984-06-02, but vernalization requirements not yet fulfilled. Forcing vernalization now (VERN=47.688571).
[2026-03-13 14:35:14,558][pcse.crop.phenology.Vernalisation][INFO] - Critical DVS for vernalization (VERNDVS) reached at day 1984-06-03, but vernalization requirements not yet fulfilled. Forcing vernalization now (VERN=47.688571).
[2026-03-13 14:35:14,574][pcse.crop.phenology.Vernalisation][INFO] - Critical DVS for vernalization (VERNDVS) reached at day 1984-06-04, but vernalization requirements not yet fulfilled. Forcing vernalization now (VERN=47.688571).
[2026-03-13 14:35:14,589][pcse.crop.phenology.Vernalisation][INFO] - Critical DVS for vernalization (VERNDVS) reached at day 1984-06-05, but vernalization requirements not yet fulfilled. Forcing vernalization now (VERN=47.688571).
[2026-03-13 14:35:14,605][pcse.crop.phenology.Vernalisation][INFO] - Critical DVS for vernalization (VERNDVS) reached at day 1984-06-06, but vernalization requirements not yet fulfilled. Forcing vernalization now (VERN=47.688571).
[2026-03-13 14:35:14,620][pcse.crop.phenology.Vernalisation][INFO] - Critical DVS for vernalization (VERNDVS) reached at day 1984-06-07, but vernalization requirements not yet fulfilled. Forcing vernalization now (VERN=47.688571).
[2026-03-13 14:35:14,635][pcse.crop.phenology.Vernalisation][INFO] - Critical DVS for vernalization (VERNDVS) reached at day 1984-06-08, but vernalization requirements not yet fulfilled. Forcing vernalization now (VERN=47.688571).
[2026-03-13 14:35:14,651][pcse.crop.phenology.Vernalisation][INFO] - Critical DVS for vernalization (VERNDVS) reached at day 1984-06-09, but vernalization requirements not yet fulfilled. Forcing vernalization now (VERN=47.688571).
[2026-03-13 14:35:14,666][pcse.crop.phenology.Vernalisation][INFO] - Critical DVS for vernalization (VERNDVS) reached at day 1984-06-10, but vernalization requirements not yet fulfilled. Forcing vernalization now (VERN=47.688571).
[2026-03-13 14:35:14,682][pcse.crop.phenology.Vernalisation][INFO] - Critical DVS for vernalization (VERNDVS) reached at day 1984-06-11, but vernalization requirements not yet fulfilled. Forcing vernalization now (VERN=47.688571).
[2026-03-13 14:35:14,697][pcse.crop.phenology.Vernalisation][INFO] - Critical DVS for vernalization (VERNDVS) reached at day 1984-06-12, but vernalization requirements not yet fulfilled. Forcing vernalization now (VERN=47.688571).
[2026-03-13 14:35:14,713][pcse.crop.phenology.Vernalisation][INFO] - Critical DVS for vernalization (VERNDVS) reached at day 1984-06-13, but vernalization requirements not yet fulfilled. Forcing vernalization now (VERN=47.688571).
[2026-03-13 14:35:14,728][pcse.crop.phenology.Vernalisation][INFO] - Critical DVS for vernalization (VERNDVS) reached at day 1984-06-14, but vernalization requirements not yet fulfilled. Forcing vernalization now (VERN=47.688571).
[2026-03-13 14:35:14,745][pcse.crop.phenology.Vernalisation][INFO] - Critical DVS for vernalization (VERNDVS) reached at day 1984-06-15, but vernalization requirements not yet fulfilled. Forcing vernalization now (VERN=47.688571).
[2026-03-13 14:35:14,761][pcse.crop.phenology.Vernalisation][INFO] - Critical DVS for vernalization (VERNDVS) reached at day 1984-06-16, but vernalization requirements not yet fulfilled. Forcing vernalization now (VERN=47.688571).
[2026-03-13 14:35:14,776][pcse.crop.phenology.Vernalisation][INFO] - Critical DVS for vernalization (VERNDVS) reached at day 1984-06-17, but vernalization requirements not yet fulfilled. Forcing vernalization now (VERN=47.688571).
[2026-03-13 14:35:14,792][pcse.crop.phenology.Vernalisation][INFO] - Critical DVS for vernalization (VERNDVS) reached at day 1984-06-18, but vernalization requirements not yet fulfilled. Forcing vernalization now (VERN=47.688571).
[2026-03-13 14:35:14,807][pcse.crop.phenology.Vernalisation][INFO] - Critical DVS for vernalization (VERNDVS) reached at day 1984-06-19, but vernalization requirements not yet fulfilled. Forcing vernalization now (VERN=47.688571).
[2026-03-13 14:35:14,823][pcse.crop.phenology.Vernalisation][INFO] - Critical DVS for vernalization (VERNDVS) reached at day 1984-06-20, but vernalization requirements not yet fulfilled. Forcing vernalization now (VERN=47.688571).
[2026-03-13 14:35:14,838][pcse.crop.phenology.Vernalisation][INFO] - Critical DVS for vernalization (VERNDVS) reached at day 1984-06-21, but vernalization requirements not yet fulfilled. Forcing vernalization now (VERN=47.688571).
[2026-03-13 14:35:14,853][pcse.crop.phenology.Vernalisation][INFO] - Critical DVS for vernalization (VERNDVS) reached at day 1984-06-22, but vernalization requirements not yet fulfilled. Forcing vernalization now (VERN=47.688571).
[2026-03-13 14:35:14,869][pcse.crop.phenology.Vernalisation][INFO] - Critical DVS for vernalization (VERNDVS) reached at day 1984-06-23, but vernalization requirements not yet fulfilled. Forcing vernalization now (VERN=47.688571).
[2026-03-13 14:35:14,884][pcse.crop.phenology.Vernalisation][INFO] - Critical DVS for vernalization (VERNDVS) reached at day 1984-06-24, but vernalization requirements not yet fulfilled. Forcing vernalization now (VERN=47.688571).
[2026-03-13 14:35:14,900][pcse.crop.phenology.Vernalisation][INFO] - Critical DVS for vernalization (VERNDVS) reached at day 1984-06-25, but vernalization requirements not yet fulfilled. Forcing vernalization now (VERN=47.688571).
[2026-03-13 14:35:14,915][pcse.crop.phenology.Vernalisation][INFO] - Critical DVS for vernalization (VERNDVS) reached at day 1984-06-26, but vernalization requirements not yet fulfilled. Forcing vernalization now (VERN=47.688571).
[2026-03-13 14:35:14,931][pcse.crop.phenology.Vernalisation][INFO] - Critical DVS for vernalization (VERNDVS) reached at day 1984-06-27, but vernalization requirements not yet fulfilled. Forcing vernalization now (VERN=47.688571).
[2026-03-13 14:35:14,946][pcse.crop.phenology.Vernalisation][INFO] - Critical DVS for vernalization (VERNDVS) reached at day 1984-06-28, but vernalization requirements not yet fulfilled. Forcing vernalization now (VERN=47.688571).
[2026-03-13 14:35:14,962][pcse.crop.phenology.Vernalisation][INFO] - Critical DVS for vernalization (VERNDVS) reached at day 1984-06-29, but vernalization requirements not yet fulfilled. Forcing vernalization now (VERN=47.688571).
[2026-03-13 14:35:14,962][pcse.crop.phenology.Annual_Phenology][INFO] - Changed phenological stage 'vegetative' to 'reproductive' on 1984-06-29
[2026-03-13 14:35:16,137][pcse.crop.phenology.Annual_Phenology][INFO] - Changed phenological stage 'reproductive' to 'mature' on 1984-09-13
[2026-03-13 14:35:16,402][pcse.base.timer.Timer][INFO] - Reached end of simulation period as specified by END_DATE.
| train          | E: 58 | S: 13978 | R: -8978.8455 | TR: 20.7111 | TF: 512 | LR: 512 | NR: 0 | D: 04.3 s | TD: 00.0 s | BR: -17.2055 | ALOSS: 17293.0910 | CLOSS: 3700390.9888 | TLOSS: -349.6414 | TVAL: 0.2154 | AENT: -1624.2553 | BCLOSS: 0.0000
[2026-03-13 14:35:16,409][pcse.agromanager.SoilCalendar][INFO] - Starting soil (oregon) with variation (oregon_1) on day 1984-02-01
[2026-03-13 14:35:16,412][pcse.agromanager.CropCalendar][INFO] - Starting crop (wheat) with variety (wheat_1) on day 1984-02-01
[DBG] step=14000 r_hat=2.207459
[2026-03-13 14:35:17,905][pcse.crop.phenology.Annual_Phenology][INFO] - Changed phenological stage 'emerging' to 'vegetative' on 1984-04-10
[2026-03-13 14:35:18,618][pcse.crop.phenology.Vernalisation][INFO] - Critical DVS for vernalization (VERNDVS) reached at day 1984-06-02, but vernalization requirements not yet fulfilled. Forcing vernalization now (VERN=47.688571).
[2026-03-13 14:35:18,632][pcse.crop.phenology.Vernalisation][INFO] - Critical DVS for vernalization (VERNDVS) reached at day 1984-06-03, but vernalization requirements not yet fulfilled. Forcing vernalization now (VERN=47.688571).
[2026-03-13 14:35:18,646][pcse.crop.phenology.Vernalisation][INFO] - Critical DVS for vernalization (VERNDVS) reached at day 1984-06-04, but vernalization requirements not yet fulfilled. Forcing vernalization now (VERN=47.688571).
[2026-03-13 14:35:18,659][pcse.crop.phenology.Vernalisation][INFO] - Critical DVS for vernalization (VERNDVS) reached at day 1984-06-05, but vernalization requirements not yet fulfilled. Forcing vernalization now (VERN=47.688571).
[2026-03-13 14:35:18,673][pcse.crop.phenology.Vernalisation][INFO] - Critical DVS for vernalization (VERNDVS) reached at day 1984-06-06, but vernalization requirements not yet fulfilled. Forcing vernalization now (VERN=47.688571).
[2026-03-13 14:35:18,686][pcse.crop.phenology.Vernalisation][INFO] - Critical DVS for vernalization (VERNDVS) reached at day 1984-06-07, but vernalization requirements not yet fulfilled. Forcing vernalization now (VERN=47.688571).
[2026-03-13 14:35:18,700][pcse.crop.phenology.Vernalisation][INFO] - Critical DVS for vernalization (VERNDVS) reached at day 1984-06-08, but vernalization requirements not yet fulfilled. Forcing vernalization now (VERN=47.688571).
[2026-03-13 14:35:18,714][pcse.crop.phenology.Vernalisation][INFO] - Critical DVS for vernalization (VERNDVS) reached at day 1984-06-09, but vernalization requirements not yet fulfilled. Forcing vernalization now (VERN=47.688571).
[2026-03-13 14:35:18,727][pcse.crop.phenology.Vernalisation][INFO] - Critical DVS for vernalization (VERNDVS) reached at day 1984-06-10, but vernalization requirements not yet fulfilled. Forcing vernalization now (VERN=47.688571).
[2026-03-13 14:35:18,741][pcse.crop.phenology.Vernalisation][INFO] - Critical DVS for vernalization (VERNDVS) reached at day 1984-06-11, but vernalization requirements not yet fulfilled. Forcing vernalization now (VERN=47.688571).
[2026-03-13 14:35:18,755][pcse.crop.phenology.Vernalisation][INFO] - Critical DVS for vernalization (VERNDVS) reached at day 1984-06-12, but vernalization requirements not yet fulfilled. Forcing vernalization now (VERN=47.688571).
[2026-03-13 14:35:18,768][pcse.crop.phenology.Vernalisation][INFO] - Critical DVS for vernalization (VERNDVS) reached at day 1984-06-13, but vernalization requirements not yet fulfilled. Forcing vernalization now (VERN=47.688571).
[2026-03-13 14:35:18,782][pcse.crop.phenology.Vernalisation][INFO] - Critical DVS for vernalization (VERNDVS) reached at day 1984-06-14, but vernalization requirements not yet fulfilled. Forcing vernalization now (VERN=47.688571).
[2026-03-13 14:35:18,795][pcse.crop.phenology.Vernalisation][INFO] - Critical DVS for vernalization (VERNDVS) reached at day 1984-06-15, but vernalization requirements not yet fulfilled. Forcing vernalization now (VERN=47.688571).
[2026-03-13 14:35:18,809][pcse.crop.phenology.Vernalisation][INFO] - Critical DVS for vernalization (VERNDVS) reached at day 1984-06-16, but vernalization requirements not yet fulfilled. Forcing vernalization now (VERN=47.688571).
[2026-03-13 14:35:18,822][pcse.crop.phenology.Vernalisation][INFO] - Critical DVS for vernalization (VERNDVS) reached at day 1984-06-17, but vernalization requirements not yet fulfilled. Forcing vernalization now (VERN=47.688571).
[2026-03-13 14:35:18,836][pcse.crop.phenology.Vernalisation][INFO] - Critical DVS for vernalization (VERNDVS) reached at day 1984-06-18, but vernalization requirements not yet fulfilled. Forcing vernalization now (VERN=47.688571).
[2026-03-13 14:35:18,850][pcse.crop.phenology.Vernalisation][INFO] - Critical DVS for vernalization (VERNDVS) reached at day 1984-06-19, but vernalization requirements not yet fulfilled. Forcing vernalization now (VERN=47.688571).
[2026-03-13 14:35:18,864][pcse.crop.phenology.Vernalisation][INFO] - Critical DVS for vernalization (VERNDVS) reached at day 1984-06-20, but vernalization requirements not yet fulfilled. Forcing vernalization now (VERN=47.688571).
[2026-03-13 14:35:18,878][pcse.crop.phenology.Vernalisation][INFO] - Critical DVS for vernalization (VERNDVS) reached at day 1984-06-21, but vernalization requirements not yet fulfilled. Forcing vernalization now (VERN=47.688571).
[2026-03-13 14:35:18,891][pcse.crop.phenology.Vernalisation][INFO] - Critical DVS for vernalization (VERNDVS) reached at day 1984-06-22, but vernalization requirements not yet fulfilled. Forcing vernalization now (VERN=47.688571).
[2026-03-13 14:35:18,905][pcse.crop.phenology.Vernalisation][INFO] - Critical DVS for vernalization (VERNDVS) reached at day 1984-06-23, but vernalization requirements not yet fulfilled. Forcing vernalization now (VERN=47.688571).
[2026-03-13 14:35:18,919][pcse.crop.phenology.Vernalisation][INFO] - Critical DVS for vernalization (VERNDVS) reached at day 1984-06-24, but vernalization requirements not yet fulfilled. Forcing vernalization now (VERN=47.688571).
[2026-03-13 14:35:18,933][pcse.crop.phenology.Vernalisation][INFO] - Critical DVS for vernalization (VERNDVS) reached at day 1984-06-25, but vernalization requirements not yet fulfilled. Forcing vernalization now (VERN=47.688571).
[2026-03-13 14:35:18,947][pcse.crop.phenology.Vernalisation][INFO] - Critical DVS for vernalization (VERNDVS) reached at day 1984-06-26, but vernalization requirements not yet fulfilled. Forcing vernalization now (VERN=47.688571).
[2026-03-13 14:35:18,962][pcse.crop.phenology.Vernalisation][INFO] - Critical DVS for vernalization (VERNDVS) reached at day 1984-06-27, but vernalization requirements not yet fulfilled. Forcing vernalization now (VERN=47.688571).
[2026-03-13 14:35:18,976][pcse.crop.phenology.Vernalisation][INFO] - Critical DVS for vernalization (VERNDVS) reached at day 1984-06-28, but vernalization requirements not yet fulfilled. Forcing vernalization now (VERN=47.688571).
[2026-03-13 14:35:18,990][pcse.crop.phenology.Vernalisation][INFO] - Critical DVS for vernalization (VERNDVS) reached at day 1984-06-29, but vernalization requirements not yet fulfilled. Forcing vernalization now (VERN=47.688571).
[2026-03-13 14:35:18,991][pcse.crop.phenology.Annual_Phenology][INFO] - Changed phenological stage 'vegetative' to 'reproductive' on 1984-06-29
[2026-03-13 14:35:20,289][pcse.crop.phenology.Annual_Phenology][INFO] - Changed phenological stage 'reproductive' to 'mature' on 1984-09-13
[2026-03-13 14:35:20,548][pcse.base.timer.Timer][INFO] - Reached end of simulation period as specified by END_DATE.
| train          | E: 59 | S: 14219 | R: -8654.7701 | TR: 56.7101 | TF: 512 | LR: 512 | NR: 0 | D: 04.1 s | TD: 00.0 s | BR: -17.6618 | ALOSS: 17166.2844 | CLOSS: 2569061.2934 | TLOSS: -340.9476 | TVAL: 0.2225 | AENT: -1533.4623 | BCLOSS: 0.0000
[2026-03-13 14:35:20,554][pcse.agromanager.SoilCalendar][INFO] - Starting soil (oregon) with variation (oregon_1) on day 1984-02-01
[2026-03-13 14:35:20,555][pcse.agromanager.CropCalendar][INFO] - Starting crop (wheat) with variety (wheat_1) on day 1984-02-01
[2026-03-13 14:35:21,547][pcse.crop.phenology.Annual_Phenology][INFO] - Changed phenological stage 'emerging' to 'vegetative' on 1984-04-10
[2026-03-13 14:35:22,253][pcse.crop.phenology.Vernalisation][INFO] - Critical DVS for vernalization (VERNDVS) reached at day 1984-06-02, but vernalization requirements not yet fulfilled. Forcing vernalization now (VERN=47.688571).
[2026-03-13 14:35:22,267][pcse.crop.phenology.Vernalisation][INFO] - Critical DVS for vernalization (VERNDVS) reached at day 1984-06-03, but vernalization requirements not yet fulfilled. Forcing vernalization now (VERN=47.688571).
[2026-03-13 14:35:22,281][pcse.crop.phenology.Vernalisation][INFO] - Critical DVS for vernalization (VERNDVS) reached at day 1984-06-04, but vernalization requirements not yet fulfilled. Forcing vernalization now (VERN=47.688571).
[2026-03-13 14:35:22,295][pcse.crop.phenology.Vernalisation][INFO] - Critical DVS for vernalization (VERNDVS) reached at day 1984-06-05, but vernalization requirements not yet fulfilled. Forcing vernalization now (VERN=47.688571).
[2026-03-13 14:35:22,309][pcse.crop.phenology.Vernalisation][INFO] - Critical DVS for vernalization (VERNDVS) reached at day 1984-06-06, but vernalization requirements not yet fulfilled. Forcing vernalization now (VERN=47.688571).
[2026-03-13 14:35:22,322][pcse.crop.phenology.Vernalisation][INFO] - Critical DVS for vernalization (VERNDVS) reached at day 1984-06-07, but vernalization requirements not yet fulfilled. Forcing vernalization now (VERN=47.688571).
[2026-03-13 14:35:22,336][pcse.crop.phenology.Vernalisation][INFO] - Critical DVS for vernalization (VERNDVS) reached at day 1984-06-08, but vernalization requirements not yet fulfilled. Forcing vernalization now (VERN=47.688571).
[2026-03-13 14:35:22,350][pcse.crop.phenology.Vernalisation][INFO] - Critical DVS for vernalization (VERNDVS) reached at day 1984-06-09, but vernalization requirements not yet fulfilled. Forcing vernalization now (VERN=47.688571).
[2026-03-13 14:35:22,364][pcse.crop.phenology.Vernalisation][INFO] - Critical DVS for vernalization (VERNDVS) reached at day 1984-06-10, but vernalization requirements not yet fulfilled. Forcing vernalization now (VERN=47.688571).
[2026-03-13 14:35:22,379][pcse.crop.phenology.Vernalisation][INFO] - Critical DVS for vernalization (VERNDVS) reached at day 1984-06-11, but vernalization requirements not yet fulfilled. Forcing vernalization now (VERN=47.688571).
[2026-03-13 14:35:22,393][pcse.crop.phenology.Vernalisation][INFO] - Critical DVS for vernalization (VERNDVS) reached at day 1984-06-12, but vernalization requirements not yet fulfilled. Forcing vernalization now (VERN=47.688571).
[2026-03-13 14:35:22,407][pcse.crop.phenology.Vernalisation][INFO] - Critical DVS for vernalization (VERNDVS) reached at day 1984-06-13, but vernalization requirements not yet fulfilled. Forcing vernalization now (VERN=47.688571).
[2026-03-13 14:35:22,421][pcse.crop.phenology.Vernalisation][INFO] - Critical DVS for vernalization (VERNDVS) reached at day 1984-06-14, but vernalization requirements not yet fulfilled. Forcing vernalization now (VERN=47.688571).
[2026-03-13 14:35:22,435][pcse.crop.phenology.Vernalisation][INFO] - Critical DVS for vernalization (VERNDVS) reached at day 1984-06-15, but vernalization requirements not yet fulfilled. Forcing vernalization now (VERN=47.688571).
[2026-03-13 14:35:22,449][pcse.crop.phenology.Vernalisation][INFO] - Critical DVS for vernalization (VERNDVS) reached at day 1984-06-16, but vernalization requirements not yet fulfilled. Forcing vernalization now (VERN=47.688571).
[2026-03-13 14:35:22,463][pcse.crop.phenology.Vernalisation][INFO] - Critical DVS for vernalization (VERNDVS) reached at day 1984-06-17, but vernalization requirements not yet fulfilled. Forcing vernalization now (VERN=47.688571).
[2026-03-13 14:35:22,477][pcse.crop.phenology.Vernalisation][INFO] - Critical DVS for vernalization (VERNDVS) reached at day 1984-06-18, but vernalization requirements not yet fulfilled. Forcing vernalization now (VERN=47.688571).
[2026-03-13 14:35:22,491][pcse.crop.phenology.Vernalisation][INFO] - Critical DVS for vernalization (VERNDVS) reached at day 1984-06-19, but vernalization requirements not yet fulfilled. Forcing vernalization now (VERN=47.688571).
[2026-03-13 14:35:22,505][pcse.crop.phenology.Vernalisation][INFO] - Critical DVS for vernalization (VERNDVS) reached at day 1984-06-20, but vernalization requirements not yet fulfilled. Forcing vernalization now (VERN=47.688571).
[2026-03-13 14:35:22,519][pcse.crop.phenology.Vernalisation][INFO] - Critical DVS for vernalization (VERNDVS) reached at day 1984-06-21, but vernalization requirements not yet fulfilled. Forcing vernalization now (VERN=47.688571).
[2026-03-13 14:35:22,533][pcse.crop.phenology.Vernalisation][INFO] - Critical DVS for vernalization (VERNDVS) reached at day 1984-06-22, but vernalization requirements not yet fulfilled. Forcing vernalization now (VERN=47.688571).
[2026-03-13 14:35:22,547][pcse.crop.phenology.Vernalisation][INFO] - Critical DVS for vernalization (VERNDVS) reached at day 1984-06-23, but vernalization requirements not yet fulfilled. Forcing vernalization now (VERN=47.688571).
[2026-03-13 14:35:22,561][pcse.crop.phenology.Vernalisation][INFO] - Critical DVS for vernalization (VERNDVS) reached at day 1984-06-24, but vernalization requirements not yet fulfilled. Forcing vernalization now (VERN=47.688571).
[2026-03-13 14:35:22,574][pcse.crop.phenology.Vernalisation][INFO] - Critical DVS for vernalization (VERNDVS) reached at day 1984-06-25, but vernalization requirements not yet fulfilled. Forcing vernalization now (VERN=47.688571).
[2026-03-13 14:35:22,588][pcse.crop.phenology.Vernalisation][INFO] - Critical DVS for vernalization (VERNDVS) reached at day 1984-06-26, but vernalization requirements not yet fulfilled. Forcing vernalization now (VERN=47.688571).
[2026-03-13 14:35:22,602][pcse.crop.phenology.Vernalisation][INFO] - Critical DVS for vernalization (VERNDVS) reached at day 1984-06-27, but vernalization requirements not yet fulfilled. Forcing vernalization now (VERN=47.688571).
[2026-03-13 14:35:22,616][pcse.crop.phenology.Vernalisation][INFO] - Critical DVS for vernalization (VERNDVS) reached at day 1984-06-28, but vernalization requirements not yet fulfilled. Forcing vernalization now (VERN=47.688571).
[2026-03-13 14:35:22,631][pcse.crop.phenology.Vernalisation][INFO] - Critical DVS for vernalization (VERNDVS) reached at day 1984-06-29, but vernalization requirements not yet fulfilled. Forcing vernalization now (VERN=47.688571).
[2026-03-13 14:35:22,631][pcse.crop.phenology.Annual_Phenology][INFO] - Changed phenological stage 'vegetative' to 'reproductive' on 1984-06-29
[2026-03-13 14:35:24,006][pcse.crop.phenology.Annual_Phenology][INFO] - Changed phenological stage 'reproductive' to 'mature' on 1984-09-13
[2026-03-13 14:35:24,278][pcse.base.timer.Timer][INFO] - Reached end of simulation period as specified by END_DATE.
| train          | E: 60 | S: 14460 | R: -8322.0984 | TR: 42.9541 | TF: 512 | LR: 512 | NR: 0 | D: 03.7 s | TD: 00.0 s | BR: -18.1878 | ALOSS: 17238.4075 | CLOSS: 2691894.0623 | TLOSS: -340.2869 | TVAL: 0.2291 | AENT: -1486.6251 | BCLOSS: 0.0000
[2026-03-13 14:35:24,285][pcse.agromanager.SoilCalendar][INFO] - Starting soil (oregon) with variation (oregon_1) on day 1984-02-01
[2026-03-13 14:35:24,287][pcse.agromanager.CropCalendar][INFO] - Starting crop (wheat) with variety (wheat_1) on day 1984-02-01
[DBG] step=14500 r_hat=-38.875816
[2026-03-13 14:35:25,524][pcse.crop.phenology.Annual_Phenology][INFO] - Changed phenological stage 'emerging' to 'vegetative' on 1984-04-10
[2026-03-13 14:35:26,341][pcse.crop.phenology.Vernalisation][INFO] - Critical DVS for vernalization (VERNDVS) reached at day 1984-06-02, but vernalization requirements not yet fulfilled. Forcing vernalization now (VERN=47.688571).
[2026-03-13 14:35:26,357][pcse.crop.phenology.Vernalisation][INFO] - Critical DVS for vernalization (VERNDVS) reached at day 1984-06-03, but vernalization requirements not yet fulfilled. Forcing vernalization now (VERN=47.688571).
[2026-03-13 14:35:26,372][pcse.crop.phenology.Vernalisation][INFO] - Critical DVS for vernalization (VERNDVS) reached at day 1984-06-04, but vernalization requirements not yet fulfilled. Forcing vernalization now (VERN=47.688571).
[2026-03-13 14:35:26,388][pcse.crop.phenology.Vernalisation][INFO] - Critical DVS for vernalization (VERNDVS) reached at day 1984-06-05, but vernalization requirements not yet fulfilled. Forcing vernalization now (VERN=47.688571).
[2026-03-13 14:35:26,403][pcse.crop.phenology.Vernalisation][INFO] - Critical DVS for vernalization (VERNDVS) reached at day 1984-06-06, but vernalization requirements not yet fulfilled. Forcing vernalization now (VERN=47.688571).
[2026-03-13 14:35:26,419][pcse.crop.phenology.Vernalisation][INFO] - Critical DVS for vernalization (VERNDVS) reached at day 1984-06-07, but vernalization requirements not yet fulfilled. Forcing vernalization now (VERN=47.688571).
[2026-03-13 14:35:26,434][pcse.crop.phenology.Vernalisation][INFO] - Critical DVS for vernalization (VERNDVS) reached at day 1984-06-08, but vernalization requirements not yet fulfilled. Forcing vernalization now (VERN=47.688571).
[2026-03-13 14:35:26,450][pcse.crop.phenology.Vernalisation][INFO] - Critical DVS for vernalization (VERNDVS) reached at day 1984-06-09, but vernalization requirements not yet fulfilled. Forcing vernalization now (VERN=47.688571).
[2026-03-13 14:35:26,465][pcse.crop.phenology.Vernalisation][INFO] - Critical DVS for vernalization (VERNDVS) reached at day 1984-06-10, but vernalization requirements not yet fulfilled. Forcing vernalization now (VERN=47.688571).
[2026-03-13 14:35:26,482][pcse.crop.phenology.Vernalisation][INFO] - Critical DVS for vernalization (VERNDVS) reached at day 1984-06-11, but vernalization requirements not yet fulfilled. Forcing vernalization now (VERN=47.688571).
[2026-03-13 14:35:26,498][pcse.crop.phenology.Vernalisation][INFO] - Critical DVS for vernalization (VERNDVS) reached at day 1984-06-12, but vernalization requirements not yet fulfilled. Forcing vernalization now (VERN=47.688571).
[2026-03-13 14:35:26,513][pcse.crop.phenology.Vernalisation][INFO] - Critical DVS for vernalization (VERNDVS) reached at day 1984-06-13, but vernalization requirements not yet fulfilled. Forcing vernalization now (VERN=47.688571).
[2026-03-13 14:35:26,529][pcse.crop.phenology.Vernalisation][INFO] - Critical DVS for vernalization (VERNDVS) reached at day 1984-06-14, but vernalization requirements not yet fulfilled. Forcing vernalization now (VERN=47.688571).
[2026-03-13 14:35:26,544][pcse.crop.phenology.Vernalisation][INFO] - Critical DVS for vernalization (VERNDVS) reached at day 1984-06-15, but vernalization requirements not yet fulfilled. Forcing vernalization now (VERN=47.688571).
[2026-03-13 14:35:26,560][pcse.crop.phenology.Vernalisation][INFO] - Critical DVS for vernalization (VERNDVS) reached at day 1984-06-16, but vernalization requirements not yet fulfilled. Forcing vernalization now (VERN=47.688571).
[2026-03-13 14:35:26,575][pcse.crop.phenology.Vernalisation][INFO] - Critical DVS for vernalization (VERNDVS) reached at day 1984-06-17, but vernalization requirements not yet fulfilled. Forcing vernalization now (VERN=47.688571).
[2026-03-13 14:35:26,591][pcse.crop.phenology.Vernalisation][INFO] - Critical DVS for vernalization (VERNDVS) reached at day 1984-06-18, but vernalization requirements not yet fulfilled. Forcing vernalization now (VERN=47.688571).
[2026-03-13 14:35:26,606][pcse.crop.phenology.Vernalisation][INFO] - Critical DVS for vernalization (VERNDVS) reached at day 1984-06-19, but vernalization requirements not yet fulfilled. Forcing vernalization now (VERN=47.688571).
[2026-03-13 14:35:26,622][pcse.crop.phenology.Vernalisation][INFO] - Critical DVS for vernalization (VERNDVS) reached at day 1984-06-20, but vernalization requirements not yet fulfilled. Forcing vernalization now (VERN=47.688571).
[2026-03-13 14:35:26,637][pcse.crop.phenology.Vernalisation][INFO] - Critical DVS for vernalization (VERNDVS) reached at day 1984-06-21, but vernalization requirements not yet fulfilled. Forcing vernalization now (VERN=47.688571).
[2026-03-13 14:35:26,951][pcse.crop.phenology.Vernalisation][INFO] - Critical DVS for vernalization (VERNDVS) reached at day 1984-06-22, but vernalization requirements not yet fulfilled. Forcing vernalization now (VERN=47.688571).
[2026-03-13 14:35:26,980][pcse.crop.phenology.Vernalisation][INFO] - Critical DVS for vernalization (VERNDVS) reached at day 1984-06-23, but vernalization requirements not yet fulfilled. Forcing vernalization now (VERN=47.688571).
[2026-03-13 14:35:27,004][pcse.crop.phenology.Vernalisation][INFO] - Critical DVS for vernalization (VERNDVS) reached at day 1984-06-24, but vernalization requirements not yet fulfilled. Forcing vernalization now (VERN=47.688571).
[2026-03-13 14:35:27,023][pcse.crop.phenology.Vernalisation][INFO] - Critical DVS for vernalization (VERNDVS) reached at day 1984-06-25, but vernalization requirements not yet fulfilled. Forcing vernalization now (VERN=47.688571).
[2026-03-13 14:35:27,038][pcse.crop.phenology.Vernalisation][INFO] - Critical DVS for vernalization (VERNDVS) reached at day 1984-06-26, but vernalization requirements not yet fulfilled. Forcing vernalization now (VERN=47.688571).
[2026-03-13 14:35:27,053][pcse.crop.phenology.Vernalisation][INFO] - Critical DVS for vernalization (VERNDVS) reached at day 1984-06-27, but vernalization requirements not yet fulfilled. Forcing vernalization now (VERN=47.688571).
[2026-03-13 14:35:27,070][pcse.crop.phenology.Vernalisation][INFO] - Critical DVS for vernalization (VERNDVS) reached at day 1984-06-28, but vernalization requirements not yet fulfilled. Forcing vernalization now (VERN=47.688571).
[2026-03-13 14:35:27,085][pcse.crop.phenology.Vernalisation][INFO] - Critical DVS for vernalization (VERNDVS) reached at day 1984-06-29, but vernalization requirements not yet fulfilled. Forcing vernalization now (VERN=47.688571).
[2026-03-13 14:35:27,085][pcse.crop.phenology.Annual_Phenology][INFO] - Changed phenological stage 'vegetative' to 'reproductive' on 1984-06-29
[2026-03-13 14:35:28,257][pcse.crop.phenology.Annual_Phenology][INFO] - Changed phenological stage 'reproductive' to 'mature' on 1984-09-13
[2026-03-13 14:35:28,518][pcse.base.timer.Timer][INFO] - Reached end of simulation period as specified by END_DATE.
| train          | E: 61 | S: 14701 | R: -8275.9385 | TR: 22.1076 | TF: 512 | LR: 512 | NR: 0 | D: 04.2 s | TD: 00.0 s | BR: -18.1791 | ALOSS: 17322.9890 | CLOSS: 2591370.5357 | TLOSS: -340.9915 | TVAL: 0.2354 | AENT: -1449.3779 | BCLOSS: 0.0000
[2026-03-13 14:35:28,525][pcse.agromanager.SoilCalendar][INFO] - Starting soil (oregon) with variation (oregon_1) on day 1984-02-01
[2026-03-13 14:35:28,527][pcse.agromanager.CropCalendar][INFO] - Starting crop (wheat) with variety (wheat_1) on day 1984-02-01
[2026-03-13 14:35:29,776][pcse.crop.phenology.Annual_Phenology][INFO] - Changed phenological stage 'emerging' to 'vegetative' on 1984-04-10
[2026-03-13 14:35:30,882][pcse.crop.phenology.Vernalisation][INFO] - Critical DVS for vernalization (VERNDVS) reached at day 1984-06-02, but vernalization requirements not yet fulfilled. Forcing vernalization now (VERN=47.688571).
[2026-03-13 14:35:30,896][pcse.crop.phenology.Vernalisation][INFO] - Critical DVS for vernalization (VERNDVS) reached at day 1984-06-03, but vernalization requirements not yet fulfilled. Forcing vernalization now (VERN=47.688571).
[2026-03-13 14:35:30,910][pcse.crop.phenology.Vernalisation][INFO] - Critical DVS for vernalization (VERNDVS) reached at day 1984-06-04, but vernalization requirements not yet fulfilled. Forcing vernalization now (VERN=47.688571).
[2026-03-13 14:35:30,924][pcse.crop.phenology.Vernalisation][INFO] - Critical DVS for vernalization (VERNDVS) reached at day 1984-06-05, but vernalization requirements not yet fulfilled. Forcing vernalization now (VERN=47.688571).
[2026-03-13 14:35:30,938][pcse.crop.phenology.Vernalisation][INFO] - Critical DVS for vernalization (VERNDVS) reached at day 1984-06-06, but vernalization requirements not yet fulfilled. Forcing vernalization now (VERN=47.688571).
[2026-03-13 14:35:30,952][pcse.crop.phenology.Vernalisation][INFO] - Critical DVS for vernalization (VERNDVS) reached at day 1984-06-07, but vernalization requirements not yet fulfilled. Forcing vernalization now (VERN=47.688571).
[2026-03-13 14:35:30,966][pcse.crop.phenology.Vernalisation][INFO] - Critical DVS for vernalization (VERNDVS) reached at day 1984-06-08, but vernalization requirements not yet fulfilled. Forcing vernalization now (VERN=47.688571).
[2026-03-13 14:35:30,981][pcse.crop.phenology.Vernalisation][INFO] - Critical DVS for vernalization (VERNDVS) reached at day 1984-06-09, but vernalization requirements not yet fulfilled. Forcing vernalization now (VERN=47.688571).
[2026-03-13 14:35:30,995][pcse.crop.phenology.Vernalisation][INFO] - Critical DVS for vernalization (VERNDVS) reached at day 1984-06-10, but vernalization requirements not yet fulfilled. Forcing vernalization now (VERN=47.688571).
[2026-03-13 14:35:31,009][pcse.crop.phenology.Vernalisation][INFO] - Critical DVS for vernalization (VERNDVS) reached at day 1984-06-11, but vernalization requirements not yet fulfilled. Forcing vernalization now (VERN=47.688571).
[2026-03-13 14:35:31,023][pcse.crop.phenology.Vernalisation][INFO] - Critical DVS for vernalization (VERNDVS) reached at day 1984-06-12, but vernalization requirements not yet fulfilled. Forcing vernalization now (VERN=47.688571).
[2026-03-13 14:35:31,036][pcse.crop.phenology.Vernalisation][INFO] - Critical DVS for vernalization (VERNDVS) reached at day 1984-06-13, but vernalization requirements not yet fulfilled. Forcing vernalization now (VERN=47.688571).
[2026-03-13 14:35:31,050][pcse.crop.phenology.Vernalisation][INFO] - Critical DVS for vernalization (VERNDVS) reached at day 1984-06-14, but vernalization requirements not yet fulfilled. Forcing vernalization now (VERN=47.688571).
[2026-03-13 14:35:31,064][pcse.crop.phenology.Vernalisation][INFO] - Critical DVS for vernalization (VERNDVS) reached at day 1984-06-15, but vernalization requirements not yet fulfilled. Forcing vernalization now (VERN=47.688571).
[2026-03-13 14:35:31,078][pcse.crop.phenology.Vernalisation][INFO] - Critical DVS for vernalization (VERNDVS) reached at day 1984-06-16, but vernalization requirements not yet fulfilled. Forcing vernalization now (VERN=47.688571).
[2026-03-13 14:35:31,092][pcse.crop.phenology.Vernalisation][INFO] - Critical DVS for vernalization (VERNDVS) reached at day 1984-06-17, but vernalization requirements not yet fulfilled. Forcing vernalization now (VERN=47.688571).
[2026-03-13 14:35:31,106][pcse.crop.phenology.Vernalisation][INFO] - Critical DVS for vernalization (VERNDVS) reached at day 1984-06-18, but vernalization requirements not yet fulfilled. Forcing vernalization now (VERN=47.688571).
[2026-03-13 14:35:31,119][pcse.crop.phenology.Vernalisation][INFO] - Critical DVS for vernalization (VERNDVS) reached at day 1984-06-19, but vernalization requirements not yet fulfilled. Forcing vernalization now (VERN=47.688571).
[2026-03-13 14:35:31,133][pcse.crop.phenology.Vernalisation][INFO] - Critical DVS for vernalization (VERNDVS) reached at day 1984-06-20, but vernalization requirements not yet fulfilled. Forcing vernalization now (VERN=47.688571).
[2026-03-13 14:35:31,147][pcse.crop.phenology.Vernalisation][INFO] - Critical DVS for vernalization (VERNDVS) reached at day 1984-06-21, but vernalization requirements not yet fulfilled. Forcing vernalization now (VERN=47.688571).
[2026-03-13 14:35:31,162][pcse.crop.phenology.Vernalisation][INFO] - Critical DVS for vernalization (VERNDVS) reached at day 1984-06-22, but vernalization requirements not yet fulfilled. Forcing vernalization now (VERN=47.688571).
[2026-03-13 14:35:31,176][pcse.crop.phenology.Vernalisation][INFO] - Critical DVS for vernalization (VERNDVS) reached at day 1984-06-23, but vernalization requirements not yet fulfilled. Forcing vernalization now (VERN=47.688571).
[2026-03-13 14:35:31,190][pcse.crop.phenology.Vernalisation][INFO] - Critical DVS for vernalization (VERNDVS) reached at day 1984-06-24, but vernalization requirements not yet fulfilled. Forcing vernalization now (VERN=47.688571).
[2026-03-13 14:35:31,204][pcse.crop.phenology.Vernalisation][INFO] - Critical DVS for vernalization (VERNDVS) reached at day 1984-06-25, but vernalization requirements not yet fulfilled. Forcing vernalization now (VERN=47.688571).
[2026-03-13 14:35:31,217][pcse.crop.phenology.Vernalisation][INFO] - Critical DVS for vernalization (VERNDVS) reached at day 1984-06-26, but vernalization requirements not yet fulfilled. Forcing vernalization now (VERN=47.688571).
[2026-03-13 14:35:31,231][pcse.crop.phenology.Vernalisation][INFO] - Critical DVS for vernalization (VERNDVS) reached at day 1984-06-27, but vernalization requirements not yet fulfilled. Forcing vernalization now (VERN=47.688571).
[2026-03-13 14:35:31,245][pcse.crop.phenology.Vernalisation][INFO] - Critical DVS for vernalization (VERNDVS) reached at day 1984-06-28, but vernalization requirements not yet fulfilled. Forcing vernalization now (VERN=47.688571).
[2026-03-13 14:35:31,259][pcse.crop.phenology.Vernalisation][INFO] - Critical DVS for vernalization (VERNDVS) reached at day 1984-06-29, but vernalization requirements not yet fulfilled. Forcing vernalization now (VERN=47.688571).
[2026-03-13 14:35:31,259][pcse.crop.phenology.Annual_Phenology][INFO] - Changed phenological stage 'vegetative' to 'reproductive' on 1984-06-29
[2026-03-13 14:35:32,299][pcse.crop.phenology.Annual_Phenology][INFO] - Changed phenological stage 'reproductive' to 'mature' on 1984-09-13
[2026-03-13 14:35:32,527][pcse.base.timer.Timer][INFO] - Reached end of simulation period as specified by END_DATE.
| train          | E: 62 | S: 14942 | R: -8322.9514 | TR: 27.2508 | TF: 512 | LR: 512 | NR: 0 | D: 04.0 s | TD: 00.0 s | BR: -18.5005 | ALOSS: 17356.7231 | CLOSS: 2688026.0659 | TLOSS: -342.6563 | TVAL: 0.2417 | AENT: -1418.9778 | BCLOSS: 0.0000
[2026-03-13 14:35:32,532][pcse.agromanager.SoilCalendar][INFO] - Starting soil (oregon) with variation (oregon_1) on day 1984-02-01
[2026-03-13 14:35:32,534][pcse.agromanager.CropCalendar][INFO] - Starting crop (wheat) with variety (wheat_1) on day 1984-02-01
[DBG] step=15000 r_hat=22.961426
[2026-03-13 14:35:33,843][pcse.crop.phenology.Annual_Phenology][INFO] - Changed phenological stage 'emerging' to 'vegetative' on 1984-04-10
[2026-03-13 14:35:34,551][pcse.crop.phenology.Vernalisation][INFO] - Critical DVS for vernalization (VERNDVS) reached at day 1984-06-02, but vernalization requirements not yet fulfilled. Forcing vernalization now (VERN=47.688571).
[2026-03-13 14:35:34,564][pcse.crop.phenology.Vernalisation][INFO] - Critical DVS for vernalization (VERNDVS) reached at day 1984-06-03, but vernalization requirements not yet fulfilled. Forcing vernalization now (VERN=47.688571).
[2026-03-13 14:35:34,578][pcse.crop.phenology.Vernalisation][INFO] - Critical DVS for vernalization (VERNDVS) reached at day 1984-06-04, but vernalization requirements not yet fulfilled. Forcing vernalization now (VERN=47.688571).
[2026-03-13 14:35:34,592][pcse.crop.phenology.Vernalisation][INFO] - Critical DVS for vernalization (VERNDVS) reached at day 1984-06-05, but vernalization requirements not yet fulfilled. Forcing vernalization now (VERN=47.688571).
[2026-03-13 14:35:34,606][pcse.crop.phenology.Vernalisation][INFO] - Critical DVS for vernalization (VERNDVS) reached at day 1984-06-06, but vernalization requirements not yet fulfilled. Forcing vernalization now (VERN=47.688571).
[2026-03-13 14:35:34,619][pcse.crop.phenology.Vernalisation][INFO] - Critical DVS for vernalization (VERNDVS) reached at day 1984-06-07, but vernalization requirements not yet fulfilled. Forcing vernalization now (VERN=47.688571).
[2026-03-13 14:35:34,633][pcse.crop.phenology.Vernalisation][INFO] - Critical DVS for vernalization (VERNDVS) reached at day 1984-06-08, but vernalization requirements not yet fulfilled. Forcing vernalization now (VERN=47.688571).
[2026-03-13 14:35:34,646][pcse.crop.phenology.Vernalisation][INFO] - Critical DVS for vernalization (VERNDVS) reached at day 1984-06-09, but vernalization requirements not yet fulfilled. Forcing vernalization now (VERN=47.688571).
[2026-03-13 14:35:34,660][pcse.crop.phenology.Vernalisation][INFO] - Critical DVS for vernalization (VERNDVS) reached at day 1984-06-10, but vernalization requirements not yet fulfilled. Forcing vernalization now (VERN=47.688571).
[2026-03-13 14:35:34,674][pcse.crop.phenology.Vernalisation][INFO] - Critical DVS for vernalization (VERNDVS) reached at day 1984-06-11, but vernalization requirements not yet fulfilled. Forcing vernalization now (VERN=47.688571).
[2026-03-13 14:35:34,687][pcse.crop.phenology.Vernalisation][INFO] - Critical DVS for vernalization (VERNDVS) reached at day 1984-06-12, but vernalization requirements not yet fulfilled. Forcing vernalization now (VERN=47.688571).
[2026-03-13 14:35:34,701][pcse.crop.phenology.Vernalisation][INFO] - Critical DVS for vernalization (VERNDVS) reached at day 1984-06-13, but vernalization requirements not yet fulfilled. Forcing vernalization now (VERN=47.688571).
[2026-03-13 14:35:34,714][pcse.crop.phenology.Vernalisation][INFO] - Critical DVS for vernalization (VERNDVS) reached at day 1984-06-14, but vernalization requirements not yet fulfilled. Forcing vernalization now (VERN=47.688571).
[2026-03-13 14:35:34,728][pcse.crop.phenology.Vernalisation][INFO] - Critical DVS for vernalization (VERNDVS) reached at day 1984-06-15, but vernalization requirements not yet fulfilled. Forcing vernalization now (VERN=47.688571).
[2026-03-13 14:35:34,741][pcse.crop.phenology.Vernalisation][INFO] - Critical DVS for vernalization (VERNDVS) reached at day 1984-06-16, but vernalization requirements not yet fulfilled. Forcing vernalization now (VERN=47.688571).
[2026-03-13 14:35:34,755][pcse.crop.phenology.Vernalisation][INFO] - Critical DVS for vernalization (VERNDVS) reached at day 1984-06-17, but vernalization requirements not yet fulfilled. Forcing vernalization now (VERN=47.688571).
[2026-03-13 14:35:34,769][pcse.crop.phenology.Vernalisation][INFO] - Critical DVS for vernalization (VERNDVS) reached at day 1984-06-18, but vernalization requirements not yet fulfilled. Forcing vernalization now (VERN=47.688571).
[2026-03-13 14:35:34,782][pcse.crop.phenology.Vernalisation][INFO] - Critical DVS for vernalization (VERNDVS) reached at day 1984-06-19, but vernalization requirements not yet fulfilled. Forcing vernalization now (VERN=47.688571).
[2026-03-13 14:35:34,796][pcse.crop.phenology.Vernalisation][INFO] - Critical DVS for vernalization (VERNDVS) reached at day 1984-06-20, but vernalization requirements not yet fulfilled. Forcing vernalization now (VERN=47.688571).
[2026-03-13 14:35:34,810][pcse.crop.phenology.Vernalisation][INFO] - Critical DVS for vernalization (VERNDVS) reached at day 1984-06-21, but vernalization requirements not yet fulfilled. Forcing vernalization now (VERN=47.688571).
[2026-03-13 14:35:34,824][pcse.crop.phenology.Vernalisation][INFO] - Critical DVS for vernalization (VERNDVS) reached at day 1984-06-22, but vernalization requirements not yet fulfilled. Forcing vernalization now (VERN=47.688571).
[2026-03-13 14:35:34,837][pcse.crop.phenology.Vernalisation][INFO] - Critical DVS for vernalization (VERNDVS) reached at day 1984-06-23, but vernalization requirements not yet fulfilled. Forcing vernalization now (VERN=47.688571).
[2026-03-13 14:35:34,850][pcse.crop.phenology.Vernalisation][INFO] - Critical DVS for vernalization (VERNDVS) reached at day 1984-06-24, but vernalization requirements not yet fulfilled. Forcing vernalization now (VERN=47.688571).
[2026-03-13 14:35:34,864][pcse.crop.phenology.Vernalisation][INFO] - Critical DVS for vernalization (VERNDVS) reached at day 1984-06-25, but vernalization requirements not yet fulfilled. Forcing vernalization now (VERN=47.688571).
[2026-03-13 14:35:34,877][pcse.crop.phenology.Vernalisation][INFO] - Critical DVS for vernalization (VERNDVS) reached at day 1984-06-26, but vernalization requirements not yet fulfilled. Forcing vernalization now (VERN=47.688571).
[2026-03-13 14:35:34,890][pcse.crop.phenology.Vernalisation][INFO] - Critical DVS for vernalization (VERNDVS) reached at day 1984-06-27, but vernalization requirements not yet fulfilled. Forcing vernalization now (VERN=47.688571).
[2026-03-13 14:35:34,904][pcse.crop.phenology.Vernalisation][INFO] - Critical DVS for vernalization (VERNDVS) reached at day 1984-06-28, but vernalization requirements not yet fulfilled. Forcing vernalization now (VERN=47.688571).
[2026-03-13 14:35:34,917][pcse.crop.phenology.Vernalisation][INFO] - Critical DVS for vernalization (VERNDVS) reached at day 1984-06-29, but vernalization requirements not yet fulfilled. Forcing vernalization now (VERN=47.688571).
[2026-03-13 14:35:34,917][pcse.crop.phenology.Annual_Phenology][INFO] - Changed phenological stage 'vegetative' to 'reproductive' on 1984-06-29
[2026-03-13 14:35:35,915][pcse.crop.phenology.Annual_Phenology][INFO] - Changed phenological stage 'reproductive' to 'mature' on 1984-09-13
[2026-03-13 14:35:36,140][pcse.base.timer.Timer][INFO] - Reached end of simulation period as specified by END_DATE.
| train          | E: 63 | S: 15183 | R: -8436.7671 | TR: 44.9050 | TF: 512 | LR: 512 | NR: 0 | D: 03.6 s | TD: 00.0 s | BR: -18.6910 | ALOSS: 17387.4993 | CLOSS: 2610646.5669 | TLOSS: -339.3869 | TVAL: 0.2477 | AENT: -1371.5260 | BCLOSS: 0.0000
[2026-03-13 14:35:36,144][pcse.agromanager.SoilCalendar][INFO] - Starting soil (oregon) with variation (oregon_1) on day 1984-02-01
[2026-03-13 14:35:36,146][pcse.agromanager.CropCalendar][INFO] - Starting crop (wheat) with variety (wheat_1) on day 1984-02-01
[2026-03-13 14:35:37,552][pcse.crop.phenology.Annual_Phenology][INFO] - Changed phenological stage 'emerging' to 'vegetative' on 1984-04-10
[2026-03-13 14:35:38,272][pcse.crop.phenology.Vernalisation][INFO] - Critical DVS for vernalization (VERNDVS) reached at day 1984-06-02, but vernalization requirements not yet fulfilled. Forcing vernalization now (VERN=47.688571).
[2026-03-13 14:35:38,286][pcse.crop.phenology.Vernalisation][INFO] - Critical DVS for vernalization (VERNDVS) reached at day 1984-06-03, but vernalization requirements not yet fulfilled. Forcing vernalization now (VERN=47.688571).
[2026-03-13 14:35:38,300][pcse.crop.phenology.Vernalisation][INFO] - Critical DVS for vernalization (VERNDVS) reached at day 1984-06-04, but vernalization requirements not yet fulfilled. Forcing vernalization now (VERN=47.688571).
[2026-03-13 14:35:38,314][pcse.crop.phenology.Vernalisation][INFO] - Critical DVS for vernalization (VERNDVS) reached at day 1984-06-05, but vernalization requirements not yet fulfilled. Forcing vernalization now (VERN=47.688571).
[2026-03-13 14:35:38,328][pcse.crop.phenology.Vernalisation][INFO] - Critical DVS for vernalization (VERNDVS) reached at day 1984-06-06, but vernalization requirements not yet fulfilled. Forcing vernalization now (VERN=47.688571).
[2026-03-13 14:35:38,342][pcse.crop.phenology.Vernalisation][INFO] - Critical DVS for vernalization (VERNDVS) reached at day 1984-06-07, but vernalization requirements not yet fulfilled. Forcing vernalization now (VERN=47.688571).
[2026-03-13 14:35:38,356][pcse.crop.phenology.Vernalisation][INFO] - Critical DVS for vernalization (VERNDVS) reached at day 1984-06-08, but vernalization requirements not yet fulfilled. Forcing vernalization now (VERN=47.688571).
[2026-03-13 14:35:38,370][pcse.crop.phenology.Vernalisation][INFO] - Critical DVS for vernalization (VERNDVS) reached at day 1984-06-09, but vernalization requirements not yet fulfilled. Forcing vernalization now (VERN=47.688571).
[2026-03-13 14:35:38,384][pcse.crop.phenology.Vernalisation][INFO] - Critical DVS for vernalization (VERNDVS) reached at day 1984-06-10, but vernalization requirements not yet fulfilled. Forcing vernalization now (VERN=47.688571).
[2026-03-13 14:35:38,398][pcse.crop.phenology.Vernalisation][INFO] - Critical DVS for vernalization (VERNDVS) reached at day 1984-06-11, but vernalization requirements not yet fulfilled. Forcing vernalization now (VERN=47.688571).
[2026-03-13 14:35:38,412][pcse.crop.phenology.Vernalisation][INFO] - Critical DVS for vernalization (VERNDVS) reached at day 1984-06-12, but vernalization requirements not yet fulfilled. Forcing vernalization now (VERN=47.688571).
[2026-03-13 14:35:38,426][pcse.crop.phenology.Vernalisation][INFO] - Critical DVS for vernalization (VERNDVS) reached at day 1984-06-13, but vernalization requirements not yet fulfilled. Forcing vernalization now (VERN=47.688571).
[2026-03-13 14:35:38,440][pcse.crop.phenology.Vernalisation][INFO] - Critical DVS for vernalization (VERNDVS) reached at day 1984-06-14, but vernalization requirements not yet fulfilled. Forcing vernalization now (VERN=47.688571).
[2026-03-13 14:35:38,454][pcse.crop.phenology.Vernalisation][INFO] - Critical DVS for vernalization (VERNDVS) reached at day 1984-06-15, but vernalization requirements not yet fulfilled. Forcing vernalization now (VERN=47.688571).
[2026-03-13 14:35:38,469][pcse.crop.phenology.Vernalisation][INFO] - Critical DVS for vernalization (VERNDVS) reached at day 1984-06-16, but vernalization requirements not yet fulfilled. Forcing vernalization now (VERN=47.688571).
[2026-03-13 14:35:38,483][pcse.crop.phenology.Vernalisation][INFO] - Critical DVS for vernalization (VERNDVS) reached at day 1984-06-17, but vernalization requirements not yet fulfilled. Forcing vernalization now (VERN=47.688571).
[2026-03-13 14:35:38,497][pcse.crop.phenology.Vernalisation][INFO] - Critical DVS for vernalization (VERNDVS) reached at day 1984-06-18, but vernalization requirements not yet fulfilled. Forcing vernalization now (VERN=47.688571).
[2026-03-13 14:35:38,511][pcse.crop.phenology.Vernalisation][INFO] - Critical DVS for vernalization (VERNDVS) reached at day 1984-06-19, but vernalization requirements not yet fulfilled. Forcing vernalization now (VERN=47.688571).
[2026-03-13 14:35:38,526][pcse.crop.phenology.Vernalisation][INFO] - Critical DVS for vernalization (VERNDVS) reached at day 1984-06-20, but vernalization requirements not yet fulfilled. Forcing vernalization now (VERN=47.688571).
[2026-03-13 14:35:38,540][pcse.crop.phenology.Vernalisation][INFO] - Critical DVS for vernalization (VERNDVS) reached at day 1984-06-21, but vernalization requirements not yet fulfilled. Forcing vernalization now (VERN=47.688571).
[2026-03-13 14:35:38,554][pcse.crop.phenology.Vernalisation][INFO] - Critical DVS for vernalization (VERNDVS) reached at day 1984-06-22, but vernalization requirements not yet fulfilled. Forcing vernalization now (VERN=47.688571).
[2026-03-13 14:35:38,568][pcse.crop.phenology.Vernalisation][INFO] - Critical DVS for vernalization (VERNDVS) reached at day 1984-06-23, but vernalization requirements not yet fulfilled. Forcing vernalization now (VERN=47.688571).
[2026-03-13 14:35:38,581][pcse.crop.phenology.Vernalisation][INFO] - Critical DVS for vernalization (VERNDVS) reached at day 1984-06-24, but vernalization requirements not yet fulfilled. Forcing vernalization now (VERN=47.688571).
[2026-03-13 14:35:38,596][pcse.crop.phenology.Vernalisation][INFO] - Critical DVS for vernalization (VERNDVS) reached at day 1984-06-25, but vernalization requirements not yet fulfilled. Forcing vernalization now (VERN=47.688571).
[2026-03-13 14:35:38,609][pcse.crop.phenology.Vernalisation][INFO] - Critical DVS for vernalization (VERNDVS) reached at day 1984-06-26, but vernalization requirements not yet fulfilled. Forcing vernalization now (VERN=47.688571).
[2026-03-13 14:35:38,623][pcse.crop.phenology.Vernalisation][INFO] - Critical DVS for vernalization (VERNDVS) reached at day 1984-06-27, but vernalization requirements not yet fulfilled. Forcing vernalization now (VERN=47.688571).
[2026-03-13 14:35:38,637][pcse.crop.phenology.Vernalisation][INFO] - Critical DVS for vernalization (VERNDVS) reached at day 1984-06-28, but vernalization requirements not yet fulfilled. Forcing vernalization now (VERN=47.688571).
[2026-03-13 14:35:38,651][pcse.crop.phenology.Vernalisation][INFO] - Critical DVS for vernalization (VERNDVS) reached at day 1984-06-29, but vernalization requirements not yet fulfilled. Forcing vernalization now (VERN=47.688571).
[2026-03-13 14:35:38,651][pcse.crop.phenology.Annual_Phenology][INFO] - Changed phenological stage 'vegetative' to 'reproductive' on 1984-06-29
[2026-03-13 14:35:40,086][pcse.crop.phenology.Annual_Phenology][INFO] - Changed phenological stage 'reproductive' to 'mature' on 1984-09-13
[2026-03-13 14:35:40,318][pcse.base.timer.Timer][INFO] - Reached end of simulation period as specified by END_DATE.
| train          | E: 64 | S: 15424 | R: -8374.5693 | TR: 51.4998 | TF: 512 | LR: 512 | NR: 0 | D: 04.2 s | TD: 00.0 s | BR: -18.9853 | ALOSS: 17403.9455 | CLOSS: 2458482.4457 | TLOSS: -333.8805 | TVAL: 0.2535 | AENT: -1318.3623 | BCLOSS: 0.0000
[2026-03-13 14:35:40,323][pcse.agromanager.SoilCalendar][INFO] - Starting soil (oregon) with variation (oregon_1) on day 1984-02-01
[2026-03-13 14:35:40,325][pcse.agromanager.CropCalendar][INFO] - Starting crop (wheat) with variety (wheat_1) on day 1984-02-01
[2026-03-13 14:35:41,345][pcse.crop.phenology.Annual_Phenology][INFO] - Changed phenological stage 'emerging' to 'vegetative' on 1984-04-10
[DBG] step=15500 r_hat=14.078746
[2026-03-13 14:35:42,058][pcse.crop.phenology.Vernalisation][INFO] - Critical DVS for vernalization (VERNDVS) reached at day 1984-06-02, but vernalization requirements not yet fulfilled. Forcing vernalization now (VERN=47.688571).
[2026-03-13 14:35:42,072][pcse.crop.phenology.Vernalisation][INFO] - Critical DVS for vernalization (VERNDVS) reached at day 1984-06-03, but vernalization requirements not yet fulfilled. Forcing vernalization now (VERN=47.688571).
[2026-03-13 14:35:42,086][pcse.crop.phenology.Vernalisation][INFO] - Critical DVS for vernalization (VERNDVS) reached at day 1984-06-04, but vernalization requirements not yet fulfilled. Forcing vernalization now (VERN=47.688571).
[2026-03-13 14:35:42,101][pcse.crop.phenology.Vernalisation][INFO] - Critical DVS for vernalization (VERNDVS) reached at day 1984-06-05, but vernalization requirements not yet fulfilled. Forcing vernalization now (VERN=47.688571).
[2026-03-13 14:35:42,115][pcse.crop.phenology.Vernalisation][INFO] - Critical DVS for vernalization (VERNDVS) reached at day 1984-06-06, but vernalization requirements not yet fulfilled. Forcing vernalization now (VERN=47.688571).
[2026-03-13 14:35:42,129][pcse.crop.phenology.Vernalisation][INFO] - Critical DVS for vernalization (VERNDVS) reached at day 1984-06-07, but vernalization requirements not yet fulfilled. Forcing vernalization now (VERN=47.688571).
[2026-03-13 14:35:42,143][pcse.crop.phenology.Vernalisation][INFO] - Critical DVS for vernalization (VERNDVS) reached at day 1984-06-08, but vernalization requirements not yet fulfilled. Forcing vernalization now (VERN=47.688571).
[2026-03-13 14:35:42,158][pcse.crop.phenology.Vernalisation][INFO] - Critical DVS for vernalization (VERNDVS) reached at day 1984-06-09, but vernalization requirements not yet fulfilled. Forcing vernalization now (VERN=47.688571).
[2026-03-13 14:35:42,172][pcse.crop.phenology.Vernalisation][INFO] - Critical DVS for vernalization (VERNDVS) reached at day 1984-06-10, but vernalization requirements not yet fulfilled. Forcing vernalization now (VERN=47.688571).
[2026-03-13 14:35:42,185][pcse.crop.phenology.Vernalisation][INFO] - Critical DVS for vernalization (VERNDVS) reached at day 1984-06-11, but vernalization requirements not yet fulfilled. Forcing vernalization now (VERN=47.688571).
[2026-03-13 14:35:42,199][pcse.crop.phenology.Vernalisation][INFO] - Critical DVS for vernalization (VERNDVS) reached at day 1984-06-12, but vernalization requirements not yet fulfilled. Forcing vernalization now (VERN=47.688571).
[2026-03-13 14:35:42,213][pcse.crop.phenology.Vernalisation][INFO] - Critical DVS for vernalization (VERNDVS) reached at day 1984-06-13, but vernalization requirements not yet fulfilled. Forcing vernalization now (VERN=47.688571).
[2026-03-13 14:35:42,227][pcse.crop.phenology.Vernalisation][INFO] - Critical DVS for vernalization (VERNDVS) reached at day 1984-06-14, but vernalization requirements not yet fulfilled. Forcing vernalization now (VERN=47.688571).
[2026-03-13 14:35:42,241][pcse.crop.phenology.Vernalisation][INFO] - Critical DVS for vernalization (VERNDVS) reached at day 1984-06-15, but vernalization requirements not yet fulfilled. Forcing vernalization now (VERN=47.688571).
[2026-03-13 14:35:42,255][pcse.crop.phenology.Vernalisation][INFO] - Critical DVS for vernalization (VERNDVS) reached at day 1984-06-16, but vernalization requirements not yet fulfilled. Forcing vernalization now (VERN=47.688571).
[2026-03-13 14:35:42,268][pcse.crop.phenology.Vernalisation][INFO] - Critical DVS for vernalization (VERNDVS) reached at day 1984-06-17, but vernalization requirements not yet fulfilled. Forcing vernalization now (VERN=47.688571).
[2026-03-13 14:35:42,282][pcse.crop.phenology.Vernalisation][INFO] - Critical DVS for vernalization (VERNDVS) reached at day 1984-06-18, but vernalization requirements not yet fulfilled. Forcing vernalization now (VERN=47.688571).
[2026-03-13 14:35:42,296][pcse.crop.phenology.Vernalisation][INFO] - Critical DVS for vernalization (VERNDVS) reached at day 1984-06-19, but vernalization requirements not yet fulfilled. Forcing vernalization now (VERN=47.688571).
[2026-03-13 14:35:42,310][pcse.crop.phenology.Vernalisation][INFO] - Critical DVS for vernalization (VERNDVS) reached at day 1984-06-20, but vernalization requirements not yet fulfilled. Forcing vernalization now (VERN=47.688571).
[2026-03-13 14:35:42,324][pcse.crop.phenology.Vernalisation][INFO] - Critical DVS for vernalization (VERNDVS) reached at day 1984-06-21, but vernalization requirements not yet fulfilled. Forcing vernalization now (VERN=47.688571).
[2026-03-13 14:35:42,338][pcse.crop.phenology.Vernalisation][INFO] - Critical DVS for vernalization (VERNDVS) reached at day 1984-06-22, but vernalization requirements not yet fulfilled. Forcing vernalization now (VERN=47.688571).
[2026-03-13 14:35:42,353][pcse.crop.phenology.Vernalisation][INFO] - Critical DVS for vernalization (VERNDVS) reached at day 1984-06-23, but vernalization requirements not yet fulfilled. Forcing vernalization now (VERN=47.688571).
[2026-03-13 14:35:42,367][pcse.crop.phenology.Vernalisation][INFO] - Critical DVS for vernalization (VERNDVS) reached at day 1984-06-24, but vernalization requirements not yet fulfilled. Forcing vernalization now (VERN=47.688571).
[2026-03-13 14:35:42,381][pcse.crop.phenology.Vernalisation][INFO] - Critical DVS for vernalization (VERNDVS) reached at day 1984-06-25, but vernalization requirements not yet fulfilled. Forcing vernalization now (VERN=47.688571).
[2026-03-13 14:35:42,395][pcse.crop.phenology.Vernalisation][INFO] - Critical DVS for vernalization (VERNDVS) reached at day 1984-06-26, but vernalization requirements not yet fulfilled. Forcing vernalization now (VERN=47.688571).
[2026-03-13 14:35:42,409][pcse.crop.phenology.Vernalisation][INFO] - Critical DVS for vernalization (VERNDVS) reached at day 1984-06-27, but vernalization requirements not yet fulfilled. Forcing vernalization now (VERN=47.688571).
[2026-03-13 14:35:42,423][pcse.crop.phenology.Vernalisation][INFO] - Critical DVS for vernalization (VERNDVS) reached at day 1984-06-28, but vernalization requirements not yet fulfilled. Forcing vernalization now (VERN=47.688571).
[2026-03-13 14:35:42,437][pcse.crop.phenology.Vernalisation][INFO] - Critical DVS for vernalization (VERNDVS) reached at day 1984-06-29, but vernalization requirements not yet fulfilled. Forcing vernalization now (VERN=47.688571).
[2026-03-13 14:35:42,437][pcse.crop.phenology.Annual_Phenology][INFO] - Changed phenological stage 'vegetative' to 'reproductive' on 1984-06-29
[2026-03-13 14:35:43,889][pcse.crop.phenology.Annual_Phenology][INFO] - Changed phenological stage 'reproductive' to 'mature' on 1984-09-13
[2026-03-13 14:35:44,152][pcse.base.timer.Timer][INFO] - Reached end of simulation period as specified by END_DATE.
| train          | E: 65 | S: 15665 | R: -8121.5537 | TR: 57.7185 | TF: 512 | LR: 512 | NR: 0 | D: 03.8 s | TD: 00.0 s | BR: -19.2637 | ALOSS: 17474.9470 | CLOSS: 3191651.1512 | TLOSS: -350.0301 | TVAL: 0.2592 | AENT: -1350.5580 | BCLOSS: 0.0000
[2026-03-13 14:35:44,159][pcse.agromanager.SoilCalendar][INFO] - Starting soil (oregon) with variation (oregon_1) on day 1984-02-01
[2026-03-13 14:35:44,162][pcse.agromanager.CropCalendar][INFO] - Starting crop (wheat) with variety (wheat_1) on day 1984-02-01
[2026-03-13 14:35:45,411][pcse.crop.phenology.Annual_Phenology][INFO] - Changed phenological stage 'emerging' to 'vegetative' on 1984-04-10
[2026-03-13 14:35:46,223][pcse.crop.phenology.Vernalisation][INFO] - Critical DVS for vernalization (VERNDVS) reached at day 1984-06-02, but vernalization requirements not yet fulfilled. Forcing vernalization now (VERN=47.688571).
[2026-03-13 14:35:46,238][pcse.crop.phenology.Vernalisation][INFO] - Critical DVS for vernalization (VERNDVS) reached at day 1984-06-03, but vernalization requirements not yet fulfilled. Forcing vernalization now (VERN=47.688571).
[2026-03-13 14:35:46,254][pcse.crop.phenology.Vernalisation][INFO] - Critical DVS for vernalization (VERNDVS) reached at day 1984-06-04, but vernalization requirements not yet fulfilled. Forcing vernalization now (VERN=47.688571).
[2026-03-13 14:35:46,269][pcse.crop.phenology.Vernalisation][INFO] - Critical DVS for vernalization (VERNDVS) reached at day 1984-06-05, but vernalization requirements not yet fulfilled. Forcing vernalization now (VERN=47.688571).
[2026-03-13 14:35:46,284][pcse.crop.phenology.Vernalisation][INFO] - Critical DVS for vernalization (VERNDVS) reached at day 1984-06-06, but vernalization requirements not yet fulfilled. Forcing vernalization now (VERN=47.688571).
[2026-03-13 14:35:46,300][pcse.crop.phenology.Vernalisation][INFO] - Critical DVS for vernalization (VERNDVS) reached at day 1984-06-07, but vernalization requirements not yet fulfilled. Forcing vernalization now (VERN=47.688571).
[2026-03-13 14:35:46,315][pcse.crop.phenology.Vernalisation][INFO] - Critical DVS for vernalization (VERNDVS) reached at day 1984-06-08, but vernalization requirements not yet fulfilled. Forcing vernalization now (VERN=47.688571).
[2026-03-13 14:35:46,331][pcse.crop.phenology.Vernalisation][INFO] - Critical DVS for vernalization (VERNDVS) reached at day 1984-06-09, but vernalization requirements not yet fulfilled. Forcing vernalization now (VERN=47.688571).
[2026-03-13 14:35:46,346][pcse.crop.phenology.Vernalisation][INFO] - Critical DVS for vernalization (VERNDVS) reached at day 1984-06-10, but vernalization requirements not yet fulfilled. Forcing vernalization now (VERN=47.688571).
[2026-03-13 14:35:46,362][pcse.crop.phenology.Vernalisation][INFO] - Critical DVS for vernalization (VERNDVS) reached at day 1984-06-11, but vernalization requirements not yet fulfilled. Forcing vernalization now (VERN=47.688571).
[2026-03-13 14:35:46,377][pcse.crop.phenology.Vernalisation][INFO] - Critical DVS for vernalization (VERNDVS) reached at day 1984-06-12, but vernalization requirements not yet fulfilled. Forcing vernalization now (VERN=47.688571).
[2026-03-13 14:35:46,393][pcse.crop.phenology.Vernalisation][INFO] - Critical DVS for vernalization (VERNDVS) reached at day 1984-06-13, but vernalization requirements not yet fulfilled. Forcing vernalization now (VERN=47.688571).
[2026-03-13 14:35:46,408][pcse.crop.phenology.Vernalisation][INFO] - Critical DVS for vernalization (VERNDVS) reached at day 1984-06-14, but vernalization requirements not yet fulfilled. Forcing vernalization now (VERN=47.688571).
[2026-03-13 14:35:46,424][pcse.crop.phenology.Vernalisation][INFO] - Critical DVS for vernalization (VERNDVS) reached at day 1984-06-15, but vernalization requirements not yet fulfilled. Forcing vernalization now (VERN=47.688571).
[2026-03-13 14:35:46,439][pcse.crop.phenology.Vernalisation][INFO] - Critical DVS for vernalization (VERNDVS) reached at day 1984-06-16, but vernalization requirements not yet fulfilled. Forcing vernalization now (VERN=47.688571).
[2026-03-13 14:35:46,724][pcse.crop.phenology.Vernalisation][INFO] - Critical DVS for vernalization (VERNDVS) reached at day 1984-06-17, but vernalization requirements not yet fulfilled. Forcing vernalization now (VERN=47.688571).
[2026-03-13 14:35:46,753][pcse.crop.phenology.Vernalisation][INFO] - Critical DVS for vernalization (VERNDVS) reached at day 1984-06-18, but vernalization requirements not yet fulfilled. Forcing vernalization now (VERN=47.688571).
[2026-03-13 14:35:46,778][pcse.crop.phenology.Vernalisation][INFO] - Critical DVS for vernalization (VERNDVS) reached at day 1984-06-19, but vernalization requirements not yet fulfilled. Forcing vernalization now (VERN=47.688571).
[2026-03-13 14:35:46,802][pcse.crop.phenology.Vernalisation][INFO] - Critical DVS for vernalization (VERNDVS) reached at day 1984-06-20, but vernalization requirements not yet fulfilled. Forcing vernalization now (VERN=47.688571).
[2026-03-13 14:35:46,816][pcse.crop.phenology.Vernalisation][INFO] - Critical DVS for vernalization (VERNDVS) reached at day 1984-06-21, but vernalization requirements not yet fulfilled. Forcing vernalization now (VERN=47.688571).
[2026-03-13 14:35:46,829][pcse.crop.phenology.Vernalisation][INFO] - Critical DVS for vernalization (VERNDVS) reached at day 1984-06-22, but vernalization requirements not yet fulfilled. Forcing vernalization now (VERN=47.688571).
[2026-03-13 14:35:46,842][pcse.crop.phenology.Vernalisation][INFO] - Critical DVS for vernalization (VERNDVS) reached at day 1984-06-23, but vernalization requirements not yet fulfilled. Forcing vernalization now (VERN=47.688571).
[2026-03-13 14:35:46,856][pcse.crop.phenology.Vernalisation][INFO] - Critical DVS for vernalization (VERNDVS) reached at day 1984-06-24, but vernalization requirements not yet fulfilled. Forcing vernalization now (VERN=47.688571).
[2026-03-13 14:35:46,870][pcse.crop.phenology.Vernalisation][INFO] - Critical DVS for vernalization (VERNDVS) reached at day 1984-06-25, but vernalization requirements not yet fulfilled. Forcing vernalization now (VERN=47.688571).
[2026-03-13 14:35:46,884][pcse.crop.phenology.Vernalisation][INFO] - Critical DVS for vernalization (VERNDVS) reached at day 1984-06-26, but vernalization requirements not yet fulfilled. Forcing vernalization now (VERN=47.688571).
[2026-03-13 14:35:46,899][pcse.crop.phenology.Vernalisation][INFO] - Critical DVS for vernalization (VERNDVS) reached at day 1984-06-27, but vernalization requirements not yet fulfilled. Forcing vernalization now (VERN=47.688571).
[2026-03-13 14:35:46,918][pcse.crop.phenology.Vernalisation][INFO] - Critical DVS for vernalization (VERNDVS) reached at day 1984-06-28, but vernalization requirements not yet fulfilled. Forcing vernalization now (VERN=47.688571).
[2026-03-13 14:35:46,935][pcse.crop.phenology.Vernalisation][INFO] - Critical DVS for vernalization (VERNDVS) reached at day 1984-06-29, but vernalization requirements not yet fulfilled. Forcing vernalization now (VERN=47.688571).
[2026-03-13 14:35:46,935][pcse.crop.phenology.Annual_Phenology][INFO] - Changed phenological stage 'vegetative' to 'reproductive' on 1984-06-29
[2026-03-13 14:35:48,101][pcse.crop.phenology.Annual_Phenology][INFO] - Changed phenological stage 'reproductive' to 'mature' on 1984-09-13
[2026-03-13 14:35:48,332][pcse.base.timer.Timer][INFO] - Reached end of simulation period as specified by END_DATE.
| train          | E: 66 | S: 15906 | R: -7952.3779 | TR: 42.9541 | TF: 512 | LR: 512 | NR: 0 | D: 04.2 s | TD: 00.0 s | BR: -19.7014 | ALOSS: 17680.8591 | CLOSS: 5007606.7526 | TLOSS: -328.8293 | TVAL: 0.2653 | AENT: -1240.8291 | BCLOSS: 0.0000
[2026-03-13 14:35:48,337][pcse.agromanager.SoilCalendar][INFO] - Starting soil (oregon) with variation (oregon_1) on day 1984-02-01
[2026-03-13 14:35:48,339][pcse.agromanager.CropCalendar][INFO] - Starting crop (wheat) with variety (wheat_1) on day 1984-02-01
[2026-03-13 14:35:49,369][pcse.crop.phenology.Annual_Phenology][INFO] - Changed phenological stage 'emerging' to 'vegetative' on 1984-04-10
[DBG] step=16000 r_hat=-14.008388
[2026-03-13 14:35:50,407][pcse.crop.phenology.Vernalisation][INFO] - Critical DVS for vernalization (VERNDVS) reached at day 1984-06-02, but vernalization requirements not yet fulfilled. Forcing vernalization now (VERN=47.688571).
[2026-03-13 14:35:50,420][pcse.crop.phenology.Vernalisation][INFO] - Critical DVS for vernalization (VERNDVS) reached at day 1984-06-03, but vernalization requirements not yet fulfilled. Forcing vernalization now (VERN=47.688571).
[2026-03-13 14:35:50,434][pcse.crop.phenology.Vernalisation][INFO] - Critical DVS for vernalization (VERNDVS) reached at day 1984-06-04, but vernalization requirements not yet fulfilled. Forcing vernalization now (VERN=47.688571).
[2026-03-13 14:35:50,448][pcse.crop.phenology.Vernalisation][INFO] - Critical DVS for vernalization (VERNDVS) reached at day 1984-06-05, but vernalization requirements not yet fulfilled. Forcing vernalization now (VERN=47.688571).
[2026-03-13 14:35:50,462][pcse.crop.phenology.Vernalisation][INFO] - Critical DVS for vernalization (VERNDVS) reached at day 1984-06-06, but vernalization requirements not yet fulfilled. Forcing vernalization now (VERN=47.688571).
[2026-03-13 14:35:50,475][pcse.crop.phenology.Vernalisation][INFO] - Critical DVS for vernalization (VERNDVS) reached at day 1984-06-07, but vernalization requirements not yet fulfilled. Forcing vernalization now (VERN=47.688571).
[2026-03-13 14:35:50,489][pcse.crop.phenology.Vernalisation][INFO] - Critical DVS for vernalization (VERNDVS) reached at day 1984-06-08, but vernalization requirements not yet fulfilled. Forcing vernalization now (VERN=47.688571).
[2026-03-13 14:35:50,502][pcse.crop.phenology.Vernalisation][INFO] - Critical DVS for vernalization (VERNDVS) reached at day 1984-06-09, but vernalization requirements not yet fulfilled. Forcing vernalization now (VERN=47.688571).
[2026-03-13 14:35:50,516][pcse.crop.phenology.Vernalisation][INFO] - Critical DVS for vernalization (VERNDVS) reached at day 1984-06-10, but vernalization requirements not yet fulfilled. Forcing vernalization now (VERN=47.688571).
[2026-03-13 14:35:50,529][pcse.crop.phenology.Vernalisation][INFO] - Critical DVS for vernalization (VERNDVS) reached at day 1984-06-11, but vernalization requirements not yet fulfilled. Forcing vernalization now (VERN=47.688571).
[2026-03-13 14:35:50,543][pcse.crop.phenology.Vernalisation][INFO] - Critical DVS for vernalization (VERNDVS) reached at day 1984-06-12, but vernalization requirements not yet fulfilled. Forcing vernalization now (VERN=47.688571).
[2026-03-13 14:35:50,556][pcse.crop.phenology.Vernalisation][INFO] - Critical DVS for vernalization (VERNDVS) reached at day 1984-06-13, but vernalization requirements not yet fulfilled. Forcing vernalization now (VERN=47.688571).
[2026-03-13 14:35:50,570][pcse.crop.phenology.Vernalisation][INFO] - Critical DVS for vernalization (VERNDVS) reached at day 1984-06-14, but vernalization requirements not yet fulfilled. Forcing vernalization now (VERN=47.688571).
[2026-03-13 14:35:50,583][pcse.crop.phenology.Vernalisation][INFO] - Critical DVS for vernalization (VERNDVS) reached at day 1984-06-15, but vernalization requirements not yet fulfilled. Forcing vernalization now (VERN=47.688571).
[2026-03-13 14:35:50,596][pcse.crop.phenology.Vernalisation][INFO] - Critical DVS for vernalization (VERNDVS) reached at day 1984-06-16, but vernalization requirements not yet fulfilled. Forcing vernalization now (VERN=47.688571).
[2026-03-13 14:35:50,610][pcse.crop.phenology.Vernalisation][INFO] - Critical DVS for vernalization (VERNDVS) reached at day 1984-06-17, but vernalization requirements not yet fulfilled. Forcing vernalization now (VERN=47.688571).
[2026-03-13 14:35:50,623][pcse.crop.phenology.Vernalisation][INFO] - Critical DVS for vernalization (VERNDVS) reached at day 1984-06-18, but vernalization requirements not yet fulfilled. Forcing vernalization now (VERN=47.688571).
[2026-03-13 14:35:50,636][pcse.crop.phenology.Vernalisation][INFO] - Critical DVS for vernalization (VERNDVS) reached at day 1984-06-19, but vernalization requirements not yet fulfilled. Forcing vernalization now (VERN=47.688571).
[2026-03-13 14:35:50,650][pcse.crop.phenology.Vernalisation][INFO] - Critical DVS for vernalization (VERNDVS) reached at day 1984-06-20, but vernalization requirements not yet fulfilled. Forcing vernalization now (VERN=47.688571).
[2026-03-13 14:35:50,663][pcse.crop.phenology.Vernalisation][INFO] - Critical DVS for vernalization (VERNDVS) reached at day 1984-06-21, but vernalization requirements not yet fulfilled. Forcing vernalization now (VERN=47.688571).
[2026-03-13 14:35:50,677][pcse.crop.phenology.Vernalisation][INFO] - Critical DVS for vernalization (VERNDVS) reached at day 1984-06-22, but vernalization requirements not yet fulfilled. Forcing vernalization now (VERN=47.688571).
[2026-03-13 14:35:50,691][pcse.crop.phenology.Vernalisation][INFO] - Critical DVS for vernalization (VERNDVS) reached at day 1984-06-23, but vernalization requirements not yet fulfilled. Forcing vernalization now (VERN=47.688571).
[2026-03-13 14:35:50,704][pcse.crop.phenology.Vernalisation][INFO] - Critical DVS for vernalization (VERNDVS) reached at day 1984-06-24, but vernalization requirements not yet fulfilled. Forcing vernalization now (VERN=47.688571).
[2026-03-13 14:35:50,718][pcse.crop.phenology.Vernalisation][INFO] - Critical DVS for vernalization (VERNDVS) reached at day 1984-06-25, but vernalization requirements not yet fulfilled. Forcing vernalization now (VERN=47.688571).
[2026-03-13 14:35:50,732][pcse.crop.phenology.Vernalisation][INFO] - Critical DVS for vernalization (VERNDVS) reached at day 1984-06-26, but vernalization requirements not yet fulfilled. Forcing vernalization now (VERN=47.688571).
[2026-03-13 14:35:50,746][pcse.crop.phenology.Vernalisation][INFO] - Critical DVS for vernalization (VERNDVS) reached at day 1984-06-27, but vernalization requirements not yet fulfilled. Forcing vernalization now (VERN=47.688571).
[2026-03-13 14:35:50,759][pcse.crop.phenology.Vernalisation][INFO] - Critical DVS for vernalization (VERNDVS) reached at day 1984-06-28, but vernalization requirements not yet fulfilled. Forcing vernalization now (VERN=47.688571).
[2026-03-13 14:35:50,772][pcse.crop.phenology.Vernalisation][INFO] - Critical DVS for vernalization (VERNDVS) reached at day 1984-06-29, but vernalization requirements not yet fulfilled. Forcing vernalization now (VERN=47.688571).
[2026-03-13 14:35:50,773][pcse.crop.phenology.Annual_Phenology][INFO] - Changed phenological stage 'vegetative' to 'reproductive' on 1984-06-29
[2026-03-13 14:35:51,872][pcse.crop.phenology.Annual_Phenology][INFO] - Changed phenological stage 'reproductive' to 'mature' on 1984-09-13
[2026-03-13 14:35:52,136][pcse.base.timer.Timer][INFO] - Reached end of simulation period as specified by END_DATE.
| train          | E: 67 | S: 16147 | R: -7690.7642 | TR: 36.8934 | TF: 512 | LR: 512 | NR: 0 | D: 03.8 s | TD: 00.0 s | BR: -19.7413 | ALOSS: 17621.7132 | CLOSS: 2442637.0678 | TLOSS: -328.1139 | TVAL: 0.2709 | AENT: -1212.3233 | BCLOSS: 0.0000
[2026-03-13 14:35:52,143][pcse.agromanager.SoilCalendar][INFO] - Starting soil (oregon) with variation (oregon_1) on day 1984-02-01
[2026-03-13 14:35:52,146][pcse.agromanager.CropCalendar][INFO] - Starting crop (wheat) with variety (wheat_1) on day 1984-02-01
[2026-03-13 14:35:53,686][pcse.crop.phenology.Annual_Phenology][INFO] - Changed phenological stage 'emerging' to 'vegetative' on 1984-04-10
[2026-03-13 14:35:54,512][pcse.crop.phenology.Vernalisation][INFO] - Critical DVS for vernalization (VERNDVS) reached at day 1984-06-02, but vernalization requirements not yet fulfilled. Forcing vernalization now (VERN=47.688571).
[2026-03-13 14:35:54,528][pcse.crop.phenology.Vernalisation][INFO] - Critical DVS for vernalization (VERNDVS) reached at day 1984-06-03, but vernalization requirements not yet fulfilled. Forcing vernalization now (VERN=47.688571).
[2026-03-13 14:35:54,544][pcse.crop.phenology.Vernalisation][INFO] - Critical DVS for vernalization (VERNDVS) reached at day 1984-06-04, but vernalization requirements not yet fulfilled. Forcing vernalization now (VERN=47.688571).
[2026-03-13 14:35:54,560][pcse.crop.phenology.Vernalisation][INFO] - Critical DVS for vernalization (VERNDVS) reached at day 1984-06-05, but vernalization requirements not yet fulfilled. Forcing vernalization now (VERN=47.688571).
[2026-03-13 14:35:54,575][pcse.crop.phenology.Vernalisation][INFO] - Critical DVS for vernalization (VERNDVS) reached at day 1984-06-06, but vernalization requirements not yet fulfilled. Forcing vernalization now (VERN=47.688571).
[2026-03-13 14:35:54,591][pcse.crop.phenology.Vernalisation][INFO] - Critical DVS for vernalization (VERNDVS) reached at day 1984-06-07, but vernalization requirements not yet fulfilled. Forcing vernalization now (VERN=47.688571).
[2026-03-13 14:35:54,607][pcse.crop.phenology.Vernalisation][INFO] - Critical DVS for vernalization (VERNDVS) reached at day 1984-06-08, but vernalization requirements not yet fulfilled. Forcing vernalization now (VERN=47.688571).
[2026-03-13 14:35:54,623][pcse.crop.phenology.Vernalisation][INFO] - Critical DVS for vernalization (VERNDVS) reached at day 1984-06-09, but vernalization requirements not yet fulfilled. Forcing vernalization now (VERN=47.688571).
[2026-03-13 14:35:54,639][pcse.crop.phenology.Vernalisation][INFO] - Critical DVS for vernalization (VERNDVS) reached at day 1984-06-10, but vernalization requirements not yet fulfilled. Forcing vernalization now (VERN=47.688571).
[2026-03-13 14:35:54,655][pcse.crop.phenology.Vernalisation][INFO] - Critical DVS for vernalization (VERNDVS) reached at day 1984-06-11, but vernalization requirements not yet fulfilled. Forcing vernalization now (VERN=47.688571).
[2026-03-13 14:35:54,670][pcse.crop.phenology.Vernalisation][INFO] - Critical DVS for vernalization (VERNDVS) reached at day 1984-06-12, but vernalization requirements not yet fulfilled. Forcing vernalization now (VERN=47.688571).
[2026-03-13 14:35:54,686][pcse.crop.phenology.Vernalisation][INFO] - Critical DVS for vernalization (VERNDVS) reached at day 1984-06-13, but vernalization requirements not yet fulfilled. Forcing vernalization now (VERN=47.688571).
[2026-03-13 14:35:54,702][pcse.crop.phenology.Vernalisation][INFO] - Critical DVS for vernalization (VERNDVS) reached at day 1984-06-14, but vernalization requirements not yet fulfilled. Forcing vernalization now (VERN=47.688571).
[2026-03-13 14:35:54,718][pcse.crop.phenology.Vernalisation][INFO] - Critical DVS for vernalization (VERNDVS) reached at day 1984-06-15, but vernalization requirements not yet fulfilled. Forcing vernalization now (VERN=47.688571).
[2026-03-13 14:35:54,734][pcse.crop.phenology.Vernalisation][INFO] - Critical DVS for vernalization (VERNDVS) reached at day 1984-06-16, but vernalization requirements not yet fulfilled. Forcing vernalization now (VERN=47.688571).
[2026-03-13 14:35:54,749][pcse.crop.phenology.Vernalisation][INFO] - Critical DVS for vernalization (VERNDVS) reached at day 1984-06-17, but vernalization requirements not yet fulfilled. Forcing vernalization now (VERN=47.688571).
[2026-03-13 14:35:54,765][pcse.crop.phenology.Vernalisation][INFO] - Critical DVS for vernalization (VERNDVS) reached at day 1984-06-18, but vernalization requirements not yet fulfilled. Forcing vernalization now (VERN=47.688571).
[2026-03-13 14:35:54,781][pcse.crop.phenology.Vernalisation][INFO] - Critical DVS for vernalization (VERNDVS) reached at day 1984-06-19, but vernalization requirements not yet fulfilled. Forcing vernalization now (VERN=47.688571).
[2026-03-13 14:35:54,796][pcse.crop.phenology.Vernalisation][INFO] - Critical DVS for vernalization (VERNDVS) reached at day 1984-06-20, but vernalization requirements not yet fulfilled. Forcing vernalization now (VERN=47.688571).
[2026-03-13 14:35:54,812][pcse.crop.phenology.Vernalisation][INFO] - Critical DVS for vernalization (VERNDVS) reached at day 1984-06-21, but vernalization requirements not yet fulfilled. Forcing vernalization now (VERN=47.688571).
[2026-03-13 14:35:54,828][pcse.crop.phenology.Vernalisation][INFO] - Critical DVS for vernalization (VERNDVS) reached at day 1984-06-22, but vernalization requirements not yet fulfilled. Forcing vernalization now (VERN=47.688571).
[2026-03-13 14:35:54,844][pcse.crop.phenology.Vernalisation][INFO] - Critical DVS for vernalization (VERNDVS) reached at day 1984-06-23, but vernalization requirements not yet fulfilled. Forcing vernalization now (VERN=47.688571).
[2026-03-13 14:35:54,859][pcse.crop.phenology.Vernalisation][INFO] - Critical DVS for vernalization (VERNDVS) reached at day 1984-06-24, but vernalization requirements not yet fulfilled. Forcing vernalization now (VERN=47.688571).
[2026-03-13 14:35:54,875][pcse.crop.phenology.Vernalisation][INFO] - Critical DVS for vernalization (VERNDVS) reached at day 1984-06-25, but vernalization requirements not yet fulfilled. Forcing vernalization now (VERN=47.688571).
[2026-03-13 14:35:54,890][pcse.crop.phenology.Vernalisation][INFO] - Critical DVS for vernalization (VERNDVS) reached at day 1984-06-26, but vernalization requirements not yet fulfilled. Forcing vernalization now (VERN=47.688571).
[2026-03-13 14:35:54,906][pcse.crop.phenology.Vernalisation][INFO] - Critical DVS for vernalization (VERNDVS) reached at day 1984-06-27, but vernalization requirements not yet fulfilled. Forcing vernalization now (VERN=47.688571).
[2026-03-13 14:35:54,921][pcse.crop.phenology.Vernalisation][INFO] - Critical DVS for vernalization (VERNDVS) reached at day 1984-06-28, but vernalization requirements not yet fulfilled. Forcing vernalization now (VERN=47.688571).
[2026-03-13 14:35:54,937][pcse.crop.phenology.Vernalisation][INFO] - Critical DVS for vernalization (VERNDVS) reached at day 1984-06-29, but vernalization requirements not yet fulfilled. Forcing vernalization now (VERN=47.688571).
[2026-03-13 14:35:54,937][pcse.crop.phenology.Annual_Phenology][INFO] - Changed phenological stage 'vegetative' to 'reproductive' on 1984-06-29
[2026-03-13 14:35:56,129][pcse.crop.phenology.Annual_Phenology][INFO] - Changed phenological stage 'reproductive' to 'mature' on 1984-09-13
[2026-03-13 14:35:56,395][pcse.base.timer.Timer][INFO] - Reached end of simulation period as specified by END_DATE.
| train          | E: 68 | S: 16388 | R: -8172.5327 | TR: 44.9050 | TF: 512 | LR: 512 | NR: 0 | D: 04.3 s | TD: 00.0 s | BR: -19.7480 | ALOSS: 17696.9996 | CLOSS: 2419270.9687 | TLOSS: -326.4035 | TVAL: 0.2766 | AENT: -1181.2483 | BCLOSS: 0.0000
[2026-03-13 14:35:56,403][pcse.agromanager.SoilCalendar][INFO] - Starting soil (oregon) with variation (oregon_1) on day 1984-02-01
[2026-03-13 14:35:56,405][pcse.agromanager.CropCalendar][INFO] - Starting crop (wheat) with variety (wheat_1) on day 1984-02-01
[2026-03-13 14:35:57,983][pcse.crop.phenology.Annual_Phenology][INFO] - Changed phenological stage 'emerging' to 'vegetative' on 1984-04-10
[DBG] step=16500 r_hat=-28.534582
[2026-03-13 14:35:58,810][pcse.crop.phenology.Vernalisation][INFO] - Critical DVS for vernalization (VERNDVS) reached at day 1984-06-02, but vernalization requirements not yet fulfilled. Forcing vernalization now (VERN=47.688571).
[2026-03-13 14:35:58,825][pcse.crop.phenology.Vernalisation][INFO] - Critical DVS for vernalization (VERNDVS) reached at day 1984-06-03, but vernalization requirements not yet fulfilled. Forcing vernalization now (VERN=47.688571).
[2026-03-13 14:35:58,841][pcse.crop.phenology.Vernalisation][INFO] - Critical DVS for vernalization (VERNDVS) reached at day 1984-06-04, but vernalization requirements not yet fulfilled. Forcing vernalization now (VERN=47.688571).
[2026-03-13 14:35:58,857][pcse.crop.phenology.Vernalisation][INFO] - Critical DVS for vernalization (VERNDVS) reached at day 1984-06-05, but vernalization requirements not yet fulfilled. Forcing vernalization now (VERN=47.688571).
[2026-03-13 14:35:58,873][pcse.crop.phenology.Vernalisation][INFO] - Critical DVS for vernalization (VERNDVS) reached at day 1984-06-06, but vernalization requirements not yet fulfilled. Forcing vernalization now (VERN=47.688571).
[2026-03-13 14:35:58,888][pcse.crop.phenology.Vernalisation][INFO] - Critical DVS for vernalization (VERNDVS) reached at day 1984-06-07, but vernalization requirements not yet fulfilled. Forcing vernalization now (VERN=47.688571).
[2026-03-13 14:35:58,904][pcse.crop.phenology.Vernalisation][INFO] - Critical DVS for vernalization (VERNDVS) reached at day 1984-06-08, but vernalization requirements not yet fulfilled. Forcing vernalization now (VERN=47.688571).
[2026-03-13 14:35:58,920][pcse.crop.phenology.Vernalisation][INFO] - Critical DVS for vernalization (VERNDVS) reached at day 1984-06-09, but vernalization requirements not yet fulfilled. Forcing vernalization now (VERN=47.688571).
[2026-03-13 14:35:58,935][pcse.crop.phenology.Vernalisation][INFO] - Critical DVS for vernalization (VERNDVS) reached at day 1984-06-10, but vernalization requirements not yet fulfilled. Forcing vernalization now (VERN=47.688571).
[2026-03-13 14:35:58,951][pcse.crop.phenology.Vernalisation][INFO] - Critical DVS for vernalization (VERNDVS) reached at day 1984-06-11, but vernalization requirements not yet fulfilled. Forcing vernalization now (VERN=47.688571).
[2026-03-13 14:35:58,967][pcse.crop.phenology.Vernalisation][INFO] - Critical DVS for vernalization (VERNDVS) reached at day 1984-06-12, but vernalization requirements not yet fulfilled. Forcing vernalization now (VERN=47.688571).
[2026-03-13 14:35:58,983][pcse.crop.phenology.Vernalisation][INFO] - Critical DVS for vernalization (VERNDVS) reached at day 1984-06-13, but vernalization requirements not yet fulfilled. Forcing vernalization now (VERN=47.688571).
[2026-03-13 14:35:58,999][pcse.crop.phenology.Vernalisation][INFO] - Critical DVS for vernalization (VERNDVS) reached at day 1984-06-14, but vernalization requirements not yet fulfilled. Forcing vernalization now (VERN=47.688571).
[2026-03-13 14:35:59,014][pcse.crop.phenology.Vernalisation][INFO] - Critical DVS for vernalization (VERNDVS) reached at day 1984-06-15, but vernalization requirements not yet fulfilled. Forcing vernalization now (VERN=47.688571).
[2026-03-13 14:35:59,030][pcse.crop.phenology.Vernalisation][INFO] - Critical DVS for vernalization (VERNDVS) reached at day 1984-06-16, but vernalization requirements not yet fulfilled. Forcing vernalization now (VERN=47.688571).
[2026-03-13 14:35:59,046][pcse.crop.phenology.Vernalisation][INFO] - Critical DVS for vernalization (VERNDVS) reached at day 1984-06-17, but vernalization requirements not yet fulfilled. Forcing vernalization now (VERN=47.688571).
[2026-03-13 14:35:59,061][pcse.crop.phenology.Vernalisation][INFO] - Critical DVS for vernalization (VERNDVS) reached at day 1984-06-18, but vernalization requirements not yet fulfilled. Forcing vernalization now (VERN=47.688571).
[2026-03-13 14:35:59,077][pcse.crop.phenology.Vernalisation][INFO] - Critical DVS for vernalization (VERNDVS) reached at day 1984-06-19, but vernalization requirements not yet fulfilled. Forcing vernalization now (VERN=47.688571).
[2026-03-13 14:35:59,093][pcse.crop.phenology.Vernalisation][INFO] - Critical DVS for vernalization (VERNDVS) reached at day 1984-06-20, but vernalization requirements not yet fulfilled. Forcing vernalization now (VERN=47.688571).
[2026-03-13 14:35:59,109][pcse.crop.phenology.Vernalisation][INFO] - Critical DVS for vernalization (VERNDVS) reached at day 1984-06-21, but vernalization requirements not yet fulfilled. Forcing vernalization now (VERN=47.688571).
[2026-03-13 14:35:59,124][pcse.crop.phenology.Vernalisation][INFO] - Critical DVS for vernalization (VERNDVS) reached at day 1984-06-22, but vernalization requirements not yet fulfilled. Forcing vernalization now (VERN=47.688571).
[2026-03-13 14:35:59,140][pcse.crop.phenology.Vernalisation][INFO] - Critical DVS for vernalization (VERNDVS) reached at day 1984-06-23, but vernalization requirements not yet fulfilled. Forcing vernalization now (VERN=47.688571).
[2026-03-13 14:35:59,156][pcse.crop.phenology.Vernalisation][INFO] - Critical DVS for vernalization (VERNDVS) reached at day 1984-06-24, but vernalization requirements not yet fulfilled. Forcing vernalization now (VERN=47.688571).
[2026-03-13 14:35:59,171][pcse.crop.phenology.Vernalisation][INFO] - Critical DVS for vernalization (VERNDVS) reached at day 1984-06-25, but vernalization requirements not yet fulfilled. Forcing vernalization now (VERN=47.688571).
[2026-03-13 14:35:59,188][pcse.crop.phenology.Vernalisation][INFO] - Critical DVS for vernalization (VERNDVS) reached at day 1984-06-26, but vernalization requirements not yet fulfilled. Forcing vernalization now (VERN=47.688571).
[2026-03-13 14:35:59,203][pcse.crop.phenology.Vernalisation][INFO] - Critical DVS for vernalization (VERNDVS) reached at day 1984-06-27, but vernalization requirements not yet fulfilled. Forcing vernalization now (VERN=47.688571).
[2026-03-13 14:35:59,218][pcse.crop.phenology.Vernalisation][INFO] - Critical DVS for vernalization (VERNDVS) reached at day 1984-06-28, but vernalization requirements not yet fulfilled. Forcing vernalization now (VERN=47.688571).
[2026-03-13 14:35:59,234][pcse.crop.phenology.Vernalisation][INFO] - Critical DVS for vernalization (VERNDVS) reached at day 1984-06-29, but vernalization requirements not yet fulfilled. Forcing vernalization now (VERN=47.688571).
[2026-03-13 14:35:59,234][pcse.crop.phenology.Annual_Phenology][INFO] - Changed phenological stage 'vegetative' to 'reproductive' on 1984-06-29
[2026-03-13 14:36:00,801][pcse.crop.phenology.Annual_Phenology][INFO] - Changed phenological stage 'reproductive' to 'mature' on 1984-09-13
[2026-03-13 14:36:01,067][pcse.base.timer.Timer][INFO] - Reached end of simulation period as specified by END_DATE.
| train          | E: 69 | S: 16629 | R: -8118.2950 | TR: 51.4998 | TF: 512 | LR: 512 | NR: 0 | D: 04.7 s | TD: 00.0 s | BR: -19.9981 | ALOSS: 17785.4426 | CLOSS: 2526555.2223 | TLOSS: -323.6440 | TVAL: 0.2823 | AENT: -1147.2806 | BCLOSS: 0.0000
[2026-03-13 14:36:01,075][pcse.agromanager.SoilCalendar][INFO] - Starting soil (oregon) with variation (oregon_1) on day 1984-02-01
[2026-03-13 14:36:01,078][pcse.agromanager.CropCalendar][INFO] - Starting crop (wheat) with variety (wheat_1) on day 1984-02-01
[2026-03-13 14:36:02,292][pcse.crop.phenology.Annual_Phenology][INFO] - Changed phenological stage 'emerging' to 'vegetative' on 1984-04-10
[2026-03-13 14:36:03,117][pcse.crop.phenology.Vernalisation][INFO] - Critical DVS for vernalization (VERNDVS) reached at day 1984-06-02, but vernalization requirements not yet fulfilled. Forcing vernalization now (VERN=47.688571).
[2026-03-13 14:36:03,133][pcse.crop.phenology.Vernalisation][INFO] - Critical DVS for vernalization (VERNDVS) reached at day 1984-06-03, but vernalization requirements not yet fulfilled. Forcing vernalization now (VERN=47.688571).
[2026-03-13 14:36:03,148][pcse.crop.phenology.Vernalisation][INFO] - Critical DVS for vernalization (VERNDVS) reached at day 1984-06-04, but vernalization requirements not yet fulfilled. Forcing vernalization now (VERN=47.688571).
[2026-03-13 14:36:03,165][pcse.crop.phenology.Vernalisation][INFO] - Critical DVS for vernalization (VERNDVS) reached at day 1984-06-05, but vernalization requirements not yet fulfilled. Forcing vernalization now (VERN=47.688571).
[2026-03-13 14:36:03,180][pcse.crop.phenology.Vernalisation][INFO] - Critical DVS for vernalization (VERNDVS) reached at day 1984-06-06, but vernalization requirements not yet fulfilled. Forcing vernalization now (VERN=47.688571).
[2026-03-13 14:36:03,196][pcse.crop.phenology.Vernalisation][INFO] - Critical DVS for vernalization (VERNDVS) reached at day 1984-06-07, but vernalization requirements not yet fulfilled. Forcing vernalization now (VERN=47.688571).
[2026-03-13 14:36:03,211][pcse.crop.phenology.Vernalisation][INFO] - Critical DVS for vernalization (VERNDVS) reached at day 1984-06-08, but vernalization requirements not yet fulfilled. Forcing vernalization now (VERN=47.688571).
[2026-03-13 14:36:03,227][pcse.crop.phenology.Vernalisation][INFO] - Critical DVS for vernalization (VERNDVS) reached at day 1984-06-09, but vernalization requirements not yet fulfilled. Forcing vernalization now (VERN=47.688571).
[2026-03-13 14:36:03,243][pcse.crop.phenology.Vernalisation][INFO] - Critical DVS for vernalization (VERNDVS) reached at day 1984-06-10, but vernalization requirements not yet fulfilled. Forcing vernalization now (VERN=47.688571).
[2026-03-13 14:36:03,259][pcse.crop.phenology.Vernalisation][INFO] - Critical DVS for vernalization (VERNDVS) reached at day 1984-06-11, but vernalization requirements not yet fulfilled. Forcing vernalization now (VERN=47.688571).
[2026-03-13 14:36:03,275][pcse.crop.phenology.Vernalisation][INFO] - Critical DVS for vernalization (VERNDVS) reached at day 1984-06-12, but vernalization requirements not yet fulfilled. Forcing vernalization now (VERN=47.688571).
[2026-03-13 14:36:03,291][pcse.crop.phenology.Vernalisation][INFO] - Critical DVS for vernalization (VERNDVS) reached at day 1984-06-13, but vernalization requirements not yet fulfilled. Forcing vernalization now (VERN=47.688571).
[2026-03-13 14:36:03,307][pcse.crop.phenology.Vernalisation][INFO] - Critical DVS for vernalization (VERNDVS) reached at day 1984-06-14, but vernalization requirements not yet fulfilled. Forcing vernalization now (VERN=47.688571).
[2026-03-13 14:36:03,322][pcse.crop.phenology.Vernalisation][INFO] - Critical DVS for vernalization (VERNDVS) reached at day 1984-06-15, but vernalization requirements not yet fulfilled. Forcing vernalization now (VERN=47.688571).
[2026-03-13 14:36:03,338][pcse.crop.phenology.Vernalisation][INFO] - Critical DVS for vernalization (VERNDVS) reached at day 1984-06-16, but vernalization requirements not yet fulfilled. Forcing vernalization now (VERN=47.688571).
[2026-03-13 14:36:03,354][pcse.crop.phenology.Vernalisation][INFO] - Critical DVS for vernalization (VERNDVS) reached at day 1984-06-17, but vernalization requirements not yet fulfilled. Forcing vernalization now (VERN=47.688571).
[2026-03-13 14:36:03,370][pcse.crop.phenology.Vernalisation][INFO] - Critical DVS for vernalization (VERNDVS) reached at day 1984-06-18, but vernalization requirements not yet fulfilled. Forcing vernalization now (VERN=47.688571).
[2026-03-13 14:36:03,386][pcse.crop.phenology.Vernalisation][INFO] - Critical DVS for vernalization (VERNDVS) reached at day 1984-06-19, but vernalization requirements not yet fulfilled. Forcing vernalization now (VERN=47.688571).
[2026-03-13 14:36:03,402][pcse.crop.phenology.Vernalisation][INFO] - Critical DVS for vernalization (VERNDVS) reached at day 1984-06-20, but vernalization requirements not yet fulfilled. Forcing vernalization now (VERN=47.688571).
[2026-03-13 14:36:03,418][pcse.crop.phenology.Vernalisation][INFO] - Critical DVS for vernalization (VERNDVS) reached at day 1984-06-21, but vernalization requirements not yet fulfilled. Forcing vernalization now (VERN=47.688571).
[2026-03-13 14:36:03,434][pcse.crop.phenology.Vernalisation][INFO] - Critical DVS for vernalization (VERNDVS) reached at day 1984-06-22, but vernalization requirements not yet fulfilled. Forcing vernalization now (VERN=47.688571).
[2026-03-13 14:36:03,449][pcse.crop.phenology.Vernalisation][INFO] - Critical DVS for vernalization (VERNDVS) reached at day 1984-06-23, but vernalization requirements not yet fulfilled. Forcing vernalization now (VERN=47.688571).
[2026-03-13 14:36:03,465][pcse.crop.phenology.Vernalisation][INFO] - Critical DVS for vernalization (VERNDVS) reached at day 1984-06-24, but vernalization requirements not yet fulfilled. Forcing vernalization now (VERN=47.688571).
[2026-03-13 14:36:03,480][pcse.crop.phenology.Vernalisation][INFO] - Critical DVS for vernalization (VERNDVS) reached at day 1984-06-25, but vernalization requirements not yet fulfilled. Forcing vernalization now (VERN=47.688571).
[2026-03-13 14:36:03,496][pcse.crop.phenology.Vernalisation][INFO] - Critical DVS for vernalization (VERNDVS) reached at day 1984-06-26, but vernalization requirements not yet fulfilled. Forcing vernalization now (VERN=47.688571).
[2026-03-13 14:36:03,512][pcse.crop.phenology.Vernalisation][INFO] - Critical DVS for vernalization (VERNDVS) reached at day 1984-06-27, but vernalization requirements not yet fulfilled. Forcing vernalization now (VERN=47.688571).
[2026-03-13 14:36:03,528][pcse.crop.phenology.Vernalisation][INFO] - Critical DVS for vernalization (VERNDVS) reached at day 1984-06-28, but vernalization requirements not yet fulfilled. Forcing vernalization now (VERN=47.688571).
[2026-03-13 14:36:03,544][pcse.crop.phenology.Vernalisation][INFO] - Critical DVS for vernalization (VERNDVS) reached at day 1984-06-29, but vernalization requirements not yet fulfilled. Forcing vernalization now (VERN=47.688571).
[2026-03-13 14:36:03,544][pcse.crop.phenology.Annual_Phenology][INFO] - Changed phenological stage 'vegetative' to 'reproductive' on 1984-06-29
[2026-03-13 14:36:04,994][pcse.crop.phenology.Annual_Phenology][INFO] - Changed phenological stage 'reproductive' to 'mature' on 1984-09-13
[2026-03-13 14:36:05,196][pcse.base.timer.Timer][INFO] - Reached end of simulation period as specified by END_DATE.
| train          | E: 70 | S: 16870 | R: -7872.3566 | TR: 57.7185 | TF: 512 | LR: 512 | NR: 0 | D: 04.1 s | TD: 00.0 s | BR: -20.1800 | ALOSS: 17882.0513 | CLOSS: 2452115.1407 | TLOSS: -321.2871 | TVAL: 0.2883 | AENT: -1115.5847 | BCLOSS: 0.0000
[2026-03-13 14:36:05,201][pcse.agromanager.SoilCalendar][INFO] - Starting soil (oregon) with variation (oregon_1) on day 1984-02-01
[2026-03-13 14:36:05,203][pcse.agromanager.CropCalendar][INFO] - Starting crop (wheat) with variety (wheat_1) on day 1984-02-01
[2026-03-13 14:36:06,140][pcse.crop.phenology.Annual_Phenology][INFO] - Changed phenological stage 'emerging' to 'vegetative' on 1984-04-10
[2026-03-13 14:36:06,852][pcse.crop.phenology.Vernalisation][INFO] - Critical DVS for vernalization (VERNDVS) reached at day 1984-06-02, but vernalization requirements not yet fulfilled. Forcing vernalization now (VERN=47.688571).
[2026-03-13 14:36:06,866][pcse.crop.phenology.Vernalisation][INFO] - Critical DVS for vernalization (VERNDVS) reached at day 1984-06-03, but vernalization requirements not yet fulfilled. Forcing vernalization now (VERN=47.688571).
[2026-03-13 14:36:06,880][pcse.crop.phenology.Vernalisation][INFO] - Critical DVS for vernalization (VERNDVS) reached at day 1984-06-04, but vernalization requirements not yet fulfilled. Forcing vernalization now (VERN=47.688571).
[2026-03-13 14:36:06,893][pcse.crop.phenology.Vernalisation][INFO] - Critical DVS for vernalization (VERNDVS) reached at day 1984-06-05, but vernalization requirements not yet fulfilled. Forcing vernalization now (VERN=47.688571).
[2026-03-13 14:36:06,907][pcse.crop.phenology.Vernalisation][INFO] - Critical DVS for vernalization (VERNDVS) reached at day 1984-06-06, but vernalization requirements not yet fulfilled. Forcing vernalization now (VERN=47.688571).
[2026-03-13 14:36:06,920][pcse.crop.phenology.Vernalisation][INFO] - Critical DVS for vernalization (VERNDVS) reached at day 1984-06-07, but vernalization requirements not yet fulfilled. Forcing vernalization now (VERN=47.688571).
[2026-03-13 14:36:06,934][pcse.crop.phenology.Vernalisation][INFO] - Critical DVS for vernalization (VERNDVS) reached at day 1984-06-08, but vernalization requirements not yet fulfilled. Forcing vernalization now (VERN=47.688571).
[2026-03-13 14:36:06,948][pcse.crop.phenology.Vernalisation][INFO] - Critical DVS for vernalization (VERNDVS) reached at day 1984-06-09, but vernalization requirements not yet fulfilled. Forcing vernalization now (VERN=47.688571).
[2026-03-13 14:36:06,962][pcse.crop.phenology.Vernalisation][INFO] - Critical DVS for vernalization (VERNDVS) reached at day 1984-06-10, but vernalization requirements not yet fulfilled. Forcing vernalization now (VERN=47.688571).
[2026-03-13 14:36:06,975][pcse.crop.phenology.Vernalisation][INFO] - Critical DVS for vernalization (VERNDVS) reached at day 1984-06-11, but vernalization requirements not yet fulfilled. Forcing vernalization now (VERN=47.688571).
[2026-03-13 14:36:07,254][pcse.crop.phenology.Vernalisation][INFO] - Critical DVS for vernalization (VERNDVS) reached at day 1984-06-12, but vernalization requirements not yet fulfilled. Forcing vernalization now (VERN=47.688571).
[DBG] step=17000 r_hat=-41.132648
[2026-03-13 14:36:07,282][pcse.crop.phenology.Vernalisation][INFO] - Critical DVS for vernalization (VERNDVS) reached at day 1984-06-13, but vernalization requirements not yet fulfilled. Forcing vernalization now (VERN=47.688571).
[2026-03-13 14:36:07,315][pcse.crop.phenology.Vernalisation][INFO] - Critical DVS for vernalization (VERNDVS) reached at day 1984-06-14, but vernalization requirements not yet fulfilled. Forcing vernalization now (VERN=47.688571).
[2026-03-13 14:36:07,341][pcse.crop.phenology.Vernalisation][INFO] - Critical DVS for vernalization (VERNDVS) reached at day 1984-06-15, but vernalization requirements not yet fulfilled. Forcing vernalization now (VERN=47.688571).
[2026-03-13 14:36:07,357][pcse.crop.phenology.Vernalisation][INFO] - Critical DVS for vernalization (VERNDVS) reached at day 1984-06-16, but vernalization requirements not yet fulfilled. Forcing vernalization now (VERN=47.688571).
[2026-03-13 14:36:07,372][pcse.crop.phenology.Vernalisation][INFO] - Critical DVS for vernalization (VERNDVS) reached at day 1984-06-17, but vernalization requirements not yet fulfilled. Forcing vernalization now (VERN=47.688571).
[2026-03-13 14:36:07,389][pcse.crop.phenology.Vernalisation][INFO] - Critical DVS for vernalization (VERNDVS) reached at day 1984-06-18, but vernalization requirements not yet fulfilled. Forcing vernalization now (VERN=47.688571).
[2026-03-13 14:36:07,404][pcse.crop.phenology.Vernalisation][INFO] - Critical DVS for vernalization (VERNDVS) reached at day 1984-06-19, but vernalization requirements not yet fulfilled. Forcing vernalization now (VERN=47.688571).
[2026-03-13 14:36:07,420][pcse.crop.phenology.Vernalisation][INFO] - Critical DVS for vernalization (VERNDVS) reached at day 1984-06-20, but vernalization requirements not yet fulfilled. Forcing vernalization now (VERN=47.688571).
[2026-03-13 14:36:07,436][pcse.crop.phenology.Vernalisation][INFO] - Critical DVS for vernalization (VERNDVS) reached at day 1984-06-21, but vernalization requirements not yet fulfilled. Forcing vernalization now (VERN=47.688571).
[2026-03-13 14:36:07,451][pcse.crop.phenology.Vernalisation][INFO] - Critical DVS for vernalization (VERNDVS) reached at day 1984-06-22, but vernalization requirements not yet fulfilled. Forcing vernalization now (VERN=47.688571).
[2026-03-13 14:36:07,467][pcse.crop.phenology.Vernalisation][INFO] - Critical DVS for vernalization (VERNDVS) reached at day 1984-06-23, but vernalization requirements not yet fulfilled. Forcing vernalization now (VERN=47.688571).
[2026-03-13 14:36:07,483][pcse.crop.phenology.Vernalisation][INFO] - Critical DVS for vernalization (VERNDVS) reached at day 1984-06-24, but vernalization requirements not yet fulfilled. Forcing vernalization now (VERN=47.688571).
[2026-03-13 14:36:07,499][pcse.crop.phenology.Vernalisation][INFO] - Critical DVS for vernalization (VERNDVS) reached at day 1984-06-25, but vernalization requirements not yet fulfilled. Forcing vernalization now (VERN=47.688571).
[2026-03-13 14:36:07,515][pcse.crop.phenology.Vernalisation][INFO] - Critical DVS for vernalization (VERNDVS) reached at day 1984-06-26, but vernalization requirements not yet fulfilled. Forcing vernalization now (VERN=47.688571).
[2026-03-13 14:36:07,530][pcse.crop.phenology.Vernalisation][INFO] - Critical DVS for vernalization (VERNDVS) reached at day 1984-06-27, but vernalization requirements not yet fulfilled. Forcing vernalization now (VERN=47.688571).
[2026-03-13 14:36:07,546][pcse.crop.phenology.Vernalisation][INFO] - Critical DVS for vernalization (VERNDVS) reached at day 1984-06-28, but vernalization requirements not yet fulfilled. Forcing vernalization now (VERN=47.688571).
[2026-03-13 14:36:07,561][pcse.crop.phenology.Vernalisation][INFO] - Critical DVS for vernalization (VERNDVS) reached at day 1984-06-29, but vernalization requirements not yet fulfilled. Forcing vernalization now (VERN=47.688571).
[2026-03-13 14:36:07,561][pcse.crop.phenology.Annual_Phenology][INFO] - Changed phenological stage 'vegetative' to 'reproductive' on 1984-06-29
[2026-03-13 14:36:08,741][pcse.crop.phenology.Annual_Phenology][INFO] - Changed phenological stage 'reproductive' to 'mature' on 1984-09-13
[2026-03-13 14:36:09,004][pcse.base.timer.Timer][INFO] - Reached end of simulation period as specified by END_DATE.
| train          | E: 71 | S: 17111 | R: -7725.0491 | TR: 42.9541 | TF: 512 | LR: 512 | NR: 0 | D: 03.8 s | TD: 00.0 s | BR: -20.4735 | ALOSS: 17965.5841 | CLOSS: 2716837.6492 | TLOSS: -320.2216 | TVAL: 0.2944 | AENT: -1088.8478 | BCLOSS: 0.0000
[2026-03-13 14:36:09,011][pcse.agromanager.SoilCalendar][INFO] - Starting soil (oregon) with variation (oregon_1) on day 1984-02-01
[2026-03-13 14:36:09,014][pcse.agromanager.CropCalendar][INFO] - Starting crop (wheat) with variety (wheat_1) on day 1984-02-01
[2026-03-13 14:36:10,275][pcse.crop.phenology.Annual_Phenology][INFO] - Changed phenological stage 'emerging' to 'vegetative' on 1984-04-10
[2026-03-13 14:36:11,413][pcse.crop.phenology.Vernalisation][INFO] - Critical DVS for vernalization (VERNDVS) reached at day 1984-06-02, but vernalization requirements not yet fulfilled. Forcing vernalization now (VERN=47.688571).
[2026-03-13 14:36:11,429][pcse.crop.phenology.Vernalisation][INFO] - Critical DVS for vernalization (VERNDVS) reached at day 1984-06-03, but vernalization requirements not yet fulfilled. Forcing vernalization now (VERN=47.688571).
[2026-03-13 14:36:11,449][pcse.crop.phenology.Vernalisation][INFO] - Critical DVS for vernalization (VERNDVS) reached at day 1984-06-04, but vernalization requirements not yet fulfilled. Forcing vernalization now (VERN=47.688571).
[2026-03-13 14:36:11,466][pcse.crop.phenology.Vernalisation][INFO] - Critical DVS for vernalization (VERNDVS) reached at day 1984-06-05, but vernalization requirements not yet fulfilled. Forcing vernalization now (VERN=47.688571).
[2026-03-13 14:36:11,480][pcse.crop.phenology.Vernalisation][INFO] - Critical DVS for vernalization (VERNDVS) reached at day 1984-06-06, but vernalization requirements not yet fulfilled. Forcing vernalization now (VERN=47.688571).
[2026-03-13 14:36:11,494][pcse.crop.phenology.Vernalisation][INFO] - Critical DVS for vernalization (VERNDVS) reached at day 1984-06-07, but vernalization requirements not yet fulfilled. Forcing vernalization now (VERN=47.688571).
[2026-03-13 14:36:11,509][pcse.crop.phenology.Vernalisation][INFO] - Critical DVS for vernalization (VERNDVS) reached at day 1984-06-08, but vernalization requirements not yet fulfilled. Forcing vernalization now (VERN=47.688571).
[2026-03-13 14:36:11,524][pcse.crop.phenology.Vernalisation][INFO] - Critical DVS for vernalization (VERNDVS) reached at day 1984-06-09, but vernalization requirements not yet fulfilled. Forcing vernalization now (VERN=47.688571).
[2026-03-13 14:36:11,538][pcse.crop.phenology.Vernalisation][INFO] - Critical DVS for vernalization (VERNDVS) reached at day 1984-06-10, but vernalization requirements not yet fulfilled. Forcing vernalization now (VERN=47.688571).
[2026-03-13 14:36:11,552][pcse.crop.phenology.Vernalisation][INFO] - Critical DVS for vernalization (VERNDVS) reached at day 1984-06-11, but vernalization requirements not yet fulfilled. Forcing vernalization now (VERN=47.688571).
[2026-03-13 14:36:11,565][pcse.crop.phenology.Vernalisation][INFO] - Critical DVS for vernalization (VERNDVS) reached at day 1984-06-12, but vernalization requirements not yet fulfilled. Forcing vernalization now (VERN=47.688571).
[2026-03-13 14:36:11,579][pcse.crop.phenology.Vernalisation][INFO] - Critical DVS for vernalization (VERNDVS) reached at day 1984-06-13, but vernalization requirements not yet fulfilled. Forcing vernalization now (VERN=47.688571).
[2026-03-13 14:36:11,593][pcse.crop.phenology.Vernalisation][INFO] - Critical DVS for vernalization (VERNDVS) reached at day 1984-06-14, but vernalization requirements not yet fulfilled. Forcing vernalization now (VERN=47.688571).
[2026-03-13 14:36:11,607][pcse.crop.phenology.Vernalisation][INFO] - Critical DVS for vernalization (VERNDVS) reached at day 1984-06-15, but vernalization requirements not yet fulfilled. Forcing vernalization now (VERN=47.688571).
[2026-03-13 14:36:11,621][pcse.crop.phenology.Vernalisation][INFO] - Critical DVS for vernalization (VERNDVS) reached at day 1984-06-16, but vernalization requirements not yet fulfilled. Forcing vernalization now (VERN=47.688571).
[2026-03-13 14:36:11,635][pcse.crop.phenology.Vernalisation][INFO] - Critical DVS for vernalization (VERNDVS) reached at day 1984-06-17, but vernalization requirements not yet fulfilled. Forcing vernalization now (VERN=47.688571).
[2026-03-13 14:36:11,649][pcse.crop.phenology.Vernalisation][INFO] - Critical DVS for vernalization (VERNDVS) reached at day 1984-06-18, but vernalization requirements not yet fulfilled. Forcing vernalization now (VERN=47.688571).
[2026-03-13 14:36:11,663][pcse.crop.phenology.Vernalisation][INFO] - Critical DVS for vernalization (VERNDVS) reached at day 1984-06-19, but vernalization requirements not yet fulfilled. Forcing vernalization now (VERN=47.688571).
[2026-03-13 14:36:11,677][pcse.crop.phenology.Vernalisation][INFO] - Critical DVS for vernalization (VERNDVS) reached at day 1984-06-20, but vernalization requirements not yet fulfilled. Forcing vernalization now (VERN=47.688571).
[2026-03-13 14:36:11,690][pcse.crop.phenology.Vernalisation][INFO] - Critical DVS for vernalization (VERNDVS) reached at day 1984-06-21, but vernalization requirements not yet fulfilled. Forcing vernalization now (VERN=47.688571).
[2026-03-13 14:36:11,704][pcse.crop.phenology.Vernalisation][INFO] - Critical DVS for vernalization (VERNDVS) reached at day 1984-06-22, but vernalization requirements not yet fulfilled. Forcing vernalization now (VERN=47.688571).
[2026-03-13 14:36:11,718][pcse.crop.phenology.Vernalisation][INFO] - Critical DVS for vernalization (VERNDVS) reached at day 1984-06-23, but vernalization requirements not yet fulfilled. Forcing vernalization now (VERN=47.688571).
[2026-03-13 14:36:11,732][pcse.crop.phenology.Vernalisation][INFO] - Critical DVS for vernalization (VERNDVS) reached at day 1984-06-24, but vernalization requirements not yet fulfilled. Forcing vernalization now (VERN=47.688571).
[2026-03-13 14:36:11,746][pcse.crop.phenology.Vernalisation][INFO] - Critical DVS for vernalization (VERNDVS) reached at day 1984-06-25, but vernalization requirements not yet fulfilled. Forcing vernalization now (VERN=47.688571).
[2026-03-13 14:36:11,760][pcse.crop.phenology.Vernalisation][INFO] - Critical DVS for vernalization (VERNDVS) reached at day 1984-06-26, but vernalization requirements not yet fulfilled. Forcing vernalization now (VERN=47.688571).
[2026-03-13 14:36:11,773][pcse.crop.phenology.Vernalisation][INFO] - Critical DVS for vernalization (VERNDVS) reached at day 1984-06-27, but vernalization requirements not yet fulfilled. Forcing vernalization now (VERN=47.688571).
[2026-03-13 14:36:11,787][pcse.crop.phenology.Vernalisation][INFO] - Critical DVS for vernalization (VERNDVS) reached at day 1984-06-28, but vernalization requirements not yet fulfilled. Forcing vernalization now (VERN=47.688571).
[2026-03-13 14:36:11,802][pcse.crop.phenology.Vernalisation][INFO] - Critical DVS for vernalization (VERNDVS) reached at day 1984-06-29, but vernalization requirements not yet fulfilled. Forcing vernalization now (VERN=47.688571).
[2026-03-13 14:36:11,802][pcse.crop.phenology.Annual_Phenology][INFO] - Changed phenological stage 'vegetative' to 'reproductive' on 1984-06-29
[2026-03-13 14:36:12,825][pcse.crop.phenology.Annual_Phenology][INFO] - Changed phenological stage 'reproductive' to 'mature' on 1984-09-13
[2026-03-13 14:36:13,057][pcse.base.timer.Timer][INFO] - Reached end of simulation period as specified by END_DATE.
| train          | E: 72 | S: 17352 | R: -7702.9496 | TR: 22.1076 | TF: 512 | LR: 512 | NR: 0 | D: 04.1 s | TD: 00.0 s | BR: -20.7485 | ALOSS: 18056.6150 | CLOSS: 2637174.8479 | TLOSS: -317.2070 | TVAL: 0.3007 | AENT: -1055.9782 | BCLOSS: 0.0000
[2026-03-13 14:36:13,062][pcse.agromanager.SoilCalendar][INFO] - Starting soil (oregon) with variation (oregon_1) on day 1984-02-01
[2026-03-13 14:36:13,064][pcse.agromanager.CropCalendar][INFO] - Starting crop (wheat) with variety (wheat_1) on day 1984-02-01
[2026-03-13 14:36:14,375][pcse.crop.phenology.Annual_Phenology][INFO] - Changed phenological stage 'emerging' to 'vegetative' on 1984-04-10
[2026-03-13 14:36:15,085][pcse.crop.phenology.Vernalisation][INFO] - Critical DVS for vernalization (VERNDVS) reached at day 1984-06-02, but vernalization requirements not yet fulfilled. Forcing vernalization now (VERN=47.688571).
[2026-03-13 14:36:15,098][pcse.crop.phenology.Vernalisation][INFO] - Critical DVS for vernalization (VERNDVS) reached at day 1984-06-03, but vernalization requirements not yet fulfilled. Forcing vernalization now (VERN=47.688571).
[2026-03-13 14:36:15,113][pcse.crop.phenology.Vernalisation][INFO] - Critical DVS for vernalization (VERNDVS) reached at day 1984-06-04, but vernalization requirements not yet fulfilled. Forcing vernalization now (VERN=47.688571).
[2026-03-13 14:36:15,127][pcse.crop.phenology.Vernalisation][INFO] - Critical DVS for vernalization (VERNDVS) reached at day 1984-06-05, but vernalization requirements not yet fulfilled. Forcing vernalization now (VERN=47.688571).
[2026-03-13 14:36:15,141][pcse.crop.phenology.Vernalisation][INFO] - Critical DVS for vernalization (VERNDVS) reached at day 1984-06-06, but vernalization requirements not yet fulfilled. Forcing vernalization now (VERN=47.688571).
[2026-03-13 14:36:15,155][pcse.crop.phenology.Vernalisation][INFO] - Critical DVS for vernalization (VERNDVS) reached at day 1984-06-07, but vernalization requirements not yet fulfilled. Forcing vernalization now (VERN=47.688571).
[2026-03-13 14:36:15,169][pcse.crop.phenology.Vernalisation][INFO] - Critical DVS for vernalization (VERNDVS) reached at day 1984-06-08, but vernalization requirements not yet fulfilled. Forcing vernalization now (VERN=47.688571).
[2026-03-13 14:36:15,183][pcse.crop.phenology.Vernalisation][INFO] - Critical DVS for vernalization (VERNDVS) reached at day 1984-06-09, but vernalization requirements not yet fulfilled. Forcing vernalization now (VERN=47.688571).
[2026-03-13 14:36:15,197][pcse.crop.phenology.Vernalisation][INFO] - Critical DVS for vernalization (VERNDVS) reached at day 1984-06-10, but vernalization requirements not yet fulfilled. Forcing vernalization now (VERN=47.688571).
[2026-03-13 14:36:15,210][pcse.crop.phenology.Vernalisation][INFO] - Critical DVS for vernalization (VERNDVS) reached at day 1984-06-11, but vernalization requirements not yet fulfilled. Forcing vernalization now (VERN=47.688571).
[2026-03-13 14:36:15,224][pcse.crop.phenology.Vernalisation][INFO] - Critical DVS for vernalization (VERNDVS) reached at day 1984-06-12, but vernalization requirements not yet fulfilled. Forcing vernalization now (VERN=47.688571).
[2026-03-13 14:36:15,238][pcse.crop.phenology.Vernalisation][INFO] - Critical DVS for vernalization (VERNDVS) reached at day 1984-06-13, but vernalization requirements not yet fulfilled. Forcing vernalization now (VERN=47.688571).
[2026-03-13 14:36:15,252][pcse.crop.phenology.Vernalisation][INFO] - Critical DVS for vernalization (VERNDVS) reached at day 1984-06-14, but vernalization requirements not yet fulfilled. Forcing vernalization now (VERN=47.688571).
[2026-03-13 14:36:15,265][pcse.crop.phenology.Vernalisation][INFO] - Critical DVS for vernalization (VERNDVS) reached at day 1984-06-15, but vernalization requirements not yet fulfilled. Forcing vernalization now (VERN=47.688571).
[2026-03-13 14:36:15,279][pcse.crop.phenology.Vernalisation][INFO] - Critical DVS for vernalization (VERNDVS) reached at day 1984-06-16, but vernalization requirements not yet fulfilled. Forcing vernalization now (VERN=47.688571).
[2026-03-13 14:36:15,293][pcse.crop.phenology.Vernalisation][INFO] - Critical DVS for vernalization (VERNDVS) reached at day 1984-06-17, but vernalization requirements not yet fulfilled. Forcing vernalization now (VERN=47.688571).
[2026-03-13 14:36:15,307][pcse.crop.phenology.Vernalisation][INFO] - Critical DVS for vernalization (VERNDVS) reached at day 1984-06-18, but vernalization requirements not yet fulfilled. Forcing vernalization now (VERN=47.688571).
[2026-03-13 14:36:15,320][pcse.crop.phenology.Vernalisation][INFO] - Critical DVS for vernalization (VERNDVS) reached at day 1984-06-19, but vernalization requirements not yet fulfilled. Forcing vernalization now (VERN=47.688571).
[2026-03-13 14:36:15,334][pcse.crop.phenology.Vernalisation][INFO] - Critical DVS for vernalization (VERNDVS) reached at day 1984-06-20, but vernalization requirements not yet fulfilled. Forcing vernalization now (VERN=47.688571).
[2026-03-13 14:36:15,348][pcse.crop.phenology.Vernalisation][INFO] - Critical DVS for vernalization (VERNDVS) reached at day 1984-06-21, but vernalization requirements not yet fulfilled. Forcing vernalization now (VERN=47.688571).
[2026-03-13 14:36:15,361][pcse.crop.phenology.Vernalisation][INFO] - Critical DVS for vernalization (VERNDVS) reached at day 1984-06-22, but vernalization requirements not yet fulfilled. Forcing vernalization now (VERN=47.688571).
[2026-03-13 14:36:15,375][pcse.crop.phenology.Vernalisation][INFO] - Critical DVS for vernalization (VERNDVS) reached at day 1984-06-23, but vernalization requirements not yet fulfilled. Forcing vernalization now (VERN=47.688571).
[2026-03-13 14:36:15,389][pcse.crop.phenology.Vernalisation][INFO] - Critical DVS for vernalization (VERNDVS) reached at day 1984-06-24, but vernalization requirements not yet fulfilled. Forcing vernalization now (VERN=47.688571).
[2026-03-13 14:36:15,403][pcse.crop.phenology.Vernalisation][INFO] - Critical DVS for vernalization (VERNDVS) reached at day 1984-06-25, but vernalization requirements not yet fulfilled. Forcing vernalization now (VERN=47.688571).
[2026-03-13 14:36:15,417][pcse.crop.phenology.Vernalisation][INFO] - Critical DVS for vernalization (VERNDVS) reached at day 1984-06-26, but vernalization requirements not yet fulfilled. Forcing vernalization now (VERN=47.688571).
[2026-03-13 14:36:15,431][pcse.crop.phenology.Vernalisation][INFO] - Critical DVS for vernalization (VERNDVS) reached at day 1984-06-27, but vernalization requirements not yet fulfilled. Forcing vernalization now (VERN=47.688571).
[2026-03-13 14:36:15,444][pcse.crop.phenology.Vernalisation][INFO] - Critical DVS for vernalization (VERNDVS) reached at day 1984-06-28, but vernalization requirements not yet fulfilled. Forcing vernalization now (VERN=47.688571).
[2026-03-13 14:36:15,458][pcse.crop.phenology.Vernalisation][INFO] - Critical DVS for vernalization (VERNDVS) reached at day 1984-06-29, but vernalization requirements not yet fulfilled. Forcing vernalization now (VERN=47.688571).
[2026-03-13 14:36:15,458][pcse.crop.phenology.Annual_Phenology][INFO] - Changed phenological stage 'vegetative' to 'reproductive' on 1984-06-29
[DBG] step=17500 r_hat=-38.035656
[2026-03-13 14:36:16,482][pcse.crop.phenology.Annual_Phenology][INFO] - Changed phenological stage 'reproductive' to 'mature' on 1984-09-13
[2026-03-13 14:36:16,713][pcse.base.timer.Timer][INFO] - Reached end of simulation period as specified by END_DATE.
| train          | E: 73 | S: 17593 | R: -7758.5925 | TR: 27.2508 | TF: 512 | LR: 512 | NR: 0 | D: 03.7 s | TD: 00.0 s | BR: -20.7275 | ALOSS: 18099.4095 | CLOSS: 2807444.0505 | TLOSS: -315.5410 | TVAL: 0.3072 | AENT: -1028.1623 | BCLOSS: 0.0000
[2026-03-13 14:36:16,718][pcse.agromanager.SoilCalendar][INFO] - Starting soil (oregon) with variation (oregon_1) on day 1984-02-01
[2026-03-13 14:36:16,720][pcse.agromanager.CropCalendar][INFO] - Starting crop (wheat) with variety (wheat_1) on day 1984-02-01
[2026-03-13 14:36:18,224][pcse.crop.phenology.Annual_Phenology][INFO] - Changed phenological stage 'emerging' to 'vegetative' on 1984-04-10
[2026-03-13 14:36:19,041][pcse.crop.phenology.Vernalisation][INFO] - Critical DVS for vernalization (VERNDVS) reached at day 1984-06-02, but vernalization requirements not yet fulfilled. Forcing vernalization now (VERN=47.688571).
[2026-03-13 14:36:19,056][pcse.crop.phenology.Vernalisation][INFO] - Critical DVS for vernalization (VERNDVS) reached at day 1984-06-03, but vernalization requirements not yet fulfilled. Forcing vernalization now (VERN=47.688571).
[2026-03-13 14:36:19,072][pcse.crop.phenology.Vernalisation][INFO] - Critical DVS for vernalization (VERNDVS) reached at day 1984-06-04, but vernalization requirements not yet fulfilled. Forcing vernalization now (VERN=47.688571).
[2026-03-13 14:36:19,087][pcse.crop.phenology.Vernalisation][INFO] - Critical DVS for vernalization (VERNDVS) reached at day 1984-06-05, but vernalization requirements not yet fulfilled. Forcing vernalization now (VERN=47.688571).
[2026-03-13 14:36:19,103][pcse.crop.phenology.Vernalisation][INFO] - Critical DVS for vernalization (VERNDVS) reached at day 1984-06-06, but vernalization requirements not yet fulfilled. Forcing vernalization now (VERN=47.688571).
[2026-03-13 14:36:19,119][pcse.crop.phenology.Vernalisation][INFO] - Critical DVS for vernalization (VERNDVS) reached at day 1984-06-07, but vernalization requirements not yet fulfilled. Forcing vernalization now (VERN=47.688571).
[2026-03-13 14:36:19,135][pcse.crop.phenology.Vernalisation][INFO] - Critical DVS for vernalization (VERNDVS) reached at day 1984-06-08, but vernalization requirements not yet fulfilled. Forcing vernalization now (VERN=47.688571).
[2026-03-13 14:36:19,150][pcse.crop.phenology.Vernalisation][INFO] - Critical DVS for vernalization (VERNDVS) reached at day 1984-06-09, but vernalization requirements not yet fulfilled. Forcing vernalization now (VERN=47.688571).
[2026-03-13 14:36:19,166][pcse.crop.phenology.Vernalisation][INFO] - Critical DVS for vernalization (VERNDVS) reached at day 1984-06-10, but vernalization requirements not yet fulfilled. Forcing vernalization now (VERN=47.688571).
[2026-03-13 14:36:19,182][pcse.crop.phenology.Vernalisation][INFO] - Critical DVS for vernalization (VERNDVS) reached at day 1984-06-11, but vernalization requirements not yet fulfilled. Forcing vernalization now (VERN=47.688571).
[2026-03-13 14:36:19,198][pcse.crop.phenology.Vernalisation][INFO] - Critical DVS for vernalization (VERNDVS) reached at day 1984-06-12, but vernalization requirements not yet fulfilled. Forcing vernalization now (VERN=47.688571).
[2026-03-13 14:36:19,214][pcse.crop.phenology.Vernalisation][INFO] - Critical DVS for vernalization (VERNDVS) reached at day 1984-06-13, but vernalization requirements not yet fulfilled. Forcing vernalization now (VERN=47.688571).
[2026-03-13 14:36:19,230][pcse.crop.phenology.Vernalisation][INFO] - Critical DVS for vernalization (VERNDVS) reached at day 1984-06-14, but vernalization requirements not yet fulfilled. Forcing vernalization now (VERN=47.688571).
[2026-03-13 14:36:19,245][pcse.crop.phenology.Vernalisation][INFO] - Critical DVS for vernalization (VERNDVS) reached at day 1984-06-15, but vernalization requirements not yet fulfilled. Forcing vernalization now (VERN=47.688571).
[2026-03-13 14:36:19,261][pcse.crop.phenology.Vernalisation][INFO] - Critical DVS for vernalization (VERNDVS) reached at day 1984-06-16, but vernalization requirements not yet fulfilled. Forcing vernalization now (VERN=47.688571).
[2026-03-13 14:36:19,277][pcse.crop.phenology.Vernalisation][INFO] - Critical DVS for vernalization (VERNDVS) reached at day 1984-06-17, but vernalization requirements not yet fulfilled. Forcing vernalization now (VERN=47.688571).
[2026-03-13 14:36:19,292][pcse.crop.phenology.Vernalisation][INFO] - Critical DVS for vernalization (VERNDVS) reached at day 1984-06-18, but vernalization requirements not yet fulfilled. Forcing vernalization now (VERN=47.688571).
[2026-03-13 14:36:19,308][pcse.crop.phenology.Vernalisation][INFO] - Critical DVS for vernalization (VERNDVS) reached at day 1984-06-19, but vernalization requirements not yet fulfilled. Forcing vernalization now (VERN=47.688571).
[2026-03-13 14:36:19,324][pcse.crop.phenology.Vernalisation][INFO] - Critical DVS for vernalization (VERNDVS) reached at day 1984-06-20, but vernalization requirements not yet fulfilled. Forcing vernalization now (VERN=47.688571).
[2026-03-13 14:36:19,339][pcse.crop.phenology.Vernalisation][INFO] - Critical DVS for vernalization (VERNDVS) reached at day 1984-06-21, but vernalization requirements not yet fulfilled. Forcing vernalization now (VERN=47.688571).
[2026-03-13 14:36:19,354][pcse.crop.phenology.Vernalisation][INFO] - Critical DVS for vernalization (VERNDVS) reached at day 1984-06-22, but vernalization requirements not yet fulfilled. Forcing vernalization now (VERN=47.688571).
[2026-03-13 14:36:19,370][pcse.crop.phenology.Vernalisation][INFO] - Critical DVS for vernalization (VERNDVS) reached at day 1984-06-23, but vernalization requirements not yet fulfilled. Forcing vernalization now (VERN=47.688571).
[2026-03-13 14:36:19,385][pcse.crop.phenology.Vernalisation][INFO] - Critical DVS for vernalization (VERNDVS) reached at day 1984-06-24, but vernalization requirements not yet fulfilled. Forcing vernalization now (VERN=47.688571).
[2026-03-13 14:36:19,401][pcse.crop.phenology.Vernalisation][INFO] - Critical DVS for vernalization (VERNDVS) reached at day 1984-06-25, but vernalization requirements not yet fulfilled. Forcing vernalization now (VERN=47.688571).
[2026-03-13 14:36:19,417][pcse.crop.phenology.Vernalisation][INFO] - Critical DVS for vernalization (VERNDVS) reached at day 1984-06-26, but vernalization requirements not yet fulfilled. Forcing vernalization now (VERN=47.688571).
[2026-03-13 14:36:19,432][pcse.crop.phenology.Vernalisation][INFO] - Critical DVS for vernalization (VERNDVS) reached at day 1984-06-27, but vernalization requirements not yet fulfilled. Forcing vernalization now (VERN=47.688571).
[2026-03-13 14:36:19,448][pcse.crop.phenology.Vernalisation][INFO] - Critical DVS for vernalization (VERNDVS) reached at day 1984-06-28, but vernalization requirements not yet fulfilled. Forcing vernalization now (VERN=47.688571).
[2026-03-13 14:36:19,463][pcse.crop.phenology.Vernalisation][INFO] - Critical DVS for vernalization (VERNDVS) reached at day 1984-06-29, but vernalization requirements not yet fulfilled. Forcing vernalization now (VERN=47.688571).
[2026-03-13 14:36:19,464][pcse.crop.phenology.Annual_Phenology][INFO] - Changed phenological stage 'vegetative' to 'reproductive' on 1984-06-29
[2026-03-13 14:36:20,919][pcse.crop.phenology.Annual_Phenology][INFO] - Changed phenological stage 'reproductive' to 'mature' on 1984-09-13
[2026-03-13 14:36:21,181][pcse.base.timer.Timer][INFO] - Reached end of simulation period as specified by END_DATE.
| train          | E: 74 | S: 17834 | R: -7901.3207 | TR: 44.9050 | TF: 512 | LR: 512 | NR: 0 | D: 04.5 s | TD: 00.0 s | BR: -21.0241 | ALOSS: 18156.4839 | CLOSS: 2673573.2947 | TLOSS: -315.9871 | TVAL: 0.3140 | AENT: -1007.4693 | BCLOSS: 0.0000
[2026-03-13 14:36:21,189][pcse.agromanager.SoilCalendar][INFO] - Starting soil (oregon) with variation (oregon_1) on day 1984-02-01
[2026-03-13 14:36:21,191][pcse.agromanager.CropCalendar][INFO] - Starting crop (wheat) with variety (wheat_1) on day 1984-02-01
[2026-03-13 14:36:22,449][pcse.crop.phenology.Annual_Phenology][INFO] - Changed phenological stage 'emerging' to 'vegetative' on 1984-04-10
[2026-03-13 14:36:23,266][pcse.crop.phenology.Vernalisation][INFO] - Critical DVS for vernalization (VERNDVS) reached at day 1984-06-02, but vernalization requirements not yet fulfilled. Forcing vernalization now (VERN=47.688571).
[2026-03-13 14:36:23,281][pcse.crop.phenology.Vernalisation][INFO] - Critical DVS for vernalization (VERNDVS) reached at day 1984-06-03, but vernalization requirements not yet fulfilled. Forcing vernalization now (VERN=47.688571).
[2026-03-13 14:36:23,297][pcse.crop.phenology.Vernalisation][INFO] - Critical DVS for vernalization (VERNDVS) reached at day 1984-06-04, but vernalization requirements not yet fulfilled. Forcing vernalization now (VERN=47.688571).
[2026-03-13 14:36:23,313][pcse.crop.phenology.Vernalisation][INFO] - Critical DVS for vernalization (VERNDVS) reached at day 1984-06-05, but vernalization requirements not yet fulfilled. Forcing vernalization now (VERN=47.688571).
[2026-03-13 14:36:23,329][pcse.crop.phenology.Vernalisation][INFO] - Critical DVS for vernalization (VERNDVS) reached at day 1984-06-06, but vernalization requirements not yet fulfilled. Forcing vernalization now (VERN=47.688571).
[2026-03-13 14:36:23,344][pcse.crop.phenology.Vernalisation][INFO] - Critical DVS for vernalization (VERNDVS) reached at day 1984-06-07, but vernalization requirements not yet fulfilled. Forcing vernalization now (VERN=47.688571).
[2026-03-13 14:36:23,360][pcse.crop.phenology.Vernalisation][INFO] - Critical DVS for vernalization (VERNDVS) reached at day 1984-06-08, but vernalization requirements not yet fulfilled. Forcing vernalization now (VERN=47.688571).
[2026-03-13 14:36:23,375][pcse.crop.phenology.Vernalisation][INFO] - Critical DVS for vernalization (VERNDVS) reached at day 1984-06-09, but vernalization requirements not yet fulfilled. Forcing vernalization now (VERN=47.688571).
[2026-03-13 14:36:23,391][pcse.crop.phenology.Vernalisation][INFO] - Critical DVS for vernalization (VERNDVS) reached at day 1984-06-10, but vernalization requirements not yet fulfilled. Forcing vernalization now (VERN=47.688571).
[2026-03-13 14:36:23,407][pcse.crop.phenology.Vernalisation][INFO] - Critical DVS for vernalization (VERNDVS) reached at day 1984-06-11, but vernalization requirements not yet fulfilled. Forcing vernalization now (VERN=47.688571).
[2026-03-13 14:36:23,423][pcse.crop.phenology.Vernalisation][INFO] - Critical DVS for vernalization (VERNDVS) reached at day 1984-06-12, but vernalization requirements not yet fulfilled. Forcing vernalization now (VERN=47.688571).
[2026-03-13 14:36:23,439][pcse.crop.phenology.Vernalisation][INFO] - Critical DVS for vernalization (VERNDVS) reached at day 1984-06-13, but vernalization requirements not yet fulfilled. Forcing vernalization now (VERN=47.688571).
[2026-03-13 14:36:23,454][pcse.crop.phenology.Vernalisation][INFO] - Critical DVS for vernalization (VERNDVS) reached at day 1984-06-14, but vernalization requirements not yet fulfilled. Forcing vernalization now (VERN=47.688571).
[2026-03-13 14:36:23,470][pcse.crop.phenology.Vernalisation][INFO] - Critical DVS for vernalization (VERNDVS) reached at day 1984-06-15, but vernalization requirements not yet fulfilled. Forcing vernalization now (VERN=47.688571).
[2026-03-13 14:36:23,485][pcse.crop.phenology.Vernalisation][INFO] - Critical DVS for vernalization (VERNDVS) reached at day 1984-06-16, but vernalization requirements not yet fulfilled. Forcing vernalization now (VERN=47.688571).
[2026-03-13 14:36:23,500][pcse.crop.phenology.Vernalisation][INFO] - Critical DVS for vernalization (VERNDVS) reached at day 1984-06-17, but vernalization requirements not yet fulfilled. Forcing vernalization now (VERN=47.688571).
[2026-03-13 14:36:23,516][pcse.crop.phenology.Vernalisation][INFO] - Critical DVS for vernalization (VERNDVS) reached at day 1984-06-18, but vernalization requirements not yet fulfilled. Forcing vernalization now (VERN=47.688571).
[2026-03-13 14:36:23,532][pcse.crop.phenology.Vernalisation][INFO] - Critical DVS for vernalization (VERNDVS) reached at day 1984-06-19, but vernalization requirements not yet fulfilled. Forcing vernalization now (VERN=47.688571).
[2026-03-13 14:36:23,548][pcse.crop.phenology.Vernalisation][INFO] - Critical DVS for vernalization (VERNDVS) reached at day 1984-06-20, but vernalization requirements not yet fulfilled. Forcing vernalization now (VERN=47.688571).
[2026-03-13 14:36:23,564][pcse.crop.phenology.Vernalisation][INFO] - Critical DVS for vernalization (VERNDVS) reached at day 1984-06-21, but vernalization requirements not yet fulfilled. Forcing vernalization now (VERN=47.688571).
[2026-03-13 14:36:23,579][pcse.crop.phenology.Vernalisation][INFO] - Critical DVS for vernalization (VERNDVS) reached at day 1984-06-22, but vernalization requirements not yet fulfilled. Forcing vernalization now (VERN=47.688571).
[2026-03-13 14:36:23,595][pcse.crop.phenology.Vernalisation][INFO] - Critical DVS for vernalization (VERNDVS) reached at day 1984-06-23, but vernalization requirements not yet fulfilled. Forcing vernalization now (VERN=47.688571).
[2026-03-13 14:36:23,610][pcse.crop.phenology.Vernalisation][INFO] - Critical DVS for vernalization (VERNDVS) reached at day 1984-06-24, but vernalization requirements not yet fulfilled. Forcing vernalization now (VERN=47.688571).
[2026-03-13 14:36:23,626][pcse.crop.phenology.Vernalisation][INFO] - Critical DVS for vernalization (VERNDVS) reached at day 1984-06-25, but vernalization requirements not yet fulfilled. Forcing vernalization now (VERN=47.688571).
[2026-03-13 14:36:23,641][pcse.crop.phenology.Vernalisation][INFO] - Critical DVS for vernalization (VERNDVS) reached at day 1984-06-26, but vernalization requirements not yet fulfilled. Forcing vernalization now (VERN=47.688571).
[2026-03-13 14:36:23,656][pcse.crop.phenology.Vernalisation][INFO] - Critical DVS for vernalization (VERNDVS) reached at day 1984-06-27, but vernalization requirements not yet fulfilled. Forcing vernalization now (VERN=47.688571).
[2026-03-13 14:36:23,672][pcse.crop.phenology.Vernalisation][INFO] - Critical DVS for vernalization (VERNDVS) reached at day 1984-06-28, but vernalization requirements not yet fulfilled. Forcing vernalization now (VERN=47.688571).
[2026-03-13 14:36:23,687][pcse.crop.phenology.Vernalisation][INFO] - Critical DVS for vernalization (VERNDVS) reached at day 1984-06-29, but vernalization requirements not yet fulfilled. Forcing vernalization now (VERN=47.688571).
[2026-03-13 14:36:23,688][pcse.crop.phenology.Annual_Phenology][INFO] - Changed phenological stage 'vegetative' to 'reproductive' on 1984-06-29
[DBG] step=18000 r_hat=-47.820889
[2026-03-13 14:36:25,075][pcse.crop.phenology.Annual_Phenology][INFO] - Changed phenological stage 'reproductive' to 'mature' on 1984-09-13
[2026-03-13 14:36:25,303][pcse.base.timer.Timer][INFO] - Reached end of simulation period as specified by END_DATE.
| train          | E: 75 | S: 18075 | R: -7855.3611 | TR: 51.4998 | TF: 512 | LR: 512 | NR: 0 | D: 04.1 s | TD: 00.0 s | BR: -20.8901 | ALOSS: 18217.3417 | CLOSS: 2652188.5917 | TLOSS: -315.7643 | TVAL: 0.3210 | AENT: -984.8241 | BCLOSS: 0.0000
[2026-03-13 14:36:25,308][pcse.agromanager.SoilCalendar][INFO] - Starting soil (oregon) with variation (oregon_1) on day 1984-02-01
[2026-03-13 14:36:25,310][pcse.agromanager.CropCalendar][INFO] - Starting crop (wheat) with variety (wheat_1) on day 1984-02-01
[2026-03-13 14:36:26,347][pcse.crop.phenology.Annual_Phenology][INFO] - Changed phenological stage 'emerging' to 'vegetative' on 1984-04-10
[2026-03-13 14:36:27,087][pcse.crop.phenology.Vernalisation][INFO] - Critical DVS for vernalization (VERNDVS) reached at day 1984-06-02, but vernalization requirements not yet fulfilled. Forcing vernalization now (VERN=47.688571).
[2026-03-13 14:36:27,101][pcse.crop.phenology.Vernalisation][INFO] - Critical DVS for vernalization (VERNDVS) reached at day 1984-06-03, but vernalization requirements not yet fulfilled. Forcing vernalization now (VERN=47.688571).
[2026-03-13 14:36:27,116][pcse.crop.phenology.Vernalisation][INFO] - Critical DVS for vernalization (VERNDVS) reached at day 1984-06-04, but vernalization requirements not yet fulfilled. Forcing vernalization now (VERN=47.688571).
[2026-03-13 14:36:27,130][pcse.crop.phenology.Vernalisation][INFO] - Critical DVS for vernalization (VERNDVS) reached at day 1984-06-05, but vernalization requirements not yet fulfilled. Forcing vernalization now (VERN=47.688571).
[2026-03-13 14:36:27,143][pcse.crop.phenology.Vernalisation][INFO] - Critical DVS for vernalization (VERNDVS) reached at day 1984-06-06, but vernalization requirements not yet fulfilled. Forcing vernalization now (VERN=47.688571).
[2026-03-13 14:36:27,532][pcse.crop.phenology.Vernalisation][INFO] - Critical DVS for vernalization (VERNDVS) reached at day 1984-06-07, but vernalization requirements not yet fulfilled. Forcing vernalization now (VERN=47.688571).
[2026-03-13 14:36:27,567][pcse.crop.phenology.Vernalisation][INFO] - Critical DVS for vernalization (VERNDVS) reached at day 1984-06-08, but vernalization requirements not yet fulfilled. Forcing vernalization now (VERN=47.688571).
[2026-03-13 14:36:27,591][pcse.crop.phenology.Vernalisation][INFO] - Critical DVS for vernalization (VERNDVS) reached at day 1984-06-09, but vernalization requirements not yet fulfilled. Forcing vernalization now (VERN=47.688571).
[2026-03-13 14:36:27,611][pcse.crop.phenology.Vernalisation][INFO] - Critical DVS for vernalization (VERNDVS) reached at day 1984-06-10, but vernalization requirements not yet fulfilled. Forcing vernalization now (VERN=47.688571).
[2026-03-13 14:36:27,627][pcse.crop.phenology.Vernalisation][INFO] - Critical DVS for vernalization (VERNDVS) reached at day 1984-06-11, but vernalization requirements not yet fulfilled. Forcing vernalization now (VERN=47.688571).
[2026-03-13 14:36:27,643][pcse.crop.phenology.Vernalisation][INFO] - Critical DVS for vernalization (VERNDVS) reached at day 1984-06-12, but vernalization requirements not yet fulfilled. Forcing vernalization now (VERN=47.688571).
[2026-03-13 14:36:27,659][pcse.crop.phenology.Vernalisation][INFO] - Critical DVS for vernalization (VERNDVS) reached at day 1984-06-13, but vernalization requirements not yet fulfilled. Forcing vernalization now (VERN=47.688571).
[2026-03-13 14:36:27,675][pcse.crop.phenology.Vernalisation][INFO] - Critical DVS for vernalization (VERNDVS) reached at day 1984-06-14, but vernalization requirements not yet fulfilled. Forcing vernalization now (VERN=47.688571).
[2026-03-13 14:36:27,692][pcse.crop.phenology.Vernalisation][INFO] - Critical DVS for vernalization (VERNDVS) reached at day 1984-06-15, but vernalization requirements not yet fulfilled. Forcing vernalization now (VERN=47.688571).
[2026-03-13 14:36:27,707][pcse.crop.phenology.Vernalisation][INFO] - Critical DVS for vernalization (VERNDVS) reached at day 1984-06-16, but vernalization requirements not yet fulfilled. Forcing vernalization now (VERN=47.688571).
[2026-03-13 14:36:27,723][pcse.crop.phenology.Vernalisation][INFO] - Critical DVS for vernalization (VERNDVS) reached at day 1984-06-17, but vernalization requirements not yet fulfilled. Forcing vernalization now (VERN=47.688571).
[2026-03-13 14:36:27,740][pcse.crop.phenology.Vernalisation][INFO] - Critical DVS for vernalization (VERNDVS) reached at day 1984-06-18, but vernalization requirements not yet fulfilled. Forcing vernalization now (VERN=47.688571).
[2026-03-13 14:36:27,756][pcse.crop.phenology.Vernalisation][INFO] - Critical DVS for vernalization (VERNDVS) reached at day 1984-06-19, but vernalization requirements not yet fulfilled. Forcing vernalization now (VERN=47.688571).
[2026-03-13 14:36:27,772][pcse.crop.phenology.Vernalisation][INFO] - Critical DVS for vernalization (VERNDVS) reached at day 1984-06-20, but vernalization requirements not yet fulfilled. Forcing vernalization now (VERN=47.688571).
[2026-03-13 14:36:27,788][pcse.crop.phenology.Vernalisation][INFO] - Critical DVS for vernalization (VERNDVS) reached at day 1984-06-21, but vernalization requirements not yet fulfilled. Forcing vernalization now (VERN=47.688571).
[2026-03-13 14:36:27,804][pcse.crop.phenology.Vernalisation][INFO] - Critical DVS for vernalization (VERNDVS) reached at day 1984-06-22, but vernalization requirements not yet fulfilled. Forcing vernalization now (VERN=47.688571).
[2026-03-13 14:36:27,820][pcse.crop.phenology.Vernalisation][INFO] - Critical DVS for vernalization (VERNDVS) reached at day 1984-06-23, but vernalization requirements not yet fulfilled. Forcing vernalization now (VERN=47.688571).
[2026-03-13 14:36:27,836][pcse.crop.phenology.Vernalisation][INFO] - Critical DVS for vernalization (VERNDVS) reached at day 1984-06-24, but vernalization requirements not yet fulfilled. Forcing vernalization now (VERN=47.688571).
[2026-03-13 14:36:27,852][pcse.crop.phenology.Vernalisation][INFO] - Critical DVS for vernalization (VERNDVS) reached at day 1984-06-25, but vernalization requirements not yet fulfilled. Forcing vernalization now (VERN=47.688571).
[2026-03-13 14:36:27,869][pcse.crop.phenology.Vernalisation][INFO] - Critical DVS for vernalization (VERNDVS) reached at day 1984-06-26, but vernalization requirements not yet fulfilled. Forcing vernalization now (VERN=47.688571).
[2026-03-13 14:36:27,885][pcse.crop.phenology.Vernalisation][INFO] - Critical DVS for vernalization (VERNDVS) reached at day 1984-06-27, but vernalization requirements not yet fulfilled. Forcing vernalization now (VERN=47.688571).
[2026-03-13 14:36:27,901][pcse.crop.phenology.Vernalisation][INFO] - Critical DVS for vernalization (VERNDVS) reached at day 1984-06-28, but vernalization requirements not yet fulfilled. Forcing vernalization now (VERN=47.688571).
[2026-03-13 14:36:27,916][pcse.crop.phenology.Vernalisation][INFO] - Critical DVS for vernalization (VERNDVS) reached at day 1984-06-29, but vernalization requirements not yet fulfilled. Forcing vernalization now (VERN=47.688571).
[2026-03-13 14:36:27,917][pcse.crop.phenology.Annual_Phenology][INFO] - Changed phenological stage 'vegetative' to 'reproductive' on 1984-06-29
[2026-03-13 14:36:29,128][pcse.crop.phenology.Annual_Phenology][INFO] - Changed phenological stage 'reproductive' to 'mature' on 1984-09-13
[2026-03-13 14:36:29,397][pcse.base.timer.Timer][INFO] - Reached end of simulation period as specified by END_DATE.
| train          | E: 76 | S: 18316 | R: -7614.5848 | TR: 57.7185 | TF: 512 | LR: 512 | NR: 0 | D: 04.1 s | TD: 00.0 s | BR: -21.2724 | ALOSS: 18284.3586 | CLOSS: 2923417.9562 | TLOSS: -314.2160 | TVAL: 0.3282 | AENT: -958.4988 | BCLOSS: 0.0000
[2026-03-13 14:36:29,404][pcse.agromanager.SoilCalendar][INFO] - Starting soil (oregon) with variation (oregon_1) on day 1984-02-01
[2026-03-13 14:36:29,407][pcse.agromanager.CropCalendar][INFO] - Starting crop (wheat) with variety (wheat_1) on day 1984-02-01
[2026-03-13 14:36:30,641][pcse.crop.phenology.Annual_Phenology][INFO] - Changed phenological stage 'emerging' to 'vegetative' on 1984-04-10
[2026-03-13 14:36:31,759][pcse.crop.phenology.Vernalisation][INFO] - Critical DVS for vernalization (VERNDVS) reached at day 1984-06-02, but vernalization requirements not yet fulfilled. Forcing vernalization now (VERN=47.688571).
[2026-03-13 14:36:31,774][pcse.crop.phenology.Vernalisation][INFO] - Critical DVS for vernalization (VERNDVS) reached at day 1984-06-03, but vernalization requirements not yet fulfilled. Forcing vernalization now (VERN=47.688571).
[2026-03-13 14:36:31,790][pcse.crop.phenology.Vernalisation][INFO] - Critical DVS for vernalization (VERNDVS) reached at day 1984-06-04, but vernalization requirements not yet fulfilled. Forcing vernalization now (VERN=47.688571).
[2026-03-13 14:36:31,805][pcse.crop.phenology.Vernalisation][INFO] - Critical DVS for vernalization (VERNDVS) reached at day 1984-06-05, but vernalization requirements not yet fulfilled. Forcing vernalization now (VERN=47.688571).
[2026-03-13 14:36:31,821][pcse.crop.phenology.Vernalisation][INFO] - Critical DVS for vernalization (VERNDVS) reached at day 1984-06-06, but vernalization requirements not yet fulfilled. Forcing vernalization now (VERN=47.688571).
[2026-03-13 14:36:31,836][pcse.crop.phenology.Vernalisation][INFO] - Critical DVS for vernalization (VERNDVS) reached at day 1984-06-07, but vernalization requirements not yet fulfilled. Forcing vernalization now (VERN=47.688571).
[2026-03-13 14:36:31,852][pcse.crop.phenology.Vernalisation][INFO] - Critical DVS for vernalization (VERNDVS) reached at day 1984-06-08, but vernalization requirements not yet fulfilled. Forcing vernalization now (VERN=47.688571).
[2026-03-13 14:36:31,867][pcse.crop.phenology.Vernalisation][INFO] - Critical DVS for vernalization (VERNDVS) reached at day 1984-06-09, but vernalization requirements not yet fulfilled. Forcing vernalization now (VERN=47.688571).
[2026-03-13 14:36:31,884][pcse.crop.phenology.Vernalisation][INFO] - Critical DVS for vernalization (VERNDVS) reached at day 1984-06-10, but vernalization requirements not yet fulfilled. Forcing vernalization now (VERN=47.688571).
[2026-03-13 14:36:31,900][pcse.crop.phenology.Vernalisation][INFO] - Critical DVS for vernalization (VERNDVS) reached at day 1984-06-11, but vernalization requirements not yet fulfilled. Forcing vernalization now (VERN=47.688571).
[2026-03-13 14:36:31,916][pcse.crop.phenology.Vernalisation][INFO] - Critical DVS for vernalization (VERNDVS) reached at day 1984-06-12, but vernalization requirements not yet fulfilled. Forcing vernalization now (VERN=47.688571).
[2026-03-13 14:36:31,931][pcse.crop.phenology.Vernalisation][INFO] - Critical DVS for vernalization (VERNDVS) reached at day 1984-06-13, but vernalization requirements not yet fulfilled. Forcing vernalization now (VERN=47.688571).
[2026-03-13 14:36:31,947][pcse.crop.phenology.Vernalisation][INFO] - Critical DVS for vernalization (VERNDVS) reached at day 1984-06-14, but vernalization requirements not yet fulfilled. Forcing vernalization now (VERN=47.688571).
[2026-03-13 14:36:31,963][pcse.crop.phenology.Vernalisation][INFO] - Critical DVS for vernalization (VERNDVS) reached at day 1984-06-15, but vernalization requirements not yet fulfilled. Forcing vernalization now (VERN=47.688571).
[2026-03-13 14:36:31,980][pcse.crop.phenology.Vernalisation][INFO] - Critical DVS for vernalization (VERNDVS) reached at day 1984-06-16, but vernalization requirements not yet fulfilled. Forcing vernalization now (VERN=47.688571).
[2026-03-13 14:36:31,995][pcse.crop.phenology.Vernalisation][INFO] - Critical DVS for vernalization (VERNDVS) reached at day 1984-06-17, but vernalization requirements not yet fulfilled. Forcing vernalization now (VERN=47.688571).
[2026-03-13 14:36:32,011][pcse.crop.phenology.Vernalisation][INFO] - Critical DVS for vernalization (VERNDVS) reached at day 1984-06-18, but vernalization requirements not yet fulfilled. Forcing vernalization now (VERN=47.688571).
[2026-03-13 14:36:32,026][pcse.crop.phenology.Vernalisation][INFO] - Critical DVS for vernalization (VERNDVS) reached at day 1984-06-19, but vernalization requirements not yet fulfilled. Forcing vernalization now (VERN=47.688571).
[2026-03-13 14:36:32,042][pcse.crop.phenology.Vernalisation][INFO] - Critical DVS for vernalization (VERNDVS) reached at day 1984-06-20, but vernalization requirements not yet fulfilled. Forcing vernalization now (VERN=47.688571).
[2026-03-13 14:36:32,058][pcse.crop.phenology.Vernalisation][INFO] - Critical DVS for vernalization (VERNDVS) reached at day 1984-06-21, but vernalization requirements not yet fulfilled. Forcing vernalization now (VERN=47.688571).
[2026-03-13 14:36:32,074][pcse.crop.phenology.Vernalisation][INFO] - Critical DVS for vernalization (VERNDVS) reached at day 1984-06-22, but vernalization requirements not yet fulfilled. Forcing vernalization now (VERN=47.688571).
[2026-03-13 14:36:32,090][pcse.crop.phenology.Vernalisation][INFO] - Critical DVS for vernalization (VERNDVS) reached at day 1984-06-23, but vernalization requirements not yet fulfilled. Forcing vernalization now (VERN=47.688571).
[2026-03-13 14:36:32,105][pcse.crop.phenology.Vernalisation][INFO] - Critical DVS for vernalization (VERNDVS) reached at day 1984-06-24, but vernalization requirements not yet fulfilled. Forcing vernalization now (VERN=47.688571).
[2026-03-13 14:36:32,121][pcse.crop.phenology.Vernalisation][INFO] - Critical DVS for vernalization (VERNDVS) reached at day 1984-06-25, but vernalization requirements not yet fulfilled. Forcing vernalization now (VERN=47.688571).
[2026-03-13 14:36:32,137][pcse.crop.phenology.Vernalisation][INFO] - Critical DVS for vernalization (VERNDVS) reached at day 1984-06-26, but vernalization requirements not yet fulfilled. Forcing vernalization now (VERN=47.688571).
[2026-03-13 14:36:32,152][pcse.crop.phenology.Vernalisation][INFO] - Critical DVS for vernalization (VERNDVS) reached at day 1984-06-27, but vernalization requirements not yet fulfilled. Forcing vernalization now (VERN=47.688571).
[2026-03-13 14:36:32,168][pcse.crop.phenology.Vernalisation][INFO] - Critical DVS for vernalization (VERNDVS) reached at day 1984-06-28, but vernalization requirements not yet fulfilled. Forcing vernalization now (VERN=47.688571).
[2026-03-13 14:36:32,183][pcse.crop.phenology.Vernalisation][INFO] - Critical DVS for vernalization (VERNDVS) reached at day 1984-06-29, but vernalization requirements not yet fulfilled. Forcing vernalization now (VERN=47.688571).
[2026-03-13 14:36:32,184][pcse.crop.phenology.Annual_Phenology][INFO] - Changed phenological stage 'vegetative' to 'reproductive' on 1984-06-29
[DBG] step=18500 r_hat=-56.196590
[2026-03-13 14:36:33,361][pcse.crop.phenology.Annual_Phenology][INFO] - Changed phenological stage 'reproductive' to 'mature' on 1984-09-13
[2026-03-13 14:36:33,623][pcse.base.timer.Timer][INFO] - Reached end of simulation period as specified by END_DATE.
| train          | E: 77 | S: 18557 | R: -7471.9809 | TR: 42.9541 | TF: 512 | LR: 512 | NR: 0 | D: 04.2 s | TD: 00.0 s | BR: -21.4505 | ALOSS: 18368.6854 | CLOSS: 2743835.5735 | TLOSS: -315.5807 | TVAL: 0.3356 | AENT: -941.4193 | BCLOSS: 0.0000
[2026-03-13 14:36:33,631][pcse.agromanager.SoilCalendar][INFO] - Starting soil (oregon) with variation (oregon_1) on day 1984-02-01
[2026-03-13 14:36:33,633][pcse.agromanager.CropCalendar][INFO] - Starting crop (wheat) with variety (wheat_1) on day 1984-02-01
[2026-03-13 14:36:35,286][pcse.crop.phenology.Annual_Phenology][INFO] - Changed phenological stage 'emerging' to 'vegetative' on 1984-04-10
[2026-03-13 14:36:36,105][pcse.crop.phenology.Vernalisation][INFO] - Critical DVS for vernalization (VERNDVS) reached at day 1984-06-02, but vernalization requirements not yet fulfilled. Forcing vernalization now (VERN=47.688571).
[2026-03-13 14:36:36,120][pcse.crop.phenology.Vernalisation][INFO] - Critical DVS for vernalization (VERNDVS) reached at day 1984-06-03, but vernalization requirements not yet fulfilled. Forcing vernalization now (VERN=47.688571).
[2026-03-13 14:36:36,136][pcse.crop.phenology.Vernalisation][INFO] - Critical DVS for vernalization (VERNDVS) reached at day 1984-06-04, but vernalization requirements not yet fulfilled. Forcing vernalization now (VERN=47.688571).
[2026-03-13 14:36:36,152][pcse.crop.phenology.Vernalisation][INFO] - Critical DVS for vernalization (VERNDVS) reached at day 1984-06-05, but vernalization requirements not yet fulfilled. Forcing vernalization now (VERN=47.688571).
[2026-03-13 14:36:36,167][pcse.crop.phenology.Vernalisation][INFO] - Critical DVS for vernalization (VERNDVS) reached at day 1984-06-06, but vernalization requirements not yet fulfilled. Forcing vernalization now (VERN=47.688571).
[2026-03-13 14:36:36,183][pcse.crop.phenology.Vernalisation][INFO] - Critical DVS for vernalization (VERNDVS) reached at day 1984-06-07, but vernalization requirements not yet fulfilled. Forcing vernalization now (VERN=47.688571).
[2026-03-13 14:36:36,199][pcse.crop.phenology.Vernalisation][INFO] - Critical DVS for vernalization (VERNDVS) reached at day 1984-06-08, but vernalization requirements not yet fulfilled. Forcing vernalization now (VERN=47.688571).
[2026-03-13 14:36:36,215][pcse.crop.phenology.Vernalisation][INFO] - Critical DVS for vernalization (VERNDVS) reached at day 1984-06-09, but vernalization requirements not yet fulfilled. Forcing vernalization now (VERN=47.688571).
[2026-03-13 14:36:36,231][pcse.crop.phenology.Vernalisation][INFO] - Critical DVS for vernalization (VERNDVS) reached at day 1984-06-10, but vernalization requirements not yet fulfilled. Forcing vernalization now (VERN=47.688571).
[2026-03-13 14:36:36,247][pcse.crop.phenology.Vernalisation][INFO] - Critical DVS for vernalization (VERNDVS) reached at day 1984-06-11, but vernalization requirements not yet fulfilled. Forcing vernalization now (VERN=47.688571).
[2026-03-13 14:36:36,263][pcse.crop.phenology.Vernalisation][INFO] - Critical DVS for vernalization (VERNDVS) reached at day 1984-06-12, but vernalization requirements not yet fulfilled. Forcing vernalization now (VERN=47.688571).
[2026-03-13 14:36:36,278][pcse.crop.phenology.Vernalisation][INFO] - Critical DVS for vernalization (VERNDVS) reached at day 1984-06-13, but vernalization requirements not yet fulfilled. Forcing vernalization now (VERN=47.688571).
[2026-03-13 14:36:36,294][pcse.crop.phenology.Vernalisation][INFO] - Critical DVS for vernalization (VERNDVS) reached at day 1984-06-14, but vernalization requirements not yet fulfilled. Forcing vernalization now (VERN=47.688571).
[2026-03-13 14:36:36,310][pcse.crop.phenology.Vernalisation][INFO] - Critical DVS for vernalization (VERNDVS) reached at day 1984-06-15, but vernalization requirements not yet fulfilled. Forcing vernalization now (VERN=47.688571).
[2026-03-13 14:36:36,325][pcse.crop.phenology.Vernalisation][INFO] - Critical DVS for vernalization (VERNDVS) reached at day 1984-06-16, but vernalization requirements not yet fulfilled. Forcing vernalization now (VERN=47.688571).
[2026-03-13 14:36:36,341][pcse.crop.phenology.Vernalisation][INFO] - Critical DVS for vernalization (VERNDVS) reached at day 1984-06-17, but vernalization requirements not yet fulfilled. Forcing vernalization now (VERN=47.688571).
[2026-03-13 14:36:36,357][pcse.crop.phenology.Vernalisation][INFO] - Critical DVS for vernalization (VERNDVS) reached at day 1984-06-18, but vernalization requirements not yet fulfilled. Forcing vernalization now (VERN=47.688571).
[2026-03-13 14:36:36,372][pcse.crop.phenology.Vernalisation][INFO] - Critical DVS for vernalization (VERNDVS) reached at day 1984-06-19, but vernalization requirements not yet fulfilled. Forcing vernalization now (VERN=47.688571).
[2026-03-13 14:36:36,388][pcse.crop.phenology.Vernalisation][INFO] - Critical DVS for vernalization (VERNDVS) reached at day 1984-06-20, but vernalization requirements not yet fulfilled. Forcing vernalization now (VERN=47.688571).
[2026-03-13 14:36:36,404][pcse.crop.phenology.Vernalisation][INFO] - Critical DVS for vernalization (VERNDVS) reached at day 1984-06-21, but vernalization requirements not yet fulfilled. Forcing vernalization now (VERN=47.688571).
[2026-03-13 14:36:36,419][pcse.crop.phenology.Vernalisation][INFO] - Critical DVS for vernalization (VERNDVS) reached at day 1984-06-22, but vernalization requirements not yet fulfilled. Forcing vernalization now (VERN=47.688571).
[2026-03-13 14:36:36,435][pcse.crop.phenology.Vernalisation][INFO] - Critical DVS for vernalization (VERNDVS) reached at day 1984-06-23, but vernalization requirements not yet fulfilled. Forcing vernalization now (VERN=47.688571).
[2026-03-13 14:36:36,450][pcse.crop.phenology.Vernalisation][INFO] - Critical DVS for vernalization (VERNDVS) reached at day 1984-06-24, but vernalization requirements not yet fulfilled. Forcing vernalization now (VERN=47.688571).
[2026-03-13 14:36:36,466][pcse.crop.phenology.Vernalisation][INFO] - Critical DVS for vernalization (VERNDVS) reached at day 1984-06-25, but vernalization requirements not yet fulfilled. Forcing vernalization now (VERN=47.688571).
[2026-03-13 14:36:36,481][pcse.crop.phenology.Vernalisation][INFO] - Critical DVS for vernalization (VERNDVS) reached at day 1984-06-26, but vernalization requirements not yet fulfilled. Forcing vernalization now (VERN=47.688571).
[2026-03-13 14:36:36,497][pcse.crop.phenology.Vernalisation][INFO] - Critical DVS for vernalization (VERNDVS) reached at day 1984-06-27, but vernalization requirements not yet fulfilled. Forcing vernalization now (VERN=47.688571).
[2026-03-13 14:36:36,512][pcse.crop.phenology.Vernalisation][INFO] - Critical DVS for vernalization (VERNDVS) reached at day 1984-06-28, but vernalization requirements not yet fulfilled. Forcing vernalization now (VERN=47.688571).
[2026-03-13 14:36:36,528][pcse.crop.phenology.Vernalisation][INFO] - Critical DVS for vernalization (VERNDVS) reached at day 1984-06-29, but vernalization requirements not yet fulfilled. Forcing vernalization now (VERN=47.688571).
[2026-03-13 14:36:36,528][pcse.crop.phenology.Annual_Phenology][INFO] - Changed phenological stage 'vegetative' to 'reproductive' on 1984-06-29
[2026-03-13 14:36:37,706][pcse.crop.phenology.Annual_Phenology][INFO] - Changed phenological stage 'reproductive' to 'mature' on 1984-09-13
[2026-03-13 14:36:37,970][pcse.base.timer.Timer][INFO] - Reached end of simulation period as specified by END_DATE.
| train          | E: 78 | S: 18798 | R: -7459.9614 | TR: 22.1076 | TF: 512 | LR: 512 | NR: 0 | D: 04.3 s | TD: 00.0 s | BR: -21.4427 | ALOSS: 18437.2288 | CLOSS: 2779055.2463 | TLOSS: -310.8257 | TVAL: 0.3431 | AENT: -906.9535 | BCLOSS: 0.0000
[2026-03-13 14:36:37,977][pcse.agromanager.SoilCalendar][INFO] - Starting soil (oregon) with variation (oregon_1) on day 1984-02-01
[2026-03-13 14:36:37,980][pcse.agromanager.CropCalendar][INFO] - Starting crop (wheat) with variety (wheat_1) on day 1984-02-01
[2026-03-13 14:36:39,284][pcse.crop.phenology.Annual_Phenology][INFO] - Changed phenological stage 'emerging' to 'vegetative' on 1984-04-10
[2026-03-13 14:36:39,996][pcse.crop.phenology.Vernalisation][INFO] - Critical DVS for vernalization (VERNDVS) reached at day 1984-06-02, but vernalization requirements not yet fulfilled. Forcing vernalization now (VERN=47.688571).
[2026-03-13 14:36:40,010][pcse.crop.phenology.Vernalisation][INFO] - Critical DVS for vernalization (VERNDVS) reached at day 1984-06-03, but vernalization requirements not yet fulfilled. Forcing vernalization now (VERN=47.688571).
[2026-03-13 14:36:40,024][pcse.crop.phenology.Vernalisation][INFO] - Critical DVS for vernalization (VERNDVS) reached at day 1984-06-04, but vernalization requirements not yet fulfilled. Forcing vernalization now (VERN=47.688571).
[2026-03-13 14:36:40,037][pcse.crop.phenology.Vernalisation][INFO] - Critical DVS for vernalization (VERNDVS) reached at day 1984-06-05, but vernalization requirements not yet fulfilled. Forcing vernalization now (VERN=47.688571).
[2026-03-13 14:36:40,052][pcse.crop.phenology.Vernalisation][INFO] - Critical DVS for vernalization (VERNDVS) reached at day 1984-06-06, but vernalization requirements not yet fulfilled. Forcing vernalization now (VERN=47.688571).
[2026-03-13 14:36:40,065][pcse.crop.phenology.Vernalisation][INFO] - Critical DVS for vernalization (VERNDVS) reached at day 1984-06-07, but vernalization requirements not yet fulfilled. Forcing vernalization now (VERN=47.688571).
[2026-03-13 14:36:40,079][pcse.crop.phenology.Vernalisation][INFO] - Critical DVS for vernalization (VERNDVS) reached at day 1984-06-08, but vernalization requirements not yet fulfilled. Forcing vernalization now (VERN=47.688571).
[2026-03-13 14:36:40,092][pcse.crop.phenology.Vernalisation][INFO] - Critical DVS for vernalization (VERNDVS) reached at day 1984-06-09, but vernalization requirements not yet fulfilled. Forcing vernalization now (VERN=47.688571).
[2026-03-13 14:36:40,106][pcse.crop.phenology.Vernalisation][INFO] - Critical DVS for vernalization (VERNDVS) reached at day 1984-06-10, but vernalization requirements not yet fulfilled. Forcing vernalization now (VERN=47.688571).
[2026-03-13 14:36:40,120][pcse.crop.phenology.Vernalisation][INFO] - Critical DVS for vernalization (VERNDVS) reached at day 1984-06-11, but vernalization requirements not yet fulfilled. Forcing vernalization now (VERN=47.688571).
[2026-03-13 14:36:40,133][pcse.crop.phenology.Vernalisation][INFO] - Critical DVS for vernalization (VERNDVS) reached at day 1984-06-12, but vernalization requirements not yet fulfilled. Forcing vernalization now (VERN=47.688571).
[2026-03-13 14:36:40,147][pcse.crop.phenology.Vernalisation][INFO] - Critical DVS for vernalization (VERNDVS) reached at day 1984-06-13, but vernalization requirements not yet fulfilled. Forcing vernalization now (VERN=47.688571).
[2026-03-13 14:36:40,161][pcse.crop.phenology.Vernalisation][INFO] - Critical DVS for vernalization (VERNDVS) reached at day 1984-06-14, but vernalization requirements not yet fulfilled. Forcing vernalization now (VERN=47.688571).
[2026-03-13 14:36:40,175][pcse.crop.phenology.Vernalisation][INFO] - Critical DVS for vernalization (VERNDVS) reached at day 1984-06-15, but vernalization requirements not yet fulfilled. Forcing vernalization now (VERN=47.688571).
[2026-03-13 14:36:40,189][pcse.crop.phenology.Vernalisation][INFO] - Critical DVS for vernalization (VERNDVS) reached at day 1984-06-16, but vernalization requirements not yet fulfilled. Forcing vernalization now (VERN=47.688571).
[2026-03-13 14:36:40,203][pcse.crop.phenology.Vernalisation][INFO] - Critical DVS for vernalization (VERNDVS) reached at day 1984-06-17, but vernalization requirements not yet fulfilled. Forcing vernalization now (VERN=47.688571).
[2026-03-13 14:36:40,217][pcse.crop.phenology.Vernalisation][INFO] - Critical DVS for vernalization (VERNDVS) reached at day 1984-06-18, but vernalization requirements not yet fulfilled. Forcing vernalization now (VERN=47.688571).
[2026-03-13 14:36:40,231][pcse.crop.phenology.Vernalisation][INFO] - Critical DVS for vernalization (VERNDVS) reached at day 1984-06-19, but vernalization requirements not yet fulfilled. Forcing vernalization now (VERN=47.688571).
[2026-03-13 14:36:40,245][pcse.crop.phenology.Vernalisation][INFO] - Critical DVS for vernalization (VERNDVS) reached at day 1984-06-20, but vernalization requirements not yet fulfilled. Forcing vernalization now (VERN=47.688571).
[2026-03-13 14:36:40,259][pcse.crop.phenology.Vernalisation][INFO] - Critical DVS for vernalization (VERNDVS) reached at day 1984-06-21, but vernalization requirements not yet fulfilled. Forcing vernalization now (VERN=47.688571).
[2026-03-13 14:36:40,273][pcse.crop.phenology.Vernalisation][INFO] - Critical DVS for vernalization (VERNDVS) reached at day 1984-06-22, but vernalization requirements not yet fulfilled. Forcing vernalization now (VERN=47.688571).
[2026-03-13 14:36:40,287][pcse.crop.phenology.Vernalisation][INFO] - Critical DVS for vernalization (VERNDVS) reached at day 1984-06-23, but vernalization requirements not yet fulfilled. Forcing vernalization now (VERN=47.688571).
[2026-03-13 14:36:40,301][pcse.crop.phenology.Vernalisation][INFO] - Critical DVS for vernalization (VERNDVS) reached at day 1984-06-24, but vernalization requirements not yet fulfilled. Forcing vernalization now (VERN=47.688571).
[2026-03-13 14:36:40,315][pcse.crop.phenology.Vernalisation][INFO] - Critical DVS for vernalization (VERNDVS) reached at day 1984-06-25, but vernalization requirements not yet fulfilled. Forcing vernalization now (VERN=47.688571).
[2026-03-13 14:36:40,329][pcse.crop.phenology.Vernalisation][INFO] - Critical DVS for vernalization (VERNDVS) reached at day 1984-06-26, but vernalization requirements not yet fulfilled. Forcing vernalization now (VERN=47.688571).
[2026-03-13 14:36:40,343][pcse.crop.phenology.Vernalisation][INFO] - Critical DVS for vernalization (VERNDVS) reached at day 1984-06-27, but vernalization requirements not yet fulfilled. Forcing vernalization now (VERN=47.688571).
[2026-03-13 14:36:40,357][pcse.crop.phenology.Vernalisation][INFO] - Critical DVS for vernalization (VERNDVS) reached at day 1984-06-28, but vernalization requirements not yet fulfilled. Forcing vernalization now (VERN=47.688571).
[2026-03-13 14:36:40,371][pcse.crop.phenology.Vernalisation][INFO] - Critical DVS for vernalization (VERNDVS) reached at day 1984-06-29, but vernalization requirements not yet fulfilled. Forcing vernalization now (VERN=47.688571).
[2026-03-13 14:36:40,371][pcse.crop.phenology.Annual_Phenology][INFO] - Changed phenological stage 'vegetative' to 'reproductive' on 1984-06-29
[DBG] step=19000 r_hat=-59.677410
[2026-03-13 14:36:41,741][pcse.crop.phenology.Annual_Phenology][INFO] - Changed phenological stage 'reproductive' to 'mature' on 1984-09-13
[2026-03-13 14:36:41,976][pcse.base.timer.Timer][INFO] - Reached end of simulation period as specified by END_DATE.
| train          | E: 79 | S: 19039 | R: -7517.8217 | TR: 27.2508 | TF: 512 | LR: 512 | NR: 0 | D: 04.0 s | TD: 00.0 s | BR: -21.4765 | ALOSS: 18532.1374 | CLOSS: 2737851.8310 | TLOSS: -310.0566 | TVAL: 0.3507 | AENT: -885.1073 | BCLOSS: 0.0000
[2026-03-13 14:36:41,982][pcse.agromanager.SoilCalendar][INFO] - Starting soil (oregon) with variation (oregon_1) on day 1984-02-01
[2026-03-13 14:36:41,984][pcse.agromanager.CropCalendar][INFO] - Starting crop (wheat) with variety (wheat_1) on day 1984-02-01
[2026-03-13 14:36:43,013][pcse.crop.phenology.Annual_Phenology][INFO] - Changed phenological stage 'emerging' to 'vegetative' on 1984-04-10
[2026-03-13 14:36:43,726][pcse.crop.phenology.Vernalisation][INFO] - Critical DVS for vernalization (VERNDVS) reached at day 1984-06-02, but vernalization requirements not yet fulfilled. Forcing vernalization now (VERN=47.688571).
[2026-03-13 14:36:43,740][pcse.crop.phenology.Vernalisation][INFO] - Critical DVS for vernalization (VERNDVS) reached at day 1984-06-03, but vernalization requirements not yet fulfilled. Forcing vernalization now (VERN=47.688571).
[2026-03-13 14:36:43,753][pcse.crop.phenology.Vernalisation][INFO] - Critical DVS for vernalization (VERNDVS) reached at day 1984-06-04, but vernalization requirements not yet fulfilled. Forcing vernalization now (VERN=47.688571).
[2026-03-13 14:36:43,767][pcse.crop.phenology.Vernalisation][INFO] - Critical DVS for vernalization (VERNDVS) reached at day 1984-06-05, but vernalization requirements not yet fulfilled. Forcing vernalization now (VERN=47.688571).
[2026-03-13 14:36:43,780][pcse.crop.phenology.Vernalisation][INFO] - Critical DVS for vernalization (VERNDVS) reached at day 1984-06-06, but vernalization requirements not yet fulfilled. Forcing vernalization now (VERN=47.688571).
[2026-03-13 14:36:43,794][pcse.crop.phenology.Vernalisation][INFO] - Critical DVS for vernalization (VERNDVS) reached at day 1984-06-07, but vernalization requirements not yet fulfilled. Forcing vernalization now (VERN=47.688571).
[2026-03-13 14:36:43,808][pcse.crop.phenology.Vernalisation][INFO] - Critical DVS for vernalization (VERNDVS) reached at day 1984-06-08, but vernalization requirements not yet fulfilled. Forcing vernalization now (VERN=47.688571).
[2026-03-13 14:36:43,821][pcse.crop.phenology.Vernalisation][INFO] - Critical DVS for vernalization (VERNDVS) reached at day 1984-06-09, but vernalization requirements not yet fulfilled. Forcing vernalization now (VERN=47.688571).
[2026-03-13 14:36:43,835][pcse.crop.phenology.Vernalisation][INFO] - Critical DVS for vernalization (VERNDVS) reached at day 1984-06-10, but vernalization requirements not yet fulfilled. Forcing vernalization now (VERN=47.688571).
[2026-03-13 14:36:43,849][pcse.crop.phenology.Vernalisation][INFO] - Critical DVS for vernalization (VERNDVS) reached at day 1984-06-11, but vernalization requirements not yet fulfilled. Forcing vernalization now (VERN=47.688571).
[2026-03-13 14:36:43,862][pcse.crop.phenology.Vernalisation][INFO] - Critical DVS for vernalization (VERNDVS) reached at day 1984-06-12, but vernalization requirements not yet fulfilled. Forcing vernalization now (VERN=47.688571).
[2026-03-13 14:36:43,877][pcse.crop.phenology.Vernalisation][INFO] - Critical DVS for vernalization (VERNDVS) reached at day 1984-06-13, but vernalization requirements not yet fulfilled. Forcing vernalization now (VERN=47.688571).
[2026-03-13 14:36:43,891][pcse.crop.phenology.Vernalisation][INFO] - Critical DVS for vernalization (VERNDVS) reached at day 1984-06-14, but vernalization requirements not yet fulfilled. Forcing vernalization now (VERN=47.688571).
[2026-03-13 14:36:43,905][pcse.crop.phenology.Vernalisation][INFO] - Critical DVS for vernalization (VERNDVS) reached at day 1984-06-15, but vernalization requirements not yet fulfilled. Forcing vernalization now (VERN=47.688571).
[2026-03-13 14:36:43,919][pcse.crop.phenology.Vernalisation][INFO] - Critical DVS for vernalization (VERNDVS) reached at day 1984-06-16, but vernalization requirements not yet fulfilled. Forcing vernalization now (VERN=47.688571).
[2026-03-13 14:36:43,933][pcse.crop.phenology.Vernalisation][INFO] - Critical DVS for vernalization (VERNDVS) reached at day 1984-06-17, but vernalization requirements not yet fulfilled. Forcing vernalization now (VERN=47.688571).
[2026-03-13 14:36:43,947][pcse.crop.phenology.Vernalisation][INFO] - Critical DVS for vernalization (VERNDVS) reached at day 1984-06-18, but vernalization requirements not yet fulfilled. Forcing vernalization now (VERN=47.688571).
[2026-03-13 14:36:43,961][pcse.crop.phenology.Vernalisation][INFO] - Critical DVS for vernalization (VERNDVS) reached at day 1984-06-19, but vernalization requirements not yet fulfilled. Forcing vernalization now (VERN=47.688571).
[2026-03-13 14:36:43,975][pcse.crop.phenology.Vernalisation][INFO] - Critical DVS for vernalization (VERNDVS) reached at day 1984-06-20, but vernalization requirements not yet fulfilled. Forcing vernalization now (VERN=47.688571).
[2026-03-13 14:36:43,989][pcse.crop.phenology.Vernalisation][INFO] - Critical DVS for vernalization (VERNDVS) reached at day 1984-06-21, but vernalization requirements not yet fulfilled. Forcing vernalization now (VERN=47.688571).
[2026-03-13 14:36:44,003][pcse.crop.phenology.Vernalisation][INFO] - Critical DVS for vernalization (VERNDVS) reached at day 1984-06-22, but vernalization requirements not yet fulfilled. Forcing vernalization now (VERN=47.688571).
[2026-03-13 14:36:44,017][pcse.crop.phenology.Vernalisation][INFO] - Critical DVS for vernalization (VERNDVS) reached at day 1984-06-23, but vernalization requirements not yet fulfilled. Forcing vernalization now (VERN=47.688571).
[2026-03-13 14:36:44,031][pcse.crop.phenology.Vernalisation][INFO] - Critical DVS for vernalization (VERNDVS) reached at day 1984-06-24, but vernalization requirements not yet fulfilled. Forcing vernalization now (VERN=47.688571).
[2026-03-13 14:36:44,045][pcse.crop.phenology.Vernalisation][INFO] - Critical DVS for vernalization (VERNDVS) reached at day 1984-06-25, but vernalization requirements not yet fulfilled. Forcing vernalization now (VERN=47.688571).
[2026-03-13 14:36:44,059][pcse.crop.phenology.Vernalisation][INFO] - Critical DVS for vernalization (VERNDVS) reached at day 1984-06-26, but vernalization requirements not yet fulfilled. Forcing vernalization now (VERN=47.688571).
[2026-03-13 14:36:44,073][pcse.crop.phenology.Vernalisation][INFO] - Critical DVS for vernalization (VERNDVS) reached at day 1984-06-27, but vernalization requirements not yet fulfilled. Forcing vernalization now (VERN=47.688571).
[2026-03-13 14:36:44,087][pcse.crop.phenology.Vernalisation][INFO] - Critical DVS for vernalization (VERNDVS) reached at day 1984-06-28, but vernalization requirements not yet fulfilled. Forcing vernalization now (VERN=47.688571).
[2026-03-13 14:36:44,101][pcse.crop.phenology.Vernalisation][INFO] - Critical DVS for vernalization (VERNDVS) reached at day 1984-06-29, but vernalization requirements not yet fulfilled. Forcing vernalization now (VERN=47.688571).
[2026-03-13 14:36:44,101][pcse.crop.phenology.Annual_Phenology][INFO] - Changed phenological stage 'vegetative' to 'reproductive' on 1984-06-29
[2026-03-13 14:36:45,291][pcse.crop.phenology.Annual_Phenology][INFO] - Changed phenological stage 'reproductive' to 'mature' on 1984-09-13
[2026-03-13 14:36:45,525][pcse.base.timer.Timer][INFO] - Reached end of simulation period as specified by END_DATE.
| train          | E: 80 | S: 19280 | R: -7672.3385 | TR: 44.9050 | TF: 512 | LR: 512 | NR: 0 | D: 03.5 s | TD: 00.0 s | BR: -21.8129 | ALOSS: 18626.0069 | CLOSS: 2792099.3015 | TLOSS: -309.6417 | TVAL: 0.3585 | AENT: -864.8032 | BCLOSS: 0.0000
[2026-03-13 14:36:45,529][pcse.agromanager.SoilCalendar][INFO] - Starting soil (oregon) with variation (oregon_1) on day 1984-02-01
[2026-03-13 14:36:45,531][pcse.agromanager.CropCalendar][INFO] - Starting crop (wheat) with variety (wheat_1) on day 1984-02-01
[2026-03-13 14:36:46,560][pcse.crop.phenology.Annual_Phenology][INFO] - Changed phenological stage 'emerging' to 'vegetative' on 1984-04-10
[2026-03-13 14:36:47,635][pcse.crop.phenology.Vernalisation][INFO] - Critical DVS for vernalization (VERNDVS) reached at day 1984-06-02, but vernalization requirements not yet fulfilled. Forcing vernalization now (VERN=47.688571).
[2026-03-13 14:36:47,653][pcse.crop.phenology.Vernalisation][INFO] - Critical DVS for vernalization (VERNDVS) reached at day 1984-06-03, but vernalization requirements not yet fulfilled. Forcing vernalization now (VERN=47.688571).
[2026-03-13 14:36:47,680][pcse.crop.phenology.Vernalisation][INFO] - Critical DVS for vernalization (VERNDVS) reached at day 1984-06-04, but vernalization requirements not yet fulfilled. Forcing vernalization now (VERN=47.688571).
[2026-03-13 14:36:47,704][pcse.crop.phenology.Vernalisation][INFO] - Critical DVS for vernalization (VERNDVS) reached at day 1984-06-05, but vernalization requirements not yet fulfilled. Forcing vernalization now (VERN=47.688571).
[2026-03-13 14:36:47,718][pcse.crop.phenology.Vernalisation][INFO] - Critical DVS for vernalization (VERNDVS) reached at day 1984-06-06, but vernalization requirements not yet fulfilled. Forcing vernalization now (VERN=47.688571).
[2026-03-13 14:36:47,733][pcse.crop.phenology.Vernalisation][INFO] - Critical DVS for vernalization (VERNDVS) reached at day 1984-06-07, but vernalization requirements not yet fulfilled. Forcing vernalization now (VERN=47.688571).
[2026-03-13 14:36:47,748][pcse.crop.phenology.Vernalisation][INFO] - Critical DVS for vernalization (VERNDVS) reached at day 1984-06-08, but vernalization requirements not yet fulfilled. Forcing vernalization now (VERN=47.688571).
[2026-03-13 14:36:47,763][pcse.crop.phenology.Vernalisation][INFO] - Critical DVS for vernalization (VERNDVS) reached at day 1984-06-09, but vernalization requirements not yet fulfilled. Forcing vernalization now (VERN=47.688571).
[2026-03-13 14:36:47,777][pcse.crop.phenology.Vernalisation][INFO] - Critical DVS for vernalization (VERNDVS) reached at day 1984-06-10, but vernalization requirements not yet fulfilled. Forcing vernalization now (VERN=47.688571).
[2026-03-13 14:36:47,791][pcse.crop.phenology.Vernalisation][INFO] - Critical DVS for vernalization (VERNDVS) reached at day 1984-06-11, but vernalization requirements not yet fulfilled. Forcing vernalization now (VERN=47.688571).
[2026-03-13 14:36:47,805][pcse.crop.phenology.Vernalisation][INFO] - Critical DVS for vernalization (VERNDVS) reached at day 1984-06-12, but vernalization requirements not yet fulfilled. Forcing vernalization now (VERN=47.688571).
[2026-03-13 14:36:47,819][pcse.crop.phenology.Vernalisation][INFO] - Critical DVS for vernalization (VERNDVS) reached at day 1984-06-13, but vernalization requirements not yet fulfilled. Forcing vernalization now (VERN=47.688571).
[2026-03-13 14:36:47,833][pcse.crop.phenology.Vernalisation][INFO] - Critical DVS for vernalization (VERNDVS) reached at day 1984-06-14, but vernalization requirements not yet fulfilled. Forcing vernalization now (VERN=47.688571).
[2026-03-13 14:36:47,846][pcse.crop.phenology.Vernalisation][INFO] - Critical DVS for vernalization (VERNDVS) reached at day 1984-06-15, but vernalization requirements not yet fulfilled. Forcing vernalization now (VERN=47.688571).
[2026-03-13 14:36:47,860][pcse.crop.phenology.Vernalisation][INFO] - Critical DVS for vernalization (VERNDVS) reached at day 1984-06-16, but vernalization requirements not yet fulfilled. Forcing vernalization now (VERN=47.688571).
[2026-03-13 14:36:47,875][pcse.crop.phenology.Vernalisation][INFO] - Critical DVS for vernalization (VERNDVS) reached at day 1984-06-17, but vernalization requirements not yet fulfilled. Forcing vernalization now (VERN=47.688571).
[2026-03-13 14:36:47,890][pcse.crop.phenology.Vernalisation][INFO] - Critical DVS for vernalization (VERNDVS) reached at day 1984-06-18, but vernalization requirements not yet fulfilled. Forcing vernalization now (VERN=47.688571).
[2026-03-13 14:36:47,903][pcse.crop.phenology.Vernalisation][INFO] - Critical DVS for vernalization (VERNDVS) reached at day 1984-06-19, but vernalization requirements not yet fulfilled. Forcing vernalization now (VERN=47.688571).
[2026-03-13 14:36:47,918][pcse.crop.phenology.Vernalisation][INFO] - Critical DVS for vernalization (VERNDVS) reached at day 1984-06-20, but vernalization requirements not yet fulfilled. Forcing vernalization now (VERN=47.688571).
[2026-03-13 14:36:47,932][pcse.crop.phenology.Vernalisation][INFO] - Critical DVS for vernalization (VERNDVS) reached at day 1984-06-21, but vernalization requirements not yet fulfilled. Forcing vernalization now (VERN=47.688571).
[2026-03-13 14:36:47,947][pcse.crop.phenology.Vernalisation][INFO] - Critical DVS for vernalization (VERNDVS) reached at day 1984-06-22, but vernalization requirements not yet fulfilled. Forcing vernalization now (VERN=47.688571).
[2026-03-13 14:36:47,961][pcse.crop.phenology.Vernalisation][INFO] - Critical DVS for vernalization (VERNDVS) reached at day 1984-06-23, but vernalization requirements not yet fulfilled. Forcing vernalization now (VERN=47.688571).
[2026-03-13 14:36:47,974][pcse.crop.phenology.Vernalisation][INFO] - Critical DVS for vernalization (VERNDVS) reached at day 1984-06-24, but vernalization requirements not yet fulfilled. Forcing vernalization now (VERN=47.688571).
[2026-03-13 14:36:47,988][pcse.crop.phenology.Vernalisation][INFO] - Critical DVS for vernalization (VERNDVS) reached at day 1984-06-25, but vernalization requirements not yet fulfilled. Forcing vernalization now (VERN=47.688571).
[2026-03-13 14:36:48,002][pcse.crop.phenology.Vernalisation][INFO] - Critical DVS for vernalization (VERNDVS) reached at day 1984-06-26, but vernalization requirements not yet fulfilled. Forcing vernalization now (VERN=47.688571).
[2026-03-13 14:36:48,016][pcse.crop.phenology.Vernalisation][INFO] - Critical DVS for vernalization (VERNDVS) reached at day 1984-06-27, but vernalization requirements not yet fulfilled. Forcing vernalization now (VERN=47.688571).
[2026-03-13 14:36:48,031][pcse.crop.phenology.Vernalisation][INFO] - Critical DVS for vernalization (VERNDVS) reached at day 1984-06-28, but vernalization requirements not yet fulfilled. Forcing vernalization now (VERN=47.688571).
[2026-03-13 14:36:48,044][pcse.crop.phenology.Vernalisation][INFO] - Critical DVS for vernalization (VERNDVS) reached at day 1984-06-29, but vernalization requirements not yet fulfilled. Forcing vernalization now (VERN=47.688571).
[2026-03-13 14:36:48,044][pcse.crop.phenology.Annual_Phenology][INFO] - Changed phenological stage 'vegetative' to 'reproductive' on 1984-06-29
[DBG] step=19500 r_hat=-58.806255
[2026-03-13 14:36:49,084][pcse.crop.phenology.Annual_Phenology][INFO] - Changed phenological stage 'reproductive' to 'mature' on 1984-09-13
[2026-03-13 14:36:49,317][pcse.base.timer.Timer][INFO] - Reached end of simulation period as specified by END_DATE.
| train          | E: 81 | S: 19521 | R: -7633.5074 | TR: 51.4998 | TF: 512 | LR: 512 | NR: 0 | D: 03.8 s | TD: 00.0 s | BR: -21.8408 | ALOSS: 18691.2709 | CLOSS: 2895638.5259 | TLOSS: -295.3520 | TVAL: 0.3663 | AENT: -807.5385 | BCLOSS: 0.0000
[2026-03-13 14:36:49,322][pcse.agromanager.SoilCalendar][INFO] - Starting soil (oregon) with variation (oregon_1) on day 1984-02-01
[2026-03-13 14:36:49,324][pcse.agromanager.CropCalendar][INFO] - Starting crop (wheat) with variety (wheat_1) on day 1984-02-01
[2026-03-13 14:36:50,357][pcse.crop.phenology.Annual_Phenology][INFO] - Changed phenological stage 'emerging' to 'vegetative' on 1984-04-10
[2026-03-13 14:36:51,543][pcse.crop.phenology.Vernalisation][INFO] - Critical DVS for vernalization (VERNDVS) reached at day 1984-06-02, but vernalization requirements not yet fulfilled. Forcing vernalization now (VERN=47.688571).
[2026-03-13 14:36:51,560][pcse.crop.phenology.Vernalisation][INFO] - Critical DVS for vernalization (VERNDVS) reached at day 1984-06-03, but vernalization requirements not yet fulfilled. Forcing vernalization now (VERN=47.688571).
[2026-03-13 14:36:51,575][pcse.crop.phenology.Vernalisation][INFO] - Critical DVS for vernalization (VERNDVS) reached at day 1984-06-04, but vernalization requirements not yet fulfilled. Forcing vernalization now (VERN=47.688571).
[2026-03-13 14:36:51,591][pcse.crop.phenology.Vernalisation][INFO] - Critical DVS for vernalization (VERNDVS) reached at day 1984-06-05, but vernalization requirements not yet fulfilled. Forcing vernalization now (VERN=47.688571).
[2026-03-13 14:36:51,606][pcse.crop.phenology.Vernalisation][INFO] - Critical DVS for vernalization (VERNDVS) reached at day 1984-06-06, but vernalization requirements not yet fulfilled. Forcing vernalization now (VERN=47.688571).
[2026-03-13 14:36:51,622][pcse.crop.phenology.Vernalisation][INFO] - Critical DVS for vernalization (VERNDVS) reached at day 1984-06-07, but vernalization requirements not yet fulfilled. Forcing vernalization now (VERN=47.688571).
[2026-03-13 14:36:51,637][pcse.crop.phenology.Vernalisation][INFO] - Critical DVS for vernalization (VERNDVS) reached at day 1984-06-08, but vernalization requirements not yet fulfilled. Forcing vernalization now (VERN=47.688571).
[2026-03-13 14:36:51,653][pcse.crop.phenology.Vernalisation][INFO] - Critical DVS for vernalization (VERNDVS) reached at day 1984-06-09, but vernalization requirements not yet fulfilled. Forcing vernalization now (VERN=47.688571).
[2026-03-13 14:36:51,668][pcse.crop.phenology.Vernalisation][INFO] - Critical DVS for vernalization (VERNDVS) reached at day 1984-06-10, but vernalization requirements not yet fulfilled. Forcing vernalization now (VERN=47.688571).
[2026-03-13 14:36:51,684][pcse.crop.phenology.Vernalisation][INFO] - Critical DVS for vernalization (VERNDVS) reached at day 1984-06-11, but vernalization requirements not yet fulfilled. Forcing vernalization now (VERN=47.688571).
[2026-03-13 14:36:51,700][pcse.crop.phenology.Vernalisation][INFO] - Critical DVS for vernalization (VERNDVS) reached at day 1984-06-12, but vernalization requirements not yet fulfilled. Forcing vernalization now (VERN=47.688571).
[2026-03-13 14:36:51,715][pcse.crop.phenology.Vernalisation][INFO] - Critical DVS for vernalization (VERNDVS) reached at day 1984-06-13, but vernalization requirements not yet fulfilled. Forcing vernalization now (VERN=47.688571).
[2026-03-13 14:36:51,731][pcse.crop.phenology.Vernalisation][INFO] - Critical DVS for vernalization (VERNDVS) reached at day 1984-06-14, but vernalization requirements not yet fulfilled. Forcing vernalization now (VERN=47.688571).
[2026-03-13 14:36:51,746][pcse.crop.phenology.Vernalisation][INFO] - Critical DVS for vernalization (VERNDVS) reached at day 1984-06-15, but vernalization requirements not yet fulfilled. Forcing vernalization now (VERN=47.688571).
[2026-03-13 14:36:51,762][pcse.crop.phenology.Vernalisation][INFO] - Critical DVS for vernalization (VERNDVS) reached at day 1984-06-16, but vernalization requirements not yet fulfilled. Forcing vernalization now (VERN=47.688571).
[2026-03-13 14:36:51,778][pcse.crop.phenology.Vernalisation][INFO] - Critical DVS for vernalization (VERNDVS) reached at day 1984-06-17, but vernalization requirements not yet fulfilled. Forcing vernalization now (VERN=47.688571).
[2026-03-13 14:36:51,793][pcse.crop.phenology.Vernalisation][INFO] - Critical DVS for vernalization (VERNDVS) reached at day 1984-06-18, but vernalization requirements not yet fulfilled. Forcing vernalization now (VERN=47.688571).
[2026-03-13 14:36:51,809][pcse.crop.phenology.Vernalisation][INFO] - Critical DVS for vernalization (VERNDVS) reached at day 1984-06-19, but vernalization requirements not yet fulfilled. Forcing vernalization now (VERN=47.688571).
[2026-03-13 14:36:51,824][pcse.crop.phenology.Vernalisation][INFO] - Critical DVS for vernalization (VERNDVS) reached at day 1984-06-20, but vernalization requirements not yet fulfilled. Forcing vernalization now (VERN=47.688571).
[2026-03-13 14:36:51,840][pcse.crop.phenology.Vernalisation][INFO] - Critical DVS for vernalization (VERNDVS) reached at day 1984-06-21, but vernalization requirements not yet fulfilled. Forcing vernalization now (VERN=47.688571).
[2026-03-13 14:36:51,854][pcse.crop.phenology.Vernalisation][INFO] - Critical DVS for vernalization (VERNDVS) reached at day 1984-06-22, but vernalization requirements not yet fulfilled. Forcing vernalization now (VERN=47.688571).
[2026-03-13 14:36:51,868][pcse.crop.phenology.Vernalisation][INFO] - Critical DVS for vernalization (VERNDVS) reached at day 1984-06-23, but vernalization requirements not yet fulfilled. Forcing vernalization now (VERN=47.688571).
[2026-03-13 14:36:51,883][pcse.crop.phenology.Vernalisation][INFO] - Critical DVS for vernalization (VERNDVS) reached at day 1984-06-24, but vernalization requirements not yet fulfilled. Forcing vernalization now (VERN=47.688571).
[2026-03-13 14:36:51,899][pcse.crop.phenology.Vernalisation][INFO] - Critical DVS for vernalization (VERNDVS) reached at day 1984-06-25, but vernalization requirements not yet fulfilled. Forcing vernalization now (VERN=47.688571).
[2026-03-13 14:36:51,914][pcse.crop.phenology.Vernalisation][INFO] - Critical DVS for vernalization (VERNDVS) reached at day 1984-06-26, but vernalization requirements not yet fulfilled. Forcing vernalization now (VERN=47.688571).
[2026-03-13 14:36:51,930][pcse.crop.phenology.Vernalisation][INFO] - Critical DVS for vernalization (VERNDVS) reached at day 1984-06-27, but vernalization requirements not yet fulfilled. Forcing vernalization now (VERN=47.688571).
[2026-03-13 14:36:51,945][pcse.crop.phenology.Vernalisation][INFO] - Critical DVS for vernalization (VERNDVS) reached at day 1984-06-28, but vernalization requirements not yet fulfilled. Forcing vernalization now (VERN=47.688571).
[2026-03-13 14:36:51,961][pcse.crop.phenology.Vernalisation][INFO] - Critical DVS for vernalization (VERNDVS) reached at day 1984-06-29, but vernalization requirements not yet fulfilled. Forcing vernalization now (VERN=47.688571).
[2026-03-13 14:36:51,961][pcse.crop.phenology.Annual_Phenology][INFO] - Changed phenological stage 'vegetative' to 'reproductive' on 1984-06-29
[2026-03-13 14:36:53,134][pcse.crop.phenology.Annual_Phenology][INFO] - Changed phenological stage 'reproductive' to 'mature' on 1984-09-13
[2026-03-13 14:36:53,401][pcse.base.timer.Timer][INFO] - Reached end of simulation period as specified by END_DATE.
| train          | E: 82 | S: 19762 | R: -7386.3097 | TR: 57.7185 | TF: 512 | LR: 512 | NR: 0 | D: 04.1 s | TD: 00.0 s | BR: -21.8744 | ALOSS: 18839.0090 | CLOSS: 3353199.8762 | TLOSS: -316.6474 | TVAL: 0.3742 | AENT: -847.3862 | BCLOSS: 0.0000
[2026-03-13 14:36:53,408][pcse.agromanager.SoilCalendar][INFO] - Starting soil (oregon) with variation (oregon_1) on day 1984-02-01
[2026-03-13 14:36:53,411][pcse.agromanager.CropCalendar][INFO] - Starting crop (wheat) with variety (wheat_1) on day 1984-02-01
[2026-03-13 14:36:54,968][pcse.crop.phenology.Annual_Phenology][INFO] - Changed phenological stage 'emerging' to 'vegetative' on 1984-04-10
[2026-03-13 14:36:55,678][pcse.crop.phenology.Vernalisation][INFO] - Critical DVS for vernalization (VERNDVS) reached at day 1984-06-02, but vernalization requirements not yet fulfilled. Forcing vernalization now (VERN=47.688571).
[2026-03-13 14:36:55,692][pcse.crop.phenology.Vernalisation][INFO] - Critical DVS for vernalization (VERNDVS) reached at day 1984-06-03, but vernalization requirements not yet fulfilled. Forcing vernalization now (VERN=47.688571).
[2026-03-13 14:36:55,705][pcse.crop.phenology.Vernalisation][INFO] - Critical DVS for vernalization (VERNDVS) reached at day 1984-06-04, but vernalization requirements not yet fulfilled. Forcing vernalization now (VERN=47.688571).
[2026-03-13 14:36:55,719][pcse.crop.phenology.Vernalisation][INFO] - Critical DVS for vernalization (VERNDVS) reached at day 1984-06-05, but vernalization requirements not yet fulfilled. Forcing vernalization now (VERN=47.688571).
[2026-03-13 14:36:55,732][pcse.crop.phenology.Vernalisation][INFO] - Critical DVS for vernalization (VERNDVS) reached at day 1984-06-06, but vernalization requirements not yet fulfilled. Forcing vernalization now (VERN=47.688571).
[2026-03-13 14:36:55,746][pcse.crop.phenology.Vernalisation][INFO] - Critical DVS for vernalization (VERNDVS) reached at day 1984-06-07, but vernalization requirements not yet fulfilled. Forcing vernalization now (VERN=47.688571).
[2026-03-13 14:36:55,760][pcse.crop.phenology.Vernalisation][INFO] - Critical DVS for vernalization (VERNDVS) reached at day 1984-06-08, but vernalization requirements not yet fulfilled. Forcing vernalization now (VERN=47.688571).
[2026-03-13 14:36:55,773][pcse.crop.phenology.Vernalisation][INFO] - Critical DVS for vernalization (VERNDVS) reached at day 1984-06-09, but vernalization requirements not yet fulfilled. Forcing vernalization now (VERN=47.688571).
[2026-03-13 14:36:55,787][pcse.crop.phenology.Vernalisation][INFO] - Critical DVS for vernalization (VERNDVS) reached at day 1984-06-10, but vernalization requirements not yet fulfilled. Forcing vernalization now (VERN=47.688571).
[2026-03-13 14:36:55,801][pcse.crop.phenology.Vernalisation][INFO] - Critical DVS for vernalization (VERNDVS) reached at day 1984-06-11, but vernalization requirements not yet fulfilled. Forcing vernalization now (VERN=47.688571).
[2026-03-13 14:36:55,815][pcse.crop.phenology.Vernalisation][INFO] - Critical DVS for vernalization (VERNDVS) reached at day 1984-06-12, but vernalization requirements not yet fulfilled. Forcing vernalization now (VERN=47.688571).
[2026-03-13 14:36:55,829][pcse.crop.phenology.Vernalisation][INFO] - Critical DVS for vernalization (VERNDVS) reached at day 1984-06-13, but vernalization requirements not yet fulfilled. Forcing vernalization now (VERN=47.688571).
[2026-03-13 14:36:55,843][pcse.crop.phenology.Vernalisation][INFO] - Critical DVS for vernalization (VERNDVS) reached at day 1984-06-14, but vernalization requirements not yet fulfilled. Forcing vernalization now (VERN=47.688571).
[2026-03-13 14:36:55,857][pcse.crop.phenology.Vernalisation][INFO] - Critical DVS for vernalization (VERNDVS) reached at day 1984-06-15, but vernalization requirements not yet fulfilled. Forcing vernalization now (VERN=47.688571).
[2026-03-13 14:36:55,871][pcse.crop.phenology.Vernalisation][INFO] - Critical DVS for vernalization (VERNDVS) reached at day 1984-06-16, but vernalization requirements not yet fulfilled. Forcing vernalization now (VERN=47.688571).
[2026-03-13 14:36:55,884][pcse.crop.phenology.Vernalisation][INFO] - Critical DVS for vernalization (VERNDVS) reached at day 1984-06-17, but vernalization requirements not yet fulfilled. Forcing vernalization now (VERN=47.688571).
[2026-03-13 14:36:55,898][pcse.crop.phenology.Vernalisation][INFO] - Critical DVS for vernalization (VERNDVS) reached at day 1984-06-18, but vernalization requirements not yet fulfilled. Forcing vernalization now (VERN=47.688571).
[2026-03-13 14:36:55,911][pcse.crop.phenology.Vernalisation][INFO] - Critical DVS for vernalization (VERNDVS) reached at day 1984-06-19, but vernalization requirements not yet fulfilled. Forcing vernalization now (VERN=47.688571).
[2026-03-13 14:36:55,925][pcse.crop.phenology.Vernalisation][INFO] - Critical DVS for vernalization (VERNDVS) reached at day 1984-06-20, but vernalization requirements not yet fulfilled. Forcing vernalization now (VERN=47.688571).
[2026-03-13 14:36:55,939][pcse.crop.phenology.Vernalisation][INFO] - Critical DVS for vernalization (VERNDVS) reached at day 1984-06-21, but vernalization requirements not yet fulfilled. Forcing vernalization now (VERN=47.688571).
[2026-03-13 14:36:55,952][pcse.crop.phenology.Vernalisation][INFO] - Critical DVS for vernalization (VERNDVS) reached at day 1984-06-22, but vernalization requirements not yet fulfilled. Forcing vernalization now (VERN=47.688571).
[2026-03-13 14:36:55,966][pcse.crop.phenology.Vernalisation][INFO] - Critical DVS for vernalization (VERNDVS) reached at day 1984-06-23, but vernalization requirements not yet fulfilled. Forcing vernalization now (VERN=47.688571).
[2026-03-13 14:36:55,979][pcse.crop.phenology.Vernalisation][INFO] - Critical DVS for vernalization (VERNDVS) reached at day 1984-06-24, but vernalization requirements not yet fulfilled. Forcing vernalization now (VERN=47.688571).
[2026-03-13 14:36:55,993][pcse.crop.phenology.Vernalisation][INFO] - Critical DVS for vernalization (VERNDVS) reached at day 1984-06-25, but vernalization requirements not yet fulfilled. Forcing vernalization now (VERN=47.688571).
[2026-03-13 14:36:56,006][pcse.crop.phenology.Vernalisation][INFO] - Critical DVS for vernalization (VERNDVS) reached at day 1984-06-26, but vernalization requirements not yet fulfilled. Forcing vernalization now (VERN=47.688571).
[2026-03-13 14:36:56,019][pcse.crop.phenology.Vernalisation][INFO] - Critical DVS for vernalization (VERNDVS) reached at day 1984-06-27, but vernalization requirements not yet fulfilled. Forcing vernalization now (VERN=47.688571).
[2026-03-13 14:36:56,033][pcse.crop.phenology.Vernalisation][INFO] - Critical DVS for vernalization (VERNDVS) reached at day 1984-06-28, but vernalization requirements not yet fulfilled. Forcing vernalization now (VERN=47.688571).
[2026-03-13 14:36:56,047][pcse.crop.phenology.Vernalisation][INFO] - Critical DVS for vernalization (VERNDVS) reached at day 1984-06-29, but vernalization requirements not yet fulfilled. Forcing vernalization now (VERN=47.688571).
[2026-03-13 14:36:56,047][pcse.crop.phenology.Annual_Phenology][INFO] - Changed phenological stage 'vegetative' to 'reproductive' on 1984-06-29
[2026-03-13 14:36:57,067][pcse.crop.phenology.Annual_Phenology][INFO] - Changed phenological stage 'reproductive' to 'mature' on 1984-09-13
